# WaveFront *.obj file (generated by Autodesk ATF)

mtllib adapter_visual.mtl

g Adapter

v -25.950000 -2.391480 -3.165151
v -25.950000 -2.456822 -3.331638
v -25.950000 -2.470187 -3.509989
v -25.950000 -2.430389 -3.684355
v -25.950000 -2.340964 -3.839244
v -25.950000 -2.209857 -3.960894
v -25.950000 -2.048718 -4.038494
v -25.950000 -1.871865 -4.065151
v -25.950000 -1.695012 -4.038494
v -25.950000 -1.533873 -3.960894
v -25.950000 -1.402766 -3.839244
v -25.950000 -1.313341 -3.684355
v -25.950000 -1.273543 -3.509989
v -25.950000 -1.286908 -3.331638
v -25.950000 -1.352250 -3.165151
v -25.950000 -1.463761 -3.025319
v -25.950000 -1.611535 -2.924569
v -25.950000 -1.782440 -2.871852
v -25.950000 -1.961290 -2.871852
v -25.950000 -2.132195 -2.924569
v -25.950000 -2.279969 -3.025319
v -27.080000 -2.391480 -3.165151
v -27.080000 -2.279969 -3.025319
v -27.080000 -2.132195 -2.924569
v -27.080000 -1.961290 -2.871852
v -27.080000 -1.782440 -2.871852
v -27.080000 -1.611535 -2.924569
v -27.080000 -1.463761 -3.025319
v -27.080000 -1.352250 -3.165151
v -27.080000 -1.286908 -3.331638
v -27.080000 -1.273543 -3.509989
v -27.080000 -1.313341 -3.684355
v -27.080000 -1.402766 -3.839244
v -27.080000 -1.533873 -3.960894
v -27.080000 -1.695012 -4.038494
v -27.080000 -1.871865 -4.065151
v -27.080000 -2.048718 -4.038494
v -27.080000 -2.209857 -3.960894
v -27.080000 -2.340964 -3.839244
v -27.080000 -2.430389 -3.684355
v -27.080000 -2.470187 -3.509989
v -27.080000 -2.456822 -3.331638
v -25.950000 -3.809715 2.039955
v -25.950000 -3.875057 1.873467
v -25.950000 -3.888422 1.695117
v -25.950000 -3.848624 1.520750
v -25.950000 -3.759199 1.365861
v -25.950000 -3.628092 1.244212
v -25.950000 -3.466953 1.166611
v -25.950000 -3.290100 1.139955
v -25.950000 -3.113247 1.166611
v -25.950000 -2.952108 1.244212
v -25.950000 -2.821001 1.365861
v -25.950000 -2.731576 1.520750
v -25.950000 -2.691778 1.695117
v -25.950000 -2.705143 1.873467
v -25.950000 -2.770485 2.039955
v -25.950000 -2.881996 2.179786
v -25.950000 -3.029770 2.280536
v -25.950000 -3.200675 2.333253
v -25.950000 -3.379525 2.333253
v -25.950000 -3.550430 2.280536
v -25.950000 -3.698204 2.179786
v -27.080000 -3.809715 2.039955
v -27.080000 -3.698204 2.179786
v -27.080000 -3.550430 2.280536
v -27.080000 -3.379525 2.333253
v -27.080000 -3.200675 2.333253
v -27.080000 -3.029770 2.280536
v -27.080000 -2.881996 2.179786
v -27.080000 -2.770485 2.039955
v -27.080000 -2.705143 1.873467
v -27.080000 -2.691778 1.695117
v -27.080000 -2.731576 1.520750
v -27.080000 -2.821001 1.365861
v -27.080000 -2.952108 1.244212
v -27.080000 -3.113247 1.166611
v -27.080000 -3.290100 1.139955
v -27.080000 -3.466953 1.166611
v -27.080000 -3.628092 1.244212
v -27.080000 -3.759199 1.365861
v -27.080000 -3.848624 1.520750
v -27.080000 -3.888422 1.695117
v -27.080000 -3.875057 1.873467
v -25.950000 2.813625 -1.746916
v -25.950000 2.748284 -1.913403
v -25.950000 2.734918 -2.091754
v -25.950000 2.774716 -2.266120
v -25.950000 2.864142 -2.421010
v -25.950000 2.995248 -2.542659
v -25.950000 3.156387 -2.620259
v -25.950000 3.333240 -2.646916
v -25.950000 3.510094 -2.620259
v -25.950000 3.671232 -2.542659
v -25.950000 3.802339 -2.421010
v -25.950000 3.891765 -2.266120
v -25.950000 3.931563 -2.091754
v -25.950000 3.918197 -1.913403
v -25.950000 3.852856 -1.746916
v -25.950000 3.741344 -1.607085
v -25.950000 3.593571 -1.506334
v -25.950000 3.422666 -1.453617
v -25.950000 3.243815 -1.453617
v -25.950000 3.072910 -1.506334
v -25.950000 2.925137 -1.607085
v -27.080000 2.813625 -1.746916
v -27.080000 2.925137 -1.607085
v -27.080000 3.072910 -1.506334
v -27.080000 3.243815 -1.453617
v -27.080000 3.422666 -1.453617
v -27.080000 3.593571 -1.506334
v -27.080000 3.741344 -1.607085
v -27.080000 3.852856 -1.746916
v -27.080000 3.918197 -1.913403
v -27.080000 3.931563 -2.091754
v -27.080000 3.891765 -2.266120
v -27.080000 3.802339 -2.421010
v -27.080000 3.671232 -2.542659
v -27.080000 3.510094 -2.620259
v -27.080000 3.333240 -2.646916
v -27.080000 3.156387 -2.620259
v -27.080000 2.995248 -2.542659
v -27.080000 2.864142 -2.421010
v -27.080000 2.774716 -2.266120
v -27.080000 2.734918 -2.091754
v -27.080000 2.748284 -1.913403
v -25.950000 1.395390 3.458190
v -25.950000 1.330049 3.291702
v -25.950000 1.316683 3.113352
v -25.950000 1.356481 2.938985
v -25.950000 1.445907 2.784096
v -25.950000 1.577013 2.662446
v -25.950000 1.738152 2.584846
v -25.950000 1.915006 2.558190
v -25.950000 2.091859 2.584846
v -25.950000 2.252998 2.662446
v -25.950000 2.384104 2.784096
v -25.950000 2.473530 2.938985
v -25.950000 2.513328 3.113352
v -25.950000 2.499962 3.291702
v -25.950000 2.434621 3.458190
v -25.950000 2.323109 3.598021
v -25.950000 2.175336 3.698771
v -25.950000 2.004431 3.751488
v -25.950000 1.825580 3.751488
v -25.950000 1.654675 3.698771
v -25.950000 1.506902 3.598021
v -27.080000 1.395390 3.458190
v -27.080000 1.506902 3.598021
v -27.080000 1.654675 3.698771
v -27.080000 1.825580 3.751488
v -27.080000 2.004431 3.751488
v -27.080000 2.175336 3.698771
v -27.080000 2.323109 3.598021
v -27.080000 2.434621 3.458190
v -27.080000 2.499962 3.291702
v -27.080000 2.513328 3.113352
v -27.080000 2.473530 2.938985
v -27.080000 2.384104 2.784096
v -27.080000 2.252998 2.662446
v -27.080000 2.091859 2.584846
v -27.080000 1.915006 2.558190
v -27.080000 1.738152 2.584846
v -27.080000 1.577013 2.662446
v -27.080000 1.445907 2.784096
v -27.080000 1.356481 2.938985
v -27.080000 1.316683 3.113352
v -27.080000 1.330049 3.291702
v -25.210000 -0.294086 -1.516546
v -25.324952 -0.317301 -1.510961
v -25.421785 -0.381693 -1.493243
v -25.486609 -0.474700 -1.461648
v -25.509995 -0.580713 -1.416350
v -25.487690 -0.682635 -1.362480
v -25.422745 -0.765592 -1.310183
v -25.325264 -0.819079 -1.271914
v -25.210000 -0.837525 -1.257809
v -25.094736 -0.819079 -1.271914
v -24.997255 -0.765592 -1.310183
v -24.932310 -0.682635 -1.362480
v -24.910005 -0.580713 -1.416350
v -24.933391 -0.474700 -1.461648
v -24.998215 -0.381693 -1.493243
v -25.095048 -0.317301 -1.510961
v -25.210000 -1.042853 -2.813448
v -25.095157 -1.064241 -2.804789
v -24.997944 -1.124511 -2.779299
v -24.932962 -1.213228 -2.738765
v -24.910000 -1.315910 -2.687168
v -24.932714 -1.416438 -2.631495
v -24.997727 -1.499921 -2.581132
v -25.095089 -1.554772 -2.545879
v -25.210000 -1.573865 -2.533189
v -25.324911 -1.554772 -2.545879
v -25.422273 -1.499921 -2.581132
v -25.487286 -1.416438 -2.631495
v -25.510000 -1.315910 -2.687168
v -25.487038 -1.213228 -2.738765
v -25.422056 -1.124511 -2.779299
v -25.324843 -1.064241 -2.804789
v -25.210000 0.548400 1.142682
v -25.325264 0.569838 1.133760
v -25.422745 0.629723 1.106574
v -25.487690 0.716492 1.060879
v -25.509995 0.814106 0.999547
v -25.486609 0.906341 0.930386
v -25.421785 0.980207 0.865637
v -25.324952 1.027747 0.818731
v -25.210000 1.044191 0.801419
v -25.095048 1.027747 0.818731
v -24.998215 0.980207 0.865637
v -24.933391 0.906341 0.930386
v -24.910005 0.814106 0.999547
v -24.932310 0.716492 1.060879
v -24.997255 0.629723 1.106574
v -25.094736 0.569838 1.133760
v -25.210000 1.284740 2.418061
v -25.095089 1.305277 2.407871
v -24.997727 1.363232 2.377995
v -24.932714 1.448590 2.330879
v -24.910000 1.547068 2.271655
v -24.932962 1.643094 2.208529
v -24.997944 1.722555 2.151964
v -25.095157 1.774766 2.112514
v -25.210000 1.792958 2.098321
v -25.324843 1.774766 2.112514
v -25.422056 1.722555 2.151964
v -25.487038 1.643094 2.208529
v -25.510000 1.547068 2.271655
v -25.487286 1.448590 2.330879
v -25.422273 1.363232 2.377995
v -25.324911 1.305277 2.407871
v -25.750000 2.502763 -1.585998
v -25.750000 2.273640 -1.924528
v -25.750000 1.998671 -2.227004
v -25.750000 1.683454 -2.487269
v -25.750000 1.334405 -2.700025
v -25.750000 0.958631 -2.860941
v -25.750000 0.563782 -2.966740
v -25.750000 0.157894 -3.015270
v -25.750000 -0.250769 -3.005542
v -25.750000 -0.653887 -2.937754
v -25.750000 -1.043256 -2.813287
v -25.750000 -1.410947 -2.634673
v -25.750000 -1.749477 -2.405550
v -25.750000 -2.051953 -2.130581
v -25.750000 -2.312218 -1.815364
v -25.750000 -2.524974 -1.466315
v -25.750000 -2.685890 -1.090542
v -25.750000 -2.791690 -0.695692
v -25.750000 -2.840220 -0.289804
v -25.750000 -2.830492 0.118858
v -25.750000 -2.762704 0.521977
v -25.750000 -2.638236 0.911345
v -25.750000 -2.459623 1.279037
v -25.750000 -2.230499 1.617567
v -25.750000 -1.955530 1.920043
v -25.750000 -1.640313 2.180308
v -25.750000 -1.291265 2.393064
v -25.750000 -0.915491 2.553980
v -25.750000 -0.520641 2.659780
v -25.750000 -0.114754 2.708309
v -25.750000 0.293909 2.698581
v -25.750000 0.697028 2.630794
v -25.750000 1.086396 2.506326
v -25.750000 1.454088 2.327713
v -25.750000 1.792617 2.098589
v -25.750000 2.095094 1.823620
v -25.750000 2.355359 1.508403
v -25.750000 2.568115 1.159355
v -25.750000 2.729031 0.783581
v -25.750000 2.834830 0.388731
v -25.750000 2.883360 -0.017157
v -25.750000 2.873632 -0.425819
v -25.750000 2.805844 -0.828938
v -25.750000 2.681377 -1.218306
v -25.950000 2.675968 -1.685998
v -25.950000 2.859923 -1.310283
v -25.950000 2.991004 -0.913020
v -25.950000 3.066771 -0.501608
v -25.950000 3.085811 -0.083710
v -25.950000 3.047770 0.332887
v -25.950000 2.953357 0.740425
v -25.950000 2.804330 1.131310
v -25.950000 2.603466 1.498263
v -25.950000 2.354505 1.834446
v -25.950000 2.062087 2.133599
v -25.950000 1.731658 2.390147
v -25.950000 1.369373 2.599312
v -25.950000 0.981980 2.757198
v -25.950000 0.576698 2.860864
v -25.950000 0.161074 2.908378
v -25.950000 -0.257148 2.898856
v -25.950000 -0.670179 2.832474
v -25.950000 -1.070323 2.710469
v -25.950000 -1.450128 2.535115
v -25.950000 -1.802517 2.309677
v -25.950000 -2.120927 2.038355
v -25.950000 -2.399427 1.726204
v -25.950000 -2.632828 1.379037
v -25.950000 -2.816782 1.003323
v -25.950000 -2.947864 0.606059
v -25.950000 -3.023630 0.194647
v -25.950000 -3.042670 -0.223250
v -25.950000 -3.004630 -0.639848
v -25.950000 -2.910216 -1.047385
v -25.950000 -2.761190 -1.438271
v -25.950000 -2.560325 -1.805224
v -25.950000 -2.311365 -2.141407
v -25.950000 -2.018946 -2.440559
v -25.950000 -1.688517 -2.697108
v -25.950000 -1.326232 -2.906273
v -25.950000 -0.938840 -3.064159
v -25.950000 -0.533557 -3.167825
v -25.950000 -0.117934 -3.215339
v -25.950000 0.300289 -3.205816
v -25.950000 0.713319 -3.139435
v -25.950000 1.113464 -3.017430
v -25.950000 1.493268 -2.842076
v -25.950000 1.845658 -2.616638
v -25.950000 2.164068 -2.345316
v -25.950000 2.442567 -2.033164
v -25.850000 1.467485 2.350918
v -25.923205 1.504088 2.414315
v -25.850000 1.684651 -2.519245
v -25.923205 -1.629146 -2.616521
v -25.850000 -2.867389 -0.282302
v -25.850000 2.476255 -1.682272
v -25.923205 2.538394 -1.720973
v -25.923205 2.724864 -1.371527
v -25.850000 2.658121 -1.341454
v -25.850000 2.250585 -1.995809
v -25.923205 2.307011 -2.042447
v -25.850000 1.985138 -2.276469
v -25.923205 2.034845 -2.330212
v -25.923205 1.726751 -2.579133
v -25.850000 1.000536 -2.874566
v -25.923205 1.025318 -2.943448
v -25.923205 1.388229 -2.784768
v -25.850000 1.354487 -2.719803
v -25.850000 0.629116 -2.980770
v -25.923205 0.644496 -3.052341
v -25.850000 0.246855 -3.036522
v -25.923205 0.252558 -3.109504
v -25.850000 -0.139427 -3.040825
v -25.923205 -0.143503 -3.113917
v -25.850000 -0.522836 -2.993604
v -25.923205 -0.536617 -3.065500
v -25.850000 -0.896530 -2.895701
v -25.923205 -0.919771 -2.965118
v -25.850000 -1.253840 -2.748862
v -25.923205 -1.286127 -2.814563
v -25.850000 -1.588391 -2.555709
v -25.850000 -1.894212 -2.319689
v -25.923205 -1.942709 -2.374525
v -25.850000 -2.165846 -2.045012
v -25.923205 -2.221219 -2.092895
v -25.850000 -2.398445 -1.736581
v -25.923205 -2.459706 -1.776656
v -25.850000 -2.587859 -1.399899
v -25.923205 -2.653915 -1.431451
v -25.850000 -2.730708 -1.040975
v -25.923205 -2.800380 -1.063441
v -25.850000 -2.824442 -0.666213
v -25.923205 -2.896487 -0.679193
v -25.923205 -2.940521 -0.285563
v -25.850000 -2.798776 0.485525
v -25.923205 -2.870171 0.501701
v -25.923205 -2.931697 0.110423
v -25.850000 -2.858782 0.103908
v -25.850000 -2.688440 0.855738
v -25.923205 -2.757043 0.881286
v -25.850000 -2.529745 1.207943
v -25.923205 -2.594330 1.242406
v -25.850000 -2.325520 1.535852
v -25.923205 -2.384936 1.578617
v -25.850000 -2.079412 1.833616
v -25.923205 -2.132598 1.883918
v -25.850000 -1.795812 2.095919
v -25.923205 -1.841818 2.152862
v -25.850000 -1.479781 2.318083
v -25.923205 -1.517787 2.380649
v -25.850000 -1.136958 2.496141
v -25.923205 -1.166286 2.563214
v -25.850000 -0.773461 2.626916
v -25.923205 -0.793587 2.697300
v -25.850000 -0.395777 2.708075
v -25.923205 -0.406342 2.780514
v -25.850000 -0.010645 2.738170
v -25.923205 -0.011461 2.811371
v -25.850000 0.375062 2.716663
v -25.923205 0.384010 2.789319
v -25.850000 0.754460 2.643938
v -25.923205 0.773013 2.714754
v -25.850000 1.120780 2.521294
v -25.923205 1.148606 2.589004
v -25.850000 1.788388 2.135851
v -25.923205 1.833114 2.193804
v -25.850000 2.077761 1.879930
v -25.923205 2.129812 1.931405
v -25.850000 2.330442 1.587724
v -25.923205 2.388890 1.631801
v -25.850000 2.541921 1.264445
v -25.923205 2.605722 1.300339
v -25.850000 2.708424 0.915864
v -25.923205 2.776440 0.942934
v -25.850000 2.826980 0.548200
v -25.923205 2.897997 0.565963
v -25.850000 2.895474 0.168015
v -25.923205 2.968225 0.176153
v -25.850000 2.912682 -0.217907
v -25.923205 2.985869 -0.219538
v -25.850000 2.878299 -0.602680
v -25.923205 2.950616 -0.614051
v -25.850000 2.792937 -0.979437
v -25.923205 2.863093 -1.000345
v -24.250000 2.502763 -1.585998
v -24.250000 2.273640 -1.924528
v -24.250000 1.998671 -2.227004
v -24.250000 1.683454 -2.487269
v -24.250000 1.334405 -2.700025
v -24.250000 0.958631 -2.860941
v -24.250000 0.563782 -2.966740
v -24.250000 0.157894 -3.015270
v -24.250000 -0.250769 -3.005542
v -24.250000 -0.653887 -2.937754
v -24.250000 -1.043256 -2.813287
v -24.250000 -1.410947 -2.634673
v -24.250000 -1.749477 -2.405550
v -24.250000 -2.051953 -2.130581
v -24.250000 -2.312218 -1.815364
v -24.250000 -2.524974 -1.466315
v -24.250000 -2.685890 -1.090542
v -24.250000 -2.791690 -0.695692
v -24.250000 -2.840220 -0.289804
v -24.250000 -2.830492 0.118858
v -24.250000 -2.762704 0.521977
v -24.250000 -2.638236 0.911345
v -24.250000 -2.459623 1.279037
v -24.250000 -2.230499 1.617567
v -24.250000 -1.955530 1.920043
v -24.250000 -1.640313 2.180308
v -24.250000 -1.291265 2.393064
v -24.250000 -0.915491 2.553980
v -24.250000 -0.520641 2.659780
v -24.250000 -0.114754 2.708309
v -24.250000 0.293909 2.698581
v -24.250000 0.697028 2.630794
v -24.250000 1.086396 2.506326
v -24.250000 1.454088 2.327713
v -24.250000 1.792617 2.098589
v -24.250000 2.095094 1.823620
v -24.250000 2.355359 1.508403
v -24.250000 2.568115 1.159355
v -24.250000 2.729031 0.783581
v -24.250000 2.834830 0.388731
v -24.250000 2.883360 -0.017157
v -24.250000 2.873632 -0.425819
v -24.250000 2.805844 -0.828938
v -24.250000 2.681377 -1.218306
v -25.950000 5.605269 -3.377230
v -25.950000 5.886423 -2.831869
v -25.950000 6.114463 -2.262251
v -25.950000 6.287325 -1.673536
v -25.950000 6.403444 -1.071055
v -25.950000 6.461767 -0.460265
v -25.950000 6.461767 0.153304
v -25.950000 6.403444 0.764095
v -25.950000 6.287325 1.366575
v -25.950000 6.114463 1.955290
v -25.950000 5.886423 2.524908
v -25.950000 5.605269 3.070270
v -25.950000 5.273549 3.586437
v -25.950000 4.894266 4.068734
v -25.950000 4.470855 4.512795
v -25.950000 4.007150 4.914597
v -25.950000 3.507352 5.270502
v -25.950000 2.975986 5.577286
v -25.950000 2.417864 5.832172
v -25.950000 1.838041 6.032851
v -25.950000 1.241768 6.177505
v -25.950000 0.634444 6.264825
v -25.950000 0.021570 6.294020
v -25.950000 -0.591304 6.264825
v -25.950000 -1.198627 6.177505
v -25.950000 -1.794900 6.032851
v -25.950000 -2.374723 5.832172
v -25.950000 -2.932845 5.577286
v -25.950000 -3.464211 5.270502
v -25.950000 -3.964010 4.914597
v -25.950000 -4.427714 4.512795
v -25.950000 -4.851125 4.068734
v -25.950000 -5.230408 3.586437
v -25.950000 -5.562129 3.070270
v -25.950000 -5.843282 2.524908
v -25.950000 -6.071323 1.955290
v -25.950000 -6.244185 1.366575
v -25.950000 -6.360303 0.764095
v -25.950000 -6.418627 0.153304
v -25.950000 -6.418627 -0.460265
v -25.950000 -6.360303 -1.071055
v -25.950000 -6.244185 -1.673536
v -25.950000 -6.071323 -2.262251
v -25.950000 -5.843282 -2.831869
v -25.950000 -5.562129 -3.377230
v -25.950000 -5.230408 -3.893397
v -25.950000 -4.851125 -4.375695
v -25.950000 -4.427714 -4.819756
v -25.950000 -3.964010 -5.221558
v -25.950000 -3.464211 -5.577463
v -25.950000 -2.932845 -5.884247
v -25.950000 -2.374723 -6.139133
v -25.950000 -1.794900 -6.339811
v -25.950000 -1.198627 -6.484466
v -25.950000 -0.591304 -6.571786
v -25.950000 0.021570 -6.600980
v -25.950000 0.634444 -6.571786
v -25.950000 1.241768 -6.484466
v -25.950000 1.838041 -6.339811
v -25.950000 2.417864 -6.139133
v -25.950000 2.975986 -5.884247
v -25.950000 3.507352 -5.577463
v -25.950000 4.007150 -5.221558
v -25.950000 4.470855 -4.819756
v -25.950000 4.894266 -4.375695
v -25.950000 5.273549 -3.893397
v -25.950000 -1.323745 5.318093
v -25.950000 -1.384139 5.257699
v -25.950000 -1.466639 5.235593
v -25.950000 -1.549139 5.257699
v -25.950000 -1.609533 5.318093
v -25.950000 -1.631639 5.400593
v -25.950000 -1.609533 5.483093
v -25.950000 -1.549139 5.543487
v -25.950000 -1.466639 5.565593
v -25.950000 -1.384139 5.543487
v -25.950000 -1.323745 5.483093
v -25.950000 -1.301639 5.400593
v -25.950000 -4.815182 2.639020
v -25.950000 -4.875576 2.578625
v -25.950000 -4.958076 2.556520
v -25.950000 -5.040576 2.578625
v -25.950000 -5.100970 2.639020
v -25.950000 -5.123076 2.721520
v -25.950000 -5.100970 2.804020
v -25.950000 -5.040576 2.864414
v -25.950000 -4.958076 2.886520
v -25.950000 -4.875576 2.864414
v -25.950000 -4.815182 2.804020
v -25.950000 -4.793076 2.721520
v -25.950000 -5.389609 -1.724190
v -25.950000 -5.450003 -1.784584
v -25.950000 -5.532503 -1.806690
v -25.950000 -5.615003 -1.784584
v -25.950000 -5.675397 -1.724190
v -25.950000 -5.697503 -1.641690
v -25.950000 -5.675397 -1.559190
v -25.950000 -5.615003 -1.498796
v -25.950000 -5.532503 -1.476690
v -25.950000 -5.450003 -1.498796
v -25.950000 -5.389609 -1.559190
v -25.950000 -5.367503 -1.641690
v -25.950000 -2.710536 -5.215626
v -25.950000 -2.770930 -5.276021
v -25.950000 -2.853430 -5.298126
v -25.950000 -2.935930 -5.276021
v -25.950000 -2.996324 -5.215626
v -25.950000 -3.018430 -5.133126
v -25.950000 -2.996324 -5.050626
v -25.950000 -2.935930 -4.990232
v -25.950000 -2.853430 -4.968126
v -25.950000 -2.770930 -4.990232
v -25.950000 -2.710536 -5.050626
v -25.950000 -2.688430 -5.133126
v -25.950000 1.652674 -5.790054
v -25.950000 1.592280 -5.850448
v -25.950000 1.509780 -5.872554
v -25.950000 1.427280 -5.850448
v -25.950000 1.366886 -5.790054
v -25.950000 1.344780 -5.707554
v -25.950000 1.366886 -5.625054
v -25.950000 1.427280 -5.564660
v -25.950000 1.509780 -5.542554
v -25.950000 1.592280 -5.564660
v -25.950000 1.652674 -5.625054
v -25.950000 1.674780 -5.707554
v -25.950000 5.144111 -3.110980
v -25.950000 5.083716 -3.171375
v -25.950000 5.001216 -3.193480
v -25.950000 4.918716 -3.171375
v -25.950000 4.858322 -3.110980
v -25.950000 4.836216 -3.028480
v -25.950000 4.858322 -2.945980
v -25.950000 4.918716 -2.885586
v -25.950000 5.001216 -2.863480
v -25.950000 5.083716 -2.885586
v -25.950000 5.144111 -2.945980
v -25.950000 5.166216 -3.028480
v -25.950000 5.718538 1.252229
v -25.950000 5.658144 1.191835
v -25.950000 5.575644 1.169729
v -25.950000 5.493144 1.191835
v -25.950000 5.432750 1.252229
v -25.950000 5.410644 1.334729
v -25.950000 5.432750 1.417229
v -25.950000 5.493144 1.477623
v -25.950000 5.575644 1.499729
v -25.950000 5.658144 1.477623
v -25.950000 5.718538 1.417229
v -25.950000 5.740644 1.334729
v -25.950000 3.039464 4.743666
v -25.950000 2.979070 4.683271
v -25.950000 2.896570 4.661166
v -25.950000 2.814070 4.683271
v -25.950000 2.753676 4.743666
v -25.950000 2.731570 4.826166
v -25.950000 2.753676 4.908666
v -25.950000 2.814070 4.969060
v -25.950000 2.896570 4.991166
v -25.950000 2.979070 4.969060
v -25.950000 3.039464 4.908666
v -25.950000 3.061570 4.826166
v -24.250000 1.233259 -0.853049
v -24.250000 1.349278 -0.594818
v -24.250000 1.410940 -0.318518
v -24.250000 1.415722 -0.035462
v -24.250000 1.363426 0.242763
v -24.250000 1.256195 0.504766
v -24.250000 1.098418 0.739819
v -24.250000 0.896555 0.938301
v -24.250000 0.658870 1.092086
v -24.250000 0.395094 1.194876
v -24.250000 0.116026 1.242465
v -24.250000 -0.166910 1.232904
v -24.250000 -0.442129 1.166584
v -24.250000 -0.698364 1.046220
v -24.250000 -0.925124 0.876741
v -24.250000 -1.113128 0.665084
v -24.250000 -1.254676 0.419915
v -24.250000 -1.343975 0.151271
v -24.250000 -1.377368 -0.129850
v -24.250000 -1.353488 -0.411938
v -24.250000 -1.273314 -0.683444
v -24.250000 -1.140126 -0.933254
v -24.250000 -0.959379 -1.151140
v -24.250000 -0.738472 -1.328181
v -24.250000 -0.486448 -1.457131
v -24.250000 -0.213626 -1.532708
v -24.250000 0.068825 -1.551820
v -24.250000 0.349341 -1.513683
v -24.250000 0.616439 -1.419860
v -24.250000 0.859182 -1.274191
v -24.250000 1.067634 -1.082640
v -25.950000 1.233259 -0.853049
v -25.950000 1.067634 -1.082640
v -25.950000 0.859182 -1.274191
v -25.950000 0.616439 -1.419860
v -25.950000 0.349341 -1.513683
v -25.950000 0.068825 -1.551820
v -25.950000 -0.213626 -1.532708
v -25.950000 -0.486448 -1.457131
v -25.950000 -0.738472 -1.328181
v -25.950000 -0.959379 -1.151140
v -25.950000 -1.140126 -0.933254
v -25.950000 -1.273314 -0.683444
v -25.950000 -1.353488 -0.411938
v -25.950000 -1.377368 -0.129850
v -25.950000 -1.343975 0.151271
v -25.950000 -1.254676 0.419915
v -25.950000 -1.113128 0.665084
v -25.950000 -0.925124 0.876741
v -25.950000 -0.698364 1.046220
v -25.950000 -0.442129 1.166584
v -25.950000 -0.166910 1.232904
v -25.950000 0.116026 1.242465
v -25.950000 0.395094 1.194876
v -25.950000 0.658870 1.092086
v -25.950000 0.896555 0.938301
v -25.950000 1.098418 0.739819
v -25.950000 1.256195 0.504766
v -25.950000 1.363426 0.242763
v -25.950000 1.415722 -0.035462
v -25.950000 1.410940 -0.318518
v -25.950000 1.349278 -0.594818
v -27.080000 3.039464 4.743666
v -27.080000 2.979070 4.683271
v -27.080000 2.896570 4.661166
v -27.080000 2.814070 4.683271
v -27.080000 2.753676 4.743666
v -27.080000 2.731570 4.826166
v -27.080000 2.753676 4.908666
v -27.080000 2.814070 4.969060
v -27.080000 2.896570 4.991166
v -27.080000 2.979070 4.969060
v -27.080000 3.039464 4.908666
v -27.080000 3.061570 4.826166
v -27.080000 5.718538 1.252229
v -27.080000 5.658144 1.191835
v -27.080000 5.575644 1.169729
v -27.080000 5.493144 1.191835
v -27.080000 5.432750 1.252229
v -27.080000 5.410644 1.334729
v -27.080000 5.432750 1.417229
v -27.080000 5.493144 1.477623
v -27.080000 5.575644 1.499729
v -27.080000 5.658144 1.477623
v -27.080000 5.718538 1.417229
v -27.080000 5.740644 1.334729
v -27.080000 5.144111 -3.110980
v -27.080000 5.083716 -3.171375
v -27.080000 5.001216 -3.193480
v -27.080000 4.918716 -3.171375
v -27.080000 4.858322 -3.110980
v -27.080000 4.836216 -3.028480
v -27.080000 4.858322 -2.945980
v -27.080000 4.918716 -2.885586
v -27.080000 5.001216 -2.863480
v -27.080000 5.083716 -2.885586
v -27.080000 5.144111 -2.945980
v -27.080000 5.166216 -3.028480
v -27.080000 1.652674 -5.790054
v -27.080000 1.592280 -5.850448
v -27.080000 1.509780 -5.872554
v -27.080000 1.427280 -5.850448
v -27.080000 1.366886 -5.790054
v -27.080000 1.344780 -5.707554
v -27.080000 1.366886 -5.625054
v -27.080000 1.427280 -5.564660
v -27.080000 1.509780 -5.542554
v -27.080000 1.592280 -5.564660
v -27.080000 1.652674 -5.625054
v -27.080000 1.674780 -5.707554
v -27.080000 -2.710536 -5.215626
v -27.080000 -2.770930 -5.276021
v -27.080000 -2.853430 -5.298126
v -27.080000 -2.935930 -5.276021
v -27.080000 -2.996324 -5.215626
v -27.080000 -3.018430 -5.133126
v -27.080000 -2.996324 -5.050626
v -27.080000 -2.935930 -4.990232
v -27.080000 -2.853430 -4.968126
v -27.080000 -2.770930 -4.990232
v -27.080000 -2.710536 -5.050626
v -27.080000 -2.688430 -5.133126
v -27.080000 -5.389609 -1.724190
v -27.080000 -5.450003 -1.784584
v -27.080000 -5.532503 -1.806690
v -27.080000 -5.615003 -1.784584
v -27.080000 -5.675397 -1.724190
v -27.080000 -5.697503 -1.641690
v -27.080000 -5.675397 -1.559190
v -27.080000 -5.615003 -1.498796
v -27.080000 -5.532503 -1.476690
v -27.080000 -5.450003 -1.498796
v -27.080000 -5.389609 -1.559190
v -27.080000 -5.367503 -1.641690
v -27.080000 -4.815182 2.639020
v -27.080000 -4.875576 2.578625
v -27.080000 -4.958076 2.556520
v -27.080000 -5.040576 2.578625
v -27.080000 -5.100970 2.639020
v -27.080000 -5.123076 2.721520
v -27.080000 -5.100970 2.804020
v -27.080000 -5.040576 2.864414
v -27.080000 -4.958076 2.886520
v -27.080000 -4.875576 2.864414
v -27.080000 -4.815182 2.804020
v -27.080000 -4.793076 2.721520
v -27.080000 -1.323745 5.318093
v -27.080000 -1.384139 5.257699
v -27.080000 -1.466639 5.235593
v -27.080000 -1.549139 5.257699
v -27.080000 -1.609533 5.318093
v -27.080000 -1.631639 5.400593
v -27.080000 -1.609533 5.483093
v -27.080000 -1.549139 5.543487
v -27.080000 -1.466639 5.565593
v -27.080000 -1.384139 5.543487
v -27.080000 -1.323745 5.483093
v -27.080000 -1.301639 5.400593
v -27.080000 5.605269 -3.377230
v -27.080000 5.886423 -2.831869
v -27.080000 6.114463 -2.262251
v -27.080000 6.287325 -1.673536
v -27.080000 6.403444 -1.071055
v -27.080000 6.461767 -0.460265
v -27.080000 6.461767 0.153304
v -27.080000 6.403444 0.764095
v -27.080000 6.287325 1.366575
v -27.080000 6.114463 1.955290
v -27.080000 5.886423 2.524908
v -27.080000 5.605269 3.070270
v -27.080000 5.273549 3.586437
v -27.080000 4.894266 4.068734
v -27.080000 4.470855 4.512795
v -27.080000 4.007150 4.914597
v -27.080000 3.507352 5.270502
v -27.080000 2.975986 5.577286
v -27.080000 2.417864 5.832172
v -27.080000 1.838041 6.032851
v -27.080000 1.241768 6.177505
v -27.080000 0.634444 6.264825
v -27.080000 0.021570 6.294020
v -27.080000 -0.591304 6.264825
v -27.080000 -1.198627 6.177505
v -27.080000 -1.794900 6.032851
v -27.080000 -2.374723 5.832172
v -27.080000 -2.932845 5.577286
v -27.080000 -3.464211 5.270502
v -27.080000 -3.964010 4.914597
v -27.080000 -4.427714 4.512795
v -27.080000 -4.851125 4.068734
v -27.080000 -5.230408 3.586437
v -27.080000 -5.562129 3.070270
v -27.080000 -5.843282 2.524908
v -27.080000 -6.071323 1.955290
v -27.080000 -6.244185 1.366575
v -27.080000 -6.360303 0.764095
v -27.080000 -6.418627 0.153304
v -27.080000 -6.418627 -0.460265
v -27.080000 -6.360303 -1.071055
v -27.080000 -6.244185 -1.673536
v -27.080000 -6.071323 -2.262251
v -27.080000 -5.843282 -2.831869
v -27.080000 -5.562129 -3.377230
v -27.080000 -5.230408 -3.893397
v -27.080000 -4.851125 -4.375695
v -27.080000 -4.427714 -4.819756
v -27.080000 -3.964010 -5.221558
v -27.080000 -3.464211 -5.577463
v -27.080000 -2.932845 -5.884247
v -27.080000 -2.374723 -6.139133
v -27.080000 -1.794900 -6.339811
v -27.080000 -1.198627 -6.484466
v -27.080000 -0.591304 -6.571786
v -27.080000 0.021570 -6.600980
v -27.080000 0.634444 -6.571786
v -27.080000 1.241768 -6.484466
v -27.080000 1.838041 -6.339811
v -27.080000 2.417864 -6.139133
v -27.080000 2.975986 -5.884247
v -27.080000 3.507352 -5.577463
v -27.080000 4.007150 -5.221558
v -27.080000 4.470855 -4.819756
v -27.080000 4.894266 -4.375695
v -27.080000 5.273549 -3.893397
vt 1.130000 -1.705436 0.000000
vt -0.000000 -1.705436 0.000000
vt 1.130000 -1.884956 0.000000
vt -0.000000 -1.884956 0.000000
vt 1.130000 1.884956 0.000000
vt -0.000000 1.884956 0.000000
vt 1.130000 1.705436 0.000000
vt -0.000000 1.705436 0.000000
vt -0.000000 1.525916 0.000000
vt 1.130000 -1.525916 0.000000
vt -0.000000 -1.525916 0.000000
vt 1.130000 -1.346397 0.000000
vt -0.000000 -1.346397 0.000000
vt 1.130000 -1.166877 0.000000
vt -0.000000 -1.166877 0.000000
vt 1.130000 -0.987358 0.000000
vt -0.000000 -0.987358 0.000000
vt 1.130000 -0.807838 0.000000
vt 0.000000 -0.807838 0.000000
vt 1.130000 -0.628319 0.000000
vt 0.000000 -0.628319 0.000000
vt 1.130000 -0.448799 0.000000
vt 0.000000 -0.448799 0.000000
vt 1.130000 -0.269279 0.000000
vt 0.000000 -0.269279 0.000000
vt 1.130000 -0.089760 0.000000
vt 0.000000 -0.089760 0.000000
vt 1.130000 0.089760 0.000000
vt 0.000000 0.089760 0.000000
vt 1.130000 0.269279 0.000000
vt 0.000000 0.269279 0.000000
vt 1.130000 0.448799 0.000000
vt 0.000000 0.448799 0.000000
vt 1.130000 0.628319 0.000000
vt 0.000000 0.628319 0.000000
vt 1.130000 0.807838 0.000000
vt 0.000000 0.807838 0.000000
vt 1.130000 0.987358 0.000000
vt 0.000000 0.987358 0.000000
vt 1.130000 1.166877 0.000000
vt -0.000000 1.166877 0.000000
vt 1.130000 1.346397 0.000000
vt -0.000000 1.346397 0.000000
vt 1.130000 1.525916 0.000000
vt 1.130000 -1.705436 0.000000
vt -0.000000 -1.705436 0.000000
vt 1.130000 -1.884956 0.000000
vt -0.000000 -1.884956 0.000000
vt 1.130000 1.884956 0.000000
vt -0.000000 1.884956 0.000000
vt 1.130000 1.705436 0.000000
vt -0.000000 1.705436 0.000000
vt -0.000000 1.525916 0.000000
vt 1.130000 -1.525916 0.000000
vt -0.000000 -1.525916 0.000000
vt 1.130000 -1.346397 0.000000
vt -0.000000 -1.346397 0.000000
vt 1.130000 -1.166877 0.000000
vt -0.000000 -1.166877 0.000000
vt 1.130000 -0.987358 0.000000
vt -0.000000 -0.987358 0.000000
vt 1.130000 -0.807838 0.000000
vt 0.000000 -0.807838 0.000000
vt 1.130000 -0.628319 0.000000
vt 0.000000 -0.628319 0.000000
vt 1.130000 -0.448799 0.000000
vt 0.000000 -0.448799 0.000000
vt 1.130000 -0.269279 0.000000
vt 0.000000 -0.269279 0.000000
vt 1.130000 -0.089760 0.000000
vt 0.000000 -0.089760 0.000000
vt 1.130000 0.089760 0.000000
vt 0.000000 0.089760 0.000000
vt 1.130000 0.269279 0.000000
vt 0.000000 0.269279 0.000000
vt 1.130000 0.448799 0.000000
vt 0.000000 0.448799 0.000000
vt 1.130000 0.628319 0.000000
vt 0.000000 0.628319 0.000000
vt 1.130000 0.807838 0.000000
vt 0.000000 0.807838 0.000000
vt 1.130000 0.987358 0.000000
vt 0.000000 0.987358 0.000000
vt 1.130000 1.166877 0.000000
vt -0.000000 1.166877 0.000000
vt 1.130000 1.346397 0.000000
vt -0.000000 1.346397 0.000000
vt 1.130000 1.525916 0.000000
vt 1.130000 -1.705436 0.000000
vt -0.000000 -1.705436 0.000000
vt 1.130000 -1.884956 0.000000
vt -0.000000 -1.884956 0.000000
vt 1.130000 1.884956 0.000000
vt -0.000000 1.884956 0.000000
vt 1.130000 1.705436 0.000000
vt -0.000000 1.705436 0.000000
vt -0.000000 1.525916 0.000000
vt 1.130000 -1.525916 0.000000
vt -0.000000 -1.525916 0.000000
vt 1.130000 -1.346397 0.000000
vt -0.000000 -1.346397 0.000000
vt 1.130000 -1.166877 0.000000
vt -0.000000 -1.166877 0.000000
vt 1.130000 -0.987358 0.000000
vt -0.000000 -0.987358 0.000000
vt 1.130000 -0.807838 0.000000
vt 0.000000 -0.807838 0.000000
vt 1.130000 -0.628319 0.000000
vt 0.000000 -0.628319 0.000000
vt 1.130000 -0.448799 0.000000
vt 0.000000 -0.448799 0.000000
vt 1.130000 -0.269279 0.000000
vt 0.000000 -0.269279 0.000000
vt 1.130000 -0.089760 0.000000
vt 0.000000 -0.089760 0.000000
vt 1.130000 0.089760 0.000000
vt 0.000000 0.089760 0.000000
vt 1.130000 0.269279 0.000000
vt 0.000000 0.269279 0.000000
vt 1.130000 0.448799 0.000000
vt 0.000000 0.448799 0.000000
vt 1.130000 0.628319 0.000000
vt 0.000000 0.628319 0.000000
vt 1.130000 0.807838 0.000000
vt 0.000000 0.807838 0.000000
vt 1.130000 0.987358 0.000000
vt 0.000000 0.987358 0.000000
vt 1.130000 1.166877 0.000000
vt -0.000000 1.166877 0.000000
vt 1.130000 1.346397 0.000000
vt -0.000000 1.346397 0.000000
vt 1.130000 1.525916 0.000000
vt 1.130000 -1.705436 0.000000
vt -0.000000 -1.705436 0.000000
vt 1.130000 -1.884956 0.000000
vt -0.000000 -1.884956 0.000000
vt 1.130000 1.884956 0.000000
vt -0.000000 1.884956 0.000000
vt 1.130000 1.705436 0.000000
vt -0.000000 1.705436 0.000000
vt -0.000000 1.525916 0.000000
vt 1.130000 -1.525916 0.000000
vt -0.000000 -1.525916 0.000000
vt 1.130000 -1.346397 0.000000
vt -0.000000 -1.346397 0.000000
vt 1.130000 -1.166877 0.000000
vt -0.000000 -1.166877 0.000000
vt 1.130000 -0.987358 0.000000
vt -0.000000 -0.987358 0.000000
vt 1.130000 -0.807838 0.000000
vt 0.000000 -0.807838 0.000000
vt 1.130000 -0.628319 0.000000
vt 0.000000 -0.628319 0.000000
vt 1.130000 -0.448799 0.000000
vt 0.000000 -0.448799 0.000000
vt 1.130000 -0.269279 0.000000
vt 0.000000 -0.269279 0.000000
vt 1.130000 -0.089760 0.000000
vt 0.000000 -0.089760 0.000000
vt 1.130000 0.089760 0.000000
vt 0.000000 0.089760 0.000000
vt 1.130000 0.269279 0.000000
vt 0.000000 0.269279 0.000000
vt 1.130000 0.448799 0.000000
vt 0.000000 0.448799 0.000000
vt 1.130000 0.628319 0.000000
vt 0.000000 0.628319 0.000000
vt 1.130000 0.807838 0.000000
vt 0.000000 0.807838 0.000000
vt 1.130000 0.987358 0.000000
vt 0.000000 0.987358 0.000000
vt 1.130000 1.166877 0.000000
vt -0.000000 1.166877 0.000000
vt 1.130000 1.346397 0.000000
vt -0.000000 1.346397 0.000000
vt 1.130000 1.525916 0.000000
vt 2.220048 -0.589208 0.000000
vt 3.710811 -0.471239 0.000000
vt 2.213277 -0.471239 0.000000
vt 3.714006 -0.353389 0.000000
vt 2.220048 -0.353270 0.000000
vt 2.236900 -0.236110 0.000000
vt 3.722066 -0.235726 0.000000
vt 2.256041 -0.119250 0.000000
vt 3.731322 -0.118139 0.000000
vt 2.269819 -0.001676 0.000000
vt 3.737978 -0.000385 0.000000
vt 2.274127 0.116427 0.000000
vt 3.740028 0.117491 0.000000
vt 2.270315 0.234752 0.000000
vt 3.738153 0.235420 0.000000
vt 2.263917 0.352932 0.000000
vt 3.735049 0.353314 0.000000
vt 2.260924 0.471239 0.000000
vt 3.733605 0.471239 0.000000
vt 3.735049 0.589163 0.000000
vt 3.714006 -0.589089 0.000000
vt 2.236900 -0.706368 0.000000
vt 3.722066 -0.706752 0.000000
vt 2.256041 -0.823227 0.000000
vt 3.731322 -0.824339 0.000000
vt 2.269819 -0.940802 0.000000
vt 3.737978 -0.942092 0.000000
vt 3.737978 0.942863 0.000000
vt 2.269819 0.944153 0.000000
vt 2.274127 0.826051 0.000000
vt 3.740028 0.824986 0.000000
vt 2.270315 0.707726 0.000000
vt 3.738153 0.707058 0.000000
vt 2.263917 0.589546 0.000000
vt 0.513917 -0.589546 0.000000
vt 1.985049 -0.589163 0.000000
vt 0.510924 -0.471239 0.000000
vt 1.983605 -0.471239 0.000000
vt 1.985049 -0.353314 0.000000
vt 1.988153 -0.707058 0.000000
vt 0.520315 -0.707726 0.000000
vt 1.990028 -0.824986 0.000000
vt 0.524127 -0.826051 0.000000
vt 1.987978 -0.942863 0.000000
vt 0.519819 -0.944153 0.000000
vt 1.987978 0.942092 0.000000
vt 0.519819 0.940802 0.000000
vt 1.981322 0.824339 0.000000
vt 0.506041 0.823227 0.000000
vt 1.972066 0.706752 0.000000
vt 0.486900 0.706368 0.000000
vt 1.964006 0.589089 0.000000
vt 0.470048 0.589208 0.000000
vt 0.463277 0.471239 0.000000
vt 1.960811 0.471239 0.000000
vt 0.470048 0.353270 0.000000
vt 1.964006 0.353389 0.000000
vt 0.486900 0.236110 0.000000
vt 1.972066 0.235726 0.000000
vt 0.506041 0.119250 0.000000
vt 1.981322 0.118139 0.000000
vt 0.519819 0.001676 0.000000
vt 1.987978 0.000385 0.000000
vt 0.524127 -0.116427 0.000000
vt 1.990028 -0.117491 0.000000
vt 0.520315 -0.234752 0.000000
vt 1.988153 -0.235420 0.000000
vt 0.513917 -0.352932 0.000000
vt 0.628319 -4.174910 0.000000
vt 0.523599 -4.494691 0.000000
vt 0.628319 -4.592401 0.000000
vt 0.523599 -4.885533 0.000000
vt 0.628319 -5.009892 0.000000
vt 0.523599 -5.276376 0.000000
vt 0.628319 -5.427384 0.000000
vt 0.523599 -5.667219 0.000000
vt 0.628319 -5.844875 0.000000
vt 0.523599 -6.058061 0.000000
vt 0.628319 -6.262366 0.000000
vt 0.523599 -6.448904 0.000000
vt 0.628319 -6.679857 0.000000
vt 0.523599 -6.839747 0.000000
vt 0.628319 -7.097348 0.000000
vt 0.523599 -7.230590 0.000000
vt 0.628319 -7.514839 0.000000
vt 0.523599 -7.621432 0.000000
vt 0.628319 -7.932330 0.000000
vt 0.523599 -8.012275 0.000000
vt 0.628319 -8.349821 0.000000
vt 0.523599 -8.403118 0.000000
vt 0.628319 -8.767312 0.000000
vt 0.523599 -8.793960 0.000000
vt 0.628319 -9.184803 0.000000
vt 0.523599 -9.184803 0.000000
vt 0.628319 9.184803 0.000000
vt 0.523599 9.184803 0.000000
vt 0.523599 8.793960 0.000000
vt 0.418879 9.184803 0.000000
vt 0.418879 8.793960 0.000000
vt 0.314159 8.985133 0.000000
vt 0.314159 8.585794 0.000000
vt 0.523599 -4.103848 0.000000
vt 0.628319 -3.757419 0.000000
vt 0.523599 -3.713005 0.000000
vt 0.628319 -3.339928 0.000000
vt 0.523599 -3.322163 0.000000
vt 0.628319 -2.922437 0.000000
vt 0.523599 -2.931320 0.000000
vt 0.523599 -2.540477 0.000000
vt 0.418879 -2.540477 0.000000
vt 0.418879 -2.149635 0.000000
vt 0.314159 -2.196366 0.000000
vt 0.314159 -1.797027 0.000000
vt 0.418879 -1.758792 0.000000
vt 0.314159 -1.397687 0.000000
vt 0.418879 -1.367949 0.000000
vt 0.314159 -0.998348 0.000000
vt 0.418879 -0.977107 0.000000
vt 0.314159 -0.599009 0.000000
vt 0.418879 -0.586264 0.000000
vt 0.314159 -0.199670 0.000000
vt 0.418879 -0.195421 0.000000
vt 0.418879 0.195421 0.000000
vt 0.523599 -0.195421 0.000000
vt 0.523599 0.195421 0.000000
vt 0.628319 0.000000 0.000000
vt 0.628319 0.417491 0.000000
vt 0.628319 -2.504946 0.000000
vt 0.523599 -2.149635 0.000000
vt 0.628319 -2.087455 0.000000
vt 0.523599 -1.758792 0.000000
vt 0.628319 -1.669964 0.000000
vt 0.523599 -1.367949 0.000000
vt 0.628319 -1.252473 0.000000
vt 0.523599 -0.977107 0.000000
vt 0.628319 -0.834982 0.000000
vt 0.523599 -0.586264 0.000000
vt 0.628319 -0.417491 0.000000
vt 0.523599 0.586264 0.000000
vt 0.628319 0.834982 0.000000
vt 0.523599 0.977107 0.000000
vt 0.628319 1.252473 0.000000
vt 0.523599 1.367949 0.000000
vt 0.628319 1.669964 0.000000
vt 0.523599 1.758792 0.000000
vt 0.628319 2.087455 0.000000
vt 0.523599 2.149635 0.000000
vt 0.628319 2.504946 0.000000
vt 0.523599 2.540477 0.000000
vt 0.628319 2.922437 0.000000
vt 0.523599 2.931320 0.000000
vt 0.628319 3.339928 0.000000
vt 0.523599 3.322163 0.000000
vt 0.523599 3.713005 0.000000
vt 0.418879 3.713005 0.000000
vt 0.418879 4.103848 0.000000
vt 0.314159 3.793723 0.000000
vt 0.314159 4.193062 0.000000
vt 0.418879 4.494691 0.000000
vt 0.314159 4.592401 0.000000
vt 0.418879 4.885533 0.000000
vt 0.314159 4.991741 0.000000
vt 0.418879 5.276376 0.000000
vt 0.314159 5.391080 0.000000
vt 0.418879 5.667219 0.000000
vt 0.314159 5.790419 0.000000
vt 0.418879 6.058061 0.000000
vt 0.314159 6.189758 0.000000
vt 0.418879 6.448904 0.000000
vt 0.314159 6.589098 0.000000
vt 0.418879 6.839747 0.000000
vt 0.314159 6.988437 0.000000
vt 0.418879 7.230590 0.000000
vt 0.314159 7.387776 0.000000
vt 0.418879 7.621432 0.000000
vt 0.314159 7.787116 0.000000
vt 0.418879 8.012275 0.000000
vt 0.314159 8.186455 0.000000
vt 0.418879 8.403118 0.000000
vt 0.628319 3.757419 0.000000
vt 0.523599 4.103848 0.000000
vt 0.628319 4.174910 0.000000
vt 0.523599 4.494691 0.000000
vt 0.628319 4.592401 0.000000
vt 0.523599 4.885533 0.000000
vt 0.628319 5.009892 0.000000
vt 0.523599 5.276376 0.000000
vt 0.628319 5.427384 0.000000
vt 0.523599 5.667219 0.000000
vt 0.628319 5.844875 0.000000
vt 0.523599 6.058061 0.000000
vt 0.628319 6.262366 0.000000
vt 0.523599 6.448904 0.000000
vt 0.628319 6.679857 0.000000
vt 0.523599 6.839747 0.000000
vt 0.628319 7.097348 0.000000
vt 0.523599 7.230590 0.000000
vt 0.628319 7.514839 0.000000
vt 0.523599 7.621432 0.000000
vt 0.628319 7.932330 0.000000
vt 0.523599 8.012275 0.000000
vt 0.628319 8.349821 0.000000
vt 0.523599 8.403118 0.000000
vt 0.628319 8.767312 0.000000
vt 0.314159 -4.991741 0.000000
vt 0.418879 -4.885533 0.000000
vt 0.314159 -4.592401 0.000000
vt 0.418879 -4.494691 0.000000
vt 0.314159 -4.193062 0.000000
vt 0.418879 -4.103848 0.000000
vt 0.314159 -3.793723 0.000000
vt 0.418879 -3.713005 0.000000
vt 0.314159 -3.394384 0.000000
vt 0.418879 -3.322163 0.000000
vt 0.314159 -2.995044 0.000000
vt 0.418879 -2.931320 0.000000
vt 0.314159 -2.595705 0.000000
vt 0.418879 -5.276376 0.000000
vt 0.314159 -5.391080 0.000000
vt 0.418879 -5.667219 0.000000
vt 0.314159 -5.790419 0.000000
vt 0.418879 -6.058061 0.000000
vt 0.314159 -6.189758 0.000000
vt 0.418879 -6.448904 0.000000
vt 0.314159 -6.589098 0.000000
vt 0.418879 -6.839747 0.000000
vt 0.314159 -6.988437 0.000000
vt 0.418879 -7.230590 0.000000
vt 0.314159 -7.387776 0.000000
vt 0.418879 -7.621432 0.000000
vt 0.314159 -7.787116 0.000000
vt 0.418879 -8.012275 0.000000
vt 0.314159 -8.186455 0.000000
vt 0.418879 -8.403118 0.000000
vt 0.314159 -8.585794 0.000000
vt 0.418879 -8.793960 0.000000
vt 0.314159 -8.985133 0.000000
vt 0.418879 -9.184803 0.000000
vt 0.314159 9.384473 0.000000
vt 0.314159 3.394384 0.000000
vt 0.418879 3.322163 0.000000
vt 0.314159 2.995044 0.000000
vt 0.418879 2.931320 0.000000
vt 0.314159 2.595705 0.000000
vt 0.418879 2.540477 0.000000
vt 0.314159 2.196366 0.000000
vt 0.418879 2.149635 0.000000
vt 0.314159 1.797027 0.000000
vt 0.418879 1.758792 0.000000
vt 0.314159 1.397687 0.000000
vt 0.418879 1.367949 0.000000
vt 0.314159 0.998348 0.000000
vt 0.418879 0.977107 0.000000
vt 0.314159 0.599009 0.000000
vt 0.418879 0.586264 0.000000
vt 0.314159 0.199670 0.000000
vt -0.625157 4.886872 0.000000
vt -0.200000 4.909512 0.000000
vt -0.740000 4.909946 0.000000
vt -0.200000 5.318638 0.000000
vt -1.700000 5.318638 0.000000
vt -1.700000 5.727764 0.000000
vt -0.200000 5.727764 0.000000
vt -1.700000 6.136890 0.000000
vt -0.200000 6.136890 0.000000
vt -1.700000 6.546016 0.000000
vt -0.200000 6.546016 0.000000
vt -1.700000 6.955143 0.000000
vt -0.200000 6.955143 0.000000
vt -1.700000 7.364269 0.000000
vt -0.200000 7.364269 0.000000
vt -1.700000 7.773395 0.000000
vt -0.200000 7.773395 0.000000
vt -1.700000 8.182521 0.000000
vt -0.200000 8.182521 0.000000
vt -1.700000 8.591647 0.000000
vt -0.200000 8.591647 0.000000
vt -1.700000 9.000773 0.000000
vt -0.200000 9.000773 0.000000
vt -1.700000 -9.000773 0.000000
vt -0.200000 -9.000773 0.000000
vt -1.700000 -8.591647 0.000000
vt -0.200000 -8.591647 0.000000
vt -1.700000 -8.182521 0.000000
vt -0.200000 -8.182521 0.000000
vt -1.700000 -7.773395 0.000000
vt -0.200000 -7.773395 0.000000
vt -1.700000 -7.364269 0.000000
vt -0.200000 -7.364269 0.000000
vt -1.700000 -6.955143 0.000000
vt -0.200000 -6.955143 0.000000
vt -1.700000 -6.546016 0.000000
vt -0.200000 -6.546016 0.000000
vt -1.700000 -6.136890 0.000000
vt -0.200000 -6.136890 0.000000
vt -1.700000 -5.727764 0.000000
vt -0.200000 -5.727764 0.000000
vt -1.700000 -5.318638 0.000000
vt -0.200000 -5.318638 0.000000
vt -0.740000 -4.909946 0.000000
vt -0.200000 -4.909512 0.000000
vt -0.625157 -4.886872 0.000000
vt -0.527944 -4.821432 0.000000
vt -0.462962 -4.723889 0.000000
vt -0.200000 -4.500386 0.000000
vt -0.440000 -4.608964 0.000000
vt -0.462714 -4.494042 0.000000
vt -0.527727 -4.396539 0.000000
vt -0.625089 -4.331335 0.000000
vt -0.200000 -4.091260 0.000000
vt -0.740000 -4.308409 0.000000
vt -1.700000 -4.091260 0.000000
vt -0.854911 -4.331335 0.000000
vt -1.700000 -4.500386 0.000000
vt -0.952273 -4.396539 0.000000
vt -1.017286 -4.494042 0.000000
vt -1.040000 -4.608964 0.000000
vt -1.017038 -4.723889 0.000000
vt -1.700000 -4.909512 0.000000
vt -0.952056 -4.821432 0.000000
vt -0.854843 -4.886872 0.000000
vt -0.527944 4.821432 0.000000
vt -0.462962 4.723889 0.000000
vt -0.200000 4.500386 0.000000
vt -0.440000 4.608964 0.000000
vt -0.462714 4.494042 0.000000
vt -0.527727 4.396539 0.000000
vt -0.200000 4.091260 0.000000
vt -0.625089 4.331335 0.000000
vt -0.740000 4.308409 0.000000
vt -1.700000 4.091260 0.000000
vt -0.854911 4.331335 0.000000
vt -0.952273 4.396539 0.000000
vt -1.700000 4.500386 0.000000
vt -1.017286 4.494042 0.000000
vt -1.040000 4.608964 0.000000
vt -1.017038 4.723889 0.000000
vt -1.700000 4.909512 0.000000
vt -0.952056 4.821432 0.000000
vt -0.854843 4.886872 0.000000
vt -0.200000 3.682134 0.000000
vt -1.700000 3.682134 0.000000
vt -0.200000 3.273008 0.000000
vt -1.700000 3.273008 0.000000
vt -0.200000 2.863882 0.000000
vt -1.700000 2.863882 0.000000
vt -0.200000 2.454756 0.000000
vt -1.700000 2.454756 0.000000
vt -0.200000 2.045630 0.000000
vt -1.700000 2.045630 0.000000
vt -0.200000 1.636504 0.000000
vt -1.700000 1.636504 0.000000
vt -0.200000 1.227378 0.000000
vt -1.700000 1.227378 0.000000
vt -0.200000 0.818252 0.000000
vt -1.700000 0.818252 0.000000
vt -0.200000 0.409126 0.000000
vt -1.700000 0.409126 0.000000
vt -0.200000 0.000000 0.000000
vt -1.700000 0.000000 0.000000
vt -0.200000 -0.409126 0.000000
vt -1.700000 -0.409126 0.000000
vt -0.200000 -0.818252 0.000000
vt -1.700000 -0.818252 0.000000
vt -0.200000 -1.227378 0.000000
vt -1.700000 -1.227378 0.000000
vt -0.200000 -1.636504 0.000000
vt -1.700000 -1.636504 0.000000
vt -0.200000 -2.045630 0.000000
vt -1.700000 -2.045630 0.000000
vt -0.200000 -2.454756 0.000000
vt -1.700000 -2.454756 0.000000
vt -0.200000 -2.863882 0.000000
vt -1.700000 -2.863882 0.000000
vt -0.200000 -3.273008 0.000000
vt -1.700000 -3.273008 0.000000
vt -0.200000 -3.682134 0.000000
vt -1.700000 -3.682134 0.000000
vt -3.637855 0.557272 0.000000
vt -2.888063 1.026418 0.000000
vt -3.814708 0.583928 0.000000
vt -2.721399 1.410115 0.000000
vt -3.991561 0.557272 0.000000
vt -5.583699 3.223750 0.000000
vt -5.864852 2.678388 0.000000
vt -3.476716 0.479671 0.000000
vt -3.000927 0.623600 0.000000
vt -3.345609 0.358022 0.000000
vt -3.057890 0.209165 0.000000
vt -3.256184 0.203133 0.000000
vt -3.216386 0.028766 0.000000
vt -3.057890 -0.209165 0.000000
vt -3.229751 -0.149585 0.000000
vt -3.295093 -0.316072 0.000000
vt -3.000927 -0.623600 0.000000
vt -3.406604 -0.455903 0.000000
vt -3.554378 -0.556653 0.000000
vt -2.888063 -1.026418 0.000000
vt -3.725283 -0.609371 0.000000
vt -2.721399 -1.410115 0.000000
vt -3.904133 -0.609371 0.000000
vt -4.065864 -3.900864 0.000000
vt -5.583699 -3.223750 0.000000
vt -4.148364 -3.922970 0.000000
vt -5.251978 -3.739917 0.000000
vt -4.208758 -3.983364 0.000000
vt -4.872695 -4.222215 0.000000
vt -4.230864 -4.065864 0.000000
vt -4.208758 -4.148364 0.000000
vt -4.449284 -4.666275 0.000000
vt -4.148364 -4.208758 0.000000
vt -4.065864 -4.230864 0.000000
vt -3.985580 -5.068077 0.000000
vt -3.983364 -4.208758 0.000000
vt -3.922970 -4.148364 0.000000
vt -3.485782 -5.423982 0.000000
vt -3.900864 -4.065864 0.000000
vt -2.954415 -5.730767 0.000000
vt -1.592543 -2.618825 0.000000
vt -0.568885 -3.948221 0.000000
vt -1.221113 -2.811285 0.000000
vt -0.582250 -3.769870 0.000000
vt -0.542452 -3.595503 0.000000
vt -5.864852 -2.678388 0.000000
vt -4.075038 -0.556653 0.000000
vt -6.092893 -2.108771 0.000000
vt -4.222812 -0.455903 0.000000
vt -6.265755 -1.520056 0.000000
vt -5.667500 -0.142894 0.000000
vt -6.381874 -0.917575 0.000000
vt -5.750000 -0.165000 0.000000
vt -5.832500 -0.142894 0.000000
vt -4.334323 -0.316072 0.000000
vt -5.607106 -0.082500 0.000000
vt -4.399665 -0.149585 0.000000
vt -5.585000 -0.000000 0.000000
vt -4.413030 0.028766 0.000000
vt -5.607106 0.082500 0.000000
vt -4.373232 0.203133 0.000000
vt -4.283807 0.358022 0.000000
vt -4.152700 0.479671 0.000000
vt -6.265755 1.520056 0.000000
vt -5.667500 0.142894 0.000000
vt -6.092893 2.108771 0.000000
vt -0.192925 4.388052 0.000000
vt -0.016072 4.414708 0.000000
vt -0.000000 5.585000 0.000000
vt 0.160781 4.388052 0.000000
vt 0.082500 5.607106 0.000000
vt 0.321920 4.310451 0.000000
vt 0.142894 5.667500 0.000000
vt 0.453027 4.188802 0.000000
vt 1.220197 6.330985 0.000000
vt 1.816471 6.186331 0.000000
vt 2.396294 5.985652 0.000000
vt 0.542452 4.033913 0.000000
vt 2.954415 5.730767 0.000000
vt 0.582250 3.859546 0.000000
vt 1.592543 2.618825 0.000000
vt 1.221113 2.811285 0.000000
vt 0.568885 3.681196 0.000000
vt 0.826937 2.951375 0.000000
vt 0.503543 3.514708 0.000000
vt 0.392032 3.374877 0.000000
vt 0.417356 3.036487 0.000000
vt 0.244258 3.274127 0.000000
vt 0.073353 3.221410 0.000000
vt 0.000000 3.065035 0.000000
vt -0.105497 3.221410 0.000000
vt -0.417356 3.036487 0.000000
vt -0.276402 3.274127 0.000000
vt -0.424176 3.374877 0.000000
vt -0.826937 2.951375 0.000000
vt -0.535687 3.514708 0.000000
vt -0.601029 3.681196 0.000000
vt -1.221113 2.811285 0.000000
vt -0.614394 3.859546 0.000000
vt -1.592543 2.618825 0.000000
vt -3.900864 4.065864 0.000000
vt -3.922970 3.983364 0.000000
vt -2.954415 5.730767 0.000000
vt -0.574596 4.033913 0.000000
vt -2.396294 5.985652 0.000000
vt -0.485171 4.188802 0.000000
vt -1.816471 6.186331 0.000000
vt -1.220197 6.330985 0.000000
vt -0.354064 4.310451 0.000000
vt -0.142894 5.667500 0.000000
vt -0.082500 5.607106 0.000000
vt -0.160781 -3.241364 0.000000
vt 0.016072 -3.214708 0.000000
vt 0.000000 -3.065035 0.000000
vt 0.192925 -3.241364 0.000000
vt 0.417356 -3.036487 0.000000
vt 0.354064 -3.318965 0.000000
vt 0.485171 -3.440614 0.000000
vt 0.826937 -2.951375 0.000000
vt 0.574596 -3.595503 0.000000
vt 1.221113 -2.811285 0.000000
vt 0.614394 -3.769870 0.000000
vt 0.601029 -3.948221 0.000000
vt 0.535687 -4.114708 0.000000
vt 2.396294 -5.985652 0.000000
vt 2.954415 -5.730767 0.000000
vt 3.900864 -4.065864 0.000000
vt 3.485782 -5.423982 0.000000
vt 3.922970 -4.148364 0.000000
vt 3.985580 -5.068077 0.000000
vt 3.983364 -4.208758 0.000000
vt 4.065864 -4.230864 0.000000
vt 4.449284 -4.666275 0.000000
vt 4.148364 -4.208758 0.000000
vt 4.208758 -4.148364 0.000000
vt 4.872695 -4.222215 0.000000
vt 4.230864 -4.065864 0.000000
vt 4.208758 -3.983364 0.000000
vt 5.251978 -3.739917 0.000000
vt 4.148364 -3.922970 0.000000
vt 5.583699 -3.223750 0.000000
vt 4.065864 -3.900864 0.000000
vt 2.721399 -1.410115 0.000000
vt 2.504041 -1.767545 0.000000
vt 1.816471 -6.186331 0.000000
vt 0.424176 -4.254539 0.000000
vt 1.220197 -6.330985 0.000000
vt 0.142894 -5.667500 0.000000
vt 0.165000 -5.750000 0.000000
vt 0.276402 -4.355289 0.000000
vt 0.082500 -5.607106 0.000000
vt 0.105497 -4.408007 0.000000
vt 0.000000 -5.585000 0.000000
vt -0.073353 -4.408007 0.000000
vt -0.082500 -5.607106 0.000000
vt -0.244258 -4.355289 0.000000
vt -0.142894 -5.667500 0.000000
vt -0.392032 -4.254539 0.000000
vt -1.220197 -6.330985 0.000000
vt -1.816471 -6.186331 0.000000
vt -0.503543 -4.114708 0.000000
vt -2.396294 -5.985652 0.000000
vt -0.826937 -2.951375 0.000000
vt -0.453027 -3.440614 0.000000
vt -0.417356 -3.036487 0.000000
vt -0.321920 -3.318965 0.000000
vt 3.991561 0.589416 0.000000
vt 4.065864 3.900864 0.000000
vt 3.814708 0.616072 0.000000
vt 2.721399 1.410115 0.000000
vt 2.888063 1.026418 0.000000
vt 4.152700 0.511815 0.000000
vt 6.092893 2.108771 0.000000
vt 5.864852 2.678388 0.000000
vt 5.583699 3.223750 0.000000
vt 6.265755 1.520056 0.000000
vt 4.283807 0.390166 0.000000
vt 5.667500 0.142894 0.000000
vt 4.373232 0.235277 0.000000
vt 5.607106 0.082500 0.000000
vt 4.413030 0.060910 0.000000
vt 5.585000 0.000000 0.000000
vt 4.399665 -0.117441 0.000000
vt 5.607106 -0.082500 0.000000
vt 4.334323 -0.283928 0.000000
vt 5.667500 -0.142894 0.000000
vt 4.222812 -0.423759 0.000000
vt 6.265755 -1.520056 0.000000
vt 6.092893 -2.108771 0.000000
vt 4.075038 -0.524509 0.000000
vt 5.864852 -2.678388 0.000000
vt 3.904133 -0.577226 0.000000
vt 3.725283 -0.577226 0.000000
vt 2.888063 -1.026418 0.000000
vt 3.554378 -0.524509 0.000000
vt 3.000927 -0.623600 0.000000
vt 3.406604 -0.423759 0.000000
vt 3.295093 -0.283928 0.000000
vt 3.057890 -0.209165 0.000000
vt 3.229751 -0.117441 0.000000
vt 3.216386 0.060910 0.000000
vt 3.057890 0.209165 0.000000
vt 3.256184 0.235277 0.000000
vt 3.000927 0.623600 0.000000
vt 3.345609 0.390166 0.000000
vt 3.476716 0.511815 0.000000
vt 3.637855 0.589416 0.000000
vt 0.612874 -6.418305 0.000000
vt 0.082500 -5.892894 0.000000
vt -0.000000 -6.447500 0.000000
vt 0.000000 -5.915000 0.000000
vt -0.082500 -5.892894 0.000000
vt 0.142894 -5.832500 0.000000
vt 6.381874 -0.917575 0.000000
vt 5.750000 -0.165000 0.000000
vt 5.832500 -0.142894 0.000000
vt 6.440197 -0.306784 0.000000
vt 5.892894 -0.082500 0.000000
vt 5.915000 0.000000 0.000000
vt 6.440197 0.306784 0.000000
vt 5.892894 0.082500 0.000000
vt 5.832500 0.142894 0.000000
vt 6.381874 0.917575 0.000000
vt 5.750000 0.165000 0.000000
vt 5.251978 3.739917 0.000000
vt 4.148364 3.922970 0.000000
vt 4.208758 3.983364 0.000000
vt 4.872695 4.222215 0.000000
vt 4.230864 4.065864 0.000000
vt 4.208758 4.148364 0.000000
vt 4.449284 4.666275 0.000000
vt 4.148364 4.208758 0.000000
vt 4.065864 4.230864 0.000000
vt 3.985580 5.068077 0.000000
vt 3.983364 4.208758 0.000000
vt 3.922970 4.148364 0.000000
vt 3.485782 5.423982 0.000000
vt 3.900864 4.065864 0.000000
vt 0.165000 5.750000 0.000000
vt 0.612874 6.418305 0.000000
vt 0.142894 5.832500 0.000000
vt 0.082500 5.892894 0.000000
vt 0.000000 6.447500 0.000000
vt -0.000000 5.915000 0.000000
vt -0.082500 5.892894 0.000000
vt -0.612874 6.418305 0.000000
vt -0.142894 5.832500 0.000000
vt -0.165000 5.750000 0.000000
vt -3.485782 5.423982 0.000000
vt -3.922970 4.148364 0.000000
vt -3.985580 5.068077 0.000000
vt -3.983364 4.208758 0.000000
vt -4.065864 4.230864 0.000000
vt -4.449284 4.666275 0.000000
vt -4.148364 4.208758 0.000000
vt -4.208758 4.148364 0.000000
vt -4.872695 4.222215 0.000000
vt -4.230864 4.065864 0.000000
vt -4.208758 3.983364 0.000000
vt -5.251978 3.739917 0.000000
vt -4.148364 3.922970 0.000000
vt -4.065864 3.900864 0.000000
vt -2.504041 1.767545 0.000000
vt -6.381874 0.917575 0.000000
vt -5.750000 0.165000 0.000000
vt -5.832500 0.142894 0.000000
vt -6.440197 0.306784 0.000000
vt -5.892894 0.082500 0.000000
vt -5.915000 -0.000000 0.000000
vt -6.440197 -0.306784 0.000000
vt -5.892894 -0.082500 0.000000
vt -0.165000 -5.750000 0.000000
vt -0.612874 -6.418305 0.000000
vt -0.142894 -5.832500 0.000000
vt 2.504041 1.767545 0.000000
vt 3.983364 3.922970 0.000000
vt 2.240038 2.092049 0.000000
vt 3.922970 3.983364 0.000000
vt 1.934307 2.377582 0.000000
vt -3.983364 3.922970 0.000000
vt -2.240038 2.092049 0.000000
vt -1.934307 2.377582 0.000000
vt -2.504041 -1.767545 0.000000
vt -3.983364 -3.922970 0.000000
vt -2.240038 -2.092049 0.000000
vt -3.922970 -3.983364 0.000000
vt -1.934307 -2.377582 0.000000
vt 1.592543 -2.618825 0.000000
vt 3.922970 -3.983364 0.000000
vt 1.934307 -2.377582 0.000000
vt 2.240038 -2.092049 0.000000
vt 3.983364 -3.922970 0.000000
vt 0.854952 2.588072 0.000000
vt 1.700000 2.694029 0.000000
vt 0.740000 2.611950 0.000000
vt 0.000000 2.694029 0.000000
vt 0.625048 2.588072 0.000000
vt 0.528215 2.521281 0.000000
vt 0.000000 2.410447 0.000000
vt 0.463391 2.423033 0.000000
vt 0.440005 2.307716 0.000000
vt -0.000000 2.126865 0.000000
vt 0.462310 2.192400 0.000000
vt 0.527255 2.094315 0.000000
vt 0.624736 2.028541 0.000000
vt -0.000000 1.843283 0.000000
vt 0.740000 2.005321 0.000000
vt 1.700000 1.843283 0.000000
vt 0.855264 2.028541 0.000000
vt 1.700000 2.126865 0.000000
vt 0.952745 2.094315 0.000000
vt 1.017690 2.192400 0.000000
vt 1.039995 2.307716 0.000000
vt 1.700000 2.410447 0.000000
vt 1.016609 2.423033 0.000000
vt 0.951785 2.521281 0.000000
vt 0.855264 -2.028541 0.000000
vt 1.700000 -2.126865 0.000000
vt 0.740000 -2.005321 0.000000
vt 1.700000 -1.843283 0.000000
vt -0.000000 -1.843283 0.000000
vt -0.000000 -1.559701 0.000000
vt 1.700000 -1.559701 0.000000
vt -0.000000 -1.276119 0.000000
vt 1.700000 -1.276119 0.000000
vt -0.000000 -0.992537 0.000000
vt 1.700000 -0.992537 0.000000
vt -0.000000 -0.708955 0.000000
vt 1.700000 -0.708955 0.000000
vt -0.000000 -0.425373 0.000000
vt 1.700000 -0.425373 0.000000
vt -0.000000 -0.141791 0.000000
vt 1.700000 -0.141791 0.000000
vt -0.000000 0.141791 0.000000
vt 1.700000 0.141791 0.000000
vt -0.000000 0.425373 0.000000
vt 1.700000 0.425373 0.000000
vt -0.000000 0.708955 0.000000
vt 1.700000 0.708955 0.000000
vt -0.000000 0.992537 0.000000
vt 1.700000 0.992537 0.000000
vt -0.000000 1.276119 0.000000
vt 1.700000 1.276119 0.000000
vt -0.000000 1.559701 0.000000
vt 1.700000 1.559701 0.000000
vt 0.952745 -2.094315 0.000000
vt 1.017690 -2.192400 0.000000
vt 1.039995 -2.307716 0.000000
vt 1.700000 -2.410447 0.000000
vt 1.016609 -2.423033 0.000000
vt 0.951785 -2.521281 0.000000
vt 1.700000 -2.694029 0.000000
vt 0.854952 -2.588072 0.000000
vt 0.740000 -2.611950 0.000000
vt 0.000000 -2.694029 0.000000
vt 0.625048 -2.588072 0.000000
vt 0.528215 -2.521281 0.000000
vt 0.000000 -2.410447 0.000000
vt 0.463391 -2.423033 0.000000
vt 0.440005 -2.307716 0.000000
vt 0.000000 -2.126865 0.000000
vt 0.462310 -2.192400 0.000000
vt 0.527255 -2.094315 0.000000
vt 0.624736 -2.028541 0.000000
vt 1.700000 -4.111939 0.000000
vt 0.000000 -4.111939 0.000000
vt 1.700000 -4.395521 0.000000
vt 0.000000 -4.395521 0.000000
vt 1.700000 4.395521 0.000000
vt 0.000000 4.395521 0.000000
vt 1.700000 4.111939 0.000000
vt 0.000000 4.111939 0.000000
vt 1.700000 3.828357 0.000000
vt 0.000000 3.828357 0.000000
vt 1.700000 3.544775 0.000000
vt 0.000000 3.544775 0.000000
vt 1.700000 3.261193 0.000000
vt 0.000000 3.261193 0.000000
vt 1.700000 2.977611 0.000000
vt 0.000000 2.977611 0.000000
vt 0.000000 -3.828357 0.000000
vt 1.700000 -3.828357 0.000000
vt 0.000000 -3.544775 0.000000
vt 1.700000 -3.544775 0.000000
vt 0.000000 -3.261193 0.000000
vt 1.700000 -3.261193 0.000000
vt 0.000000 -2.977611 0.000000
vt 1.700000 -2.977611 0.000000
vt -2.835873 0.407737 0.000000
vt -2.865035 -0.000000 0.000000
vt -1.399138 0.000000 0.000000
vt -2.835873 -0.407737 0.000000
vt -1.370497 -0.281644 0.000000
vt -2.748981 -0.807174 0.000000
vt -1.285748 -0.551758 0.000000
vt -2.606127 -1.190179 0.000000
vt -2.410221 -1.548955 0.000000
vt -1.148361 -0.799283 0.000000
vt -2.165249 -1.876199 0.000000
vt -0.963960 -1.014085 0.000000
vt -1.876199 -2.165249 0.000000
vt -0.740093 -1.187370 0.000000
vt -1.548955 -2.410221 0.000000
vt -1.190179 -2.606127 0.000000
vt -0.485928 -1.312044 0.000000
vt -0.807174 -2.748981 0.000000
vt -0.211868 -1.383003 0.000000
vt -0.407737 -2.835873 0.000000
vt 0.000000 -2.865035 0.000000
vt 0.070865 -1.397342 0.000000
vt 0.407737 -2.835873 0.000000
vt 0.350697 -1.354473 0.000000
vt 0.807174 -2.748981 0.000000
vt 0.616172 -1.256152 0.000000
vt 1.190179 -2.606127 0.000000
vt 1.548955 -2.410221 0.000000
vt 0.856421 -1.106404 0.000000
vt 1.876199 -2.165249 0.000000
vt 1.061607 -0.911360 0.000000
vt 2.165249 -1.876199 0.000000
vt 2.410221 -1.548955 0.000000
vt 1.223331 -0.679004 0.000000
vt 2.606127 -1.190179 0.000000
vt 1.334972 -0.418850 0.000000
vt 2.748981 -0.807174 0.000000
vt 2.835873 -0.407737 0.000000
vt 1.391959 -0.141548 0.000000
vt 2.865035 0.000000 0.000000
vt 1.391959 0.141548 0.000000
vt 2.835873 0.407737 0.000000
vt 1.334972 0.418850 0.000000
vt 2.748981 0.807174 0.000000
vt 2.606127 1.190179 0.000000
vt 1.223331 0.679004 0.000000
vt 2.410221 1.548955 0.000000
vt 1.061607 0.911360 0.000000
vt 2.165249 1.876199 0.000000
vt 1.876199 2.165249 0.000000
vt 0.856421 1.106404 0.000000
vt 1.548955 2.410221 0.000000
vt 0.616172 1.256152 0.000000
vt 1.190179 2.606127 0.000000
vt 0.807174 2.748981 0.000000
vt 0.350697 1.354473 0.000000
vt 0.407737 2.835873 0.000000
vt 0.070865 1.397342 0.000000
vt 0.000000 2.865035 0.000000
vt -0.211868 1.383003 0.000000
vt -0.407737 2.835873 0.000000
vt -0.807174 2.748981 0.000000
vt -0.485928 1.312044 0.000000
vt -1.190179 2.606127 0.000000
vt -0.740093 1.187370 0.000000
vt -1.548955 2.410221 0.000000
vt -1.876199 2.165249 0.000000
vt -0.963960 1.014085 0.000000
vt -2.165249 1.876199 0.000000
vt -1.148361 0.799283 0.000000
vt -2.410221 1.548955 0.000000
vt -1.285748 0.551758 0.000000
vt -2.606127 1.190179 0.000000
vt -2.748981 0.807174 0.000000
vt -1.370497 0.281644 0.000000
vt 1.130000 -0.431969 0.000000
vt 0.000000 -0.431969 0.000000
vt 1.130000 -0.518363 0.000000
vt 0.000000 -0.518363 0.000000
vt 1.130000 0.518363 0.000000
vt 0.000000 0.518363 0.000000
vt 1.130000 0.431969 0.000000
vt 0.000000 0.431969 0.000000
vt 1.130000 0.345575 0.000000
vt 0.000000 0.345575 0.000000
vt 1.130000 0.259181 0.000000
vt -0.000000 0.259181 0.000000
vt 1.130000 0.172788 0.000000
vt -0.000000 0.172788 0.000000
vt 1.130000 0.086394 0.000000
vt -0.000000 0.086394 0.000000
vt 1.130000 0.000000 0.000000
vt -0.000000 0.000000 0.000000
vt 1.130000 -0.086394 0.000000
vt -0.000000 -0.086394 0.000000
vt 1.130000 -0.172788 0.000000
vt -0.000000 -0.172788 0.000000
vt 1.130000 -0.259181 0.000000
vt 0.000000 -0.259181 0.000000
vt 1.130000 -0.345575 0.000000
vt 0.000000 -0.345575 0.000000
vt 1.130000 -0.431969 0.000000
vt 0.000000 -0.431969 0.000000
vt 1.130000 -0.518363 0.000000
vt 0.000000 -0.518363 0.000000
vt 1.130000 0.518363 0.000000
vt 0.000000 0.518363 0.000000
vt 1.130000 0.431969 0.000000
vt 0.000000 0.431969 0.000000
vt 1.130000 0.345575 0.000000
vt 0.000000 0.345575 0.000000
vt 1.130000 0.259181 0.000000
vt -0.000000 0.259181 0.000000
vt 1.130000 0.172788 0.000000
vt -0.000000 0.172788 0.000000
vt 1.130000 0.086394 0.000000
vt -0.000000 0.086394 0.000000
vt 1.130000 0.000000 0.000000
vt -0.000000 0.000000 0.000000
vt 1.130000 -0.086394 0.000000
vt -0.000000 -0.086394 0.000000
vt 1.130000 -0.172788 0.000000
vt -0.000000 -0.172788 0.000000
vt 1.130000 -0.259181 0.000000
vt 0.000000 -0.259181 0.000000
vt 1.130000 -0.345575 0.000000
vt 0.000000 -0.345575 0.000000
vt 1.130000 -0.431969 0.000000
vt 0.000000 -0.431969 0.000000
vt 1.130000 -0.518363 0.000000
vt 0.000000 -0.518363 0.000000
vt 1.130000 0.518363 0.000000
vt 0.000000 0.518363 0.000000
vt 1.130000 0.431969 0.000000
vt 0.000000 0.431969 0.000000
vt 1.130000 0.345575 0.000000
vt 0.000000 0.345575 0.000000
vt 1.130000 0.259181 0.000000
vt -0.000000 0.259181 0.000000
vt 1.130000 0.172788 0.000000
vt -0.000000 0.172788 0.000000
vt 1.130000 0.086394 0.000000
vt -0.000000 0.086394 0.000000
vt 1.130000 0.000000 0.000000
vt -0.000000 0.000000 0.000000
vt 1.130000 -0.086394 0.000000
vt -0.000000 -0.086394 0.000000
vt 1.130000 -0.172788 0.000000
vt -0.000000 -0.172788 0.000000
vt 1.130000 -0.259181 0.000000
vt 0.000000 -0.259181 0.000000
vt 1.130000 -0.345575 0.000000
vt 0.000000 -0.345575 0.000000
vt 1.130000 -0.431969 0.000000
vt 0.000000 -0.431969 0.000000
vt 1.130000 -0.518363 0.000000
vt 0.000000 -0.518363 0.000000
vt 1.130000 0.518363 0.000000
vt 0.000000 0.518363 0.000000
vt 1.130000 0.431969 0.000000
vt 0.000000 0.431969 0.000000
vt 1.130000 0.345575 0.000000
vt 0.000000 0.345575 0.000000
vt 1.130000 0.259181 0.000000
vt -0.000000 0.259181 0.000000
vt 1.130000 0.172788 0.000000
vt -0.000000 0.172788 0.000000
vt 1.130000 0.086394 0.000000
vt -0.000000 0.086394 0.000000
vt 1.130000 0.000000 0.000000
vt -0.000000 0.000000 0.000000
vt 1.130000 -0.086394 0.000000
vt -0.000000 -0.086394 0.000000
vt 1.130000 -0.172788 0.000000
vt -0.000000 -0.172788 0.000000
vt 1.130000 -0.259181 0.000000
vt 0.000000 -0.259181 0.000000
vt 1.130000 -0.345575 0.000000
vt 0.000000 -0.345575 0.000000
vt 1.130000 -0.431969 0.000000
vt 0.000000 -0.431969 0.000000
vt 1.130000 -0.518363 0.000000
vt 0.000000 -0.518363 0.000000
vt 1.130000 0.518363 0.000000
vt 0.000000 0.518363 0.000000
vt 1.130000 0.431969 0.000000
vt 0.000000 0.431969 0.000000
vt 1.130000 0.345575 0.000000
vt 0.000000 0.345575 0.000000
vt 1.130000 0.259181 0.000000
vt -0.000000 0.259181 0.000000
vt 1.130000 0.172788 0.000000
vt -0.000000 0.172788 0.000000
vt 1.130000 0.086394 0.000000
vt -0.000000 0.086394 0.000000
vt 1.130000 -0.000000 0.000000
vt -0.000000 -0.000000 0.000000
vt 1.130000 -0.086394 0.000000
vt -0.000000 -0.086394 0.000000
vt 1.130000 -0.172788 0.000000
vt -0.000000 -0.172788 0.000000
vt 1.130000 -0.259181 0.000000
vt 0.000000 -0.259181 0.000000
vt 1.130000 -0.345575 0.000000
vt 0.000000 -0.345575 0.000000
vt 1.130000 -0.431969 0.000000
vt 0.000000 -0.431969 0.000000
vt 1.130000 -0.518363 0.000000
vt 0.000000 -0.518363 0.000000
vt 1.130000 0.518363 0.000000
vt 0.000000 0.518363 0.000000
vt 1.130000 0.431969 0.000000
vt 0.000000 0.431969 0.000000
vt 1.130000 0.345575 0.000000
vt 0.000000 0.345575 0.000000
vt 1.130000 0.259181 0.000000
vt -0.000000 0.259181 0.000000
vt 1.130000 0.172788 0.000000
vt -0.000000 0.172788 0.000000
vt 1.130000 0.086394 0.000000
vt -0.000000 0.086394 0.000000
vt 1.130000 0.000000 0.000000
vt -0.000000 0.000000 0.000000
vt 1.130000 -0.086394 0.000000
vt -0.000000 -0.086394 0.000000
vt 1.130000 -0.172788 0.000000
vt -0.000000 -0.172788 0.000000
vt 1.130000 -0.259181 0.000000
vt 0.000000 -0.259181 0.000000
vt 1.130000 -0.345575 0.000000
vt 0.000000 -0.345575 0.000000
vt 1.130000 -0.431969 0.000000
vt 0.000000 -0.431969 0.000000
vt 1.130000 -0.518363 0.000000
vt 0.000000 -0.518363 0.000000
vt 1.130000 0.518363 0.000000
vt 0.000000 0.518363 0.000000
vt 1.130000 0.431969 0.000000
vt 0.000000 0.431969 0.000000
vt 1.130000 0.345575 0.000000
vt 0.000000 0.345575 0.000000
vt 1.130000 0.259181 0.000000
vt -0.000000 0.259181 0.000000
vt 1.130000 0.172788 0.000000
vt -0.000000 0.172788 0.000000
vt 1.130000 0.086394 0.000000
vt -0.000000 0.086394 0.000000
vt 1.130000 0.000000 0.000000
vt -0.000000 0.000000 0.000000
vt 1.130000 -0.086394 0.000000
vt -0.000000 -0.086394 0.000000
vt 1.130000 -0.172788 0.000000
vt -0.000000 -0.172788 0.000000
vt 1.130000 -0.259181 0.000000
vt 0.000000 -0.259181 0.000000
vt 1.130000 -0.345575 0.000000
vt 0.000000 -0.345575 0.000000
vt 1.130000 -0.431969 0.000000
vt 0.000000 -0.431969 0.000000
vt 1.130000 -0.518363 0.000000
vt 0.000000 -0.518363 0.000000
vt 1.130000 0.518363 0.000000
vt 0.000000 0.518363 0.000000
vt 1.130000 0.431969 0.000000
vt 0.000000 0.431969 0.000000
vt 1.130000 0.345575 0.000000
vt 0.000000 0.345575 0.000000
vt 1.130000 0.259181 0.000000
vt -0.000000 0.259181 0.000000
vt 1.130000 0.172788 0.000000
vt -0.000000 0.172788 0.000000
vt 1.130000 0.086394 0.000000
vt -0.000000 0.086394 0.000000
vt 1.130000 -0.000000 0.000000
vt -0.000000 -0.000000 0.000000
vt 1.130000 -0.086394 0.000000
vt -0.000000 -0.086394 0.000000
vt 1.130000 -0.172788 0.000000
vt -0.000000 -0.172788 0.000000
vt 1.130000 -0.259181 0.000000
vt 0.000000 -0.259181 0.000000
vt 1.130000 -0.345575 0.000000
vt 0.000000 -0.345575 0.000000
vt -1.130000 19.641618 0.000000
vt -0.000000 19.641618 0.000000
vt -1.130000 20.255419 0.000000
vt -0.000000 20.255419 0.000000
vt -1.130000 -20.255419 0.000000
vt -0.000000 -20.255419 0.000000
vt -1.130000 -19.641618 0.000000
vt -0.000000 -19.641618 0.000000
vt -1.130000 -19.027817 0.000000
vt -0.000000 -19.027817 0.000000
vt -1.130000 -18.414017 0.000000
vt -0.000000 -18.414017 0.000000
vt -1.130000 -17.800216 0.000000
vt -0.000000 -17.800216 0.000000
vt -1.130000 -17.186416 0.000000
vt -0.000000 -17.186416 0.000000
vt -1.130000 -16.572615 0.000000
vt -0.000000 -16.572615 0.000000
vt -1.130000 -15.958815 0.000000
vt -0.000000 -15.958815 0.000000
vt -1.130000 -15.345014 0.000000
vt -0.000000 -15.345014 0.000000
vt -1.130000 -14.731214 0.000000
vt -0.000000 -14.731214 0.000000
vt -1.130000 -14.117413 0.000000
vt -0.000000 -14.117413 0.000000
vt -1.130000 -13.503612 0.000000
vt -0.000000 -13.503612 0.000000
vt -1.130000 -12.889812 0.000000
vt -0.000000 -12.889812 0.000000
vt -1.130000 -12.276011 0.000000
vt -0.000000 -12.276011 0.000000
vt -1.130000 -11.662211 0.000000
vt -0.000000 -11.662211 0.000000
vt -1.130000 -11.048410 0.000000
vt -0.000000 -11.048410 0.000000
vt -1.130000 -10.434610 0.000000
vt -0.000000 -10.434610 0.000000
vt -1.130000 -9.820809 0.000000
vt -0.000000 -9.820809 0.000000
vt -1.130000 -9.207008 0.000000
vt 0.000000 -9.207008 0.000000
vt -1.130000 -8.593208 0.000000
vt 0.000000 -8.593208 0.000000
vt -1.130000 -7.979407 0.000000
vt 0.000000 -7.979407 0.000000
vt -1.130000 -7.365607 0.000000
vt 0.000000 -7.365607 0.000000
vt -1.130000 -6.751806 0.000000
vt 0.000000 -6.751806 0.000000
vt -1.130000 -6.138006 0.000000
vt 0.000000 -6.138006 0.000000
vt -1.130000 -5.524205 0.000000
vt 0.000000 -5.524205 0.000000
vt -1.130000 -4.910405 0.000000
vt 0.000000 -4.910405 0.000000
vt -1.130000 -4.296604 0.000000
vt 0.000000 -4.296604 0.000000
vt -1.130000 -3.682803 0.000000
vt 0.000000 -3.682803 0.000000
vt -1.130000 -3.069003 0.000000
vt 0.000000 -3.069003 0.000000
vt -1.130000 -2.455202 0.000000
vt 0.000000 -2.455202 0.000000
vt -1.130000 -1.841402 0.000000
vt 0.000000 -1.841402 0.000000
vt -1.130000 -1.227601 0.000000
vt 0.000000 -1.227601 0.000000
vt -1.130000 -0.613801 0.000000
vt 0.000000 -0.613801 0.000000
vt -1.130000 0.000000 0.000000
vt 0.000000 0.000000 0.000000
vt -1.130000 0.613801 0.000000
vt 0.000000 0.613801 0.000000
vt -1.130000 1.227601 0.000000
vt 0.000000 1.227601 0.000000
vt -1.130000 1.841402 0.000000
vt 0.000000 1.841402 0.000000
vt -1.130000 2.455202 0.000000
vt 0.000000 2.455202 0.000000
vt -1.130000 3.069003 0.000000
vt 0.000000 3.069003 0.000000
vt -1.130000 3.682803 0.000000
vt 0.000000 3.682803 0.000000
vt -1.130000 4.296604 0.000000
vt 0.000000 4.296604 0.000000
vt -1.130000 4.910405 0.000000
vt 0.000000 4.910405 0.000000
vt -1.130000 5.524205 0.000000
vt 0.000000 5.524205 0.000000
vt -1.130000 6.138006 0.000000
vt 0.000000 6.138006 0.000000
vt -1.130000 6.751806 0.000000
vt 0.000000 6.751806 0.000000
vt -1.130000 7.365607 0.000000
vt 0.000000 7.365607 0.000000
vt -1.130000 7.979407 0.000000
vt 0.000000 7.979407 0.000000
vt -1.130000 8.593208 0.000000
vt 0.000000 8.593208 0.000000
vt -1.130000 9.207008 0.000000
vt 0.000000 9.207008 0.000000
vt -1.130000 9.820809 0.000000
vt 0.000000 9.820809 0.000000
vt -1.130000 10.434610 0.000000
vt 0.000000 10.434610 0.000000
vt -1.130000 11.048410 0.000000
vt -0.000000 11.048410 0.000000
vt -1.130000 11.662211 0.000000
vt -0.000000 11.662211 0.000000
vt -1.130000 12.276011 0.000000
vt -0.000000 12.276011 0.000000
vt -1.130000 12.889812 0.000000
vt -0.000000 12.889812 0.000000
vt -1.130000 13.503612 0.000000
vt -0.000000 13.503612 0.000000
vt -1.130000 14.117413 0.000000
vt -0.000000 14.117413 0.000000
vt -1.130000 14.731214 0.000000
vt -0.000000 14.731214 0.000000
vt -1.130000 15.345014 0.000000
vt -0.000000 15.345014 0.000000
vt -1.130000 15.958815 0.000000
vt -0.000000 15.958815 0.000000
vt -1.130000 16.572615 0.000000
vt -0.000000 16.572615 0.000000
vt -1.130000 17.186416 0.000000
vt -0.000000 17.186416 0.000000
vt -1.130000 17.800216 0.000000
vt -0.000000 17.800216 0.000000
vt -1.130000 18.414017 0.000000
vt -0.000000 18.414017 0.000000
vt -1.130000 19.027817 0.000000
vt -0.000000 19.027817 0.000000
vt -0.557272 3.991561 0.000000
vt -3.900864 4.065864 0.000000
vt -0.583928 3.814708 0.000000
vt -3.922970 3.983364 0.000000
vt -0.557272 3.637855 0.000000
vt -0.479671 3.476716 0.000000
vt -3.514708 0.535687 0.000000
vt -3.374877 0.424176 0.000000
vt -0.479671 4.152700 0.000000
vt -2.108771 6.092893 0.000000
vt -2.678388 5.864852 0.000000
vt -3.223750 5.583699 0.000000
vt -1.520056 6.265755 0.000000
vt -0.358022 4.283807 0.000000
vt -0.142894 5.667500 0.000000
vt -0.082500 5.607106 0.000000
vt -0.203133 4.373232 0.000000
vt -0.028766 4.413030 0.000000
vt 0.000000 5.585000 0.000000
vt 0.149585 4.399665 0.000000
vt 0.082500 5.607106 0.000000
vt 0.316072 4.334323 0.000000
vt 0.142894 5.667500 0.000000
vt 0.455903 4.222812 0.000000
vt 1.520056 6.265755 0.000000
vt 2.108771 6.092893 0.000000
vt 0.556653 4.075038 0.000000
vt 2.678388 5.864852 0.000000
vt 0.609371 3.904133 0.000000
vt 3.223750 5.583699 0.000000
vt 3.900864 4.065864 0.000000
vt 3.922970 4.148364 0.000000
vt 0.609371 3.725283 0.000000
vt 3.922970 3.983364 0.000000
vt 0.556653 3.554378 0.000000
vt 3.983364 3.922970 0.000000
vt 3.440614 0.453027 0.000000
vt 3.595503 0.542452 0.000000
vt 0.455903 3.406604 0.000000
vt 3.318965 0.321920 0.000000
vt 0.316072 3.295093 0.000000
vt 3.241364 0.160781 0.000000
vt 0.149585 3.229751 0.000000
vt 3.214708 -0.016072 0.000000
vt -0.028766 3.216386 0.000000
vt -3.221410 -0.073353 0.000000
vt -3.221410 0.105497 0.000000
vt -0.203133 3.256184 0.000000
vt -3.274127 0.276402 0.000000
vt -0.358022 3.345609 0.000000
vt -4.388052 -0.160781 0.000000
vt -4.414708 0.016072 0.000000
vt -5.585000 0.000000 0.000000
vt -4.388052 0.192925 0.000000
vt -5.607106 0.082500 0.000000
vt -4.310451 0.354064 0.000000
vt -5.667500 0.142894 0.000000
vt -6.330985 1.220197 0.000000
vt -5.750000 0.165000 0.000000
vt -6.418305 0.612874 0.000000
vt -5.832500 0.142894 0.000000
vt -5.892894 0.082500 0.000000
vt -6.447500 0.000000 0.000000
vt -5.915000 0.000000 0.000000
vt -5.892894 -0.082500 0.000000
vt -6.418305 -0.612874 0.000000
vt -5.832500 -0.142894 0.000000
vt -5.750000 -0.165000 0.000000
vt -6.330985 -1.220197 0.000000
vt -5.667500 -0.142894 0.000000
vt -4.188802 -0.453027 0.000000
vt -4.310451 -0.321920 0.000000
vt -4.188802 0.485171 0.000000
vt -6.186331 1.816471 0.000000
vt -5.985652 2.396294 0.000000
vt -4.033913 0.574596 0.000000
vt -5.730767 2.954415 0.000000
vt -3.859546 0.614394 0.000000
vt -4.065864 3.900864 0.000000
vt -3.681196 0.601029 0.000000
vt -3.983364 3.922970 0.000000
vt -3.274127 -0.244258 0.000000
vt -0.235277 -3.256184 0.000000
vt -0.060910 -3.216386 0.000000
vt 0.117441 -3.229751 0.000000
vt 3.241364 -0.192925 0.000000
vt 0.283928 -3.295093 0.000000
vt 3.318965 -0.354064 0.000000
vt 0.423759 -3.406604 0.000000
vt 3.440614 -0.485171 0.000000
vt 0.524509 -3.554378 0.000000
vt 3.922970 -3.983364 0.000000
vt 0.577226 -3.725283 0.000000
vt 3.900864 -4.065864 0.000000
vt 0.577226 -3.904133 0.000000
vt 3.223750 -5.583699 0.000000
vt 2.678388 -5.864852 0.000000
vt 0.524509 -4.075038 0.000000
vt 2.108771 -6.092893 0.000000
vt 0.423759 -4.222812 0.000000
vt 1.520056 -6.265755 0.000000
vt 0.142894 -5.667500 0.000000
vt 0.917575 -6.381874 0.000000
vt 0.165000 -5.750000 0.000000
vt 0.142894 -5.832500 0.000000
vt -0.390166 -3.345609 0.000000
vt -3.374877 -0.392032 0.000000
vt -0.511815 -3.476716 0.000000
vt -3.514708 -0.503543 0.000000
vt -3.983364 -3.922970 0.000000
vt -3.681196 -0.568885 0.000000
vt -4.065864 -3.900864 0.000000
vt -3.859546 -0.582250 0.000000
vt -5.730767 -2.954415 0.000000
vt -4.033913 -0.542452 0.000000
vt -5.985652 -2.396294 0.000000
vt -6.186331 -1.816471 0.000000
vt -5.607106 -0.082500 0.000000
vt 3.769870 0.582250 0.000000
vt 4.065864 3.900864 0.000000
vt 3.948221 0.568885 0.000000
vt 5.730767 2.954415 0.000000
vt 5.985652 2.396294 0.000000
vt 4.114708 0.503543 0.000000
vt 6.186331 1.816471 0.000000
vt 4.254539 0.392032 0.000000
vt 6.330985 1.220197 0.000000
vt 5.667500 0.142894 0.000000
vt 5.750000 0.165000 0.000000
vt 4.355289 0.244258 0.000000
vt 5.607106 0.082500 0.000000
vt 4.408007 0.073353 0.000000
vt 5.585000 -0.000000 0.000000
vt 4.408007 -0.105497 0.000000
vt 5.607106 -0.082500 0.000000
vt 4.355289 -0.276402 0.000000
vt 5.667500 -0.142894 0.000000
vt 4.254539 -0.424176 0.000000
vt 6.330985 -1.220197 0.000000
vt 6.186331 -1.816471 0.000000
vt 4.114708 -0.535687 0.000000
vt 5.985652 -2.396294 0.000000
vt 3.948221 -0.601029 0.000000
vt 5.730767 -2.954415 0.000000
vt 4.065864 -3.900864 0.000000
vt 5.423982 -3.485782 0.000000
vt 4.148364 -3.922970 0.000000
vt 5.068077 -3.985580 0.000000
vt 4.208758 -3.983364 0.000000
vt 4.230864 -4.065864 0.000000
vt 3.769870 -0.614394 0.000000
vt 3.983364 -3.922970 0.000000
vt 3.595503 -0.574596 0.000000
vt -0.589416 -3.637855 0.000000
vt -3.922970 -3.983364 0.000000
vt -0.616072 -3.814708 0.000000
vt -3.900864 -4.065864 0.000000
vt -0.589416 -3.991561 0.000000
vt -3.223750 -5.583699 0.000000
vt -2.678388 -5.864852 0.000000
vt 0.283928 -4.334323 0.000000
vt 0.082500 -5.607106 0.000000
vt 0.117441 -4.399665 0.000000
vt -0.000000 -5.585000 0.000000
vt -0.060910 -4.413030 0.000000
vt -0.082500 -5.607106 0.000000
vt -0.235277 -4.373232 0.000000
vt -0.142894 -5.667500 0.000000
vt -0.390166 -4.283807 0.000000
vt -1.520056 -6.265755 0.000000
vt -0.511815 -4.152700 0.000000
vt -2.108771 -6.092893 0.000000
vt -3.922970 -4.148364 0.000000
vt -3.739917 -5.251978 0.000000
vt -3.983364 -4.208758 0.000000
vt -4.222215 -4.872695 0.000000
vt -4.065864 -4.230864 0.000000
vt -4.148364 -4.208758 0.000000
vt -4.666275 -4.449284 0.000000
vt -4.208758 -4.148364 0.000000
vt -4.230864 -4.065864 0.000000
vt -5.068077 -3.985580 0.000000
vt -4.208758 -3.983364 0.000000
vt -4.148364 -3.922970 0.000000
vt -5.423982 -3.485782 0.000000
vt -5.423982 3.485782 0.000000
vt -4.148364 3.922970 0.000000
vt -5.068077 3.985580 0.000000
vt -4.208758 3.983364 0.000000
vt -4.230864 4.065864 0.000000
vt -4.666275 4.449284 0.000000
vt -4.208758 4.148364 0.000000
vt -4.148364 4.208758 0.000000
vt -4.222215 4.872695 0.000000
vt -4.065864 4.230864 0.000000
vt -3.983364 4.208758 0.000000
vt -3.739917 5.251978 0.000000
vt -3.922970 4.148364 0.000000
vt 0.142894 5.832500 0.000000
vt 0.165000 5.750000 0.000000
vt 0.917575 6.381874 0.000000
vt -0.917575 6.381874 0.000000
vt -0.165000 5.750000 0.000000
vt -0.142894 5.832500 0.000000
vt -0.306784 6.440197 0.000000
vt -0.082500 5.892894 0.000000
vt 0.000000 5.915000 0.000000
vt 0.306784 6.440197 0.000000
vt 0.082500 5.892894 0.000000
vt 4.208758 3.983364 0.000000
vt 5.068077 3.985580 0.000000
vt 4.230864 4.065864 0.000000
vt 4.666275 4.449284 0.000000
vt 4.208758 4.148364 0.000000
vt 4.148364 4.208758 0.000000
vt 4.222215 4.872695 0.000000
vt 4.065864 4.230864 0.000000
vt 3.983364 4.208758 0.000000
vt 3.739917 5.251978 0.000000
vt 4.148364 3.922970 0.000000
vt 5.423982 3.485782 0.000000
vt 5.892894 0.082500 0.000000
vt 5.915000 -0.000000 0.000000
vt 6.447500 -0.000000 0.000000
vt 5.892894 -0.082500 0.000000
vt 6.418305 -0.612874 0.000000
vt 5.832500 -0.142894 0.000000
vt 5.750000 -0.165000 0.000000
vt 6.418305 0.612874 0.000000
vt 5.832500 0.142894 0.000000
vt 4.666275 -4.449284 0.000000
vt 4.208758 -4.148364 0.000000
vt 4.148364 -4.208758 0.000000
vt 4.222215 -4.872695 0.000000
vt 4.065864 -4.230864 0.000000
vt 3.983364 -4.208758 0.000000
vt 3.739917 -5.251978 0.000000
vt 3.922970 -4.148364 0.000000
vt 0.306784 -6.440197 0.000000
vt 0.082500 -5.892894 0.000000
vt -0.000000 -5.915000 0.000000
vt -0.306784 -6.440197 0.000000
vt -0.082500 -5.892894 0.000000
vt -0.142894 -5.832500 0.000000
vt -0.917575 -6.381874 0.000000
vt -0.165000 -5.750000 0.000000
vt 0.000000 -1.399138 0.000000
vt 0.281644 -1.370497 0.000000
vt -0.281644 -1.370497 0.000000
vt -0.551758 -1.285748 0.000000
vt 0.551758 -1.285748 0.000000
vt -0.799283 -1.148361 0.000000
vt 0.799283 -1.148361 0.000000
vt -1.014085 -0.963960 0.000000
vt 1.014085 -0.963960 0.000000
vt -1.187370 -0.740093 0.000000
vt 1.187370 -0.740093 0.000000
vt -1.312044 -0.485928 0.000000
vt 1.312044 -0.485928 0.000000
vt -1.383003 -0.211868 0.000000
vt 1.383003 -0.211868 0.000000
vt -1.397342 0.070865 0.000000
vt 1.397342 0.070865 0.000000
vt -1.354473 0.350697 0.000000
vt 1.354473 0.350697 0.000000
vt -1.256152 0.616172 0.000000
vt 1.256152 0.616172 0.000000
vt -1.106404 0.856421 0.000000
vt 1.106404 0.856421 0.000000
vt -0.911360 1.061607 0.000000
vt 0.911360 1.061607 0.000000
vt -0.679004 1.223331 0.000000
vt 0.679004 1.223331 0.000000
vt -0.418850 1.334972 0.000000
vt 0.418850 1.334972 0.000000
vt -0.141548 1.391959 0.000000
vt 0.141548 1.391959 0.000000
vn -0.000000 0.974928 -0.222521
vn -0.000000 0.974928 -0.222521
vn -0.000000 0.866025 -0.500000
vn -0.000000 0.866025 -0.500000
vn -0.000000 0.680173 -0.733052
vn -0.000000 0.680173 -0.733052
vn -0.000000 0.433884 -0.900969
vn -0.000000 0.997204 0.074730
vn -0.000000 0.997204 0.074730
vn -0.000000 0.930874 0.365341
vn -0.000000 0.930874 0.365341
vn -0.000000 0.781831 0.623490
vn -0.000000 0.781831 0.623490
vn -0.000000 0.563320 0.826239
vn -0.000000 0.563320 0.826239
vn 0.000000 0.294755 0.955573
vn 0.000000 0.294755 0.955573
vn 0.000000 0.000000 1.000000
vn 0.000000 -0.000000 1.000000
vn 0.000000 -0.294755 0.955573
vn 0.000000 -0.294755 0.955573
vn 0.000000 -0.563320 0.826239
vn 0.000000 -0.563320 0.826239
vn 0.000000 -0.781831 0.623490
vn 0.000000 -0.781831 0.623490
vn 0.000000 -0.930874 0.365341
vn 0.000000 -0.930874 0.365341
vn 0.000000 -0.997204 0.074730
vn 0.000000 -0.997204 0.074730
vn 0.000000 -0.974928 -0.222521
vn 0.000000 -0.974928 -0.222521
vn 0.000000 -0.866025 -0.500000
vn 0.000000 -0.866025 -0.500000
vn 0.000000 -0.680173 -0.733052
vn 0.000000 -0.680173 -0.733052
vn 0.000000 -0.433884 -0.900969
vn 0.000000 -0.433884 -0.900969
vn -0.000000 -0.149042 -0.988831
vn -0.000000 -0.149042 -0.988831
vn -0.000000 0.149042 -0.988831
vn -0.000000 0.149042 -0.988831
vn -0.000000 0.433884 -0.900969
vn -0.000000 0.974928 -0.222521
vn -0.000000 0.974928 -0.222521
vn -0.000000 0.866025 -0.500000
vn -0.000000 0.866025 -0.500000
vn -0.000000 0.680173 -0.733052
vn -0.000000 0.680173 -0.733052
vn -0.000000 0.433884 -0.900969
vn -0.000000 0.997204 0.074730
vn -0.000000 0.997204 0.074730
vn -0.000000 0.930874 0.365341
vn -0.000000 0.930874 0.365341
vn -0.000000 0.781831 0.623490
vn -0.000000 0.781831 0.623490
vn -0.000000 0.563320 0.826239
vn -0.000000 0.563320 0.826239
vn 0.000000 0.294755 0.955573
vn 0.000000 0.294755 0.955573
vn 0.000000 0.000000 1.000000
vn 0.000000 -0.000000 1.000000
vn 0.000000 -0.294755 0.955573
vn 0.000000 -0.294755 0.955573
vn 0.000000 -0.563320 0.826239
vn 0.000000 -0.563320 0.826239
vn 0.000000 -0.781831 0.623490
vn 0.000000 -0.781831 0.623490
vn 0.000000 -0.930874 0.365341
vn 0.000000 -0.930874 0.365341
vn 0.000000 -0.997204 0.074730
vn 0.000000 -0.997204 0.074730
vn 0.000000 -0.974928 -0.222521
vn 0.000000 -0.974928 -0.222521
vn 0.000000 -0.866025 -0.500000
vn 0.000000 -0.866025 -0.500000
vn 0.000000 -0.680173 -0.733052
vn 0.000000 -0.680173 -0.733052
vn 0.000000 -0.433884 -0.900969
vn 0.000000 -0.433884 -0.900969
vn -0.000000 -0.149042 -0.988831
vn -0.000000 -0.149042 -0.988831
vn -0.000000 0.149042 -0.988831
vn -0.000000 0.149042 -0.988831
vn -0.000000 0.433884 -0.900969
vn -0.000000 0.974928 -0.222521
vn -0.000000 0.974928 -0.222521
vn -0.000000 0.866025 -0.500000
vn -0.000000 0.866025 -0.500000
vn -0.000000 0.680173 -0.733052
vn -0.000000 0.680173 -0.733052
vn -0.000000 0.433884 -0.900969
vn -0.000000 0.997204 0.074730
vn -0.000000 0.997204 0.074730
vn -0.000000 0.930874 0.365341
vn -0.000000 0.930874 0.365341
vn -0.000000 0.781831 0.623490
vn -0.000000 0.781831 0.623490
vn -0.000000 0.563320 0.826239
vn -0.000000 0.563320 0.826239
vn 0.000000 0.294755 0.955573
vn 0.000000 0.294755 0.955573
vn 0.000000 0.000000 1.000000
vn 0.000000 -0.000000 1.000000
vn 0.000000 -0.294755 0.955573
vn 0.000000 -0.294755 0.955573
vn 0.000000 -0.563320 0.826239
vn 0.000000 -0.563320 0.826239
vn 0.000000 -0.781831 0.623490
vn 0.000000 -0.781831 0.623490
vn 0.000000 -0.930874 0.365341
vn 0.000000 -0.930874 0.365341
vn 0.000000 -0.997204 0.074730
vn 0.000000 -0.997204 0.074730
vn 0.000000 -0.974928 -0.222521
vn 0.000000 -0.974928 -0.222521
vn 0.000000 -0.866025 -0.500000
vn 0.000000 -0.866025 -0.500000
vn 0.000000 -0.680173 -0.733052
vn 0.000000 -0.680173 -0.733052
vn 0.000000 -0.433884 -0.900969
vn 0.000000 -0.433884 -0.900969
vn -0.000000 -0.149042 -0.988831
vn -0.000000 -0.149042 -0.988831
vn -0.000000 0.149042 -0.988831
vn -0.000000 0.149042 -0.988831
vn -0.000000 0.433884 -0.900969
vn -0.000000 0.974928 -0.222521
vn -0.000000 0.974928 -0.222521
vn -0.000000 0.866025 -0.500000
vn -0.000000 0.866025 -0.500000
vn -0.000000 0.680173 -0.733052
vn -0.000000 0.680173 -0.733052
vn -0.000000 0.433884 -0.900969
vn -0.000000 0.997204 0.074730
vn -0.000000 0.997204 0.074730
vn -0.000000 0.930874 0.365341
vn -0.000000 0.930874 0.365341
vn -0.000000 0.781831 0.623490
vn -0.000000 0.781831 0.623490
vn -0.000000 0.563320 0.826239
vn -0.000000 0.563320 0.826239
vn 0.000000 0.294755 0.955573
vn 0.000000 0.294755 0.955573
vn 0.000000 0.000000 1.000000
vn 0.000000 -0.000000 1.000000
vn 0.000000 -0.294755 0.955573
vn 0.000000 -0.294755 0.955573
vn 0.000000 -0.563320 0.826239
vn 0.000000 -0.563320 0.826239
vn 0.000000 -0.781831 0.623490
vn 0.000000 -0.781831 0.623490
vn 0.000000 -0.930874 0.365341
vn 0.000000 -0.930874 0.365341
vn 0.000000 -0.997204 0.074730
vn 0.000000 -0.997204 0.074730
vn 0.000000 -0.974928 -0.222521
vn 0.000000 -0.974928 -0.222521
vn 0.000000 -0.866025 -0.500000
vn 0.000000 -0.866025 -0.500000
vn 0.000000 -0.680173 -0.733052
vn 0.000000 -0.680173 -0.733052
vn 0.000000 -0.433884 -0.900969
vn 0.000000 -0.433884 -0.900969
vn -0.000000 -0.149042 -0.988831
vn -0.000000 -0.149042 -0.988831
vn -0.000000 0.149042 -0.988831
vn -0.000000 0.149042 -0.988831
vn -0.000000 0.433884 -0.900969
vn 0.383174 -0.799927 0.461838
vn -0.000000 -0.866025 0.500000
vn -0.000000 -0.866025 0.500000
vn -0.382809 -0.800058 0.461914
vn -0.383174 -0.799927 0.461838
vn -0.705949 -0.613373 0.354131
vn -0.706855 -0.612590 0.353679
vn -0.922031 -0.335252 0.193558
vn -0.923459 -0.332292 0.191849
vn -0.999984 -0.004837 0.002793
vn -0.999999 -0.001113 0.000642
vn -0.925633 0.327723 -0.189211
vn -0.924285 0.330564 -0.190851
vn -0.709149 0.610599 -0.352530
vn -0.707578 0.611964 -0.353318
vn -0.384213 0.799553 -0.461622
vn -0.383037 0.799976 -0.461866
vn -0.000000 0.866025 -0.500000
vn -0.000000 0.866025 -0.500000
vn 0.383037 0.799976 -0.461866
vn 0.382809 -0.800058 0.461914
vn 0.705949 -0.613373 0.354131
vn 0.706855 -0.612590 0.353679
vn 0.922031 -0.335252 0.193558
vn 0.923459 -0.332292 0.191849
vn 0.999984 -0.004837 0.002793
vn 0.999999 -0.001113 0.000642
vn 0.925633 0.327723 -0.189211
vn 0.924285 0.330564 -0.190851
vn 0.709149 0.610599 -0.352530
vn 0.707578 0.611964 -0.353318
vn 0.384213 0.799553 -0.461622
vn 0.384213 0.799553 -0.461622
vn 0.383037 0.799976 -0.461866
vn -0.000000 0.866025 -0.500000
vn -0.000000 0.866025 -0.500000
vn -0.383037 0.799976 -0.461866
vn 0.707578 0.611964 -0.353318
vn 0.709149 0.610599 -0.352530
vn 0.924285 0.330564 -0.190851
vn 0.925633 0.327723 -0.189211
vn 0.999999 -0.001113 0.000642
vn 0.999984 -0.004837 0.002793
vn 0.923459 -0.332292 0.191849
vn 0.922031 -0.335252 0.193558
vn 0.706855 -0.612590 0.353679
vn 0.705949 -0.613373 0.354131
vn 0.382809 -0.800058 0.461914
vn 0.383174 -0.799927 0.461838
vn -0.000000 -0.866025 0.500000
vn -0.000000 -0.866025 0.500000
vn -0.383174 -0.799927 0.461838
vn -0.382809 -0.800058 0.461914
vn -0.705949 -0.613373 0.354131
vn -0.706855 -0.612590 0.353679
vn -0.922031 -0.335252 0.193558
vn -0.923459 -0.332292 0.191849
vn -0.999984 -0.004837 0.002793
vn -0.999999 -0.001113 0.000642
vn -0.925633 0.327723 -0.189211
vn -0.924285 0.330564 -0.190851
vn -0.709149 0.610599 -0.352530
vn -0.707578 0.611964 -0.353318
vn -0.384213 0.799553 -0.461622
vn 0.000000 0.786053 -0.618159
vn 0.500000 0.735112 -0.457832
vn 0.000000 0.866025 -0.500000
vn 0.500000 0.789576 -0.355766
vn 0.000000 0.928368 -0.371662
vn 0.500000 0.829950 -0.247352
vn 0.000000 0.971812 -0.235759
vn 0.500000 0.855514 -0.134523
vn 0.000000 0.995472 -0.095056
vn 0.500000 0.865810 -0.019294
vn 0.000000 0.998867 0.047582
vn 0.500000 0.860657 0.096279
vn 0.000000 0.981929 0.189251
vn 0.500000 0.840145 0.210135
vn 0.000000 0.945001 0.327068
vn 0.500000 0.804641 0.320240
vn 0.000000 0.888835 0.458227
vn 0.500000 0.754777 0.424631
vn 0.000000 0.814576 0.580057
vn 0.500000 0.691445 0.521444
vn 0.000000 0.723734 0.690079
vn 0.500000 0.615774 0.608952
vn 0.000000 0.618159 0.786053
vn 0.500000 0.529114 0.685593
vn 0.000000 0.500000 0.866025
vn 0.500000 0.433013 0.750000
vn 0.500000 0.329184 0.801023
vn 0.866025 0.250000 0.433013
vn 0.866025 0.190054 0.462471
vn 1.000000 0.000000 0.000000
vn 1.000000 -0.000000 -0.000000
vn 0.500000 0.667530 -0.551728
vn 0.000000 0.690079 -0.723734
vn 0.500000 0.588036 -0.635778
vn 0.000000 0.580057 -0.814576
vn 0.500000 0.498048 -0.708483
vn 0.000000 0.458227 -0.888835
vn 0.500000 0.399173 -0.768545
vn 0.500000 0.293174 -0.814892
vn 0.866025 0.169264 -0.470478
vn 0.866025 0.105045 -0.488841
vn 1.000000 0.000000 -0.000000
vn 1.000000 0.000000 -0.000000
vn 0.866025 0.038952 -0.498480
vn 1.000000 -0.000000 -0.000000
vn 0.866025 -0.027837 -0.499225
vn 1.000000 -0.000000 -0.000000
vn 0.866025 -0.094128 -0.491060
vn 1.000000 -0.000000 -0.000000
vn 0.866025 -0.158740 -0.474132
vn 1.000000 -0.000000 -0.000000
vn 0.866025 -0.220520 -0.448744
vn 0.866025 -0.278364 -0.415348
vn 0.500000 -0.381951 -0.777247
vn 0.500000 -0.482140 -0.719403
vn 0.000000 -0.500000 -0.866025
vn 0.000000 -0.618159 -0.786053
vn 0.000000 0.327068 -0.945001
vn 0.500000 0.181944 -0.846697
vn 0.000000 0.189251 -0.981929
vn 0.500000 0.067467 -0.863393
vn 0.000000 0.047582 -0.998867
vn 0.500000 -0.048214 -0.864682
vn 0.000000 -0.095056 -0.995472
vn 0.500000 -0.163035 -0.850541
vn 0.000000 -0.235759 -0.971812
vn 0.500000 -0.274946 -0.821221
vn 0.000000 -0.371662 -0.928368
vn 0.500000 -0.573725 -0.648721
vn 0.000000 -0.723734 -0.690079
vn 0.500000 -0.655072 -0.566463
vn 0.000000 -0.814576 -0.580057
vn 0.500000 -0.724730 -0.474096
vn 0.000000 -0.888835 -0.458227
vn 0.500000 -0.781454 -0.373269
vn 0.000000 -0.945001 -0.327068
vn 0.500000 -0.824233 -0.265781
vn 0.000000 -0.981929 -0.189251
vn 0.500000 -0.852304 -0.153550
vn 0.000000 -0.998867 -0.047582
vn 0.500000 -0.865166 -0.038579
vn 0.000000 -0.995472 0.095056
vn 0.500000 -0.862588 0.077081
vn 0.500000 -0.844618 0.191365
vn 0.866025 -0.487640 0.110485
vn 0.866025 -0.468563 0.174495
vn 1.000000 0.000000 -0.000000
vn 1.000000 -0.000000 0.000000
vn 0.866025 -0.441125 0.235391
vn 1.000000 -0.000000 0.000000
vn 0.866025 -0.405814 0.292087
vn 1.000000 -0.000000 0.000000
vn 0.866025 -0.363262 0.343571
vn 1.000000 0.000000 -0.000000
vn 0.866025 -0.314227 0.388923
vn 1.000000 0.000000 -0.000000
vn 0.866025 -0.259585 0.427335
vn 1.000000 0.000000 -0.000000
vn 0.866025 -0.200311 0.458122
vn 1.000000 -0.000000 0.000000
vn 0.866025 -0.137462 0.480733
vn 1.000000 0.000000 -0.000000
vn 0.866025 -0.072160 0.494766
vn 1.000000 0.000000 -0.000000
vn 0.866025 -0.005570 0.499969
vn 1.000000 0.000000 -0.000000
vn 0.866025 0.061119 0.496250
vn 1.000000 0.000000 0.000000
vn 0.866025 0.126717 0.483676
vn 0.000000 -0.971812 0.235759
vn 0.500000 -0.811575 0.302234
vn 0.000000 -0.928368 0.371662
vn 0.500000 -0.764050 0.407710
vn 0.000000 -0.866025 0.500000
vn 0.500000 -0.702891 0.505910
vn 0.000000 -0.786053 0.618159
vn 0.500000 -0.629188 0.595082
vn 0.000000 -0.690079 0.723734
vn 0.500000 -0.544257 0.673635
vn 0.000000 -0.580057 0.814576
vn 0.500000 -0.449614 0.740167
vn 0.000000 -0.458227 0.888835
vn 0.500000 -0.346948 0.793490
vn 0.000000 -0.327068 0.945001
vn 0.500000 -0.238091 0.832654
vn 0.000000 -0.189251 0.981929
vn 0.500000 -0.124984 0.856959
vn 0.000000 -0.047582 0.998867
vn 0.500000 -0.009648 0.865972
vn 0.000000 0.095056 0.995472
vn 0.500000 0.105861 0.859531
vn 0.000000 0.235759 0.971812
vn 0.500000 0.219481 0.837752
vn 0.000000 0.371662 0.928368
vn 1.000000 0.000000 -0.000000
vn 0.866025 0.455862 -0.205402
vn 1.000000 0.000000 -0.000000
vn 0.866025 0.424417 -0.264330
vn 1.000000 0.000000 -0.000000
vn 0.866025 0.385399 -0.318540
vn 1.000000 0.000000 -0.000000
vn 0.866025 0.339503 -0.367067
vn 1.000000 0.000000 -0.000000
vn 0.866025 0.287548 -0.409043
vn 1.000000 0.000000 -0.000000
vn 0.866025 0.230462 -0.443720
vn 1.000000 0.000000 -0.000000
vn 0.866025 0.479172 -0.142809
vn 1.000000 -0.000000 0.000000
vn 0.866025 0.493931 -0.077667
vn 1.000000 0.000000 -0.000000
vn 0.866025 0.499876 -0.011139
vn 1.000000 0.000000 0.000000
vn 0.866025 0.496900 0.055587
vn 1.000000 -0.000000 -0.000000
vn 0.866025 0.485058 0.121321
vn 1.000000 -0.000000 -0.000000
vn 0.866025 0.464559 0.184891
vn 1.000000 0.000000 0.000000
vn 0.866025 0.435771 0.245161
vn 1.000000 0.000000 0.000000
vn 0.866025 0.399206 0.301056
vn 1.000000 -0.000000 -0.000000
vn 0.866025 0.355517 0.351579
vn 1.000000 -0.000000 -0.000000
vn 0.866025 0.305484 0.395827
vn 1.000000 0.000000 0.000000
vn 1.000000 -0.000000 0.000000
vn 0.866025 -0.498016 0.044503
vn 1.000000 -0.000000 -0.000000
vn 0.866025 -0.499504 -0.022273
vn 1.000000 -0.000000 -0.000000
vn 0.866025 -0.492078 -0.088652
vn 1.000000 0.000000 0.000000
vn 0.866025 -0.475871 -0.153449
vn 1.000000 -0.000000 -0.000000
vn 0.866025 -0.451173 -0.215507
vn 1.000000 0.000000 0.000000
vn 0.866025 -0.418423 -0.273719
vn 1.000000 -0.000000 -0.000000
vn 0.866025 -0.378206 -0.327048
vn 1.000000 -0.000000 -0.000000
vn 0.866025 -0.331240 -0.374539
vn 1.000000 -0.000000 -0.000000
vn -0.000000 -0.378987 -0.925402
vn -0.000000 -0.371522 -0.928424
vn -0.000000 -0.235759 -0.971812
vn -0.000000 -0.095056 -0.995472
vn -0.000000 0.047582 -0.998867
vn -0.000000 0.189251 -0.981929
vn -0.000000 0.327068 -0.945001
vn -0.000000 0.458227 -0.888835
vn -0.000000 0.580057 -0.814576
vn -0.000000 0.690079 -0.723734
vn -0.000000 0.786053 -0.618159
vn -0.000000 0.866025 -0.500000
vn -0.000000 0.928368 -0.371662
vn -0.000000 0.971812 -0.235759
vn -0.000000 0.995472 -0.095056
vn -0.000000 0.998867 0.047582
vn -0.000000 0.981929 0.189251
vn -0.000000 0.945001 0.327068
vn -0.000000 0.888835 0.458227
vn -0.000000 0.814576 0.580057
vn -0.000000 0.723734 0.690079
vn -0.000000 0.618278 0.785959
vn -0.000000 0.611928 0.790913
vn -0.000000 0.593705 0.804683
vn -0.000000 0.565970 0.824426
vn -0.000000 0.532453 0.846459
vn -0.000000 0.498081 0.867130
vn -0.000000 0.468288 0.883576
vn -0.000000 0.448060 0.894004
vn -0.000000 0.440892 0.897560
vn 0.000000 0.371662 0.928368
vn -0.000000 0.448060 0.894004
vn -0.000000 0.500000 0.866025
vn -0.000000 0.468288 0.883576
vn -0.000000 0.498081 0.867130
vn -0.000000 0.532453 0.846459
vn -0.000000 0.565970 0.824426
vn -0.000000 0.618159 0.786053
vn -0.000000 0.593705 0.804683
vn -0.000000 0.611928 0.790913
vn -0.000000 -0.400023 -0.916505
vn 0.000000 -0.430989 -0.902357
vn 0.000000 -0.466829 -0.884348
vn 0.000000 -0.501917 -0.864916
vn 0.000000 -0.531055 -0.847337
vn 0.000000 -0.550200 -0.835033
vn 0.000000 -0.556864 -0.830604
vn 0.000000 -0.618159 -0.786053
vn 0.000000 -0.550200 -0.835033
vn 0.000000 -0.531055 -0.847337
vn 0.000000 -0.500000 -0.866025
vn 0.000000 -0.501917 -0.864916
vn 0.000000 -0.466829 -0.884348
vn 0.000000 -0.430989 -0.902357
vn -0.000000 -0.371662 -0.928368
vn -0.000000 -0.400023 -0.916505
vn -0.000000 -0.378987 -0.925402
vn 0.000000 -0.723734 -0.690079
vn 0.000000 -0.814576 -0.580057
vn 0.000000 -0.888835 -0.458227
vn 0.000000 -0.945001 -0.327068
vn 0.000000 -0.981929 -0.189251
vn 0.000000 -0.998867 -0.047582
vn 0.000000 -0.995472 0.095056
vn 0.000000 -0.971812 0.235759
vn 0.000000 -0.928368 0.371662
vn 0.000000 -0.866025 0.500000
vn 0.000000 -0.786053 0.618159
vn 0.000000 -0.690079 0.723734
vn 0.000000 -0.580057 0.814576
vn 0.000000 -0.458227 0.888835
vn 0.000000 -0.327068 0.945001
vn 0.000000 -0.189251 0.981929
vn 0.000000 -0.047582 0.998867
vn 0.000000 0.095056 0.995472
vn 0.000000 0.235759 0.971812
vn 1.000000 0.000000 -0.000000
vn 1.000000 0.000000 -0.000000
vn 1.000000 0.000000 -0.000000
vn 1.000000 0.000000 -0.000000
vn 1.000000 0.000000 -0.000000
vn 1.000000 0.000000 -0.000000
vn 1.000000 0.000000 -0.000000
vn 1.000000 0.000000 -0.000000
vn 1.000000 0.000000 -0.000000
vn 1.000000 0.000000 -0.000000
vn 1.000000 0.000000 -0.000000
vn 1.000000 0.000000 -0.000000
vn 1.000000 0.000000 -0.000000
vn 1.000000 0.000000 -0.000000
vn 1.000000 0.000000 -0.000000
vn 1.000000 0.000000 -0.000000
vn 1.000000 0.000000 -0.000000
vn 1.000000 0.000000 -0.000000
vn 1.000000 0.000000 -0.000000
vn 1.000000 0.000000 -0.000000
vn 1.000000 0.000000 -0.000000
vn 1.000000 0.000000 -0.000000
vn 1.000000 0.000000 -0.000000
vn 1.000000 0.000000 -0.000000
vn 1.000000 0.000000 -0.000000
vn 1.000000 0.000000 -0.000000
vn 1.000000 0.000000 -0.000000
vn 1.000000 0.000000 -0.000000
vn 1.000000 0.000000 -0.000000
vn 1.000000 0.000000 -0.000000
vn 1.000000 0.000000 -0.000000
vn 1.000000 0.000000 -0.000000
vn 1.000000 0.000000 -0.000000
vn 1.000000 0.000000 -0.000000
vn 1.000000 0.000000 -0.000000
vn 1.000000 0.000000 -0.000000
vn 1.000000 0.000000 -0.000000
vn 1.000000 0.000000 -0.000000
vn 1.000000 0.000000 -0.000000
vn 1.000000 0.000000 -0.000000
vn 1.000000 0.000000 -0.000000
vn 1.000000 0.000000 -0.000000
vn 1.000000 0.000000 -0.000000
vn 1.000000 0.000000 -0.000000
vn 1.000000 0.000000 -0.000000
vn 1.000000 0.000000 -0.000000
vn 1.000000 0.000000 -0.000000
vn 1.000000 0.000000 -0.000000
vn 1.000000 0.000000 -0.000000
vn 1.000000 0.000000 -0.000000
vn 1.000000 0.000000 -0.000000
vn 1.000000 0.000000 -0.000000
vn 1.000000 0.000000 -0.000000
vn 1.000000 0.000000 -0.000000
vn 1.000000 0.000000 -0.000000
vn 1.000000 0.000000 -0.000000
vn 1.000000 0.000000 -0.000000
vn 1.000000 0.000000 -0.000000
vn 1.000000 0.000000 -0.000000
vn 1.000000 0.000000 -0.000000
vn 1.000000 0.000000 -0.000000
vn 1.000000 0.000000 -0.000000
vn 1.000000 0.000000 -0.000000
vn 1.000000 0.000000 -0.000000
vn 1.000000 0.000000 -0.000000
vn 1.000000 0.000000 -0.000000
vn 1.000000 0.000000 -0.000000
vn 1.000000 0.000000 -0.000000
vn 1.000000 0.000000 -0.000000
vn 1.000000 0.000000 -0.000000
vn 1.000000 0.000000 -0.000000
vn 1.000000 0.000000 -0.000000
vn 1.000000 0.000000 -0.000000
vn 1.000000 0.000000 -0.000000
vn 1.000000 0.000000 -0.000000
vn 1.000000 0.000000 -0.000000
vn 1.000000 0.000000 -0.000000
vn 1.000000 0.000000 -0.000000
vn 1.000000 0.000000 -0.000000
vn 1.000000 0.000000 -0.000000
vn 1.000000 0.000000 -0.000000
vn 1.000000 0.000000 -0.000000
vn 1.000000 0.000000 -0.000000
vn 1.000000 0.000000 -0.000000
vn 1.000000 0.000000 -0.000000
vn 1.000000 0.000000 -0.000000
vn 1.000000 0.000000 -0.000000
vn 1.000000 0.000000 -0.000000
vn 1.000000 0.000000 -0.000000
vn 1.000000 0.000000 -0.000000
vn 1.000000 0.000000 -0.000000
vn 1.000000 0.000000 -0.000000
vn 1.000000 0.000000 -0.000000
vn 1.000000 0.000000 -0.000000
vn 1.000000 0.000000 -0.000000
vn 1.000000 0.000000 -0.000000
vn 1.000000 0.000000 -0.000000
vn 1.000000 0.000000 -0.000000
vn 1.000000 0.000000 -0.000000
vn 1.000000 0.000000 -0.000000
vn 1.000000 0.000000 -0.000000
vn 1.000000 0.000000 -0.000000
vn 1.000000 0.000000 -0.000000
vn 1.000000 0.000000 -0.000000
vn 1.000000 0.000000 -0.000000
vn 1.000000 0.000000 -0.000000
vn 1.000000 0.000000 -0.000000
vn 1.000000 0.000000 -0.000000
vn 1.000000 0.000000 -0.000000
vn 1.000000 0.000000 -0.000000
vn 1.000000 0.000000 -0.000000
vn 1.000000 0.000000 -0.000000
vn 1.000000 0.000000 -0.000000
vn 1.000000 0.000000 -0.000000
vn 1.000000 0.000000 -0.000000
vn 1.000000 0.000000 -0.000000
vn 1.000000 0.000000 -0.000000
vn 1.000000 0.000000 -0.000000
vn 1.000000 0.000000 -0.000000
vn 1.000000 0.000000 -0.000000
vn 1.000000 0.000000 -0.000000
vn 1.000000 0.000000 -0.000000
vn 1.000000 0.000000 -0.000000
vn 1.000000 0.000000 -0.000000
vn 1.000000 0.000000 -0.000000
vn 1.000000 0.000000 -0.000000
vn 1.000000 0.000000 -0.000000
vn 1.000000 0.000000 -0.000000
vn 1.000000 0.000000 -0.000000
vn 1.000000 0.000000 -0.000000
vn 1.000000 0.000000 -0.000000
vn 1.000000 0.000000 -0.000000
vn 1.000000 0.000000 -0.000000
vn 1.000000 0.000000 -0.000000
vn 1.000000 0.000000 -0.000000
vn 1.000000 0.000000 -0.000000
vn 1.000000 0.000000 -0.000000
vn 1.000000 0.000000 -0.000000
vn 1.000000 0.000000 -0.000000
vn 1.000000 0.000000 -0.000000
vn 1.000000 0.000000 -0.000000
vn 1.000000 0.000000 -0.000000
vn 1.000000 0.000000 -0.000000
vn 1.000000 0.000000 -0.000000
vn 1.000000 0.000000 -0.000000
vn 1.000000 0.000000 -0.000000
vn 1.000000 0.000000 -0.000000
vn 1.000000 0.000000 -0.000000
vn 1.000000 0.000000 -0.000000
vn 1.000000 0.000000 -0.000000
vn 1.000000 0.000000 -0.000000
vn 1.000000 0.000000 -0.000000
vn 1.000000 0.000000 -0.000000
vn 1.000000 0.000000 -0.000000
vn 1.000000 0.000000 -0.000000
vn 1.000000 0.000000 -0.000000
vn 1.000000 0.000000 -0.000000
vn 1.000000 0.000000 -0.000000
vn 1.000000 0.000000 -0.000000
vn 1.000000 0.000000 -0.000000
vn 1.000000 0.000000 -0.000000
vn 1.000000 0.000000 -0.000000
vn 1.000000 0.000000 -0.000000
vn 1.000000 0.000000 -0.000000
vn 1.000000 0.000000 -0.000000
vn 1.000000 0.000000 -0.000000
vn 1.000000 0.000000 -0.000000
vn 1.000000 0.000000 -0.000000
vn 1.000000 0.000000 -0.000000
vn 1.000000 0.000000 -0.000000
vn 1.000000 0.000000 -0.000000
vn 1.000000 0.000000 -0.000000
vn 1.000000 0.000000 -0.000000
vn 1.000000 0.000000 -0.000000
vn 1.000000 0.000000 -0.000000
vn 1.000000 0.000000 -0.000000
vn 1.000000 0.000000 -0.000000
vn 1.000000 0.000000 -0.000000
vn 1.000000 0.000000 -0.000000
vn 1.000000 0.000000 -0.000000
vn 1.000000 0.000000 -0.000000
vn 1.000000 0.000000 -0.000000
vn 1.000000 0.000000 -0.000000
vn 1.000000 0.000000 -0.000000
vn 1.000000 0.000000 -0.000000
vn 1.000000 0.000000 -0.000000
vn 1.000000 0.000000 -0.000000
vn 1.000000 0.000000 -0.000000
vn 1.000000 0.000000 -0.000000
vn 1.000000 0.000000 -0.000000
vn 1.000000 0.000000 -0.000000
vn 1.000000 0.000000 -0.000000
vn 1.000000 0.000000 -0.000000
vn 1.000000 0.000000 -0.000000
vn 1.000000 0.000000 -0.000000
vn 1.000000 0.000000 -0.000000
vn 1.000000 0.000000 -0.000000
vn 1.000000 0.000000 -0.000000
vn 1.000000 0.000000 -0.000000
vn 1.000000 0.000000 -0.000000
vn 1.000000 0.000000 -0.000000
vn 1.000000 0.000000 -0.000000
vn 1.000000 0.000000 -0.000000
vn 1.000000 0.000000 -0.000000
vn 1.000000 0.000000 -0.000000
vn 1.000000 0.000000 -0.000000
vn 1.000000 0.000000 -0.000000
vn 1.000000 0.000000 -0.000000
vn 1.000000 0.000000 -0.000000
vn 1.000000 0.000000 -0.000000
vn 1.000000 0.000000 -0.000000
vn 1.000000 0.000000 -0.000000
vn 1.000000 0.000000 -0.000000
vn 1.000000 0.000000 -0.000000
vn 1.000000 0.000000 -0.000000
vn 1.000000 0.000000 -0.000000
vn 1.000000 0.000000 -0.000000
vn 1.000000 0.000000 -0.000000
vn 1.000000 0.000000 -0.000000
vn 1.000000 0.000000 -0.000000
vn 1.000000 0.000000 -0.000000
vn 1.000000 0.000000 -0.000000
vn 1.000000 0.000000 -0.000000
vn 1.000000 0.000000 -0.000000
vn 1.000000 0.000000 -0.000000
vn 1.000000 0.000000 -0.000000
vn 1.000000 0.000000 -0.000000
vn 1.000000 0.000000 -0.000000
vn 1.000000 0.000000 -0.000000
vn 1.000000 0.000000 -0.000000
vn 1.000000 0.000000 -0.000000
vn 1.000000 0.000000 -0.000000
vn 1.000000 0.000000 -0.000000
vn 1.000000 0.000000 -0.000000
vn 1.000000 0.000000 -0.000000
vn 1.000000 0.000000 -0.000000
vn 1.000000 0.000000 -0.000000
vn 1.000000 0.000000 -0.000000
vn 1.000000 0.000000 -0.000000
vn 1.000000 0.000000 -0.000000
vn 1.000000 0.000000 -0.000000
vn 1.000000 0.000000 -0.000000
vn 1.000000 0.000000 -0.000000
vn 1.000000 0.000000 -0.000000
vn 1.000000 0.000000 -0.000000
vn 1.000000 0.000000 -0.000000
vn 0.000000 0.242200 0.970226
vn 0.000000 0.168101 0.985770
vn 0.000000 0.225608 0.974218
vn 0.000000 0.168101 0.985770
vn 0.000000 0.242200 0.970226
vn 0.000000 0.288223 0.957563
vn 0.000000 0.363094 0.931753
vn 0.000000 0.354697 0.934981
vn -0.000000 0.430468 0.902606
vn -0.000000 0.543222 0.839589
vn -0.000000 0.503314 0.864104
vn -0.000000 0.562605 0.826726
vn -0.000000 0.600834 0.799374
vn -0.000000 0.701110 0.713053
vn -0.000000 0.614017 0.789292
vn -0.000000 0.701110 0.713053
vn -0.000000 0.600834 0.799374
vn -0.000000 0.543222 0.839589
vn -0.000000 0.562605 0.826726
vn -0.000000 0.503314 0.864104
vn -0.000000 0.430468 0.902606
vn 0.000000 0.363094 0.931753
vn 0.000000 0.354697 0.934981
vn 0.000000 0.288223 0.957563
vn -0.000000 -0.391861 -0.920024
vn 0.000000 -0.455495 -0.890238
vn -0.000000 -0.376539 -0.926401
vn -0.000000 -0.266967 -0.963706
vn -0.000000 -0.266967 -0.963706
vn -0.000000 -0.067510 -0.997719
vn -0.000000 -0.067510 -0.997719
vn -0.000000 0.134711 -0.990885
vn -0.000000 0.134711 -0.990885
vn -0.000000 0.331418 -0.943484
vn -0.000000 0.331418 -0.943484
vn -0.000000 0.514555 -0.857457
vn -0.000000 0.514555 -0.857457
vn -0.000000 0.676627 -0.736326
vn -0.000000 0.676627 -0.736326
vn -0.000000 0.810998 -0.585049
vn -0.000000 0.810998 -0.585049
vn -0.000000 0.912166 -0.409820
vn -0.000000 0.912166 -0.409820
vn -0.000000 0.975990 -0.217814
vn -0.000000 0.975990 -0.217814
vn -0.000000 0.999857 -0.016889
vn -0.000000 0.999857 -0.016889
vn -0.000000 0.982790 0.184726
vn -0.000000 0.982790 0.184726
vn -0.000000 0.925487 0.378779
vn -0.000000 0.925487 0.378779
vn -0.000000 0.830295 0.557324
vn -0.000000 0.830295 0.557324
vn 0.000000 -0.434663 -0.900593
vn 0.000000 -0.496679 -0.867934
vn 0.000000 -0.566446 -0.824099
vn 0.000000 -0.625374 -0.780325
vn 0.000000 -0.632369 -0.774667
vn 0.000000 -0.685163 -0.728390
vn 0.000000 -0.769651 -0.638465
vn 0.000000 -0.719141 -0.694864
vn 0.000000 -0.730894 -0.682491
vn 0.000000 -0.769651 -0.638465
vn 0.000000 -0.719141 -0.694864
vn 0.000000 -0.685163 -0.728390
vn 0.000000 -0.625374 -0.780325
vn 0.000000 -0.632369 -0.774667
vn 0.000000 -0.566446 -0.824099
vn 0.000000 -0.455495 -0.890238
vn 0.000000 -0.496679 -0.867934
vn 0.000000 -0.434663 -0.900593
vn -0.000000 -0.391861 -0.920024
vn 0.000000 -0.948947 0.315435
vn 0.000000 -0.948947 0.315435
vn 0.000000 -0.866025 0.500000
vn 0.000000 -0.866025 0.500000
vn 0.000000 -0.747649 0.664095
vn 0.000000 -0.747649 0.664095
vn 0.000000 -0.598663 0.801001
vn 0.000000 -0.598663 0.801001
vn 0.000000 -0.425168 0.905115
vn 0.000000 -0.425168 0.905115
vn 0.000000 -0.234266 0.972172
vn 0.000000 -0.234266 0.972172
vn 0.000000 -0.033774 0.999429
vn 0.000000 -0.033774 0.999429
vn 0.000000 -0.993019 0.117957
vn 0.000000 -0.993019 0.117957
vn 0.000000 -0.996436 -0.084351
vn 0.000000 -0.996436 -0.084351
vn 0.000000 -0.959059 -0.283206
vn 0.000000 -0.959059 -0.283206
vn 0.000000 -0.882418 -0.470465
vn 0.000000 -0.882418 -0.470465
vn 1.000000 0.000000 -0.000000
vn 1.000000 0.000000 -0.000000
vn 1.000000 0.000000 -0.000000
vn 1.000000 0.000000 -0.000000
vn 1.000000 0.000000 -0.000000
vn 1.000000 0.000000 -0.000000
vn 1.000000 0.000000 -0.000000
vn 1.000000 0.000000 -0.000000
vn 1.000000 0.000000 -0.000000
vn 1.000000 0.000000 -0.000000
vn 1.000000 0.000000 -0.000000
vn 1.000000 0.000000 -0.000000
vn 1.000000 0.000000 -0.000000
vn 1.000000 0.000000 -0.000000
vn 1.000000 0.000000 -0.000000
vn 1.000000 0.000000 -0.000000
vn 1.000000 0.000000 -0.000000
vn 1.000000 0.000000 -0.000000
vn 1.000000 0.000000 -0.000000
vn 1.000000 0.000000 -0.000000
vn 1.000000 0.000000 -0.000000
vn 1.000000 0.000000 -0.000000
vn 1.000000 0.000000 -0.000000
vn 1.000000 0.000000 -0.000000
vn 1.000000 0.000000 -0.000000
vn 1.000000 0.000000 -0.000000
vn 1.000000 0.000000 -0.000000
vn 1.000000 0.000000 -0.000000
vn 1.000000 0.000000 -0.000000
vn 1.000000 0.000000 -0.000000
vn 1.000000 0.000000 -0.000000
vn 1.000000 0.000000 -0.000000
vn 1.000000 0.000000 -0.000000
vn 1.000000 0.000000 -0.000000
vn 1.000000 0.000000 -0.000000
vn 1.000000 0.000000 -0.000000
vn 1.000000 0.000000 -0.000000
vn 1.000000 0.000000 -0.000000
vn 1.000000 0.000000 -0.000000
vn 1.000000 0.000000 -0.000000
vn 1.000000 0.000000 -0.000000
vn 1.000000 0.000000 -0.000000
vn 1.000000 0.000000 -0.000000
vn 1.000000 0.000000 -0.000000
vn 1.000000 0.000000 -0.000000
vn 1.000000 0.000000 -0.000000
vn 1.000000 0.000000 -0.000000
vn 1.000000 0.000000 -0.000000
vn 1.000000 0.000000 -0.000000
vn 1.000000 0.000000 -0.000000
vn 1.000000 0.000000 -0.000000
vn 1.000000 0.000000 -0.000000
vn 1.000000 0.000000 -0.000000
vn 1.000000 0.000000 -0.000000
vn 1.000000 0.000000 -0.000000
vn 1.000000 0.000000 -0.000000
vn 1.000000 0.000000 -0.000000
vn 1.000000 0.000000 -0.000000
vn 1.000000 0.000000 -0.000000
vn 1.000000 0.000000 -0.000000
vn 1.000000 0.000000 -0.000000
vn 1.000000 0.000000 -0.000000
vn 1.000000 0.000000 -0.000000
vn 1.000000 0.000000 -0.000000
vn 1.000000 0.000000 -0.000000
vn 1.000000 0.000000 -0.000000
vn 1.000000 0.000000 -0.000000
vn 1.000000 0.000000 -0.000000
vn 1.000000 0.000000 -0.000000
vn 1.000000 0.000000 -0.000000
vn 1.000000 0.000000 -0.000000
vn 1.000000 0.000000 -0.000000
vn 1.000000 0.000000 -0.000000
vn 1.000000 0.000000 -0.000000
vn 1.000000 0.000000 -0.000000
vn 0.000000 -1.000000 0.000000
vn 0.000000 -1.000000 0.000000
vn 0.000000 -0.866025 0.500000
vn 0.000000 -0.866025 0.500000
vn 0.000000 -0.500000 0.866025
vn 0.000000 -0.500000 0.866025
vn 0.000000 0.000000 1.000000
vn 0.000000 0.000000 1.000000
vn -0.000000 0.500000 0.866025
vn -0.000000 0.500000 0.866025
vn -0.000000 0.866025 0.500000
vn -0.000000 0.866025 0.500000
vn -0.000000 1.000000 -0.000000
vn -0.000000 1.000000 -0.000000
vn -0.000000 0.866025 -0.500000
vn -0.000000 0.866025 -0.500000
vn -0.000000 0.500000 -0.866025
vn -0.000000 0.500000 -0.866025
vn -0.000000 0.000000 -1.000000
vn -0.000000 -0.000000 -1.000000
vn 0.000000 -0.500000 -0.866025
vn 0.000000 -0.500000 -0.866025
vn 0.000000 -0.866025 -0.500000
vn 0.000000 -0.866025 -0.500000
vn 0.000000 -1.000000 -0.000000
vn 0.000000 -1.000000 -0.000000
vn 0.000000 -0.866025 0.500000
vn 0.000000 -0.866025 0.500000
vn 0.000000 -0.500000 0.866025
vn 0.000000 -0.500000 0.866025
vn 0.000000 0.000000 1.000000
vn 0.000000 0.000000 1.000000
vn -0.000000 0.500000 0.866025
vn -0.000000 0.500000 0.866025
vn -0.000000 0.866025 0.500000
vn -0.000000 0.866025 0.500000
vn -0.000000 1.000000 -0.000000
vn -0.000000 1.000000 0.000000
vn -0.000000 0.866025 -0.500000
vn -0.000000 0.866025 -0.500000
vn -0.000000 0.500000 -0.866025
vn -0.000000 0.500000 -0.866025
vn -0.000000 0.000000 -1.000000
vn -0.000000 -0.000000 -1.000000
vn 0.000000 -0.500000 -0.866025
vn 0.000000 -0.500000 -0.866025
vn 0.000000 -0.866025 -0.500000
vn 0.000000 -0.866025 -0.500000
vn 0.000000 -1.000000 -0.000000
vn 0.000000 -1.000000 -0.000000
vn 0.000000 -0.866025 0.500000
vn 0.000000 -0.866025 0.500000
vn 0.000000 -0.500000 0.866025
vn 0.000000 -0.500000 0.866025
vn 0.000000 0.000000 1.000000
vn 0.000000 0.000000 1.000000
vn -0.000000 0.500000 0.866025
vn -0.000000 0.500000 0.866025
vn -0.000000 0.866025 0.500000
vn -0.000000 0.866025 0.500000
vn -0.000000 1.000000 -0.000000
vn -0.000000 1.000000 0.000000
vn -0.000000 0.866025 -0.500000
vn -0.000000 0.866025 -0.500000
vn -0.000000 0.500000 -0.866025
vn -0.000000 0.500000 -0.866025
vn -0.000000 0.000000 -1.000000
vn -0.000000 -0.000000 -1.000000
vn 0.000000 -0.500000 -0.866025
vn 0.000000 -0.500000 -0.866025
vn 0.000000 -0.866025 -0.500000
vn 0.000000 -0.866025 -0.500000
vn 0.000000 -1.000000 -0.000000
vn 0.000000 -1.000000 -0.000000
vn 0.000000 -0.866025 0.500000
vn 0.000000 -0.866025 0.500000
vn 0.000000 -0.500000 0.866025
vn 0.000000 -0.500000 0.866025
vn 0.000000 0.000000 1.000000
vn 0.000000 0.000000 1.000000
vn -0.000000 0.500000 0.866025
vn -0.000000 0.500000 0.866025
vn -0.000000 0.866025 0.500000
vn -0.000000 0.866025 0.500000
vn -0.000000 1.000000 -0.000000
vn -0.000000 1.000000 0.000000
vn -0.000000 0.866025 -0.500000
vn -0.000000 0.866025 -0.500000
vn -0.000000 0.500000 -0.866025
vn -0.000000 0.500000 -0.866025
vn -0.000000 -0.000000 -1.000000
vn -0.000000 -0.000000 -1.000000
vn 0.000000 -0.500000 -0.866025
vn 0.000000 -0.500000 -0.866025
vn 0.000000 -0.866025 -0.500000
vn 0.000000 -0.866025 -0.500000
vn 0.000000 -1.000000 -0.000000
vn 0.000000 -1.000000 -0.000000
vn 0.000000 -0.866025 0.500000
vn 0.000000 -0.866025 0.500000
vn 0.000000 -0.500000 0.866025
vn 0.000000 -0.500000 0.866025
vn 0.000000 0.000000 1.000000
vn 0.000000 0.000000 1.000000
vn -0.000000 0.500000 0.866025
vn -0.000000 0.500000 0.866025
vn -0.000000 0.866025 0.500000
vn -0.000000 0.866025 0.500000
vn -0.000000 1.000000 -0.000000
vn -0.000000 1.000000 -0.000000
vn -0.000000 0.866025 -0.500000
vn -0.000000 0.866025 -0.500000
vn -0.000000 0.500000 -0.866025
vn -0.000000 0.500000 -0.866025
vn -0.000000 0.000000 -1.000000
vn -0.000000 -0.000000 -1.000000
vn 0.000000 -0.500000 -0.866025
vn 0.000000 -0.500000 -0.866025
vn 0.000000 -0.866025 -0.500000
vn 0.000000 -0.866025 -0.500000
vn 0.000000 -1.000000 -0.000000
vn 0.000000 -1.000000 -0.000000
vn 0.000000 -0.866025 0.500000
vn 0.000000 -0.866025 0.500000
vn 0.000000 -0.500000 0.866025
vn 0.000000 -0.500000 0.866025
vn 0.000000 0.000000 1.000000
vn 0.000000 0.000000 1.000000
vn -0.000000 0.500000 0.866025
vn -0.000000 0.500000 0.866025
vn -0.000000 0.866025 0.500000
vn -0.000000 0.866025 0.500000
vn -0.000000 1.000000 -0.000000
vn -0.000000 1.000000 0.000000
vn -0.000000 0.866025 -0.500000
vn -0.000000 0.866025 -0.500000
vn -0.000000 0.500000 -0.866025
vn -0.000000 0.500000 -0.866025
vn -0.000000 0.000000 -1.000000
vn -0.000000 -0.000000 -1.000000
vn 0.000000 -0.500000 -0.866025
vn 0.000000 -0.500000 -0.866025
vn 0.000000 -0.866025 -0.500000
vn 0.000000 -0.866025 -0.500000
vn 0.000000 -1.000000 0.000000
vn 0.000000 -1.000000 0.000000
vn 0.000000 -0.866025 0.500000
vn 0.000000 -0.866025 0.500000
vn 0.000000 -0.500000 0.866025
vn 0.000000 -0.500000 0.866025
vn 0.000000 0.000000 1.000000
vn 0.000000 0.000000 1.000000
vn -0.000000 0.500000 0.866025
vn -0.000000 0.500000 0.866025
vn -0.000000 0.866025 0.500000
vn -0.000000 0.866025 0.500000
vn -0.000000 1.000000 -0.000000
vn -0.000000 1.000000 -0.000000
vn -0.000000 0.866025 -0.500000
vn -0.000000 0.866025 -0.500000
vn -0.000000 0.500000 -0.866025
vn -0.000000 0.500000 -0.866025
vn -0.000000 0.000000 -1.000000
vn -0.000000 -0.000000 -1.000000
vn 0.000000 -0.500000 -0.866025
vn 0.000000 -0.500000 -0.866025
vn 0.000000 -0.866025 -0.500000
vn 0.000000 -0.866025 -0.500000
vn 0.000000 -1.000000 0.000000
vn 0.000000 -1.000000 0.000000
vn 0.000000 -0.866025 0.500000
vn 0.000000 -0.866025 0.500000
vn 0.000000 -0.500000 0.866025
vn 0.000000 -0.500000 0.866025
vn 0.000000 0.000000 1.000000
vn 0.000000 0.000000 1.000000
vn -0.000000 0.500000 0.866025
vn -0.000000 0.500000 0.866025
vn -0.000000 0.866025 0.500000
vn -0.000000 0.866025 0.500000
vn -0.000000 1.000000 -0.000000
vn -0.000000 1.000000 -0.000000
vn -0.000000 0.866025 -0.500000
vn -0.000000 0.866025 -0.500000
vn -0.000000 0.500000 -0.866025
vn -0.000000 0.500000 -0.866025
vn -0.000000 0.000000 -1.000000
vn -0.000000 -0.000000 -1.000000
vn 0.000000 -0.500000 -0.866025
vn 0.000000 -0.500000 -0.866025
vn 0.000000 -0.866025 -0.500000
vn 0.000000 -0.866025 -0.500000
vn -0.000000 0.814576 -0.580057
vn -0.000000 0.814576 -0.580057
vn -0.000000 0.866025 -0.500000
vn -0.000000 0.866025 -0.500000
vn -0.000000 0.909632 -0.415415
vn -0.000000 0.909632 -0.415415
vn -0.000000 0.945001 -0.327068
vn -0.000000 0.945001 -0.327068
vn -0.000000 0.971812 -0.235759
vn -0.000000 0.971812 -0.235759
vn -0.000000 0.989821 -0.142315
vn -0.000000 0.989821 -0.142315
vn -0.000000 0.998867 -0.047582
vn -0.000000 0.998867 -0.047582
vn -0.000000 0.998867 0.047582
vn -0.000000 0.998867 0.047582
vn -0.000000 0.989821 0.142315
vn -0.000000 0.989821 0.142315
vn -0.000000 0.971812 0.235759
vn -0.000000 0.971812 0.235759
vn -0.000000 0.945001 0.327068
vn -0.000000 0.945001 0.327068
vn -0.000000 0.909632 0.415415
vn -0.000000 0.909632 0.415415
vn -0.000000 0.866025 0.500000
vn -0.000000 0.866025 0.500000
vn -0.000000 0.814576 0.580057
vn -0.000000 0.814576 0.580057
vn -0.000000 0.755750 0.654861
vn -0.000000 0.755750 0.654861
vn -0.000000 0.690079 0.723734
vn -0.000000 0.690079 0.723734
vn -0.000000 0.618159 0.786053
vn -0.000000 0.618159 0.786053
vn -0.000000 0.540641 0.841254
vn -0.000000 0.540641 0.841254
vn -0.000000 0.458227 0.888835
vn -0.000000 0.458227 0.888835
vn 0.000000 0.371662 0.928368
vn 0.000000 0.371662 0.928368
vn 0.000000 0.281733 0.959493
vn 0.000000 0.281733 0.959493
vn 0.000000 0.189251 0.981929
vn 0.000000 0.189251 0.981929
vn 0.000000 0.095056 0.995472
vn 0.000000 0.095056 0.995472
vn 0.000000 -0.000000 1.000000
vn 0.000000 0.000000 1.000000
vn 0.000000 -0.095056 0.995472
vn 0.000000 -0.095056 0.995472
vn 0.000000 -0.189251 0.981929
vn 0.000000 -0.189251 0.981929
vn 0.000000 -0.281733 0.959493
vn 0.000000 -0.281733 0.959493
vn 0.000000 -0.371662 0.928368
vn 0.000000 -0.371662 0.928368
vn 0.000000 -0.458227 0.888835
vn 0.000000 -0.458227 0.888835
vn 0.000000 -0.540641 0.841254
vn 0.000000 -0.540641 0.841254
vn 0.000000 -0.618159 0.786053
vn 0.000000 -0.618159 0.786053
vn 0.000000 -0.690079 0.723734
vn 0.000000 -0.690079 0.723734
vn 0.000000 -0.755750 0.654861
vn 0.000000 -0.755750 0.654861
vn 0.000000 -0.814576 0.580057
vn 0.000000 -0.814576 0.580057
vn 0.000000 -0.866025 0.500000
vn 0.000000 -0.866025 0.500000
vn 0.000000 -0.909632 0.415415
vn 0.000000 -0.909632 0.415415
vn 0.000000 -0.945001 0.327068
vn 0.000000 -0.945001 0.327068
vn 0.000000 -0.971812 0.235759
vn 0.000000 -0.971812 0.235759
vn 0.000000 -0.989821 0.142315
vn 0.000000 -0.989821 0.142315
vn 0.000000 -0.998867 0.047582
vn 0.000000 -0.998867 0.047582
vn 0.000000 -0.998867 -0.047582
vn 0.000000 -0.998867 -0.047582
vn 0.000000 -0.989821 -0.142315
vn 0.000000 -0.989821 -0.142315
vn 0.000000 -0.971812 -0.235759
vn 0.000000 -0.971812 -0.235759
vn 0.000000 -0.945001 -0.327068
vn 0.000000 -0.945001 -0.327068
vn 0.000000 -0.909632 -0.415415
vn 0.000000 -0.909632 -0.415415
vn 0.000000 -0.866025 -0.500000
vn 0.000000 -0.866025 -0.500000
vn 0.000000 -0.814576 -0.580057
vn 0.000000 -0.814576 -0.580057
vn 0.000000 -0.755750 -0.654861
vn 0.000000 -0.755750 -0.654861
vn 0.000000 -0.690079 -0.723734
vn 0.000000 -0.690079 -0.723734
vn 0.000000 -0.618159 -0.786053
vn 0.000000 -0.618159 -0.786053
vn 0.000000 -0.540641 -0.841254
vn 0.000000 -0.540641 -0.841254
vn 0.000000 -0.458227 -0.888835
vn 0.000000 -0.458227 -0.888835
vn -0.000000 -0.371662 -0.928368
vn -0.000000 -0.371662 -0.928368
vn -0.000000 -0.281733 -0.959493
vn -0.000000 -0.281733 -0.959493
vn -0.000000 -0.189251 -0.981929
vn -0.000000 -0.189251 -0.981929
vn -0.000000 -0.095056 -0.995472
vn -0.000000 -0.095056 -0.995472
vn -0.000000 0.000000 -1.000000
vn -0.000000 -0.000000 -1.000000
vn -0.000000 0.095056 -0.995472
vn -0.000000 0.095056 -0.995472
vn -0.000000 0.189251 -0.981929
vn -0.000000 0.189251 -0.981929
vn -0.000000 0.281733 -0.959493
vn -0.000000 0.281733 -0.959493
vn -0.000000 0.371662 -0.928368
vn -0.000000 0.371662 -0.928368
vn -0.000000 0.458227 -0.888835
vn -0.000000 0.458227 -0.888835
vn -0.000000 0.540641 -0.841254
vn -0.000000 0.540641 -0.841254
vn -0.000000 0.618159 -0.786053
vn -0.000000 0.618159 -0.786053
vn -0.000000 0.690079 -0.723734
vn -0.000000 0.690079 -0.723734
vn -0.000000 0.755750 -0.654861
vn -0.000000 0.755750 -0.654861
vn -1.000000 -0.000000 0.000000
vn -1.000000 -0.000000 0.000000
vn -1.000000 -0.000000 0.000000
vn -1.000000 -0.000000 0.000000
vn -1.000000 -0.000000 0.000000
vn -1.000000 -0.000000 0.000000
vn -1.000000 -0.000000 0.000000
vn -1.000000 -0.000000 0.000000
vn -1.000000 -0.000000 0.000000
vn -1.000000 -0.000000 0.000000
vn -1.000000 -0.000000 0.000000
vn -1.000000 -0.000000 0.000000
vn -1.000000 -0.000000 0.000000
vn -1.000000 -0.000000 0.000000
vn -1.000000 -0.000000 0.000000
vn -1.000000 -0.000000 0.000000
vn -1.000000 -0.000000 0.000000
vn -1.000000 -0.000000 0.000000
vn -1.000000 -0.000000 0.000000
vn -1.000000 -0.000000 0.000000
vn -1.000000 -0.000000 0.000000
vn -1.000000 -0.000000 0.000000
vn -1.000000 -0.000000 0.000000
vn -1.000000 -0.000000 0.000000
vn -1.000000 -0.000000 0.000000
vn -1.000000 -0.000000 0.000000
vn -1.000000 -0.000000 0.000000
vn -1.000000 -0.000000 0.000000
vn -1.000000 -0.000000 0.000000
vn -1.000000 -0.000000 0.000000
vn -1.000000 -0.000000 0.000000
vn -1.000000 -0.000000 0.000000
vn -1.000000 -0.000000 0.000000
vn -1.000000 -0.000000 0.000000
vn -1.000000 -0.000000 0.000000
vn -1.000000 -0.000000 0.000000
vn -1.000000 -0.000000 0.000000
vn -1.000000 -0.000000 0.000000
vn -1.000000 -0.000000 0.000000
vn -1.000000 -0.000000 0.000000
vn -1.000000 -0.000000 0.000000
vn -1.000000 -0.000000 0.000000
vn -1.000000 -0.000000 0.000000
vn -1.000000 -0.000000 0.000000
vn -1.000000 -0.000000 0.000000
vn -1.000000 -0.000000 0.000000
vn -1.000000 -0.000000 0.000000
vn -1.000000 -0.000000 0.000000
vn -1.000000 -0.000000 0.000000
vn -1.000000 -0.000000 0.000000
vn -1.000000 -0.000000 0.000000
vn -1.000000 -0.000000 0.000000
vn -1.000000 -0.000000 0.000000
vn -1.000000 -0.000000 0.000000
vn -1.000000 -0.000000 0.000000
vn -1.000000 -0.000000 0.000000
vn -1.000000 -0.000000 0.000000
vn -1.000000 -0.000000 0.000000
vn -1.000000 -0.000000 0.000000
vn -1.000000 -0.000000 0.000000
vn -1.000000 -0.000000 0.000000
vn -1.000000 -0.000000 0.000000
vn -1.000000 -0.000000 0.000000
vn -1.000000 -0.000000 0.000000
vn -1.000000 -0.000000 0.000000
vn -1.000000 -0.000000 0.000000
vn -1.000000 -0.000000 0.000000
vn -1.000000 -0.000000 0.000000
vn -1.000000 -0.000000 0.000000
vn -1.000000 -0.000000 0.000000
vn -1.000000 -0.000000 0.000000
vn -1.000000 -0.000000 0.000000
vn -1.000000 -0.000000 0.000000
vn -1.000000 -0.000000 0.000000
vn -1.000000 -0.000000 0.000000
vn -1.000000 -0.000000 0.000000
vn -1.000000 -0.000000 0.000000
vn -1.000000 -0.000000 0.000000
vn -1.000000 -0.000000 0.000000
vn -1.000000 -0.000000 0.000000
vn -1.000000 -0.000000 0.000000
vn -1.000000 -0.000000 0.000000
vn -1.000000 -0.000000 0.000000
vn -1.000000 -0.000000 0.000000
vn -1.000000 -0.000000 0.000000
vn -1.000000 -0.000000 0.000000
vn -1.000000 -0.000000 0.000000
vn -1.000000 -0.000000 0.000000
vn -1.000000 -0.000000 0.000000
vn -1.000000 -0.000000 0.000000
vn -1.000000 -0.000000 0.000000
vn -1.000000 -0.000000 0.000000
vn -1.000000 -0.000000 0.000000
vn -1.000000 -0.000000 0.000000
vn -1.000000 -0.000000 0.000000
vn -1.000000 -0.000000 0.000000
vn -1.000000 -0.000000 0.000000
vn -1.000000 -0.000000 0.000000
vn -1.000000 -0.000000 0.000000
vn -1.000000 -0.000000 0.000000
vn -1.000000 -0.000000 0.000000
vn -1.000000 -0.000000 0.000000
vn -1.000000 -0.000000 0.000000
vn -1.000000 -0.000000 0.000000
vn -1.000000 -0.000000 0.000000
vn -1.000000 -0.000000 0.000000
vn -1.000000 -0.000000 0.000000
vn -1.000000 -0.000000 0.000000
vn -1.000000 -0.000000 0.000000
vn -1.000000 -0.000000 0.000000
vn -1.000000 -0.000000 0.000000
vn -1.000000 -0.000000 0.000000
vn -1.000000 -0.000000 0.000000
vn -1.000000 -0.000000 0.000000
vn -1.000000 -0.000000 0.000000
vn -1.000000 -0.000000 0.000000
vn -1.000000 -0.000000 0.000000
vn -1.000000 -0.000000 0.000000
vn -1.000000 -0.000000 0.000000
vn -1.000000 -0.000000 0.000000
vn -1.000000 -0.000000 0.000000
vn -1.000000 -0.000000 0.000000
vn -1.000000 -0.000000 0.000000
vn -1.000000 -0.000000 0.000000
vn -1.000000 -0.000000 0.000000
vn -1.000000 -0.000000 0.000000
vn -1.000000 -0.000000 0.000000
vn -1.000000 -0.000000 0.000000
vn -1.000000 -0.000000 0.000000
vn -1.000000 -0.000000 0.000000
vn -1.000000 -0.000000 0.000000
vn -1.000000 -0.000000 0.000000
vn -1.000000 -0.000000 0.000000
vn -1.000000 -0.000000 0.000000
vn -1.000000 -0.000000 0.000000
vn -1.000000 -0.000000 0.000000
vn -1.000000 -0.000000 0.000000
vn -1.000000 -0.000000 0.000000
vn -1.000000 -0.000000 0.000000
vn -1.000000 -0.000000 0.000000
vn -1.000000 -0.000000 0.000000
vn -1.000000 -0.000000 0.000000
vn -1.000000 -0.000000 0.000000
vn -1.000000 -0.000000 0.000000
vn -1.000000 -0.000000 0.000000
vn -1.000000 -0.000000 0.000000
vn -1.000000 -0.000000 0.000000
vn -1.000000 -0.000000 0.000000
vn -1.000000 -0.000000 0.000000
vn -1.000000 -0.000000 0.000000
vn -1.000000 -0.000000 0.000000
vn -1.000000 -0.000000 0.000000
vn -1.000000 -0.000000 0.000000
vn -1.000000 -0.000000 0.000000
vn -1.000000 -0.000000 0.000000
vn -1.000000 -0.000000 0.000000
vn -1.000000 -0.000000 0.000000
vn -1.000000 -0.000000 0.000000
vn -1.000000 -0.000000 0.000000
vn -1.000000 -0.000000 0.000000
vn -1.000000 -0.000000 0.000000
vn -1.000000 -0.000000 0.000000
vn -1.000000 -0.000000 0.000000
vn -1.000000 -0.000000 0.000000
vn -1.000000 -0.000000 0.000000
vn -1.000000 -0.000000 0.000000
vn -1.000000 -0.000000 0.000000
vn -1.000000 -0.000000 0.000000
vn -1.000000 -0.000000 0.000000
vn -1.000000 -0.000000 0.000000
vn -1.000000 -0.000000 0.000000
vn -1.000000 -0.000000 0.000000
vn -1.000000 -0.000000 0.000000
vn -1.000000 -0.000000 0.000000
vn -1.000000 -0.000000 0.000000
vn -1.000000 -0.000000 0.000000
vn -1.000000 -0.000000 0.000000
vn -1.000000 -0.000000 0.000000
vn -1.000000 -0.000000 0.000000
vn -1.000000 -0.000000 0.000000
vn -1.000000 -0.000000 0.000000
vn -1.000000 -0.000000 0.000000
vn -1.000000 -0.000000 0.000000
vn -1.000000 -0.000000 0.000000
vn -1.000000 -0.000000 0.000000
vn -1.000000 -0.000000 0.000000
vn -1.000000 -0.000000 0.000000
vn -1.000000 -0.000000 0.000000
vn -1.000000 -0.000000 0.000000
vn -1.000000 -0.000000 0.000000
vn -1.000000 -0.000000 0.000000
vn -1.000000 -0.000000 0.000000
vn -1.000000 -0.000000 0.000000
vn -1.000000 -0.000000 0.000000
vn -1.000000 -0.000000 0.000000
vn -1.000000 -0.000000 0.000000
vn -1.000000 -0.000000 0.000000
vn -1.000000 -0.000000 0.000000
vn -1.000000 -0.000000 0.000000
vn -1.000000 -0.000000 0.000000
vn -1.000000 -0.000000 0.000000
vn -1.000000 -0.000000 0.000000
vn -1.000000 -0.000000 0.000000
vn -1.000000 -0.000000 0.000000
vn -1.000000 -0.000000 0.000000
vn -1.000000 -0.000000 0.000000
vn -1.000000 -0.000000 0.000000
vn -1.000000 -0.000000 0.000000
vn -1.000000 -0.000000 0.000000
vn -1.000000 -0.000000 0.000000
vn -1.000000 -0.000000 0.000000
vn -1.000000 -0.000000 0.000000
vn -1.000000 -0.000000 0.000000
vn -1.000000 -0.000000 0.000000
vn -1.000000 -0.000000 0.000000
vn -1.000000 -0.000000 0.000000
vn -1.000000 -0.000000 0.000000
vn -1.000000 -0.000000 0.000000
vn -1.000000 -0.000000 0.000000
vn -1.000000 -0.000000 0.000000
vn -1.000000 -0.000000 0.000000
vn -1.000000 -0.000000 0.000000
vn -1.000000 -0.000000 0.000000
vn -1.000000 -0.000000 0.000000
vn -1.000000 -0.000000 0.000000
vn -1.000000 -0.000000 0.000000
vn -1.000000 -0.000000 0.000000
vn -1.000000 -0.000000 0.000000
vn -1.000000 -0.000000 0.000000
vn -1.000000 -0.000000 0.000000
vn -1.000000 -0.000000 0.000000
vn -1.000000 -0.000000 0.000000
vn -1.000000 -0.000000 0.000000
vn -1.000000 -0.000000 0.000000
vn -1.000000 -0.000000 0.000000
vn -1.000000 -0.000000 0.000000
vn -1.000000 -0.000000 0.000000
vn -1.000000 -0.000000 0.000000
vn -1.000000 -0.000000 0.000000
vn -1.000000 -0.000000 0.000000
vn -1.000000 -0.000000 0.000000
vn -1.000000 -0.000000 0.000000
vn -1.000000 -0.000000 0.000000
vn -1.000000 -0.000000 0.000000
vn -1.000000 -0.000000 0.000000
vn -1.000000 -0.000000 0.000000
vn 1.000000 0.000000 -0.000000
vn 1.000000 0.000000 -0.000000
vn 1.000000 0.000000 -0.000000
vn 1.000000 0.000000 -0.000000
vn 1.000000 0.000000 -0.000000
vn 1.000000 0.000000 -0.000000
vn 1.000000 0.000000 -0.000000
vn 1.000000 0.000000 -0.000000
vn 1.000000 0.000000 -0.000000
vn 1.000000 0.000000 -0.000000
vn 1.000000 0.000000 -0.000000
vn 1.000000 0.000000 -0.000000
vn 1.000000 0.000000 -0.000000
vn 1.000000 0.000000 -0.000000
vn 1.000000 0.000000 -0.000000
vn 1.000000 0.000000 -0.000000
vn 1.000000 0.000000 -0.000000
vn 1.000000 0.000000 -0.000000
vn 1.000000 0.000000 -0.000000
vn 1.000000 0.000000 -0.000000
vn 1.000000 0.000000 -0.000000
vn 1.000000 0.000000 -0.000000
vn 1.000000 0.000000 -0.000000
vn 1.000000 0.000000 -0.000000
vn 1.000000 0.000000 -0.000000
vn 1.000000 0.000000 -0.000000
vn 1.000000 0.000000 -0.000000
vn 1.000000 0.000000 -0.000000
vn 1.000000 0.000000 -0.000000
vn 1.000000 0.000000 -0.000000
vn 1.000000 0.000000 -0.000000
usemtl PEEK
f 2/1/1 42/2/2 1/3/3
f 1/3/3 42/2/2 22/4/4
f 1/5/3 22/6/4 21/7/5
f 21/7/5 22/6/4 23/8/6
f 21/7/5 23/8/6 24/9/7
f 2/1/1 3/10/8 42/2/2
f 42/2/2 3/10/8 41/11/9
f 41/11/9 3/10/8 4/12/10
f 41/11/9 4/12/10 40/13/11
f 40/13/11 4/12/10 5/14/12
f 40/13/11 5/14/12 39/15/13
f 39/15/13 5/14/12 6/16/14
f 39/15/13 6/16/14 38/17/15
f 38/17/15 6/16/14 7/18/16
f 38/17/15 7/18/16 37/19/17
f 37/19/17 7/18/16 8/20/18
f 37/19/17 8/20/18 36/21/19
f 36/21/19 8/20/18 9/22/20
f 36/21/19 9/22/20 35/23/21
f 35/23/21 9/22/20 10/24/22
f 35/23/21 10/24/22 34/25/23
f 34/25/23 10/24/22 11/26/24
f 34/25/23 11/26/24 33/27/25
f 33/27/25 11/26/24 12/28/26
f 33/27/25 12/28/26 32/29/27
f 32/29/27 12/28/26 13/30/28
f 32/29/27 13/30/28 31/31/29
f 31/31/29 13/30/28 14/32/30
f 31/31/29 14/32/30 30/33/31
f 30/33/31 14/32/30 15/34/32
f 30/33/31 15/34/32 29/35/33
f 29/35/33 15/34/32 16/36/34
f 29/35/33 16/36/34 28/37/35
f 28/37/35 16/36/34 17/38/36
f 28/37/35 17/38/36 27/39/37
f 27/39/37 17/38/36 18/40/38
f 27/39/37 18/40/38 26/41/39
f 26/41/39 18/40/38 19/42/40
f 26/41/39 19/42/40 25/43/41
f 25/43/41 19/42/40 20/44/42
f 25/43/41 20/44/42 24/9/7
f 24/9/7 20/44/42 21/7/5
f 44/45/43 84/46/44 43/47/45
f 43/47/45 84/46/44 64/48/46
f 43/49/45 64/50/46 63/51/47
f 63/51/47 64/50/46 65/52/48
f 63/51/47 65/52/48 66/53/49
f 44/45/43 45/54/50 84/46/44
f 84/46/44 45/54/50 83/55/51
f 83/55/51 45/54/50 46/56/52
f 83/55/51 46/56/52 82/57/53
f 82/57/53 46/56/52 47/58/54
f 82/57/53 47/58/54 81/59/55
f 81/59/55 47/58/54 48/60/56
f 81/59/55 48/60/56 80/61/57
f 80/61/57 48/60/56 49/62/58
f 80/61/57 49/62/58 79/63/59
f 79/63/59 49/62/58 50/64/60
f 79/63/59 50/64/60 78/65/61
f 78/65/61 50/64/60 51/66/62
f 78/65/61 51/66/62 77/67/63
f 77/67/63 51/66/62 52/68/64
f 77/67/63 52/68/64 76/69/65
f 76/69/65 52/68/64 53/70/66
f 76/69/65 53/70/66 75/71/67
f 75/71/67 53/70/66 54/72/68
f 75/71/67 54/72/68 74/73/69
f 74/73/69 54/72/68 55/74/70
f 74/73/69 55/74/70 73/75/71
f 73/75/71 55/74/70 56/76/72
f 73/75/71 56/76/72 72/77/73
f 72/77/73 56/76/72 57/78/74
f 72/77/73 57/78/74 71/79/75
f 71/79/75 57/78/74 58/80/76
f 71/79/75 58/80/76 70/81/77
f 70/81/77 58/80/76 59/82/78
f 70/81/77 59/82/78 69/83/79
f 69/83/79 59/82/78 60/84/80
f 69/83/79 60/84/80 68/85/81
f 68/85/81 60/84/80 61/86/82
f 68/85/81 61/86/82 67/87/83
f 67/87/83 61/86/82 62/88/84
f 67/87/83 62/88/84 66/53/49
f 66/53/49 62/88/84 63/51/47
f 86/89/85 126/90/86 85/91/87
f 85/91/87 126/90/86 106/92/88
f 85/93/87 106/94/88 105/95/89
f 105/95/89 106/94/88 107/96/90
f 105/95/89 107/96/90 108/97/91
f 86/89/85 87/98/92 126/90/86
f 126/90/86 87/98/92 125/99/93
f 125/99/93 87/98/92 88/100/94
f 125/99/93 88/100/94 124/101/95
f 124/101/95 88/100/94 89/102/96
f 124/101/95 89/102/96 123/103/97
f 123/103/97 89/102/96 90/104/98
f 123/103/97 90/104/98 122/105/99
f 122/105/99 90/104/98 91/106/100
f 122/105/99 91/106/100 121/107/101
f 121/107/101 91/106/100 92/108/102
f 121/107/101 92/108/102 120/109/103
f 120/109/103 92/108/102 93/110/104
f 120/109/103 93/110/104 119/111/105
f 119/111/105 93/110/104 94/112/106
f 119/111/105 94/112/106 118/113/107
f 118/113/107 94/112/106 95/114/108
f 118/113/107 95/114/108 117/115/109
f 117/115/109 95/114/108 96/116/110
f 117/115/109 96/116/110 116/117/111
f 116/117/111 96/116/110 97/118/112
f 116/117/111 97/118/112 115/119/113
f 115/119/113 97/118/112 98/120/114
f 115/119/113 98/120/114 114/121/115
f 114/121/115 98/120/114 99/122/116
f 114/121/115 99/122/116 113/123/117
f 113/123/117 99/122/116 100/124/118
f 113/123/117 100/124/118 112/125/119
f 112/125/119 100/124/118 101/126/120
f 112/125/119 101/126/120 111/127/121
f 111/127/121 101/126/120 102/128/122
f 111/127/121 102/128/122 110/129/123
f 110/129/123 102/128/122 103/130/124
f 110/129/123 103/130/124 109/131/125
f 109/131/125 103/130/124 104/132/126
f 109/131/125 104/132/126 108/97/91
f 108/97/91 104/132/126 105/95/89
f 128/133/127 168/134/128 127/135/129
f 127/135/129 168/134/128 148/136/130
f 127/137/129 148/138/130 147/139/131
f 147/139/131 148/138/130 149/140/132
f 147/139/131 149/140/132 150/141/133
f 128/133/127 129/142/134 168/134/128
f 168/134/128 129/142/134 167/143/135
f 167/143/135 129/142/134 130/144/136
f 167/143/135 130/144/136 166/145/137
f 166/145/137 130/144/136 131/146/138
f 166/145/137 131/146/138 165/147/139
f 165/147/139 131/146/138 132/148/140
f 165/147/139 132/148/140 164/149/141
f 164/149/141 132/148/140 133/150/142
f 164/149/141 133/150/142 163/151/143
f 163/151/143 133/150/142 134/152/144
f 163/151/143 134/152/144 162/153/145
f 162/153/145 134/152/144 135/154/146
f 162/153/145 135/154/146 161/155/147
f 161/155/147 135/154/146 136/156/148
f 161/155/147 136/156/148 160/157/149
f 160/157/149 136/156/148 137/158/150
f 160/157/149 137/158/150 159/159/151
f 159/159/151 137/158/150 138/160/152
f 159/159/151 138/160/152 158/161/153
f 158/161/153 138/160/152 139/162/154
f 158/161/153 139/162/154 157/163/155
f 157/163/155 139/162/154 140/164/156
f 157/163/155 140/164/156 156/165/157
f 156/165/157 140/164/156 141/166/158
f 156/165/157 141/166/158 155/167/159
f 155/167/159 141/166/158 142/168/160
f 155/167/159 142/168/160 154/169/161
f 154/169/161 142/168/160 143/170/162
f 154/169/161 143/170/162 153/171/163
f 153/171/163 143/170/162 144/172/164
f 153/171/163 144/172/164 152/173/165
f 152/173/165 144/172/164 145/174/166
f 152/173/165 145/174/166 151/175/167
f 151/175/167 145/174/166 146/176/168
f 151/175/167 146/176/168 150/141/133
f 150/141/133 146/176/168 147/139/131
f 170/177/169 185/178/170 169/179/171
f 169/179/171 185/178/170 186/180/172
f 169/179/171 186/180/172 184/181/173
f 184/181/173 186/180/172 183/182/174
f 183/182/174 186/180/172 187/183/175
f 183/182/174 187/183/175 182/184/176
f 182/184/176 187/183/175 188/185/177
f 182/184/176 188/185/177 181/186/178
f 181/186/178 188/185/177 189/187/179
f 181/186/178 189/187/179 180/188/180
f 180/188/180 189/187/179 190/189/181
f 180/188/180 190/189/181 179/190/182
f 179/190/182 190/189/181 191/191/183
f 179/190/182 191/191/183 178/192/184
f 178/192/184 191/191/183 192/193/185
f 178/192/184 192/193/185 177/194/186
f 177/194/186 192/193/185 193/195/187
f 177/194/186 193/195/187 194/196/188
f 185/178/170 170/177/169 200/197/189
f 200/197/189 170/177/169 171/198/190
f 200/197/189 171/198/190 199/199/191
f 199/199/191 171/198/190 172/200/192
f 199/199/191 172/200/192 198/201/193
f 198/201/193 172/200/192 173/202/194
f 198/201/193 173/202/194 197/203/195
f 197/204/195 173/205/194 174/206/196
f 197/204/195 174/206/196 196/207/197
f 196/207/197 174/206/196 175/208/198
f 196/207/197 175/208/198 195/209/199
f 195/209/199 175/208/198 176/210/200
f 195/209/199 176/210/200 194/196/188
f 194/196/188 176/210/200 177/194/186
f 202/211/201 232/212/202 201/213/203
f 201/213/203 232/212/202 217/214/204
f 201/213/203 217/214/204 218/215/205
f 232/212/202 202/211/201 231/216/206
f 231/216/206 202/211/201 203/217/207
f 231/216/206 203/217/207 230/218/208
f 230/218/208 203/217/207 204/219/209
f 230/218/208 204/219/209 229/220/210
f 229/220/210 204/219/209 205/221/211
f 229/222/210 205/223/211 228/224/212
f 228/224/212 205/223/211 206/225/213
f 228/224/212 206/225/213 227/226/214
f 227/226/214 206/225/213 207/227/215
f 227/226/214 207/227/215 226/228/216
f 226/228/216 207/227/215 208/229/217
f 226/228/216 208/229/217 209/230/218
f 226/228/216 209/230/218 225/231/219
f 225/231/219 209/230/218 210/232/220
f 225/231/219 210/232/220 224/233/221
f 224/233/221 210/232/220 211/234/222
f 224/233/221 211/234/222 223/235/223
f 223/235/223 211/234/222 212/236/224
f 223/235/223 212/236/224 222/237/225
f 222/237/225 212/236/224 213/238/226
f 222/237/225 213/238/226 221/239/227
f 221/239/227 213/238/226 214/240/228
f 221/239/227 214/240/228 220/241/229
f 220/241/229 214/240/228 215/242/230
f 220/241/229 215/242/230 219/243/231
f 219/243/231 215/242/230 216/244/232
f 219/243/231 216/244/232 218/215/205
f 218/215/205 216/244/232 201/213/203
f 234/245/233 328/246/234 233/247/235
f 233/247/235 328/246/234 331/248/236
f 233/247/235 331/248/236 276/249/237
f 276/249/237 331/248/236 415/250/238
f 276/249/237 415/250/238 275/251/239
f 275/251/239 415/250/238 413/252/240
f 275/251/239 413/252/240 274/253/241
f 274/253/241 413/252/240 411/254/242
f 274/253/241 411/254/242 273/255/243
f 273/255/243 411/254/242 409/256/244
f 273/255/243 409/256/244 272/257/245
f 272/257/245 409/256/244 407/258/246
f 272/257/245 407/258/246 271/259/247
f 271/259/247 407/258/246 405/260/248
f 271/259/247 405/260/248 270/261/249
f 270/261/249 405/260/248 403/262/250
f 270/261/249 403/262/250 269/263/251
f 269/263/251 403/262/250 401/264/252
f 269/263/251 401/264/252 268/265/253
f 268/265/253 401/264/252 399/266/254
f 268/265/253 399/266/254 267/267/255
f 267/267/255 399/266/254 397/268/256
f 267/267/255 397/268/256 266/269/257
f 266/269/257 397/268/256 323/270/258
f 266/271/257 323/272/258 395/273/259
f 395/273/259 323/272/258 324/274/260
f 395/273/259 324/274/260 396/275/261
f 396/275/261 324/274/260 289/276/262
f 396/275/261 289/276/262 290/277/263
f 328/246/234 234/245/233 332/278/264
f 332/278/264 234/245/233 235/279/265
f 332/278/264 235/279/265 334/280/266
f 334/280/266 235/279/265 236/281/267
f 334/280/266 236/281/267 325/282/268
f 325/282/268 236/281/267 237/283/269
f 325/282/268 237/283/269 340/284/270
f 340/284/270 237/283/269 337/285/271
f 340/284/270 337/285/271 338/286/272
f 338/286/272 337/285/271 342/287/273
f 338/286/272 342/287/273 317/288/274
f 317/288/274 342/287/273 316/289/275
f 316/289/275 342/287/273 344/290/276
f 316/289/275 344/290/276 315/291/277
f 315/291/277 344/290/276 346/292/278
f 315/291/277 346/292/278 314/293/279
f 314/293/279 346/292/278 348/294/280
f 314/293/279 348/294/280 313/295/281
f 313/295/281 348/294/280 350/296/282
f 313/295/281 350/296/282 312/297/283
f 312/297/283 350/296/282 352/298/284
f 312/297/283 352/298/284 326/299/285
f 326/299/285 352/298/284 351/300/286
f 326/299/285 351/300/286 353/301/287
f 353/301/287 351/300/286 244/302/288
f 353/301/287 244/302/288 245/303/289
f 237/283/269 238/304/290 337/285/271
f 337/285/271 238/304/290 341/305/291
f 337/285/271 341/305/291 342/287/273
f 342/287/273 341/305/291 344/290/276
f 238/304/290 239/306/292 341/305/291
f 341/305/291 239/306/292 343/307/293
f 341/305/291 343/307/293 344/290/276
f 344/290/276 343/307/293 346/292/278
f 239/306/292 240/308/294 343/307/293
f 343/307/293 240/308/294 345/309/295
f 343/307/293 345/309/295 346/292/278
f 346/292/278 345/309/295 348/294/280
f 240/308/294 241/310/296 345/309/295
f 345/309/295 241/310/296 347/311/297
f 345/309/295 347/311/297 348/294/280
f 348/294/280 347/311/297 350/296/282
f 241/310/296 242/312/298 347/311/297
f 347/311/297 242/312/298 349/313/299
f 347/311/297 349/313/299 350/296/282
f 350/296/282 349/313/299 352/298/284
f 242/312/298 243/314/300 349/313/299
f 349/313/299 243/314/300 351/300/286
f 349/313/299 351/300/286 352/298/284
f 243/314/300 244/302/288 351/300/286
f 353/301/287 245/303/289 354/315/301
f 354/315/301 245/303/289 246/316/302
f 354/315/301 246/316/302 356/317/303
f 356/317/303 246/316/302 247/318/304
f 356/317/303 247/318/304 358/319/305
f 358/319/305 247/318/304 248/320/306
f 358/319/305 248/320/306 360/321/307
f 360/321/307 248/320/306 249/322/308
f 360/321/307 249/322/308 362/323/309
f 362/323/309 249/322/308 250/324/310
f 362/323/309 250/324/310 364/325/311
f 364/325/311 250/324/310 251/326/312
f 364/325/311 251/326/312 327/327/313
f 327/327/313 251/326/312 252/328/314
f 327/327/313 252/328/314 370/329/315
f 370/329/315 252/328/314 367/330/316
f 370/329/315 367/330/316 368/331/317
f 368/331/317 367/330/316 372/332/318
f 368/331/317 372/332/318 302/333/319
f 302/333/319 372/332/318 301/334/320
f 301/334/320 372/332/318 374/335/321
f 301/334/320 374/335/321 300/336/322
f 300/336/322 374/335/321 376/337/323
f 300/336/322 376/337/323 299/338/324
f 299/338/324 376/337/323 378/339/325
f 299/338/324 378/339/325 298/340/326
f 298/340/326 378/339/325 380/341/327
f 298/340/326 380/341/327 297/342/328
f 297/342/328 380/341/327 382/343/329
f 297/342/328 382/343/329 296/344/330
f 296/344/330 382/343/329 384/345/331
f 296/344/330 384/345/331 295/346/332
f 295/346/332 384/345/331 386/347/333
f 295/346/332 386/347/333 294/348/334
f 294/348/334 386/347/333 388/349/335
f 294/348/334 388/349/335 293/350/336
f 293/350/336 388/349/335 390/351/337
f 293/350/336 390/351/337 292/352/338
f 292/352/338 390/351/337 392/353/339
f 292/352/338 392/353/339 291/354/340
f 291/354/340 392/353/339 394/355/341
f 291/354/340 394/355/341 290/277/263
f 290/277/263 394/355/341 396/275/261
f 252/328/314 253/356/342 367/330/316
f 367/330/316 253/356/342 371/357/343
f 367/330/316 371/357/343 372/332/318
f 372/332/318 371/357/343 374/335/321
f 253/356/342 254/358/344 371/357/343
f 371/357/343 254/358/344 373/359/345
f 371/357/343 373/359/345 374/335/321
f 374/335/321 373/359/345 376/337/323
f 254/358/344 255/360/346 373/359/345
f 373/359/345 255/360/346 375/361/347
f 373/359/345 375/361/347 376/337/323
f 376/337/323 375/361/347 378/339/325
f 255/360/346 256/362/348 375/361/347
f 375/361/347 256/362/348 377/363/349
f 375/361/347 377/363/349 378/339/325
f 378/339/325 377/363/349 380/341/327
f 256/362/348 257/364/350 377/363/349
f 377/363/349 257/364/350 379/365/351
f 377/363/349 379/365/351 380/341/327
f 380/341/327 379/365/351 382/343/329
f 257/364/350 258/366/352 379/365/351
f 379/365/351 258/366/352 381/367/353
f 379/365/351 381/367/353 382/343/329
f 382/343/329 381/367/353 384/345/331
f 258/366/352 259/368/354 381/367/353
f 381/367/353 259/368/354 383/369/355
f 381/367/353 383/369/355 384/345/331
f 384/345/331 383/369/355 386/347/333
f 259/368/354 260/370/356 383/369/355
f 383/369/355 260/370/356 385/371/357
f 383/369/355 385/371/357 386/347/333
f 386/347/333 385/371/357 388/349/335
f 260/370/356 261/372/358 385/371/357
f 385/371/357 261/372/358 387/373/359
f 385/371/357 387/373/359 388/349/335
f 388/349/335 387/373/359 390/351/337
f 261/372/358 262/374/360 387/373/359
f 387/373/359 262/374/360 389/375/361
f 387/373/359 389/375/361 390/351/337
f 390/351/337 389/375/361 392/353/339
f 262/374/360 263/376/362 389/375/361
f 389/375/361 263/376/362 391/377/363
f 389/375/361 391/377/363 392/353/339
f 392/353/339 391/377/363 394/355/341
f 263/376/362 264/378/364 391/377/363
f 391/377/363 264/378/364 393/379/365
f 391/377/363 393/379/365 394/355/341
f 394/355/341 393/379/365 396/275/261
f 264/378/364 265/380/366 393/379/365
f 393/379/365 265/380/366 395/273/259
f 393/379/365 395/273/259 396/275/261
f 265/380/366 266/271/257 395/273/259
f 278/381/367 330/382/368 277/383/369
f 277/383/369 330/382/368 329/384/370
f 277/383/369 329/384/370 322/385/371
f 322/385/371 329/384/370 333/386/372
f 322/385/371 333/386/372 321/387/373
f 321/387/373 333/386/372 335/388/374
f 321/387/373 335/388/374 320/389/375
f 320/389/375 335/388/374 336/390/376
f 320/389/375 336/390/376 319/391/377
f 319/391/377 336/390/376 339/392/378
f 319/391/377 339/392/378 318/393/379
f 318/393/379 339/392/378 338/286/272
f 318/393/379 338/286/272 317/288/274
f 330/382/368 278/381/367 416/394/380
f 416/394/380 278/381/367 279/395/381
f 416/394/380 279/395/381 414/396/382
f 414/396/382 279/395/381 280/397/383
f 414/396/382 280/397/383 412/398/384
f 412/398/384 280/397/383 281/399/385
f 412/398/384 281/399/385 410/400/386
f 410/400/386 281/399/385 282/401/387
f 410/400/386 282/401/387 408/402/388
f 408/402/388 282/401/387 283/403/389
f 408/402/388 283/403/389 406/404/390
f 406/404/390 283/403/389 284/405/391
f 406/404/390 284/405/391 404/406/392
f 404/406/392 284/405/391 285/407/393
f 404/406/392 285/407/393 402/408/394
f 402/408/394 285/407/393 286/409/395
f 402/408/394 286/409/395 400/410/396
f 400/410/396 286/409/395 287/411/397
f 400/410/396 287/411/397 398/412/398
f 398/412/398 287/411/397 288/413/399
f 398/412/398 288/413/399 324/414/260
f 324/274/260 288/415/399 289/276/262
f 302/333/319 303/416/400 368/331/317
f 368/331/317 303/416/400 369/417/401
f 368/331/317 369/417/401 370/329/315
f 370/329/315 369/417/401 327/327/313
f 303/416/400 304/418/402 369/417/401
f 369/417/401 304/418/402 366/419/403
f 369/417/401 366/419/403 327/327/313
f 327/327/313 366/419/403 364/325/311
f 304/418/402 305/420/404 366/419/403
f 366/419/403 305/420/404 365/421/405
f 366/419/403 365/421/405 364/325/311
f 364/325/311 365/421/405 362/323/309
f 305/420/404 306/422/406 365/421/405
f 365/421/405 306/422/406 363/423/407
f 365/421/405 363/423/407 362/323/309
f 362/323/309 363/423/407 360/321/307
f 306/422/406 307/424/408 363/423/407
f 363/423/407 307/424/408 361/425/409
f 363/423/407 361/425/409 360/321/307
f 360/321/307 361/425/409 358/319/305
f 307/424/408 308/426/410 361/425/409
f 361/425/409 308/426/410 359/427/411
f 361/425/409 359/427/411 358/319/305
f 358/319/305 359/427/411 356/317/303
f 308/426/410 309/428/412 359/427/411
f 359/427/411 309/428/412 357/429/413
f 359/427/411 357/429/413 356/317/303
f 356/317/303 357/429/413 354/315/301
f 309/428/412 310/430/414 357/429/413
f 357/429/413 310/430/414 355/431/415
f 357/429/413 355/431/415 354/315/301
f 354/315/301 355/431/415 353/301/287
f 310/430/414 311/432/416 355/431/415
f 355/431/415 311/432/416 326/299/285
f 355/431/415 326/299/285 353/301/287
f 311/432/416 312/297/283 326/299/285
f 398/412/398 324/414/260 323/270/258
f 398/412/398 323/270/258 397/268/256
f 328/246/234 329/384/370 331/248/236
f 331/248/236 329/384/370 330/382/368
f 331/248/236 330/382/368 415/250/238
f 415/250/238 330/382/368 416/394/380
f 415/250/238 416/394/380 413/252/240
f 413/252/240 416/394/380 414/396/382
f 413/252/240 414/396/382 411/254/242
f 411/254/242 414/396/382 412/398/384
f 411/254/242 412/398/384 409/256/244
f 409/256/244 412/398/384 410/400/386
f 409/256/244 410/400/386 407/258/246
f 407/258/246 410/400/386 408/402/388
f 407/258/246 408/402/388 405/260/248
f 405/260/248 408/402/388 406/404/390
f 405/260/248 406/404/390 403/262/250
f 403/262/250 406/404/390 404/406/392
f 403/262/250 404/406/392 401/264/252
f 401/264/252 404/406/392 402/408/394
f 401/264/252 402/408/394 399/266/254
f 399/266/254 402/408/394 400/410/396
f 399/266/254 400/410/396 397/268/256
f 397/268/256 400/410/396 398/412/398
f 329/384/370 328/246/234 333/386/372
f 333/386/372 328/246/234 332/278/264
f 333/386/372 332/278/264 335/388/374
f 335/388/374 332/278/264 334/280/266
f 335/388/374 334/280/266 336/390/376
f 336/390/376 334/280/266 325/282/268
f 336/390/376 325/282/268 339/392/378
f 339/392/378 325/282/268 340/284/270
f 339/392/378 340/284/270 338/286/272
f 200/433/417 243/434/300 185/435/418
f 185/435/418 243/434/300 242/436/298
f 185/435/418 242/436/298 426/437/419
f 426/437/419 242/436/298 425/438/420
f 425/438/420 242/436/298 241/439/296
f 425/438/420 241/439/296 424/440/421
f 424/440/421 241/439/296 240/441/294
f 424/440/421 240/441/294 423/442/422
f 423/442/422 240/441/294 239/443/292
f 423/442/422 239/443/292 422/444/423
f 422/444/423 239/443/292 238/445/290
f 422/444/423 238/445/290 421/446/424
f 421/446/424 238/445/290 237/447/269
f 421/446/424 237/447/269 420/448/425
f 420/448/425 237/447/269 236/449/267
f 420/448/425 236/449/267 419/450/426
f 419/450/426 236/449/267 235/451/265
f 419/450/426 235/451/265 418/452/427
f 418/452/427 235/451/265 234/453/233
f 418/452/427 234/453/233 417/454/428
f 417/454/428 234/453/233 233/455/235
f 417/456/428 233/457/235 460/458/429
f 460/458/429 233/457/235 276/459/237
f 460/458/429 276/459/237 459/460/430
f 459/460/430 276/459/237 275/461/239
f 459/460/430 275/461/239 458/462/431
f 458/462/431 275/461/239 274/463/241
f 458/462/431 274/463/241 457/464/432
f 457/464/432 274/463/241 273/465/243
f 457/464/432 273/465/243 456/466/433
f 456/466/433 273/465/243 272/467/245
f 456/466/433 272/467/245 455/468/434
f 455/468/434 272/467/245 271/469/247
f 455/468/434 271/469/247 454/470/435
f 454/470/435 271/469/247 270/471/249
f 454/470/435 270/471/249 453/472/436
f 453/472/436 270/471/249 269/473/251
f 453/472/436 269/473/251 452/474/437
f 452/474/437 269/473/251 268/475/253
f 452/474/437 268/475/253 225/476/438
f 225/476/438 268/475/253 267/477/255
f 225/476/438 267/477/255 226/478/439
f 226/478/439 267/477/255 227/479/440
f 227/479/440 267/477/255 228/480/441
f 228/480/441 267/477/255 266/481/257
f 228/480/441 266/481/257 229/482/442
f 229/482/442 266/481/257 230/483/443
f 230/483/443 266/481/257 231/484/444
f 231/484/444 266/481/257 232/485/445
f 232/485/445 266/481/257 265/486/366
f 232/485/445 265/486/366 217/487/446
f 217/487/446 265/486/366 449/488/447
f 217/487/446 449/488/447 218/489/448
f 218/489/448 449/488/447 450/490/449
f 218/489/448 450/490/449 219/491/450
f 219/491/450 450/490/449 220/492/451
f 220/492/451 450/490/449 221/493/452
f 221/493/452 450/490/449 222/494/453
f 222/494/453 450/490/449 451/495/454
f 222/494/453 451/495/454 223/496/455
f 223/496/455 451/495/454 224/497/456
f 224/497/456 451/495/454 225/476/438
f 225/476/438 451/495/454 452/474/437
f 200/433/417 199/498/457 243/434/300
f 243/434/300 199/498/457 198/499/458
f 243/434/300 198/499/458 244/500/288
f 244/500/288 198/499/458 197/501/459
f 244/500/288 197/501/459 196/502/460
f 196/502/460 195/503/461 244/500/288
f 244/500/288 195/503/461 245/504/289
f 245/504/289 195/503/461 194/505/462
f 245/504/289 194/505/462 193/506/463
f 245/504/289 193/506/463 429/507/464
f 429/507/464 193/506/463 192/508/465
f 429/507/464 192/508/465 191/509/466
f 429/507/464 191/509/466 428/510/467
f 428/510/467 191/509/466 190/511/468
f 428/510/467 190/511/468 189/512/469
f 189/512/469 188/513/470 428/510/467
f 428/510/467 188/513/470 427/514/471
f 427/514/471 188/513/470 187/515/472
f 427/514/471 187/515/472 186/516/473
f 186/516/473 185/435/418 427/514/471
f 427/514/471 185/435/418 426/437/419
f 245/504/289 429/507/464 246/517/302
f 246/517/302 429/507/464 430/518/474
f 246/517/302 430/518/474 247/519/304
f 247/519/304 430/518/474 431/520/475
f 247/519/304 431/520/475 248/521/306
f 248/521/306 431/520/475 432/522/476
f 248/521/306 432/522/476 249/523/308
f 249/523/308 432/522/476 433/524/477
f 249/523/308 433/524/477 250/525/310
f 250/525/310 433/524/477 434/526/478
f 250/525/310 434/526/478 251/527/312
f 251/527/312 434/526/478 435/528/479
f 251/527/312 435/528/479 252/529/314
f 252/529/314 435/528/479 436/530/480
f 252/529/314 436/530/480 253/531/342
f 253/531/342 436/530/480 437/532/481
f 253/531/342 437/532/481 254/533/344
f 254/533/344 437/532/481 438/534/482
f 254/533/344 438/534/482 255/535/346
f 255/535/346 438/534/482 439/536/483
f 255/535/346 439/536/483 256/537/348
f 256/537/348 439/536/483 440/538/484
f 256/537/348 440/538/484 257/539/350
f 257/539/350 440/538/484 441/540/485
f 257/539/350 441/540/485 258/541/352
f 258/541/352 441/540/485 442/542/486
f 258/541/352 442/542/486 259/543/354
f 259/543/354 442/542/486 443/544/487
f 259/543/354 443/544/487 260/545/356
f 260/545/356 443/544/487 444/546/488
f 260/545/356 444/546/488 261/547/358
f 261/547/358 444/546/488 445/548/489
f 261/547/358 445/548/489 262/549/360
f 262/549/360 445/548/489 446/550/490
f 262/549/360 446/550/490 263/551/362
f 263/551/362 446/550/490 447/552/491
f 263/551/362 447/552/491 264/553/364
f 264/553/364 447/552/491 448/554/492
f 264/553/364 448/554/492 265/486/366
f 265/486/366 448/554/492 449/488/447
f 21/555/493 309/556/412 1/557/494
f 1/557/494 309/556/412 308/558/410
f 1/557/494 308/558/410 2/559/495
f 2/559/495 308/558/410 505/560/496
f 2/559/495 505/560/496 506/561/497
f 21/555/493 20/562/498 309/556/412
f 309/556/412 20/562/498 310/563/414
f 310/563/414 20/562/498 19/564/499
f 310/563/414 19/564/499 311/565/416
f 311/565/416 19/564/499 18/566/500
f 311/565/416 18/566/500 17/567/501
f 311/565/416 17/567/501 312/568/283
f 312/568/283 17/567/501 16/569/502
f 312/568/283 16/569/502 15/570/503
f 312/568/283 15/570/503 313/571/281
f 313/571/281 15/570/503 14/572/504
f 313/571/281 14/572/504 13/573/505
f 313/571/281 13/573/505 314/574/279
f 314/574/279 13/573/505 12/575/506
f 314/574/279 12/575/506 315/576/277
f 315/576/277 12/575/506 11/577/507
f 315/576/277 11/577/507 581/578/508
f 581/578/508 11/577/507 516/579/509
f 581/578/508 516/579/509 580/580/510
f 580/580/510 516/579/509 517/581/511
f 580/580/510 517/581/511 579/582/512
f 579/582/512 517/581/511 518/583/513
f 579/582/512 518/583/513 578/584/514
f 578/584/514 518/583/513 577/585/515
f 577/585/515 518/583/513 519/586/516
f 577/585/515 519/586/516 576/587/517
f 576/587/517 519/586/516 575/588/518
f 575/588/518 519/586/516 520/589/519
f 575/588/518 520/589/519 586/590/520
f 586/590/520 520/589/519 585/591/521
f 585/591/521 520/589/519 521/592/522
f 585/591/521 521/592/522 584/593/523
f 584/593/523 521/592/522 522/594/524
f 584/593/523 522/594/524 319/595/377
f 319/595/377 522/594/524 91/596/525
f 319/595/377 91/596/525 320/597/375
f 320/597/375 91/596/525 90/598/526
f 320/597/375 90/598/526 89/599/527
f 516/579/509 11/577/507 515/600/528
f 515/600/528 11/577/507 10/601/529
f 515/600/528 10/601/529 514/602/530
f 514/602/530 10/601/529 9/603/531
f 514/602/530 9/603/531 513/604/532
f 513/604/532 9/603/531 574/605/533
f 513/604/532 574/605/533 512/606/534
f 512/606/534 574/605/533 563/607/535
f 512/606/534 563/607/535 564/608/536
f 9/603/531 8/609/537 574/605/533
f 574/605/533 8/609/537 573/610/538
f 573/610/538 8/609/537 7/611/539
f 573/610/538 7/611/539 572/612/540
f 572/612/540 7/611/539 6/613/541
f 572/612/540 6/613/541 571/614/542
f 571/614/542 6/613/541 5/615/543
f 571/614/542 5/615/543 4/616/544
f 3/617/545 508/618/546 4/616/544
f 4/616/544 508/618/546 570/619/547
f 4/616/544 570/619/547 571/614/542
f 508/618/546 3/617/545 507/620/548
f 507/620/548 3/617/545 2/559/495
f 507/620/548 2/559/495 506/561/497
f 44/621/549 43/622/550 539/623/551
f 539/623/551 43/622/550 63/624/552
f 539/623/551 63/624/552 550/625/553
f 550/625/553 63/624/552 62/626/554
f 550/625/553 62/626/554 549/627/555
f 549/627/555 62/626/554 61/628/556
f 549/627/555 61/628/556 492/629/557
f 492/629/557 61/628/556 491/630/558
f 491/630/558 61/628/556 490/631/559
f 490/631/559 61/628/556 60/632/560
f 490/631/559 60/632/560 489/633/561
f 489/633/561 60/632/560 59/634/562
f 489/633/561 59/634/562 296/635/330
f 296/635/330 59/634/562 297/636/328
f 297/636/328 59/634/562 58/637/563
f 297/636/328 58/637/563 298/638/326
f 298/638/326 58/637/563 57/639/564
f 298/638/326 57/639/564 56/640/565
f 298/638/326 56/640/565 299/641/324
f 299/641/324 56/640/565 55/642/566
f 299/641/324 55/642/566 54/643/567
f 299/641/324 54/643/567 300/644/322
f 300/644/322 54/643/567 53/645/568
f 300/644/322 53/645/568 301/646/320
f 301/646/320 53/645/568 52/647/569
f 301/646/320 52/647/569 51/648/570
f 301/646/320 51/648/570 302/649/319
f 302/649/319 51/648/570 50/650/571
f 302/649/319 50/650/571 49/651/572
f 302/649/319 49/651/572 303/652/400
f 303/652/400 49/651/572 48/653/573
f 303/652/400 48/653/573 304/654/402
f 304/654/402 48/653/573 560/655/574
f 304/654/402 560/655/574 561/656/575
f 560/655/574 48/653/573 499/657/576
f 499/657/576 48/653/573 47/658/577
f 499/657/576 47/658/577 498/659/578
f 498/659/578 47/658/577 46/660/579
f 498/659/578 46/660/579 497/661/580
f 497/661/580 46/660/579 496/662/581
f 496/662/581 46/660/579 45/663/582
f 496/662/581 45/663/582 541/664/583
f 541/664/583 45/663/582 540/665/584
f 540/665/584 45/663/582 44/621/549
f 540/665/584 44/621/549 539/623/551
f 86/666/585 85/667/586 277/668/369
f 277/668/369 85/667/586 105/669/587
f 277/668/369 105/669/587 278/670/367
f 278/670/367 105/669/587 104/671/588
f 278/670/367 104/671/588 103/672/589
f 278/670/367 103/672/589 279/673/381
f 279/673/381 103/672/589 102/674/590
f 279/673/381 102/674/590 280/675/383
f 280/675/383 102/674/590 101/676/591
f 280/675/383 101/676/591 100/677/592
f 99/678/593 465/679/594 100/677/592
f 100/677/592 465/679/594 466/680/595
f 100/677/592 466/680/595 602/681/596
f 602/681/596 466/680/595 467/682/597
f 602/681/596 467/682/597 601/683/598
f 601/683/598 467/682/597 468/684/599
f 601/683/598 468/684/599 600/685/600
f 600/685/600 468/684/599 599/686/601
f 599/686/601 468/684/599 469/687/602
f 599/686/601 469/687/602 610/688/603
f 610/688/603 469/687/602 609/689/604
f 609/689/604 469/687/602 470/690/605
f 609/689/604 470/690/605 608/691/606
f 608/691/606 470/690/605 607/692/607
f 607/692/607 470/690/605 471/693/608
f 607/692/607 471/693/608 606/694/609
f 606/694/609 471/693/608 472/695/610
f 606/694/609 472/695/610 605/696/611
f 605/696/611 472/695/610 285/697/393
f 605/696/611 285/697/393 284/698/391
f 465/679/594 99/678/593 464/699/612
f 464/699/612 99/678/593 98/700/613
f 464/699/612 98/700/613 463/701/614
f 463/701/614 98/700/613 595/702/615
f 463/701/614 595/702/615 596/703/616
f 98/700/613 97/704/617 595/702/615
f 595/702/615 97/704/617 594/705/618
f 594/705/618 97/704/617 96/706/619
f 594/705/618 96/706/619 593/707/620
f 593/707/620 96/706/619 95/708/621
f 593/707/620 95/708/621 592/709/622
f 592/709/622 95/708/621 94/710/623
f 592/709/622 94/710/623 591/711/624
f 591/711/624 94/710/623 93/712/625
f 591/711/624 93/712/625 525/713/626
f 525/713/626 93/712/625 524/714/627
f 524/714/627 93/712/625 92/715/628
f 524/714/627 92/715/628 523/716/629
f 523/716/629 92/715/628 91/596/525
f 523/716/629 91/596/525 522/594/524
f 320/597/375 89/599/527 321/717/373
f 321/717/373 89/599/527 88/718/630
f 321/717/373 88/718/630 322/719/371
f 322/719/371 88/718/630 87/720/631
f 322/719/371 87/720/631 86/666/585
f 322/719/371 86/666/585 277/668/369
f 147/721/632 527/722/633 127/723/634
f 127/723/634 527/722/633 292/724/338
f 127/723/634 292/724/338 291/725/340
f 146/726/635 481/727/636 147/721/632
f 147/721/632 481/727/636 482/728/637
f 147/721/632 482/728/637 483/729/638
f 481/727/636 146/726/635 480/730/639
f 480/730/639 146/726/635 145/731/640
f 480/730/639 145/731/640 616/732/641
f 616/732/641 145/731/640 144/733/642
f 616/732/641 144/733/642 615/734/643
f 615/734/643 144/733/642 143/735/644
f 615/734/643 143/735/644 614/736/645
f 614/736/645 143/735/644 142/737/646
f 614/736/645 142/737/646 613/738/647
f 613/738/647 142/737/646 141/739/648
f 613/738/647 141/739/648 612/740/649
f 612/740/649 141/739/648 140/741/650
f 612/740/649 140/741/650 475/742/651
f 475/742/651 140/741/650 474/743/652
f 474/743/652 140/741/650 139/744/653
f 474/743/652 139/744/653 473/745/654
f 473/745/654 139/744/653 138/746/655
f 473/745/654 138/746/655 472/695/610
f 472/695/610 138/746/655 285/697/393
f 138/746/655 137/747/656 285/697/393
f 285/697/393 137/747/656 286/748/395
f 286/748/395 137/747/656 136/749/657
f 286/748/395 136/749/657 287/750/397
f 287/750/397 136/749/657 135/751/658
f 287/750/397 135/751/658 134/752/659
f 287/750/397 134/752/659 288/753/399
f 288/753/399 134/752/659 133/754/660
f 288/753/399 133/754/660 132/755/661
f 288/753/399 132/755/661 289/756/262
f 289/756/262 132/755/661 131/757/662
f 289/756/262 131/757/662 290/758/263
f 290/758/263 131/757/662 130/759/663
f 290/758/263 130/759/663 129/760/664
f 290/758/263 129/760/664 291/725/340
f 291/725/340 129/760/664 128/761/665
f 291/725/340 128/761/665 127/723/634
f 462/762/666 598/763/667 461/764/668
f 461/764/668 598/763/667 587/765/669
f 461/764/668 587/765/669 588/766/670
f 463/701/614 596/703/616 462/762/666
f 462/762/666 596/703/616 597/767/671
f 462/762/666 597/767/671 598/763/667
f 475/742/651 476/768/672 612/740/649
f 612/740/649 476/768/672 611/769/673
f 611/769/673 476/768/672 622/770/674
f 622/770/674 476/768/672 477/771/675
f 622/770/674 477/771/675 621/772/676
f 621/772/676 477/771/675 620/773/677
f 620/773/677 477/771/675 478/774/678
f 620/773/677 478/774/678 619/775/679
f 619/775/679 478/774/678 618/776/680
f 618/776/680 478/774/678 479/777/681
f 618/776/680 479/777/681 617/778/682
f 617/778/682 479/777/681 616/732/641
f 616/732/641 479/777/681 480/730/639
f 484/779/683 538/780/684 483/729/638
f 483/729/638 538/780/684 527/722/633
f 483/729/638 527/722/633 147/721/632
f 538/780/684 484/779/683 537/781/685
f 537/781/685 484/779/683 485/782/686
f 537/781/685 485/782/686 536/783/687
f 536/783/687 485/782/686 535/784/688
f 535/784/688 485/782/686 486/785/689
f 535/784/688 486/785/689 534/786/690
f 534/786/690 486/785/689 533/787/691
f 533/787/691 486/785/689 487/788/692
f 533/787/691 487/788/692 532/789/693
f 532/789/693 487/788/692 531/790/694
f 531/790/694 487/788/692 488/791/695
f 531/790/694 488/791/695 530/792/696
f 530/792/696 488/791/695 489/633/561
f 530/792/696 489/633/561 296/635/330
f 549/627/555 492/629/557 548/793/697
f 548/793/697 492/629/557 493/794/698
f 548/793/697 493/794/698 547/795/699
f 547/795/699 493/794/698 546/796/700
f 546/796/700 493/794/698 494/797/701
f 546/796/700 494/797/701 545/798/702
f 545/798/702 494/797/701 544/799/703
f 544/799/703 494/797/701 495/800/704
f 544/799/703 495/800/704 543/801/705
f 543/801/705 495/800/704 542/802/706
f 542/802/706 495/800/704 496/662/581
f 542/802/706 496/662/581 541/664/583
f 499/657/576 500/803/707 560/655/574
f 560/655/574 500/803/707 559/804/708
f 559/804/708 500/803/707 501/805/709
f 559/804/708 501/805/709 558/806/710
f 558/806/710 501/805/709 557/807/711
f 557/807/711 501/805/709 502/808/712
f 557/807/711 502/808/712 556/809/713
f 556/809/713 502/808/712 555/810/714
f 555/810/714 502/808/712 503/811/715
f 555/810/714 503/811/715 554/812/716
f 554/812/716 503/811/715 553/813/717
f 553/813/717 503/811/715 504/814/718
f 553/813/717 504/814/718 552/815/719
f 552/815/719 504/814/718 505/560/496
f 552/815/719 505/560/496 551/816/720
f 551/816/720 505/560/496 308/558/410
f 551/816/720 308/558/410 307/817/408
f 508/618/546 509/818/721 570/619/547
f 570/619/547 509/818/721 569/819/722
f 569/819/722 509/818/721 568/820/723
f 568/820/723 509/818/721 510/821/724
f 568/820/723 510/821/724 567/822/725
f 567/822/725 510/821/724 566/823/726
f 566/823/726 510/821/724 511/824/727
f 566/823/726 511/824/727 565/825/728
f 565/825/728 511/824/727 564/608/536
f 564/608/536 511/824/727 512/606/534
f 591/711/624 525/713/626 590/826/729
f 590/826/729 525/713/626 526/827/730
f 590/826/729 526/827/730 589/828/731
f 589/828/731 526/827/730 588/766/670
f 588/766/670 526/827/730 461/764/668
f 292/724/338 527/722/633 293/829/336
f 293/829/336 527/722/633 528/830/732
f 293/829/336 528/830/732 294/831/334
f 294/831/334 528/830/732 529/832/733
f 294/831/334 529/832/733 295/833/332
f 295/833/332 529/832/733 296/635/330
f 296/635/330 529/832/733 530/792/696
f 562/834/734 306/835/406 561/656/575
f 561/656/575 306/835/406 305/836/404
f 561/656/575 305/836/404 304/654/402
f 306/835/406 562/834/734 307/817/408
f 307/817/408 562/834/734 551/816/720
f 315/576/277 581/578/508 316/837/275
f 316/837/275 581/578/508 582/838/735
f 316/837/275 582/838/735 317/839/274
f 317/839/274 582/838/735 583/840/736
f 317/839/274 583/840/736 318/841/379
f 318/841/379 583/840/736 319/595/377
f 319/595/377 583/840/736 584/593/523
f 100/677/592 602/681/596 281/842/385
f 281/842/385 602/681/596 603/843/737
f 281/842/385 603/843/737 282/844/387
f 282/844/387 603/843/737 283/845/389
f 283/845/389 603/843/737 604/846/738
f 283/845/389 604/846/738 284/698/391
f 284/698/391 604/846/738 605/696/611
f 281/842/385 280/675/383 100/677/592
f 184/847/739 648/848/740 169/849/741
f 169/849/741 648/848/740 660/850/742
f 169/849/741 660/850/742 170/851/743
f 170/851/743 660/850/742 171/852/744
f 171/852/744 660/850/742 661/853/745
f 171/852/744 661/853/745 172/854/746
f 172/854/746 661/853/745 173/855/747
f 173/855/747 661/853/745 662/856/748
f 173/855/747 662/856/748 174/857/749
f 174/857/749 662/856/748 175/858/750
f 175/858/750 662/856/748 176/859/751
f 176/859/751 662/856/748 663/860/752
f 176/859/751 663/860/752 177/861/753
f 177/861/753 663/860/752 645/862/754
f 177/861/753 645/862/754 178/863/755
f 178/863/755 645/862/754 646/864/756
f 178/863/755 646/864/756 179/865/757
f 179/865/757 646/864/756 180/866/758
f 180/866/758 646/864/756 181/867/759
f 181/867/759 646/864/756 647/868/760
f 181/867/759 647/868/760 182/869/761
f 182/869/761 647/868/760 183/870/762
f 183/870/762 647/868/760 648/848/740
f 183/870/762 648/848/740 184/847/739
f 216/871/763 631/872/764 201/873/765
f 201/873/765 631/872/764 632/874/766
f 201/873/765 632/874/766 676/875/767
f 676/875/767 632/874/766 675/876/768
f 675/876/768 632/874/766 633/877/769
f 675/876/768 633/877/769 674/878/770
f 674/878/770 633/877/769 634/879/771
f 674/878/770 634/879/771 673/880/772
f 673/880/772 634/879/771 635/881/773
f 673/880/772 635/881/773 672/882/774
f 672/882/774 635/881/773 636/883/775
f 672/882/774 636/883/775 671/884/776
f 671/884/776 636/883/775 637/885/777
f 671/884/776 637/885/777 670/886/778
f 670/886/778 637/885/777 638/887/779
f 670/886/778 638/887/779 669/888/780
f 669/888/780 638/887/779 639/889/781
f 669/888/780 639/889/781 668/890/782
f 668/890/782 639/889/781 640/891/783
f 668/890/782 640/891/783 667/892/784
f 667/892/784 640/891/783 641/893/785
f 667/892/784 641/893/785 666/894/786
f 666/894/786 641/893/785 642/895/787
f 666/894/786 642/895/787 665/896/788
f 665/896/788 642/895/787 643/897/789
f 665/896/788 643/897/789 664/898/790
f 664/898/790 643/897/789 644/899/791
f 664/898/790 644/899/791 663/860/752
f 663/860/752 644/899/791 645/862/754
f 216/871/763 215/900/792 631/872/764
f 631/872/764 215/900/792 214/901/793
f 631/872/764 214/901/793 213/902/794
f 631/872/764 213/902/794 630/903/795
f 630/903/795 213/902/794 212/904/796
f 630/903/795 212/904/796 211/905/797
f 630/903/795 211/905/797 629/906/798
f 629/906/798 211/905/797 210/907/799
f 629/906/798 210/907/799 209/908/800
f 629/906/798 209/908/800 679/909/801
f 679/909/801 209/908/800 208/910/802
f 679/909/801 208/910/802 207/911/803
f 679/909/801 207/911/803 678/912/804
f 678/912/804 207/911/803 206/913/805
f 678/912/804 206/913/805 205/914/806
f 678/912/804 205/914/806 677/915/807
f 677/915/807 205/914/806 204/916/808
f 677/915/807 204/916/808 203/917/809
f 203/917/809 202/918/810 677/915/807
f 677/915/807 202/918/810 201/873/765
f 677/915/807 201/873/765 676/875/767
f 624/919/811 684/920/812 623/921/813
f 623/921/813 684/920/812 654/922/814
f 623/923/813 654/924/814 653/925/815
f 653/925/815 654/924/814 655/926/816
f 653/925/815 655/926/816 652/927/817
f 652/927/817 655/926/816 656/928/818
f 652/927/817 656/928/818 651/929/819
f 651/929/819 656/928/818 657/930/820
f 651/929/819 657/930/820 650/931/821
f 650/931/821 657/930/820 658/932/822
f 650/931/821 658/932/822 649/933/823
f 649/933/823 658/932/822 659/934/824
f 649/933/823 659/934/824 648/848/740
f 648/848/740 659/934/824 660/850/742
f 684/920/812 624/919/811 683/935/825
f 683/935/825 624/919/811 625/936/826
f 683/935/825 625/936/826 682/937/827
f 682/937/827 625/936/826 626/938/828
f 682/937/827 626/938/828 681/939/829
f 681/939/829 626/938/828 627/940/830
f 681/939/829 627/940/830 680/941/831
f 680/941/831 627/940/830 628/942/832
f 680/941/831 628/942/832 679/909/801
f 679/909/801 628/942/832 629/906/798
f 418/943/833 417/944/834 623/945/835
f 623/945/835 417/944/834 460/946/836
f 623/945/835 460/946/836 624/947/837
f 624/947/837 460/946/836 459/948/838
f 624/947/837 459/948/838 625/949/839
f 625/949/839 459/948/838 458/950/840
f 625/949/839 458/950/840 457/951/841
f 625/949/839 457/951/841 626/952/842
f 626/952/842 457/951/841 456/953/843
f 626/952/842 456/953/843 627/954/844
f 627/954/844 456/953/843 455/955/845
f 627/954/844 455/955/845 628/956/846
f 628/956/846 455/955/845 454/957/847
f 628/956/846 454/957/847 453/958/848
f 628/956/846 453/958/848 629/959/849
f 629/959/849 453/958/848 452/960/850
f 629/959/849 452/960/850 630/961/851
f 630/961/851 452/960/850 451/962/852
f 630/961/851 451/962/852 450/963/853
f 630/961/851 450/963/853 631/964/854
f 631/964/854 450/963/853 449/965/855
f 631/964/854 449/965/855 632/966/856
f 632/966/856 449/965/855 448/967/857
f 632/966/856 448/967/857 633/968/858
f 633/968/858 448/967/857 447/969/859
f 633/968/858 447/969/859 446/970/860
f 633/968/858 446/970/860 634/971/861
f 634/971/861 446/970/860 445/972/862
f 634/971/861 445/972/862 635/973/863
f 635/973/863 445/972/862 444/974/864
f 635/973/863 444/974/864 443/975/865
f 635/973/863 443/975/865 636/976/866
f 636/976/866 443/975/865 442/977/867
f 636/976/866 442/977/867 637/978/868
f 637/978/868 442/977/867 441/979/869
f 637/978/868 441/979/869 440/980/870
f 637/978/868 440/980/870 638/981/871
f 638/981/871 440/980/870 439/982/872
f 638/981/871 439/982/872 639/983/873
f 639/983/873 439/982/872 438/984/874
f 639/983/873 438/984/874 640/985/875
f 640/985/875 438/984/874 437/986/876
f 640/985/875 437/986/876 436/987/877
f 640/985/875 436/987/877 641/988/878
f 641/988/878 436/987/877 435/989/879
f 641/988/878 435/989/879 642/990/880
f 642/990/880 435/989/879 434/991/881
f 642/990/880 434/991/881 433/992/882
f 642/990/880 433/992/882 643/993/883
f 643/993/883 433/992/882 432/994/884
f 643/993/883 432/994/884 644/995/885
f 644/995/885 432/994/884 431/996/886
f 644/995/885 431/996/886 430/997/887
f 644/995/885 430/997/887 645/998/888
f 645/998/888 430/997/887 429/999/889
f 645/998/888 429/999/889 646/1000/890
f 646/1000/890 429/999/889 428/1001/891
f 646/1000/890 428/1001/891 647/1002/892
f 647/1002/892 428/1001/891 427/1003/893
f 647/1002/892 427/1003/893 426/1004/894
f 647/1002/892 426/1004/894 648/1005/895
f 648/1005/895 426/1004/894 425/1006/896
f 648/1005/895 425/1006/896 649/1007/897
f 649/1007/897 425/1006/896 424/1008/898
f 649/1007/897 424/1008/898 423/1009/899
f 649/1007/897 423/1009/899 650/1010/900
f 650/1010/900 423/1009/899 422/1011/901
f 650/1010/900 422/1011/901 651/1012/902
f 651/1012/902 422/1011/901 421/1013/903
f 651/1012/902 421/1013/903 652/1014/904
f 652/1014/904 421/1013/903 420/1015/905
f 652/1014/904 420/1015/905 419/1016/906
f 652/1014/904 419/1016/906 653/1017/907
f 653/1017/907 419/1016/906 418/943/833
f 653/1017/907 418/943/833 623/945/835
f 622/1018/908 696/1019/909 611/1020/910
f 611/1020/910 696/1019/909 685/1021/911
f 611/1022/910 685/1023/911 612/1024/912
f 612/1024/912 685/1023/911 686/1025/913
f 612/1024/912 686/1025/913 613/1026/914
f 613/1026/914 686/1025/913 687/1027/915
f 613/1026/914 687/1027/915 614/1028/916
f 614/1028/916 687/1027/915 688/1029/917
f 614/1028/916 688/1029/917 615/1030/918
f 615/1030/918 688/1029/917 689/1031/919
f 615/1030/918 689/1031/919 616/1032/920
f 616/1032/920 689/1031/919 690/1033/921
f 616/1032/920 690/1033/921 617/1034/922
f 617/1034/922 690/1033/921 691/1035/923
f 617/1034/922 691/1035/923 618/1036/924
f 618/1036/924 691/1035/923 692/1037/925
f 618/1036/924 692/1037/925 619/1038/926
f 619/1038/926 692/1037/925 693/1039/927
f 619/1038/926 693/1039/927 620/1040/928
f 620/1040/928 693/1039/927 694/1041/929
f 620/1040/928 694/1041/929 621/1042/930
f 621/1042/930 694/1041/929 695/1043/931
f 621/1042/930 695/1043/931 622/1018/908
f 622/1018/908 695/1043/931 696/1019/909
f 610/1044/932 708/1045/933 599/1046/934
f 599/1046/934 708/1045/933 697/1047/935
f 599/1048/934 697/1049/935 600/1050/936
f 600/1050/936 697/1049/935 698/1051/937
f 600/1050/936 698/1051/937 601/1052/938
f 601/1052/938 698/1051/937 699/1053/939
f 601/1052/938 699/1053/939 602/1054/940
f 602/1054/940 699/1053/939 700/1055/941
f 602/1054/940 700/1055/941 603/1056/942
f 603/1056/942 700/1055/941 701/1057/943
f 603/1056/942 701/1057/943 604/1058/944
f 604/1058/944 701/1057/943 702/1059/945
f 604/1058/944 702/1059/945 605/1060/946
f 605/1060/946 702/1059/945 703/1061/947
f 605/1060/946 703/1061/947 606/1062/948
f 606/1062/948 703/1061/947 704/1063/949
f 606/1062/948 704/1063/949 607/1064/950
f 607/1064/950 704/1063/949 705/1065/951
f 607/1064/950 705/1065/951 608/1066/952
f 608/1066/952 705/1065/951 706/1067/953
f 608/1066/952 706/1067/953 609/1068/954
f 609/1068/954 706/1067/953 707/1069/955
f 609/1068/954 707/1069/955 610/1044/932
f 610/1044/932 707/1069/955 708/1045/933
f 598/1070/956 720/1071/957 587/1072/958
f 587/1072/958 720/1071/957 709/1073/959
f 587/1074/958 709/1075/959 588/1076/960
f 588/1076/960 709/1075/959 710/1077/961
f 588/1076/960 710/1077/961 589/1078/962
f 589/1078/962 710/1077/961 711/1079/963
f 589/1078/962 711/1079/963 590/1080/964
f 590/1080/964 711/1079/963 712/1081/965
f 590/1080/964 712/1081/965 591/1082/966
f 591/1082/966 712/1081/965 713/1083/967
f 591/1082/966 713/1083/967 592/1084/968
f 592/1084/968 713/1083/967 714/1085/969
f 592/1084/968 714/1085/969 593/1086/970
f 593/1086/970 714/1085/969 715/1087/971
f 593/1086/970 715/1087/971 594/1088/972
f 594/1088/972 715/1087/971 716/1089/973
f 594/1088/972 716/1089/973 595/1090/974
f 595/1090/974 716/1089/973 717/1091/975
f 595/1090/974 717/1091/975 596/1092/976
f 596/1092/976 717/1091/975 718/1093/977
f 596/1092/976 718/1093/977 597/1094/978
f 597/1094/978 718/1093/977 719/1095/979
f 597/1094/978 719/1095/979 598/1070/956
f 598/1070/956 719/1095/979 720/1071/957
f 586/1096/980 732/1097/981 575/1098/982
f 575/1098/982 732/1097/981 721/1099/983
f 575/1100/982 721/1101/983 576/1102/984
f 576/1102/984 721/1101/983 722/1103/985
f 576/1102/984 722/1103/985 577/1104/986
f 577/1104/986 722/1103/985 723/1105/987
f 577/1104/986 723/1105/987 578/1106/988
f 578/1106/988 723/1105/987 724/1107/989
f 578/1106/988 724/1107/989 579/1108/990
f 579/1108/990 724/1107/989 725/1109/991
f 579/1108/990 725/1109/991 580/1110/992
f 580/1110/992 725/1109/991 726/1111/993
f 580/1110/992 726/1111/993 581/1112/994
f 581/1112/994 726/1111/993 727/1113/995
f 581/1112/994 727/1113/995 582/1114/996
f 582/1114/996 727/1113/995 728/1115/997
f 582/1114/996 728/1115/997 583/1116/998
f 583/1116/998 728/1115/997 729/1117/999
f 583/1116/998 729/1117/999 584/1118/1000
f 584/1118/1000 729/1117/999 730/1119/1001
f 584/1118/1000 730/1119/1001 585/1120/1002
f 585/1120/1002 730/1119/1001 731/1121/1003
f 585/1120/1002 731/1121/1003 586/1096/980
f 586/1096/980 731/1121/1003 732/1097/981
f 574/1122/1004 744/1123/1005 563/1124/1006
f 563/1124/1006 744/1123/1005 733/1125/1007
f 563/1126/1006 733/1127/1007 564/1128/1008
f 564/1128/1008 733/1127/1007 734/1129/1009
f 564/1128/1008 734/1129/1009 565/1130/1010
f 565/1130/1010 734/1129/1009 735/1131/1011
f 565/1130/1010 735/1131/1011 566/1132/1012
f 566/1132/1012 735/1131/1011 736/1133/1013
f 566/1132/1012 736/1133/1013 567/1134/1014
f 567/1134/1014 736/1133/1013 737/1135/1015
f 567/1134/1014 737/1135/1015 568/1136/1016
f 568/1136/1016 737/1135/1015 738/1137/1017
f 568/1136/1016 738/1137/1017 569/1138/1018
f 569/1138/1018 738/1137/1017 739/1139/1019
f 569/1138/1018 739/1139/1019 570/1140/1020
f 570/1140/1020 739/1139/1019 740/1141/1021
f 570/1140/1020 740/1141/1021 571/1142/1022
f 571/1142/1022 740/1141/1021 741/1143/1023
f 571/1142/1022 741/1143/1023 572/1144/1024
f 572/1144/1024 741/1143/1023 742/1145/1025
f 572/1144/1024 742/1145/1025 573/1146/1026
f 573/1146/1026 742/1145/1025 743/1147/1027
f 573/1146/1026 743/1147/1027 574/1122/1004
f 574/1122/1004 743/1147/1027 744/1123/1005
f 562/1148/1028 756/1149/1029 551/1150/1030
f 551/1150/1030 756/1149/1029 745/1151/1031
f 551/1152/1030 745/1153/1031 552/1154/1032
f 552/1154/1032 745/1153/1031 746/1155/1033
f 552/1154/1032 746/1155/1033 553/1156/1034
f 553/1156/1034 746/1155/1033 747/1157/1035
f 553/1156/1034 747/1157/1035 554/1158/1036
f 554/1158/1036 747/1157/1035 748/1159/1037
f 554/1158/1036 748/1159/1037 555/1160/1038
f 555/1160/1038 748/1159/1037 749/1161/1039
f 555/1160/1038 749/1161/1039 556/1162/1040
f 556/1162/1040 749/1161/1039 750/1163/1041
f 556/1162/1040 750/1163/1041 557/1164/1042
f 557/1164/1042 750/1163/1041 751/1165/1043
f 557/1164/1042 751/1165/1043 558/1166/1044
f 558/1166/1044 751/1165/1043 752/1167/1045
f 558/1166/1044 752/1167/1045 559/1168/1046
f 559/1168/1046 752/1167/1045 753/1169/1047
f 559/1168/1046 753/1169/1047 560/1170/1048
f 560/1170/1048 753/1169/1047 754/1171/1049
f 560/1170/1048 754/1171/1049 561/1172/1050
f 561/1172/1050 754/1171/1049 755/1173/1051
f 561/1172/1050 755/1173/1051 562/1148/1028
f 562/1148/1028 755/1173/1051 756/1149/1029
f 550/1174/1052 768/1175/1053 539/1176/1054
f 539/1176/1054 768/1175/1053 757/1177/1055
f 539/1178/1054 757/1179/1055 540/1180/1056
f 540/1180/1056 757/1179/1055 758/1181/1057
f 540/1180/1056 758/1181/1057 541/1182/1058
f 541/1182/1058 758/1181/1057 759/1183/1059
f 541/1182/1058 759/1183/1059 542/1184/1060
f 542/1184/1060 759/1183/1059 760/1185/1061
f 542/1184/1060 760/1185/1061 543/1186/1062
f 543/1186/1062 760/1185/1061 761/1187/1063
f 543/1186/1062 761/1187/1063 544/1188/1064
f 544/1188/1064 761/1187/1063 762/1189/1065
f 544/1188/1064 762/1189/1065 545/1190/1066
f 545/1190/1066 762/1189/1065 763/1191/1067
f 545/1190/1066 763/1191/1067 546/1192/1068
f 546/1192/1068 763/1191/1067 764/1193/1069
f 546/1192/1068 764/1193/1069 547/1194/1070
f 547/1194/1070 764/1193/1069 765/1195/1071
f 547/1194/1070 765/1195/1071 548/1196/1072
f 548/1196/1072 765/1195/1071 766/1197/1073
f 548/1196/1072 766/1197/1073 549/1198/1074
f 549/1198/1074 766/1197/1073 767/1199/1075
f 549/1198/1074 767/1199/1075 550/1174/1052
f 550/1174/1052 767/1199/1075 768/1175/1053
f 538/1200/1076 780/1201/1077 527/1202/1078
f 527/1202/1078 780/1201/1077 769/1203/1079
f 527/1204/1078 769/1205/1079 528/1206/1080
f 528/1206/1080 769/1205/1079 770/1207/1081
f 528/1206/1080 770/1207/1081 529/1208/1082
f 529/1208/1082 770/1207/1081 771/1209/1083
f 529/1208/1082 771/1209/1083 530/1210/1084
f 530/1210/1084 771/1209/1083 772/1211/1085
f 530/1210/1084 772/1211/1085 531/1212/1086
f 531/1212/1086 772/1211/1085 773/1213/1087
f 531/1212/1086 773/1213/1087 532/1214/1088
f 532/1214/1088 773/1213/1087 774/1215/1089
f 532/1214/1088 774/1215/1089 533/1216/1090
f 533/1216/1090 774/1215/1089 775/1217/1091
f 533/1216/1090 775/1217/1091 534/1218/1092
f 534/1218/1092 775/1217/1091 776/1219/1093
f 534/1218/1092 776/1219/1093 535/1220/1094
f 535/1220/1094 776/1219/1093 777/1221/1095
f 535/1220/1094 777/1221/1095 536/1222/1096
f 536/1222/1096 777/1221/1095 778/1223/1097
f 536/1222/1096 778/1223/1097 537/1224/1098
f 537/1224/1098 778/1223/1097 779/1225/1099
f 537/1224/1098 779/1225/1099 538/1200/1076
f 538/1200/1076 779/1225/1099 780/1201/1077
f 526/1226/1100 846/1227/1101 461/1228/1102
f 461/1228/1102 846/1227/1101 781/1229/1103
f 461/1230/1102 781/1231/1103 462/1232/1104
f 462/1232/1104 781/1231/1103 782/1233/1105
f 462/1232/1104 782/1233/1105 463/1234/1106
f 463/1234/1106 782/1233/1105 783/1235/1107
f 463/1234/1106 783/1235/1107 464/1236/1108
f 464/1236/1108 783/1235/1107 784/1237/1109
f 464/1236/1108 784/1237/1109 465/1238/1110
f 465/1238/1110 784/1237/1109 785/1239/1111
f 465/1238/1110 785/1239/1111 466/1240/1112
f 466/1240/1112 785/1239/1111 786/1241/1113
f 466/1240/1112 786/1241/1113 467/1242/1114
f 467/1242/1114 786/1241/1113 787/1243/1115
f 467/1242/1114 787/1243/1115 468/1244/1116
f 468/1244/1116 787/1243/1115 788/1245/1117
f 468/1244/1116 788/1245/1117 469/1246/1118
f 469/1246/1118 788/1245/1117 789/1247/1119
f 469/1246/1118 789/1247/1119 470/1248/1120
f 470/1248/1120 789/1247/1119 790/1249/1121
f 470/1248/1120 790/1249/1121 471/1250/1122
f 471/1250/1122 790/1249/1121 791/1251/1123
f 471/1250/1122 791/1251/1123 472/1252/1124
f 472/1252/1124 791/1251/1123 792/1253/1125
f 472/1252/1124 792/1253/1125 473/1254/1126
f 473/1254/1126 792/1253/1125 793/1255/1127
f 473/1254/1126 793/1255/1127 474/1256/1128
f 474/1256/1128 793/1255/1127 794/1257/1129
f 474/1256/1128 794/1257/1129 475/1258/1130
f 475/1258/1130 794/1257/1129 795/1259/1131
f 475/1258/1130 795/1259/1131 476/1260/1132
f 476/1260/1132 795/1259/1131 796/1261/1133
f 476/1260/1132 796/1261/1133 477/1262/1134
f 477/1262/1134 796/1261/1133 797/1263/1135
f 477/1262/1134 797/1263/1135 478/1264/1136
f 478/1264/1136 797/1263/1135 798/1265/1137
f 478/1264/1136 798/1265/1137 479/1266/1138
f 479/1266/1138 798/1265/1137 799/1267/1139
f 479/1266/1138 799/1267/1139 480/1268/1140
f 480/1268/1140 799/1267/1139 800/1269/1141
f 480/1268/1140 800/1269/1141 481/1270/1142
f 481/1270/1142 800/1269/1141 801/1271/1143
f 481/1270/1142 801/1271/1143 482/1272/1144
f 482/1272/1144 801/1271/1143 802/1273/1145
f 482/1272/1144 802/1273/1145 483/1274/1146
f 483/1274/1146 802/1273/1145 803/1275/1147
f 483/1274/1146 803/1275/1147 484/1276/1148
f 484/1276/1148 803/1275/1147 804/1277/1149
f 484/1276/1148 804/1277/1149 485/1278/1150
f 485/1278/1150 804/1277/1149 805/1279/1151
f 485/1278/1150 805/1279/1151 486/1280/1152
f 486/1280/1152 805/1279/1151 806/1281/1153
f 486/1280/1152 806/1281/1153 487/1282/1154
f 487/1282/1154 806/1281/1153 807/1283/1155
f 487/1282/1154 807/1283/1155 488/1284/1156
f 488/1284/1156 807/1283/1155 808/1285/1157
f 488/1284/1156 808/1285/1157 489/1286/1158
f 489/1286/1158 808/1285/1157 809/1287/1159
f 489/1286/1158 809/1287/1159 490/1288/1160
f 490/1288/1160 809/1287/1159 810/1289/1161
f 490/1288/1160 810/1289/1161 491/1290/1162
f 491/1290/1162 810/1289/1161 811/1291/1163
f 491/1290/1162 811/1291/1163 492/1292/1164
f 492/1292/1164 811/1291/1163 812/1293/1165
f 492/1292/1164 812/1293/1165 493/1294/1166
f 493/1294/1166 812/1293/1165 813/1295/1167
f 493/1294/1166 813/1295/1167 494/1296/1168
f 494/1296/1168 813/1295/1167 814/1297/1169
f 494/1296/1168 814/1297/1169 495/1298/1170
f 495/1298/1170 814/1297/1169 815/1299/1171
f 495/1298/1170 815/1299/1171 496/1300/1172
f 496/1300/1172 815/1299/1171 816/1301/1173
f 496/1300/1172 816/1301/1173 497/1302/1174
f 497/1302/1174 816/1301/1173 817/1303/1175
f 497/1302/1174 817/1303/1175 498/1304/1176
f 498/1304/1176 817/1303/1175 818/1305/1177
f 498/1304/1176 818/1305/1177 499/1306/1178
f 499/1306/1178 818/1305/1177 819/1307/1179
f 499/1306/1178 819/1307/1179 500/1308/1180
f 500/1308/1180 819/1307/1179 820/1309/1181
f 500/1308/1180 820/1309/1181 501/1310/1182
f 501/1310/1182 820/1309/1181 821/1311/1183
f 501/1310/1182 821/1311/1183 502/1312/1184
f 502/1312/1184 821/1311/1183 822/1313/1185
f 502/1312/1184 822/1313/1185 503/1314/1186
f 503/1314/1186 822/1313/1185 823/1315/1187
f 503/1314/1186 823/1315/1187 504/1316/1188
f 504/1316/1188 823/1315/1187 824/1317/1189
f 504/1316/1188 824/1317/1189 505/1318/1190
f 505/1318/1190 824/1317/1189 825/1319/1191
f 505/1318/1190 825/1319/1191 506/1320/1192
f 506/1320/1192 825/1319/1191 826/1321/1193
f 506/1320/1192 826/1321/1193 507/1322/1194
f 507/1322/1194 826/1321/1193 827/1323/1195
f 507/1322/1194 827/1323/1195 508/1324/1196
f 508/1324/1196 827/1323/1195 828/1325/1197
f 508/1324/1196 828/1325/1197 509/1326/1198
f 509/1326/1198 828/1325/1197 829/1327/1199
f 509/1326/1198 829/1327/1199 510/1328/1200
f 510/1328/1200 829/1327/1199 830/1329/1201
f 510/1328/1200 830/1329/1201 511/1330/1202
f 511/1330/1202 830/1329/1201 831/1331/1203
f 511/1330/1202 831/1331/1203 512/1332/1204
f 512/1332/1204 831/1331/1203 832/1333/1205
f 512/1332/1204 832/1333/1205 513/1334/1206
f 513/1334/1206 832/1333/1205 833/1335/1207
f 513/1334/1206 833/1335/1207 514/1336/1208
f 514/1336/1208 833/1335/1207 834/1337/1209
f 514/1336/1208 834/1337/1209 515/1338/1210
f 515/1338/1210 834/1337/1209 835/1339/1211
f 515/1338/1210 835/1339/1211 516/1340/1212
f 516/1340/1212 835/1339/1211 836/1341/1213
f 516/1340/1212 836/1341/1213 517/1342/1214
f 517/1342/1214 836/1341/1213 837/1343/1215
f 517/1342/1214 837/1343/1215 518/1344/1216
f 518/1344/1216 837/1343/1215 838/1345/1217
f 518/1344/1216 838/1345/1217 519/1346/1218
f 519/1346/1218 838/1345/1217 839/1347/1219
f 519/1346/1218 839/1347/1219 520/1348/1220
f 520/1348/1220 839/1347/1219 840/1349/1221
f 520/1348/1220 840/1349/1221 521/1350/1222
f 521/1350/1222 840/1349/1221 841/1351/1223
f 521/1350/1222 841/1351/1223 522/1352/1224
f 522/1352/1224 841/1351/1223 842/1353/1225
f 522/1352/1224 842/1353/1225 523/1354/1226
f 523/1354/1226 842/1353/1225 843/1355/1227
f 523/1354/1226 843/1355/1227 524/1356/1228
f 524/1356/1228 843/1355/1227 844/1357/1229
f 524/1356/1228 844/1357/1229 525/1358/1230
f 525/1358/1230 844/1357/1229 845/1359/1231
f 525/1358/1230 845/1359/1231 526/1226/1100
f 526/1226/1100 845/1359/1231 846/1227/1101
f 42/1360/1232 745/1361/1233 22/1362/1234
f 22/1362/1234 745/1361/1233 756/1363/1235
f 22/1362/1234 756/1363/1235 23/1364/1236
f 23/1364/1236 756/1363/1235 24/1365/1237
f 24/1365/1237 756/1363/1235 78/1366/1238
f 24/1365/1237 78/1366/1238 77/1367/1239
f 41/1368/1240 827/1369/1241 42/1360/1232
f 42/1360/1232 827/1369/1241 826/1370/1242
f 42/1360/1232 826/1370/1242 825/1371/1243
f 827/1369/1241 41/1368/1240 828/1372/1244
f 828/1372/1244 41/1368/1240 40/1373/1245
f 828/1372/1244 40/1373/1245 740/1374/1246
f 740/1374/1246 40/1373/1245 741/1375/1247
f 741/1375/1247 40/1373/1245 39/1376/1248
f 741/1375/1247 39/1376/1248 38/1377/1249
f 741/1375/1247 38/1377/1249 742/1378/1250
f 742/1378/1250 38/1377/1249 37/1379/1251
f 742/1378/1250 37/1379/1251 743/1380/1252
f 743/1380/1252 37/1379/1251 36/1381/1253
f 743/1380/1252 36/1381/1253 744/1382/1254
f 744/1382/1254 36/1381/1253 35/1383/1255
f 744/1382/1254 35/1383/1255 833/1384/1256
f 833/1384/1256 35/1383/1255 834/1385/1257
f 834/1385/1257 35/1383/1255 34/1386/1258
f 834/1385/1257 34/1386/1258 835/1387/1259
f 835/1387/1259 34/1386/1258 33/1388/1260
f 835/1387/1259 33/1388/1260 836/1389/1261
f 836/1389/1261 33/1388/1260 727/1390/1262
f 836/1389/1261 727/1390/1262 726/1391/1263
f 33/1388/1260 32/1392/1264 727/1390/1262
f 727/1390/1262 32/1392/1264 728/1393/1265
f 728/1393/1265 32/1392/1264 31/1394/1266
f 728/1393/1265 31/1394/1266 729/1395/1267
f 729/1395/1267 31/1394/1266 124/1396/1268
f 729/1395/1267 124/1396/1268 123/1397/1269
f 31/1394/1266 30/1398/1270 124/1396/1268
f 124/1396/1268 30/1398/1270 125/1399/1271
f 125/1399/1271 30/1398/1270 29/1400/1272
f 125/1399/1271 29/1400/1272 126/1401/1273
f 126/1401/1273 29/1400/1272 28/1402/1274
f 126/1401/1273 28/1402/1274 106/1403/1275
f 106/1403/1275 28/1402/1274 27/1404/1276
f 106/1403/1275 27/1404/1276 74/1405/1277
f 74/1405/1277 27/1404/1276 75/1406/1278
f 75/1406/1278 27/1404/1276 26/1407/1279
f 75/1406/1278 26/1407/1279 76/1408/1280
f 76/1408/1280 26/1407/1279 25/1409/1281
f 76/1408/1280 25/1409/1281 77/1367/1239
f 77/1367/1239 25/1409/1281 24/1365/1237
f 65/1410/1282 64/1411/1283 757/1412/1284
f 757/1412/1284 64/1411/1283 84/1413/1285
f 757/1412/1284 84/1413/1285 758/1414/1286
f 758/1414/1286 84/1413/1285 83/1415/1287
f 758/1414/1286 83/1415/1287 759/1416/1288
f 759/1416/1288 83/1415/1287 816/1417/1289
f 759/1416/1288 816/1417/1289 760/1418/1290
f 760/1418/1290 816/1417/1289 815/1419/1291
f 760/1418/1290 815/1419/1291 761/1420/1292
f 761/1420/1292 815/1419/1291 762/1421/1293
f 762/1421/1293 815/1419/1291 814/1422/1294
f 762/1421/1293 814/1422/1294 763/1423/1295
f 763/1423/1295 814/1422/1294 764/1424/1296
f 764/1424/1296 814/1422/1294 813/1425/1297
f 764/1424/1296 813/1425/1297 765/1426/1298
f 765/1426/1298 813/1425/1297 766/1427/1299
f 766/1427/1299 813/1425/1297 812/1428/1300
f 766/1427/1299 812/1428/1300 767/1429/1301
f 767/1429/1301 812/1428/1300 67/1430/1302
f 767/1429/1301 67/1430/1302 66/1431/1303
f 83/1415/1287 82/1432/1304 816/1417/1289
f 816/1417/1289 82/1432/1304 817/1433/1305
f 817/1433/1305 82/1432/1304 818/1434/1306
f 818/1434/1306 82/1432/1304 81/1435/1307
f 818/1434/1306 81/1435/1307 819/1436/1308
f 819/1436/1308 81/1435/1307 80/1437/1309
f 819/1436/1308 80/1437/1309 754/1438/1310
f 754/1438/1310 80/1437/1309 79/1439/1311
f 754/1438/1310 79/1439/1311 755/1440/1312
f 755/1440/1312 79/1439/1311 78/1366/1238
f 755/1440/1312 78/1366/1238 756/1363/1235
f 73/1441/1313 165/1442/1314 74/1405/1277
f 74/1405/1277 165/1442/1314 164/1443/1315
f 74/1405/1277 164/1443/1315 106/1403/1275
f 106/1403/1275 164/1443/1315 163/1444/1316
f 106/1403/1275 163/1444/1316 107/1445/1317
f 107/1445/1317 163/1444/1316 162/1446/1318
f 107/1445/1317 162/1446/1318 108/1447/1319
f 108/1447/1319 162/1446/1318 161/1448/1320
f 108/1447/1319 161/1448/1320 109/1449/1321
f 109/1449/1321 161/1448/1320 160/1450/1322
f 109/1449/1321 160/1450/1322 702/1451/1323
f 702/1451/1323 160/1450/1322 159/1452/1324
f 702/1451/1323 159/1452/1324 703/1453/1325
f 703/1453/1325 159/1452/1324 158/1454/1326
f 703/1453/1325 158/1454/1326 792/1455/1327
f 792/1455/1327 158/1454/1326 793/1456/1328
f 793/1456/1328 158/1454/1326 157/1457/1329
f 793/1456/1328 157/1457/1329 794/1458/1330
f 794/1458/1330 157/1457/1329 156/1459/1331
f 794/1458/1330 156/1459/1331 795/1460/1332
f 795/1460/1332 156/1459/1331 686/1461/1333
f 795/1460/1332 686/1461/1333 796/1462/1334
f 796/1462/1334 686/1461/1333 685/1463/1335
f 796/1462/1334 685/1463/1335 696/1464/1336
f 165/1442/1314 73/1441/1313 166/1465/1337
f 166/1465/1337 73/1441/1313 72/1466/1338
f 166/1465/1337 72/1466/1338 167/1467/1339
f 167/1467/1339 72/1466/1338 71/1468/1340
f 167/1467/1339 71/1468/1340 771/1469/1341
f 771/1469/1341 71/1468/1340 70/1470/1342
f 771/1469/1341 70/1470/1342 772/1471/1343
f 772/1471/1343 70/1470/1342 69/1472/1344
f 772/1471/1343 69/1472/1344 809/1473/1345
f 809/1473/1345 69/1472/1344 68/1474/1346
f 809/1473/1345 68/1474/1346 810/1475/1347
f 810/1475/1347 68/1474/1346 67/1430/1302
f 810/1475/1347 67/1430/1302 811/1476/1348
f 811/1476/1348 67/1430/1302 812/1428/1300
f 767/1429/1301 66/1431/1303 768/1477/1349
f 768/1477/1349 66/1431/1303 65/1410/1282
f 768/1477/1349 65/1410/1282 757/1412/1284
f 123/1397/1269 122/1478/1350 729/1395/1267
f 729/1395/1267 122/1478/1350 730/1479/1351
f 730/1479/1351 122/1478/1350 121/1480/1352
f 730/1479/1351 121/1480/1352 842/1481/1353
f 842/1481/1353 121/1480/1352 843/1482/1354
f 843/1482/1354 121/1480/1352 120/1483/1355
f 843/1482/1354 120/1483/1355 844/1484/1356
f 844/1484/1356 120/1483/1355 119/1485/1357
f 844/1484/1356 119/1485/1357 845/1486/1358
f 845/1486/1358 119/1485/1357 713/1487/1359
f 845/1486/1358 713/1487/1359 712/1488/1360
f 119/1485/1357 118/1489/1361 713/1487/1359
f 713/1487/1359 118/1489/1361 714/1490/1362
f 714/1490/1362 118/1489/1361 117/1491/1363
f 714/1490/1362 117/1491/1363 715/1492/1364
f 715/1492/1364 117/1491/1363 116/1493/1365
f 715/1492/1364 116/1493/1365 716/1494/1366
f 716/1494/1366 116/1493/1365 115/1495/1367
f 716/1494/1366 115/1495/1367 717/1496/1368
f 717/1496/1368 115/1495/1367 114/1497/1369
f 717/1496/1368 114/1497/1369 783/1498/1370
f 783/1498/1370 114/1497/1369 784/1499/1371
f 784/1499/1371 114/1497/1369 113/1500/1372
f 784/1499/1371 113/1500/1372 785/1501/1373
f 785/1501/1373 113/1500/1372 112/1502/1374
f 785/1501/1373 112/1502/1374 786/1503/1375
f 786/1503/1375 112/1502/1374 700/1504/1376
f 786/1503/1375 700/1504/1376 787/1505/1377
f 787/1505/1377 700/1504/1376 699/1506/1378
f 787/1505/1377 699/1506/1378 788/1507/1379
f 788/1507/1379 699/1506/1378 698/1508/1380
f 788/1507/1379 698/1508/1380 697/1509/1381
f 112/1502/1374 111/1510/1382 700/1504/1376
f 700/1504/1376 111/1510/1382 701/1511/1383
f 701/1511/1383 111/1510/1382 110/1512/1384
f 701/1511/1383 110/1512/1384 109/1449/1321
f 168/1513/1385 770/1514/1386 148/1515/1387
f 148/1515/1387 770/1514/1386 769/1516/1388
f 148/1515/1387 769/1516/1388 149/1517/1389
f 149/1517/1389 769/1516/1388 803/1518/1390
f 149/1517/1389 803/1518/1390 802/1519/1391
f 168/1513/1385 167/1467/1339 770/1514/1386
f 770/1514/1386 167/1467/1339 771/1469/1341
f 156/1459/1331 155/1520/1392 686/1461/1333
f 686/1461/1333 155/1520/1392 687/1521/1393
f 687/1521/1393 155/1520/1392 154/1522/1394
f 687/1521/1393 154/1522/1394 688/1523/1395
f 688/1523/1395 154/1522/1394 153/1524/1396
f 688/1523/1395 153/1524/1396 689/1525/1397
f 689/1525/1397 153/1524/1396 152/1526/1398
f 689/1525/1397 152/1526/1398 690/1527/1399
f 690/1527/1399 152/1526/1398 151/1528/1400
f 690/1527/1399 151/1528/1400 800/1529/1401
f 800/1529/1401 151/1528/1400 150/1530/1402
f 800/1529/1401 150/1530/1402 801/1531/1403
f 801/1531/1403 150/1530/1402 149/1517/1389
f 801/1531/1403 149/1517/1389 802/1519/1391
f 769/1516/1388 780/1532/1404 803/1518/1390
f 803/1518/1390 780/1532/1404 804/1533/1405
f 804/1533/1405 780/1532/1404 779/1534/1406
f 804/1533/1405 779/1534/1406 805/1535/1407
f 805/1535/1407 779/1534/1406 778/1536/1408
f 805/1535/1407 778/1536/1408 777/1537/1409
f 805/1535/1407 777/1537/1409 806/1538/1410
f 806/1538/1410 777/1537/1409 776/1539/1411
f 806/1538/1410 776/1539/1411 775/1540/1412
f 806/1538/1410 775/1540/1412 807/1541/1413
f 807/1541/1413 775/1540/1412 774/1542/1414
f 807/1541/1413 774/1542/1414 773/1543/1415
f 807/1541/1413 773/1543/1415 808/1544/1416
f 808/1544/1416 773/1543/1415 772/1471/1343
f 808/1544/1416 772/1471/1343 809/1473/1345
f 819/1436/1308 754/1438/1310 820/1545/1417
f 820/1545/1417 754/1438/1310 753/1546/1418
f 820/1545/1417 753/1546/1418 821/1547/1419
f 821/1547/1419 753/1546/1418 752/1548/1420
f 821/1547/1419 752/1548/1420 751/1549/1421
f 821/1547/1419 751/1549/1421 822/1550/1422
f 822/1550/1422 751/1549/1421 750/1551/1423
f 822/1550/1422 750/1551/1423 749/1552/1424
f 822/1550/1422 749/1552/1424 823/1553/1425
f 823/1553/1425 749/1552/1424 748/1554/1426
f 823/1553/1425 748/1554/1426 747/1555/1427
f 823/1553/1425 747/1555/1427 824/1556/1428
f 824/1556/1428 747/1555/1427 746/1557/1429
f 824/1556/1428 746/1557/1429 825/1371/1243
f 825/1371/1243 746/1557/1429 745/1361/1233
f 825/1371/1243 745/1361/1233 42/1360/1232
f 734/1558/1430 733/1559/1431 832/1560/1432
f 832/1560/1432 733/1559/1431 744/1382/1254
f 832/1560/1432 744/1382/1254 833/1384/1256
f 828/1372/1244 740/1374/1246 829/1561/1433
f 829/1561/1433 740/1374/1246 739/1562/1434
f 829/1561/1433 739/1562/1434 738/1563/1435
f 829/1561/1433 738/1563/1435 830/1564/1436
f 830/1564/1436 738/1563/1435 737/1565/1437
f 830/1564/1436 737/1565/1437 736/1566/1438
f 830/1564/1436 736/1566/1438 831/1567/1439
f 831/1567/1439 736/1566/1438 735/1568/1440
f 831/1567/1439 735/1568/1440 734/1558/1430
f 831/1567/1439 734/1558/1430 832/1560/1432
f 732/1569/1441 840/1570/1442 721/1571/1443
f 721/1571/1443 840/1570/1442 839/1572/1444
f 721/1571/1443 839/1572/1444 722/1573/1445
f 722/1573/1445 839/1572/1444 723/1574/1446
f 723/1574/1446 839/1572/1444 838/1575/1447
f 723/1574/1446 838/1575/1447 724/1576/1448
f 724/1576/1448 838/1575/1447 725/1577/1449
f 725/1577/1449 838/1575/1447 837/1578/1450
f 725/1577/1449 837/1578/1450 726/1391/1263
f 726/1391/1263 837/1578/1450 836/1389/1261
f 732/1569/1441 731/1579/1451 840/1570/1442
f 840/1570/1442 731/1579/1451 841/1580/1452
f 841/1580/1452 731/1579/1451 730/1479/1351
f 841/1580/1452 730/1479/1351 842/1481/1353
f 710/1581/1453 709/1582/1454 781/1583/1455
f 781/1583/1455 709/1582/1454 720/1584/1456
f 781/1583/1455 720/1584/1456 782/1585/1457
f 782/1585/1457 720/1584/1456 719/1586/1458
f 782/1585/1457 719/1586/1458 718/1587/1459
f 782/1585/1457 718/1587/1459 783/1498/1370
f 783/1498/1370 718/1587/1459 717/1496/1368
f 845/1486/1358 712/1488/1360 846/1588/1460
f 846/1588/1460 712/1488/1360 711/1589/1461
f 846/1588/1460 711/1589/1461 710/1581/1453
f 846/1588/1460 710/1581/1453 781/1583/1455
f 788/1507/1379 697/1509/1381 789/1590/1462
f 789/1590/1462 697/1509/1381 708/1591/1463
f 789/1590/1462 708/1591/1463 707/1592/1464
f 789/1590/1462 707/1592/1464 790/1593/1465
f 790/1593/1465 707/1592/1464 706/1594/1466
f 790/1593/1465 706/1594/1466 705/1595/1467
f 790/1593/1465 705/1595/1467 791/1596/1468
f 791/1596/1468 705/1595/1467 704/1597/1469
f 791/1596/1468 704/1597/1469 792/1455/1327
f 792/1455/1327 704/1597/1469 703/1453/1325
f 702/1451/1323 701/1511/1383 109/1449/1321
f 796/1462/1334 696/1464/1336 797/1598/1470
f 797/1598/1470 696/1464/1336 695/1599/1471
f 797/1598/1470 695/1599/1471 694/1600/1472
f 797/1598/1470 694/1600/1472 798/1601/1473
f 798/1601/1473 694/1600/1472 693/1602/1474
f 798/1601/1473 693/1602/1474 692/1603/1475
f 798/1601/1473 692/1603/1475 799/1604/1476
f 799/1604/1476 692/1603/1475 691/1605/1477
f 799/1604/1476 691/1605/1477 690/1527/1399
f 800/1529/1401 799/1604/1476 690/1527/1399
f 654/1606/1478 684/1607/1479 655/1608/1480
f 655/1608/1480 684/1607/1479 656/1609/1481
f 656/1609/1481 684/1607/1479 683/1610/1482
f 656/1609/1481 683/1610/1482 657/1611/1483
f 657/1611/1483 683/1610/1482 682/1612/1484
f 657/1611/1483 682/1612/1484 658/1613/1485
f 658/1613/1485 682/1612/1484 681/1614/1486
f 658/1613/1485 681/1614/1486 659/1615/1487
f 659/1615/1487 681/1614/1486 680/1616/1488
f 659/1615/1487 680/1616/1488 660/1617/1489
f 660/1617/1489 680/1616/1488 679/1618/1490
f 660/1617/1489 679/1618/1490 661/1619/1491
f 661/1619/1491 679/1618/1490 678/1620/1492
f 661/1619/1491 678/1620/1492 662/1621/1493
f 662/1621/1493 678/1620/1492 677/1622/1494
f 662/1621/1493 677/1622/1494 663/1623/1495
f 663/1623/1495 677/1622/1494 676/1624/1496
f 663/1623/1495 676/1624/1496 664/1625/1497
f 664/1625/1497 676/1624/1496 675/1626/1498
f 664/1625/1497 675/1626/1498 665/1627/1499
f 665/1627/1499 675/1626/1498 674/1628/1500
f 665/1627/1499 674/1628/1500 666/1629/1501
f 666/1629/1501 674/1628/1500 673/1630/1502
f 666/1629/1501 673/1630/1502 667/1631/1503
f 667/1631/1503 673/1630/1502 672/1632/1504
f 667/1631/1503 672/1632/1504 668/1633/1505
f 668/1633/1505 672/1632/1504 671/1634/1506
f 668/1633/1505 671/1634/1506 669/1635/1507
f 669/1635/1507 671/1634/1506 670/1636/1508
# 846 vertices
# 1636 texture params
# 1508 normals
# 1744 facets

# 1 groups
