# WaveFront *.obj file (generated by Autodesk ATF)

mtllib body179_visual.mtl

g Body179

v -27.287122 -0.886417 3.785873
v -27.287122 -0.870750 3.727402
v -28.031576 -0.870750 3.727402
v -28.031576 -0.886417 3.785873
v -27.287122 -0.883262 3.786719
v -28.031576 -0.883262 3.786719
v -28.031576 -0.867006 3.726051
v -28.031576 -1.825044 3.471699
v -28.031576 -1.824456 3.469503
v -27.287122 -1.002743 3.692034
v -27.894266 -1.002743 3.692034
v -27.894266 -1.210479 3.636372
v -27.287122 -1.210479 3.636372
v -27.287122 -1.482160 3.563575
v -27.894266 -1.482160 3.563575
v -27.894266 -1.689896 3.507912
v -27.287122 -1.689896 3.507912
v -27.287122 -1.825044 3.471699
v -27.287122 -1.200158 4.428798
v -27.361568 -1.190552 4.392946
v -27.455865 -1.190552 4.392946
v -27.450920 -1.199115 4.424905
v -27.679201 -1.199115 4.424905
v -27.679201 -1.190552 4.392946
v -27.732140 -1.190552 4.392946
v -27.732140 -1.174067 4.331424
v -28.112639 -1.174067 4.331424
v -28.112639 -1.119838 4.129038
v -27.886065 -1.119838 4.129038
v -27.886065 -1.089139 4.014469
v -28.112639 -1.089139 4.014469
v -28.112639 -1.034910 3.812083
v -27.732140 -1.034910 3.812083
v -27.732140 -1.019281 3.753757
v -27.894266 -1.019281 3.753757
v -28.058046 -0.867006 3.726051
v -28.395532 -0.898798 3.844700
v -28.395532 -1.040552 4.373731
v -27.940588 -1.072102 4.491479
v -27.938389 -1.076424 4.507609
v -27.931944 -1.080452 4.522640
v -27.921690 -1.083910 4.535547
v -27.908328 -1.086564 4.545451
v -27.892767 -1.088232 4.551677
v -27.876068 -1.088801 4.553800
v -27.287122 -1.088801 4.553800
v -27.287122 -1.065036 4.465109
v -27.874414 -1.065036 4.465109
v -27.874414 -1.050909 4.412384
v -27.287122 -1.050909 4.412384
v -27.287122 -1.002953 4.412384
v -27.287122 -1.023505 4.489087
v -27.287122 -2.046250 4.297253
v -27.287122 -1.887311 4.244676
v -27.287122 -1.679575 4.300339
v -27.287122 -1.407894 4.373135
v -28.058046 -1.824456 3.469503
v -27.874414 -1.002953 4.412384
v -27.874414 -1.023505 4.489087
v -28.395532 -1.159902 3.863089
v -28.395532 -1.192970 3.857343
v -28.395532 -1.226532 3.857594
v -28.395532 -1.259510 3.863834
v -28.395532 -1.290844 3.875862
v -28.395532 -1.319527 3.893292
v -28.395532 -1.344636 3.915563
v -28.395532 -1.365366 3.941959
v -28.395532 -1.381049 3.971633
v -28.395532 -1.391181 4.003630
v -28.395532 -1.395438 4.036922
v -28.395532 -1.393681 4.070439
v -28.395532 -1.385968 4.103104
v -28.395532 -1.372546 4.133867
v -28.395532 -1.353847 4.161738
v -28.395532 -1.330472 4.185823
v -28.395532 -1.303173 4.205348
v -28.395532 -1.272825 4.219683
v -28.395532 -1.240406 4.228370
v -28.395532 -1.206956 4.231129
v -28.395532 -1.173552 4.227870
v -28.395532 -1.141266 4.218699
v -28.395532 -1.111136 4.203911
v -28.395532 -1.084131 4.183981
v -28.395532 -1.061119 4.159549
v -28.395532 -1.042839 4.131400
v -28.395532 -1.029880 4.100440
v -28.395532 -1.022656 4.067664
v -28.395532 -1.021401 4.034124
v -28.395532 -1.026155 4.000899
v -28.395532 -1.036765 3.969057
v -28.395532 -1.052890 3.939622
v -28.395532 -1.074012 3.913538
v -28.395532 -1.099452 3.891645
v -28.395532 -1.128392 3.874647
v -28.374195 -1.164565 3.880490
v -28.374195 -1.134427 3.891731
v -28.374195 -1.106960 3.908473
v -28.374195 -1.083159 3.930110
v -28.374195 -1.063882 3.955860
v -28.374195 -1.049827 3.984794
v -28.374195 -1.041502 4.015864
v -28.374195 -1.039207 4.047948
v -28.374195 -1.043026 4.079887
v -28.374195 -1.052820 4.110527
v -28.374195 -1.068236 4.138758
v -28.374195 -1.088716 4.163563
v -28.374195 -1.113520 4.184043
v -28.374195 -1.141752 4.199458
v -28.374195 -1.172391 4.209253
v -28.374195 -1.204330 4.213071
v -28.374195 -1.236414 4.210777
v -28.374195 -1.267485 4.202451
v -28.374195 -1.296418 4.188396
v -28.374195 -1.322169 4.169120
v -28.374195 -1.343806 4.145318
v -28.374195 -1.360548 4.117852
v -28.374195 -1.371789 4.087713
v -28.374195 -1.377123 4.055992
v -28.374195 -1.376357 4.023835
v -28.374195 -1.369520 3.992404
v -28.374195 -1.356857 3.962834
v -28.374195 -1.338828 3.936196
v -28.374195 -1.316083 3.913451
v -28.374195 -1.289444 3.895421
v -28.374195 -1.259875 3.882759
v -28.374195 -1.228443 3.875921
v -28.374195 -1.196286 3.875156
v -28.347773 -1.252148 4.207354
v -28.347773 -1.282286 4.196113
v -28.347773 -1.309753 4.179371
v -28.347773 -1.333554 4.157734
v -28.347773 -1.352831 4.131984
v -28.347773 -1.366886 4.103050
v -28.347773 -1.375211 4.071980
v -28.347773 -1.377506 4.039895
v -28.347773 -1.373687 4.007957
v -28.347773 -1.363893 3.977317
v -28.347773 -1.348477 3.949086
v -28.347773 -1.327997 3.924281
v -28.347773 -1.303193 3.903801
v -28.347773 -1.274961 3.888386
v -28.347773 -1.244322 3.878591
v -28.347773 -1.212383 3.874773
v -28.347773 -1.180298 3.877067
v -28.347773 -1.149228 3.885393
v -28.347773 -1.120295 3.899448
v -28.347773 -1.094544 3.918724
v -28.347773 -1.072907 3.942526
v -28.347773 -1.056165 3.969992
v -28.347773 -1.044924 4.000130
v -28.347773 -1.039590 4.031852
v -28.347773 -1.040356 4.064009
v -28.347773 -1.047193 4.095440
v -28.347773 -1.059856 4.125010
v -28.347773 -1.077885 4.151648
v -28.347773 -1.100630 4.174393
v -28.347773 -1.127269 4.192423
v -28.347773 -1.156838 4.205085
v -28.347773 -1.188270 4.211923
v -28.347773 -1.220427 4.212688
v -28.292588 -1.161383 3.868614
v -28.292588 -1.129970 3.880230
v -28.292588 -1.101226 3.897421
v -28.292588 -1.076131 3.919601
v -28.292588 -1.055538 3.946014
v -28.292588 -1.040150 3.975761
v -28.292588 -1.030489 4.007830
v -28.292588 -1.026886 4.041127
v -28.292588 -1.029462 4.074520
v -28.292588 -1.038131 4.106871
v -28.292588 -1.052596 4.137078
v -28.292588 -1.072365 4.164112
v -28.292588 -1.096766 4.187054
v -28.292588 -1.124966 4.205122
v -28.292588 -1.156007 4.217700
v -28.292588 -1.188830 4.224360
v -28.292588 -1.222318 4.224876
v -28.292588 -1.255330 4.219230
v -28.292588 -1.286743 4.207613
v -28.292588 -1.315487 4.190423
v -28.292588 -1.340582 4.168243
v -28.292588 -1.361174 4.141830
v -28.292588 -1.376563 4.112083
v -28.292588 -1.386224 4.080014
v -28.292588 -1.389827 4.046717
v -28.292588 -1.387251 4.013324
v -28.292588 -1.378582 3.980973
v -28.292588 -1.364117 3.950766
v -28.292588 -1.344348 3.923732
v -28.292588 -1.319947 3.900790
v -28.292588 -1.291747 3.882722
v -28.292588 -1.260706 3.870144
v -28.292588 -1.227883 3.863483
v -28.292588 -1.194395 3.862968
v -28.162860 -1.161383 3.868614
v -28.162860 -1.129970 3.880230
v -28.162860 -1.101226 3.897421
v -28.162860 -1.076131 3.919601
v -28.162860 -1.055538 3.946014
v -28.162860 -1.040150 3.975761
v -28.162860 -1.030489 4.007830
v -28.162860 -1.026886 4.041127
v -28.162860 -1.029462 4.074520
v -28.162860 -1.038131 4.106871
v -28.162860 -1.052596 4.137078
v -28.162860 -1.072365 4.164112
v -28.162860 -1.096766 4.187054
v -28.162860 -1.124966 4.205122
v -28.162860 -1.156007 4.217700
v -28.162860 -1.188830 4.224360
v -28.162860 -1.222318 4.224876
v -28.162860 -1.255330 4.219230
v -28.162860 -1.286743 4.207613
v -28.162860 -1.315487 4.190423
v -28.162860 -1.340582 4.168243
v -28.162860 -1.361174 4.141830
v -28.162860 -1.376563 4.112083
v -28.162860 -1.386224 4.080014
v -28.162860 -1.389827 4.046717
v -28.162860 -1.387251 4.013324
v -28.162860 -1.378582 3.980973
v -28.162860 -1.364117 3.950766
v -28.162860 -1.344348 3.923732
v -28.162860 -1.319947 3.900790
v -28.162860 -1.291747 3.882722
v -28.162860 -1.260706 3.870144
v -28.162860 -1.227883 3.863483
v -28.162860 -1.194395 3.862968
v -28.142644 -1.176573 3.925305
v -28.142644 -1.150975 3.935351
v -28.142644 -1.128254 3.950842
v -28.142644 -1.109550 3.971000
v -28.142644 -1.095801 3.994815
v -28.142644 -1.087696 4.021092
v -28.142644 -1.085641 4.048514
v -28.142644 -1.089739 4.075705
v -28.142644 -1.099786 4.101303
v -28.142644 -1.115276 4.124024
v -28.142644 -1.135434 4.142728
v -28.142644 -1.159249 4.156477
v -28.142644 -1.185526 4.164583
v -28.142644 -1.212948 4.166638
v -28.142644 -1.240140 4.162539
v -28.142644 -1.265738 4.152493
v -28.142644 -1.288459 4.137002
v -28.142644 -1.307163 4.116844
v -28.142644 -1.320912 4.093029
v -28.142644 -1.329017 4.066752
v -28.142644 -1.331072 4.039330
v -28.142644 -1.326974 4.012139
v -28.142644 -1.316927 3.986541
v -28.142644 -1.301437 3.963820
v -28.142644 -1.281279 3.945116
v -28.142644 -1.257464 3.931367
v -28.142644 -1.231187 3.923261
v -28.142644 -1.203765 3.921206
v -28.112639 -1.296875 3.958806
v -28.112639 -1.276845 3.941993
v -28.112639 -1.253710 3.929802
v -28.112639 -1.228517 3.922786
v -28.112639 -1.202410 3.921264
v -28.112639 -1.176573 3.925305
v -28.112639 -1.152177 3.934724
v -28.112639 -1.130329 3.949096
v -28.112639 -1.112019 3.967768
v -28.112639 -1.098079 3.989893
v -27.886065 -1.085656 4.038937
v -27.886065 -1.087143 4.063608
v -27.886065 -1.093540 4.087481
v -27.886065 -1.104587 4.109589
v -28.112639 -1.139867 4.145851
v -28.112639 -1.163003 4.158042
v -28.112639 -1.188196 4.165058
v -28.112639 -1.214303 4.166580
v -28.112639 -1.240140 4.162539
v -28.112639 -1.264536 4.153120
v -28.112639 -1.286384 4.138748
v -28.112639 -1.304693 4.120076
v -28.112639 -1.318634 4.097951
v -28.112639 -1.327574 4.073375
v -27.886065 -1.327574 4.073375
v -27.886065 -1.331057 4.048907
v -27.886065 -1.329570 4.024236
v -27.886065 -1.323173 4.000363
v -27.886065 -1.312126 3.978255
v -27.886065 -1.296875 3.958806
v -28.112639 -1.381803 4.275761
v -27.732140 -1.381803 4.275761
v -27.732140 -1.398288 4.337283
v -27.732140 -1.242646 3.756420
v -27.732140 -1.227018 3.698094
v -27.894266 -1.227018 3.698094
v -27.679201 -1.398288 4.337283
v -27.679201 -1.406851 4.369242
v -27.876068 -1.190216 4.526626
v -27.876068 -1.465419 4.452886
v -27.455865 -1.398288 4.337283
v -27.450920 -1.406851 4.369242
v -27.436580 -1.465419 4.452886
v -27.436580 -1.190216 4.526626
v -27.361568 -1.398288 4.337283
v -28.112639 -1.242646 3.756420
v -27.876068 -2.046250 4.297253
v -27.892767 -2.045681 4.295129
v -27.908328 -2.044013 4.288903
v -27.921690 -2.041359 4.278999
v -27.931944 -2.037901 4.266092
v -27.938389 -2.033873 4.251061
v -27.940588 -2.029551 4.234932
v -28.395532 -1.998001 4.117183
v -28.395532 -1.856248 3.588153
v -27.886065 -1.806991 3.944916
v -27.886065 -1.776292 3.830347
v -27.886065 -1.791543 3.849796
v -27.886065 -1.802590 3.871904
v -27.886065 -1.808987 3.895777
v -27.886065 -1.810474 3.920447
v -27.886065 -1.599254 4.000578
v -27.886065 -1.584004 3.981130
v -27.886065 -1.572956 3.959021
v -27.886065 -1.566559 3.935148
v -27.886065 -1.565073 3.910478
v -27.886065 -1.568556 3.886010
v -27.732140 -1.722063 3.627961
v -27.732140 -1.514327 3.683624
v -28.112639 -1.514327 3.683624
v -28.112639 -1.722063 3.627961
v -28.112639 -1.861220 4.147302
v -28.112639 -1.653483 4.202964
v -27.732140 -1.653483 4.202964
v -27.732140 -1.861220 4.147302
v -28.112639 -1.568556 3.886010
v -28.112639 -1.577495 3.861434
v -28.112639 -1.591436 3.839308
v -28.112639 -1.609746 3.820636
v -28.112639 -1.631594 3.806265
v -28.112639 -1.655990 3.796845
v -28.112639 -1.681827 3.792805
v -28.112639 -1.707934 3.794327
v -28.112639 -1.733126 3.801343
v -28.112639 -1.756262 3.813534
v -28.112639 -1.776292 3.830347
v -27.450920 -1.678532 4.296446
v -27.436580 -1.669632 4.398167
v -27.876068 -1.669632 4.398167
v -27.679201 -1.678532 4.296446
v -27.436580 -1.944836 4.324426
v -27.450920 -1.886268 4.240783
v -27.679201 -1.886268 4.240783
v -27.876068 -1.944836 4.324426
v -27.894266 -1.706434 3.569635
v -27.732140 -1.706434 3.569635
v -28.112639 -1.806991 3.944916
v -27.732140 -1.877705 4.208824
v -27.679201 -1.877705 4.208824
v -27.455865 -1.877705 4.208824
v -27.361568 -1.877705 4.208824
v -27.361568 -1.669968 4.264486
v -27.455865 -1.669968 4.264486
v -27.679201 -1.669968 4.264486
v -27.732140 -1.669968 4.264486
v -28.112639 -1.599254 4.000578
v -27.732140 -1.498698 3.625298
v -27.894266 -1.498698 3.625298
v -27.937430 -1.715562 4.339706
v -27.937430 -1.396412 4.425222
v -27.928265 -1.720217 4.357079
v -27.928265 -1.401067 4.442595
v -27.913992 -1.723911 4.370866
v -27.913992 -1.404762 4.456382
v -27.896006 -1.726283 4.379718
v -27.896006 -1.407134 4.465234
v -28.395532 -1.639319 3.734630
v -28.395532 -1.607809 3.746188
v -28.395532 -1.578869 3.763186
v -28.395532 -1.553429 3.785079
v -28.395532 -1.532307 3.811162
v -28.395532 -1.516182 3.840598
v -28.395532 -1.505572 3.872440
v -28.395532 -1.500818 3.905665
v -28.395532 -1.502073 3.939204
v -28.395532 -1.509296 3.971981
v -28.395532 -1.522256 4.002941
v -28.395532 -1.540536 4.031089
v -28.395532 -1.563548 4.055521
v -28.395532 -1.590553 4.075452
v -28.395532 -1.620682 4.090240
v -28.395532 -1.652968 4.099411
v -28.395532 -1.686373 4.102669
v -28.395532 -1.719822 4.099911
v -28.395532 -1.752242 4.091224
v -28.395532 -1.782589 4.076888
v -28.395532 -1.809889 4.057364
v -28.395532 -1.833264 4.033279
v -28.395532 -1.851963 4.005407
v -28.395532 -1.865385 3.974645
v -28.395532 -1.873098 3.941980
v -28.395532 -1.874854 3.908463
v -28.395532 -1.870598 3.875170
v -28.395532 -1.860465 3.843173
v -28.395532 -1.844782 3.813500
v -28.395532 -1.824053 3.787103
v -28.395532 -1.798943 3.764832
v -28.395532 -1.770261 3.747403
v -28.395532 -1.738927 3.735375
v -28.395532 -1.705949 3.729135
v -28.395532 -1.672387 3.728884
v -28.112639 -1.798051 3.969491
v -28.112639 -1.784110 3.991617
v -28.112639 -1.765801 4.010289
v -28.112639 -1.743952 4.024661
v -28.112639 -1.719557 4.034080
v -28.112639 -1.693719 4.038120
v -28.112639 -1.667613 4.036598
v -28.112639 -1.642420 4.029583
v -28.112639 -1.619284 4.017392
v -28.142644 -1.655990 3.796845
v -28.142644 -1.683181 3.792747
v -28.142644 -1.710603 3.794802
v -28.142644 -1.736881 3.802907
v -28.142644 -1.760695 3.816657
v -28.142644 -1.780853 3.835361
v -28.142644 -1.796344 3.858081
v -28.142644 -1.806391 3.883679
v -28.142644 -1.810489 3.910871
v -28.142644 -1.808434 3.938293
v -28.142644 -1.800329 3.964570
v -28.142644 -1.786579 3.988385
v -28.142644 -1.767875 4.008543
v -28.142644 -1.745155 4.024034
v -28.142644 -1.719557 4.034080
v -28.142644 -1.692365 4.038179
v -28.142644 -1.664943 4.036124
v -28.142644 -1.638666 4.028018
v -28.142644 -1.614851 4.014269
v -28.142644 -1.594693 3.995565
v -28.142644 -1.579202 3.972844
v -28.142644 -1.569156 3.947246
v -28.142644 -1.565057 3.920054
v -28.142644 -1.567112 3.892632
v -28.142644 -1.575218 3.866355
v -28.142644 -1.588967 3.842540
v -28.142644 -1.607671 3.822382
v -28.142644 -1.630392 3.806892
v -28.162860 -1.640800 3.740155
v -28.162860 -1.673812 3.734508
v -28.162860 -1.707300 3.735024
v -28.162860 -1.740123 3.741685
v -28.162860 -1.771163 3.754263
v -28.162860 -1.799364 3.772330
v -28.162860 -1.823764 3.795272
v -28.162860 -1.843534 3.822307
v -28.162860 -1.857999 3.852514
v -28.162860 -1.866667 3.884865
v -28.162860 -1.869244 3.918258
v -28.162860 -1.865640 3.951555
v -28.162860 -1.855980 3.983624
v -28.162860 -1.840591 4.013371
v -28.162860 -1.819999 4.039784
v -28.162860 -1.794903 4.061964
v -28.162860 -1.766160 4.079154
v -28.162860 -1.734747 4.090770
v -28.162860 -1.701734 4.096417
v -28.162860 -1.668246 4.095901
v -28.162860 -1.635423 4.089241
v -28.162860 -1.604383 4.076663
v -28.162860 -1.576182 4.058595
v -28.162860 -1.551782 4.035653
v -28.162860 -1.532013 4.008618
v -28.162860 -1.517547 3.978411
v -28.162860 -1.508879 3.946061
v -28.162860 -1.506303 3.912668
v -28.162860 -1.509906 3.879370
v -28.162860 -1.519567 3.847302
v -28.162860 -1.534955 3.817555
v -28.162860 -1.555548 3.791141
v -28.162860 -1.580643 3.768962
v -28.162860 -1.609387 3.751771
v -28.292588 -1.734747 4.090770
v -28.292588 -1.701734 4.096417
v -28.292588 -1.668246 4.095901
v -28.292588 -1.635423 4.089241
v -28.292588 -1.604383 4.076663
v -28.292588 -1.576182 4.058595
v -28.292588 -1.551782 4.035653
v -28.292588 -1.532013 4.008618
v -28.292588 -1.517547 3.978411
v -28.292588 -1.508879 3.946061
v -28.292588 -1.506303 3.912668
v -28.292588 -1.509906 3.879370
v -28.292588 -1.519567 3.847302
v -28.292588 -1.534955 3.817555
v -28.292588 -1.555548 3.791141
v -28.292588 -1.580643 3.768962
v -28.292588 -1.609387 3.751771
v -28.292588 -1.640800 3.740155
v -28.292588 -1.673812 3.734508
v -28.292588 -1.707300 3.735024
v -28.292588 -1.740123 3.741685
v -28.292588 -1.771163 3.754263
v -28.292588 -1.799364 3.772330
v -28.292588 -1.823764 3.795272
v -28.292588 -1.843534 3.822307
v -28.292588 -1.857999 3.852514
v -28.292588 -1.866667 3.884865
v -28.292588 -1.869244 3.918258
v -28.292588 -1.865640 3.951555
v -28.292588 -1.855980 3.983624
v -28.292588 -1.840591 4.013371
v -28.292588 -1.819999 4.039784
v -28.292588 -1.794903 4.061964
v -28.292588 -1.766160 4.079154
v -28.347773 -1.643982 3.752031
v -28.347773 -1.675703 3.746696
v -28.347773 -1.707860 3.747462
v -28.347773 -1.739291 3.754299
v -28.347773 -1.768861 3.766962
v -28.347773 -1.795499 3.784991
v -28.347773 -1.818245 3.807736
v -28.347773 -1.836274 3.834375
v -28.347773 -1.848936 3.863944
v -28.347773 -1.855774 3.895376
v -28.347773 -1.856539 3.927533
v -28.347773 -1.851205 3.959254
v -28.347773 -1.839964 3.989393
v -28.347773 -1.823223 4.016859
v -28.347773 -1.801585 4.040660
v -28.347773 -1.775835 4.059937
v -28.347773 -1.746902 4.073992
v -28.347773 -1.715831 4.082317
v -28.347773 -1.683747 4.084612
v -28.347773 -1.651808 4.080793
v -28.347773 -1.621169 4.070999
v -28.347773 -1.592937 4.055583
v -28.347773 -1.568133 4.035103
v -28.347773 -1.547652 4.010299
v -28.347773 -1.532237 3.982067
v -28.347773 -1.522442 3.951428
v -28.347773 -1.518624 3.919489
v -28.347773 -1.520918 3.887405
v -28.347773 -1.529244 3.856334
v -28.347773 -1.543299 3.827401
v -28.347773 -1.562575 3.801650
v -28.347773 -1.586377 3.780013
v -28.347773 -1.613843 3.763272
v -28.374195 -1.643982 3.752031
v -28.374195 -1.675703 3.746696
v -28.374195 -1.707860 3.747462
v -28.374195 -1.739291 3.754299
v -28.374195 -1.768861 3.766962
v -28.374195 -1.795499 3.784991
v -28.374195 -1.818245 3.807736
v -28.374195 -1.836274 3.834375
v -28.374195 -1.848936 3.863944
v -28.374195 -1.855774 3.895376
v -28.374195 -1.856539 3.927533
v -28.374195 -1.851205 3.959254
v -28.374195 -1.839964 3.989393
v -28.374195 -1.823223 4.016859
v -28.374195 -1.801585 4.040660
v -28.374195 -1.775835 4.059937
v -28.374195 -1.746902 4.073992
v -28.374195 -1.715831 4.082317
v -28.374195 -1.683747 4.084612
v -28.374195 -1.651808 4.080793
v -28.374195 -1.621169 4.070999
v -28.374195 -1.592937 4.055583
v -28.374195 -1.568133 4.035103
v -28.374195 -1.547652 4.010299
v -28.374195 -1.532237 3.982067
v -28.374195 -1.522442 3.951428
v -28.374195 -1.518624 3.919489
v -28.374195 -1.520918 3.887405
v -28.374195 -1.529244 3.856334
v -28.374195 -1.543299 3.827401
v -28.374195 -1.562575 3.801650
v -28.374195 -1.586377 3.780013
v -28.374195 -1.613843 3.763272
vt 0.000000 0.744454 0.000000
vt -0.060534 0.744454 0.000000
vt -0.000000 0.000000 0.000000
vt -0.060534 0.000000 0.000000
vt -0.076415 0.744454 0.000000
vt -0.079682 0.744454 0.000000
vt -0.076415 -0.000000 0.000000
vt -0.079682 -0.000000 0.000000
vt -0.520662 0.027608 0.000000
vt 0.470562 0.027608 0.000000
vt 0.467296 0.029881 0.000000
vt 0.470562 0.090416 0.000000
vt 0.467296 0.090416 0.000000
vt -0.520662 0.029881 0.000000
vt -0.136649 0.744454 0.000000
vt -0.136649 0.137310 0.000000
vt -0.000000 0.744454 0.000000
vt -0.000000 0.000000 0.000000
vt -0.351714 0.137310 0.000000
vt -0.632978 0.137310 0.000000
vt -0.632978 0.744454 0.000000
vt -0.351714 0.744454 0.000000
vt -0.987958 -0.000000 0.000000
vt -0.848042 0.137310 0.000000
vt -0.987958 0.744454 0.000000
vt -0.848042 0.744454 0.000000
vt -0.317634 0.607144 0.000000
vt -0.381534 0.607144 0.000000
vt -0.317634 0.445018 0.000000
vt -0.381534 -0.000000 0.000000
vt -0.257250 0.445018 0.000000
vt 0.344103 0.168743 0.000000
vt 0.280411 0.445018 0.000000
vt 0.344103 0.392079 0.000000
vt 0.344103 0.445018 0.000000
vt 0.381220 0.000000 0.000000
vt 0.344103 0.074445 0.000000
vt 0.377190 0.163798 0.000000
vt 0.377190 0.392079 0.000000
vt 0.280411 0.825517 0.000000
vt 0.070886 0.598942 0.000000
vt -0.047725 0.598942 0.000000
vt -0.257250 0.825517 0.000000
vt -0.047725 0.825517 0.000000
vt 0.070886 0.825517 0.000000
vt -0.326737 0.000000 0.000000
vt 0.320999 -0.000000 0.000000
vt -0.326737 0.587291 0.000000
vt 0.320999 0.744454 0.000000
vt -0.286721 1.108409 0.000000
vt 0.260973 1.108409 0.000000
vt 0.383807 0.770923 0.000000
vt 0.383807 0.744454 0.000000
vt -0.408622 0.653465 0.000000
vt -0.381322 0.587291 0.000000
vt -0.425321 0.651267 0.000000
vt -0.440882 0.644821 0.000000
vt -0.454245 0.634568 0.000000
vt -0.464498 0.621205 0.000000
vt -0.470943 0.605645 0.000000
vt -0.473142 0.588946 0.000000
vt -0.473142 0.000000 0.000000
vt -0.381322 0.000000 0.000000
vt 0.854676 0.512211 0.000000
vt 0.794141 0.512211 0.000000
vt 0.854676 0.375562 0.000000
vt 0.091922 0.375562 0.000000
vt 0.146405 0.515477 0.000000
vt 0.091820 0.515477 0.000000
vt 0.079408 0.561799 0.000000
vt 0.158817 0.561799 0.000000
vt 0.794141 0.515477 0.000000
vt 0.000000 0.515477 0.000000
vt 0.091922 0.160497 0.000000
vt 0.000000 -0.475747 0.000000
vt 0.091922 -0.120767 0.000000
vt 0.091922 -0.335831 0.000000
vt 0.854676 -0.475747 0.000000
vt 0.854676 -0.335831 0.000000
vt 0.854676 -0.120767 0.000000
vt 0.854676 0.160497 0.000000
vt -0.515477 -0.000000 0.000000
vt 0.475747 0.000000 0.000000
vt -0.515477 0.026469 0.000000
vt 0.475747 0.026469 0.000000
vt -0.047956 -0.587291 0.000000
vt 0.000000 -0.587291 0.000000
vt -0.047956 -0.000000 0.000000
vt -0.000000 0.000000 0.000000
vt -0.000000 -0.587291 0.000000
vt 0.047956 -0.587291 0.000000
vt 0.000000 0.000000 0.000000
vt 0.047956 0.000000 0.000000
vt -0.079408 -0.587291 0.000000
vt -0.000000 -0.587291 0.000000
vt -0.079408 0.000000 0.000000
vt -0.000000 0.000000 0.000000
vt 0.326737 0.456598 0.000000
vt 0.381322 0.456598 0.000000
vt 0.314325 0.502920 0.000000
vt 0.393733 0.502920 0.000000
vt -0.000000 0.527855 0.000000
vt 0.000000 0.559846 0.000000
vt -0.027924 0.559846 0.000000
vt -0.027924 -0.559846 0.000000
vt 0.000000 -0.559846 0.000000
vt 0.000000 -0.527855 0.000000
vt -0.027924 -0.525916 0.000000
vt -0.000000 -0.495864 0.000000
vt -0.027924 -0.491986 0.000000
vt -0.000000 -0.463873 0.000000
vt -0.027924 -0.458056 0.000000
vt 0.000000 -0.431882 0.000000
vt -0.027924 -0.424126 0.000000
vt 0.000000 -0.399890 0.000000
vt -0.027924 -0.390196 0.000000
vt 0.000000 -0.367899 0.000000
vt -0.027924 -0.356266 0.000000
vt 0.000000 -0.335908 0.000000
vt -0.027924 -0.322336 0.000000
vt -0.000000 -0.303917 0.000000
vt -0.027924 -0.288406 0.000000
vt 0.000000 -0.271925 0.000000
vt -0.027924 -0.254476 0.000000
vt 0.000000 -0.239934 0.000000
vt -0.027924 -0.220546 0.000000
vt 0.000000 -0.207943 0.000000
vt -0.027924 -0.186615 0.000000
vt 0.000000 -0.175952 0.000000
vt -0.027924 -0.152685 0.000000
vt -0.000000 -0.143961 0.000000
vt -0.027924 -0.118755 0.000000
vt -0.000000 -0.111969 0.000000
vt -0.027924 -0.084825 0.000000
vt 0.000000 -0.079978 0.000000
vt -0.027924 -0.050895 0.000000
vt 0.000000 -0.047987 0.000000
vt -0.027924 -0.016965 0.000000
vt 0.000000 -0.015996 0.000000
vt 0.000000 0.015996 0.000000
vt -0.027924 0.016965 0.000000
vt 0.000000 0.047987 0.000000
vt -0.027924 0.050895 0.000000
vt -0.000000 0.079978 0.000000
vt -0.027924 0.084825 0.000000
vt -0.000000 0.111969 0.000000
vt -0.027924 0.118755 0.000000
vt -0.000000 0.143961 0.000000
vt -0.027924 0.152685 0.000000
vt 0.000000 0.175952 0.000000
vt -0.027924 0.186615 0.000000
vt 0.000000 0.207943 0.000000
vt -0.027924 0.220546 0.000000
vt 0.000000 0.239934 0.000000
vt -0.027924 0.254476 0.000000
vt -0.000000 0.271925 0.000000
vt -0.027924 0.288406 0.000000
vt 0.000000 0.303917 0.000000
vt -0.027924 0.322336 0.000000
vt -0.000000 0.335908 0.000000
vt -0.027924 0.356266 0.000000
vt 0.000000 0.367899 0.000000
vt -0.027924 0.390196 0.000000
vt 0.000000 0.399890 0.000000
vt -0.027924 0.424126 0.000000
vt 0.000000 0.431882 0.000000
vt -0.027924 0.458056 0.000000
vt 0.000000 0.463873 0.000000
vt -0.027924 0.491986 0.000000
vt -0.000000 0.495864 0.000000
vt -0.027924 0.525916 0.000000
vt -0.021337 -0.499334 0.000000
vt -0.047759 -0.515442 0.000000
vt -0.021337 -0.531549 0.000000
vt -0.021337 0.531549 0.000000
vt -0.047759 0.547657 0.000000
vt -0.047759 0.515442 0.000000
vt -0.021337 0.499334 0.000000
vt -0.047759 0.483226 0.000000
vt -0.021337 0.467119 0.000000
vt -0.047759 0.451011 0.000000
vt -0.021337 0.434904 0.000000
vt -0.047759 0.418796 0.000000
vt -0.021337 0.402689 0.000000
vt -0.047759 0.386581 0.000000
vt -0.021337 0.370474 0.000000
vt -0.047759 0.354366 0.000000
vt -0.021337 0.338259 0.000000
vt -0.047759 0.322151 0.000000
vt -0.021337 0.306043 0.000000
vt -0.047759 0.289936 0.000000
vt -0.021337 0.273828 0.000000
vt -0.047759 0.257721 0.000000
vt -0.021337 0.241613 0.000000
vt -0.047759 0.225506 0.000000
vt -0.021337 0.209398 0.000000
vt -0.047759 0.193291 0.000000
vt -0.021337 0.177183 0.000000
vt -0.047759 0.161075 0.000000
vt -0.021337 0.144968 0.000000
vt -0.047759 0.128860 0.000000
vt -0.021337 0.112753 0.000000
vt -0.047759 0.096645 0.000000
vt -0.021337 0.080538 0.000000
vt -0.047759 0.064430 0.000000
vt -0.021337 0.048323 0.000000
vt -0.047759 0.032215 0.000000
vt -0.021337 0.016108 0.000000
vt -0.047759 -0.000000 0.000000
vt -0.021337 -0.016108 0.000000
vt -0.047759 -0.032215 0.000000
vt -0.021337 -0.048323 0.000000
vt -0.047759 -0.064430 0.000000
vt -0.021337 -0.080538 0.000000
vt -0.047759 -0.096645 0.000000
vt -0.021337 -0.112753 0.000000
vt -0.047759 -0.128860 0.000000
vt -0.021337 -0.144968 0.000000
vt -0.047759 -0.161075 0.000000
vt -0.021337 -0.177183 0.000000
vt -0.047759 -0.193291 0.000000
vt -0.021337 -0.209398 0.000000
vt -0.047759 -0.225506 0.000000
vt -0.021337 -0.241613 0.000000
vt -0.047759 -0.257721 0.000000
vt -0.021337 -0.273828 0.000000
vt -0.047759 -0.289936 0.000000
vt -0.021337 -0.306043 0.000000
vt -0.047759 -0.322151 0.000000
vt -0.021337 -0.338259 0.000000
vt -0.047759 -0.354366 0.000000
vt -0.021337 -0.370474 0.000000
vt -0.047759 -0.386581 0.000000
vt -0.021337 -0.402689 0.000000
vt -0.047759 -0.418796 0.000000
vt -0.021337 -0.434904 0.000000
vt -0.047759 -0.451011 0.000000
vt -0.021337 -0.467119 0.000000
vt -0.047759 -0.483226 0.000000
vt 0.056538 0.032404 0.000000
vt 0.000000 0.016693 0.000000
vt 0.056538 -0.000000 0.000000
vt -0.000000 -0.016693 0.000000
vt 0.056538 -0.032404 0.000000
vt -0.000000 -0.050078 0.000000
vt 0.056538 -0.064807 0.000000
vt 0.000000 -0.083464 0.000000
vt 0.056538 -0.097211 0.000000
vt 0.000000 -0.116849 0.000000
vt 0.056538 -0.129614 0.000000
vt 0.000000 -0.150235 0.000000
vt 0.056538 -0.162018 0.000000
vt -0.000000 -0.183621 0.000000
vt 0.056538 -0.194422 0.000000
vt -0.000000 -0.217006 0.000000
vt 0.056538 -0.226825 0.000000
vt 0.000000 -0.250392 0.000000
vt 0.056538 -0.259229 0.000000
vt 0.000000 -0.283777 0.000000
vt 0.056538 -0.291633 0.000000
vt -0.000000 -0.317163 0.000000
vt 0.056538 -0.324036 0.000000
vt -0.000000 -0.350548 0.000000
vt 0.056538 -0.356440 0.000000
vt -0.000000 -0.383934 0.000000
vt 0.056538 -0.388843 0.000000
vt -0.000000 -0.417319 0.000000
vt 0.056538 -0.421247 0.000000
vt -0.000000 -0.450705 0.000000
vt 0.056538 -0.453651 0.000000
vt -0.000000 -0.484090 0.000000
vt 0.056538 -0.486054 0.000000
vt -0.000000 -0.517476 0.000000
vt 0.056538 -0.518458 0.000000
vt 0.000000 -0.550862 0.000000
vt 0.056538 -0.550862 0.000000
vt 0.056538 0.550862 0.000000
vt 0.000000 0.550862 0.000000
vt 0.056538 0.518458 0.000000
vt 0.000000 0.517476 0.000000
vt 0.056538 0.486054 0.000000
vt 0.000000 0.484090 0.000000
vt 0.056538 0.453651 0.000000
vt -0.000000 0.450705 0.000000
vt 0.056538 0.421247 0.000000
vt -0.000000 0.417319 0.000000
vt 0.056538 0.388843 0.000000
vt 0.000000 0.383934 0.000000
vt 0.056538 0.356440 0.000000
vt 0.000000 0.350548 0.000000
vt 0.056538 0.324036 0.000000
vt 0.000000 0.317163 0.000000
vt 0.056538 0.291633 0.000000
vt -0.000000 0.283777 0.000000
vt 0.056538 0.259229 0.000000
vt 0.000000 0.250392 0.000000
vt 0.056538 0.226825 0.000000
vt -0.000000 0.217006 0.000000
vt 0.056538 0.194422 0.000000
vt 0.000000 0.183621 0.000000
vt 0.056538 0.162018 0.000000
vt 0.000000 0.150235 0.000000
vt 0.056538 0.129614 0.000000
vt 0.000000 0.116849 0.000000
vt 0.056538 0.097211 0.000000
vt 0.000000 0.083464 0.000000
vt 0.056538 0.064807 0.000000
vt 0.000000 0.050078 0.000000
vt -0.102943 -0.536634 0.000000
vt -0.232672 -0.536634 0.000000
vt -0.102943 -0.570174 0.000000
vt -0.232672 -0.570174 0.000000
vt -0.102943 0.570174 0.000000
vt -0.232672 0.570174 0.000000
vt -0.102943 0.536634 0.000000
vt -0.232672 0.536634 0.000000
vt -0.102943 0.503095 0.000000
vt -0.232672 0.503095 0.000000
vt -0.102943 0.469555 0.000000
vt -0.232672 0.469555 0.000000
vt -0.102943 0.436015 0.000000
vt -0.232672 0.436015 0.000000
vt -0.102943 0.402476 0.000000
vt -0.232672 0.402476 0.000000
vt -0.102943 0.368936 0.000000
vt -0.232672 0.368936 0.000000
vt -0.102943 0.335396 0.000000
vt -0.232672 0.335396 0.000000
vt -0.102943 0.301857 0.000000
vt -0.232672 0.301857 0.000000
vt -0.102943 0.268317 0.000000
vt -0.232672 0.268317 0.000000
vt -0.102943 0.234778 0.000000
vt -0.232672 0.234778 0.000000
vt -0.102943 0.201238 0.000000
vt -0.232672 0.201238 0.000000
vt -0.102943 0.167698 0.000000
vt -0.232672 0.167698 0.000000
vt -0.102943 0.134159 0.000000
vt -0.232672 0.134159 0.000000
vt -0.102943 0.100619 0.000000
vt -0.232672 0.100619 0.000000
vt -0.102943 0.067079 0.000000
vt -0.232672 0.067079 0.000000
vt -0.102943 0.033540 0.000000
vt -0.232672 0.033540 0.000000
vt -0.102943 0.000000 0.000000
vt -0.232672 0.000000 0.000000
vt -0.102943 -0.033540 0.000000
vt -0.232672 -0.033540 0.000000
vt -0.102943 -0.067079 0.000000
vt -0.232672 -0.067079 0.000000
vt -0.102943 -0.100619 0.000000
vt -0.232672 -0.100619 0.000000
vt -0.102943 -0.134159 0.000000
vt -0.232672 -0.134159 0.000000
vt -0.102943 -0.167698 0.000000
vt -0.232672 -0.167698 0.000000
vt -0.102943 -0.201238 0.000000
vt -0.232672 -0.201238 0.000000
vt -0.102943 -0.234778 0.000000
vt -0.232672 -0.234778 0.000000
vt -0.102943 -0.268317 0.000000
vt -0.232672 -0.268317 0.000000
vt -0.102943 -0.301857 0.000000
vt -0.232672 -0.301857 0.000000
vt -0.102943 -0.335396 0.000000
vt -0.232672 -0.335396 0.000000
vt -0.102943 -0.368936 0.000000
vt -0.232672 -0.368936 0.000000
vt -0.102943 -0.402476 0.000000
vt -0.232672 -0.402476 0.000000
vt -0.102943 -0.436015 0.000000
vt -0.232672 -0.436015 0.000000
vt -0.102943 -0.469555 0.000000
vt -0.232672 -0.469555 0.000000
vt -0.102943 -0.503095 0.000000
vt -0.232672 -0.503095 0.000000
vt 0.000000 0.449867 0.000000
vt -0.000000 0.477984 0.000000
vt -0.062074 0.477984 0.000000
vt -0.062074 -0.477984 0.000000
vt -0.000000 -0.477984 0.000000
vt -0.000000 -0.449867 0.000000
vt -0.062074 -0.443842 0.000000
vt -0.000000 -0.421750 0.000000
vt -0.062074 -0.409700 0.000000
vt 0.000000 -0.393634 0.000000
vt -0.062074 -0.375559 0.000000
vt 0.000000 -0.365517 0.000000
vt -0.062074 -0.341417 0.000000
vt -0.000000 -0.337400 0.000000
vt -0.062074 -0.307275 0.000000
vt 0.000000 -0.309283 0.000000
vt -0.000000 -0.281167 0.000000
vt -0.062074 -0.273133 0.000000
vt 0.000000 -0.253050 0.000000
vt -0.062074 -0.238992 0.000000
vt 0.000000 -0.224933 0.000000
vt -0.062074 -0.204850 0.000000
vt 0.000000 -0.196817 0.000000
vt -0.062074 -0.170708 0.000000
vt -0.000000 -0.168700 0.000000
vt -0.000000 -0.140583 0.000000
vt -0.062074 -0.136567 0.000000
vt -0.000000 -0.112467 0.000000
vt -0.062074 -0.102425 0.000000
vt 0.000000 -0.084350 0.000000
vt -0.062074 -0.068283 0.000000
vt 0.000000 -0.056233 0.000000
vt -0.062074 -0.034142 0.000000
vt -0.000000 -0.028117 0.000000
vt -0.062074 -0.000000 0.000000
vt 0.000000 0.000000 0.000000
vt -0.000000 0.028117 0.000000
vt -0.062074 0.034142 0.000000
vt 0.000000 0.056233 0.000000
vt -0.062074 0.068283 0.000000
vt 0.000000 0.084350 0.000000
vt -0.062074 0.102425 0.000000
vt -0.000000 0.112467 0.000000
vt -0.062074 0.136567 0.000000
vt 0.000000 0.140583 0.000000
vt -0.062074 0.170708 0.000000
vt 0.000000 0.168700 0.000000
vt 0.000000 0.196817 0.000000
vt -0.062074 0.204850 0.000000
vt 0.000000 0.224933 0.000000
vt -0.062074 0.238992 0.000000
vt 0.000000 0.253050 0.000000
vt -0.062074 0.273133 0.000000
vt 0.000000 0.281167 0.000000
vt -0.062074 0.307275 0.000000
vt -0.000000 0.309283 0.000000
vt 0.000000 0.337400 0.000000
vt -0.062074 0.341417 0.000000
vt 0.000000 0.365517 0.000000
vt -0.062074 0.375559 0.000000
vt 0.000000 0.393634 0.000000
vt -0.062074 0.409700 0.000000
vt 0.000000 0.421750 0.000000
vt -0.062074 0.443842 0.000000
vt -0.252887 -0.358237 0.000000
vt -0.282892 -0.359592 0.000000
vt -0.252887 -0.385793 0.000000
vt -0.282892 -0.385793 0.000000
vt -0.252887 0.385793 0.000000
vt -0.282892 0.385793 0.000000
vt -0.282892 0.359592 0.000000
vt -0.282892 -0.333391 0.000000
vt -0.252887 -0.330680 0.000000
vt -0.282892 -0.307191 0.000000
vt -0.252887 -0.303123 0.000000
vt -0.282892 -0.280990 0.000000
vt -0.252887 -0.275567 0.000000
vt -0.282892 -0.254789 0.000000
vt -0.252887 -0.248010 0.000000
vt -0.509467 -0.254789 0.000000
vt -0.509467 -0.230032 0.000000
vt -0.252887 -0.220453 0.000000
vt -0.509467 -0.205275 0.000000
vt -0.252887 -0.192897 0.000000
vt -0.509467 -0.180518 0.000000
vt -0.252887 -0.165340 0.000000
vt -0.509467 -0.155761 0.000000
vt -0.252887 -0.137783 0.000000
vt -0.509467 -0.131004 0.000000
vt -0.282892 -0.131004 0.000000
vt -0.252887 -0.110227 0.000000
vt -0.282892 -0.104803 0.000000
vt -0.252887 -0.082670 0.000000
vt -0.282892 -0.078603 0.000000
vt -0.252887 -0.055113 0.000000
vt -0.282892 -0.052402 0.000000
vt -0.252887 -0.027557 0.000000
vt -0.282892 -0.026201 0.000000
vt -0.252887 -0.000000 0.000000
vt -0.282892 -0.000000 0.000000
vt -0.282892 0.026201 0.000000
vt -0.252887 0.027557 0.000000
vt -0.282892 0.052402 0.000000
vt -0.252887 0.055113 0.000000
vt -0.282892 0.078603 0.000000
vt -0.252887 0.082670 0.000000
vt -0.282892 0.104803 0.000000
vt -0.252887 0.110227 0.000000
vt -0.282892 0.131004 0.000000
vt -0.252887 0.137783 0.000000
vt -0.509467 0.131004 0.000000
vt -0.509467 0.155761 0.000000
vt -0.252887 0.165340 0.000000
vt -0.509467 0.180518 0.000000
vt -0.252887 0.192897 0.000000
vt -0.509467 0.205275 0.000000
vt -0.252887 0.220453 0.000000
vt -0.509467 0.230032 0.000000
vt -0.252887 0.248010 0.000000
vt -0.509467 0.254789 0.000000
vt -0.282892 0.254789 0.000000
vt -0.252887 0.275567 0.000000
vt -0.282892 0.280990 0.000000
vt -0.252887 0.303123 0.000000
vt -0.282892 0.307191 0.000000
vt -0.252887 0.330680 0.000000
vt -0.282892 0.333391 0.000000
vt -0.252887 0.358237 0.000000
vt 0.209525 0.658680 0.000000
vt 0.188101 0.673675 0.000000
vt -0.000000 0.658680 0.000000
vt 0.170337 0.692868 0.000000
vt 0.157041 0.715386 0.000000
vt 0.148813 0.740209 0.000000
vt 0.146029 0.766212 0.000000
vt 0.000000 0.873744 0.000000
vt 0.148813 0.792214 0.000000
vt 0.157041 0.817038 0.000000
vt 0.170337 0.839556 0.000000
vt 0.188101 0.858748 0.000000
vt 0.209525 0.873744 0.000000
vt -0.598045 0.000000 0.000000
vt -0.661737 -0.000000 0.000000
vt -0.598045 -0.215064 0.000000
vt -0.661737 -0.215064 0.000000
vt -0.060383 -0.215064 0.000000
vt 0.000000 -0.215064 0.000000
vt -0.060383 -0.000000 0.000000
vt -0.000000 0.000000 0.000000
vt -0.002274 0.000000 0.000000
vt -0.066174 0.000000 0.000000
vt -0.002274 -0.215064 0.000000
vt -0.066174 -0.215064 0.000000
vt 0.215064 0.000000 0.000000
vt -0.000000 0.000000 0.000000
vt 0.215064 -0.162126 0.000000
vt 0.000000 -0.162126 0.000000
vt 0.215064 0.000000 0.000000
vt -0.000000 0.000000 0.000000
vt 0.215064 -0.052939 0.000000
vt 0.000000 -0.052939 0.000000
vt -0.033087 -0.215064 0.000000
vt 0.000000 -0.215064 0.000000
vt -0.033087 -0.000000 0.000000
vt -0.000000 0.000000 0.000000
vt -0.219005 0.034924 0.000000
vt -0.219005 -0.249988 0.000000
vt -0.000000 0.000000 0.000000
vt 0.000000 -0.215064 0.000000
vt -0.130472 -0.215064 0.000000
vt -0.097017 -0.215064 0.000000
vt -0.130472 -0.000000 0.000000
vt -0.097017 -0.000000 0.000000
vt -0.000000 -0.249988 0.000000
vt 0.000000 0.034924 0.000000
vt 0.215064 0.000000 0.000000
vt -0.000000 0.000000 0.000000
vt 0.215064 -0.094297 0.000000
vt 0.000000 -0.094297 0.000000
vt -0.083185 -0.215064 0.000000
vt 0.000000 -0.215064 0.000000
vt -0.083185 0.000000 0.000000
vt -0.000000 0.000000 0.000000
vt 0.381534 0.607144 0.000000
vt 0.317634 0.445018 0.000000
vt 0.381534 -0.000000 0.000000
vt 0.257250 0.445018 0.000000
vt -0.344103 0.168743 0.000000
vt -0.280411 0.445018 0.000000
vt -0.344103 0.392079 0.000000
vt -0.344103 0.445018 0.000000
vt 0.317634 0.607144 0.000000
vt 0.257250 0.825517 0.000000
vt 0.047725 0.598942 0.000000
vt -0.070886 0.598942 0.000000
vt -0.280411 0.825517 0.000000
vt -0.070886 0.825517 0.000000
vt 0.047725 0.825517 0.000000
vt -0.377190 0.392079 0.000000
vt -0.377190 0.163798 0.000000
vt -0.344103 0.074445 0.000000
vt -0.381220 0.000000 0.000000
vt 0.425148 0.102110 0.000000
vt 0.196867 0.102110 0.000000
vt 0.439488 -0.000000 0.000000
vt -0.000000 0.000000 0.000000
vt -0.163798 -0.000000 0.000000
vt -0.149458 0.102110 0.000000
vt -0.392079 -0.000000 0.000000
vt -0.588946 0.102110 0.000000
vt 0.328136 0.873744 0.000000
vt 0.349560 0.858748 0.000000
vt 0.537661 0.873744 0.000000
vt 0.367324 0.839556 0.000000
vt 0.380621 0.817038 0.000000
vt 0.388848 0.792214 0.000000
vt 0.391632 0.766212 0.000000
vt 0.537661 0.658680 0.000000
vt 0.388848 0.740209 0.000000
vt 0.380621 0.715386 0.000000
vt 0.367324 0.692868 0.000000
vt 0.349560 0.673675 0.000000
vt 0.328136 0.658680 0.000000
vt 0.380499 0.873744 0.000000
vt -0.000000 0.873744 0.000000
vt 0.380499 0.658680 0.000000
vt -0.000000 0.658680 0.000000
vt 0.658680 -0.000000 0.000000
vt 0.873744 -0.000000 0.000000
vt 0.658680 0.380499 0.000000
vt 0.873744 0.380499 0.000000
vt 0.018405 0.107532 0.000000
vt 0.137016 0.107532 0.000000
vt 0.041138 0.117230 0.000000
vt 0.114282 0.117230 0.000000
vt 0.065353 0.122178 0.000000
vt 0.090068 0.122178 0.000000
vt 0.137016 -0.107532 0.000000
vt 0.018405 -0.107532 0.000000
vt 0.114282 -0.117230 0.000000
vt 0.041138 -0.117230 0.000000
vt 0.090068 -0.122178 0.000000
vt 0.065353 -0.122178 0.000000
vt -0.790156 -0.588946 0.000000
vt -0.000000 0.064519 0.000000
vt -0.790156 0.155508 0.000000
vt -0.669595 0.519463 0.000000
vt -0.792430 0.181978 0.000000
vt 0.064519 -0.588946 0.000000
vt 0.064519 0.000000 0.000000
vt 0.016699 0.062321 0.000000
vt 0.032260 0.055875 0.000000
vt 0.045622 0.045622 0.000000
vt 0.055875 0.032260 0.000000
vt 0.062321 0.016699 0.000000
vt -0.121902 0.519463 0.000000
vt -0.792430 0.155508 0.000000
vt 0.137016 -0.107532 0.000000
vt 0.018405 -0.107532 0.000000
vt 0.114282 -0.117230 0.000000
vt 0.041138 -0.117230 0.000000
vt 0.090068 -0.122178 0.000000
vt 0.065353 -0.122178 0.000000
vt 0.018405 0.107532 0.000000
vt 0.137016 0.107532 0.000000
vt 0.041138 0.117230 0.000000
vt 0.114282 0.117230 0.000000
vt 0.065353 0.122178 0.000000
vt 0.090068 0.122178 0.000000
vt 0.658680 -0.000000 0.000000
vt 0.873744 -0.000000 0.000000
vt 0.658680 0.380499 0.000000
vt 0.873744 0.380499 0.000000
vt 0.380499 0.873744 0.000000
vt -0.000000 0.873744 0.000000
vt 0.380499 0.658680 0.000000
vt -0.000000 0.658680 0.000000
vt 0.328136 0.873744 0.000000
vt 0.349560 0.858748 0.000000
vt 0.537661 0.873744 0.000000
vt 0.367324 0.839556 0.000000
vt 0.380621 0.817038 0.000000
vt 0.388848 0.792214 0.000000
vt 0.391632 0.766212 0.000000
vt 0.537661 0.658680 0.000000
vt 0.388848 0.740209 0.000000
vt 0.380621 0.715386 0.000000
vt 0.367324 0.692868 0.000000
vt 0.349560 0.673675 0.000000
vt 0.328136 0.658680 0.000000
vt -0.163798 -0.000000 0.000000
vt -0.149458 0.102110 0.000000
vt -0.392079 -0.000000 0.000000
vt -0.588946 0.102110 0.000000
vt 0.425148 0.102110 0.000000
vt 0.196867 0.102110 0.000000
vt 0.439488 -0.000000 0.000000
vt -0.000000 0.000000 0.000000
vt 0.381534 0.607144 0.000000
vt 0.317634 0.445018 0.000000
vt 0.381534 -0.000000 0.000000
vt 0.257250 0.445018 0.000000
vt -0.344103 0.168743 0.000000
vt -0.280411 0.445018 0.000000
vt -0.344103 0.392079 0.000000
vt -0.344103 0.445018 0.000000
vt 0.317634 0.607144 0.000000
vt 0.257250 0.825517 0.000000
vt 0.047725 0.598942 0.000000
vt -0.070886 0.598942 0.000000
vt -0.280411 0.825517 0.000000
vt -0.070886 0.825517 0.000000
vt 0.047725 0.825517 0.000000
vt -0.377190 0.392079 0.000000
vt -0.377190 0.163798 0.000000
vt -0.344103 0.074445 0.000000
vt -0.381220 0.000000 0.000000
vt -0.317634 0.607144 0.000000
vt -0.381534 0.607144 0.000000
vt -0.317634 0.445018 0.000000
vt -0.381534 -0.000000 0.000000
vt -0.257250 0.445018 0.000000
vt 0.344103 0.168743 0.000000
vt 0.280411 0.445018 0.000000
vt 0.344103 0.392079 0.000000
vt 0.344103 0.445018 0.000000
vt 0.381220 0.000000 0.000000
vt 0.344103 0.074445 0.000000
vt 0.377190 0.163798 0.000000
vt 0.377190 0.392079 0.000000
vt 0.280411 0.825517 0.000000
vt 0.070886 0.598942 0.000000
vt -0.047725 0.598942 0.000000
vt -0.257250 0.825517 0.000000
vt -0.047725 0.825517 0.000000
vt 0.070886 0.825517 0.000000
vt -0.083185 -0.215064 0.000000
vt -0.000000 -0.215064 0.000000
vt -0.083185 -0.000000 0.000000
vt -0.000000 0.000000 0.000000
vt 0.215064 0.000000 0.000000
vt -0.000000 0.000000 0.000000
vt 0.215064 -0.094297 0.000000
vt 0.000000 -0.094297 0.000000
vt -0.130472 -0.215064 0.000000
vt -0.097017 -0.215064 0.000000
vt -0.130472 -0.000000 0.000000
vt -0.097017 -0.000000 0.000000
vt -0.000000 -0.249988 0.000000
vt -0.000000 0.034924 0.000000
vt -0.219005 0.034924 0.000000
vt -0.219005 -0.249988 0.000000
vt -0.000000 0.000000 0.000000
vt 0.000000 -0.215064 0.000000
vt -0.033087 -0.215064 0.000000
vt -0.000000 -0.215064 0.000000
vt -0.033087 -0.000000 0.000000
vt -0.000000 0.000000 0.000000
vt 0.215064 0.000000 0.000000
vt -0.000000 0.000000 0.000000
vt 0.215064 -0.052939 0.000000
vt 0.000000 -0.052939 0.000000
vt 0.215064 0.000000 0.000000
vt -0.000000 0.000000 0.000000
vt 0.215064 -0.162126 0.000000
vt 0.000000 -0.162126 0.000000
vt -0.002274 -0.000000 0.000000
vt -0.066174 0.000000 0.000000
vt -0.002274 -0.215064 0.000000
vt -0.066174 -0.215064 0.000000
vt -0.000000 -0.085843 0.000000
vt 0.439488 -0.085843 0.000000
vt 0.000000 0.125574 0.000000
vt 0.439488 0.125574 0.000000
vt 0.588946 -0.475747 0.000000
vt 0.588946 0.515477 0.000000
vt 0.439488 -0.370755 0.000000
vt -0.000000 -0.475747 0.000000
vt -0.000000 -0.370755 0.000000
vt 0.439488 0.410485 0.000000
vt 0.000000 0.515477 0.000000
vt 0.000000 0.410485 0.000000
vt 0.515477 0.101347 0.000000
vt -0.475747 0.101347 0.000000
vt 0.515477 0.084456 0.000000
vt 0.185069 0.081077 0.000000
vt 0.515477 0.067564 0.000000
vt 0.185069 0.060808 0.000000
vt 0.515477 0.050673 0.000000
vt 0.185069 0.040539 0.000000
vt 0.515477 0.033782 0.000000
vt 0.185069 0.020269 0.000000
vt 0.515477 0.016891 0.000000
vt 0.410485 0.000000 0.000000
vt 0.515477 0.000000 0.000000
vt -0.145339 0.081077 0.000000
vt -0.475747 0.084456 0.000000
vt -0.475747 0.067564 0.000000
vt -0.145339 0.060808 0.000000
vt -0.475747 0.050673 0.000000
vt -0.145339 0.040539 0.000000
vt -0.475747 0.033782 0.000000
vt -0.145339 0.020269 0.000000
vt -0.475747 0.016891 0.000000
vt -0.085843 0.000000 0.000000
vt -0.370755 0.000000 0.000000
vt -0.475747 0.000000 0.000000
vt 0.125574 0.000000 0.000000
vt -0.000000 -0.475747 0.000000
vt 0.470993 -0.475747 0.000000
vt -0.000000 0.515477 0.000000
vt 0.470993 0.515477 0.000000
vt 0.000000 -0.475747 0.000000
vt 0.088350 0.234601 0.000000
vt 0.000000 0.515477 0.000000
vt 0.085341 0.268029 0.000000
vt 0.088350 0.301457 0.000000
vt 0.547693 -0.475747 0.000000
vt 0.280952 -0.415323 0.000000
vt 0.247423 -0.413817 0.000000
vt 0.214701 -0.406348 0.000000
vt 0.547693 0.515477 0.000000
vt 0.459011 0.251248 0.000000
vt 0.459011 -0.211518 0.000000
vt 0.459011 -0.245081 0.000000
vt 0.280952 0.455053 0.000000
vt 0.314212 0.450548 0.000000
vt 0.346132 0.440176 0.000000
vt 0.097279 0.333811 0.000000
vt 0.111841 0.364050 0.000000
vt 0.131569 0.391203 0.000000
vt 0.155828 0.414398 0.000000
vt 0.183839 0.432887 0.000000
vt 0.214701 0.446079 0.000000
vt 0.247423 0.453547 0.000000
vt 0.375687 0.424272 0.000000
vt 0.401928 0.403345 0.000000
vt 0.424011 0.378070 0.000000
vt 0.441225 0.349258 0.000000
vt 0.453018 0.317835 0.000000
vt 0.459011 0.284811 0.000000
vt 0.453018 -0.178494 0.000000
vt 0.453018 0.218224 0.000000
vt 0.441225 0.186801 0.000000
vt 0.441225 -0.147071 0.000000
vt 0.424011 0.157989 0.000000
vt 0.424011 -0.118259 0.000000
vt 0.401928 0.132714 0.000000
vt 0.401928 -0.092983 0.000000
vt 0.375687 0.111787 0.000000
vt 0.375687 -0.072057 0.000000
vt 0.346132 0.095883 0.000000
vt 0.346132 -0.056153 0.000000
vt 0.314212 0.085511 0.000000
vt 0.314212 -0.045781 0.000000
vt 0.280952 0.081006 0.000000
vt 0.280952 -0.041276 0.000000
vt 0.247423 -0.042782 0.000000
vt 0.247423 0.082512 0.000000
vt 0.214701 -0.050250 0.000000
vt 0.214701 0.089980 0.000000
vt 0.183839 -0.063441 0.000000
vt 0.183839 0.103171 0.000000
vt 0.155828 -0.081931 0.000000
vt 0.155828 0.121661 0.000000
vt 0.131569 -0.105125 0.000000
vt 0.131569 0.144855 0.000000
vt 0.111841 -0.132278 0.000000
vt 0.111841 0.172009 0.000000
vt 0.097279 -0.162518 0.000000
vt 0.097279 0.202248 0.000000
vt 0.088350 -0.261727 0.000000
vt 0.085341 -0.228299 0.000000
vt 0.088350 -0.194871 0.000000
vt 0.453018 -0.278104 0.000000
vt 0.441225 -0.309527 0.000000
vt 0.424011 -0.338340 0.000000
vt 0.401928 -0.363615 0.000000
vt 0.375687 -0.384541 0.000000
vt 0.346132 -0.400446 0.000000
vt 0.314212 -0.410817 0.000000
vt 0.183839 -0.393157 0.000000
vt 0.155828 -0.374667 0.000000
vt 0.131569 -0.351473 0.000000
vt 0.111841 -0.324320 0.000000
vt 0.097279 -0.294081 0.000000
vt -0.060383 -0.215064 0.000000
vt -0.000000 -0.215064 0.000000
vt -0.060383 0.000000 0.000000
vt -0.000000 0.000000 0.000000
vt -0.598045 0.000000 0.000000
vt -0.661737 0.000000 0.000000
vt -0.598045 -0.215064 0.000000
vt -0.661737 -0.215064 0.000000
vt 0.209525 0.658680 0.000000
vt 0.188101 0.673675 0.000000
vt -0.000000 0.658680 0.000000
vt 0.170337 0.692868 0.000000
vt 0.157041 0.715386 0.000000
vt 0.148813 0.740209 0.000000
vt 0.146029 0.766212 0.000000
vt 0.000000 0.873744 0.000000
vt 0.148813 0.792214 0.000000
vt 0.157041 0.817038 0.000000
vt 0.170337 0.839556 0.000000
vt 0.188101 0.858748 0.000000
vt 0.209525 0.873744 0.000000
vt -0.252887 -0.358237 0.000000
vt -0.282892 -0.359592 0.000000
vt -0.252887 -0.385793 0.000000
vt -0.282892 -0.385793 0.000000
vt -0.252887 0.385793 0.000000
vt -0.282892 0.385793 0.000000
vt -0.282892 0.359592 0.000000
vt -0.282892 -0.333391 0.000000
vt -0.252887 -0.330680 0.000000
vt -0.282892 -0.307191 0.000000
vt -0.252887 -0.303123 0.000000
vt -0.282892 -0.280990 0.000000
vt -0.252887 -0.275567 0.000000
vt -0.282892 -0.254789 0.000000
vt -0.252887 -0.248010 0.000000
vt -0.509467 -0.254789 0.000000
vt -0.509467 -0.230032 0.000000
vt -0.252887 -0.220453 0.000000
vt -0.509467 -0.205275 0.000000
vt -0.252887 -0.192897 0.000000
vt -0.509467 -0.180518 0.000000
vt -0.252887 -0.165340 0.000000
vt -0.509467 -0.155761 0.000000
vt -0.252887 -0.137783 0.000000
vt -0.509467 -0.131004 0.000000
vt -0.282892 -0.131004 0.000000
vt -0.252887 -0.110227 0.000000
vt -0.282892 -0.104803 0.000000
vt -0.252887 -0.082670 0.000000
vt -0.282892 -0.078603 0.000000
vt -0.252887 -0.055113 0.000000
vt -0.282892 -0.052402 0.000000
vt -0.252887 -0.027557 0.000000
vt -0.282892 -0.026201 0.000000
vt -0.252887 -0.000000 0.000000
vt -0.282892 -0.000000 0.000000
vt -0.282892 0.026201 0.000000
vt -0.252887 0.027557 0.000000
vt -0.282892 0.052402 0.000000
vt -0.252887 0.055113 0.000000
vt -0.282892 0.078603 0.000000
vt -0.252887 0.082670 0.000000
vt -0.282892 0.104803 0.000000
vt -0.252887 0.110227 0.000000
vt -0.282892 0.131004 0.000000
vt -0.252887 0.137783 0.000000
vt -0.509467 0.131004 0.000000
vt -0.509467 0.155761 0.000000
vt -0.252887 0.165340 0.000000
vt -0.509467 0.180518 0.000000
vt -0.252887 0.192897 0.000000
vt -0.509467 0.205275 0.000000
vt -0.252887 0.220453 0.000000
vt -0.509467 0.230032 0.000000
vt -0.252887 0.248010 0.000000
vt -0.509467 0.254789 0.000000
vt -0.282892 0.254789 0.000000
vt -0.252887 0.275567 0.000000
vt -0.282892 0.280990 0.000000
vt -0.252887 0.303123 0.000000
vt -0.282892 0.307191 0.000000
vt -0.252887 0.330680 0.000000
vt -0.282892 0.333391 0.000000
vt -0.252887 0.358237 0.000000
vt 0.000000 0.449867 0.000000
vt 0.000000 0.477984 0.000000
vt -0.062074 0.477984 0.000000
vt -0.062074 -0.477984 0.000000
vt 0.000000 -0.477984 0.000000
vt -0.000000 -0.449867 0.000000
vt -0.062074 -0.443842 0.000000
vt -0.000000 -0.421750 0.000000
vt -0.062074 -0.409700 0.000000
vt 0.000000 -0.393634 0.000000
vt -0.062074 -0.375559 0.000000
vt 0.000000 -0.365517 0.000000
vt -0.062074 -0.341417 0.000000
vt -0.000000 -0.337400 0.000000
vt -0.062074 -0.307275 0.000000
vt 0.000000 -0.309283 0.000000
vt -0.000000 -0.281167 0.000000
vt -0.062074 -0.273133 0.000000
vt 0.000000 -0.253050 0.000000
vt -0.062074 -0.238992 0.000000
vt 0.000000 -0.224933 0.000000
vt -0.062074 -0.204850 0.000000
vt 0.000000 -0.196817 0.000000
vt -0.062074 -0.170708 0.000000
vt 0.000000 -0.168700 0.000000
vt 0.000000 -0.140583 0.000000
vt -0.062074 -0.136567 0.000000
vt -0.000000 -0.112467 0.000000
vt -0.062074 -0.102425 0.000000
vt 0.000000 -0.084350 0.000000
vt -0.062074 -0.068283 0.000000
vt 0.000000 -0.056233 0.000000
vt -0.062074 -0.034142 0.000000
vt -0.000000 -0.028117 0.000000
vt -0.062074 -0.000000 0.000000
vt 0.000000 -0.000000 0.000000
vt -0.000000 0.028117 0.000000
vt -0.062074 0.034142 0.000000
vt 0.000000 0.056233 0.000000
vt -0.062074 0.068283 0.000000
vt 0.000000 0.084350 0.000000
vt -0.062074 0.102425 0.000000
vt -0.000000 0.112467 0.000000
vt -0.062074 0.136567 0.000000
vt 0.000000 0.140583 0.000000
vt -0.062074 0.170708 0.000000
vt 0.000000 0.168700 0.000000
vt 0.000000 0.196817 0.000000
vt -0.062074 0.204850 0.000000
vt 0.000000 0.224933 0.000000
vt -0.062074 0.238992 0.000000
vt 0.000000 0.253050 0.000000
vt -0.062074 0.273133 0.000000
vt 0.000000 0.281167 0.000000
vt -0.062074 0.307275 0.000000
vt -0.000000 0.309283 0.000000
vt 0.000000 0.337400 0.000000
vt -0.062074 0.341417 0.000000
vt 0.000000 0.365517 0.000000
vt -0.062074 0.375559 0.000000
vt 0.000000 0.393634 0.000000
vt -0.062074 0.409700 0.000000
vt 0.000000 0.421750 0.000000
vt -0.062074 0.443842 0.000000
vt -0.102943 0.033540 0.000000
vt -0.232672 0.033540 0.000000
vt -0.102943 -0.000000 0.000000
vt -0.232672 -0.000000 0.000000
vt -0.102943 -0.033540 0.000000
vt -0.232672 -0.033540 0.000000
vt -0.102943 -0.067079 0.000000
vt -0.232672 -0.067079 0.000000
vt -0.102943 -0.100619 0.000000
vt -0.232672 -0.100619 0.000000
vt -0.102943 -0.134159 0.000000
vt -0.232672 -0.134159 0.000000
vt -0.102943 -0.167698 0.000000
vt -0.232672 -0.167698 0.000000
vt -0.102943 -0.201238 0.000000
vt -0.232672 -0.201238 0.000000
vt -0.102943 -0.234778 0.000000
vt -0.232672 -0.234778 0.000000
vt -0.102943 -0.268317 0.000000
vt -0.232672 -0.268317 0.000000
vt -0.102943 -0.301857 0.000000
vt -0.232672 -0.301857 0.000000
vt -0.102943 -0.335396 0.000000
vt -0.232672 -0.335396 0.000000
vt -0.102943 -0.368936 0.000000
vt -0.232672 -0.368936 0.000000
vt -0.102943 -0.402476 0.000000
vt -0.232672 -0.402476 0.000000
vt -0.102943 -0.436015 0.000000
vt -0.232672 -0.436015 0.000000
vt -0.102943 -0.469555 0.000000
vt -0.232672 -0.469555 0.000000
vt -0.102943 -0.503095 0.000000
vt -0.232672 -0.503095 0.000000
vt -0.102943 -0.536634 0.000000
vt -0.232672 -0.536634 0.000000
vt -0.102943 -0.570174 0.000000
vt -0.232672 -0.570174 0.000000
vt -0.102943 0.570174 0.000000
vt -0.232672 0.570174 0.000000
vt -0.102943 0.536634 0.000000
vt -0.232672 0.536634 0.000000
vt -0.102943 0.503095 0.000000
vt -0.232672 0.503095 0.000000
vt -0.102943 0.469555 0.000000
vt -0.232672 0.469555 0.000000
vt -0.102943 0.436015 0.000000
vt -0.232672 0.436015 0.000000
vt -0.102943 0.402476 0.000000
vt -0.232672 0.402476 0.000000
vt -0.102943 0.368936 0.000000
vt -0.232672 0.368936 0.000000
vt -0.102943 0.335396 0.000000
vt -0.232672 0.335396 0.000000
vt -0.102943 0.301857 0.000000
vt -0.232672 0.301857 0.000000
vt -0.102943 0.268317 0.000000
vt -0.232672 0.268317 0.000000
vt -0.102943 0.234778 0.000000
vt -0.232672 0.234778 0.000000
vt -0.102943 0.201238 0.000000
vt -0.232672 0.201238 0.000000
vt -0.102943 0.167698 0.000000
vt -0.232672 0.167698 0.000000
vt -0.102943 0.134159 0.000000
vt -0.232672 0.134159 0.000000
vt -0.102943 0.100619 0.000000
vt -0.232672 0.100619 0.000000
vt -0.102943 0.067079 0.000000
vt -0.232672 0.067079 0.000000
vt 0.056538 -0.518458 0.000000
vt 0.000000 -0.534169 0.000000
vt 0.056538 -0.550862 0.000000
vt 0.056538 0.550862 0.000000
vt 0.000000 0.567554 0.000000
vt 0.000000 0.534169 0.000000
vt 0.056538 0.518458 0.000000
vt 0.000000 0.500783 0.000000
vt 0.056538 0.486054 0.000000
vt 0.000000 0.467398 0.000000
vt 0.056538 0.453651 0.000000
vt -0.000000 0.434012 0.000000
vt 0.056538 0.421247 0.000000
vt 0.000000 0.400627 0.000000
vt 0.056538 0.388843 0.000000
vt -0.000000 0.367241 0.000000
vt 0.056538 0.356440 0.000000
vt 0.000000 0.333855 0.000000
vt 0.056538 0.324036 0.000000
vt 0.000000 0.300470 0.000000
vt 0.056538 0.291633 0.000000
vt 0.000000 0.267084 0.000000
vt 0.056538 0.259229 0.000000
vt 0.000000 0.233699 0.000000
vt 0.056538 0.226825 0.000000
vt 0.000000 0.200313 0.000000
vt 0.056538 0.194422 0.000000
vt 0.000000 0.166928 0.000000
vt 0.056538 0.162018 0.000000
vt 0.000000 0.133542 0.000000
vt 0.056538 0.129614 0.000000
vt 0.000000 0.100157 0.000000
vt 0.056538 0.097211 0.000000
vt -0.000000 0.066771 0.000000
vt 0.056538 0.064807 0.000000
vt 0.000000 0.033386 0.000000
vt 0.056538 0.032404 0.000000
vt 0.000000 -0.000000 0.000000
vt 0.056538 0.000000 0.000000
vt 0.056538 -0.032404 0.000000
vt -0.000000 -0.033386 0.000000
vt 0.056538 -0.064807 0.000000
vt 0.000000 -0.066771 0.000000
vt 0.056538 -0.097211 0.000000
vt 0.000000 -0.100157 0.000000
vt 0.056538 -0.129614 0.000000
vt 0.000000 -0.133542 0.000000
vt 0.056538 -0.162018 0.000000
vt 0.000000 -0.166928 0.000000
vt 0.056538 -0.194422 0.000000
vt -0.000000 -0.200313 0.000000
vt 0.056538 -0.226825 0.000000
vt 0.000000 -0.233699 0.000000
vt 0.056538 -0.259229 0.000000
vt 0.000000 -0.267084 0.000000
vt 0.056538 -0.291633 0.000000
vt 0.000000 -0.300470 0.000000
vt 0.056538 -0.324036 0.000000
vt -0.000000 -0.333855 0.000000
vt 0.056538 -0.356440 0.000000
vt -0.000000 -0.367241 0.000000
vt 0.056538 -0.388843 0.000000
vt -0.000000 -0.400627 0.000000
vt 0.056538 -0.421247 0.000000
vt 0.000000 -0.434012 0.000000
vt 0.056538 -0.453651 0.000000
vt -0.000000 -0.467398 0.000000
vt 0.056538 -0.486054 0.000000
vt -0.000000 -0.500783 0.000000
vt -0.021337 -0.499334 0.000000
vt -0.047759 -0.499334 0.000000
vt -0.021337 -0.531549 0.000000
vt -0.047759 -0.531549 0.000000
vt -0.021337 0.531549 0.000000
vt -0.047759 0.531549 0.000000
vt -0.021337 0.499334 0.000000
vt -0.047759 0.499334 0.000000
vt -0.021337 0.467119 0.000000
vt -0.047759 0.467119 0.000000
vt -0.021337 0.434904 0.000000
vt -0.047759 0.434904 0.000000
vt -0.021337 0.402689 0.000000
vt -0.047759 0.402689 0.000000
vt -0.021337 0.370474 0.000000
vt -0.047759 0.370474 0.000000
vt -0.021337 0.338259 0.000000
vt -0.047759 0.338259 0.000000
vt -0.021337 0.306043 0.000000
vt -0.047759 0.306043 0.000000
vt -0.021337 0.273828 0.000000
vt -0.047759 0.273828 0.000000
vt -0.021337 0.241613 0.000000
vt -0.047759 0.241613 0.000000
vt -0.021337 0.209398 0.000000
vt -0.047759 0.209398 0.000000
vt -0.021337 0.177183 0.000000
vt -0.047759 0.177183 0.000000
vt -0.021337 0.144968 0.000000
vt -0.047759 0.144968 0.000000
vt -0.021337 0.112753 0.000000
vt -0.047759 0.112753 0.000000
vt -0.021337 0.080538 0.000000
vt -0.047759 0.080538 0.000000
vt -0.021337 0.048323 0.000000
vt -0.047759 0.048323 0.000000
vt -0.021337 0.016108 0.000000
vt -0.047759 0.016108 0.000000
vt -0.021337 -0.016108 0.000000
vt -0.047759 -0.016108 0.000000
vt -0.021337 -0.048323 0.000000
vt -0.047759 -0.048323 0.000000
vt -0.021337 -0.080538 0.000000
vt -0.047759 -0.080538 0.000000
vt -0.021337 -0.112753 0.000000
vt -0.047759 -0.112753 0.000000
vt -0.021337 -0.144968 0.000000
vt -0.047759 -0.144968 0.000000
vt -0.021337 -0.177183 0.000000
vt -0.047759 -0.177183 0.000000
vt -0.021337 -0.209398 0.000000
vt -0.047759 -0.209398 0.000000
vt -0.021337 -0.241613 0.000000
vt -0.047759 -0.241613 0.000000
vt -0.021337 -0.273828 0.000000
vt -0.047759 -0.273828 0.000000
vt -0.021337 -0.306043 0.000000
vt -0.047759 -0.306043 0.000000
vt -0.021337 -0.338259 0.000000
vt -0.047759 -0.338259 0.000000
vt -0.021337 -0.370474 0.000000
vt -0.047759 -0.370474 0.000000
vt -0.021337 -0.402689 0.000000
vt -0.047759 -0.402689 0.000000
vt -0.021337 -0.434904 0.000000
vt -0.047759 -0.434904 0.000000
vt -0.021337 -0.467119 0.000000
vt -0.047759 -0.467119 0.000000
vt -0.000000 0.527855 0.000000
vt 0.000000 0.559846 0.000000
vt -0.027924 0.559846 0.000000
vt -0.027924 -0.559846 0.000000
vt 0.000000 -0.559846 0.000000
vt 0.000000 -0.527855 0.000000
vt -0.027924 -0.525916 0.000000
vt -0.000000 -0.495864 0.000000
vt -0.027924 -0.491986 0.000000
vt -0.000000 -0.463873 0.000000
vt -0.027924 -0.458056 0.000000
vt 0.000000 -0.431882 0.000000
vt -0.027924 -0.424126 0.000000
vt -0.000000 -0.399890 0.000000
vt -0.027924 -0.390196 0.000000
vt 0.000000 -0.367899 0.000000
vt -0.027924 -0.356266 0.000000
vt 0.000000 -0.335908 0.000000
vt -0.027924 -0.322336 0.000000
vt -0.000000 -0.303917 0.000000
vt -0.027924 -0.288406 0.000000
vt 0.000000 -0.271925 0.000000
vt -0.027924 -0.254476 0.000000
vt 0.000000 -0.239934 0.000000
vt -0.027924 -0.220546 0.000000
vt 0.000000 -0.207943 0.000000
vt -0.027924 -0.186615 0.000000
vt 0.000000 -0.175952 0.000000
vt -0.027924 -0.152685 0.000000
vt -0.000000 -0.143961 0.000000
vt -0.027924 -0.118755 0.000000
vt -0.000000 -0.111969 0.000000
vt -0.027924 -0.084825 0.000000
vt 0.000000 -0.079978 0.000000
vt -0.027924 -0.050895 0.000000
vt 0.000000 -0.047987 0.000000
vt -0.027924 -0.016965 0.000000
vt 0.000000 -0.015996 0.000000
vt 0.000000 0.015996 0.000000
vt -0.027924 0.016965 0.000000
vt 0.000000 0.047987 0.000000
vt -0.027924 0.050895 0.000000
vt -0.000000 0.079978 0.000000
vt -0.027924 0.084825 0.000000
vt -0.000000 0.111969 0.000000
vt -0.027924 0.118755 0.000000
vt -0.000000 0.143961 0.000000
vt -0.027924 0.152685 0.000000
vt 0.000000 0.175952 0.000000
vt -0.027924 0.186615 0.000000
vt -0.000000 0.207943 0.000000
vt -0.027924 0.220546 0.000000
vt 0.000000 0.239934 0.000000
vt -0.027924 0.254476 0.000000
vt 0.000000 0.271925 0.000000
vt -0.027924 0.288406 0.000000
vt 0.000000 0.303917 0.000000
vt -0.027924 0.322336 0.000000
vt -0.000000 0.335908 0.000000
vt -0.027924 0.356266 0.000000
vt 0.000000 0.367899 0.000000
vt -0.027924 0.390196 0.000000
vt -0.000000 0.399890 0.000000
vt -0.027924 0.424126 0.000000
vt 0.000000 0.431882 0.000000
vt -0.027924 0.458056 0.000000
vt 0.000000 0.463873 0.000000
vt -0.027924 0.491986 0.000000
vt -0.000000 0.495864 0.000000
vt -0.027924 0.525916 0.000000
vt 0.000000 -0.475747 0.000000
vt 0.359145 -0.475747 0.000000
vt 0.000000 0.515477 0.000000
vt 0.359145 0.515477 0.000000
vn -0.000000 0.965926 0.258819
vn -0.000000 0.965926 0.258819
vn -0.000000 0.965926 0.258819
vn -0.000000 0.965926 0.258819
vn -0.000000 0.258819 -0.965926
vn -0.000000 0.258819 -0.965926
vn -0.000000 0.258819 -0.965926
vn -0.000000 0.258819 -0.965926
vn 1.000000 0.000000 -0.000000
vn 1.000000 0.000000 -0.000000
vn 1.000000 0.000000 -0.000000
vn 1.000000 0.000000 -0.000000
vn 1.000000 0.000000 -0.000000
vn 1.000000 0.000000 -0.000000
vn -0.000000 0.258819 -0.965926
vn -0.000000 0.258819 -0.965926
vn -0.000000 0.258819 -0.965926
vn -0.000000 0.258819 -0.965926
vn -0.000000 0.258819 -0.965926
vn -0.000000 0.258819 -0.965926
vn -0.000000 0.258819 -0.965926
vn -0.000000 0.258819 -0.965926
vn -0.000000 0.258819 -0.965926
vn -0.000000 0.258819 -0.965926
vn -0.000000 0.258819 -0.965926
vn -0.000000 0.258819 -0.965926
vn 0.000000 -0.965926 -0.258819
vn 0.000000 -0.965926 -0.258819
vn 0.000000 -0.965926 -0.258819
vn 0.000000 -0.965926 -0.258819
vn 0.000000 -0.965926 -0.258819
vn 0.000000 -0.965926 -0.258819
vn 0.000000 -0.965926 -0.258819
vn 0.000000 -0.965926 -0.258819
vn 0.000000 -0.965926 -0.258819
vn 0.000000 -0.965926 -0.258819
vn 0.000000 -0.965926 -0.258819
vn 0.000000 -0.965926 -0.258819
vn 0.000000 -0.965926 -0.258819
vn 0.000000 -0.965926 -0.258819
vn 0.000000 -0.965926 -0.258819
vn 0.000000 -0.965926 -0.258819
vn 0.000000 -0.965926 -0.258819
vn 0.000000 -0.965926 -0.258819
vn 0.000000 -0.965926 -0.258819
vn -0.000000 0.965926 0.258819
vn -0.000000 0.965926 0.258819
vn -0.000000 0.965926 0.258819
vn -0.000000 0.965926 0.258819
vn -0.000000 0.965926 0.258819
vn -0.000000 0.965926 0.258819
vn -0.000000 0.965926 0.258819
vn -0.000000 0.965926 0.258819
vn -0.000000 0.965926 0.258819
vn -0.000000 0.965926 0.258819
vn -0.000000 0.965926 0.258819
vn -0.000000 0.965926 0.258819
vn -0.000000 0.965926 0.258819
vn -0.000000 0.965926 0.258819
vn -0.000000 0.965926 0.258819
vn -0.000000 0.965926 0.258819
vn -0.000000 0.965926 0.258819
vn -0.000000 0.965926 0.258819
vn 1.000000 0.000000 -0.000000
vn 1.000000 0.000000 -0.000000
vn 1.000000 0.000000 -0.000000
vn 1.000000 0.000000 -0.000000
vn 1.000000 0.000000 -0.000000
vn 1.000000 0.000000 -0.000000
vn 1.000000 0.000000 -0.000000
vn 1.000000 0.000000 -0.000000
vn 1.000000 0.000000 -0.000000
vn 1.000000 0.000000 -0.000000
vn 1.000000 0.000000 -0.000000
vn 1.000000 0.000000 -0.000000
vn 1.000000 0.000000 -0.000000
vn 1.000000 0.000000 -0.000000
vn 1.000000 0.000000 -0.000000
vn 1.000000 0.000000 -0.000000
vn 1.000000 0.000000 -0.000000
vn 1.000000 0.000000 -0.000000
vn -0.000000 0.258819 -0.965926
vn -0.000000 0.258819 -0.965926
vn -0.000000 0.258819 -0.965926
vn -0.000000 0.258819 -0.965926
vn -0.000000 0.000000 -1.000000
vn -0.000000 0.000000 -1.000000
vn -0.000000 0.000000 -1.000000
vn -0.000000 0.000000 -1.000000
vn 0.000000 -0.500000 0.866025
vn 0.000000 -0.500000 0.866025
vn 0.000000 -0.500000 0.866025
vn 0.000000 -0.500000 0.866025
vn -0.000000 0.965926 0.258819
vn -0.000000 0.965926 0.258819
vn -0.000000 0.965926 0.258819
vn -0.000000 0.965926 0.258819
vn -1.000000 -0.000000 0.000000
vn -1.000000 -0.000000 0.000000
vn -1.000000 -0.000000 0.000000
vn -1.000000 -0.000000 0.000000
vn -0.645120 -0.326364 0.690874
vn -0.645120 -0.197759 0.738046
vn -0.645120 -0.197759 0.738046
vn -0.645120 -0.062798 0.761497
vn -0.645120 -0.054509 0.762135
vn -0.645120 0.074182 0.760472
vn -0.645120 0.090711 0.758678
vn -0.645120 0.208777 0.735005
vn -0.645120 0.232652 0.727800
vn -0.645120 0.336663 0.685915
vn -0.645120 0.366185 0.670618
vn -0.645120 0.453727 0.614778
vn -0.645120 0.486483 0.589198
vn -0.645120 0.556208 0.523882
vn -0.645120 0.589198 0.486483
vn -0.645120 0.640813 0.416149
vn -0.645120 0.670618 0.366185
vn -0.645120 0.704821 0.295039
vn -0.645120 0.727800 0.232652
vn -0.645120 0.746175 0.164447
vn -0.645120 0.758678 0.090711
vn -0.645120 0.763547 0.028570
vn -0.645120 0.762135 -0.054509
vn -0.645120 0.756378 -0.108226
vn -0.645120 0.738046 -0.197759
vn -0.645120 0.724898 -0.241543
vn -0.645120 0.687282 -0.333861
vn -0.645120 0.670120 -0.367097
vn -0.645120 0.611679 -0.457897
vn -0.645120 0.593803 -0.480852
vn -0.645120 0.513967 -0.565383
vn -0.645120 0.498401 -0.579152
vn -0.645120 0.397680 -0.652435
vn -0.645120 0.386980 -0.658838
vn -0.645120 0.267019 -0.715906
vn -0.645120 0.263121 -0.717348
vn -0.645120 0.130805 -0.752802
vn -0.645120 0.126708 -0.753502
vn -0.645120 -0.005715 -0.764060
vn -0.645120 -0.018183 -0.763865
vn -0.645120 -0.142052 -0.750761
vn -0.645120 -0.162417 -0.746620
vn -0.645120 -0.273822 -0.713332
vn -0.645120 -0.300781 -0.702390
vn -0.645120 -0.396792 -0.652975
vn -0.645120 -0.428273 -0.632774
vn -0.645120 -0.507009 -0.571632
vn -0.645120 -0.540287 -0.540287
vn -0.645120 -0.600930 -0.471915
vn -0.645120 -0.632774 -0.428273
vn -0.645120 -0.675536 -0.357031
vn -0.645120 -0.702390 -0.300781
vn -0.645120 -0.728430 -0.230672
vn -0.645120 -0.746620 -0.162417
vn -0.645120 -0.757912 -0.096899
vn -0.645120 -0.763865 -0.018183
vn -0.645120 -0.763034 0.039989
vn -0.645120 -0.753502 0.126708
vn -0.645120 -0.743632 0.175591
vn -0.645120 -0.715906 0.267019
vn -0.645120 -0.700328 0.305550
vn -0.645120 -0.652435 0.397680
vn -0.645120 -0.634516 0.425688
vn -0.645120 -0.565383 0.513967
vn -0.645120 -0.548309 0.532144
vn -0.645120 -0.457897 0.611679
vn -0.645120 -0.444480 0.621497
vn -0.645120 -0.333861 0.687282
vn 0.000000 -0.071339 0.997452
vn 0.000000 -0.165830 0.986154
vn 0.000000 -0.258819 0.965926
vn 0.000000 -0.349464 0.936950
vn 0.000000 -0.436945 0.899488
vn 0.000000 -0.520468 0.853881
vn 0.000000 -0.599278 0.800541
vn 0.000000 -0.672660 0.739951
vn 0.000000 -0.739951 0.672660
vn 0.000000 -0.800541 0.599278
vn 0.000000 -0.853881 0.520468
vn 0.000000 -0.899488 0.436945
vn 0.000000 -0.936950 0.349464
vn 0.000000 -0.965926 0.258819
vn 0.000000 -0.986154 0.165830
vn 0.000000 -0.997452 0.071339
vn 0.000000 -0.999717 -0.023798
vn 0.000000 -0.992928 -0.118719
vn 0.000000 -0.977147 -0.212565
vn 0.000000 -0.952517 -0.304486
vn -0.000000 -0.919260 -0.393650
vn -0.000000 -0.877679 -0.479249
vn -0.000000 -0.828149 -0.560508
vn -0.000000 -0.771120 -0.636690
vn -0.000000 -0.707107 -0.707107
vn -0.000000 -0.636690 -0.771120
vn -0.000000 -0.560508 -0.828149
vn -0.000000 -0.479249 -0.877679
vn -0.000000 -0.393650 -0.919260
vn -0.000000 -0.304486 -0.952517
vn -0.000000 -0.212565 -0.977147
vn -0.000000 -0.118719 -0.992928
vn -0.000000 -0.023798 -0.999717
vn -0.000000 0.071339 -0.997452
vn -0.000000 0.165830 -0.986154
vn -0.000000 0.258819 -0.965926
vn -0.000000 0.349464 -0.936950
vn -0.000000 0.436945 -0.899488
vn -0.000000 0.520468 -0.853881
vn -0.000000 0.599278 -0.800541
vn -0.000000 0.672660 -0.739951
vn -0.000000 0.739951 -0.672660
vn -0.000000 0.800541 -0.599278
vn -0.000000 0.853881 -0.520468
vn -0.000000 0.899488 -0.436945
vn -0.000000 0.936950 -0.349464
vn -0.000000 0.965926 -0.258819
vn -0.000000 0.986154 -0.165830
vn -0.000000 0.997452 -0.071339
vn -0.000000 0.999717 0.023798
vn -0.000000 0.992928 0.118719
vn -0.000000 0.977147 0.212565
vn -0.000000 0.952517 0.304486
vn 0.000000 0.919260 0.393650
vn 0.000000 0.877679 0.479249
vn 0.000000 0.828149 0.560508
vn 0.000000 0.771120 0.636690
vn 0.000000 0.707107 0.707107
vn 0.000000 0.636690 0.771120
vn 0.000000 0.560508 0.828149
vn 0.000000 0.479249 0.877679
vn 0.000000 0.393650 0.919260
vn 0.000000 0.304486 0.952517
vn 0.000000 0.212565 0.977147
vn 0.000000 0.118719 0.992928
vn 0.000000 0.023798 0.999717
vn 0.217460 -0.421565 0.880338
vn 0.217460 -0.341101 0.914528
vn 0.217460 -0.252625 0.942811
vn 0.217460 -0.161862 0.962555
vn 0.217460 -0.075083 0.973177
vn 0.217460 0.023228 0.975793
vn 0.217460 0.105016 0.970403
vn 0.217460 0.207478 0.953763
vn 0.217460 0.281539 0.934584
vn 0.217460 0.384230 0.897262
vn 0.217460 0.448475 0.866938
vn 0.217460 0.547094 0.808331
vn 0.217460 0.600138 0.769770
vn 0.217460 0.690185 0.690185
vn 0.217460 0.731365 0.646388
vn 0.217460 0.808331 0.547094
vn 0.217460 0.837685 0.500994
vn 0.217460 0.897262 0.384230
vn 0.217460 0.915479 0.338539
vn 0.217460 0.953763 0.207478
vn 0.217460 0.962098 0.164556
vn 0.217460 0.975793 0.023228
vn 0.217460 0.975954 -0.015031
vn 0.217460 0.962555 -0.161862
vn 0.217460 0.956574 -0.194106
vn 0.217460 0.914528 -0.341101
vn 0.217460 0.904620 -0.366571
vn 0.217460 0.833447 -0.508013
vn 0.217460 0.821860 -0.526553
vn 0.217460 0.722244 -0.656563
vn 0.217460 0.711112 -0.668604
vn 0.217460 0.584937 -0.781384
vn 0.217460 0.576149 -0.787886
vn 0.217460 0.426488 -0.877963
vn 0.217460 0.421565 -0.880338
vn 0.217460 0.252625 -0.942811
vn 0.217460 0.252625 -0.942811
vn 0.217460 0.075083 -0.973177
vn 0.217460 0.069632 -0.973582
vn 0.217460 -0.105016 -0.970403
vn 0.217460 -0.115878 -0.969166
vn 0.217460 -0.281539 -0.934584
vn 0.217460 -0.297200 -0.929722
vn 0.217460 -0.448475 -0.866938
vn 0.217460 -0.467780 -0.856676
vn 0.217460 -0.600138 -0.769770
vn 0.217460 -0.621454 -0.752666
vn 0.217460 -0.731365 -0.646388
vn 0.217460 -0.752666 -0.621454
vn 0.217460 -0.837685 -0.500994
vn 0.217460 -0.856676 -0.467780
vn 0.217460 -0.915479 -0.338539
vn 0.217460 -0.929722 -0.297200
vn 0.217460 -0.962098 -0.164556
vn 0.217460 -0.969166 -0.115878
vn 0.217460 -0.975954 0.015031
vn 0.217460 -0.973582 0.069632
vn 0.217460 -0.956574 0.194106
vn 0.217460 -0.942811 0.252625
vn 0.217460 -0.904620 0.366571
vn 0.217460 -0.877963 0.426488
vn 0.217460 -0.821860 0.526553
vn 0.217460 -0.781384 0.584937
vn 0.217460 -0.711112 0.668604
vn 0.217460 -0.656563 0.722244
vn 0.217460 -0.576149 0.787886
vn 0.217460 -0.508013 0.833447
vn 0.000000 -0.076924 0.997037
vn 0.000000 -0.076924 0.997037
vn 0.000000 -0.258819 0.965926
vn 0.000000 -0.258819 0.965926
vn 0.000000 -0.431901 0.901921
vn 0.000000 -0.431901 0.901921
vn 0.000000 -0.590274 0.807203
vn 0.000000 -0.590274 0.807203
vn 0.000000 -0.728547 0.684996
vn 0.000000 -0.728547 0.684996
vn 0.000000 -0.842010 0.539463
vn 0.000000 -0.842010 0.539463
vn 0.000000 -0.926799 0.375558
vn 0.000000 -0.926799 0.375558
vn 0.000000 -0.980027 0.198865
vn 0.000000 -0.980027 0.198865
vn 0.000000 -0.999881 0.015399
vn 0.000000 -0.999881 0.015399
vn 0.000000 -0.985686 -0.168591
vn 0.000000 -0.985686 -0.168591
vn 0.000000 -0.937925 -0.346839
vn 0.000000 -0.937925 -0.346839
vn -0.000000 -0.858223 -0.513277
vn -0.000000 -0.858223 -0.513277
vn -0.000000 -0.749296 -0.662235
vn -0.000000 -0.749296 -0.662235
vn -0.000000 -0.614852 -0.788642
vn -0.000000 -0.614852 -0.788642
vn -0.000000 -0.459470 -0.888193
vn -0.000000 -0.459470 -0.888193
vn -0.000000 -0.288442 -0.957497
vn -0.000000 -0.288442 -0.957497
vn -0.000000 -0.107591 -0.994195
vn -0.000000 -0.107591 -0.994195
vn -0.000000 0.076924 -0.997037
vn -0.000000 0.076924 -0.997037
vn -0.000000 0.258819 -0.965926
vn -0.000000 0.258819 -0.965926
vn -0.000000 0.431901 -0.901921
vn -0.000000 0.431901 -0.901921
vn -0.000000 0.590274 -0.807203
vn -0.000000 0.590274 -0.807203
vn -0.000000 0.728547 -0.684996
vn -0.000000 0.728547 -0.684996
vn -0.000000 0.842010 -0.539463
vn -0.000000 0.842010 -0.539463
vn -0.000000 0.926799 -0.375558
vn -0.000000 0.926799 -0.375558
vn -0.000000 0.980027 -0.198865
vn -0.000000 0.980027 -0.198865
vn -0.000000 0.999881 -0.015399
vn -0.000000 0.999881 -0.015399
vn -0.000000 0.985686 0.168591
vn -0.000000 0.985686 0.168591
vn -0.000000 0.937925 0.346839
vn -0.000000 0.937925 0.346839
vn 0.000000 0.858223 0.513277
vn 0.000000 0.858223 0.513277
vn 0.000000 0.749296 0.662235
vn 0.000000 0.749296 0.662235
vn 0.000000 0.614852 0.788642
vn 0.000000 0.614852 0.788642
vn 0.000000 0.459470 0.888193
vn 0.000000 0.459470 0.888193
vn 0.000000 0.288442 0.957497
vn 0.000000 0.288442 0.957497
vn 0.000000 0.107591 0.994195
vn 0.000000 0.107591 0.994195
vn -0.945485 -0.140656 0.293726
vn -0.945485 -0.084289 0.314570
vn -0.945485 -0.084289 0.314570
vn -0.945485 -0.025052 0.324702
vn -0.945485 -0.012177 0.325439
vn -0.945485 0.035039 0.323776
vn -0.945485 0.060545 0.319989
vn -0.945485 0.093936 0.311825
vn -0.945485 0.130232 0.298494
vn -0.945485 0.149634 0.289255
vn -0.945485 0.193388 0.262031
vn -0.945485 0.200237 0.256835
vn -0.945485 0.246846 0.212428
vn -0.945485 0.244021 0.215668
vn -0.945485 0.279495 0.167157
vn -0.945485 0.287927 0.152174
vn -0.945485 0.305451 0.112954
vn -0.945485 0.314570 0.084289
vn -0.945485 0.321005 0.054904
vn -0.945485 0.325439 0.012177
vn -0.945485 0.325628 -0.005015
vn -0.945485 0.319989 -0.060545
vn -0.945485 0.319162 -0.064764
vn -0.945485 0.301828 -0.122307
vn -0.945485 0.298494 -0.130232
vn -0.945485 0.274215 -0.175685
vn -0.945485 0.262031 -0.193388
vn -0.945485 0.237264 -0.223081
vn -0.945485 0.212428 -0.246846
vn -0.945485 0.192233 -0.262879
vn -0.945485 0.152174 -0.287927
vn -0.945485 0.140656 -0.293726
vn -0.945485 0.084289 -0.314570
vn -0.945485 0.084289 -0.314570
vn -0.945485 0.025052 -0.324702
vn -0.945485 0.012177 -0.325439
vn -0.945485 -0.035039 -0.323776
vn -0.945485 -0.060545 -0.319989
vn -0.945485 -0.093936 -0.311825
vn -0.945485 -0.130232 -0.298494
vn -0.945485 -0.149634 -0.289255
vn -0.945485 -0.193388 -0.262031
vn -0.945485 -0.200237 -0.256835
vn -0.945485 -0.246846 -0.212428
vn -0.945485 -0.244021 -0.215668
vn -0.945485 -0.279495 -0.167157
vn -0.945485 -0.287927 -0.152174
vn -0.945485 -0.305451 -0.112954
vn -0.945485 -0.314570 -0.084289
vn -0.945485 -0.321005 -0.054904
vn -0.945485 -0.325439 -0.012177
vn -0.945485 -0.325628 0.005015
vn -0.945485 -0.319989 0.060545
vn -0.945485 -0.319162 0.064764
vn -0.945485 -0.301828 0.122307
vn -0.945485 -0.298494 0.130232
vn -0.945485 -0.274215 0.175685
vn -0.945485 -0.262031 0.193388
vn -0.945485 -0.237264 0.223081
vn -0.945485 -0.212428 0.246846
vn -0.945485 -0.192233 0.262879
vn -0.945485 -0.152174 0.287927
vn 0.000000 -0.037391 0.999301
vn 0.000000 -0.048422 0.998827
vn 0.000000 -0.258819 0.965926
vn 0.000000 -0.258819 0.965926
vn 0.000000 -0.457479 0.889220
vn 0.000000 0.164172 0.986432
vn 0.000000 0.185912 0.982566
vn 0.000000 0.369320 0.929302
vn 0.000000 0.399892 0.916562
vn 0.000000 0.557720 0.830029
vn 0.000000 0.593820 0.804598
vn 0.000000 0.720827 0.693115
vn 0.000000 0.757972 0.652287
vn 0.000000 0.720827 0.693115
vn 0.000000 0.845016 0.534740
vn 0.000000 0.884115 0.467269
vn -0.000000 0.934978 0.354706
vn -0.000000 0.965926 0.258819
vn -0.000000 0.987068 0.160304
vn -0.000000 0.999301 0.037391
vn -0.000000 0.999176 -0.040591
vn -0.000000 0.982566 -0.185912
vn -0.000000 0.970812 -0.239841
vn -0.000000 0.970812 -0.239841
vn -0.000000 0.916562 -0.399892
vn -0.000000 0.898014 -0.439967
vn -0.000000 0.804598 -0.593820
vn -0.000000 0.784492 -0.620139
vn -0.000000 0.652287 -0.757972
vn -0.000000 0.635393 -0.772189
vn -0.000000 0.467269 -0.884115
vn -0.000000 0.457479 -0.889220
vn -0.000000 0.258819 -0.965926
vn -0.000000 0.258819 -0.965926
vn -0.000000 0.048422 -0.998827
vn -0.000000 0.037391 -0.999301
vn -0.000000 -0.164172 -0.986432
vn -0.000000 -0.185912 -0.982566
vn -0.000000 -0.369320 -0.929302
vn -0.000000 -0.399892 -0.916562
vn -0.000000 -0.557720 -0.830029
vn -0.000000 -0.593820 -0.804598
vn -0.000000 -0.720827 -0.693115
vn -0.000000 -0.757972 -0.652287
vn -0.000000 -0.720827 -0.693115
vn -0.000000 -0.845016 -0.534740
vn -0.000000 -0.884115 -0.467269
vn 0.000000 -0.934978 -0.354706
vn 0.000000 -0.965926 -0.258819
vn 0.000000 -0.987068 -0.160304
vn 0.000000 -0.999301 -0.037391
vn 0.000000 -0.999176 0.040591
vn 0.000000 -0.982566 0.185912
vn 0.000000 -0.970812 0.239841
vn 0.000000 -0.970812 0.239841
vn 0.000000 -0.916562 0.399892
vn 0.000000 -0.898014 0.439967
vn 0.000000 -0.804598 0.593820
vn 0.000000 -0.784492 0.620139
vn 0.000000 -0.652287 0.757972
vn 0.000000 -0.635393 0.772189
vn 0.000000 -0.467269 0.884115
vn 1.000000 0.000000 -0.000000
vn 1.000000 0.000000 -0.000000
vn 1.000000 0.000000 -0.000000
vn 1.000000 0.000000 -0.000000
vn 1.000000 0.000000 -0.000000
vn 1.000000 0.000000 -0.000000
vn 1.000000 0.000000 -0.000000
vn 1.000000 0.000000 -0.000000
vn 1.000000 0.000000 -0.000000
vn 1.000000 0.000000 -0.000000
vn 1.000000 0.000000 -0.000000
vn 1.000000 0.000000 -0.000000
vn 1.000000 0.000000 -0.000000
vn 1.000000 0.000000 -0.000000
vn 1.000000 0.000000 -0.000000
vn 1.000000 0.000000 -0.000000
vn 1.000000 0.000000 -0.000000
vn 1.000000 0.000000 -0.000000
vn 1.000000 0.000000 -0.000000
vn 1.000000 0.000000 -0.000000
vn 1.000000 0.000000 -0.000000
vn 1.000000 0.000000 -0.000000
vn 1.000000 0.000000 -0.000000
vn 1.000000 0.000000 -0.000000
vn 1.000000 0.000000 -0.000000
vn -0.000000 0.258819 -0.965926
vn -0.000000 0.258819 -0.965926
vn -0.000000 0.258819 -0.965926
vn -0.000000 0.258819 -0.965926
vn -0.000000 0.258819 -0.965926
vn -0.000000 0.258819 -0.965926
vn -0.000000 0.258819 -0.965926
vn -0.000000 0.258819 -0.965926
vn 1.000000 0.000000 -0.000000
vn 1.000000 0.000000 -0.000000
vn 1.000000 0.000000 -0.000000
vn 1.000000 0.000000 -0.000000
vn 0.438126 -0.232656 0.868284
vn 0.438126 -0.232656 0.868284
vn 0.438126 -0.232656 0.868284
vn 0.438126 -0.232656 0.868284
vn -0.989016 -0.038256 0.142773
vn -0.989016 -0.038256 0.142773
vn -0.989016 -0.038256 0.142773
vn -0.989016 -0.038256 0.142773
vn -0.989016 -0.038256 0.142773
vn -0.989016 -0.038256 0.142773
vn -0.000000 0.258819 -0.965926
vn -0.000000 0.258819 -0.965926
vn -0.000000 0.258819 -0.965926
vn -0.000000 0.258819 -0.965926
vn 0.446198 0.231626 -0.864440
vn 0.446198 0.231626 -0.864440
vn 0.446198 0.231626 -0.864440
vn 0.446198 0.231626 -0.864440
vn -0.000000 0.965926 0.258819
vn -0.000000 0.965926 0.258819
vn -0.000000 0.965926 0.258819
vn -0.000000 0.965926 0.258819
vn -0.000000 0.965926 0.258819
vn -0.000000 0.965926 0.258819
vn -0.000000 0.965926 0.258819
vn -0.000000 0.965926 0.258819
vn -0.000000 0.965926 0.258819
vn -0.000000 0.965926 0.258819
vn -0.000000 0.965926 0.258819
vn -0.000000 0.965926 0.258819
vn -0.000000 0.965926 0.258819
vn -0.000000 0.965926 0.258819
vn -0.000000 0.965926 0.258819
vn -0.000000 0.965926 0.258819
vn -0.000000 0.965926 0.258819
vn -0.000000 0.965926 0.258819
vn -0.000000 0.965926 0.258819
vn 0.000000 0.819152 0.573576
vn 0.000000 0.819152 0.573576
vn 0.000000 0.819152 0.573576
vn 0.000000 0.819152 0.573576
vn 0.000000 -0.996195 0.087156
vn 0.000000 -0.996195 0.087156
vn 0.000000 -0.996195 0.087156
vn 0.000000 -0.996195 0.087156
vn 1.000000 0.000000 -0.000000
vn 1.000000 0.000000 -0.000000
vn 1.000000 0.000000 -0.000000
vn 1.000000 0.000000 -0.000000
vn 1.000000 0.000000 -0.000000
vn 1.000000 0.000000 -0.000000
vn 1.000000 0.000000 -0.000000
vn 1.000000 0.000000 -0.000000
vn 1.000000 0.000000 -0.000000
vn 1.000000 0.000000 -0.000000
vn 1.000000 0.000000 -0.000000
vn 1.000000 0.000000 -0.000000
vn 1.000000 0.000000 -0.000000
vn -0.000000 0.258819 -0.965926
vn -0.000000 0.258819 -0.965926
vn -0.000000 0.258819 -0.965926
vn -0.000000 0.258819 -0.965926
vn 0.000000 -0.258819 0.965926
vn 0.000000 -0.258819 0.965926
vn 0.000000 -0.258819 0.965926
vn 0.000000 -0.258819 0.965926
vn -1.000000 -0.000000 0.000000
vn -1.000000 -0.000000 0.000000
vn -1.000000 -0.000000 0.000000
vn -1.000000 -0.000000 0.000000
vn -1.000000 -0.000000 0.000000
vn -1.000000 -0.000000 0.000000
vn -1.000000 -0.000000 0.000000
vn -1.000000 -0.000000 0.000000
vn -1.000000 -0.000000 0.000000
vn -1.000000 -0.000000 0.000000
vn -1.000000 -0.000000 0.000000
vn -1.000000 -0.000000 0.000000
vn 0.000000 -0.965926 -0.258819
vn 0.000000 -0.965926 -0.258819
vn 0.000000 -0.965926 -0.258819
vn 0.000000 -0.965926 -0.258819
vn 0.000000 -0.965926 -0.258819
vn 0.000000 -0.965926 -0.258819
vn 0.000000 -0.965926 -0.258819
vn 0.000000 -0.965926 -0.258819
vn 0.000000 -0.965926 -0.258819
vn 0.000000 -0.965926 -0.258819
vn 0.000000 -0.965926 -0.258819
vn 0.000000 -0.965926 -0.258819
vn 0.000000 -0.965926 -0.258819
vn 0.000000 -0.965926 -0.258819
vn -1.000000 -0.000000 0.000000
vn -1.000000 -0.000000 0.000000
vn -1.000000 -0.000000 0.000000
vn -1.000000 -0.000000 0.000000
vn -1.000000 -0.000000 0.000000
vn -1.000000 -0.000000 0.000000
vn -1.000000 -0.000000 0.000000
vn -1.000000 -0.000000 0.000000
vn -1.000000 -0.000000 0.000000
vn -1.000000 -0.000000 0.000000
vn -1.000000 -0.000000 0.000000
vn -1.000000 -0.000000 0.000000
vn 0.000000 -0.258819 0.965926
vn 0.000000 -0.258819 0.965926
vn 0.000000 -0.258819 0.965926
vn 0.000000 -0.258819 0.965926
vn -0.000000 0.258819 -0.965926
vn -0.000000 0.258819 -0.965926
vn -0.000000 0.258819 -0.965926
vn -0.000000 0.258819 -0.965926
vn 1.000000 0.000000 -0.000000
vn 1.000000 0.000000 -0.000000
vn 1.000000 0.000000 -0.000000
vn 1.000000 0.000000 -0.000000
vn 1.000000 0.000000 -0.000000
vn 1.000000 0.000000 -0.000000
vn 1.000000 0.000000 -0.000000
vn 1.000000 0.000000 -0.000000
vn 1.000000 0.000000 -0.000000
vn 1.000000 0.000000 -0.000000
vn 1.000000 0.000000 -0.000000
vn 1.000000 0.000000 -0.000000
vn 1.000000 0.000000 -0.000000
vn 0.000000 -0.996195 0.087156
vn 0.000000 -0.996195 0.087156
vn 0.000000 -0.996195 0.087156
vn 0.000000 -0.996195 0.087156
vn 0.000000 0.819152 0.573576
vn 0.000000 0.819152 0.573576
vn 0.000000 0.819152 0.573576
vn 0.000000 0.819152 0.573576
vn -0.000000 0.965926 0.258819
vn -0.000000 0.965926 0.258819
vn -0.000000 0.965926 0.258819
vn -0.000000 0.965926 0.258819
vn -0.000000 0.965926 0.258819
vn -0.000000 0.965926 0.258819
vn -0.000000 0.965926 0.258819
vn -0.000000 0.965926 0.258819
vn -0.000000 0.965926 0.258819
vn -0.000000 0.965926 0.258819
vn -0.000000 0.965926 0.258819
vn -0.000000 0.965926 0.258819
vn -0.000000 0.965926 0.258819
vn -0.000000 0.965926 0.258819
vn -0.000000 0.965926 0.258819
vn -0.000000 0.965926 0.258819
vn -0.000000 0.965926 0.258819
vn -0.000000 0.965926 0.258819
vn -0.000000 0.965926 0.258819
vn 0.000000 -0.965926 -0.258819
vn 0.000000 -0.965926 -0.258819
vn 0.000000 -0.965926 -0.258819
vn 0.000000 -0.965926 -0.258819
vn 0.000000 -0.965926 -0.258819
vn 0.000000 -0.965926 -0.258819
vn 0.000000 -0.965926 -0.258819
vn 0.000000 -0.965926 -0.258819
vn 0.000000 -0.965926 -0.258819
vn 0.000000 -0.965926 -0.258819
vn 0.000000 -0.965926 -0.258819
vn 0.000000 -0.965926 -0.258819
vn 0.000000 -0.965926 -0.258819
vn 0.000000 -0.965926 -0.258819
vn 0.000000 -0.965926 -0.258819
vn 0.000000 -0.965926 -0.258819
vn 0.000000 -0.965926 -0.258819
vn 0.000000 -0.965926 -0.258819
vn 0.000000 -0.965926 -0.258819
vn 0.446198 0.231626 -0.864440
vn 0.446198 0.231626 -0.864440
vn 0.446198 0.231626 -0.864440
vn 0.446198 0.231626 -0.864440
vn -0.000000 0.258819 -0.965926
vn -0.000000 0.258819 -0.965926
vn -0.000000 0.258819 -0.965926
vn -0.000000 0.258819 -0.965926
vn -0.989016 -0.038256 0.142773
vn -0.989016 -0.038256 0.142773
vn -0.989016 -0.038256 0.142773
vn -0.989016 -0.038256 0.142773
vn -0.989016 -0.038256 0.142773
vn -0.989016 -0.038256 0.142773
vn 0.438126 -0.232656 0.868284
vn 0.438126 -0.232656 0.868284
vn 0.438126 -0.232656 0.868284
vn 0.438126 -0.232656 0.868284
vn 1.000000 0.000000 -0.000000
vn 1.000000 0.000000 -0.000000
vn 1.000000 0.000000 -0.000000
vn 1.000000 0.000000 -0.000000
vn -0.000000 0.258819 -0.965926
vn -0.000000 0.258819 -0.965926
vn -0.000000 0.258819 -0.965926
vn -0.000000 0.258819 -0.965926
vn -0.000000 0.258819 -0.965926
vn -0.000000 0.258819 -0.965926
vn -0.000000 0.258819 -0.965926
vn -0.000000 0.258819 -0.965926
vn 1.000000 0.000000 -0.000000
vn 1.000000 0.000000 -0.000000
vn 1.000000 0.000000 -0.000000
vn 1.000000 0.000000 -0.000000
vn 0.000000 -0.258819 0.965926
vn 0.000000 -0.258819 0.965926
vn 0.000000 -0.258819 0.965926
vn 0.000000 -0.258819 0.965926
vn 0.000000 -0.258819 0.965926
vn 0.000000 -0.258819 0.965926
vn 0.000000 -0.258819 0.965926
vn 0.000000 -0.258819 0.965926
vn 0.000000 -0.258819 0.965926
vn 0.000000 -0.258819 0.965926
vn 0.000000 -0.258819 0.965926
vn 0.000000 -0.258819 0.965926
vn -1.000000 0.000000 -0.000000
vn -1.000000 0.000000 -0.000000
vn -0.965926 -0.066987 0.250000
vn -0.951057 -0.079979 0.298487
vn -0.866025 -0.129410 0.482963
vn -0.809017 -0.152130 0.567757
vn -0.707107 -0.183013 0.683013
vn -0.587785 -0.209389 0.781450
vn -0.500000 -0.224144 0.836516
vn -0.309017 -0.246152 0.918650
vn -0.258819 -0.250000 0.933013
vn -0.951057 -0.079979 0.298487
vn -0.965926 -0.066987 0.250000
vn -0.866025 -0.129410 0.482963
vn -0.809017 -0.152130 0.567757
vn -0.707107 -0.183013 0.683013
vn -0.587785 -0.209389 0.781450
vn -0.500000 -0.224144 0.836516
vn -0.309017 -0.246152 0.918650
vn -0.258819 -0.250000 0.933013
vn -0.258819 -0.250000 0.933013
vn -0.258819 -0.250000 0.933013
vn -0.258819 -0.250000 0.933013
vn -0.258819 -0.250000 0.933013
vn -1.000000 -0.000000 0.000000
vn -1.000000 -0.000000 0.000000
vn -1.000000 -0.000000 0.000000
vn -1.000000 -0.000000 0.000000
vn -1.000000 -0.000000 0.000000
vn -1.000000 -0.000000 0.000000
vn -1.000000 -0.000000 0.000000
vn -1.000000 -0.000000 0.000000
vn -1.000000 -0.000000 0.000000
vn -1.000000 -0.000000 0.000000
vn -1.000000 -0.000000 0.000000
vn -1.000000 -0.000000 0.000000
vn -1.000000 -0.000000 0.000000
vn -1.000000 -0.000000 0.000000
vn -1.000000 -0.000000 0.000000
vn -1.000000 -0.000000 0.000000
vn -1.000000 -0.000000 0.000000
vn -1.000000 -0.000000 0.000000
vn -1.000000 -0.000000 0.000000
vn -1.000000 -0.000000 0.000000
vn -1.000000 -0.000000 0.000000
vn -1.000000 -0.000000 0.000000
vn -1.000000 -0.000000 0.000000
vn -1.000000 -0.000000 0.000000
vn -1.000000 -0.000000 0.000000
vn -1.000000 -0.000000 0.000000
vn -1.000000 -0.000000 0.000000
vn -1.000000 -0.000000 0.000000
vn -1.000000 -0.000000 0.000000
vn -1.000000 -0.000000 0.000000
vn -1.000000 -0.000000 0.000000
vn -1.000000 -0.000000 0.000000
vn -1.000000 -0.000000 0.000000
vn -1.000000 -0.000000 0.000000
vn -1.000000 -0.000000 0.000000
vn -1.000000 -0.000000 0.000000
vn -1.000000 -0.000000 0.000000
vn -1.000000 -0.000000 0.000000
vn -1.000000 -0.000000 0.000000
vn -1.000000 -0.000000 0.000000
vn -1.000000 -0.000000 0.000000
vn -1.000000 -0.000000 0.000000
vn -1.000000 -0.000000 0.000000
vn -1.000000 -0.000000 0.000000
vn -1.000000 -0.000000 0.000000
vn -1.000000 -0.000000 0.000000
vn -1.000000 -0.000000 0.000000
vn -1.000000 -0.000000 0.000000
vn -1.000000 -0.000000 0.000000
vn -1.000000 -0.000000 0.000000
vn -1.000000 -0.000000 0.000000
vn -1.000000 -0.000000 0.000000
vn -1.000000 -0.000000 0.000000
vn -1.000000 -0.000000 0.000000
vn -1.000000 -0.000000 0.000000
vn -1.000000 -0.000000 0.000000
vn -1.000000 -0.000000 0.000000
vn -1.000000 -0.000000 0.000000
vn -1.000000 -0.000000 0.000000
vn -1.000000 -0.000000 0.000000
vn -1.000000 -0.000000 0.000000
vn -1.000000 -0.000000 0.000000
vn -1.000000 -0.000000 0.000000
vn -1.000000 -0.000000 0.000000
vn -1.000000 -0.000000 0.000000
vn -1.000000 -0.000000 0.000000
vn -1.000000 -0.000000 0.000000
vn -1.000000 -0.000000 0.000000
vn -1.000000 -0.000000 0.000000
vn -1.000000 -0.000000 0.000000
vn -1.000000 -0.000000 0.000000
vn -1.000000 -0.000000 0.000000
vn -1.000000 -0.000000 0.000000
vn -1.000000 -0.000000 0.000000
vn 1.000000 0.000000 -0.000000
vn 1.000000 0.000000 -0.000000
vn 1.000000 0.000000 -0.000000
vn 1.000000 0.000000 -0.000000
vn 1.000000 0.000000 -0.000000
vn 1.000000 0.000000 -0.000000
vn 1.000000 0.000000 -0.000000
vn 1.000000 0.000000 -0.000000
vn 1.000000 0.000000 -0.000000
vn 1.000000 0.000000 -0.000000
vn 1.000000 0.000000 -0.000000
vn 1.000000 0.000000 -0.000000
vn 1.000000 0.000000 -0.000000
vn 1.000000 0.000000 -0.000000
vn 1.000000 0.000000 -0.000000
vn 1.000000 0.000000 -0.000000
vn 1.000000 0.000000 -0.000000
vn 1.000000 0.000000 -0.000000
vn 1.000000 0.000000 -0.000000
vn 1.000000 0.000000 -0.000000
vn 1.000000 0.000000 -0.000000
vn 0.000000 -0.037391 0.999301
vn 0.000000 -0.048422 0.998827
vn 0.000000 -0.258819 0.965926
vn 0.000000 -0.258819 0.965926
vn 0.000000 -0.457479 0.889220
vn 0.000000 0.164172 0.986432
vn 0.000000 0.185912 0.982566
vn 0.000000 0.369320 0.929302
vn 0.000000 0.399892 0.916562
vn 0.000000 0.557720 0.830029
vn 0.000000 0.593820 0.804598
vn 0.000000 0.720827 0.693115
vn 0.000000 0.757972 0.652287
vn 0.000000 0.720827 0.693115
vn 0.000000 0.845016 0.534740
vn 0.000000 0.884115 0.467269
vn -0.000000 0.934978 0.354706
vn -0.000000 0.965926 0.258819
vn -0.000000 0.987068 0.160304
vn -0.000000 0.999301 0.037391
vn -0.000000 0.999176 -0.040591
vn -0.000000 0.982566 -0.185912
vn -0.000000 0.970812 -0.239841
vn -0.000000 0.970812 -0.239841
vn -0.000000 0.916562 -0.399892
vn -0.000000 0.898014 -0.439967
vn -0.000000 0.804598 -0.593820
vn -0.000000 0.784492 -0.620139
vn -0.000000 0.652287 -0.757972
vn -0.000000 0.635393 -0.772189
vn -0.000000 0.467269 -0.884115
vn -0.000000 0.457479 -0.889220
vn -0.000000 0.258819 -0.965926
vn -0.000000 0.258819 -0.965926
vn -0.000000 0.048422 -0.998827
vn -0.000000 0.037391 -0.999301
vn -0.000000 -0.164172 -0.986432
vn -0.000000 -0.185912 -0.982566
vn -0.000000 -0.369320 -0.929302
vn -0.000000 -0.399892 -0.916562
vn -0.000000 -0.557720 -0.830029
vn -0.000000 -0.593820 -0.804598
vn -0.000000 -0.720827 -0.693115
vn -0.000000 -0.757972 -0.652287
vn -0.000000 -0.720827 -0.693115
vn -0.000000 -0.845016 -0.534740
vn -0.000000 -0.884115 -0.467269
vn 0.000000 -0.934978 -0.354706
vn 0.000000 -0.965926 -0.258819
vn 0.000000 -0.987068 -0.160304
vn 0.000000 -0.999301 -0.037391
vn 0.000000 -0.999176 0.040591
vn 0.000000 -0.982566 0.185912
vn 0.000000 -0.970812 0.239841
vn 0.000000 -0.970812 0.239841
vn 0.000000 -0.916562 0.399892
vn 0.000000 -0.898014 0.439967
vn 0.000000 -0.804598 0.593820
vn 0.000000 -0.784492 0.620139
vn 0.000000 -0.652287 0.757972
vn 0.000000 -0.635393 0.772189
vn 0.000000 -0.467269 0.884115
vn -0.945485 -0.140656 0.293726
vn -0.945485 -0.084289 0.314570
vn -0.945485 -0.084289 0.314570
vn -0.945485 -0.025052 0.324702
vn -0.945485 -0.012177 0.325439
vn -0.945485 0.035039 0.323776
vn -0.945485 0.060545 0.319989
vn -0.945485 0.093936 0.311825
vn -0.945485 0.130232 0.298494
vn -0.945485 0.149634 0.289255
vn -0.945485 0.193388 0.262031
vn -0.945485 0.200237 0.256835
vn -0.945485 0.246846 0.212428
vn -0.945485 0.244021 0.215668
vn -0.945485 0.279495 0.167157
vn -0.945485 0.287927 0.152174
vn -0.945485 0.305451 0.112954
vn -0.945485 0.314570 0.084289
vn -0.945485 0.321005 0.054904
vn -0.945485 0.325439 0.012177
vn -0.945485 0.325628 -0.005015
vn -0.945485 0.319989 -0.060545
vn -0.945485 0.319162 -0.064764
vn -0.945485 0.301828 -0.122307
vn -0.945485 0.298494 -0.130232
vn -0.945485 0.274215 -0.175685
vn -0.945485 0.262031 -0.193388
vn -0.945485 0.237264 -0.223081
vn -0.945485 0.212428 -0.246846
vn -0.945485 0.192233 -0.262879
vn -0.945485 0.152174 -0.287927
vn -0.945485 0.140656 -0.293726
vn -0.945485 0.084289 -0.314570
vn -0.945485 0.084289 -0.314570
vn -0.945485 0.025052 -0.324702
vn -0.945485 0.012177 -0.325439
vn -0.945485 -0.035039 -0.323776
vn -0.945485 -0.060545 -0.319989
vn -0.945485 -0.093936 -0.311825
vn -0.945485 -0.130232 -0.298494
vn -0.945485 -0.149634 -0.289255
vn -0.945485 -0.193388 -0.262031
vn -0.945485 -0.200237 -0.256835
vn -0.945485 -0.246846 -0.212428
vn -0.945485 -0.244021 -0.215668
vn -0.945485 -0.279495 -0.167157
vn -0.945485 -0.287927 -0.152174
vn -0.945485 -0.305451 -0.112954
vn -0.945485 -0.314570 -0.084289
vn -0.945485 -0.321005 -0.054904
vn -0.945485 -0.325439 -0.012177
vn -0.945485 -0.325628 0.005015
vn -0.945485 -0.319989 0.060545
vn -0.945485 -0.319162 0.064764
vn -0.945485 -0.301828 0.122307
vn -0.945485 -0.298494 0.130232
vn -0.945485 -0.274215 0.175685
vn -0.945485 -0.262031 0.193388
vn -0.945485 -0.237264 0.223081
vn -0.945485 -0.212428 0.246846
vn -0.945485 -0.192233 0.262879
vn -0.945485 -0.152174 0.287927
vn -0.000000 0.076924 -0.997037
vn -0.000000 0.076924 -0.997037
vn -0.000000 0.258819 -0.965926
vn -0.000000 0.258819 -0.965926
vn -0.000000 0.431901 -0.901921
vn -0.000000 0.431901 -0.901921
vn -0.000000 0.590274 -0.807203
vn -0.000000 0.590274 -0.807203
vn -0.000000 0.728547 -0.684996
vn -0.000000 0.728547 -0.684996
vn -0.000000 0.842010 -0.539463
vn -0.000000 0.842010 -0.539463
vn -0.000000 0.926799 -0.375558
vn -0.000000 0.926799 -0.375558
vn -0.000000 0.980027 -0.198865
vn -0.000000 0.980027 -0.198865
vn -0.000000 0.999881 -0.015399
vn -0.000000 0.999881 -0.015399
vn -0.000000 0.985686 0.168591
vn -0.000000 0.985686 0.168591
vn -0.000000 0.937925 0.346839
vn -0.000000 0.937925 0.346839
vn 0.000000 0.858223 0.513277
vn 0.000000 0.858223 0.513277
vn 0.000000 0.749296 0.662235
vn 0.000000 0.749296 0.662235
vn 0.000000 0.614852 0.788642
vn 0.000000 0.614852 0.788642
vn 0.000000 0.459470 0.888193
vn 0.000000 0.459470 0.888193
vn 0.000000 0.288442 0.957497
vn 0.000000 0.288442 0.957497
vn 0.000000 0.107591 0.994195
vn 0.000000 0.107591 0.994195
vn 0.000000 -0.076924 0.997037
vn 0.000000 -0.076924 0.997037
vn 0.000000 -0.258819 0.965926
vn 0.000000 -0.258819 0.965926
vn 0.000000 -0.431901 0.901921
vn 0.000000 -0.431901 0.901921
vn 0.000000 -0.590274 0.807203
vn 0.000000 -0.590274 0.807203
vn 0.000000 -0.728547 0.684996
vn 0.000000 -0.728547 0.684996
vn 0.000000 -0.842010 0.539463
vn 0.000000 -0.842010 0.539463
vn 0.000000 -0.926799 0.375558
vn 0.000000 -0.926799 0.375558
vn 0.000000 -0.980027 0.198865
vn 0.000000 -0.980027 0.198865
vn 0.000000 -0.999881 0.015399
vn 0.000000 -0.999881 0.015399
vn 0.000000 -0.985686 -0.168591
vn 0.000000 -0.985686 -0.168591
vn 0.000000 -0.937925 -0.346839
vn 0.000000 -0.937925 -0.346839
vn -0.000000 -0.858223 -0.513277
vn -0.000000 -0.858223 -0.513277
vn -0.000000 -0.749296 -0.662235
vn -0.000000 -0.749296 -0.662235
vn -0.000000 -0.614852 -0.788642
vn -0.000000 -0.614852 -0.788642
vn -0.000000 -0.459470 -0.888193
vn -0.000000 -0.459470 -0.888193
vn -0.000000 -0.288442 -0.957497
vn -0.000000 -0.288442 -0.957497
vn -0.000000 -0.107591 -0.994195
vn -0.000000 -0.107591 -0.994195
vn 0.217460 0.421565 -0.880338
vn 0.217460 0.341101 -0.914528
vn 0.217460 0.252625 -0.942811
vn 0.217460 0.161862 -0.962555
vn 0.217460 0.075083 -0.973177
vn 0.217460 -0.023228 -0.975793
vn 0.217460 -0.105016 -0.970403
vn 0.217460 -0.207478 -0.953763
vn 0.217460 -0.281539 -0.934584
vn 0.217460 -0.384230 -0.897262
vn 0.217460 -0.448475 -0.866938
vn 0.217460 -0.547094 -0.808331
vn 0.217460 -0.600138 -0.769770
vn 0.217460 -0.690185 -0.690185
vn 0.217460 -0.731365 -0.646388
vn 0.217460 -0.808331 -0.547094
vn 0.217460 -0.837685 -0.500994
vn 0.217460 -0.897262 -0.384230
vn 0.217460 -0.915479 -0.338539
vn 0.217460 -0.953763 -0.207478
vn 0.217460 -0.962098 -0.164556
vn 0.217460 -0.975793 -0.023228
vn 0.217460 -0.975954 0.015031
vn 0.217460 -0.962555 0.161862
vn 0.217460 -0.956574 0.194106
vn 0.217460 -0.914528 0.341101
vn 0.217460 -0.904620 0.366571
vn 0.217460 -0.833447 0.508013
vn 0.217460 -0.821860 0.526553
vn 0.217460 -0.722244 0.656563
vn 0.217460 -0.711112 0.668604
vn 0.217460 -0.584937 0.781384
vn 0.217460 -0.576149 0.787886
vn 0.217460 -0.426488 0.877963
vn 0.217460 -0.421565 0.880338
vn 0.217460 -0.252625 0.942811
vn 0.217460 -0.252625 0.942811
vn 0.217460 -0.075083 0.973177
vn 0.217460 -0.069632 0.973582
vn 0.217460 0.105016 0.970403
vn 0.217460 0.115878 0.969166
vn 0.217460 0.281539 0.934584
vn 0.217460 0.297200 0.929722
vn 0.217460 0.448475 0.866938
vn 0.217460 0.467780 0.856676
vn 0.217460 0.600138 0.769770
vn 0.217460 0.621454 0.752666
vn 0.217460 0.731365 0.646388
vn 0.217460 0.752666 0.621454
vn 0.217460 0.837685 0.500994
vn 0.217460 0.856676 0.467780
vn 0.217460 0.915479 0.338539
vn 0.217460 0.929722 0.297200
vn 0.217460 0.962098 0.164556
vn 0.217460 0.969166 0.115878
vn 0.217460 0.975954 -0.015031
vn 0.217460 0.973582 -0.069632
vn 0.217460 0.956574 -0.194106
vn 0.217460 0.942811 -0.252625
vn 0.217460 0.904620 -0.366571
vn 0.217460 0.877963 -0.426488
vn 0.217460 0.821860 -0.526553
vn 0.217460 0.781384 -0.584937
vn 0.217460 0.711112 -0.668604
vn 0.217460 0.656563 -0.722244
vn 0.217460 0.576149 -0.787886
vn 0.217460 0.508013 -0.833447
vn 0.000000 -0.071339 0.997452
vn 0.000000 -0.071339 0.997452
vn 0.000000 -0.258819 0.965926
vn 0.000000 -0.258819 0.965926
vn 0.000000 -0.436945 0.899488
vn 0.000000 -0.436945 0.899488
vn 0.000000 -0.599278 0.800541
vn 0.000000 -0.599278 0.800541
vn 0.000000 -0.739951 0.672660
vn 0.000000 -0.739951 0.672660
vn 0.000000 -0.853881 0.520468
vn 0.000000 -0.853881 0.520468
vn 0.000000 -0.936950 0.349464
vn 0.000000 -0.936950 0.349464
vn 0.000000 -0.986154 0.165830
vn 0.000000 -0.986154 0.165830
vn 0.000000 -0.999717 -0.023798
vn 0.000000 -0.999717 -0.023798
vn 0.000000 -0.977147 -0.212565
vn 0.000000 -0.977147 -0.212565
vn -0.000000 -0.919260 -0.393650
vn -0.000000 -0.919260 -0.393650
vn -0.000000 -0.828149 -0.560508
vn -0.000000 -0.828149 -0.560508
vn -0.000000 -0.707107 -0.707107
vn -0.000000 -0.707107 -0.707107
vn -0.000000 -0.560508 -0.828149
vn -0.000000 -0.560508 -0.828149
vn -0.000000 -0.393650 -0.919260
vn -0.000000 -0.393650 -0.919260
vn -0.000000 -0.212565 -0.977147
vn -0.000000 -0.212565 -0.977147
vn -0.000000 -0.023798 -0.999717
vn -0.000000 -0.023798 -0.999717
vn -0.000000 0.165830 -0.986154
vn -0.000000 0.165830 -0.986154
vn -0.000000 0.349464 -0.936950
vn -0.000000 0.349464 -0.936950
vn -0.000000 0.520468 -0.853881
vn -0.000000 0.520468 -0.853881
vn -0.000000 0.672660 -0.739951
vn -0.000000 0.672660 -0.739951
vn -0.000000 0.800541 -0.599278
vn -0.000000 0.800541 -0.599278
vn -0.000000 0.899488 -0.436945
vn -0.000000 0.899488 -0.436945
vn -0.000000 0.965926 -0.258819
vn -0.000000 0.965926 -0.258819
vn -0.000000 0.997452 -0.071339
vn -0.000000 0.997452 -0.071339
vn -0.000000 0.992928 0.118719
vn -0.000000 0.992928 0.118719
vn -0.000000 0.952517 0.304486
vn -0.000000 0.952517 0.304486
vn 0.000000 0.877679 0.479249
vn 0.000000 0.877679 0.479249
vn 0.000000 0.771120 0.636690
vn 0.000000 0.771120 0.636690
vn 0.000000 0.636690 0.771120
vn 0.000000 0.636690 0.771120
vn 0.000000 0.479249 0.877679
vn 0.000000 0.479249 0.877679
vn 0.000000 0.304486 0.952517
vn 0.000000 0.304486 0.952517
vn 0.000000 0.118719 0.992928
vn 0.000000 0.118719 0.992928
vn -0.645120 -0.326364 0.690874
vn -0.645120 -0.197759 0.738046
vn -0.645120 -0.197759 0.738046
vn -0.645120 -0.062798 0.761497
vn -0.645120 -0.054509 0.762135
vn -0.645120 0.074182 0.760472
vn -0.645120 0.090711 0.758678
vn -0.645120 0.208777 0.735005
vn -0.645120 0.232652 0.727800
vn -0.645120 0.336663 0.685915
vn -0.645120 0.366185 0.670618
vn -0.645120 0.453727 0.614778
vn -0.645120 0.486483 0.589198
vn -0.645120 0.556208 0.523882
vn -0.645120 0.589198 0.486483
vn -0.645120 0.640813 0.416149
vn -0.645120 0.670618 0.366185
vn -0.645120 0.704821 0.295039
vn -0.645120 0.727800 0.232652
vn -0.645120 0.746175 0.164447
vn -0.645120 0.758678 0.090711
vn -0.645120 0.763547 0.028570
vn -0.645120 0.762135 -0.054509
vn -0.645120 0.756378 -0.108226
vn -0.645120 0.738046 -0.197759
vn -0.645120 0.724898 -0.241543
vn -0.645120 0.687282 -0.333861
vn -0.645120 0.670120 -0.367097
vn -0.645120 0.611679 -0.457897
vn -0.645120 0.593803 -0.480852
vn -0.645120 0.513967 -0.565383
vn -0.645120 0.498401 -0.579152
vn -0.645120 0.397680 -0.652435
vn -0.645120 0.386980 -0.658838
vn -0.645120 0.267019 -0.715906
vn -0.645120 0.263121 -0.717348
vn -0.645120 0.130805 -0.752802
vn -0.645120 0.126708 -0.753502
vn -0.645120 -0.005715 -0.764060
vn -0.645120 -0.018183 -0.763865
vn -0.645120 -0.142052 -0.750761
vn -0.645120 -0.162417 -0.746620
vn -0.645120 -0.273822 -0.713332
vn -0.645120 -0.300781 -0.702390
vn -0.645120 -0.396792 -0.652975
vn -0.645120 -0.428273 -0.632774
vn -0.645120 -0.507009 -0.571632
vn -0.645120 -0.540287 -0.540287
vn -0.645120 -0.600930 -0.471915
vn -0.645120 -0.632774 -0.428273
vn -0.645120 -0.675536 -0.357031
vn -0.645120 -0.702390 -0.300781
vn -0.645120 -0.728430 -0.230672
vn -0.645120 -0.746620 -0.162417
vn -0.645120 -0.757912 -0.096899
vn -0.645120 -0.763865 -0.018183
vn -0.645120 -0.763034 0.039989
vn -0.645120 -0.753502 0.126708
vn -0.645120 -0.743632 0.175591
vn -0.645120 -0.715906 0.267019
vn -0.645120 -0.700328 0.305550
vn -0.645120 -0.652435 0.397680
vn -0.645120 -0.634516 0.425688
vn -0.645120 -0.565383 0.513967
vn -0.645120 -0.548309 0.532144
vn -0.645120 -0.457897 0.611679
vn -0.645120 -0.444480 0.621497
vn -0.645120 -0.333861 0.687282
vn -0.342020 0.243210 -0.907673
vn -0.342020 0.243210 -0.907673
vn -0.342020 0.243210 -0.907673
vn -0.342020 0.243210 -0.907673
usemtl Opaque(48,59,150)
f 1/1/1 2/2/2 4/3/3
f 4/3/3 2/2/2 3/4/4
f 5/5/5 1/6/6 6/7/7
f 6/7/7 1/6/6 4/8/8
f 9/9/9 7/10/10 3/11/11
f 3/11/11 7/10/10 6/12/12
f 3/11/11 6/12/12 4/13/13
f 3/11/11 8/14/14 9/9/9
f 10/15/15 11/16/16 2/17/17
f 2/17/17 11/16/16 3/18/18
f 3/18/18 11/16/16 12/19/19
f 3/18/18 12/19/19 15/20/20
f 15/20/20 12/19/19 14/21/21
f 14/21/21 12/19/19 13/22/22
f 3/18/18 15/20/20 8/23/23
f 8/23/23 15/20/20 16/24/24
f 8/23/23 16/24/24 18/25/25
f 18/25/25 16/24/24 17/26/26
f 35/27/27 11/28/28 34/29/29
f 34/29/29 11/28/28 10/30/30
f 34/29/29 10/30/30 33/31/31
f 33/31/31 10/30/30 21/32/32
f 33/31/31 21/32/32 26/33/33
f 26/33/33 21/32/32 24/34/34
f 26/33/33 24/34/34 25/35/35
f 19/36/36 20/37/37 10/30/30
f 10/30/30 20/37/37 21/32/32
f 22/38/38 23/39/39 21/32/32
f 21/32/32 23/39/39 24/34/34
f 27/40/40 29/41/41 26/33/33
f 26/33/33 29/41/41 30/42/42
f 26/33/33 30/42/42 33/31/31
f 33/31/31 30/42/42 32/43/43
f 32/43/43 30/42/42 31/44/44
f 27/40/40 28/45/45 29/41/41
f 50/46/46 5/47/47 49/48/48
f 49/48/48 5/47/47 6/49/49
f 49/48/48 6/49/49 38/50/50
f 38/50/50 6/49/49 37/51/51
f 37/51/51 6/49/49 36/52/52
f 36/52/52 6/49/49 7/53/53
f 38/50/50 39/54/54 49/48/48
f 49/48/48 39/54/54 48/55/55
f 48/55/55 39/54/54 40/56/56
f 48/55/55 40/56/56 41/57/57
f 41/57/57 42/58/58 48/55/55
f 48/55/55 42/58/58 43/59/59
f 48/55/55 43/59/59 44/60/60
f 44/60/60 45/61/61 48/55/55
f 48/55/55 45/61/61 46/62/62
f 48/55/55 46/62/62 47/63/63
f 2/64/64 1/65/65 10/66/66
f 10/66/66 1/65/65 19/67/67
f 19/67/67 1/65/65 50/68/68
f 19/67/67 50/68/68 47/69/69
f 47/69/69 50/68/68 52/70/70
f 52/70/70 50/68/68 51/71/71
f 1/65/65 5/72/72 50/68/68
f 47/69/69 46/73/73 19/67/67
f 19/67/67 46/73/73 56/74/74
f 56/74/74 46/73/73 53/75/75
f 56/74/74 53/75/75 55/76/76
f 55/76/76 53/75/75 54/77/77
f 54/77/77 53/75/75 18/78/78
f 54/77/77 18/78/78 17/79/79
f 55/76/76 14/80/80 56/74/74
f 56/74/74 14/80/80 13/81/81
f 7/82/82 9/83/83 36/84/84
f 36/84/84 9/83/83 57/85/85
f 51/86/86 50/87/87 58/88/88
f 58/88/88 50/87/87 49/89/89
f 47/90/90 52/91/91 48/92/92
f 48/92/92 52/91/91 59/93/93
f 52/94/94 51/95/95 59/96/96
f 59/96/96 51/95/95 58/97/97
f 49/98/98 48/99/99 58/100/100
f 58/100/100 48/99/99 59/101/101
f 94/102/102 60/103/103 95/104/104
f 95/105/104 60/106/103 61/107/105
f 95/105/104 61/107/105 127/108/106
f 127/108/106 61/107/105 62/109/107
f 127/108/106 62/109/107 126/110/108
f 126/110/108 62/109/107 63/111/109
f 126/110/108 63/111/109 125/112/110
f 125/112/110 63/111/109 64/113/111
f 125/112/110 64/113/111 124/114/112
f 124/114/112 64/113/111 65/115/113
f 124/114/112 65/115/113 123/116/114
f 123/116/114 65/115/113 66/117/115
f 123/116/114 66/117/115 122/118/116
f 122/118/116 66/117/115 67/119/117
f 122/118/116 67/119/117 121/120/118
f 121/120/118 67/119/117 68/121/119
f 121/120/118 68/121/119 120/122/120
f 120/122/120 68/121/119 69/123/121
f 120/122/120 69/123/121 119/124/122
f 119/124/122 69/123/121 70/125/123
f 119/124/122 70/125/123 118/126/124
f 118/126/124 70/125/123 71/127/125
f 118/126/124 71/127/125 117/128/126
f 117/128/126 71/127/125 72/129/127
f 117/128/126 72/129/127 116/130/128
f 116/130/128 72/129/127 73/131/129
f 116/130/128 73/131/129 115/132/130
f 115/132/130 73/131/129 74/133/131
f 115/132/130 74/133/131 114/134/132
f 114/134/132 74/133/131 75/135/133
f 114/134/132 75/135/133 113/136/134
f 113/136/134 75/135/133 76/137/135
f 113/136/134 76/137/135 112/138/136
f 112/138/136 76/137/135 77/139/137
f 112/138/136 77/139/137 78/140/138
f 112/138/136 78/140/138 111/141/139
f 111/141/139 78/140/138 79/142/140
f 111/141/139 79/142/140 110/143/141
f 110/143/141 79/142/140 80/144/142
f 110/143/141 80/144/142 109/145/143
f 109/145/143 80/144/142 81/146/144
f 109/145/143 81/146/144 108/147/145
f 108/147/145 81/146/144 82/148/146
f 108/147/145 82/148/146 107/149/147
f 107/149/147 82/148/146 83/150/148
f 107/149/147 83/150/148 106/151/149
f 106/151/149 83/150/148 84/152/150
f 106/151/149 84/152/150 105/153/151
f 105/153/151 84/152/150 85/154/152
f 105/153/151 85/154/152 104/155/153
f 104/155/153 85/154/152 86/156/154
f 104/155/153 86/156/154 103/157/155
f 103/157/155 86/156/154 87/158/156
f 103/157/155 87/158/156 102/159/157
f 102/159/157 87/158/156 88/160/158
f 102/159/157 88/160/158 101/161/159
f 101/161/159 88/160/158 89/162/160
f 101/161/159 89/162/160 100/163/161
f 100/163/161 89/162/160 90/164/162
f 100/163/161 90/164/162 99/165/163
f 99/165/163 90/164/162 91/166/164
f 99/165/163 91/166/164 98/167/165
f 98/167/165 91/166/164 92/168/166
f 98/167/165 92/168/166 97/169/167
f 97/169/167 92/168/166 93/170/168
f 97/169/167 93/170/168 96/171/169
f 96/171/169 93/170/168 94/102/102
f 96/171/169 94/102/102 95/104/104
f 127/172/170 144/173/171 95/174/172
f 95/175/172 144/176/171 145/177/173
f 95/175/172 145/177/173 96/178/174
f 96/178/174 145/177/173 146/179/175
f 96/178/174 146/179/175 97/180/176
f 97/180/176 146/179/175 147/181/177
f 97/180/176 147/181/177 98/182/178
f 98/182/178 147/181/177 148/183/179
f 98/182/178 148/183/179 99/184/180
f 99/184/180 148/183/179 149/185/181
f 99/184/180 149/185/181 100/186/182
f 100/186/182 149/185/181 150/187/183
f 100/186/182 150/187/183 101/188/184
f 101/188/184 150/187/183 151/189/185
f 101/188/184 151/189/185 102/190/186
f 102/190/186 151/189/185 152/191/187
f 102/190/186 152/191/187 103/192/188
f 103/192/188 152/191/187 153/193/189
f 103/192/188 153/193/189 104/194/190
f 104/194/190 153/193/189 154/195/191
f 104/194/190 154/195/191 105/196/192
f 105/196/192 154/195/191 155/197/193
f 105/196/192 155/197/193 106/198/194
f 106/198/194 155/197/193 156/199/195
f 106/198/194 156/199/195 107/200/196
f 107/200/196 156/199/195 157/201/197
f 107/200/196 157/201/197 108/202/198
f 108/202/198 157/201/197 158/203/199
f 108/202/198 158/203/199 109/204/200
f 109/204/200 158/203/199 159/205/201
f 109/204/200 159/205/201 110/206/202
f 110/206/202 159/205/201 160/207/203
f 110/206/202 160/207/203 111/208/204
f 111/208/204 160/207/203 128/209/205
f 111/208/204 128/209/205 112/210/206
f 112/210/206 128/209/205 129/211/207
f 112/210/206 129/211/207 113/212/208
f 113/212/208 129/211/207 130/213/209
f 113/212/208 130/213/209 114/214/210
f 114/214/210 130/213/209 131/215/211
f 114/214/210 131/215/211 115/216/212
f 115/216/212 131/215/211 132/217/213
f 115/216/212 132/217/213 116/218/214
f 116/218/214 132/217/213 133/219/215
f 116/218/214 133/219/215 117/220/216
f 117/220/216 133/219/215 134/221/217
f 117/220/216 134/221/217 118/222/218
f 118/222/218 134/221/217 135/223/219
f 118/222/218 135/223/219 119/224/220
f 119/224/220 135/223/219 136/225/221
f 119/224/220 136/225/221 120/226/222
f 120/226/222 136/225/221 137/227/223
f 120/226/222 137/227/223 121/228/224
f 121/228/224 137/227/223 138/229/225
f 121/228/224 138/229/225 122/230/226
f 122/230/226 138/229/225 139/231/227
f 122/230/226 139/231/227 123/232/228
f 123/232/228 139/231/227 140/233/229
f 123/232/228 140/233/229 124/234/230
f 124/234/230 140/233/229 141/235/231
f 124/234/230 141/235/231 125/236/232
f 125/236/232 141/235/231 142/237/233
f 125/236/232 142/237/233 126/238/234
f 126/238/234 142/237/233 143/239/235
f 126/238/234 143/239/235 127/172/170
f 127/172/170 143/239/235 144/173/171
f 162/240/236 145/241/237 161/242/238
f 161/242/238 145/241/237 144/243/239
f 161/242/238 144/243/239 194/244/240
f 194/244/240 144/243/239 143/245/241
f 194/244/240 143/245/241 193/246/242
f 193/246/242 143/245/241 142/247/243
f 193/246/242 142/247/243 192/248/244
f 192/248/244 142/247/243 141/249/245
f 192/248/244 141/249/245 191/250/246
f 191/250/246 141/249/245 140/251/247
f 191/250/246 140/251/247 190/252/248
f 190/252/248 140/251/247 139/253/249
f 190/252/248 139/253/249 189/254/250
f 189/254/250 139/253/249 138/255/251
f 189/254/250 138/255/251 188/256/252
f 188/256/252 138/255/251 137/257/253
f 188/256/252 137/257/253 187/258/254
f 187/258/254 137/257/253 136/259/255
f 187/258/254 136/259/255 186/260/256
f 186/260/256 136/259/255 135/261/257
f 186/260/256 135/261/257 185/262/258
f 185/262/258 135/261/257 134/263/259
f 185/262/258 134/263/259 184/264/260
f 184/264/260 134/263/259 133/265/261
f 184/264/260 133/265/261 183/266/262
f 183/266/262 133/265/261 132/267/263
f 183/266/262 132/267/263 182/268/264
f 182/268/264 132/267/263 131/269/265
f 182/268/264 131/269/265 181/270/266
f 181/270/266 131/269/265 130/271/267
f 181/270/266 130/271/267 180/272/268
f 180/272/268 130/271/267 129/273/269
f 180/272/268 129/273/269 179/274/270
f 179/274/270 129/273/269 128/275/271
f 179/274/270 128/275/271 178/276/272
f 178/277/272 128/278/271 177/279/273
f 177/279/273 128/278/271 160/280/274
f 177/279/273 160/280/274 176/281/275
f 176/281/275 160/280/274 159/282/276
f 176/281/275 159/282/276 175/283/277
f 175/283/277 159/282/276 158/284/278
f 175/283/277 158/284/278 174/285/279
f 174/285/279 158/284/278 157/286/280
f 174/285/279 157/286/280 173/287/281
f 173/287/281 157/286/280 156/288/282
f 173/287/281 156/288/282 172/289/283
f 172/289/283 156/288/282 155/290/284
f 172/289/283 155/290/284 171/291/285
f 171/291/285 155/290/284 154/292/286
f 171/291/285 154/292/286 170/293/287
f 170/293/287 154/292/286 153/294/288
f 170/293/287 153/294/288 169/295/289
f 169/295/289 153/294/288 152/296/290
f 169/295/289 152/296/290 168/297/291
f 168/297/291 152/296/290 151/298/292
f 168/297/291 151/298/292 167/299/293
f 167/299/293 151/298/292 150/300/294
f 167/299/293 150/300/294 166/301/295
f 166/301/295 150/300/294 149/302/296
f 166/301/295 149/302/296 165/303/297
f 165/303/297 149/302/296 148/304/298
f 165/303/297 148/304/298 164/305/299
f 164/305/299 148/304/298 147/306/300
f 164/305/299 147/306/300 163/307/301
f 163/307/301 147/306/300 146/308/302
f 163/307/301 146/308/302 162/240/236
f 162/240/236 146/308/302 145/241/237
f 194/309/303 228/310/304 161/311/305
f 161/311/305 228/310/304 195/312/306
f 161/313/305 195/314/306 162/315/307
f 162/315/307 195/314/306 196/316/308
f 162/315/307 196/316/308 163/317/309
f 163/317/309 196/316/308 197/318/310
f 163/317/309 197/318/310 164/319/311
f 164/319/311 197/318/310 198/320/312
f 164/319/311 198/320/312 165/321/313
f 165/321/313 198/320/312 199/322/314
f 165/321/313 199/322/314 166/323/315
f 166/323/315 199/322/314 200/324/316
f 166/323/315 200/324/316 167/325/317
f 167/325/317 200/324/316 201/326/318
f 167/325/317 201/326/318 168/327/319
f 168/327/319 201/326/318 202/328/320
f 168/327/319 202/328/320 169/329/321
f 169/329/321 202/328/320 203/330/322
f 169/329/321 203/330/322 170/331/323
f 170/331/323 203/330/322 204/332/324
f 170/331/323 204/332/324 171/333/325
f 171/333/325 204/332/324 205/334/326
f 171/333/325 205/334/326 172/335/327
f 172/335/327 205/334/326 206/336/328
f 172/335/327 206/336/328 173/337/329
f 173/337/329 206/336/328 207/338/330
f 173/337/329 207/338/330 174/339/331
f 174/339/331 207/338/330 208/340/332
f 174/339/331 208/340/332 175/341/333
f 175/341/333 208/340/332 209/342/334
f 175/341/333 209/342/334 176/343/335
f 176/343/335 209/342/334 210/344/336
f 176/343/335 210/344/336 177/345/337
f 177/345/337 210/344/336 211/346/338
f 177/345/337 211/346/338 178/347/339
f 178/347/339 211/346/338 212/348/340
f 178/347/339 212/348/340 179/349/341
f 179/349/341 212/348/340 213/350/342
f 179/349/341 213/350/342 180/351/343
f 180/351/343 213/350/342 214/352/344
f 180/351/343 214/352/344 181/353/345
f 181/353/345 214/352/344 215/354/346
f 181/353/345 215/354/346 182/355/347
f 182/355/347 215/354/346 216/356/348
f 182/355/347 216/356/348 183/357/349
f 183/357/349 216/356/348 217/358/350
f 183/357/349 217/358/350 184/359/351
f 184/359/351 217/358/350 218/360/352
f 184/359/351 218/360/352 185/361/353
f 185/361/353 218/360/352 219/362/354
f 185/361/353 219/362/354 186/363/355
f 186/363/355 219/362/354 220/364/356
f 186/363/355 220/364/356 187/365/357
f 187/365/357 220/364/356 221/366/358
f 187/365/357 221/366/358 188/367/359
f 188/367/359 221/366/358 222/368/360
f 188/367/359 222/368/360 189/369/361
f 189/369/361 222/368/360 223/370/362
f 189/369/361 223/370/362 190/371/363
f 190/371/363 223/370/362 224/372/364
f 190/371/363 224/372/364 191/373/365
f 191/373/365 224/372/364 225/374/366
f 191/373/365 225/374/366 192/375/367
f 192/375/367 225/374/366 226/376/368
f 192/375/367 226/376/368 193/377/369
f 193/377/369 226/376/368 227/378/370
f 193/377/369 227/378/370 194/309/303
f 194/309/303 227/378/370 228/310/304
f 196/379/371 195/380/372 229/381/373
f 229/382/373 195/383/372 228/384/374
f 229/382/373 228/384/374 256/385/375
f 256/385/375 228/384/374 227/386/376
f 256/385/375 227/386/376 255/387/377
f 255/387/377 227/386/376 226/388/378
f 255/387/377 226/388/378 254/389/379
f 254/389/379 226/388/378 225/390/380
f 254/389/379 225/390/380 253/391/381
f 253/391/381 225/390/380 224/392/382
f 253/391/381 224/392/382 252/393/383
f 252/393/383 224/392/382 223/394/384
f 252/393/383 223/394/384 222/395/385
f 252/393/383 222/395/385 251/396/386
f 251/396/386 222/395/385 221/397/387
f 251/396/386 221/397/387 250/398/388
f 250/398/388 221/397/387 220/399/389
f 250/398/388 220/399/389 249/400/390
f 249/400/390 220/399/389 219/401/391
f 249/400/390 219/401/391 248/402/392
f 248/402/392 219/401/391 218/403/393
f 248/402/392 218/403/393 217/404/394
f 248/402/392 217/404/394 247/405/395
f 247/405/395 217/404/394 216/406/396
f 247/405/395 216/406/396 246/407/397
f 246/407/397 216/406/396 215/408/398
f 246/407/397 215/408/398 245/409/399
f 245/409/399 215/408/398 214/410/400
f 245/409/399 214/410/400 244/411/401
f 244/411/401 214/410/400 213/412/402
f 244/411/401 213/412/402 243/413/403
f 243/413/403 213/412/402 212/414/404
f 243/413/403 212/414/404 211/415/405
f 243/413/403 211/415/405 242/416/406
f 242/416/406 211/415/405 210/417/407
f 242/416/406 210/417/407 241/418/408
f 241/418/408 210/417/407 209/419/409
f 241/418/408 209/419/409 240/420/410
f 240/420/410 209/419/409 208/421/411
f 240/420/410 208/421/411 239/422/412
f 239/422/412 208/421/411 207/423/413
f 239/422/412 207/423/413 238/424/414
f 238/424/414 207/423/413 206/425/415
f 238/424/414 206/425/415 205/426/416
f 238/424/414 205/426/416 237/427/417
f 237/427/417 205/426/416 204/428/418
f 237/427/417 204/428/418 236/429/419
f 236/429/419 204/428/418 203/430/420
f 236/429/419 203/430/420 235/431/421
f 235/431/421 203/430/420 202/432/422
f 235/431/421 202/432/422 234/433/423
f 234/433/423 202/432/422 201/434/424
f 234/433/423 201/434/424 200/435/425
f 234/433/423 200/435/425 233/436/426
f 233/436/426 200/435/425 199/437/427
f 233/436/426 199/437/427 232/438/428
f 232/438/428 199/437/427 198/439/429
f 232/438/428 198/439/429 231/440/430
f 231/440/430 198/439/429 197/441/431
f 231/440/430 197/441/431 230/442/432
f 230/442/432 197/441/431 196/379/371
f 230/442/432 196/379/371 229/381/373
f 256/443/433 261/444/434 229/445/435
f 229/445/435 261/444/434 262/446/436
f 229/447/435 262/448/436 263/449/437
f 261/444/434 256/443/433 260/450/438
f 260/450/438 256/443/433 255/451/439
f 260/450/438 255/451/439 259/452/440
f 259/452/440 255/451/439 254/453/441
f 259/452/440 254/453/441 258/454/442
f 258/454/442 254/453/441 253/455/443
f 258/454/442 253/455/443 257/456/444
f 257/456/444 253/455/443 252/457/445
f 257/456/444 252/457/445 286/458/446
f 286/458/446 252/457/445 285/459/447
f 285/459/447 252/457/445 251/460/448
f 285/459/447 251/460/448 284/461/449
f 284/461/449 251/460/448 250/462/450
f 284/461/449 250/462/450 283/463/451
f 283/463/451 250/462/450 249/464/452
f 283/463/451 249/464/452 282/465/453
f 282/465/453 249/464/452 248/466/454
f 282/465/453 248/466/454 281/467/455
f 281/467/455 248/466/454 280/468/456
f 280/468/456 248/466/454 247/469/457
f 280/468/456 247/469/457 279/470/458
f 279/470/458 247/469/457 246/471/459
f 279/470/458 246/471/459 278/472/460
f 278/472/460 246/471/459 245/473/461
f 278/472/460 245/473/461 277/474/462
f 277/474/462 245/473/461 244/475/463
f 277/474/462 244/475/463 276/476/464
f 276/476/464 244/475/463 243/477/465
f 276/476/464 243/477/465 275/478/466
f 275/478/466 243/477/465 274/479/467
f 274/479/467 243/477/465 242/480/468
f 274/479/467 242/480/468 273/481/469
f 273/481/469 242/480/468 241/482/470
f 273/481/469 241/482/470 272/483/471
f 272/483/471 241/482/470 240/484/472
f 272/483/471 240/484/472 271/485/473
f 271/485/473 240/484/472 239/486/474
f 271/485/473 239/486/474 28/487/475
f 28/487/475 239/486/474 238/488/476
f 28/487/475 238/488/476 29/489/477
f 29/489/477 238/488/476 270/490/478
f 270/490/478 238/488/476 237/491/479
f 270/490/478 237/491/479 269/492/480
f 269/492/480 237/491/479 236/493/481
f 269/492/480 236/493/481 268/494/482
f 268/494/482 236/493/481 235/495/483
f 268/494/482 235/495/483 267/496/484
f 267/496/484 235/495/483 234/497/485
f 267/496/484 234/497/485 30/498/486
f 30/498/486 234/497/485 31/499/487
f 31/499/487 234/497/485 233/500/488
f 31/499/487 233/500/488 266/501/489
f 266/501/489 233/500/488 232/502/490
f 266/501/489 232/502/490 265/503/491
f 265/503/491 232/502/490 231/504/492
f 265/503/491 231/504/492 264/505/493
f 264/505/493 231/504/492 230/506/494
f 264/505/493 230/506/494 263/449/437
f 263/449/437 230/506/494 229/447/435
f 280/507/495 279/508/496 287/509/497
f 287/509/497 279/508/496 278/510/498
f 287/509/497 278/510/498 277/511/499
f 277/511/499 276/512/500 287/509/497
f 287/509/497 276/512/500 275/513/501
f 287/509/497 275/513/501 27/514/502
f 27/514/502 275/513/501 274/515/503
f 27/514/502 274/515/503 273/516/504
f 273/516/504 272/517/505 27/514/502
f 27/514/502 272/517/505 271/518/506
f 27/514/502 271/518/506 28/519/507
f 26/520/508 25/521/509 288/522/510
f 288/522/510 25/521/509 289/523/511
f 290/524/512 291/525/513 33/526/514
f 33/526/514 291/525/513 34/527/515
f 11/528/516 35/529/517 12/530/518
f 12/530/518 35/529/517 292/531/519
f 292/532/520 35/533/521 291/534/522
f 291/534/522 35/533/521 34/535/523
f 289/536/524 25/537/525 293/538/526
f 293/538/526 25/537/525 24/539/527
f 294/540/528 293/541/529 23/542/530
f 23/542/530 293/541/529 24/543/531
f 295/544/532 296/545/533 23/546/534
f 23/546/534 296/545/533 294/547/535
f 297/548/536 298/549/537 21/550/538
f 21/550/538 298/549/537 22/551/539
f 22/551/539 298/549/537 299/552/540
f 22/551/539 299/552/540 300/553/541
f 297/554/542 21/555/543 301/556/544
f 301/556/544 21/555/543 20/557/545
f 56/558/546 301/559/547 19/560/548
f 19/560/548 301/559/547 20/561/549
f 12/562/550 291/563/551 13/564/552
f 13/564/552 291/563/551 290/565/553
f 13/564/552 290/565/553 297/566/554
f 297/566/554 290/565/553 288/567/555
f 297/566/554 288/567/555 293/568/556
f 293/568/556 288/567/555 289/569/557
f 12/562/550 292/570/558 291/563/551
f 302/571/559 286/572/560 290/565/553
f 290/565/553 286/572/560 281/573/561
f 290/565/553 281/573/561 288/567/555
f 288/567/555 281/573/561 287/574/562
f 287/574/562 281/573/561 280/575/563
f 302/571/559 257/576/564 286/572/560
f 293/568/556 294/577/565 297/566/554
f 297/566/554 294/577/565 298/578/566
f 297/566/554 301/579/567 13/564/552
f 13/564/552 301/579/567 56/580/568
f 298/581/569 294/582/570 299/583/571
f 299/583/571 294/582/570 296/584/572
f 22/585/573 300/586/574 23/587/575
f 23/587/575 300/586/574 295/588/576
f 31/589/577 266/590/578 32/591/579
f 32/591/579 266/590/578 265/592/580
f 32/591/579 265/592/580 264/593/581
f 264/593/581 263/594/582 32/591/579
f 32/591/579 263/594/582 262/595/583
f 32/591/579 262/595/583 302/596/584
f 302/596/584 262/595/583 261/597/585
f 302/596/584 261/597/585 260/598/586
f 260/598/586 259/599/587 302/596/584
f 302/596/584 259/599/587 258/600/588
f 302/596/584 258/600/588 257/601/589
f 27/602/590 26/603/591 287/604/592
f 287/604/592 26/603/591 288/605/593
f 290/606/594 33/607/595 302/608/596
f 302/608/596 33/607/595 32/609/597
f 30/610/598 29/611/599 267/612/600
f 267/612/600 29/611/599 270/613/601
f 267/612/600 270/613/601 268/614/602
f 268/614/602 270/613/601 269/615/603
f 281/616/604 286/617/605 282/618/606
f 282/618/606 286/617/605 285/619/607
f 282/618/606 285/619/607 283/620/608
f 283/620/608 285/619/607 284/621/609
f 18/622/610 309/623/611 8/624/612
f 8/624/612 309/623/611 311/625/613
f 8/624/612 311/625/613 57/626/614
f 18/622/610 53/627/615 309/623/611
f 309/623/611 53/627/615 303/628/616
f 309/623/611 303/628/616 308/629/617
f 308/629/617 303/628/616 307/630/618
f 307/630/618 303/628/616 306/631/619
f 306/631/619 303/628/616 305/632/620
f 305/632/620 303/628/616 304/633/621
f 309/623/611 310/634/622 311/625/613
f 57/626/614 9/635/623 8/624/612
f 312/636/624 313/637/625 317/638/626
f 317/638/626 313/637/625 314/639/627
f 317/638/626 314/639/627 316/640/628
f 316/640/628 314/639/627 315/641/629
f 323/642/630 318/643/631 322/644/632
f 322/644/632 318/643/631 319/645/633
f 322/644/632 319/645/633 321/646/634
f 321/646/634 319/645/633 320/647/635
f 324/648/636 325/649/637 327/650/638
f 327/650/638 325/649/637 326/651/639
f 329/652/640 330/653/641 328/654/642
f 328/654/642 330/653/641 331/655/643
f 332/656/644 333/657/645 326/658/646
f 326/658/646 333/657/645 334/659/647
f 326/658/646 334/659/647 335/660/648
f 335/660/648 336/661/649 326/658/646
f 326/658/646 336/661/649 337/662/650
f 326/658/646 337/662/650 327/663/651
f 327/663/651 337/662/650 338/664/652
f 327/663/651 338/664/652 339/665/653
f 339/665/653 340/666/654 327/663/651
f 327/663/651 340/666/654 341/667/655
f 327/663/651 341/667/655 342/668/656
f 343/669/657 344/670/658 346/671/659
f 346/671/659 344/670/658 345/672/660
f 348/673/661 349/674/662 347/675/663
f 347/675/663 349/674/662 350/676/664
f 16/677/665 352/678/666 17/679/667
f 17/679/667 352/678/666 324/680/668
f 17/679/667 324/680/668 356/681/669
f 356/681/669 324/680/668 331/682/670
f 356/681/669 331/682/670 355/683/671
f 355/683/671 331/682/670 354/684/672
f 16/677/665 351/685/673 352/678/666
f 327/686/674 313/687/675 324/680/668
f 324/680/668 313/687/675 312/688/676
f 324/680/668 312/688/676 331/682/670
f 331/682/670 312/688/676 328/689/677
f 328/689/677 312/688/676 353/690/678
f 327/686/674 342/691/679 313/687/675
f 355/683/671 349/692/680 356/681/669
f 356/681/669 349/692/680 348/693/681
f 356/681/669 357/694/682 17/679/667
f 17/679/667 357/694/682 54/695/683
f 364/696/684 15/697/685 363/698/686
f 363/698/686 15/697/685 14/699/687
f 363/698/686 14/699/687 325/700/688
f 325/700/688 14/699/687 359/701/689
f 325/700/688 359/701/689 330/702/690
f 330/702/690 359/701/689 360/703/691
f 330/702/690 360/703/691 361/704/692
f 55/705/693 358/706/694 14/699/687
f 14/699/687 358/706/694 359/701/689
f 343/707/695 346/708/696 359/701/689
f 359/701/689 346/708/696 360/703/691
f 329/709/697 318/710/698 330/702/690
f 330/702/690 318/710/698 323/711/699
f 330/702/690 323/711/699 325/700/688
f 325/700/688 323/711/699 326/712/700
f 326/712/700 323/711/699 332/713/701
f 329/709/697 362/714/702 318/710/698
f 54/715/703 357/716/704 55/717/705
f 55/717/705 357/716/704 358/718/706
f 356/719/707 359/720/708 357/721/709
f 357/721/709 359/720/708 358/722/710
f 356/723/711 348/724/712 359/725/713
f 359/725/713 348/724/712 343/726/714
f 343/726/714 348/724/712 347/727/715
f 343/726/714 347/727/715 344/728/716
f 345/729/717 350/730/718 346/731/719
f 346/731/719 350/730/718 349/732/720
f 349/733/721 355/734/722 346/735/723
f 346/735/723 355/734/722 360/736/724
f 354/737/725 361/738/726 355/739/727
f 355/739/727 361/738/726 360/740/728
f 351/741/729 364/742/730 352/743/731
f 352/743/731 364/742/730 363/744/732
f 15/745/733 364/746/734 16/747/735
f 16/747/735 364/746/734 351/748/736
f 345/749/737 344/750/738 296/751/739
f 296/751/739 344/750/738 299/752/740
f 299/752/740 344/750/738 53/753/741
f 299/752/740 53/753/741 46/754/742
f 344/750/738 347/755/743 53/753/741
f 53/753/741 347/755/743 303/756/744
f 303/756/744 347/755/743 350/757/745
f 299/752/740 46/754/742 300/758/746
f 300/758/746 46/754/742 45/759/747
f 300/758/746 45/759/747 295/760/748
f 39/761/749 309/762/750 40/763/751
f 40/763/751 309/762/750 366/764/752
f 40/763/751 366/764/752 41/765/753
f 41/765/753 366/764/752 368/766/754
f 41/765/753 368/766/754 42/767/755
f 42/767/755 368/766/754 370/768/756
f 42/767/755 370/768/756 43/769/757
f 43/769/757 370/768/756 372/770/758
f 43/769/757 372/770/758 44/771/759
f 44/771/759 372/770/758 295/772/748
f 44/771/759 295/772/748 45/773/747
f 366/764/752 309/762/750 365/774/760
f 365/774/760 309/762/750 308/775/761
f 365/774/760 308/775/761 307/776/762
f 365/774/760 307/776/762 367/777/763
f 367/777/763 307/776/762 306/778/764
f 367/777/763 306/778/764 369/779/765
f 369/779/765 306/778/764 305/780/766
f 369/779/765 305/780/766 371/781/767
f 371/781/767 305/780/766 304/782/768
f 371/781/767 304/782/768 345/783/737
f 345/783/737 304/782/768 350/784/745
f 350/784/745 304/782/768 303/785/744
f 345/783/737 296/786/739 371/781/767
f 371/781/767 296/786/739 372/770/758
f 371/781/767 372/770/758 369/779/765
f 369/779/765 372/770/758 370/768/756
f 369/779/765 370/768/756 367/777/763
f 367/777/763 370/768/756 368/766/754
f 367/777/763 368/766/754 365/774/760
f 365/774/760 368/766/754 366/764/752
f 296/786/739 295/772/748 372/770/758
f 310/787/769 309/788/770 38/789/771
f 38/789/771 309/788/770 39/790/772
f 311/791/773 61/792/774 37/793/775
f 37/793/775 61/792/774 60/794/776
f 37/793/775 60/794/776 94/795/777
f 310/796/778 399/797/779 311/791/773
f 311/791/773 399/797/779 400/798/780
f 311/791/773 400/798/780 401/799/781
f 38/800/782 77/801/783 310/796/778
f 310/796/778 77/801/783 390/802/784
f 310/796/778 390/802/784 391/803/785
f 37/793/775 86/804/786 38/800/782
f 38/800/782 86/804/786 85/805/787
f 38/800/782 85/805/787 84/806/788
f 94/795/777 93/807/789 37/793/775
f 37/793/775 93/807/789 92/808/790
f 37/793/775 92/808/790 91/809/791
f 91/809/791 90/810/792 37/793/775
f 37/793/775 90/810/792 89/811/793
f 37/793/775 89/811/793 88/812/794
f 88/812/794 87/813/795 37/793/775
f 37/793/775 87/813/795 86/804/786
f 84/806/788 83/814/796 38/800/782
f 38/800/782 83/814/796 82/815/797
f 38/800/782 82/815/797 81/816/798
f 81/816/798 80/817/799 38/800/782
f 38/800/782 80/817/799 79/818/800
f 38/800/782 79/818/800 78/819/801
f 78/819/801 77/801/783 38/800/782
f 390/802/784 77/801/783 389/820/802
f 389/820/802 77/801/783 76/821/803
f 389/820/802 76/821/803 75/822/804
f 389/820/802 75/822/804 388/823/805
f 388/823/805 75/822/804 74/824/806
f 388/823/805 74/824/806 387/825/807
f 387/825/807 74/824/806 73/826/808
f 387/825/807 73/826/808 386/827/809
f 386/827/809 73/826/808 72/828/810
f 386/827/809 72/828/810 385/829/811
f 385/829/811 72/828/810 71/830/812
f 385/829/811 71/830/812 384/831/813
f 384/831/813 71/830/812 70/832/814
f 384/831/813 70/832/814 383/833/815
f 383/833/815 70/832/814 69/834/816
f 383/833/815 69/834/816 382/835/817
f 382/835/817 69/834/816 381/836/818
f 381/836/818 69/834/816 68/837/819
f 381/836/818 68/837/819 380/838/820
f 380/838/820 68/837/819 67/839/821
f 380/838/820 67/839/821 379/840/822
f 379/840/822 67/839/821 66/841/823
f 379/840/822 66/841/823 378/842/824
f 378/842/824 66/841/823 65/843/825
f 378/842/824 65/843/825 377/844/826
f 377/844/826 65/843/825 64/845/827
f 377/844/826 64/845/827 376/846/828
f 376/846/828 64/845/827 63/847/829
f 376/846/828 63/847/829 375/848/830
f 375/848/830 63/847/829 62/849/831
f 375/848/830 62/849/831 61/792/774
f 407/850/832 373/851/833 311/791/773
f 311/791/773 373/851/833 374/852/834
f 311/791/773 374/852/834 61/792/774
f 61/792/774 374/852/834 375/848/830
f 391/803/785 392/853/835 310/796/778
f 310/796/778 392/853/835 393/854/836
f 310/796/778 393/854/836 394/855/837
f 394/855/837 395/856/838 310/796/778
f 310/796/778 395/856/838 396/857/839
f 310/796/778 396/857/839 397/858/840
f 397/858/840 398/859/841 310/796/778
f 310/796/778 398/859/841 399/797/779
f 401/799/781 402/860/842 311/791/773
f 311/791/773 402/860/842 403/861/843
f 311/791/773 403/861/843 404/862/844
f 404/862/844 405/863/845 311/791/773
f 311/791/773 405/863/845 406/864/846
f 311/791/773 406/864/846 407/850/832
f 324/865/847 352/866/848 325/867/849
f 325/867/849 352/866/848 363/868/850
f 330/869/851 361/870/852 331/871/853
f 331/871/853 361/870/852 354/872/854
f 353/873/855 408/874/856 328/875/857
f 328/875/857 408/874/856 409/876/858
f 328/875/857 409/876/858 410/877/859
f 410/877/859 411/878/860 328/875/857
f 328/875/857 411/878/860 412/879/861
f 328/875/857 412/879/861 329/880/862
f 329/880/862 412/879/861 413/881/863
f 329/880/862 413/881/863 414/882/864
f 414/882/864 415/883/865 329/880/862
f 329/880/862 415/883/865 416/884/866
f 329/880/862 416/884/866 362/885/867
f 418/886/868 338/887/869 417/888/870
f 417/888/870 338/887/869 337/889/871
f 417/890/870 337/891/871 336/892/872
f 338/887/869 418/886/868 339/893/873
f 339/893/873 418/886/868 419/894/874
f 339/893/873 419/894/874 340/895/875
f 340/895/875 419/894/874 420/896/876
f 340/895/875 420/896/876 341/897/877
f 341/897/877 420/896/876 421/898/878
f 341/897/877 421/898/878 342/899/879
f 342/899/879 421/898/878 422/900/880
f 342/899/879 422/900/880 313/901/881
f 313/901/881 422/900/880 314/902/882
f 314/902/882 422/900/880 423/903/883
f 314/902/882 423/903/883 315/904/884
f 315/904/884 423/903/883 424/905/885
f 315/904/884 424/905/885 316/906/886
f 316/906/886 424/905/885 425/907/887
f 316/906/886 425/907/887 317/908/888
f 317/908/888 425/907/887 426/909/889
f 317/908/888 426/909/889 312/910/890
f 312/910/890 426/909/889 353/911/891
f 353/911/891 426/909/889 427/912/892
f 353/911/891 427/912/892 408/913/893
f 408/913/893 427/912/892 428/914/894
f 408/913/893 428/914/894 409/915/895
f 409/915/895 428/914/894 429/916/896
f 409/915/895 429/916/896 410/917/897
f 410/917/897 429/916/896 430/918/898
f 410/917/897 430/918/898 411/919/899
f 411/919/899 430/918/898 431/920/900
f 411/919/899 431/920/900 412/921/901
f 412/921/901 431/920/900 413/922/902
f 413/922/902 431/920/900 432/923/903
f 413/922/902 432/923/903 414/924/904
f 414/924/904 432/923/903 433/925/905
f 414/924/904 433/925/905 415/926/906
f 415/926/906 433/925/905 434/927/907
f 415/926/906 434/927/907 416/928/908
f 416/928/908 434/927/907 435/929/909
f 416/928/908 435/929/909 362/930/910
f 362/930/910 435/929/909 436/931/911
f 362/930/910 436/931/911 318/932/912
f 318/932/912 436/931/911 319/933/913
f 319/933/913 436/931/911 437/934/914
f 319/933/913 437/934/914 320/935/915
f 320/935/915 437/934/914 438/936/916
f 320/935/915 438/936/916 321/937/917
f 321/937/917 438/936/916 439/938/918
f 321/937/917 439/938/918 322/939/919
f 322/939/919 439/938/918 440/940/920
f 322/939/919 440/940/920 323/941/921
f 323/941/921 440/940/920 332/942/922
f 332/942/922 440/940/920 441/943/923
f 332/942/922 441/943/923 333/944/924
f 333/944/924 441/943/923 442/945/925
f 333/944/924 442/945/925 334/946/926
f 334/946/926 442/945/925 443/947/927
f 334/946/926 443/947/927 335/948/928
f 335/948/928 443/947/927 444/949/929
f 335/948/928 444/949/929 336/892/872
f 336/892/872 444/949/929 417/890/870
f 478/950/930 445/951/931 417/952/932
f 417/953/932 445/954/931 446/955/933
f 417/953/932 446/955/933 418/956/934
f 418/956/934 446/955/933 447/957/935
f 418/956/934 447/957/935 419/958/936
f 419/958/936 447/957/935 448/959/937
f 419/958/936 448/959/937 420/960/938
f 420/960/938 448/959/937 449/961/939
f 420/960/938 449/961/939 421/962/940
f 421/962/940 449/961/939 450/963/941
f 421/962/940 450/963/941 422/964/942
f 422/964/942 450/963/941 451/965/943
f 422/964/942 451/965/943 452/966/944
f 422/964/942 452/966/944 423/967/945
f 423/967/945 452/966/944 453/968/946
f 423/967/945 453/968/946 424/969/947
f 424/969/947 453/968/946 454/970/948
f 424/969/947 454/970/948 425/971/949
f 425/971/949 454/970/948 455/972/950
f 425/971/949 455/972/950 426/973/951
f 426/973/951 455/972/950 456/974/952
f 426/973/951 456/974/952 457/975/953
f 426/973/951 457/975/953 427/976/954
f 427/976/954 457/975/953 458/977/955
f 427/976/954 458/977/955 428/978/956
f 428/978/956 458/977/955 459/979/957
f 428/978/956 459/979/957 429/980/958
f 429/980/958 459/979/957 460/981/959
f 429/980/958 460/981/959 430/982/960
f 430/982/960 460/981/959 461/983/961
f 430/982/960 461/983/961 431/984/962
f 431/984/962 461/983/961 462/985/963
f 431/984/962 462/985/963 463/986/964
f 431/984/962 463/986/964 432/987/965
f 432/987/965 463/986/964 464/988/966
f 432/987/965 464/988/966 433/989/967
f 433/989/967 464/988/966 465/990/968
f 433/989/967 465/990/968 434/991/969
f 434/991/969 465/990/968 466/992/970
f 434/991/969 466/992/970 435/993/971
f 435/993/971 466/992/970 467/994/972
f 435/993/971 467/994/972 436/995/973
f 436/995/973 467/994/972 468/996/974
f 436/995/973 468/996/974 469/997/975
f 436/995/973 469/997/975 437/998/976
f 437/998/976 469/997/975 470/999/977
f 437/998/976 470/999/977 438/1000/978
f 438/1000/978 470/999/977 471/1001/979
f 438/1000/978 471/1001/979 439/1002/980
f 439/1002/980 471/1001/979 472/1003/981
f 439/1002/980 472/1003/981 440/1004/982
f 440/1004/982 472/1003/981 473/1005/983
f 440/1004/982 473/1005/983 474/1006/984
f 440/1004/982 474/1006/984 441/1007/985
f 441/1007/985 474/1006/984 475/1008/986
f 441/1007/985 475/1008/986 442/1009/987
f 442/1009/987 475/1008/986 476/1010/988
f 442/1009/987 476/1010/988 443/1011/989
f 443/1011/989 476/1010/988 477/1012/990
f 443/1011/989 477/1012/990 444/1013/991
f 444/1013/991 477/1012/990 478/950/930
f 444/1013/991 478/950/930 417/952/932
f 480/1014/992 463/1015/993 479/1016/994
f 479/1016/994 463/1015/993 462/1017/995
f 479/1016/994 462/1017/995 512/1018/996
f 512/1018/996 462/1017/995 461/1019/997
f 512/1018/996 461/1019/997 511/1020/998
f 511/1020/998 461/1019/997 460/1021/999
f 511/1020/998 460/1021/999 510/1022/1000
f 510/1022/1000 460/1021/999 459/1023/1001
f 510/1022/1000 459/1023/1001 509/1024/1002
f 509/1024/1002 459/1023/1001 458/1025/1003
f 509/1024/1002 458/1025/1003 508/1026/1004
f 508/1026/1004 458/1025/1003 457/1027/1005
f 508/1026/1004 457/1027/1005 507/1028/1006
f 507/1028/1006 457/1027/1005 456/1029/1007
f 507/1028/1006 456/1029/1007 506/1030/1008
f 506/1030/1008 456/1029/1007 455/1031/1009
f 506/1030/1008 455/1031/1009 505/1032/1010
f 505/1032/1010 455/1031/1009 454/1033/1011
f 505/1032/1010 454/1033/1011 504/1034/1012
f 504/1034/1012 454/1033/1011 453/1035/1013
f 504/1034/1012 453/1035/1013 503/1036/1014
f 503/1036/1014 453/1035/1013 452/1037/1015
f 503/1036/1014 452/1037/1015 502/1038/1016
f 502/1038/1016 452/1037/1015 451/1039/1017
f 502/1038/1016 451/1039/1017 501/1040/1018
f 501/1040/1018 451/1039/1017 450/1041/1019
f 501/1040/1018 450/1041/1019 500/1042/1020
f 500/1042/1020 450/1041/1019 449/1043/1021
f 500/1042/1020 449/1043/1021 499/1044/1022
f 499/1044/1022 449/1043/1021 448/1045/1023
f 499/1044/1022 448/1045/1023 498/1046/1024
f 498/1046/1024 448/1045/1023 447/1047/1025
f 498/1046/1024 447/1047/1025 497/1048/1026
f 497/1048/1026 447/1047/1025 446/1049/1027
f 497/1048/1026 446/1049/1027 496/1050/1028
f 496/1050/1028 446/1049/1027 445/1051/1029
f 496/1052/1028 445/1053/1029 495/1054/1030
f 495/1054/1030 445/1053/1029 478/1055/1031
f 495/1054/1030 478/1055/1031 494/1056/1032
f 494/1056/1032 478/1055/1031 477/1057/1033
f 494/1056/1032 477/1057/1033 493/1058/1034
f 493/1058/1034 477/1057/1033 476/1059/1035
f 493/1058/1034 476/1059/1035 492/1060/1036
f 492/1060/1036 476/1059/1035 475/1061/1037
f 492/1060/1036 475/1061/1037 491/1062/1038
f 491/1062/1038 475/1061/1037 474/1063/1039
f 491/1062/1038 474/1063/1039 490/1064/1040
f 490/1064/1040 474/1063/1039 473/1065/1041
f 490/1064/1040 473/1065/1041 489/1066/1042
f 489/1066/1042 473/1065/1041 472/1067/1043
f 489/1066/1042 472/1067/1043 488/1068/1044
f 488/1068/1044 472/1067/1043 471/1069/1045
f 488/1068/1044 471/1069/1045 487/1070/1046
f 487/1070/1046 471/1069/1045 470/1071/1047
f 487/1070/1046 470/1071/1047 486/1072/1048
f 486/1072/1048 470/1071/1047 469/1073/1049
f 486/1072/1048 469/1073/1049 485/1074/1050
f 485/1074/1050 469/1073/1049 468/1075/1051
f 485/1074/1050 468/1075/1051 484/1076/1052
f 484/1076/1052 468/1075/1051 467/1077/1053
f 484/1076/1052 467/1077/1053 483/1078/1054
f 483/1078/1054 467/1077/1053 466/1079/1055
f 483/1078/1054 466/1079/1055 482/1080/1056
f 482/1080/1056 466/1079/1055 465/1081/1057
f 482/1080/1056 465/1081/1057 481/1082/1058
f 481/1082/1058 465/1081/1057 464/1083/1059
f 481/1082/1058 464/1083/1059 480/1014/992
f 480/1014/992 464/1083/1059 463/1015/993
f 512/1084/1060 529/1085/1061 479/1086/1062
f 479/1087/1062 529/1088/1061 530/1089/1063
f 479/1087/1062 530/1089/1063 480/1090/1064
f 480/1090/1064 530/1089/1063 531/1091/1065
f 480/1090/1064 531/1091/1065 481/1092/1066
f 481/1092/1066 531/1091/1065 532/1093/1067
f 481/1092/1066 532/1093/1067 482/1094/1068
f 482/1094/1068 532/1093/1067 533/1095/1069
f 482/1094/1068 533/1095/1069 483/1096/1070
f 483/1096/1070 533/1095/1069 534/1097/1071
f 483/1096/1070 534/1097/1071 484/1098/1072
f 484/1098/1072 534/1097/1071 535/1099/1073
f 484/1098/1072 535/1099/1073 485/1100/1074
f 485/1100/1074 535/1099/1073 536/1101/1075
f 485/1100/1074 536/1101/1075 486/1102/1076
f 486/1102/1076 536/1101/1075 537/1103/1077
f 486/1102/1076 537/1103/1077 487/1104/1078
f 487/1104/1078 537/1103/1077 538/1105/1079
f 487/1104/1078 538/1105/1079 488/1106/1080
f 488/1106/1080 538/1105/1079 539/1107/1081
f 488/1106/1080 539/1107/1081 489/1108/1082
f 489/1108/1082 539/1107/1081 540/1109/1083
f 489/1108/1082 540/1109/1083 490/1110/1084
f 490/1110/1084 540/1109/1083 541/1111/1085
f 490/1110/1084 541/1111/1085 491/1112/1086
f 491/1112/1086 541/1111/1085 542/1113/1087
f 491/1112/1086 542/1113/1087 492/1114/1088
f 492/1114/1088 542/1113/1087 543/1115/1089
f 492/1114/1088 543/1115/1089 493/1116/1090
f 493/1116/1090 543/1115/1089 544/1117/1091
f 493/1116/1090 544/1117/1091 494/1118/1092
f 494/1118/1092 544/1117/1091 545/1119/1093
f 494/1118/1092 545/1119/1093 495/1120/1094
f 495/1120/1094 545/1119/1093 513/1121/1095
f 495/1120/1094 513/1121/1095 496/1122/1096
f 496/1122/1096 513/1121/1095 497/1123/1097
f 497/1123/1097 513/1121/1095 514/1124/1098
f 497/1123/1097 514/1124/1098 498/1125/1099
f 498/1125/1099 514/1124/1098 515/1126/1100
f 498/1125/1099 515/1126/1100 499/1127/1101
f 499/1127/1101 515/1126/1100 516/1128/1102
f 499/1127/1101 516/1128/1102 500/1129/1103
f 500/1129/1103 516/1128/1102 517/1130/1104
f 500/1129/1103 517/1130/1104 501/1131/1105
f 501/1131/1105 517/1130/1104 518/1132/1106
f 501/1131/1105 518/1132/1106 502/1133/1107
f 502/1133/1107 518/1132/1106 519/1134/1108
f 502/1133/1107 519/1134/1108 503/1135/1109
f 503/1135/1109 519/1134/1108 520/1136/1110
f 503/1135/1109 520/1136/1110 504/1137/1111
f 504/1137/1111 520/1136/1110 521/1138/1112
f 504/1137/1111 521/1138/1112 505/1139/1113
f 505/1139/1113 521/1138/1112 522/1140/1114
f 505/1139/1113 522/1140/1114 506/1141/1115
f 506/1141/1115 522/1140/1114 523/1142/1116
f 506/1141/1115 523/1142/1116 507/1143/1117
f 507/1143/1117 523/1142/1116 524/1144/1118
f 507/1143/1117 524/1144/1118 508/1145/1119
f 508/1145/1119 524/1144/1118 525/1146/1120
f 508/1145/1119 525/1146/1120 509/1147/1121
f 509/1147/1121 525/1146/1120 526/1148/1122
f 509/1147/1121 526/1148/1122 510/1149/1123
f 510/1149/1123 526/1148/1122 527/1150/1124
f 510/1149/1123 527/1150/1124 511/1151/1125
f 511/1151/1125 527/1150/1124 528/1152/1126
f 511/1151/1125 528/1152/1126 512/1084/1060
f 512/1084/1060 528/1152/1126 529/1085/1061
f 547/1153/1127 514/1154/1128 546/1155/1129
f 546/1155/1129 514/1154/1128 513/1156/1130
f 546/1157/1129 513/1158/1130 578/1159/1131
f 578/1159/1131 513/1158/1130 545/1160/1132
f 578/1159/1131 545/1160/1132 577/1161/1133
f 577/1161/1133 545/1160/1132 544/1162/1134
f 577/1161/1133 544/1162/1134 576/1163/1135
f 576/1163/1135 544/1162/1134 543/1164/1136
f 576/1163/1135 543/1164/1136 575/1165/1137
f 575/1165/1137 543/1164/1136 542/1166/1138
f 575/1165/1137 542/1166/1138 574/1167/1139
f 574/1167/1139 542/1166/1138 541/1168/1140
f 574/1167/1139 541/1168/1140 573/1169/1141
f 573/1169/1141 541/1168/1140 540/1170/1142
f 573/1169/1141 540/1170/1142 572/1171/1143
f 572/1171/1143 540/1170/1142 539/1172/1144
f 572/1171/1143 539/1172/1144 571/1173/1145
f 571/1173/1145 539/1172/1144 538/1174/1146
f 571/1173/1145 538/1174/1146 570/1175/1147
f 570/1175/1147 538/1174/1146 537/1176/1148
f 570/1175/1147 537/1176/1148 569/1177/1149
f 569/1177/1149 537/1176/1148 536/1178/1150
f 569/1177/1149 536/1178/1150 568/1179/1151
f 568/1179/1151 536/1178/1150 535/1180/1152
f 568/1179/1151 535/1180/1152 567/1181/1153
f 567/1181/1153 535/1180/1152 534/1182/1154
f 567/1181/1153 534/1182/1154 566/1183/1155
f 566/1183/1155 534/1182/1154 533/1184/1156
f 566/1183/1155 533/1184/1156 565/1185/1157
f 565/1185/1157 533/1184/1156 532/1186/1158
f 565/1185/1157 532/1186/1158 564/1187/1159
f 564/1187/1159 532/1186/1158 531/1188/1160
f 564/1187/1159 531/1188/1160 563/1189/1161
f 563/1189/1161 531/1188/1160 530/1190/1162
f 563/1189/1161 530/1190/1162 562/1191/1163
f 562/1191/1163 530/1190/1162 529/1192/1164
f 562/1191/1163 529/1192/1164 561/1193/1165
f 561/1193/1165 529/1192/1164 528/1194/1166
f 561/1193/1165 528/1194/1166 560/1195/1167
f 560/1195/1167 528/1194/1166 527/1196/1168
f 560/1195/1167 527/1196/1168 559/1197/1169
f 559/1197/1169 527/1196/1168 526/1198/1170
f 559/1197/1169 526/1198/1170 558/1199/1171
f 558/1199/1171 526/1198/1170 525/1200/1172
f 558/1199/1171 525/1200/1172 557/1201/1173
f 557/1201/1173 525/1200/1172 524/1202/1174
f 557/1201/1173 524/1202/1174 556/1203/1175
f 556/1203/1175 524/1202/1174 523/1204/1176
f 556/1203/1175 523/1204/1176 555/1205/1177
f 555/1205/1177 523/1204/1176 522/1206/1178
f 555/1205/1177 522/1206/1178 554/1207/1179
f 554/1207/1179 522/1206/1178 521/1208/1180
f 554/1207/1179 521/1208/1180 553/1209/1181
f 553/1209/1181 521/1208/1180 520/1210/1182
f 553/1209/1181 520/1210/1182 552/1211/1183
f 552/1211/1183 520/1210/1182 519/1212/1184
f 552/1211/1183 519/1212/1184 551/1213/1185
f 551/1213/1185 519/1212/1184 518/1214/1186
f 551/1213/1185 518/1214/1186 550/1215/1187
f 550/1215/1187 518/1214/1186 517/1216/1188
f 550/1215/1187 517/1216/1188 549/1217/1189
f 549/1217/1189 517/1216/1188 516/1218/1190
f 549/1217/1189 516/1218/1190 548/1219/1191
f 548/1219/1191 516/1218/1190 515/1220/1192
f 548/1219/1191 515/1220/1192 547/1153/1127
f 547/1153/1127 515/1220/1192 514/1154/1128
f 374/1221/1193 373/1222/1194 546/1223/1195
f 546/1224/1195 373/1225/1194 407/1226/1196
f 546/1224/1195 407/1226/1196 547/1227/1197
f 547/1227/1197 407/1226/1196 406/1228/1198
f 547/1227/1197 406/1228/1198 548/1229/1199
f 548/1229/1199 406/1228/1198 405/1230/1200
f 548/1229/1199 405/1230/1200 549/1231/1201
f 549/1231/1201 405/1230/1200 404/1232/1202
f 549/1231/1201 404/1232/1202 550/1233/1203
f 550/1233/1203 404/1232/1202 403/1234/1204
f 550/1233/1203 403/1234/1204 551/1235/1205
f 551/1235/1205 403/1234/1204 402/1236/1206
f 551/1235/1205 402/1236/1206 552/1237/1207
f 552/1237/1207 402/1236/1206 401/1238/1208
f 552/1237/1207 401/1238/1208 553/1239/1209
f 553/1239/1209 401/1238/1208 400/1240/1210
f 553/1239/1209 400/1240/1210 554/1241/1211
f 554/1241/1211 400/1240/1210 399/1242/1212
f 554/1241/1211 399/1242/1212 555/1243/1213
f 555/1243/1213 399/1242/1212 398/1244/1214
f 555/1243/1213 398/1244/1214 556/1245/1215
f 556/1245/1215 398/1244/1214 397/1246/1216
f 556/1245/1215 397/1246/1216 557/1247/1217
f 557/1247/1217 397/1246/1216 396/1248/1218
f 557/1247/1217 396/1248/1218 558/1249/1219
f 558/1249/1219 396/1248/1218 395/1250/1220
f 558/1249/1219 395/1250/1220 559/1251/1221
f 559/1251/1221 395/1250/1220 394/1252/1222
f 559/1251/1221 394/1252/1222 560/1253/1223
f 560/1253/1223 394/1252/1222 393/1254/1224
f 560/1253/1223 393/1254/1224 561/1255/1225
f 561/1255/1225 393/1254/1224 392/1256/1226
f 561/1255/1225 392/1256/1226 562/1257/1227
f 562/1257/1227 392/1256/1226 391/1258/1228
f 562/1257/1227 391/1258/1228 390/1259/1229
f 562/1257/1227 390/1259/1229 563/1260/1230
f 563/1260/1230 390/1259/1229 389/1261/1231
f 563/1260/1230 389/1261/1231 564/1262/1232
f 564/1262/1232 389/1261/1231 388/1263/1233
f 564/1262/1232 388/1263/1233 565/1264/1234
f 565/1264/1234 388/1263/1233 387/1265/1235
f 565/1264/1234 387/1265/1235 566/1266/1236
f 566/1266/1236 387/1265/1235 386/1267/1237
f 566/1266/1236 386/1267/1237 567/1268/1238
f 567/1268/1238 386/1267/1237 385/1269/1239
f 567/1268/1238 385/1269/1239 568/1270/1240
f 568/1270/1240 385/1269/1239 384/1271/1241
f 568/1270/1240 384/1271/1241 569/1272/1242
f 569/1272/1242 384/1271/1241 383/1273/1243
f 569/1272/1242 383/1273/1243 570/1274/1244
f 570/1274/1244 383/1273/1243 382/1275/1245
f 570/1274/1244 382/1275/1245 571/1276/1246
f 571/1276/1246 382/1275/1245 381/1277/1247
f 571/1276/1246 381/1277/1247 572/1278/1248
f 572/1278/1248 381/1277/1247 380/1279/1249
f 572/1278/1248 380/1279/1249 573/1280/1250
f 573/1280/1250 380/1279/1249 379/1281/1251
f 573/1280/1250 379/1281/1251 574/1282/1252
f 574/1282/1252 379/1281/1251 378/1283/1253
f 574/1282/1252 378/1283/1253 575/1284/1254
f 575/1284/1254 378/1283/1253 377/1285/1255
f 575/1284/1254 377/1285/1255 576/1286/1256
f 576/1286/1256 377/1285/1255 376/1287/1257
f 576/1286/1256 376/1287/1257 577/1288/1258
f 577/1288/1258 376/1287/1257 375/1289/1259
f 577/1288/1258 375/1289/1259 578/1290/1260
f 578/1290/1260 375/1289/1259 374/1221/1193
f 578/1290/1260 374/1221/1193 546/1223/1195
f 57/1291/1261 311/1292/1262 36/1293/1263
f 36/1293/1263 311/1292/1262 37/1294/1264
# 578 vertices
# 1294 texture params
# 1264 normals
# 1168 facets

# 1 groups
