# WaveFront *.obj file (generated by Autodesk ATF)

mtllib body148_visual.mtl

g Body148

v -26.830000 -1.824051 -1.536181
v -26.830000 -1.811756 -1.530817
v -26.830000 -1.801589 -1.522068
v -26.830000 -1.794452 -1.510710
v -26.830000 -1.790980 -1.497753
v -26.830000 -1.791482 -1.484349
v -26.830000 -1.795912 -1.471688
v -26.830000 -1.803878 -1.460895
v -26.830000 -1.814670 -1.452929
v -26.830000 -1.827331 -1.448499
v -26.830000 -1.840736 -1.447998
v -26.830000 -1.853693 -1.451469
v -26.830000 -1.865050 -1.458606
v -26.830000 -1.873800 -1.468773
v -26.830000 -1.879164 -1.481068
v -26.830000 -1.880666 -1.494397
v -26.830000 -1.878172 -1.507577
v -26.830000 -1.871904 -1.519437
v -26.830000 -1.862419 -1.528922
v -26.830000 -1.850560 -1.535189
v -26.830000 -1.837380 -1.537683
v -26.805000 -1.830521 -1.512033
v -26.805000 -1.839416 -1.512366
v -26.805000 -1.847574 -1.508807
v -26.805000 -1.853380 -1.502060
v -26.805000 -1.855683 -1.493463
v -26.805000 -1.854029 -1.484717
v -26.805000 -1.848743 -1.477555
v -26.805000 -1.840874 -1.473396
v -26.805000 -1.831979 -1.473063
v -26.805000 -1.823821 -1.476623
v -26.805000 -1.818015 -1.483369
v -26.805000 -1.815711 -1.491967
v -26.805000 -1.817366 -1.500713
v -26.805000 -1.822652 -1.507874
v -26.820433 -1.846852 -1.451086
v -26.812322 -1.845449 -1.456321
v -26.806903 -1.843350 -1.464155
v -26.820433 -1.818463 -1.532216
v -26.812322 -1.820630 -1.527249
v -26.806903 -1.823874 -1.519815
v -26.806903 -1.832387 -1.522096
v -26.812322 -1.831479 -1.530155
v -26.820433 -1.830872 -1.535541
v -26.820433 -1.807586 -1.525381
v -26.812322 -1.811121 -1.521273
v -26.806903 -1.816411 -1.515126
v -26.820433 -1.799206 -1.515644
v -26.812322 -1.803795 -1.512760
v -26.806903 -1.810662 -1.508445
v -26.820433 -1.794069 -1.503869
v -26.812322 -1.799304 -1.502466
v -26.806903 -1.807138 -1.500367
v -26.820433 -1.792631 -1.491103
v -26.812322 -1.798046 -1.491306
v -26.806903 -1.806151 -1.491609
v -26.820433 -1.795019 -1.478481
v -26.812322 -1.800134 -1.480271
v -26.806903 -1.807790 -1.482949
v -26.820433 -1.801022 -1.467123
v -26.812322 -1.805382 -1.470341
v -26.806903 -1.811908 -1.475157
v -26.820433 -1.810106 -1.458039
v -26.812322 -1.813324 -1.462399
v -26.806903 -1.818140 -1.468925
v -26.820433 -1.821463 -1.452036
v -26.812322 -1.823253 -1.457151
v -26.806903 -1.825932 -1.464807
v -26.820433 -1.834086 -1.449648
v -26.812322 -1.834289 -1.455063
v -26.806903 -1.834592 -1.463168
v -26.820433 -1.858626 -1.456223
v -26.812322 -1.855743 -1.460812
v -26.806903 -1.851428 -1.467680
v -26.820433 -1.868364 -1.464603
v -26.812322 -1.864256 -1.468138
v -26.806903 -1.858108 -1.473428
v -26.820433 -1.875198 -1.475481
v -26.812322 -1.870231 -1.477648
v -26.806903 -1.862797 -1.480891
v -26.820433 -1.878523 -1.487889
v -26.812322 -1.873138 -1.488496
v -26.806903 -1.865079 -1.489404
v -26.820433 -1.878043 -1.500727
v -26.812322 -1.872718 -1.499719
v -26.806903 -1.864749 -1.498212
v -26.820433 -1.873800 -1.512853
v -26.812322 -1.869009 -1.510320
v -26.806903 -1.861838 -1.506530
v -26.820433 -1.866172 -1.523189
v -26.812322 -1.862340 -1.519357
v -26.806903 -1.856604 -1.513622
v -26.820433 -1.855835 -1.530817
v -26.812322 -1.853303 -1.526026
v -26.806903 -1.849513 -1.518855
v -26.820433 -1.843710 -1.535060
v -26.812322 -1.842702 -1.529735
v -26.806903 -1.841194 -1.521766
v -27.305000 -1.847344 -1.449248
v -27.305000 -1.859639 -1.454612
v -27.305000 -1.869806 -1.463362
v -27.305000 -1.876943 -1.474720
v -27.305000 -1.880414 -1.487676
v -27.305000 -1.879913 -1.501081
v -27.305000 -1.875483 -1.513742
v -27.305000 -1.867517 -1.524534
v -27.305000 -1.856724 -1.532500
v -27.305000 -1.844063 -1.536930
v -27.305000 -1.830659 -1.537432
v -27.305000 -1.817702 -1.533960
v -27.305000 -1.806344 -1.526823
v -27.305000 -1.797595 -1.516656
v -27.305000 -1.792231 -1.504362
v -27.305000 -1.790729 -1.491032
v -27.305000 -1.793223 -1.477852
v -27.305000 -1.799490 -1.465993
v -27.305000 -1.808975 -1.456508
v -27.305000 -1.820835 -1.450240
v -27.305000 -1.834015 -1.447746
v -27.067500 -1.824051 -1.536181
v -27.067500 -1.837380 -1.537683
v -27.067500 -1.850560 -1.535189
v -27.067500 -1.862419 -1.528922
v -27.067500 -1.871904 -1.519437
v -27.067500 -1.878172 -1.507577
v -27.067500 -1.880666 -1.494397
v -27.067500 -1.879164 -1.481068
v -27.067500 -1.873800 -1.468773
v -27.067500 -1.865050 -1.458606
v -27.067500 -1.853693 -1.451469
v -27.067500 -1.840736 -1.447998
v -27.067500 -1.827331 -1.448499
v -27.067500 -1.814670 -1.452929
v -27.067500 -1.803878 -1.460895
v -27.067500 -1.795912 -1.471688
v -27.067500 -1.791482 -1.484349
v -27.067500 -1.790980 -1.497753
v -27.067500 -1.794452 -1.510710
v -27.067500 -1.801589 -1.522068
v -27.067500 -1.811756 -1.530817
v -27.757500 -1.819521 -1.666965
v -27.756653 -1.804829 -1.664971
v -27.755000 -1.790404 -1.661752
v -27.756653 -1.776302 -1.657327
v -27.757500 -1.762581 -1.651708
v -27.757500 -1.739178 -1.638691
v -27.757500 -1.718035 -1.622255
v -27.757500 -1.699648 -1.602785
v -27.757500 -1.684447 -1.580738
v -27.757500 -1.672787 -1.556630
v -27.758023 -1.682752 -1.577759
v -27.758567 -1.695441 -1.597372
v -27.759122 -1.710630 -1.615120
v -27.759677 -1.728047 -1.630687
v -27.760223 -1.747383 -1.643796
v -27.760751 -1.768293 -1.654212
v -27.761250 -1.790404 -1.661752
v -27.779937 -1.790402 -1.661758
v -27.780000 -1.804556 -1.664830
v -27.780000 -1.819521 -1.666965
v -27.780000 -1.845312 -1.667450
v -27.780000 -1.870893 -1.664139
v -27.780000 -1.895710 -1.657103
v -27.780000 -1.919223 -1.646495
v -27.780000 -1.940921 -1.632547
v -27.780000 -1.960333 -1.615560
v -27.780000 -1.977037 -1.595904
v -27.780000 -1.990670 -1.574007
v -27.780000 -2.000937 -1.550343
v -27.780000 -2.007613 -1.525427
v -27.780000 -2.010554 -1.499800
v -27.780000 -2.009696 -1.474020
v -27.780000 -2.005058 -1.448645
v -27.780000 -1.996740 -1.424228
v -27.780000 -1.984923 -1.401299
v -27.780000 -1.969864 -1.380356
v -27.780000 -1.951890 -1.361855
v -27.780000 -1.931391 -1.346196
v -27.780000 -1.908814 -1.333721
v -27.780000 -1.894786 -1.328088
v -27.779875 -1.880991 -1.323678
v -27.780000 -1.866839 -1.320599
v -27.780000 -1.851873 -1.318464
v -27.780000 -1.826083 -1.317979
v -27.780000 -1.800501 -1.321291
v -27.780000 -1.775684 -1.328327
v -27.780000 -1.752171 -1.338935
v -27.780000 -1.730472 -1.352884
v -27.780000 -1.711060 -1.369871
v -27.780000 -1.694356 -1.389527
v -27.780000 -1.680723 -1.411425
v -27.780000 -1.670457 -1.435090
v -27.780000 -1.663781 -1.460006
v -27.780000 -1.660841 -1.485633
v -27.780000 -1.661699 -1.511414
v -27.780000 -1.666338 -1.536789
v -27.780000 -1.674657 -1.561206
v -27.780000 -1.686475 -1.584135
v -27.780000 -1.701535 -1.605077
v -27.780000 -1.719510 -1.623579
v -27.780000 -1.740009 -1.639237
v -27.779681 -1.762587 -1.651711
v -27.778926 -1.745606 -1.642743
v -27.778477 -1.729733 -1.631986
v -27.778022 -1.715116 -1.619542
v -27.777564 -1.701933 -1.605551
v -27.777112 -1.690388 -1.590235
v -27.776669 -1.680586 -1.573743
v -27.776241 -1.672633 -1.556237
v -27.775830 -1.666660 -1.538008
v -27.775342 -1.662198 -1.515584
v -27.774828 -1.660697 -1.492708
v -27.774294 -1.662194 -1.469879
v -27.773751 -1.666651 -1.447455
v -27.773206 -1.674018 -1.425746
v -27.772672 -1.684136 -1.405227
v -27.772156 -1.696838 -1.386211
v -27.771663 -1.711954 -1.368971
v -27.771170 -1.729144 -1.353893
v -27.770661 -1.748148 -1.341189
v -27.770128 -1.768708 -1.331044
v -27.769584 -1.790374 -1.323686
v -27.769040 -1.812818 -1.319217
v -27.768505 -1.835696 -1.317715
v -27.767989 -1.858523 -1.319210
v -27.767500 -1.880990 -1.323678
v -27.767011 -1.902687 -1.331044
v -27.766494 -1.923242 -1.341186
v -27.765959 -1.942285 -1.353919
v -27.765414 -1.959510 -1.369040
v -27.764871 -1.974572 -1.386230
v -27.764338 -1.987257 -1.405224
v -27.763822 -1.997387 -1.425770
v -27.763331 -2.004734 -1.447421
v -27.762843 -2.009197 -1.469848
v -27.762328 -2.010697 -1.492726
v -27.761794 -2.009201 -1.515548
v -27.761251 -2.004745 -1.537968
v -27.760706 -1.997379 -1.559678
v -27.760172 -1.987262 -1.580196
v -27.759656 -1.974561 -1.599214
v -27.759165 -1.959441 -1.616458
v -27.758775 -1.945792 -1.628745
v -27.758368 -1.930915 -1.639543
v -27.757945 -1.914981 -1.648725
v -27.757509 -1.898416 -1.656107
v -27.757500 -1.872774 -1.663742
v -27.757500 -1.846271 -1.667395
v -27.757500 -1.809550 -1.307123
v -27.757500 -1.795483 -1.310222
v -27.757500 -1.781710 -1.314393
v -27.757500 -1.768290 -1.319619
v -27.757500 -1.755309 -1.325867
v -27.757500 -1.742862 -1.333091
v -27.757500 -1.731005 -1.341257
v -27.757500 -1.719264 -1.350789
v -27.757500 -1.706334 -1.363352
v -27.757500 -1.693781 -1.378366
v -27.757500 -1.681768 -1.396669
v -27.757500 -1.671553 -1.417553
v -27.757500 -1.664138 -1.439546
v -27.757500 -1.659622 -1.462355
v -27.757500 -1.658097 -1.485580
v -27.757500 -1.659595 -1.508805
v -27.757500 -1.661806 -1.522000
v -27.757500 -1.665955 -1.538197
v -27.757500 -1.535081 -1.590750
v -27.757500 -1.624373 -1.257505
v -27.757500 -1.953830 -1.345783
v -27.757059 -1.950973 -1.343532
v -27.756403 -1.949656 -1.342523
v -27.755858 -1.949064 -1.342075
v -27.755505 -1.948849 -1.341914
v -27.755071 -1.948740 -1.341832
v -27.755000 -1.948386 -1.341736
v -27.755000 -2.132131 -1.390971
v -27.756250 -2.132045 -1.391294
v -27.757165 -2.131808 -1.392178
v -27.757500 -2.131484 -1.393385
v -27.757165 -1.974312 -1.349977
v -27.757165 -2.000561 -1.357011
v -27.757165 -2.026811 -1.364044
v -27.757165 -2.053060 -1.371078
v -27.757165 -2.079309 -1.378111
v -27.757165 -2.105559 -1.385145
v -27.756250 -1.974549 -1.349093
v -27.756250 -2.000798 -1.356127
v -27.756250 -2.027048 -1.363160
v -27.756250 -2.053297 -1.370194
v -27.756250 -2.079546 -1.377227
v -27.756250 -2.105795 -1.384261
v -27.757500 -1.972301 -1.362777
v -27.757500 -1.966397 -1.356841
v -27.757500 -1.960236 -1.351172
v -27.757500 -2.042192 -1.726630
v -27.757500 -1.911875 -1.651186
v -27.757500 -1.926343 -1.644161
v -27.757500 -1.934572 -1.639208
v -27.757500 -1.943790 -1.632946
v -27.757500 -1.953189 -1.625758
v -27.757500 -1.961490 -1.618508
v -27.757500 -1.972927 -1.606845
v -27.757500 -1.981702 -1.596249
v -27.757500 -1.994519 -1.577153
v -27.757500 -2.004740 -1.556770
v -27.757500 -2.012330 -1.535240
v -27.757500 -2.017161 -1.512888
v -27.757500 -2.019139 -1.490172
v -27.757500 -2.018250 -1.467370
v -27.757500 -2.014493 -1.444807
v -27.757500 -2.007815 -1.422425
v -27.757500 -1.998470 -1.401134
v -27.757500 -1.986569 -1.381145
v -27.755000 -1.826879 -1.309178
v -27.756757 -1.816894 -1.307250
v -27.757300 -1.812661 -1.306942
v -27.757165 -1.624697 -1.256298
v -27.756250 -1.624934 -1.255414
v -27.755000 -1.625020 -1.255091
v -27.756250 -1.801560 -1.302741
v -27.756250 -1.776327 -1.295980
v -27.756250 -1.751095 -1.289219
v -27.756250 -1.725863 -1.282458
v -27.756250 -1.700631 -1.275697
v -27.756250 -1.675398 -1.268936
v -27.756250 -1.650166 -1.262175
v -27.757165 -1.801323 -1.303625
v -27.757165 -1.776091 -1.296864
v -27.757165 -1.750858 -1.290103
v -27.757165 -1.725626 -1.283342
v -27.757165 -1.700394 -1.276581
v -27.757165 -1.675161 -1.269820
v -27.757165 -1.649929 -1.263059
v -27.750009 -1.914859 -1.332753
v -27.748750 -1.880991 -1.323678
v -27.750649 -1.853793 -1.316390
v -27.330000 -1.625020 -1.255091
v -27.330000 -2.132131 -1.390971
v -27.780000 -1.486784 -1.577809
v -27.780000 -1.576077 -1.244564
v -27.755000 -1.534434 -1.593165
v -27.756250 -1.534520 -1.592841
v -27.757165 -1.534757 -1.591957
v -27.757165 -1.765131 -1.653686
v -27.757165 -1.739534 -1.646827
v -27.757165 -1.713936 -1.639968
v -27.757165 -1.688339 -1.633109
v -27.757165 -1.662742 -1.626251
v -27.757165 -1.637145 -1.619392
v -27.757165 -1.611548 -1.612533
v -27.757165 -1.585951 -1.605675
v -27.757165 -1.560354 -1.598816
v -27.756250 -1.764894 -1.654569
v -27.756250 -1.739297 -1.647711
v -27.756250 -1.713700 -1.640852
v -27.756250 -1.688103 -1.633993
v -27.756250 -1.662506 -1.627135
v -27.756250 -1.636909 -1.620276
v -27.756250 -1.611312 -1.613417
v -27.756250 -1.585714 -1.606559
v -27.756250 -1.560117 -1.599700
v -27.330000 -1.480314 -1.601957
v -27.320433 -1.480807 -1.600119
v -27.312322 -1.482209 -1.594884
v -27.306903 -1.484308 -1.587050
v -27.305000 -1.486784 -1.577809
v -27.305000 -2.042192 -1.726630
v -27.306903 -2.039716 -1.735871
v -27.312322 -2.037617 -1.743705
v -27.320433 -2.036214 -1.748940
v -27.330000 -2.035721 -1.750778
v -27.320433 -1.665942 -1.649726
v -27.320433 -1.851078 -1.699333
v -27.312322 -1.667345 -1.644491
v -27.312322 -1.852481 -1.694098
v -27.306903 -1.669444 -1.636657
v -27.306903 -1.854580 -1.686264
v -27.305000 -1.576077 -1.244564
v -27.305000 -2.131484 -1.393385
v -27.306903 -1.578553 -1.235323
v -27.312322 -1.580652 -1.227489
v -27.320433 -1.582055 -1.222254
v -27.330000 -1.582548 -1.220416
v -27.330000 -2.137955 -1.369237
v -27.320433 -2.137462 -1.371075
v -27.312322 -2.136060 -1.376310
v -27.306903 -2.133961 -1.384144
v -27.306903 -1.763689 -1.284930
v -27.306903 -1.948825 -1.334537
v -27.312322 -1.765788 -1.277096
v -27.312322 -1.950924 -1.326703
v -27.320433 -1.767191 -1.271861
v -27.320433 -1.952327 -1.321468
v -27.755000 -1.582548 -1.220416
v -27.755000 -2.137955 -1.369237
v -27.780000 -2.131484 -1.393385
v -27.778097 -2.133961 -1.384144
v -27.772678 -2.136060 -1.376310
v -27.764567 -2.137462 -1.371075
v -27.764567 -1.582055 -1.222254
v -27.772678 -1.580652 -1.227489
v -27.778097 -1.578553 -1.235323
v -27.778097 -1.948825 -1.334537
v -27.778097 -1.763689 -1.284930
v -27.772678 -1.950924 -1.326703
v -27.772678 -1.765788 -1.277096
v -27.764567 -1.952327 -1.321468
v -27.764567 -1.767191 -1.271861
v -27.780000 -2.042192 -1.726630
v -27.779801 -1.780947 -1.658933
v -27.779715 -1.771666 -1.655580
v -27.778097 -1.484308 -1.587050
v -27.772678 -1.482209 -1.594884
v -27.764567 -1.480807 -1.600119
v -27.755000 -1.480314 -1.601957
v -27.755000 -2.035721 -1.750778
v -27.764567 -2.036214 -1.748940
v -27.772678 -2.037617 -1.743705
v -27.778097 -2.039716 -1.735871
v -27.778097 -1.669444 -1.636657
v -27.778097 -1.854580 -1.686264
v -27.772678 -1.667345 -1.644491
v -27.772678 -1.852481 -1.694098
v -27.764567 -1.665942 -1.649726
v -27.764567 -1.851078 -1.699333
v -27.327500 -2.042192 -1.726630
v -27.327835 -2.041868 -1.727837
v -27.328750 -2.041631 -1.728721
v -27.330000 -2.041545 -1.729045
v -27.755000 -2.041545 -1.729045
v -27.756250 -2.041631 -1.728721
v -27.757165 -2.041868 -1.727837
v -27.328750 -2.132045 -1.391294
v -27.327835 -2.131808 -1.392178
v -27.327500 -2.131484 -1.393385
v -27.327500 -1.535081 -1.590750
v -27.327835 -1.534757 -1.591957
v -27.328750 -1.534520 -1.592841
v -27.330000 -1.534434 -1.593165
v -27.327835 -1.561447 -1.599109
v -27.327835 -1.588137 -1.606260
v -27.327835 -1.614827 -1.613412
v -27.327835 -1.641517 -1.620564
v -27.327835 -1.668208 -1.627715
v -27.327835 -1.694898 -1.634867
v -27.327835 -1.721588 -1.642018
v -27.327835 -1.748278 -1.649170
v -27.327835 -1.774968 -1.656321
v -27.327835 -1.801658 -1.663473
v -27.327835 -1.828348 -1.670625
v -27.327835 -1.855038 -1.677776
v -27.327835 -1.881728 -1.684928
v -27.327835 -1.908418 -1.692079
v -27.327835 -1.935108 -1.699231
v -27.327835 -1.961798 -1.706383
v -27.327835 -1.988488 -1.713534
v -27.327835 -2.015178 -1.720686
v -27.328750 -1.561210 -1.599993
v -27.328750 -1.587901 -1.607144
v -27.328750 -1.614591 -1.614296
v -27.328750 -1.641281 -1.621447
v -27.328750 -1.667971 -1.628599
v -27.328750 -1.694661 -1.635751
v -27.328750 -1.721351 -1.642902
v -27.328750 -1.748041 -1.650054
v -27.328750 -1.774731 -1.657205
v -27.328750 -1.801421 -1.664357
v -27.328750 -1.828111 -1.671508
v -27.328750 -1.854801 -1.678660
v -27.328750 -1.881491 -1.685812
v -27.328750 -1.908181 -1.692963
v -27.328750 -1.934871 -1.700115
v -27.328750 -1.961561 -1.707266
v -27.328750 -1.988251 -1.714418
v -27.328750 -2.014941 -1.721570
v -27.756250 -1.815605 -1.668157
v -27.756250 -1.840719 -1.674887
v -27.756250 -1.865833 -1.681616
v -27.756250 -1.890947 -1.688345
v -27.756250 -1.916061 -1.695075
v -27.756250 -1.941175 -1.701804
v -27.756250 -1.966289 -1.708533
v -27.756250 -1.991403 -1.715263
v -27.756250 -2.016517 -1.721992
v -27.757165 -1.815842 -1.667274
v -27.757165 -1.840956 -1.674003
v -27.757165 -1.866070 -1.680732
v -27.757165 -1.891184 -1.687461
v -27.757165 -1.916298 -1.694191
v -27.757165 -1.941412 -1.700920
v -27.757165 -1.966526 -1.707649
v -27.757165 -1.991640 -1.714379
v -27.757165 -2.016754 -1.721108
v -27.328750 -1.624934 -1.255414
v -27.327835 -1.624697 -1.256298
v -27.327500 -1.624373 -1.257505
v -27.328750 -1.651624 -1.262566
v -27.328750 -1.678314 -1.269717
v -27.328750 -1.705004 -1.276869
v -27.328750 -1.731694 -1.284020
v -27.328750 -1.758384 -1.291172
v -27.328750 -1.785074 -1.298324
v -27.328750 -1.811764 -1.305475
v -27.328750 -1.838454 -1.312627
v -27.328750 -1.865144 -1.319778
v -27.328750 -1.891834 -1.326930
v -27.328750 -1.918524 -1.334082
v -27.328750 -1.945214 -1.341233
v -27.328750 -1.971904 -1.348385
v -27.328750 -1.998594 -1.355536
v -27.328750 -2.025285 -1.362688
v -27.328750 -2.051975 -1.369839
v -27.328750 -2.078665 -1.376991
v -27.328750 -2.105355 -1.384143
v -27.327835 -1.651387 -1.263450
v -27.327835 -1.678077 -1.270601
v -27.327835 -1.704767 -1.277753
v -27.327835 -1.731457 -1.284904
v -27.327835 -1.758147 -1.292056
v -27.327835 -1.784837 -1.299207
v -27.327835 -1.811527 -1.306359
v -27.327835 -1.838217 -1.313511
v -27.327835 -1.864907 -1.320662
v -27.327835 -1.891597 -1.327814
v -27.327835 -1.918287 -1.334965
v -27.327835 -1.944978 -1.342117
v -27.327835 -1.971668 -1.349269
v -27.327835 -1.998358 -1.356420
v -27.327835 -2.025048 -1.363572
v -27.327835 -2.051738 -1.370723
v -27.327835 -2.078428 -1.377875
v -27.327835 -2.105118 -1.385026
v -27.758083 -1.952818 -1.344975
v -27.758651 -1.931222 -1.330175
v -27.759191 -1.908206 -1.318684
v -27.759688 -1.884493 -1.310607
v -27.760161 -1.861042 -1.305894
v -27.760674 -1.836558 -1.304185
v -27.761215 -1.811627 -1.305726
v -27.761771 -1.786902 -1.310607
v -27.762327 -1.763049 -1.318742
v -27.762868 -1.740687 -1.329873
v -27.763381 -1.720338 -1.343596
v -27.763854 -1.702385 -1.359403
v -27.764328 -1.686579 -1.377355
v -27.764841 -1.672856 -1.397705
v -27.765382 -1.661725 -1.420066
v -27.765938 -1.653590 -1.443919
v -27.766493 -1.648709 -1.468644
v -27.767034 -1.647168 -1.493575
v -27.767547 -1.648877 -1.518060
v -27.768021 -1.653590 -1.541510
v -27.768494 -1.661234 -1.564176
v -27.769007 -1.671996 -1.586234
v -27.769548 -1.685796 -1.607055
v -27.770104 -1.702385 -1.626027
v -27.770660 -1.721357 -1.642616
v -27.771201 -1.742178 -1.656416
v -27.771714 -1.764237 -1.667178
v -27.772188 -1.786902 -1.674822
v -27.769063 -1.786902 -1.674822
v -27.768589 -1.764237 -1.667178
v -27.768076 -1.742178 -1.656416
v -27.767535 -1.721357 -1.642616
v -27.766979 -1.702385 -1.626027
v -27.766423 -1.685796 -1.607055
v -27.765882 -1.671996 -1.586234
v -27.765369 -1.661234 -1.564176
v -27.764896 -1.653590 -1.541510
v -27.764422 -1.648877 -1.518060
v -27.763909 -1.647168 -1.493575
v -27.763368 -1.648709 -1.468644
v -27.762813 -1.653590 -1.443919
v -27.762257 -1.661725 -1.420066
v -27.761716 -1.672856 -1.397705
v -27.761203 -1.686579 -1.377355
v -27.760729 -1.702385 -1.359403
v -27.760256 -1.720338 -1.343596
v -27.759743 -1.740687 -1.329873
v -27.759202 -1.763049 -1.318742
v -27.758646 -1.786902 -1.310607
v -27.758090 -1.811627 -1.305726
v -27.757549 -1.836558 -1.304185
v -27.757036 -1.861042 -1.305894
v -27.756563 -1.884493 -1.310607
v -27.756219 -1.901159 -1.315913
v -27.755853 -1.917588 -1.322897
v -27.755469 -1.933532 -1.331554
v -27.761512 -1.964258 -1.364226
v -27.759901 -2.003941 -1.423929
v -27.760957 -1.980216 -1.382480
v -27.760416 -1.993521 -1.402553
v -27.759430 -2.011265 -1.445671
v -27.758956 -2.015809 -1.468280
v -27.758443 -2.017457 -1.491885
v -27.757902 -2.015971 -1.515921
v -27.762069 -1.945932 -1.348196
v -27.762610 -1.925859 -1.334892
v -27.763123 -1.904592 -1.324516
v -27.764070 -1.860132 -1.312603
v -27.763596 -1.882740 -1.317147
v -27.764583 -1.836527 -1.310955
v -27.765124 -1.812491 -1.312441
v -27.765680 -1.788638 -1.317151
v -27.766235 -1.765658 -1.324990
v -27.766776 -1.744099 -1.335721
v -27.767289 -1.724481 -1.348951
v -27.768237 -1.691934 -1.381498
v -27.767763 -1.707173 -1.364190
v -27.768749 -1.678704 -1.401117
v -27.769291 -1.667972 -1.422675
v -27.769847 -1.660125 -1.445689
v -27.770402 -1.655423 -1.469508
v -27.770943 -1.653938 -1.493544
v -27.771456 -1.655586 -1.517149
v -27.772403 -1.667499 -1.561609
v -27.771930 -1.660129 -1.539758
v -27.772916 -1.677874 -1.582876
v -27.773457 -1.691179 -1.602949
v -27.774013 -1.707173 -1.621239
v -27.774571 -1.725551 -1.637300
v -27.775110 -1.745536 -1.650538
v -27.775623 -1.766803 -1.660913
v -27.752311 -1.898809 -1.322260
v -27.761462 -1.667497 -1.561610
v -27.760988 -1.660128 -1.539759
v -27.760514 -1.655584 -1.517150
v -27.760001 -1.653936 -1.493544
v -27.759460 -1.655422 -1.469508
v -27.758905 -1.660128 -1.445671
v -27.758349 -1.667971 -1.422674
v -27.757808 -1.678702 -1.401116
v -27.753641 -1.836527 -1.310953
v -27.753128 -1.860132 -1.312602
v -27.752655 -1.882741 -1.317145
v -27.751945 -1.914648 -1.328993
v -27.761975 -1.677873 -1.582877
v -27.762516 -1.691178 -1.602950
v -27.763071 -1.707171 -1.621241
v -27.763627 -1.725462 -1.637235
v -27.764168 -1.745535 -1.650539
v -27.764681 -1.766802 -1.660915
vt 0.000000 0.011273 0.000000
vt -0.009817 0.005637 0.000000
vt 0.000000 0.000000 0.000000
vt -0.009817 -0.005637 0.000000
vt 0.000000 -0.011273 0.000000
vt -0.009817 -0.016910 0.000000
vt 0.000000 -0.022546 0.000000
vt -0.009817 -0.028183 0.000000
vt -0.000000 -0.033819 0.000000
vt -0.009817 -0.039456 0.000000
vt -0.000000 -0.045093 0.000000
vt -0.009817 -0.050729 0.000000
vt -0.000000 -0.056366 0.000000
vt -0.009817 -0.062002 0.000000
vt -0.000000 -0.067639 0.000000
vt -0.009817 -0.073275 0.000000
vt -0.000000 -0.078912 0.000000
vt -0.009817 -0.084548 0.000000
vt -0.000000 -0.090185 0.000000
vt -0.009817 -0.095822 0.000000
vt -0.000000 -0.101458 0.000000
vt -0.009817 -0.107095 0.000000
vt -0.000000 -0.112731 0.000000
vt -0.009817 -0.118368 0.000000
vt -0.000000 -0.124004 0.000000
vt -0.000000 0.112731 0.000000
vt -0.009817 0.118368 0.000000
vt -0.009817 0.107095 0.000000
vt -0.000000 0.101458 0.000000
vt -0.009817 0.095822 0.000000
vt 0.000000 0.090185 0.000000
vt -0.009817 0.084548 0.000000
vt 0.000000 0.078912 0.000000
vt -0.009817 0.073275 0.000000
vt 0.000000 0.067639 0.000000
vt -0.009817 0.062002 0.000000
vt 0.000000 0.056366 0.000000
vt -0.009817 0.050729 0.000000
vt 0.000000 0.045093 0.000000
vt -0.009817 0.039456 0.000000
vt 0.000000 0.033819 0.000000
vt -0.009817 0.028183 0.000000
vt 0.000000 0.022546 0.000000
vt -0.009817 0.016910 0.000000
vt -0.039270 -0.016910 0.000000
vt -0.029452 -0.005637 0.000000
vt -0.039270 -0.000000 0.000000
vt -0.029452 0.005637 0.000000
vt -0.039270 0.016910 0.000000
vt -0.029452 0.016910 0.000000
vt -0.029452 0.028183 0.000000
vt -0.019635 0.016910 0.000000
vt -0.019635 0.028183 0.000000
vt -0.039270 -0.033819 0.000000
vt -0.029452 -0.028183 0.000000
vt -0.029452 -0.016910 0.000000
vt -0.019635 -0.016910 0.000000
vt -0.019635 -0.005637 0.000000
vt -0.029452 -0.039456 0.000000
vt -0.039270 -0.050729 0.000000
vt -0.029452 -0.050729 0.000000
vt -0.029452 -0.062002 0.000000
vt -0.019635 -0.062002 0.000000
vt -0.019635 -0.073275 0.000000
vt -0.039270 -0.067639 0.000000
vt -0.029452 -0.073275 0.000000
vt -0.019635 -0.084548 0.000000
vt -0.039270 -0.084548 0.000000
vt -0.029452 -0.084548 0.000000
vt -0.019635 -0.095822 0.000000
vt -0.029452 -0.095822 0.000000
vt -0.039270 -0.101458 0.000000
vt -0.029452 -0.107095 0.000000
vt -0.039270 -0.118368 0.000000
vt -0.029452 -0.118368 0.000000
vt -0.029452 0.118368 0.000000
vt -0.039270 0.118368 0.000000
vt -0.029452 0.107095 0.000000
vt -0.019635 0.107095 0.000000
vt -0.019635 0.095822 0.000000
vt -0.039270 0.101458 0.000000
vt -0.029452 0.095822 0.000000
vt -0.019635 0.084548 0.000000
vt -0.039270 0.084548 0.000000
vt -0.029452 0.084548 0.000000
vt -0.019635 0.073275 0.000000
vt -0.029452 0.073275 0.000000
vt -0.039270 0.067639 0.000000
vt -0.029452 0.062002 0.000000
vt -0.039270 0.050729 0.000000
vt -0.029452 0.050729 0.000000
vt -0.029452 0.039456 0.000000
vt -0.019635 0.039456 0.000000
vt -0.039270 0.033819 0.000000
vt -0.019635 0.118368 0.000000
vt -0.019635 -0.118368 0.000000
vt -0.019635 -0.107095 0.000000
vt -0.019635 0.005637 0.000000
vt -0.019635 0.050729 0.000000
vt -0.019635 0.062002 0.000000
vt -0.019635 -0.050729 0.000000
vt -0.019635 -0.039456 0.000000
vt -0.019635 -0.028183 0.000000
vt -0.025000 -0.127908 0.000000
vt -0.262500 -0.127908 0.000000
vt -0.025000 -0.141372 0.000000
vt -0.262500 -0.141372 0.000000
vt -0.025000 0.141372 0.000000
vt -0.262500 0.141372 0.000000
vt -0.025000 0.127908 0.000000
vt -0.262500 0.127908 0.000000
vt -0.025000 0.114444 0.000000
vt -0.262500 0.114444 0.000000
vt -0.025000 0.100980 0.000000
vt -0.262500 0.100980 0.000000
vt -0.025000 0.087516 0.000000
vt -0.262500 0.087516 0.000000
vt -0.025000 0.074052 0.000000
vt -0.262500 0.074052 0.000000
vt -0.025000 0.060588 0.000000
vt -0.262500 0.060588 0.000000
vt -0.025000 0.047124 0.000000
vt -0.262500 0.047124 0.000000
vt -0.025000 0.033660 0.000000
vt -0.262500 0.033660 0.000000
vt -0.025000 0.020196 0.000000
vt -0.262500 0.020196 0.000000
vt -0.025000 0.006732 0.000000
vt -0.262500 0.006732 0.000000
vt -0.025000 -0.006732 0.000000
vt -0.262500 -0.006732 0.000000
vt -0.025000 -0.020196 0.000000
vt -0.262500 -0.020196 0.000000
vt -0.025000 -0.033660 0.000000
vt -0.262500 -0.033660 0.000000
vt -0.025000 -0.047124 0.000000
vt -0.262500 -0.047124 0.000000
vt -0.025000 -0.060588 0.000000
vt -0.262500 -0.060588 0.000000
vt -0.025000 -0.074052 0.000000
vt -0.262500 -0.074052 0.000000
vt -0.025000 -0.087516 0.000000
vt -0.262500 -0.087516 0.000000
vt -0.025000 -0.100980 0.000000
vt -0.262500 -0.100980 0.000000
vt -0.025000 -0.114444 0.000000
vt -0.262500 -0.114444 0.000000
vt -0.500000 -0.013464 0.000000
vt -0.500000 0.000000 0.000000
vt -0.500000 0.013464 0.000000
vt -0.500000 0.026928 0.000000
vt -0.500000 0.040392 0.000000
vt -0.500000 0.053856 0.000000
vt -0.500000 0.067320 0.000000
vt -0.500000 0.080784 0.000000
vt -0.500000 0.094248 0.000000
vt -0.500000 0.107712 0.000000
vt -0.500000 0.121176 0.000000
vt -0.500000 0.134640 0.000000
vt -0.500000 0.148104 0.000000
vt -0.500000 -0.134640 0.000000
vt -0.500000 -0.121176 0.000000
vt -0.500000 -0.107712 0.000000
vt -0.500000 -0.094248 0.000000
vt -0.500000 -0.080784 0.000000
vt -0.500000 -0.067320 0.000000
vt -0.500000 -0.053856 0.000000
vt -0.500000 -0.040392 0.000000
vt -0.500000 -0.026928 0.000000
vt 0.451753 -0.534994 0.000000
vt 0.475100 -0.520163 0.000000
vt 0.452600 -0.520163 0.000000
vt 0.475100 -0.494345 0.000000
vt 0.452600 -0.493383 0.000000
vt 0.475100 -0.468526 0.000000
vt 0.452600 -0.466604 0.000000
vt 0.475100 -0.442708 0.000000
vt 0.452609 -0.439824 0.000000
vt 0.453045 -0.421682 0.000000
vt 0.475100 -0.416890 0.000000
vt 0.453468 -0.403284 0.000000
vt 0.475100 -0.391072 0.000000
vt 0.453875 -0.384892 0.000000
vt 0.475100 -0.365253 0.000000
vt 0.454265 -0.366519 0.000000
vt 0.454756 -0.343568 0.000000
vt 0.475100 -0.339435 0.000000
vt 0.455272 -0.320683 0.000000
vt 0.475100 -0.313617 0.000000
vt 0.455806 -0.297790 0.000000
vt 0.475100 -0.287798 0.000000
vt 0.456351 -0.274848 0.000000
vt 0.475100 -0.261980 0.000000
vt 0.456894 -0.251973 0.000000
vt 0.475100 -0.236162 0.000000
vt 0.457428 -0.229086 0.000000
vt 0.475100 -0.210344 0.000000
vt 0.457943 -0.206142 0.000000
vt 0.475100 -0.184525 0.000000
vt 0.458431 -0.183260 0.000000
vt 0.458922 -0.160379 0.000000
vt 0.475100 -0.158707 0.000000
vt 0.459438 -0.137456 0.000000
vt 0.475100 -0.132889 0.000000
vt 0.459971 -0.114599 0.000000
vt 0.475100 -0.107071 0.000000
vt 0.460514 -0.091727 0.000000
vt 0.475100 -0.081252 0.000000
vt 0.461059 -0.068791 0.000000
vt 0.475100 -0.055434 0.000000
vt 0.461594 -0.045867 0.000000
vt 0.475100 -0.029616 0.000000
vt 0.462111 -0.022929 0.000000
vt 0.475100 -0.014491 0.000000
vt 0.462600 0.000001 0.000000
vt 0.474975 0.000000 0.000000
vt 0.475100 0.014491 0.000000
vt 0.450100 -0.549779 0.000000
vt 0.456350 -0.549779 0.000000
vt 0.475100 -0.535288 0.000000
vt 0.450100 0.549779 0.000000
vt 0.451753 0.534994 0.000000
vt 0.456350 0.549779 0.000000
vt 0.455851 0.526400 0.000000
vt 0.452600 0.520163 0.000000
vt 0.455323 0.503022 0.000000
vt 0.452600 0.493357 0.000000
vt 0.454777 0.479644 0.000000
vt 0.452600 0.466551 0.000000
vt 0.454222 0.456267 0.000000
vt 0.452600 0.439745 0.000000
vt 0.453667 0.432889 0.000000
vt 0.452600 0.412939 0.000000
vt 0.453123 0.409512 0.000000
vt 0.452600 0.386133 0.000000
vt 0.475037 -0.549779 0.000000
vt 0.463089 0.022924 0.000000
vt 0.475100 0.029616 0.000000
vt 0.463605 0.045816 0.000000
vt 0.475100 0.055434 0.000000
vt 0.464140 0.068760 0.000000
vt 0.475100 0.081253 0.000000
vt 0.464684 0.091661 0.000000
vt 0.475100 0.107072 0.000000
vt 0.465228 0.114559 0.000000
vt 0.475100 0.132890 0.000000
vt 0.465761 0.137501 0.000000
vt 0.475100 0.158709 0.000000
vt 0.466270 0.160377 0.000000
vt 0.475100 0.184528 0.000000
vt 0.466763 0.183260 0.000000
vt 0.467256 0.206204 0.000000
vt 0.475100 0.210346 0.000000
vt 0.467772 0.229089 0.000000
vt 0.475100 0.236165 0.000000
vt 0.468306 0.251983 0.000000
vt 0.475100 0.261984 0.000000
vt 0.468851 0.274924 0.000000
vt 0.475100 0.287802 0.000000
vt 0.469394 0.297803 0.000000
vt 0.475100 0.313621 0.000000
vt 0.469928 0.320697 0.000000
vt 0.475100 0.339439 0.000000
vt 0.470442 0.343639 0.000000
vt 0.475100 0.365258 0.000000
vt 0.470930 0.366519 0.000000
vt 0.471341 0.385712 0.000000
vt 0.475100 0.391077 0.000000
vt 0.471769 0.404949 0.000000
vt 0.475100 0.416895 0.000000
vt 0.472212 0.424143 0.000000
vt 0.475100 0.442714 0.000000
vt 0.472664 0.443332 0.000000
vt 0.473122 0.462566 0.000000
vt 0.475100 0.468533 0.000000
vt 0.473577 0.481772 0.000000
vt 0.475100 0.494351 0.000000
vt 0.474026 0.500957 0.000000
vt 0.474781 0.520170 0.000000
vt -0.000000 -0.796146 0.000000
vt 0.006634 -0.783360 0.000000
vt -0.000000 -0.604437 0.000000
vt 0.014228 -0.771135 0.000000
vt 0.022748 -0.759526 0.000000
vt 0.032143 -0.748604 0.000000
vt 0.042343 -0.738451 0.000000
vt 0.053299 -0.729111 0.000000
vt 0.065546 -0.720238 0.000000
vt 0.081027 -0.711000 0.000000
vt 0.098778 -0.702760 0.000000
vt 0.119567 -0.695894 0.000000
vt 0.142383 -0.691432 0.000000
vt 0.165546 -0.689962 0.000000
vt 0.345000 -0.604437 0.000000
vt 0.188746 -0.691503 0.000000
vt 0.211574 -0.696041 0.000000
vt 0.233621 -0.703500 0.000000
vt 0.245794 -0.709050 0.000000
vt 0.260366 -0.717249 0.000000
vt 0.276402 -0.728620 0.000000
vt 0.296671 -0.746122 0.000000
vt 0.314032 -0.766511 0.000000
vt 0.328079 -0.789311 0.000000
vt 0.338483 -0.813987 0.000000
vt 0.345000 -0.839962 0.000000
vt 0.942173 0.002406 0.000000
vt 0.966385 0.002618 0.000000
vt 0.945515 0.003927 0.000000
vt 0.993560 0.002618 0.000000
vt 1.020736 0.002618 0.000000
vt 1.020736 0.001309 0.000000
vt 1.047911 0.001309 0.000000
vt 1.129437 -0.000000 0.000000
vt 1.075086 0.001309 0.000000
vt 1.102261 0.001309 0.000000
vt 1.075086 0.002618 0.000000
vt 1.102261 0.002618 0.000000
vt 1.129437 0.003927 0.000000
vt 1.129437 0.002618 0.000000
vt 1.129437 0.001309 0.000000
vt 0.966385 0.001309 0.000000
vt 0.940639 0.001490 0.000000
vt 0.939952 0.000876 0.000000
vt 0.939702 0.000509 0.000000
vt 0.993560 0.001309 0.000000
vt 0.939576 0.000071 0.000000
vt 0.939210 0.000000 0.000000
vt 1.047911 0.002618 0.000000
vt 0.025683 -0.986291 0.000000
vt 0.011634 -0.967755 0.000000
vt -0.000000 -1.129437 0.000000
vt 0.007428 -0.960516 0.000000
vt 0.003548 -0.953098 0.000000
vt -0.000000 -0.945515 0.000000
vt 0.345000 -1.129437 0.000000
vt 0.167860 -1.051057 0.000000
vt 0.145020 -1.049938 0.000000
vt 0.122565 -1.045970 0.000000
vt 0.345000 -0.898911 0.000000
vt 0.338491 -0.924861 0.000000
vt 0.328103 -0.949515 0.000000
vt 0.314092 -0.972308 0.000000
vt 0.305856 -0.984034 0.000000
vt 0.295325 -0.996191 0.000000
vt 0.288411 -1.002857 0.000000
vt 0.279976 -1.010140 0.000000
vt 0.270601 -1.017358 0.000000
vt 0.261450 -1.023501 0.000000
vt 0.247224 -1.031529 0.000000
vt 0.234718 -1.037263 0.000000
vt 0.212955 -1.044700 0.000000
vt 0.190621 -1.049298 0.000000
vt 0.100771 -1.039210 0.000000
vt 0.079949 -1.029740 0.000000
vt 0.060058 -1.017497 0.000000
vt 0.041912 -1.002960 0.000000
vt 0.803273 0.001948 0.000000
vt 0.787293 0.001309 0.000000
vt 0.813416 0.000000 0.000000
vt 0.761171 0.001309 0.000000
vt 0.735049 0.001309 0.000000
vt 0.735049 0.002618 0.000000
vt 0.708926 0.002618 0.000000
vt 0.604437 0.003927 0.000000
vt 0.682804 0.002618 0.000000
vt 0.656681 0.002618 0.000000
vt 0.682804 0.001309 0.000000
vt 0.656681 0.001309 0.000000
vt 0.604437 0.000000 0.000000
vt 0.630559 0.001309 0.000000
vt 0.604437 0.001309 0.000000
vt 0.604437 0.002618 0.000000
vt 0.630559 0.002618 0.000000
vt 0.787293 0.002618 0.000000
vt 0.799104 0.002919 0.000000
vt 0.761171 0.002618 0.000000
vt 0.796146 0.003927 0.000000
vt 0.708926 0.001309 0.000000
vt 0.425000 -1.129437 0.000000
vt 0.425000 -0.939210 0.000000
vt -0.000000 -1.129437 0.000000
vt 0.420009 -0.904500 0.000000
vt 0.418750 -0.869437 0.000000
vt 0.000000 -0.604437 0.000000
vt 0.420649 -0.841279 0.000000
vt 0.425000 -0.813416 0.000000
vt 0.425000 -0.604437 0.000000
vt -0.000001 0.289468 0.000000
vt 0.006205 0.314505 0.000000
vt -0.000000 0.575000 0.000000
vt 0.016023 0.338359 0.000000
vt 0.029242 0.360510 0.000000
vt 0.045573 0.380477 0.000000
vt 0.064662 0.397826 0.000000
vt 0.086094 0.412181 0.000000
vt 0.109404 0.423229 0.000000
vt 0.134084 0.430731 0.000000
vt 0.159599 0.434524 0.000000
vt 0.185394 0.434524 0.000000
vt 0.345000 0.575000 0.000000
vt 0.210909 0.430733 0.000000
vt 0.235590 0.423232 0.000000
vt 0.258900 0.412184 0.000000
vt 0.280332 0.397830 0.000000
vt 0.299422 0.380482 0.000000
vt 0.315754 0.360515 0.000000
vt 0.328973 0.338365 0.000000
vt 0.338793 0.314512 0.000000
vt 0.345000 0.289475 0.000000
vt 0.839962 0.003927 0.000000
vt 0.710437 0.005236 0.000000
vt 0.604437 0.003927 0.000000
vt 0.683937 0.005236 0.000000
vt 0.657437 0.005236 0.000000
vt 0.657437 0.006545 0.000000
vt 0.630937 0.006545 0.000000
vt 0.604437 0.007854 0.000000
vt 0.604437 0.006545 0.000000
vt 0.854670 0.006048 0.000000
vt 0.842937 0.005236 0.000000
vt 0.816437 0.005236 0.000000
vt 0.789937 0.005236 0.000000
vt 0.789937 0.006545 0.000000
vt 0.763437 0.006545 0.000000
vt 0.869437 0.007854 0.000000
vt 0.736937 0.006545 0.000000
vt 0.710437 0.006545 0.000000
vt 0.683937 0.006545 0.000000
vt 0.842937 0.006545 0.000000
vt 0.816437 0.006545 0.000000
vt 0.630937 0.005236 0.000000
vt 0.604437 0.005236 0.000000
vt 0.763437 0.005236 0.000000
vt 0.736937 0.005236 0.000000
vt -0.575000 -0.009817 0.000000
vt -0.383333 -0.009817 0.000000
vt -0.575000 -0.000000 0.000000
vt -0.191667 -0.009817 0.000000
vt 0.000000 0.000000 0.000000
vt 0.000000 -0.009817 0.000000
vt 0.000000 -0.019635 0.000000
vt -0.191667 -0.019635 0.000000
vt -0.000000 -0.029452 0.000000
vt -0.191667 -0.029452 0.000000
vt -0.000000 -0.039270 0.000000
vt -0.383333 -0.029452 0.000000
vt -0.575000 -0.039270 0.000000
vt -0.575000 -0.029452 0.000000
vt -0.575000 -0.019635 0.000000
vt -0.383333 -0.019635 0.000000
vt -0.345000 0.575000 0.000000
vt -0.175863 0.304874 0.000000
vt 0.000000 0.575000 0.000000
vt -0.162487 0.303872 0.000000
vt -0.150000 0.298971 0.000000
vt -0.345000 0.000000 0.000000
vt -0.217500 0.260000 0.000000
vt -0.215501 0.273264 0.000000
vt -0.209681 0.285349 0.000000
vt -0.000000 0.000000 0.000000
vt -0.175863 0.215126 0.000000
vt -0.188940 0.218111 0.000000
vt -0.200557 0.224818 0.000000
vt -0.128003 0.266707 0.000000
vt -0.128003 0.253293 0.000000
vt -0.131956 0.240475 0.000000
vt -0.200557 0.295182 0.000000
vt -0.188940 0.301889 0.000000
vt -0.139513 0.290608 0.000000
vt -0.131956 0.279525 0.000000
vt -0.139513 0.229392 0.000000
vt -0.150000 0.221029 0.000000
vt -0.162487 0.216128 0.000000
vt -0.209681 0.234651 0.000000
vt -0.215501 0.246736 0.000000
vt -0.575000 -0.049087 0.000000
vt -0.383333 -0.049087 0.000000
vt -0.575000 -0.039270 0.000000
vt -0.191667 -0.049087 0.000000
vt -0.000000 -0.039270 0.000000
vt 0.000000 -0.049087 0.000000
vt -0.000000 -0.058905 0.000000
vt -0.191667 -0.058905 0.000000
vt -0.000000 -0.068722 0.000000
vt -0.191667 -0.068722 0.000000
vt -0.000000 -0.078540 0.000000
vt -0.383333 -0.068722 0.000000
vt -0.575000 -0.078540 0.000000
vt -0.575000 -0.068722 0.000000
vt -0.575000 -0.058905 0.000000
vt -0.383333 -0.058905 0.000000
vt 0.425000 0.575000 0.000000
vt -0.000000 0.575000 0.000000
vt 0.425000 0.000000 0.000000
vt -0.000000 0.000000 0.000000
vt -0.289475 0.039270 0.000000
vt -0.274467 0.041078 0.000000
vt -0.575000 0.039270 0.000000
vt -0.575000 0.049087 0.000000
vt -0.383333 0.049087 0.000000
vt -0.575000 0.058905 0.000000
vt -0.383333 0.058905 0.000000
vt -0.575000 0.068722 0.000000
vt -0.383333 0.068722 0.000000
vt -0.575000 0.078540 0.000000
vt -0.191667 0.068722 0.000000
vt -0.000000 0.078540 0.000000
vt -0.000000 0.068722 0.000000
vt -0.000000 0.058905 0.000000
vt -0.191667 0.058905 0.000000
vt 0.000000 0.049087 0.000000
vt -0.191667 0.049087 0.000000
vt -0.000000 0.039270 0.000000
vt -0.260000 0.041774 0.000000
vt -0.245533 0.041078 0.000000
vt -0.230525 0.039270 0.000000
vt 0.345000 0.230525 0.000000
vt 0.338793 0.205488 0.000000
vt 0.345000 0.000000 0.000000
vt 0.328974 0.181636 0.000000
vt 0.315755 0.159486 0.000000
vt 0.299423 0.139519 0.000000
vt 0.280334 0.122171 0.000000
vt 0.258901 0.107817 0.000000
vt 0.235592 0.096769 0.000000
vt 0.210912 0.089268 0.000000
vt 0.185397 0.085476 0.000000
vt 0.159603 0.085476 0.000000
vt -0.000000 0.000000 0.000000
vt 0.134088 0.089268 0.000000
vt 0.109408 0.096769 0.000000
vt 0.086099 0.107817 0.000000
vt 0.064666 0.122171 0.000000
vt 0.045577 0.139519 0.000000
vt 0.029245 0.159486 0.000000
vt 0.016026 0.181636 0.000000
vt 0.006207 0.205488 0.000000
vt -0.000000 0.230525 0.000000
vt -0.230525 0.039270 0.000000
vt -0.245534 0.037462 0.000000
vt 0.000000 0.039270 0.000000
vt -0.191667 0.029452 0.000000
vt -0.000000 0.029452 0.000000
vt 0.000000 0.019635 0.000000
vt -0.191667 0.019635 0.000000
vt 0.000000 0.009817 0.000000
vt -0.191667 0.009817 0.000000
vt 0.000000 0.000000 0.000000
vt -0.383333 0.009817 0.000000
vt -0.575000 -0.000000 0.000000
vt -0.575000 0.009817 0.000000
vt -0.575000 0.019635 0.000000
vt -0.383333 0.019635 0.000000
vt -0.575000 0.029452 0.000000
vt -0.383333 0.029452 0.000000
vt -0.575000 0.039270 0.000000
vt -0.289468 0.039269 0.000000
vt -0.279697 0.037867 0.000000
vt -0.269864 0.037033 0.000000
vt -0.260001 0.036765 0.000000
vt -0.575000 -0.425000 0.000000
vt 0.000000 -0.425000 0.000000
vt -0.575000 -0.000000 0.000000
vt -0.000000 0.000000 0.000000
vt -0.025000 0.425000 0.000000
vt -0.025000 0.000000 0.000000
vt -0.002500 0.000000 0.000000
vt -0.023097 -0.009567 0.000000
vt -0.002165 -0.001250 0.000000
vt -0.017678 -0.017678 0.000000
vt -0.009567 -0.023097 0.000000
vt -0.001250 -0.002165 0.000000
vt -0.000000 -0.025000 0.000000
vt -0.000000 -0.002500 0.000000
vt 0.345000 -0.025000 0.000000
vt 0.345000 -0.002500 0.000000
vt 0.346250 -0.002165 0.000000
vt 0.354567 -0.023097 0.000000
vt 0.347165 -0.001250 0.000000
vt 0.362678 -0.017678 0.000000
vt 0.368097 -0.009567 0.000000
vt 0.347500 -0.000000 0.000000
vt 0.370000 -0.000000 0.000000
vt 0.347500 0.425000 0.000000
vt 0.370000 0.425000 0.000000
vt 0.368097 0.434567 0.000000
vt 0.347165 0.426250 0.000000
vt 0.362678 0.442678 0.000000
vt 0.354567 0.448097 0.000000
vt 0.346250 0.427165 0.000000
vt 0.345000 0.450000 0.000000
vt 0.345000 0.427500 0.000000
vt -0.000000 0.450000 0.000000
vt -0.000000 0.427500 0.000000
vt -0.001250 0.427165 0.000000
vt -0.009567 0.448097 0.000000
vt -0.002165 0.426250 0.000000
vt -0.017678 0.442678 0.000000
vt -0.023097 0.434567 0.000000
vt -0.002500 0.425000 0.000000
vt 0.009567 -0.023097 0.000000
vt 0.025000 0.000000 0.000000
vt 0.000000 -0.025000 0.000000
vt 0.000000 0.450000 0.000000
vt -0.345000 0.450000 0.000000
vt 0.017678 -0.017678 0.000000
vt 0.023097 -0.009567 0.000000
vt 0.025000 0.425000 0.000000
vt 0.009567 0.448097 0.000000
vt 0.017678 0.442678 0.000000
vt 0.023097 0.434567 0.000000
vt -0.354567 0.448097 0.000000
vt -0.370000 0.425000 0.000000
vt -0.370000 0.000000 0.000000
vt -0.345000 -0.025000 0.000000
vt -0.354567 -0.023097 0.000000
vt -0.362678 -0.017678 0.000000
vt -0.368097 -0.009567 0.000000
vt -0.362678 0.442678 0.000000
vt -0.368097 0.434567 0.000000
vt 0.604437 -0.005236 0.000000
vt 0.632068 -0.005236 0.000000
vt 0.604437 -0.003927 0.000000
vt 0.659700 -0.005236 0.000000
vt 0.687331 -0.005236 0.000000
vt 0.687331 -0.006545 0.000000
vt 0.714963 -0.006545 0.000000
vt 0.604437 -0.007854 0.000000
vt 0.742595 -0.006545 0.000000
vt 0.770226 -0.006545 0.000000
vt 0.742595 -0.005236 0.000000
vt 0.770226 -0.005236 0.000000
vt 0.797858 -0.005236 0.000000
vt 0.825489 -0.005236 0.000000
vt 0.825489 -0.006545 0.000000
vt 0.853121 -0.006545 0.000000
vt 1.129437 -0.007854 0.000000
vt 0.632068 -0.006545 0.000000
vt 0.604437 -0.006545 0.000000
vt 1.129437 -0.006545 0.000000
vt 1.101805 -0.006545 0.000000
vt 1.074173 -0.006545 0.000000
vt 1.046542 -0.006545 0.000000
vt 1.046542 -0.005236 0.000000
vt 1.018910 -0.005236 0.000000
vt 1.129437 -0.003927 0.000000
vt 0.991279 -0.005236 0.000000
vt 0.963647 -0.005236 0.000000
vt 0.991279 -0.006545 0.000000
vt 0.963647 -0.006545 0.000000
vt 0.936016 -0.006545 0.000000
vt 0.908384 -0.006545 0.000000
vt 0.908384 -0.005236 0.000000
vt 0.880752 -0.005236 0.000000
vt 1.101805 -0.005236 0.000000
vt 1.129437 -0.005236 0.000000
vt 0.659700 -0.006545 0.000000
vt 0.714963 -0.005236 0.000000
vt 0.797858 -0.006545 0.000000
vt 0.853121 -0.005236 0.000000
vt 0.880752 -0.006545 0.000000
vt 0.936016 -0.005236 0.000000
vt 1.018910 -0.006545 0.000000
vt 1.074173 -0.005236 0.000000
vt -0.604437 -0.000000 0.000000
vt -0.869437 0.000000 0.000000
vt -0.604437 -0.425000 0.000000
vt -1.129437 -0.425000 0.000000
vt -1.129437 -0.000000 0.000000
vt 0.869437 -0.007854 0.000000
vt 0.999437 -0.009163 0.000000
vt 1.129437 -0.007854 0.000000
vt 1.025437 -0.009163 0.000000
vt 1.051437 -0.009163 0.000000
vt 1.051437 -0.010472 0.000000
vt 1.077437 -0.010472 0.000000
vt 1.129437 -0.011781 0.000000
vt 1.103437 -0.010472 0.000000
vt 1.129437 -0.010472 0.000000
vt 1.103437 -0.009163 0.000000
vt 1.129437 -0.009163 0.000000
vt 0.884203 -0.009660 0.000000
vt 0.895437 -0.009163 0.000000
vt 0.921437 -0.009163 0.000000
vt 0.947437 -0.009163 0.000000
vt 0.947437 -0.010472 0.000000
vt 0.973437 -0.010472 0.000000
vt 0.898911 -0.011781 0.000000
vt 0.999437 -0.010472 0.000000
vt 1.025437 -0.010472 0.000000
vt 0.895437 -0.010472 0.000000
vt 0.921437 -0.010472 0.000000
vt 0.973437 -0.009163 0.000000
vt 1.077437 -0.009163 0.000000
vt 0.604437 -0.001309 0.000000
vt 0.632068 -0.001309 0.000000
vt 0.604437 0.000000 0.000000
vt 0.659700 -0.001309 0.000000
vt 0.687331 -0.001309 0.000000
vt 0.687331 -0.002618 0.000000
vt 0.714963 -0.002618 0.000000
vt 0.604437 -0.003927 0.000000
vt 0.742595 -0.002618 0.000000
vt 0.770226 -0.002618 0.000000
vt 0.742595 -0.001309 0.000000
vt 0.770226 -0.001309 0.000000
vt 0.797858 -0.001309 0.000000
vt 0.825489 -0.001309 0.000000
vt 0.825489 -0.002618 0.000000
vt 0.853121 -0.002618 0.000000
vt 1.129437 -0.003927 0.000000
vt 0.632068 -0.002618 0.000000
vt 0.604437 -0.002618 0.000000
vt 1.129437 -0.002618 0.000000
vt 1.101805 -0.002618 0.000000
vt 1.074173 -0.002618 0.000000
vt 1.046542 -0.002618 0.000000
vt 1.046542 -0.001309 0.000000
vt 1.018910 -0.001309 0.000000
vt 1.129437 -0.000000 0.000000
vt 0.991279 -0.001309 0.000000
vt 0.963647 -0.001309 0.000000
vt 0.991279 -0.002618 0.000000
vt 0.963647 -0.002618 0.000000
vt 0.936016 -0.002618 0.000000
vt 0.908384 -0.002618 0.000000
vt 0.908384 -0.001309 0.000000
vt 0.880752 -0.001309 0.000000
vt 1.101805 -0.001309 0.000000
vt 1.129437 -0.001309 0.000000
vt 0.659700 -0.002618 0.000000
vt 0.714963 -0.001309 0.000000
vt 0.797858 -0.002618 0.000000
vt 0.853121 -0.001309 0.000000
vt 0.880752 -0.002618 0.000000
vt 0.936016 -0.001309 0.000000
vt 1.018910 -0.002618 0.000000
vt 1.074173 -0.001309 0.000000
vt 0.345000 -0.604437 0.000000
vt 0.000000 -0.604437 0.000000
vt 0.345000 -1.129437 0.000000
vt 0.000000 -1.129437 0.000000
vt -0.002165 -0.001250 0.000000
vt -0.001250 -0.002165 0.000000
vt -0.002500 0.000000 0.000000
vt -0.000000 -0.002500 0.000000
vt -0.000000 0.427500 0.000000
vt 0.345000 -0.002500 0.000000
vt 0.345000 0.427500 0.000000
vt 0.347500 0.000000 0.000000
vt 0.347500 0.425000 0.000000
vt 0.346250 -0.002165 0.000000
vt 0.347165 -0.001250 0.000000
vt 0.347165 0.426250 0.000000
vt 0.346250 0.427165 0.000000
vt -0.002500 0.425000 0.000000
vt -0.001250 0.427165 0.000000
vt -0.002165 0.426250 0.000000
vt 0.018019 0.008678 0.000000
vt -0.018019 0.008678 0.000000
vt 0.020000 0.000000 0.000000
vt -0.020000 -0.000000 0.000000
vt 0.018019 -0.008678 0.000000
vt -0.018019 -0.008678 0.000000
vt 0.012470 -0.015637 0.000000
vt -0.012470 -0.015637 0.000000
vt 0.004450 -0.019499 0.000000
vt -0.004450 -0.019499 0.000000
vt -0.012470 0.015637 0.000000
vt 0.012470 0.015637 0.000000
vt -0.004450 0.019499 0.000000
vt 0.004450 0.019499 0.000000
vt 0.015554 -0.520422 0.000000
vt 0.015120 -0.520286 0.000000
vt 0.015156 -0.538785 0.000000
vt 0.014767 -0.520017 0.000000
vt 0.011974 -0.541475 0.000000
vt 0.014222 -0.519275 0.000000
vt 0.013566 -0.517616 0.000000
vt 0.012542 -0.515274 0.000000
vt 0.013125 -0.513979 0.000000
vt 0.013125 -0.505606 0.000000
vt 0.013125 -0.497233 0.000000
vt 0.013125 -0.488861 0.000000
vt 0.014772 -0.556935 0.000000
vt 0.011434 -0.567221 0.000000
vt 0.014406 -0.574793 0.000000
vt 0.010938 -0.592290 0.000000
vt 0.014063 -0.592290 0.000000
vt 0.013589 -0.616225 0.000000
vt 0.010464 -0.616225 0.000000
vt 0.013076 -0.640787 0.000000
vt 0.009951 -0.640787 0.000000
vt 0.012535 -0.665784 0.000000
vt 0.009410 -0.665784 0.000000
vt 0.011979 -0.691005 0.000000
vt 0.008854 -0.691005 0.000000
vt 0.011423 -0.716225 0.000000
vt 0.008298 -0.716225 0.000000
vt 0.010882 -0.741222 0.000000
vt 0.007757 -0.741222 0.000000
vt 0.010369 -0.765784 0.000000
vt 0.007244 -0.765784 0.000000
vt 0.009896 -0.789720 0.000000
vt 0.006771 -0.789720 0.000000
vt 0.009422 -0.813655 0.000000
vt 0.006297 -0.813655 0.000000
vt 0.008909 -0.838217 0.000000
vt 0.005784 -0.838217 0.000000
vt 0.008368 -0.863214 0.000000
vt 0.005243 -0.863214 0.000000
vt 0.007813 -0.888434 0.000000
vt 0.004688 -0.888434 0.000000
vt 0.007257 -0.913655 0.000000
vt 0.004132 -0.913655 0.000000
vt 0.006716 -0.938652 0.000000
vt 0.003591 -0.938652 0.000000
vt 0.006203 -0.963214 0.000000
vt 0.003078 -0.963214 0.000000
vt 0.005729 -0.987149 0.000000
vt 0.002604 -0.987149 0.000000
vt 0.005256 -1.011085 0.000000
vt 0.002131 -1.011085 0.000000
vt 0.004743 -1.035646 0.000000
vt 0.001618 -1.035646 0.000000
vt 0.004202 -1.060644 0.000000
vt 0.001077 -1.060644 0.000000
vt 0.003646 -1.085864 0.000000
vt 0.000521 -1.085864 0.000000
vt 0.003090 -1.111085 0.000000
vt -0.000035 -1.111085 0.000000
vt 0.002549 -1.136082 0.000000
vt -0.000576 -1.136082 0.000000
vt 0.002036 -1.160644 0.000000
vt -0.001089 -1.160644 0.000000
vt 0.001563 -1.184579 0.000000
vt -0.001563 -1.184579 0.000000
vt 0.014599 0.700920 0.000000
vt 0.007807 0.698234 0.000000
vt 0.015625 0.678651 0.000000
vt 0.007807 0.674207 0.000000
vt 0.015625 0.653450 0.000000
vt 0.007807 0.650080 0.000000
vt 0.015625 0.628250 0.000000
vt 0.007807 0.626003 0.000000
vt 0.015625 0.603049 0.000000
vt 0.007807 0.601926 0.000000
vt 0.015625 0.577849 0.000000
vt 0.007807 0.577849 0.000000
vt 0.015625 0.553772 0.000000
vt 0.007807 0.553772 0.000000
vt 0.015625 0.529695 0.000000
vt 0.007807 0.529695 0.000000
vt 0.015625 0.505618 0.000000
vt 0.007807 0.505618 0.000000
vt 0.015625 0.481541 0.000000
vt 0.007807 0.481525 0.000000
vt 0.015625 0.457464 0.000000
vt 0.007807 0.457464 0.000000
vt 0.015625 0.433387 0.000000
vt 0.007807 0.433387 0.000000
vt 0.015625 0.409310 0.000000
vt 0.007807 0.409310 0.000000
vt 0.015625 0.385233 0.000000
vt 0.007807 0.385233 0.000000
vt 0.015625 0.361156 0.000000
vt 0.007807 0.361156 0.000000
vt 0.015625 0.337079 0.000000
vt 0.007807 0.337079 0.000000
vt 0.015625 0.313001 0.000000
vt 0.007807 0.313001 0.000000
vt 0.015625 0.288924 0.000000
vt 0.007807 0.288906 0.000000
vt 0.015625 0.264847 0.000000
vt 0.007807 0.264847 0.000000
vt 0.015625 0.240770 0.000000
vt 0.007807 0.240770 0.000000
vt 0.015625 0.216693 0.000000
vt 0.007807 0.216693 0.000000
vt 0.015625 0.192616 0.000000
vt 0.007807 0.192616 0.000000
vt 0.015625 0.168539 0.000000
vt 0.007807 0.168539 0.000000
vt 0.015625 0.144462 0.000000
vt 0.007807 0.144462 0.000000
vt 0.015625 0.120385 0.000000
vt 0.007807 0.120385 0.000000
vt 0.015625 0.096308 0.000000
vt 0.007807 0.096308 0.000000
vt 0.015625 0.072231 0.000000
vt 0.007807 0.072121 0.000000
vt 0.015625 0.048154 0.000000
vt 0.007807 0.048154 0.000000
vt 0.015625 0.024077 0.000000
vt 0.007807 0.024077 0.000000
vt 0.015625 0.000000 0.000000
vt -0.000001 0.010784 0.000000
vt 0.000038 0.000002 0.000000
vt 0.007807 0.722311 0.000000
vt 0.013587 0.723510 0.000000
vt 0.007807 0.746509 0.000000
vt 0.012606 0.746584 0.000000
vt 0.011666 0.770465 0.000000
vt 0.007807 0.770465 0.000000
vt 0.010743 0.793961 0.000000
vt 0.007807 0.794542 0.000000
vt 0.009768 0.816917 0.000000
vt 0.007807 0.818619 0.000000
vt 0.008754 0.839570 0.000000
vt 0.007807 0.842696 0.000000
vt 0.007713 0.862183 0.000000
vt -0.000000 0.843206 0.000000
vt -0.000000 0.866731 0.000000
vt 0.006665 0.884834 0.000000
vt -0.000000 0.890324 0.000000
vt 0.005626 0.907717 0.000000
vt -0.000000 0.914071 0.000000
vt 0.004604 0.931254 0.000000
vt -0.000000 0.938222 0.000000
vt 0.004023 0.945632 0.000000
vt 0.000001 0.963082 0.000000
vt 0.003343 0.963082 0.000000
vt 0.002881 0.974928 0.000000
vt 0.000001 0.983042 0.000000
vt 0.002373 0.987486 0.000000
vt 0.001976 0.999186 0.000000
vt -0.000000 1.002581 0.000000
vt 0.001662 1.009186 0.000000
vt -0.000000 1.021804 0.000000
vt 0.000897 1.025811 0.000000
vt 0.000019 1.040554 0.000000
vt -0.000000 0.819466 0.000000
vt 0.000001 0.795253 0.000000
vt 0.000001 0.770465 0.000000
vt -0.000000 0.745680 0.000000
vt -0.000000 0.721488 0.000000
vt -0.000000 0.697779 0.000000
vt -0.000000 0.674257 0.000000
vt -0.000000 0.650669 0.000000
vt -0.000000 0.626892 0.000000
vt -0.000000 0.602686 0.000000
vt -0.000000 0.577848 0.000000
vt -0.000000 0.553018 0.000000
vt -0.000000 0.528859 0.000000
vt -0.000000 0.505060 0.000000
vt -0.000000 0.481508 0.000000
vt -0.000000 0.457960 0.000000
vt 0.000001 0.434162 0.000000
vt 0.000004 0.410020 0.000000
vt 0.000002 0.385233 0.000000
vt -0.000000 0.360379 0.000000
vt -0.000000 0.336229 0.000000
vt -0.000000 0.312482 0.000000
vt -0.000000 0.288889 0.000000
vt -0.000000 0.265360 0.000000
vt -0.000000 0.241612 0.000000
vt 0.000002 0.217401 0.000000
vt 0.000001 0.192616 0.000000
vt -0.000000 0.171777 0.000000
vt -0.000000 0.151366 0.000000
vt -0.000000 0.131340 0.000000
vt -0.000000 0.111533 0.000000
vt -0.000000 0.091772 0.000000
vt -0.000000 0.072012 0.000000
vt -0.000000 0.052127 0.000000
vt -0.000010 0.031934 0.000000
vt -0.000010 0.021422 0.000000
vt 0.015625 0.146867 0.000000
vt 0.015625 0.171661 0.000000
vt 0.007816 0.168869 0.000000
vt 0.014784 0.192993 0.000000
vt 0.007816 0.192994 0.000000
vt 0.014080 0.211102 0.000000
vt 0.007816 0.217118 0.000000
vt 0.013505 0.225275 0.000000
vt 0.007816 0.241242 0.000000
vt 0.012457 0.249415 0.000000
vt 0.007816 0.265366 0.000000
vt 0.011383 0.273084 0.000000
vt 0.007816 0.289491 0.000000
vt 0.010302 0.296465 0.000000
vt 0.007816 0.313615 0.000000
vt 0.009235 0.319741 0.000000
vt 0.000000 0.337739 0.000000
vt 0.007816 0.337739 0.000000
vt 0.008194 0.343192 0.000000
vt 0.000000 0.361863 0.000000
vt 0.007252 0.365579 0.000000
vt 0.006451 0.385987 0.000000
vt 0.000000 0.385987 0.000000
vt 0.005726 0.404737 0.000000
vt 0.000000 0.410112 0.000000
vt 0.005094 0.420106 0.000000
vt 0.000000 0.434236 0.000000
vt 0.004474 0.434491 0.000000
vt 0.003842 0.448679 0.000000
vt 0.000000 0.458360 0.000000
vt 0.003203 0.462737 0.000000
vt 0.002560 0.476688 0.000000
vt 0.000000 0.482484 0.000000
vt 0.001918 0.490572 0.000000
vt 0.000000 0.506608 0.000000
vt 0.001279 0.504450 0.000000
vt 0.001543 0.507450 0.000000
vt 0.002444 0.511494 0.000000
vt 0.005524 0.521127 0.000000
vt 0.000000 0.530733 0.000000
vt 0.007816 0.530733 0.000000
vt 0.000000 0.554857 0.000000
vt 0.007816 0.554857 0.000000
vt 0.000000 0.578981 0.000000
vt 0.007816 0.578981 0.000000
vt 0.000000 0.596684 0.000000
vt 0.007816 0.596684 0.000000
vt 0.000000 0.614387 0.000000
vt 0.007816 0.614387 0.000000
vt 0.000000 0.632090 0.000000
vt 0.000156 0.649465 0.000000
vt 0.000000 0.649792 0.000000
vt 0.013026 0.548774 0.000000
vt 0.015625 0.578981 0.000000
vt 0.011609 0.616278 0.000000
vt 0.000000 0.313615 0.000000
vt 0.000000 0.289491 0.000000
vt 0.000000 0.265366 0.000000
vt 0.000000 0.241242 0.000000
vt 0.000000 0.217118 0.000000
vt 0.000000 0.192994 0.000000
vt 0.000000 0.168869 0.000000
vt 0.007816 0.144745 0.000000
vt 0.015625 0.122533 0.000000
vt 0.007816 0.120621 0.000000
vt 0.015625 0.098433 0.000000
vt 0.007816 0.096497 0.000000
vt 0.015625 0.074351 0.000000
vt 0.007816 0.072373 0.000000
vt 0.015625 0.050070 0.000000
vt 0.007816 0.048248 0.000000
vt 0.015625 0.025366 0.000000
vt 0.007816 0.024124 0.000000
vt 0.015625 0.000000 0.000000
vt 0.000000 0.000000 0.000000
vt 0.000000 0.024124 0.000000
vt 0.000000 0.048248 0.000000
vt 0.000000 0.072373 0.000000
vt 0.000000 0.096497 0.000000
vt 0.000000 0.120621 0.000000
vt 0.000000 0.144745 0.000000
vt 0.001562 0.000000 0.000000
vt 0.009312 0.013525 0.000000
vt -0.001562 -0.000000 0.000000
vt -0.009375 0.013532 0.000000
vn -0.000000 0.532032 -0.846724
vn 0.382683 0.369452 -0.846793
vn -0.000000 0.258819 -0.965926
vn 0.382683 0.103442 -0.918070
vn -0.000000 -0.037391 -0.999301
vn 0.382683 -0.171760 -0.907773
vn -0.000000 -0.330279 -0.943883
vn 0.382683 -0.431700 -0.816816
vn 0.000000 -0.593820 -0.804598
vn 0.382683 -0.653281 -0.653281
vn 0.000000 -0.804598 -0.593820
vn 0.382683 -0.816816 -0.431700
vn 0.000000 -0.943883 -0.330279
vn 0.382683 -0.907773 -0.171760
vn 0.000000 -0.999301 -0.037391
vn 0.382683 -0.918070 0.103442
vn 0.000000 -0.965926 0.258819
vn 0.382683 -0.846793 0.369452
vn 0.000000 -0.846724 0.532032
vn 0.382683 -0.700275 0.602635
vn 0.000000 -0.652287 0.757972
vn 0.382683 -0.491534 0.782271
vn 0.000000 -0.399892 0.916562
vn 0.382683 -0.239118 0.892399
vn 0.000000 -0.111964 0.993712
vn 0.382683 0.034545 0.923233
vn 0.000000 0.185912 0.982566
vn 0.382683 0.305138 0.872034
vn -0.000000 0.467269 0.884115
vn 0.382683 0.548618 0.743351
vn -0.000000 0.707107 0.707107
vn 0.382683 0.743351 0.548618
vn -0.000000 0.884115 0.467269
vn 0.382683 0.872034 0.305138
vn -0.000000 0.982566 0.185912
vn 0.382683 0.923233 0.034545
vn -0.000000 0.993712 -0.111964
vn 0.382683 0.892399 -0.239118
vn -0.000000 0.916562 -0.399892
vn 0.382683 0.782271 -0.491534
vn -0.000000 0.757972 -0.652287
vn 0.382683 0.602635 -0.700275
vn 1.000000 -0.000000 0.000000
vn 0.923880 0.042847 -0.380277
vn 1.000000 -0.000000 0.000000
vn 0.923880 0.153032 -0.350753
vn 1.000000 -0.000000 0.000000
vn 0.923880 0.249620 -0.290063
vn 0.923880 0.324027 -0.203600
vn 0.707107 0.461237 -0.535967
vn 0.707107 0.598724 -0.376203
vn 1.000000 -0.000000 -0.000000
vn 0.923880 -0.178816 -0.338336
vn 0.923880 -0.071145 -0.376012
vn 0.707107 -0.131459 -0.694779
vn 0.707107 0.079171 -0.702661
vn 0.923880 -0.270598 -0.270598
vn 1.000000 -0.000000 -0.000000
vn 0.923880 -0.338336 -0.178816
vn 0.923880 -0.376012 -0.071145
vn 0.707107 -0.694779 -0.131459
vn 0.707107 -0.702661 0.079171
vn 1.000000 -0.000000 0.000000
vn 0.923880 -0.380277 0.042847
vn 0.707107 -0.648107 0.282766
vn 1.000000 -0.000000 0.000000
vn 0.923880 -0.350753 0.153032
vn 0.707107 -0.535967 0.461237
vn 0.923880 -0.290063 0.249620
vn 1.000000 -0.000000 0.000000
vn 0.923880 -0.203600 0.324027
vn 1.000000 -0.000000 0.000000
vn 0.923880 -0.099046 0.369644
vn 0.923880 0.014309 0.382416
vn 0.707107 0.026440 0.706612
vn 0.707107 0.233543 0.667426
vn 1.000000 -0.000000 -0.000000
vn 0.923880 0.126392 0.361209
vn 0.707107 0.419894 0.568937
vn 1.000000 -0.000000 -0.000000
vn 0.923880 0.227245 0.307906
vn 0.707107 0.568937 0.419894
vn 0.923880 0.307906 0.227245
vn 1.000000 -0.000000 0.000000
vn 0.923880 0.361209 0.126392
vn 1.000000 -0.000000 0.000000
vn 0.923880 0.382416 0.014309
vn 0.923880 0.369644 -0.099046
vn 0.707107 0.683013 -0.183013
vn 1.000000 -0.000000 0.000000
vn 0.707107 -0.183013 0.683013
vn 0.707107 -0.376203 0.598724
vn 0.707107 0.282766 -0.648107
vn 0.707107 0.706612 0.026440
vn 0.707107 0.667426 0.233543
vn 0.707107 -0.625164 -0.330409
vn 0.707107 -0.500000 -0.500000
vn 0.707107 -0.330409 -0.625164
vn 0.000000 -0.037391 -0.999301
vn 0.000000 0.258819 -0.965926
vn 0.000000 0.532032 -0.846724
vn 0.000000 0.757972 -0.652287
vn 0.000000 0.916562 -0.399892
vn 0.000000 0.993712 -0.111964
vn 0.000000 0.982566 0.185912
vn 0.000000 0.884115 0.467269
vn 0.000000 0.707107 0.707107
vn 0.000000 0.467269 0.884115
vn -0.000000 0.185912 0.982566
vn -0.000000 -0.111964 0.993712
vn -0.000000 -0.399892 0.916562
vn -0.000000 -0.652287 0.757972
vn -0.000000 -0.846724 0.532032
vn -0.000000 -0.965926 0.258819
vn -0.000000 -0.999301 -0.037391
vn -0.000000 -0.943883 -0.330279
vn -0.000000 -0.804598 -0.593820
vn -0.000000 -0.593820 -0.804598
vn 0.000000 -0.330279 -0.943883
vn -0.000000 -0.532032 0.846724
vn -0.000000 -0.258819 0.965926
vn -0.000000 0.037391 0.999301
vn -0.000000 0.330279 0.943883
vn 0.000000 0.593820 0.804598
vn 0.000000 0.804598 0.593820
vn 0.000000 0.943883 0.330279
vn 0.000000 0.999301 0.037391
vn 0.000000 0.965926 -0.258819
vn 0.000000 0.846724 -0.532032
vn 0.000000 0.652287 -0.757972
vn 0.000000 0.399892 -0.916562
vn 0.000000 0.111964 -0.993712
vn 0.000000 -0.185912 -0.982566
vn -0.000000 -0.467269 -0.884115
vn -0.000000 -0.707107 -0.707107
vn -0.000000 -0.884115 -0.467269
vn -0.000000 -0.982566 -0.185912
vn -0.000000 -0.993712 0.111964
vn -0.000000 -0.916562 0.399892
vn -0.000000 -0.757972 0.652287
vn -0.000000 -0.176390 0.984320
vn -0.000000 -0.092435 0.995719
vn -0.000000 -0.092435 0.995719
vn -0.000000 0.054939 0.998490
vn -0.000000 0.060423 0.998173
vn -0.000000 0.201118 0.979567
vn -0.000000 0.211868 0.977298
vn -0.000000 0.342928 0.939362
vn -0.000000 0.358361 0.933583
vn 0.000000 0.453049 0.891485
vn 0.000000 0.477288 0.878747
vn 0.000000 0.544098 0.839022
vn 0.000000 0.601277 0.799041
vn 0.000000 0.629111 0.777315
vn 0.000000 0.712203 0.701974
vn 0.000000 0.707107 0.707107
vn 0.000000 0.793504 0.608565
vn 0.000000 0.807655 0.589655
vn 0.000000 0.866086 0.499895
vn 0.000000 0.885560 0.464526
vn 0.000000 0.923895 0.382645
vn 0.000000 0.944224 0.329304
vn 0.000000 0.965987 0.258591
vn 0.000000 0.982374 0.186927
vn 0.000000 0.991452 0.130473
vn 0.000000 0.999180 0.040489
vn 0.000000 1.000000 0.000065
vn 0.000000 0.994277 -0.106829
vn 0.000000 0.991427 -0.130665
vn 0.000000 0.967773 -0.251826
vn 0.000000 0.965926 -0.258819
vn 0.000000 0.923938 -0.382542
vn 0.000000 0.920242 -0.391351
vn 0.000000 0.866056 -0.499946
vn 0.000000 0.852717 -0.522374
vn 0.000000 0.793568 -0.608481
vn 0.000000 0.766665 -0.642047
vn 0.000000 0.707498 -0.706715
vn 0.000000 0.663957 -0.747771
vn 0.000000 0.609071 -0.793116
vn 0.000000 0.546823 -0.837248
vn 0.000000 0.500257 -0.865877
vn 0.000000 0.417809 -0.908535
vn 0.000000 0.382797 -0.923833
vn 0.000000 0.337823 -0.941210
vn 0.000000 0.258816 -0.965927
vn 0.000000 0.258819 -0.965926
vn 0.000000 0.178041 -0.984023
vn -0.000000 -0.258819 0.965926
vn -0.000000 -0.258819 0.965926
vn -0.000000 -0.178043 0.984023
vn -0.000000 -0.339402 0.940641
vn -0.000000 -0.385170 0.922846
vn -0.000000 -0.417809 0.908535
vn -0.000000 -0.504654 0.863322
vn -0.000000 -0.551539 0.834149
vn -0.000000 -0.615143 0.788415
vn -0.000000 -0.672355 0.740229
vn -0.000000 -0.714671 0.699461
vn -0.000000 -0.777425 0.628975
vn -0.000000 -0.801464 0.598044
vn -0.000000 -0.864291 0.502993
vn -0.000000 -0.873976 0.485968
vn -0.000000 -0.930917 0.365231
vn -0.000000 -0.258823 0.965925
vn 0.000000 0.130433 -0.991457
vn 0.000000 0.092435 -0.995719
vn 0.000000 -0.000009 -1.000000
vn 0.000000 -0.054941 -0.998490
vn 0.000000 -0.130741 -0.991417
vn 0.000000 -0.201122 -0.979566
vn 0.000000 -0.258994 -0.965879
vn 0.000000 -0.342934 -0.939359
vn 0.000000 -0.382798 -0.923832
vn -0.000000 -0.477295 -0.878743
vn -0.000000 -0.500280 -0.865864
vn -0.000000 -0.601285 -0.799034
vn -0.000000 -0.608874 -0.793267
vn -0.000000 -0.712212 -0.701965
vn -0.000000 -0.707107 -0.707106
vn -0.000000 -0.793482 -0.608594
vn -0.000000 -0.807664 -0.589643
vn -0.000000 -0.866066 -0.499930
vn -0.000000 -0.885567 -0.464511
vn -0.000000 -0.923881 -0.382679
vn -0.000000 -0.944230 -0.329286
vn -0.000000 -0.965978 -0.258626
vn -0.000000 -0.982378 -0.186906
vn -0.000000 -0.991449 -0.130492
vn -0.000000 -0.999181 -0.040466
vn -0.000000 -1.000000 -0.000039
vn -0.000000 -0.994275 0.106854
vn -0.000000 -0.991425 0.130679
vn -0.000000 -0.967766 0.251852
vn -0.000000 -0.965926 0.258819
vn -0.000000 -0.931795 0.362986
vn -0.000000 -0.920230 0.391378
vn -0.000000 -0.886348 0.463019
vn -0.000000 -0.852700 0.522400
vn -0.000000 -0.830339 0.557259
vn -0.000000 -0.766644 0.642072
vn -0.000000 -0.764371 0.644777
vn -0.000000 -0.689036 0.724728
vn -0.000000 -0.663930 0.747794
vn -0.000000 -0.605512 0.795836
vn -0.000000 -0.546792 0.837269
vn -0.000000 -0.514807 0.857306
vn -0.000000 -0.417773 0.908552
vn 1.000000 -0.000000 0.000000
vn 1.000000 -0.000000 0.000000
vn 1.000000 -0.000000 0.000000
vn 1.000000 -0.000000 0.000000
vn 1.000000 -0.000000 0.000000
vn 1.000000 -0.000000 0.000000
vn 1.000000 -0.000000 0.000000
vn 1.000000 -0.000000 0.000000
vn 1.000000 -0.000000 0.000000
vn 1.000000 -0.000000 0.000000
vn 1.000000 -0.000000 0.000000
vn 1.000000 -0.000000 0.000000
vn 1.000000 -0.000000 0.000000
vn 1.000000 -0.000000 0.000000
vn 1.000000 -0.000000 0.000000
vn 1.000000 -0.000000 0.000000
vn 1.000000 -0.000000 0.000000
vn 1.000000 -0.000000 0.000000
vn 1.000000 -0.000000 0.000000
vn 1.000000 -0.000000 0.000000
vn 1.000000 -0.000000 0.000000
vn 1.000000 -0.000000 0.000000
vn 1.000000 -0.000000 0.000000
vn 1.000000 -0.000000 0.000000
vn 1.000000 -0.000000 0.000000
vn 1.000000 -0.000000 0.000000
vn 0.820456 0.147969 -0.552229
vn 0.866025 0.129410 -0.482963
vn 1.000000 -0.000000 0.000000
vn 0.866025 0.129410 -0.482963
vn 0.866025 0.129410 -0.482963
vn 0.500000 0.224144 -0.836516
vn 0.500000 0.224144 -0.836516
vn -0.000000 0.258819 -0.965926
vn 0.500000 0.224144 -0.836516
vn 0.500000 0.224144 -0.836516
vn 0.866025 0.129410 -0.482963
vn 0.866025 0.129410 -0.482963
vn 1.000000 0.000000 -0.000000
vn 0.866025 0.129410 -0.482963
vn 0.500000 0.224144 -0.836516
vn 0.500000 0.224144 -0.836516
vn 0.561302 0.214201 -0.799411
vn 0.343254 0.243094 -0.907239
vn 0.202098 0.253478 -0.945994
vn 0.500000 0.224144 -0.836516
vn 0.028206 0.258716 -0.965542
vn 0.000000 0.258819 -0.965926
vn 0.866025 0.129410 -0.482963
vn 1.000000 -0.000000 0.000000
vn 1.000000 -0.000000 0.000000
vn 1.000000 -0.000000 0.000000
vn 1.000000 -0.000000 0.000000
vn 1.000000 -0.000000 0.000000
vn 1.000000 -0.000000 0.000000
vn 1.000000 -0.000000 0.000000
vn 1.000000 -0.000000 0.000000
vn 1.000000 -0.000000 0.000000
vn 1.000000 -0.000000 0.000000
vn 1.000000 -0.000000 0.000000
vn 1.000000 -0.000000 0.000000
vn 1.000000 -0.000000 0.000000
vn 1.000000 -0.000000 0.000000
vn 1.000000 -0.000000 0.000000
vn 1.000000 -0.000000 0.000000
vn 1.000000 -0.000000 0.000000
vn 1.000000 -0.000000 0.000000
vn 1.000000 -0.000000 0.000000
vn 1.000000 -0.000000 0.000000
vn 1.000000 -0.000000 0.000000
vn 1.000000 -0.000000 0.000000
vn 1.000000 -0.000000 0.000000
vn 1.000000 -0.000000 0.000000
vn 1.000000 -0.000000 0.000000
vn 1.000000 -0.000000 0.000000
vn 0.702815 0.184117 -0.687134
vn 0.500000 0.224144 -0.836516
vn 0.000000 0.258819 -0.965926
vn 0.500000 0.224144 -0.836516
vn 0.500000 0.224144 -0.836516
vn 0.866025 0.129410 -0.482963
vn 0.866025 0.129410 -0.482963
vn 0.866025 0.129410 -0.482963
vn 0.866025 0.129410 -0.482963
vn 0.500000 0.224144 -0.836516
vn 0.500000 0.224144 -0.836516
vn 0.000000 0.258819 -0.965926
vn 0.500000 0.224144 -0.836516
vn 0.500000 0.224144 -0.836516
vn 0.866025 0.129410 -0.482963
vn 0.866025 0.129410 -0.482963
vn 0.866025 0.129410 -0.482963
vn 0.919870 0.101515 -0.378858
vn 0.866025 0.129410 -0.482963
vn 0.500000 0.224144 -0.836516
vn 0.000000 0.258819 -0.965926
vn 0.000000 0.258819 -0.965926
vn 0.000000 0.258819 -0.965926
vn 0.000000 0.258819 -0.965926
vn 0.000000 0.258819 -0.965926
vn 0.000000 0.258819 -0.965926
vn 0.000000 0.258819 -0.965926
vn 0.000000 0.258819 -0.965926
vn -1.000000 0.000000 -0.000000
vn -1.000000 0.000000 -0.000000
vn -1.000000 0.000000 -0.000000
vn -1.000000 0.000000 -0.000000
vn -1.000000 0.000000 -0.000000
vn -1.000000 0.000000 -0.000000
vn -1.000000 0.000000 -0.000000
vn -1.000000 0.000000 -0.000000
vn -1.000000 0.000000 -0.000000
vn -1.000000 0.000000 -0.000000
vn -1.000000 0.000000 -0.000000
vn -1.000000 0.000000 -0.000000
vn -1.000000 0.000000 -0.000000
vn -1.000000 0.000000 -0.000000
vn -1.000000 0.000000 -0.000000
vn -1.000000 0.000000 -0.000000
vn -1.000000 0.000000 -0.000000
vn -1.000000 0.000000 -0.000000
vn -1.000000 0.000000 -0.000000
vn -1.000000 0.000000 -0.000000
vn -1.000000 0.000000 -0.000000
vn -1.000000 0.000000 -0.000000
vn 0.866025 -0.129410 0.482963
vn 0.866025 -0.129410 0.482963
vn 0.866025 -0.129410 0.482963
vn 0.500000 -0.224144 0.836516
vn 0.500000 -0.224144 0.836516
vn -0.000000 -0.258819 0.965926
vn 0.500000 -0.224144 0.836516
vn 0.661046 -0.194204 0.724778
vn 0.866025 -0.129410 0.482963
vn 0.866025 -0.129410 0.482963
vn 0.866025 -0.129410 0.482963
vn 0.500000 -0.224144 0.836516
vn 0.500000 -0.224144 0.836516
vn 0.500000 -0.224144 0.836516
vn 0.500000 -0.224144 0.836516
vn 0.500000 -0.224144 0.836516
vn 0.500000 -0.224144 0.836516
vn 0.500000 -0.224144 0.836516
vn 0.866025 -0.129410 0.482963
vn 0.866025 -0.129410 0.482963
vn 0.866025 -0.129410 0.482963
vn 0.866025 -0.129410 0.482963
vn 0.382683 0.239118 -0.892399
vn 0.382683 0.239118 -0.892399
vn 0.000000 0.258819 -0.965926
vn 0.382683 0.239118 -0.892399
vn 0.000000 0.258819 -0.965926
vn 0.382683 0.239118 -0.892399
vn 0.707107 0.183013 -0.683013
vn 0.707107 0.183013 -0.683013
vn 0.923880 0.099046 -0.369644
vn 0.923880 0.099046 -0.369644
vn 1.000000 -0.000000 -0.000000
vn 0.923880 0.099046 -0.369644
vn 1.000000 -0.000000 -0.000000
vn 0.923880 0.099046 -0.369644
vn 0.707107 0.183013 -0.683013
vn 0.707107 0.183013 -0.683013
vn 1.000000 -0.000000 0.000000
vn 1.000000 -0.000000 0.000000
vn 1.000000 -0.000000 0.000000
vn 1.000000 -0.000000 0.000000
vn 1.000000 -0.000000 0.000000
vn 1.000000 -0.000000 0.000000
vn 1.000000 -0.000000 0.000000
vn 1.000000 -0.000000 0.000000
vn 1.000000 -0.000000 0.000000
vn 1.000000 -0.000000 0.000000
vn 1.000000 -0.000000 0.000000
vn 1.000000 -0.000000 0.000000
vn 1.000000 -0.000000 0.000000
vn 1.000000 -0.000000 0.000000
vn 1.000000 -0.000000 0.000000
vn 1.000000 -0.000000 0.000000
vn 1.000000 -0.000000 0.000000
vn 1.000000 -0.000000 0.000000
vn 1.000000 -0.000000 0.000000
vn 1.000000 -0.000000 0.000000
vn 1.000000 -0.000000 0.000000
vn 1.000000 -0.000000 0.000000
vn 1.000000 -0.000000 0.000000
vn 0.923880 -0.099046 0.369644
vn 0.923880 -0.099046 0.369644
vn 0.923880 -0.099046 0.369644
vn 0.923880 -0.099046 0.369644
vn 0.707107 -0.183013 0.683013
vn 0.707107 -0.183013 0.683013
vn 0.382683 -0.239118 0.892399
vn 0.382683 -0.239118 0.892399
vn 0.000000 -0.258819 0.965926
vn 0.382683 -0.239118 0.892399
vn -0.000000 -0.258819 0.965926
vn 0.382683 -0.239118 0.892399
vn 0.707107 -0.183013 0.683013
vn 0.707107 -0.183013 0.683013
vn -0.000000 -0.258819 0.965926
vn -0.000000 -0.258819 0.965926
vn -0.997387 -0.018698 0.069781
vn -0.923880 -0.099046 0.369644
vn -0.923880 -0.099046 0.369644
vn -0.707107 -0.183013 0.683013
vn -0.707107 -0.183013 0.683013
vn -0.382683 -0.239118 0.892399
vn -0.382683 -0.239118 0.892399
vn -0.382683 -0.239118 0.892399
vn -0.382683 -0.239118 0.892399
vn -0.707107 -0.183013 0.683013
vn -0.707107 -0.183013 0.683013
vn -0.923880 -0.099046 0.369644
vn -0.923880 -0.099046 0.369644
vn -1.000000 0.000000 -0.000000
vn -0.994987 -0.025882 0.096593
vn -0.997387 -0.018698 0.069781
vn -1.000000 0.000000 -0.000000
vn -1.000000 0.000000 -0.000000
vn -1.000000 0.000000 -0.000000
vn -1.000000 0.000000 -0.000000
vn -1.000000 0.000000 -0.000000
vn -1.000000 0.000000 -0.000000
vn -1.000000 0.000000 -0.000000
vn -1.000000 0.000000 -0.000000
vn -1.000000 0.000000 -0.000000
vn -1.000000 0.000000 -0.000000
vn -1.000000 0.000000 -0.000000
vn -1.000000 0.000000 -0.000000
vn -1.000000 0.000000 -0.000000
vn -1.000000 0.000000 -0.000000
vn -1.000000 0.000000 -0.000000
vn -1.000000 0.000000 -0.000000
vn -1.000000 0.000000 -0.000000
vn -1.000000 0.000000 -0.000000
vn -1.000000 0.000000 -0.000000
vn -1.000000 0.000000 -0.000000
vn -1.000000 0.000000 -0.000000
vn -0.997387 0.018698 -0.069782
vn -0.923880 0.099046 -0.369644
vn -0.923880 0.099046 -0.369644
vn -0.707107 0.183013 -0.683013
vn -0.707107 0.183013 -0.683013
vn -0.382683 0.239118 -0.892399
vn -0.382683 0.239118 -0.892399
vn 0.000000 0.258819 -0.965926
vn -0.382683 0.239118 -0.892399
vn 0.000000 0.258819 -0.965926
vn -0.382683 0.239118 -0.892399
vn -0.707107 0.183013 -0.683013
vn -0.707107 0.183013 -0.683013
vn -0.923880 0.099046 -0.369644
vn -0.923880 0.099046 -0.369644
vn -1.000000 0.000012 -0.000046
vn -0.998425 0.014518 -0.054183
vn -0.996001 0.023124 -0.086301
vn -0.994985 0.025889 -0.096619
vn -0.000000 -0.965926 -0.258819
vn -0.000000 -0.965926 -0.258819
vn -0.000000 -0.965926 -0.258819
vn -0.000000 -0.965926 -0.258819
vn -0.000000 -0.965926 -0.258819
vn -0.000000 -0.965926 -0.258819
vn -0.000000 -0.965926 -0.258819
vn -0.000000 -0.965926 -0.258819
vn -0.000000 -0.965926 -0.258819
vn -0.000000 -0.965926 -0.258819
vn -0.000000 -0.965926 -0.258819
vn -0.000000 -0.965926 -0.258819
vn -0.000000 -0.965926 -0.258819
vn -0.000000 -0.965926 -0.258819
vn -0.000000 -0.965926 -0.258819
vn -0.000000 -0.965926 -0.258819
vn -0.000000 -0.965926 -0.258819
vn -0.000000 -0.965926 -0.258819
vn -0.000000 -0.965926 -0.258819
vn -0.000000 -0.965926 -0.258819
vn -0.000000 -0.965926 -0.258819
vn -0.000000 -0.965926 -0.258819
vn -0.000000 -0.965926 -0.258819
vn -0.000000 -0.965926 -0.258819
vn -0.000000 -0.965926 -0.258819
vn -0.000000 -0.965926 -0.258819
vn -0.000000 -0.965926 -0.258819
vn -0.000000 -0.965926 -0.258819
vn -0.000000 -0.965926 -0.258819
vn -0.000000 -0.965926 -0.258819
vn -0.000000 -0.965926 -0.258819
vn -0.000000 -0.965926 -0.258819
vn -0.000000 -0.965926 -0.258819
vn -0.000000 -0.965926 -0.258819
vn -0.000000 -0.965926 -0.258819
vn -0.000000 -0.965926 -0.258819
vn 0.000000 0.965926 0.258819
vn 0.000000 0.965926 0.258819
vn 0.000000 0.965926 0.258819
vn 0.000000 0.965926 0.258819
vn 0.000000 0.965926 0.258819
vn 0.000000 0.965926 0.258819
vn 0.000000 0.965926 0.258819
vn 0.000000 0.965926 0.258819
vn 0.000000 0.965926 0.258819
vn 0.000000 0.965926 0.258819
vn 0.000000 0.965926 0.258819
vn 0.000000 0.965926 0.258819
vn 0.000000 0.965926 0.258819
vn 0.000000 0.965926 0.258819
vn 0.000000 0.965926 0.258819
vn 0.000000 0.965926 0.258819
vn 0.000000 0.965926 0.258819
vn 0.000000 0.965926 0.258819
vn 0.000000 0.965926 0.258819
vn 0.000000 0.965926 0.258819
vn -0.866025 -0.129410 0.482963
vn -0.866025 -0.129410 0.482963
vn -1.000000 0.000000 -0.000000
vn -0.866025 -0.129410 0.482963
vn -0.866025 -0.129410 0.482963
vn -0.500000 -0.224144 0.836516
vn -0.500000 -0.224144 0.836516
vn -0.000000 -0.258819 0.965926
vn -0.500000 -0.224144 0.836516
vn -0.500000 -0.224144 0.836516
vn -0.866025 -0.129410 0.482963
vn -0.866025 -0.129410 0.482963
vn -0.866025 -0.129410 0.482963
vn -0.866025 -0.129410 0.482963
vn -0.500000 -0.224144 0.836516
vn -0.500000 -0.224144 0.836516
vn -0.000000 -0.258819 0.965926
vn -0.500000 -0.224144 0.836516
vn -0.500000 -0.224144 0.836516
vn -0.500000 -0.224144 0.836516
vn -0.500000 -0.224144 0.836516
vn -0.500000 -0.224144 0.836516
vn -0.500000 -0.224144 0.836516
vn -0.866025 -0.129410 0.482963
vn -0.866025 -0.129410 0.482963
vn -1.000000 -0.000000 0.000000
vn -0.866025 -0.129410 0.482963
vn -0.866025 -0.129410 0.482963
vn -0.500000 -0.224144 0.836516
vn -0.500000 -0.224144 0.836516
vn -0.500000 -0.224144 0.836516
vn -0.500000 -0.224144 0.836516
vn -0.866025 -0.129410 0.482963
vn -0.866025 -0.129410 0.482963
vn -0.866025 -0.129410 0.482963
vn -0.866025 -0.129410 0.482963
vn -0.500000 -0.224144 0.836516
vn -0.866025 -0.129410 0.482963
vn -0.500000 -0.224144 0.836516
vn -0.866025 -0.129410 0.482963
vn -0.500000 -0.224144 0.836516
vn -0.866025 -0.129410 0.482963
vn -0.500000 -0.224144 0.836516
vn -0.866025 -0.129410 0.482963
vn -0.000000 -0.258819 0.965926
vn -0.000000 -0.258819 0.965926
vn 0.500000 -0.224144 0.836516
vn 0.500000 -0.224144 0.836516
vn 0.500000 -0.224144 0.836516
vn 0.866025 -0.129410 0.482963
vn 0.866025 -0.129410 0.482963
vn 0.866025 -0.129410 0.482963
vn 0.866025 -0.129410 0.482963
vn 0.500000 -0.224144 0.836516
vn 0.500000 -0.224144 0.836516
vn 0.661046 -0.194204 0.724778
vn 0.500000 -0.224144 0.836516
vn 0.500000 -0.224144 0.836516
vn 0.500000 -0.224144 0.836516
vn 0.866025 -0.129410 0.482963
vn 0.866025 -0.129410 0.482963
vn 0.866025 -0.129410 0.482963
vn 0.866025 -0.129410 0.482963
vn 0.866025 -0.129410 0.482963
vn 0.866025 -0.129410 0.482963
vn 0.500000 -0.224144 0.836516
vn 0.500000 -0.224144 0.836516
vn -0.500000 0.224144 -0.836516
vn -0.500000 0.224144 -0.836516
vn 0.000000 0.258819 -0.965926
vn -0.500000 0.224144 -0.836516
vn -0.500000 0.224144 -0.836516
vn -0.866025 0.129410 -0.482963
vn -0.866025 0.129410 -0.482963
vn -1.000000 0.000000 -0.000000
vn -0.866025 0.129410 -0.482963
vn -0.866025 0.129410 -0.482963
vn -0.500000 0.224144 -0.836516
vn -0.500000 0.224144 -0.836516
vn -0.500000 0.224144 -0.836516
vn -0.500000 0.224144 -0.836516
vn -0.866025 0.129410 -0.482963
vn -0.866025 0.129410 -0.482963
vn -1.000000 0.000000 -0.000000
vn -0.866025 0.129410 -0.482963
vn -0.866025 0.129410 -0.482963
vn -0.866025 0.129410 -0.482963
vn -0.866025 0.129410 -0.482963
vn -0.866025 0.129410 -0.482963
vn -0.866025 0.129410 -0.482963
vn -0.500000 0.224144 -0.836516
vn -0.500000 0.224144 -0.836516
vn -0.500000 0.224144 -0.836516
vn -0.500000 0.224144 -0.836516
vn -0.866025 0.129410 -0.482963
vn -0.866025 0.129410 -0.482963
vn -0.866025 0.129410 -0.482963
vn -0.866025 0.129410 -0.482963
vn -0.500000 0.224144 -0.836516
vn -0.500000 0.224144 -0.836516
vn -0.500000 0.224144 -0.836516
vn -0.500000 0.224144 -0.836516
vn -0.866025 0.129410 -0.482963
vn -0.500000 0.224144 -0.836516
vn -0.866025 0.129410 -0.482963
vn -0.500000 0.224144 -0.836516
vn -0.866025 0.129410 -0.482963
vn -0.500000 0.224144 -0.836516
vn -0.866025 0.129410 -0.482963
vn -0.500000 0.224144 -0.836516
vn -0.000000 -0.965926 -0.258819
vn -0.000000 -0.965926 -0.258819
vn -0.000000 -0.965926 -0.258819
vn -0.000000 -0.965926 -0.258819
vn -0.000000 -0.965926 -0.258819
vn -0.000000 -0.965926 -0.258819
vn -0.000000 -0.965926 -0.258819
vn -0.000000 -0.965926 -0.258819
vn -0.000000 -0.965926 -0.258819
vn -0.000000 -0.965926 -0.258819
vn -0.000000 -0.965926 -0.258819
vn -0.000000 -0.965926 -0.258819
vn -0.000000 -0.965926 -0.258819
vn -0.000000 -0.965926 -0.258819
vn -0.000000 -0.965926 -0.258819
vn -0.000000 -0.965926 -0.258819
vn 0.000000 0.599594 -0.800304
vn 0.000000 0.600171 -0.799871
vn 0.000000 0.518927 -0.854818
vn 0.000000 0.601314 -0.799013
vn 0.000000 0.506677 -0.862136
vn 0.000000 0.604453 -0.796641
vn 0.000000 0.611441 -0.791290
vn 0.000000 0.621224 -0.783633
vn 0.000000 0.626592 -0.779347
vn 0.000000 0.660573 -0.750762
vn 0.000000 0.693252 -0.720695
vn 0.000000 0.724563 -0.689208
vn 0.000000 0.434358 -0.900740
vn 0.000000 0.384595 -0.923085
vn 0.000000 0.347217 -0.937785
vn 0.000000 0.258819 -0.965926
vn 0.000000 0.258819 -0.965926
vn 0.000000 0.134433 -0.990923
vn 0.000000 0.134433 -0.990923
vn 0.000000 0.004564 -0.999990
vn 0.000000 0.004564 -0.999990
vn 0.000000 -0.127675 -0.991816
vn 0.000000 -0.127675 -0.991816
vn 0.000000 -0.258819 -0.965926
vn 0.000000 -0.258819 -0.965926
vn -0.000000 -0.385338 -0.922775
vn -0.000000 -0.385338 -0.922775
vn -0.000000 -0.503947 -0.863735
vn -0.000000 -0.503947 -0.863735
vn -0.000000 -0.611884 -0.790948
vn -0.000000 -0.611884 -0.790948
vn -0.000000 -0.707107 -0.707107
vn -0.000000 -0.707107 -0.707107
vn -0.000000 -0.790948 -0.611884
vn -0.000000 -0.790948 -0.611884
vn -0.000000 -0.863735 -0.503947
vn -0.000000 -0.863735 -0.503947
vn -0.000000 -0.922775 -0.385338
vn -0.000000 -0.922775 -0.385338
vn -0.000000 -0.965926 -0.258819
vn -0.000000 -0.965926 -0.258819
vn -0.000000 -0.991816 -0.127675
vn -0.000000 -0.991816 -0.127675
vn -0.000000 -0.999990 0.004564
vn -0.000000 -0.999990 0.004564
vn -0.000000 -0.990923 0.134433
vn -0.000000 -0.990923 0.134433
vn -0.000000 -0.965926 0.258819
vn -0.000000 -0.965926 0.258819
vn -0.000000 -0.925381 0.379039
vn -0.000000 -0.925381 0.379039
vn -0.000000 -0.868298 0.496043
vn -0.000000 -0.868298 0.496043
vn -0.000000 -0.795100 0.606478
vn -0.000000 -0.795100 0.606478
vn -0.000000 -0.707107 0.707107
vn -0.000000 -0.707107 0.707107
vn -0.000000 -0.606478 0.795100
vn -0.000000 -0.606478 0.795100
vn -0.000000 -0.496043 0.868298
vn -0.000000 -0.496043 0.868298
vn -0.000000 -0.379039 0.925381
vn -0.000000 -0.379039 0.925381
vn -0.000000 -0.258819 0.965926
vn -0.000000 -0.258819 0.965926
vn 0.865869 0.413249 -0.281951
vn 0.865858 0.409403 -0.287540
vn 0.865867 0.375400 -0.330680
vn 0.865855 0.367613 -0.339347
vn 0.865869 0.325452 -0.379936
vn 0.865858 0.318821 -0.385543
vn 0.865877 0.269264 -0.421609
vn 0.865867 0.264603 -0.424571
vn 0.865890 0.208602 -0.454665
vn 0.865880 0.206430 -0.455673
vn 0.865906 0.145400 -0.478607
vn 0.865897 0.145994 -0.478443
vn 0.865890 0.084697 -0.493011
vn 0.865880 0.085347 -0.492917
vn 0.865878 0.020743 -0.499825
vn 0.865867 0.021430 -0.499816
vn 0.865870 -0.045016 -0.498240
vn 0.865858 -0.044315 -0.498324
vn 0.865867 -0.110902 -0.487827
vn 0.865855 -0.110256 -0.487995
vn 0.865870 -0.175134 -0.468613
vn 0.865858 -0.174479 -0.468879
vn 0.865878 -0.235985 -0.441097
vn 0.865867 -0.235388 -0.441438
vn 0.865890 -0.291933 -0.406213
vn 0.865880 -0.291410 -0.406610
vn 0.865906 -0.341786 -0.365224
vn 0.865897 -0.341346 -0.365657
vn 0.865890 -0.384612 -0.319855
vn 0.865880 -0.384205 -0.320371
vn 0.865878 -0.422490 -0.267876
vn 0.865867 -0.422138 -0.268467
vn 0.865870 -0.453997 -0.210135
vn 0.865858 -0.453718 -0.210784
vn 0.865867 -0.477922 -0.147870
vn 0.865855 -0.477745 -0.148509
vn 0.865870 -0.493397 -0.082636
vn 0.865858 -0.493301 -0.083336
vn 0.865878 -0.499994 -0.016180
vn 0.865867 -0.499991 -0.016867
vn 0.865890 -0.497757 0.049715
vn 0.865880 -0.497840 0.049063
vn 0.865906 -0.487186 0.113383
vn 0.865897 -0.487341 0.112786
vn 0.865890 -0.469309 0.173156
vn 0.865880 -0.469552 0.172546
vn 0.865878 -0.443233 0.231949
vn 0.865867 -0.443568 0.231349
vn 0.865870 -0.408981 0.288105
vn 0.865858 -0.409403 0.287540
vn 0.865867 -0.367020 0.339957
vn 0.865855 -0.367519 0.339449
vn 0.865870 -0.318264 0.385977
vn 0.865858 -0.318586 0.385737
vn 0.865878 -0.264009 0.424917
vn 0.865867 -0.264603 0.424571
vn 0.865890 -0.205824 0.455928
vn 0.865880 -0.206430 0.455673
vn 0.865906 -0.145400 0.478607
vn 0.865879 -0.173883 0.469062
vn 0.865887 -0.146636 0.478264
vn 0.865867 0.443568 -0.231349
vn 0.865876 0.444810 -0.228918
vn 0.865880 0.469662 -0.172246
vn 0.865887 0.469578 -0.172442
vn 0.865902 0.487263 -0.113086
vn 0.865897 0.487341 -0.112786
vn 0.865885 0.497649 -0.050884
vn 0.865880 0.497840 -0.049063
vn 0.865870 0.500125 0.011991
vn 0.865867 0.499991 0.016867
vn 0.865860 0.494685 0.074650
vn 0.865858 0.493301 0.083336
vn 0.865855 0.481368 0.136310
vn 0.865844 0.492956 0.085487
vn 0.865841 0.477560 0.149182
vn 0.865855 0.460430 0.195704
vn 0.865844 0.454030 0.210166
vn 0.865860 0.432225 0.251928
vn 0.865854 0.423002 0.267145
vn 0.865871 0.396856 0.304587
vn 0.865868 0.385088 0.319342
vn 0.865879 0.372621 0.333776
vn 0.865887 0.340872 0.366122
vn 0.865892 0.341079 0.365919
vn 0.865882 0.317274 0.386763
vn 0.865872 0.299858 0.400439
vn 0.865872 0.290299 0.407421
vn 0.865864 0.263671 0.425155
vn 0.865859 0.255543 0.430100
vn 0.865858 0.239869 0.439036
vn 0.865849 0.208498 0.454790
vn 0.865849 0.198406 0.459282
vn 0.865843 0.160007 0.474039
vn 0.865854 0.499900 0.019946
vn 0.865868 0.498112 -0.046438
vn 0.865887 0.487507 -0.112143
vn 0.865868 0.469171 -0.173640
vn 0.865854 0.442898 -0.232678
vn 0.865845 0.409137 -0.287958
vn 0.865841 0.368243 -0.338697
vn 0.865844 0.320683 -0.384026
vn 0.865854 0.267323 -0.422890
vn 0.865868 0.208961 -0.454541
vn 0.865887 0.146633 -0.478265
vn 0.865868 0.084089 -0.493154
vn 0.865854 0.019909 -0.499901
vn 0.865844 -0.045093 -0.498277
vn 0.865841 -0.109557 -0.488176
vn 0.865844 -0.172477 -0.469643
vn 0.865854 -0.232850 -0.442807
vn 0.865868 -0.289274 -0.408158
vn 0.865887 -0.340872 -0.366122
vn 0.865868 -0.385076 -0.319356
vn 0.865854 -0.422992 -0.267162
vn 0.865844 -0.454023 -0.210183
vn 0.865841 -0.477555 -0.149199
vn 0.865844 -0.492954 -0.085496
vn 0.865854 -0.499900 -0.019933
vn 0.865868 -0.498111 0.046446
vn 0.865887 -0.487507 0.112143
vn 0.865871 -0.472666 0.163873
vn 0.865858 -0.452196 0.214030
vn 0.865848 -0.426356 0.261777
vn 0.865843 -0.395349 0.306619
vn 0.865841 -0.359380 0.348087
vn 0.865845 -0.318950 0.385466
vn 0.865852 -0.274500 0.418270
vn 0.865864 -0.226397 0.446122
vn 0.865871 -0.200498 0.458332
vn -0.865855 -0.427268 0.260263
vn -0.865871 -0.458474 0.200173
vn -0.865880 -0.455673 0.206430
vn -0.865889 -0.478284 0.146564
vn -0.865897 -0.478442 0.145995
vn -0.865875 -0.489881 0.101373
vn -0.865880 -0.492917 0.085347
vn -0.865867 -0.496093 0.064552
vn -0.865867 -0.499816 0.021430
vn -0.865856 -0.500294 -0.000282
vn -0.865858 -0.498324 -0.044315
vn -0.865850 -0.496046 -0.065127
vn -0.865855 -0.488005 -0.110212
vn -0.865851 -0.483436 -0.128811
vn -0.865858 -0.468879 -0.174480
vn -0.865857 -0.462722 -0.190208
vn -0.865878 -0.441097 -0.235985
vn -0.865867 -0.441438 -0.235388
vn -0.865869 -0.434189 -0.248498
vn -0.865890 -0.406213 -0.291933
vn -0.865883 -0.400635 -0.299562
vn -0.865899 -0.365579 -0.341425
vn -0.865906 -0.365224 -0.341786
vn -0.865887 -0.330919 -0.375144
vn -0.865890 -0.319855 -0.384612
vn -0.865878 -0.299437 -0.400740
vn -0.865878 -0.267876 -0.422490
vn -0.865871 -0.267628 -0.422661
vn -0.865867 -0.234230 -0.442053
vn -0.865870 -0.210135 -0.453997
vn -0.865864 -0.199394 -0.458826
vn -0.865863 -0.163380 -0.472851
vn -0.865867 -0.147870 -0.477922
vn -0.865864 -0.126413 -0.484044
vn -0.865870 -0.082636 -0.493397
vn -0.865867 -0.088661 -0.492355
vn -0.865868 -0.080462 -0.493760
vn -0.865867 -0.069430 -0.495432
vn -0.865866 -0.043158 -0.498411
vn -0.865878 -0.016180 -0.499994
vn -0.865867 -0.016867 -0.499991
vn -0.865890 0.049715 -0.497757
vn -0.865880 0.049063 -0.497840
vn -0.865906 0.113383 -0.487186
vn -0.865897 0.112786 -0.487341
vn -0.865894 0.157276 -0.474859
vn -0.865885 0.156667 -0.475078
vn -0.865884 0.200871 -0.458144
vn -0.865873 0.200262 -0.458430
vn -0.865876 0.243529 -0.436982
vn -0.865870 0.283833 -0.411957
vn -0.865870 0.284584 -0.411438
vn -0.865869 0.032115 -0.499239
vn -0.865887 0.112143 -0.487507
vn -0.865867 0.204565 -0.456539
vn -0.865870 -0.468613 -0.175134
vn -0.865867 -0.487827 -0.110902
vn -0.865870 -0.498240 -0.045016
vn -0.865878 -0.499825 0.020743
vn -0.865890 -0.493011 0.084697
vn -0.865906 -0.478607 0.145400
vn -0.865890 -0.455928 0.205824
vn -0.865867 -0.424571 0.264603
vn -0.865845 -0.388448 0.315310
vn -0.865858 -0.385543 0.318821
vn -0.865841 -0.342841 0.364388
vn -0.865855 -0.339449 0.367519
vn -0.865844 -0.291376 0.406711
vn -0.865858 -0.287540 0.409403
vn -0.865853 -0.235061 0.441639
vn -0.865867 -0.231349 0.443568
vn -0.865868 -0.174953 0.468683
vn -0.865880 -0.172546 0.469552
vn -0.865887 -0.112143 0.487507
vn -0.865906 -0.113383 0.487186
vn -0.865890 -0.173156 0.469309
vn -0.865878 -0.231949 0.443233
vn -0.865870 -0.288105 0.408981
vn -0.865867 -0.339957 0.367020
vn -0.865870 -0.385977 0.318264
vn -0.865878 -0.424917 0.264009
vn 0.000000 0.965926 0.258819
vn 0.000000 0.965926 0.258819
vn 0.000000 0.965926 0.258819
vn 0.000000 0.965926 0.258819
usemtl Opaque(202,209,238)
f 2/1/1 39/2/2 1/3/3
f 1/3/3 39/2/2 44/4/4
f 1/3/3 44/4/4 21/5/5
f 21/5/5 44/4/4 96/6/6
f 21/5/5 96/6/6 20/7/7
f 20/7/7 96/6/6 93/8/8
f 20/7/7 93/8/8 19/9/9
f 19/9/9 93/8/8 90/10/10
f 19/9/9 90/10/10 18/11/11
f 18/11/11 90/10/10 87/12/12
f 18/11/11 87/12/12 17/13/13
f 17/13/13 87/12/12 84/14/14
f 17/13/13 84/14/14 16/15/15
f 16/15/15 84/14/14 81/16/16
f 16/15/15 81/16/16 15/17/17
f 15/17/17 81/16/16 78/18/18
f 15/17/17 78/18/18 14/19/19
f 14/19/19 78/18/18 75/20/20
f 14/19/19 75/20/20 13/21/21
f 13/21/21 75/20/20 72/22/22
f 13/21/21 72/22/22 12/23/23
f 12/23/23 72/22/22 36/24/24
f 12/23/23 36/24/24 11/25/25
f 11/26/25 36/27/24 69/28/26
f 11/26/25 69/28/26 10/29/27
f 10/29/27 69/28/26 66/30/28
f 10/29/27 66/30/28 9/31/29
f 9/31/29 66/30/28 63/32/30
f 9/31/29 63/32/30 8/33/31
f 8/33/31 63/32/30 60/34/32
f 8/33/31 60/34/32 7/35/33
f 7/35/33 60/34/32 57/36/34
f 7/35/33 57/36/34 6/37/35
f 6/37/35 57/36/34 54/38/36
f 6/37/35 54/38/36 5/39/37
f 5/39/37 54/38/36 51/40/38
f 5/39/37 51/40/38 4/41/39
f 4/41/39 51/40/38 48/42/40
f 4/41/39 48/42/40 3/43/41
f 3/43/41 48/42/40 45/44/42
f 3/43/41 45/44/42 2/1/1
f 2/1/1 45/44/42 39/2/2
f 23/45/43 42/46/44 22/47/45
f 22/47/45 42/46/44 41/48/46
f 22/47/45 41/48/46 35/49/47
f 35/49/47 41/48/46 47/50/48
f 35/49/47 47/50/48 50/51/49
f 50/51/49 47/50/48 46/52/50
f 50/51/49 46/52/50 49/53/51
f 49/53/51 46/52/50 45/44/42
f 49/53/51 45/44/42 48/42/40
f 24/54/52 95/55/53 23/45/43
f 23/45/43 95/55/53 98/56/54
f 23/45/43 98/56/54 42/46/44
f 42/46/44 98/56/54 97/57/55
f 42/46/44 97/57/55 43/58/56
f 43/58/56 97/57/55 96/6/6
f 43/58/56 96/6/6 44/4/4
f 95/55/53 24/54/52 92/59/57
f 92/59/57 24/54/52 25/60/58
f 92/59/57 25/60/58 89/61/59
f 89/61/59 25/60/58 86/62/60
f 89/61/59 86/62/60 85/63/61
f 85/63/61 86/62/60 82/64/62
f 85/63/61 82/64/62 81/16/16
f 81/16/16 82/64/62 78/18/18
f 25/60/58 26/65/63 86/62/60
f 86/62/60 26/65/63 83/66/64
f 86/62/60 83/66/64 82/64/62
f 82/64/62 83/66/64 79/67/65
f 82/64/62 79/67/65 78/18/18
f 78/18/18 79/67/65 75/20/20
f 26/65/63 27/68/66 83/66/64
f 83/66/64 27/68/66 80/69/67
f 83/66/64 80/69/67 79/67/65
f 79/67/65 80/69/67 76/70/68
f 79/67/65 76/70/68 75/20/20
f 75/20/20 76/70/68 72/22/22
f 80/69/67 27/68/66 77/71/69
f 77/71/69 27/68/66 28/72/70
f 77/71/69 28/72/70 74/73/71
f 74/73/71 28/72/70 29/74/72
f 74/73/71 29/74/72 38/75/73
f 38/76/73 29/77/72 71/78/74
f 38/76/73 71/78/74 70/79/75
f 70/79/75 71/78/74 67/80/76
f 70/79/75 67/80/76 66/30/28
f 66/30/28 67/80/76 63/32/30
f 29/77/72 30/81/77 71/78/74
f 71/78/74 30/81/77 68/82/78
f 71/78/74 68/82/78 67/80/76
f 67/80/76 68/82/78 64/83/79
f 67/80/76 64/83/79 63/32/30
f 63/32/30 64/83/79 60/34/32
f 30/81/77 31/84/80 68/82/78
f 68/82/78 31/84/80 65/85/81
f 68/82/78 65/85/81 64/83/79
f 64/83/79 65/85/81 61/86/82
f 64/83/79 61/86/82 60/34/32
f 60/34/32 61/86/82 57/36/34
f 65/85/81 31/84/80 62/87/83
f 62/87/83 31/84/80 32/88/84
f 62/87/83 32/88/84 59/89/85
f 59/89/85 32/88/84 33/90/86
f 59/89/85 33/90/86 56/91/87
f 56/91/87 33/90/86 53/92/88
f 56/91/87 53/92/88 52/93/89
f 52/93/89 53/92/88 49/53/51
f 52/93/89 49/53/51 48/42/40
f 33/90/86 34/94/90 53/92/88
f 53/92/88 34/94/90 50/51/49
f 53/92/88 50/51/49 49/53/51
f 34/94/90 35/49/47 50/51/49
f 36/27/24 37/95/91 69/28/26
f 69/28/26 37/95/91 70/79/75
f 69/28/26 70/79/75 66/30/28
f 74/73/71 38/75/73 37/96/91
f 37/95/91 38/76/73 70/79/75
f 37/96/91 36/24/24 73/97/92
f 73/97/92 36/24/24 72/22/22
f 73/97/92 72/22/22 76/70/68
f 43/58/56 44/4/4 40/98/93
f 40/98/93 44/4/4 39/2/2
f 40/98/93 39/2/2 46/52/50
f 46/52/50 39/2/2 45/44/42
f 42/46/44 43/58/56 41/48/46
f 41/48/46 43/58/56 40/98/93
f 41/48/46 40/98/93 47/50/48
f 47/50/48 40/98/93 46/52/50
f 48/42/40 51/40/38 52/93/89
f 52/93/89 51/40/38 55/99/94
f 52/93/89 55/99/94 56/91/87
f 56/91/87 55/99/94 59/89/85
f 51/40/38 54/38/36 55/99/94
f 55/99/94 54/38/36 58/100/95
f 55/99/94 58/100/95 59/89/85
f 59/89/85 58/100/95 62/87/83
f 54/38/36 57/36/34 58/100/95
f 58/100/95 57/36/34 61/86/82
f 58/100/95 61/86/82 62/87/83
f 62/87/83 61/86/82 65/85/81
f 77/71/69 74/73/71 73/97/92
f 73/97/92 74/73/71 37/96/91
f 77/71/69 73/97/92 76/70/68
f 80/69/67 77/71/69 76/70/68
f 81/16/16 84/14/14 85/63/61
f 85/63/61 84/14/14 88/101/96
f 85/63/61 88/101/96 89/61/59
f 89/61/59 88/101/96 92/59/57
f 84/14/14 87/12/12 88/101/96
f 88/101/96 87/12/12 91/102/97
f 88/101/96 91/102/97 92/59/57
f 92/59/57 91/102/97 95/55/53
f 87/12/12 90/10/10 91/102/97
f 91/102/97 90/10/10 94/103/98
f 91/102/97 94/103/98 95/55/53
f 95/55/53 94/103/98 98/56/54
f 90/10/10 93/8/8 94/103/98
f 94/103/98 93/8/8 97/57/55
f 94/103/98 97/57/55 98/56/54
f 96/6/6 97/57/55 93/8/8
f 21/104/5 121/105/99 1/106/3
f 1/106/3 121/105/99 120/107/100
f 1/108/3 120/109/100 2/110/1
f 2/110/1 120/109/100 140/111/101
f 2/110/1 140/111/101 3/112/41
f 3/112/41 140/111/101 139/113/102
f 3/112/41 139/113/102 4/114/39
f 4/114/39 139/113/102 138/115/103
f 4/114/39 138/115/103 5/116/37
f 5/116/37 138/115/103 137/117/104
f 5/116/37 137/117/104 6/118/35
f 6/118/35 137/117/104 136/119/105
f 6/118/35 136/119/105 7/120/33
f 7/120/33 136/119/105 135/121/106
f 7/120/33 135/121/106 8/122/31
f 8/122/31 135/121/106 134/123/107
f 8/122/31 134/123/107 9/124/29
f 9/124/29 134/123/107 133/125/108
f 9/124/29 133/125/108 10/126/27
f 10/126/27 133/125/108 132/127/109
f 10/126/27 132/127/109 11/128/25
f 11/128/25 132/127/109 131/129/110
f 11/128/25 131/129/110 12/130/23
f 12/130/23 131/129/110 130/131/111
f 12/130/23 130/131/111 13/132/21
f 13/132/21 130/131/111 129/133/112
f 13/132/21 129/133/112 14/134/19
f 14/134/19 129/133/112 128/135/113
f 14/134/19 128/135/113 15/136/17
f 15/136/17 128/135/113 127/137/114
f 15/136/17 127/137/114 16/138/15
f 16/138/15 127/137/114 126/139/115
f 16/138/15 126/139/115 17/140/13
f 17/140/13 126/139/115 125/141/116
f 17/140/13 125/141/116 18/142/11
f 18/142/11 125/141/116 124/143/117
f 18/142/11 124/143/117 19/144/9
f 19/144/9 124/143/117 123/145/118
f 19/144/9 123/145/118 20/146/7
f 20/146/7 123/145/118 122/147/119
f 20/146/7 122/147/119 21/104/5
f 21/104/5 122/147/119 121/105/99
f 100/148/120 130/131/111 99/149/121
f 99/149/121 130/131/111 131/129/110
f 99/149/121 131/129/110 119/150/122
f 119/150/122 131/129/110 132/127/109
f 119/150/122 132/127/109 118/151/123
f 118/151/123 132/127/109 133/125/108
f 118/151/123 133/125/108 117/152/124
f 117/152/124 133/125/108 134/123/107
f 117/152/124 134/123/107 116/153/125
f 116/153/125 134/123/107 135/121/106
f 116/153/125 135/121/106 115/154/126
f 115/154/126 135/121/106 136/119/105
f 115/154/126 136/119/105 114/155/127
f 114/155/127 136/119/105 137/117/104
f 114/155/127 137/117/104 113/156/128
f 113/156/128 137/117/104 138/115/103
f 113/156/128 138/115/103 112/157/129
f 112/157/129 138/115/103 139/113/102
f 112/157/129 139/113/102 111/158/130
f 111/158/130 139/113/102 140/111/101
f 111/158/130 140/111/101 110/159/131
f 110/159/131 140/111/101 120/109/100
f 110/159/131 120/109/100 109/160/132
f 109/161/132 120/107/100 121/105/99
f 109/161/132 121/105/99 108/162/133
f 108/162/133 121/105/99 122/147/119
f 108/162/133 122/147/119 107/163/134
f 107/163/134 122/147/119 123/145/118
f 107/163/134 123/145/118 106/164/135
f 106/164/135 123/145/118 124/143/117
f 106/164/135 124/143/117 105/165/136
f 105/165/136 124/143/117 125/141/116
f 105/165/136 125/141/116 104/166/137
f 104/166/137 125/141/116 126/139/115
f 104/166/137 126/139/115 103/167/138
f 103/167/138 126/139/115 127/137/114
f 103/167/138 127/137/114 102/168/139
f 102/168/139 127/137/114 128/135/113
f 102/168/139 128/135/113 101/169/140
f 101/169/140 128/135/113 129/133/112
f 101/169/140 129/133/112 100/148/120
f 100/148/120 129/133/112 130/131/111
f 142/170/141 160/171/142 141/172/143
f 141/172/143 160/171/142 161/173/144
f 141/172/143 161/173/144 248/174/145
f 248/174/145 161/173/144 162/175/146
f 248/174/145 162/175/146 247/176/147
f 247/176/147 162/175/146 163/177/148
f 247/176/147 163/177/148 246/178/149
f 246/178/149 163/177/148 245/179/150
f 245/179/150 163/177/148 164/180/151
f 245/179/150 164/180/151 244/181/152
f 244/181/152 164/180/151 165/182/153
f 244/181/152 165/182/153 243/183/154
f 243/183/154 165/182/153 166/184/155
f 243/183/154 166/184/155 242/185/156
f 242/185/156 166/184/155 241/186/157
f 241/186/157 166/184/155 167/187/158
f 241/186/157 167/187/158 240/188/159
f 240/188/159 167/187/158 168/189/160
f 240/188/159 168/189/160 239/190/161
f 239/190/161 168/189/160 169/191/162
f 239/190/161 169/191/162 238/192/163
f 238/192/163 169/191/162 170/193/164
f 238/192/163 170/193/164 237/194/165
f 237/194/165 170/193/164 171/195/166
f 237/194/165 171/195/166 236/196/167
f 236/196/167 171/195/166 172/197/168
f 236/196/167 172/197/168 235/198/169
f 235/198/169 172/197/168 173/199/170
f 235/198/169 173/199/170 234/200/171
f 234/200/171 173/199/170 233/201/172
f 233/201/172 173/199/170 174/202/173
f 233/201/172 174/202/173 232/203/174
f 232/203/174 174/202/173 175/204/175
f 232/203/174 175/204/175 231/205/176
f 231/205/176 175/204/175 176/206/177
f 231/205/176 176/206/177 230/207/178
f 230/207/178 176/206/177 177/208/179
f 230/207/178 177/208/179 229/209/180
f 229/209/180 177/208/179 178/210/181
f 229/209/180 178/210/181 228/211/182
f 228/211/182 178/210/181 179/212/183
f 228/211/182 179/212/183 227/213/184
f 227/213/184 179/212/183 180/214/185
f 227/213/184 180/214/185 226/215/186
f 226/215/186 180/214/185 181/216/187
f 226/215/186 181/216/187 182/217/188
f 143/218/189 157/219/190 142/170/141
f 142/170/141 157/219/190 159/220/191
f 142/170/141 159/220/191 160/171/142
f 143/221/189 144/222/192 157/223/190
f 157/223/190 144/222/192 156/224/193
f 156/224/193 144/222/192 145/225/194
f 156/224/193 145/225/194 155/226/195
f 155/226/195 145/225/194 146/227/196
f 155/226/195 146/227/196 154/228/197
f 154/228/197 146/227/196 147/229/198
f 154/228/197 147/229/198 153/230/199
f 153/230/199 147/229/198 148/231/200
f 153/230/199 148/231/200 152/232/201
f 152/232/201 148/231/200 149/233/202
f 152/232/201 149/233/202 151/234/203
f 151/234/203 149/233/202 150/235/204
f 157/219/190 158/236/205 159/220/191
f 226/215/186 182/217/188 225/237/206
f 225/237/206 182/217/188 183/238/207
f 225/237/206 183/238/207 224/239/208
f 224/239/208 183/238/207 184/240/209
f 224/239/208 184/240/209 223/241/210
f 223/241/210 184/240/209 185/242/211
f 223/241/210 185/242/211 222/243/212
f 222/243/212 185/242/211 186/244/213
f 222/243/212 186/244/213 221/245/214
f 221/245/214 186/244/213 187/246/215
f 221/245/214 187/246/215 220/247/216
f 220/247/216 187/246/215 188/248/217
f 220/247/216 188/248/217 219/249/218
f 219/249/218 188/248/217 189/250/219
f 219/249/218 189/250/219 218/251/220
f 218/251/220 189/250/219 217/252/221
f 217/252/221 189/250/219 190/253/222
f 217/252/221 190/253/222 216/254/223
f 216/254/223 190/253/222 191/255/224
f 216/254/223 191/255/224 215/256/225
f 215/256/225 191/255/224 192/257/226
f 215/256/225 192/257/226 214/258/227
f 214/258/227 192/257/226 193/259/228
f 214/258/227 193/259/228 213/260/229
f 213/260/229 193/259/228 194/261/230
f 213/260/229 194/261/230 212/262/231
f 212/262/231 194/261/230 195/263/232
f 212/262/231 195/263/232 211/264/233
f 211/264/233 195/263/232 196/265/234
f 211/264/233 196/265/234 210/266/235
f 210/266/235 196/265/234 209/267/236
f 209/267/236 196/265/234 197/268/237
f 209/267/236 197/268/237 208/269/238
f 208/269/238 197/268/237 198/270/239
f 208/269/238 198/270/239 207/271/240
f 207/271/240 198/270/239 199/272/241
f 207/271/240 199/272/241 206/273/242
f 206/273/242 199/272/241 205/274/243
f 205/274/243 199/272/241 200/275/244
f 205/274/243 200/275/244 204/276/245
f 204/276/245 200/275/244 201/277/246
f 204/276/245 201/277/246 203/278/247
f 203/278/247 201/277/246 202/279/248
f 249/280/249 250/281/250 268/282/251
f 268/282/251 250/281/250 251/283/252
f 268/282/251 251/283/252 252/284/253
f 252/284/253 253/285/254 268/282/251
f 268/282/251 253/285/254 254/286/255
f 268/282/251 254/286/255 255/287/256
f 255/287/256 256/288/257 268/282/251
f 268/282/251 256/288/257 257/289/258
f 268/282/251 257/289/258 258/290/259
f 258/290/259 259/291/260 268/282/251
f 268/282/251 259/291/260 260/292/261
f 268/282/251 260/292/261 261/293/262
f 268/282/251 261/293/262 267/294/263
f 267/294/263 261/293/262 262/295/264
f 267/294/263 262/295/264 263/296/265
f 263/296/265 264/297/266 267/294/263
f 267/294/263 264/297/266 265/298/267
f 267/294/263 265/298/267 266/299/268
f 266/299/268 150/300/269 267/294/263
f 267/294/263 150/300/269 149/301/270
f 267/294/263 149/301/270 148/302/271
f 148/302/271 147/303/272 267/294/263
f 267/294/263 147/303/272 146/304/273
f 267/294/263 146/304/273 145/305/274
f 270/306/275 280/307/276 269/308/277
f 269/308/277 280/307/276 281/309/278
f 269/308/277 281/309/278 282/310/279
f 282/310/279 281/309/278 288/311/280
f 282/310/279 288/311/280 289/312/281
f 289/312/281 288/311/280 276/313/282
f 289/312/281 276/313/282 290/314/283
f 290/314/283 276/313/282 291/315/284
f 290/314/283 291/315/284 284/316/285
f 284/316/285 291/315/284 285/317/286
f 284/316/285 285/317/286 279/318/287
f 279/318/287 285/317/286 278/319/288
f 278/319/288 285/317/286 277/320/289
f 277/320/289 285/317/286 291/315/284
f 277/320/289 291/315/284 276/313/282
f 280/307/276 270/306/275 286/321/290
f 286/321/290 270/306/275 271/322/291
f 286/321/290 271/322/291 272/323/292
f 272/323/292 273/324/293 286/321/290
f 286/321/290 273/324/293 287/325/294
f 286/321/290 287/325/294 280/307/276
f 280/307/276 287/325/294 281/309/278
f 274/326/295 276/313/282 273/324/293
f 273/324/293 276/313/282 288/311/280
f 273/324/293 288/311/280 287/325/294
f 287/325/294 288/311/280 281/309/278
f 274/326/295 275/327/296 276/313/282
f 284/316/285 279/318/287 283/328/297
f 283/328/297 279/318/287 269/308/277
f 283/328/297 269/308/277 282/310/279
f 290/314/283 284/316/285 283/328/297
f 290/314/283 283/328/297 289/312/281
f 289/312/281 283/328/297 282/310/279
f 313/329/298 292/330/299 279/331/287
f 279/331/287 292/330/299 293/332/300
f 279/331/287 293/332/300 294/333/301
f 294/333/301 269/334/277 279/331/287
f 295/335/302 306/336/303 279/331/287
f 279/331/287 306/336/303 307/337/304
f 279/331/287 307/337/304 308/338/305
f 141/339/306 248/340/307 295/335/302
f 295/335/302 248/340/307 247/341/308
f 295/335/302 247/341/308 246/342/309
f 246/342/309 296/343/310 295/335/302
f 295/335/302 296/343/310 297/344/311
f 295/335/302 297/344/311 298/345/312
f 298/345/312 299/346/313 295/335/302
f 295/335/302 299/346/313 300/347/314
f 295/335/302 300/347/314 301/348/315
f 301/348/315 302/349/316 295/335/302
f 295/335/302 302/349/316 303/350/317
f 295/335/302 303/350/317 304/351/318
f 304/351/318 305/352/319 295/335/302
f 295/335/302 305/352/319 306/336/303
f 308/338/305 309/353/320 279/331/287
f 279/331/287 309/353/320 310/354/321
f 279/331/287 310/354/321 311/355/322
f 311/355/322 312/356/323 279/331/287
f 279/331/287 312/356/323 313/329/298
f 315/357/324 320/358/325 314/359/326
f 314/359/326 320/358/325 321/360/327
f 314/359/326 321/360/327 322/361/328
f 322/361/328 321/360/327 329/362/329
f 322/361/328 329/362/329 330/363/330
f 330/363/330 329/362/329 268/364/251
f 330/363/330 268/364/251 331/365/331
f 331/365/331 268/364/251 332/366/332
f 331/365/331 332/366/332 324/367/333
f 324/367/333 332/366/332 325/368/334
f 324/367/333 325/368/334 319/369/335
f 319/369/335 325/368/334 326/370/336
f 319/369/335 326/370/336 318/371/337
f 318/371/337 326/370/336 317/372/338
f 317/372/338 326/370/336 333/373/339
f 317/372/338 333/373/339 268/364/251
f 268/364/251 333/373/339 332/366/332
f 320/358/325 315/357/324 327/374/340
f 327/374/340 315/357/324 316/375/341
f 327/374/340 316/375/341 328/376/342
f 328/376/342 316/375/341 329/362/329
f 328/376/342 329/362/329 321/360/327
f 249/377/249 268/364/251 316/375/341
f 316/375/341 268/364/251 329/362/329
f 324/367/333 319/369/335 323/378/343
f 323/378/343 319/369/335 314/359/326
f 323/378/343 314/359/326 322/361/328
f 328/376/342 321/360/327 320/358/325
f 327/374/340 328/376/342 320/358/325
f 331/365/331 324/367/333 323/378/343
f 331/365/331 323/378/343 330/363/330
f 330/363/330 323/378/343 322/361/328
f 333/373/339 326/370/336 325/368/334
f 333/373/339 325/368/334 332/366/332
f 276/379/282 275/380/344 338/381/345
f 338/381/345 275/380/344 334/382/346
f 338/381/345 334/382/346 335/383/347
f 338/381/345 335/383/347 337/384/348
f 337/384/348 335/383/347 336/385/349
f 337/384/348 336/385/349 314/386/350
f 314/386/350 319/387/351 337/384/348
f 202/388/352 201/389/353 339/390/354
f 339/390/354 201/389/353 200/391/355
f 339/390/354 200/391/355 199/392/356
f 199/392/356 198/393/357 339/390/354
f 339/390/354 198/393/357 197/394/358
f 339/390/354 197/394/358 196/395/359
f 196/395/359 195/396/360 339/390/354
f 339/390/354 195/396/360 194/397/361
f 339/390/354 194/397/361 193/398/362
f 193/398/362 192/399/363 339/390/354
f 339/390/354 192/399/363 340/400/364
f 340/400/364 192/399/363 191/401/365
f 340/400/364 191/401/365 190/402/366
f 190/402/366 189/403/367 340/400/364
f 340/400/364 189/403/367 188/404/368
f 340/400/364 188/404/368 187/405/369
f 187/405/369 186/406/370 340/400/364
f 340/400/364 186/406/370 185/407/371
f 340/400/364 185/407/371 184/408/372
f 184/408/372 183/409/373 340/400/364
f 145/410/274 349/411/374 267/412/263
f 267/412/263 349/411/374 350/413/375
f 267/412/263 350/413/375 351/414/376
f 351/414/376 350/413/375 360/415/377
f 351/414/376 360/415/377 361/416/378
f 361/416/378 360/415/377 341/417/379
f 361/416/378 341/417/379 342/418/380
f 144/419/381 344/420/382 145/410/274
f 145/410/274 344/420/382 345/421/383
f 145/410/274 345/421/383 346/422/384
f 346/422/384 345/421/383 355/423/385
f 346/422/384 355/423/385 356/424/386
f 356/424/386 355/423/385 143/425/189
f 356/424/386 143/425/189 357/426/387
f 357/426/387 143/425/189 341/417/379
f 357/426/387 341/417/379 358/427/388
f 358/427/388 341/417/379 359/428/389
f 358/427/388 359/428/389 349/411/374
f 349/411/374 359/428/389 350/413/375
f 344/420/382 144/419/381 353/429/390
f 353/429/390 144/419/381 143/425/189
f 353/429/390 143/425/189 354/430/391
f 354/430/391 143/425/189 355/423/385
f 354/430/391 355/423/385 345/421/383
f 361/416/378 342/418/380 352/431/392
f 352/431/392 342/418/380 343/432/393
f 352/431/392 343/432/393 267/412/263
f 354/430/391 345/421/383 344/420/382
f 353/429/390 354/430/391 344/420/382
f 346/422/384 347/433/394 145/410/274
f 145/410/274 347/433/394 348/434/395
f 145/410/274 348/434/395 349/411/374
f 349/411/374 348/434/395 358/427/388
f 346/422/384 356/424/386 347/433/394
f 347/433/394 356/424/386 357/426/387
f 347/433/394 357/426/387 348/434/395
f 348/434/395 357/426/387 358/427/388
f 352/431/392 267/412/263 351/414/376
f 360/415/377 350/413/375 359/428/389
f 361/416/378 352/431/392 351/414/376
f 341/417/379 360/415/377 359/428/389
f 363/435/396 372/436/397 362/437/398
f 362/437/398 372/436/397 373/438/399
f 362/437/398 373/438/399 371/439/400
f 371/439/400 373/438/399 370/440/401
f 370/440/401 373/438/399 369/441/402
f 369/441/402 373/438/399 375/442/403
f 369/441/402 375/442/403 368/443/404
f 368/443/404 375/442/403 377/444/405
f 368/443/404 377/444/405 367/445/406
f 367/445/406 377/444/405 376/446/407
f 367/445/406 376/446/407 366/447/408
f 366/447/408 376/446/407 365/448/409
f 365/448/409 376/446/407 364/449/410
f 364/449/410 376/446/407 374/450/411
f 364/449/410 374/450/411 363/435/396
f 363/435/396 374/450/411 372/436/397
f 375/442/403 373/438/399 372/436/397
f 375/442/403 372/436/397 374/450/411
f 377/444/405 375/442/403 374/450/411
f 377/444/405 374/450/411 376/446/407
f 378/451/412 115/452/413 366/453/408
f 366/453/408 115/452/413 114/454/414
f 366/453/408 114/454/414 113/455/415
f 379/456/416 99/457/417 378/451/412
f 378/451/412 99/457/417 119/458/418
f 378/451/412 119/458/418 118/459/419
f 367/460/406 104/461/420 379/456/416
f 379/456/416 104/461/420 103/462/421
f 379/456/416 103/462/421 102/463/422
f 366/453/408 110/464/423 367/460/406
f 367/460/406 110/464/423 109/465/424
f 367/460/406 109/465/424 108/466/425
f 118/459/419 117/467/426 378/451/412
f 378/451/412 117/467/426 116/468/427
f 378/451/412 116/468/427 115/452/413
f 113/455/415 112/469/428 366/453/408
f 366/453/408 112/469/428 111/470/429
f 366/453/408 111/470/429 110/464/423
f 108/466/425 107/471/430 367/460/406
f 367/460/406 107/471/430 106/472/431
f 367/460/406 106/472/431 105/473/432
f 105/473/432 104/461/420 367/460/406
f 102/463/422 101/474/433 379/456/416
f 379/456/416 101/474/433 100/475/434
f 379/456/416 100/475/434 99/457/417
f 380/476/435 388/477/436 378/478/412
f 378/478/412 388/477/436 389/479/437
f 378/478/412 389/479/437 379/480/416
f 379/480/416 389/479/437 387/481/438
f 387/481/438 389/479/437 386/482/439
f 386/482/439 389/479/437 391/483/440
f 386/482/439 391/483/440 385/484/441
f 385/484/441 391/483/440 393/485/442
f 385/484/441 393/485/442 384/486/443
f 384/486/443 393/485/442 392/487/444
f 384/486/443 392/487/444 383/488/445
f 383/488/445 392/487/444 382/489/446
f 382/489/446 392/487/444 381/490/447
f 381/490/447 392/487/444 390/491/448
f 381/490/447 390/491/448 380/476/435
f 380/476/435 390/491/448 388/477/436
f 391/483/440 389/479/437 388/477/436
f 391/483/440 388/477/436 390/491/448
f 393/485/442 391/483/440 390/491/448
f 393/485/442 390/491/448 392/487/444
f 383/492/445 394/493/449 384/494/443
f 384/494/443 394/493/449 395/495/450
f 183/496/373 182/497/451 340/498/364
f 340/498/364 182/497/451 402/499/452
f 402/499/452 182/497/451 404/500/453
f 402/499/452 404/500/453 401/501/454
f 401/501/454 404/500/453 406/502/455
f 401/501/454 406/502/455 400/503/456
f 400/503/456 406/502/455 408/504/457
f 400/503/456 408/504/457 394/505/449
f 394/505/449 408/504/457 407/506/458
f 394/505/449 407/506/458 395/507/450
f 395/507/450 407/506/458 399/508/459
f 399/508/459 407/506/458 398/509/460
f 398/509/460 407/506/458 405/510/461
f 398/509/460 405/510/461 397/511/462
f 397/511/462 405/510/461 403/512/463
f 397/511/462 403/512/463 396/513/464
f 396/513/464 403/512/463 181/514/465
f 396/513/464 181/514/465 180/515/466
f 182/497/451 181/514/465 404/500/453
f 404/500/453 181/514/465 403/512/463
f 404/500/453 403/512/463 406/502/455
f 406/502/455 403/512/463 405/510/461
f 406/502/455 405/510/461 408/504/457
f 408/504/457 405/510/461 407/506/458
f 180/515/466 179/516/467 396/513/464
f 179/517/467 178/518/468 396/519/464
f 396/519/464 178/518/468 177/520/469
f 396/519/464 177/520/469 176/521/470
f 176/521/470 175/522/471 396/519/464
f 396/519/464 175/522/471 174/523/472
f 396/519/464 174/523/472 173/524/473
f 173/524/473 172/525/474 396/519/464
f 396/519/464 172/525/474 171/526/475
f 396/519/464 171/526/475 170/527/476
f 170/527/476 169/528/477 396/519/464
f 396/519/464 169/528/477 409/529/478
f 409/529/478 169/528/477 168/530/479
f 409/529/478 168/530/479 167/531/480
f 167/531/480 166/532/481 409/529/478
f 409/529/478 166/532/481 165/533/482
f 409/529/478 165/533/482 164/534/483
f 164/534/483 163/535/484 409/529/478
f 409/529/478 163/535/484 162/536/485
f 409/529/478 162/536/485 161/537/486
f 161/537/486 160/538/487 409/529/478
f 160/539/487 159/540/488 409/541/478
f 409/541/478 159/540/488 421/542/489
f 409/541/478 421/542/489 419/543/490
f 419/543/490 421/542/489 418/544/491
f 418/544/491 421/542/489 423/545/492
f 418/544/491 423/545/492 417/546/493
f 417/546/493 423/545/492 425/547/494
f 417/546/493 425/547/494 416/548/495
f 416/548/495 425/547/494 424/549/496
f 416/548/495 424/549/496 415/550/497
f 415/550/497 424/549/496 414/551/498
f 414/551/498 424/549/496 413/552/499
f 413/552/499 424/549/496 422/553/500
f 413/552/499 422/553/500 412/554/501
f 412/554/501 422/553/500 420/555/502
f 412/554/501 420/555/502 339/556/354
f 339/556/354 420/555/502 202/557/503
f 202/557/503 420/555/502 411/558/504
f 411/558/504 420/555/502 410/559/505
f 410/559/505 420/555/502 158/560/506
f 158/560/506 420/555/502 421/542/489
f 158/560/506 421/542/489 159/540/488
f 423/545/492 421/542/489 420/555/502
f 423/545/492 420/555/502 422/553/500
f 425/547/494 423/545/492 422/553/500
f 425/547/494 422/553/500 424/549/496
f 362/561/398 371/562/400 415/563/497
f 415/563/497 371/562/400 416/564/495
f 416/565/507 371/566/508 429/567/509
f 429/567/509 371/566/508 370/568/510
f 429/567/509 370/568/510 428/569/511
f 428/569/511 370/568/510 369/570/512
f 428/569/511 369/570/512 368/571/513
f 428/569/511 368/571/513 427/572/514
f 427/572/514 368/571/513 367/573/515
f 427/572/514 367/573/515 426/574/516
f 426/574/516 367/573/515 379/575/517
f 426/574/516 379/575/517 435/576/518
f 435/576/518 379/575/517 434/577/519
f 434/577/519 379/575/517 387/578/520
f 434/577/519 387/578/520 433/579/521
f 433/579/521 387/578/520 386/580/522
f 433/579/521 386/580/522 385/581/523
f 433/579/521 385/581/523 338/582/524
f 338/582/524 385/581/523 384/583/525
f 338/582/524 384/583/525 276/584/526
f 276/584/526 384/583/525 395/585/527
f 276/584/526 395/585/527 399/586/528
f 276/584/526 399/586/528 277/587/529
f 277/587/529 399/586/528 398/588/530
f 277/587/529 398/588/530 397/589/531
f 277/587/529 397/589/531 278/590/532
f 278/590/532 397/589/531 396/591/533
f 278/590/532 396/591/533 279/592/534
f 279/592/534 396/591/533 409/593/535
f 279/592/534 409/593/535 295/594/536
f 295/594/536 409/593/535 432/595/537
f 432/595/537 409/593/535 419/596/538
f 432/595/537 419/596/538 431/597/539
f 431/597/539 419/596/538 418/598/540
f 431/597/539 418/598/540 417/599/541
f 431/597/539 417/599/541 430/600/542
f 430/600/542 417/599/541 416/565/507
f 430/600/542 416/565/507 429/567/509
f 365/601/543 362/602/544 366/603/545
f 366/603/545 362/602/544 339/604/546
f 366/603/545 339/604/546 340/605/547
f 365/601/543 364/606/548 362/602/544
f 362/602/544 364/606/548 363/607/549
f 362/602/544 415/608/550 339/604/546
f 339/604/546 415/608/550 412/609/551
f 412/609/551 415/608/550 413/610/552
f 413/610/552 415/608/550 414/611/553
f 402/612/554 394/613/555 340/605/547
f 340/605/547 394/613/555 383/614/556
f 340/605/547 383/614/556 378/615/557
f 378/615/557 383/614/556 380/616/558
f 380/616/558 383/614/556 381/617/559
f 381/617/559 383/614/556 382/618/560
f 402/612/554 401/619/561 394/613/555
f 394/613/555 401/619/561 400/620/562
f 378/615/557 366/603/545 340/605/547
f 437/621/563 440/622/564 436/623/565
f 436/623/565 440/622/564 441/624/566
f 436/623/565 441/624/566 442/625/567
f 442/625/567 441/624/566 460/626/568
f 442/625/567 460/626/568 461/627/569
f 461/627/569 460/626/568 439/628/570
f 461/627/569 439/628/570 462/629/571
f 462/629/571 439/628/570 463/630/572
f 462/629/571 463/630/572 444/631/573
f 444/631/573 463/630/572 445/632/574
f 444/631/573 445/632/574 436/623/565
f 436/623/565 445/632/574 446/633/575
f 436/623/565 446/633/575 447/634/576
f 447/634/576 446/633/575 465/635/577
f 447/634/576 465/635/577 466/636/578
f 466/636/578 465/635/577 439/628/570
f 466/636/578 439/628/570 429/637/579
f 440/622/564 437/621/563 458/638/580
f 458/638/580 437/621/563 438/639/581
f 458/638/580 438/639/581 439/628/570
f 428/640/582 475/641/583 429/637/579
f 429/637/579 475/641/583 474/642/584
f 429/637/579 474/642/584 473/643/585
f 473/643/585 474/642/584 455/644/586
f 473/643/585 455/644/586 454/645/587
f 454/645/587 455/644/586 426/646/588
f 454/645/587 426/646/588 453/647/589
f 453/647/589 426/646/588 452/648/590
f 453/647/589 452/648/590 471/649/591
f 471/649/591 452/648/590 470/650/592
f 471/649/591 470/650/592 429/637/579
f 429/637/579 470/650/592 469/651/593
f 429/637/579 469/651/593 468/652/594
f 468/652/594 469/651/593 450/653/595
f 468/652/594 450/653/595 449/654/596
f 449/654/596 450/653/595 426/646/588
f 449/654/596 426/646/588 436/623/565
f 475/641/583 428/640/582 457/655/597
f 457/655/597 428/640/582 427/656/598
f 457/655/597 427/656/598 426/646/588
f 441/624/566 440/622/564 459/657/599
f 459/657/599 440/622/564 458/638/580
f 459/657/599 458/638/580 439/628/570
f 444/631/573 436/623/565 443/658/600
f 443/658/600 436/623/565 442/625/567
f 443/658/600 442/625/567 461/627/569
f 462/629/571 444/631/573 443/658/600
f 462/629/571 443/658/600 461/627/569
f 446/633/575 445/632/574 464/659/601
f 464/659/601 445/632/574 463/630/572
f 464/659/601 463/630/572 439/628/570
f 449/654/596 436/623/565 448/660/602
f 448/660/602 436/623/565 447/634/576
f 448/660/602 447/634/576 466/636/578
f 449/654/596 448/660/602 467/661/603
f 467/661/603 448/660/602 466/636/578
f 467/661/603 466/636/578 429/637/579
f 452/648/590 426/646/588 451/662/604
f 451/662/604 426/646/588 450/653/595
f 451/662/604 450/653/595 469/651/593
f 470/650/592 452/648/590 451/662/604
f 470/650/592 451/662/604 469/651/593
f 454/645/587 453/647/589 472/663/605
f 472/663/605 453/647/589 471/649/591
f 472/663/605 471/649/591 429/637/579
f 457/655/597 426/646/588 456/664/606
f 456/664/606 426/646/588 455/644/586
f 456/664/606 455/644/586 474/642/584
f 475/641/583 457/655/597 456/664/606
f 475/641/583 456/664/606 474/642/584
f 439/628/570 460/626/568 459/657/599
f 459/657/599 460/626/568 441/624/566
f 439/628/570 465/635/577 464/659/601
f 464/659/601 465/635/577 446/633/575
f 429/637/579 468/652/594 467/661/603
f 467/661/603 468/652/594 449/654/596
f 429/637/579 473/643/585 472/663/605
f 472/663/605 473/643/585 454/645/587
f 341/665/607 143/666/189 439/667/570
f 439/667/570 143/666/189 429/668/579
f 429/668/579 143/666/189 430/669/608
f 143/670/189 480/671/609 430/672/608
f 430/672/608 480/671/609 481/673/610
f 430/672/608 481/673/610 482/674/611
f 482/674/611 481/673/610 491/675/612
f 482/674/611 491/675/612 492/676/613
f 492/676/613 491/675/612 295/677/302
f 492/676/613 295/677/302 493/678/614
f 493/678/614 295/677/302 432/679/615
f 493/678/614 432/679/615 484/680/616
f 484/680/616 432/679/615 431/681/617
f 484/680/616 431/681/617 430/672/608
f 142/682/618 476/683/619 143/670/189
f 143/670/189 476/683/619 477/684/620
f 143/670/189 477/684/620 478/685/621
f 478/685/621 477/684/620 487/686/622
f 478/685/621 487/686/622 488/687/623
f 488/687/623 487/686/622 141/688/306
f 488/687/623 141/688/306 489/689/624
f 489/689/624 141/688/306 490/690/625
f 489/689/624 490/690/625 480/671/609
f 480/671/609 490/690/625 481/673/610
f 476/683/619 142/682/618 485/691/626
f 485/691/626 142/682/618 141/688/306
f 485/691/626 141/688/306 486/692/627
f 486/692/627 141/688/306 487/686/622
f 486/692/627 487/686/622 477/684/620
f 141/688/306 295/677/302 490/690/625
f 490/690/625 295/677/302 491/675/612
f 490/690/625 491/675/612 481/673/610
f 486/692/627 477/684/620 476/683/619
f 485/691/626 486/692/627 476/683/619
f 480/671/609 143/670/189 479/693/628
f 479/693/628 143/670/189 478/685/621
f 479/693/628 478/685/621 488/687/623
f 489/689/624 480/671/609 479/693/628
f 489/689/624 479/693/628 488/687/623
f 484/680/616 430/672/608 483/694/629
f 483/694/629 430/672/608 482/674/611
f 483/694/629 482/674/611 492/676/613
f 493/678/614 484/680/616 483/694/629
f 493/678/614 483/694/629 492/676/613
f 494/695/630 497/696/631 337/697/632
f 337/697/632 497/696/631 498/698/633
f 337/697/632 498/698/633 499/699/634
f 499/699/634 498/698/633 517/700/635
f 499/699/634 517/700/635 518/701/636
f 518/701/636 517/700/635 496/702/637
f 518/701/636 496/702/637 519/703/638
f 519/703/638 496/702/637 520/704/639
f 519/703/638 520/704/639 501/705/640
f 501/705/640 520/704/639 502/706/641
f 501/705/640 502/706/641 337/697/632
f 337/697/632 502/706/641 503/707/642
f 337/697/632 503/707/642 504/708/643
f 504/708/643 503/707/642 522/709/644
f 504/708/643 522/709/644 523/710/645
f 523/710/645 522/709/644 496/702/637
f 523/710/645 496/702/637 435/711/646
f 497/696/631 494/695/630 515/712/647
f 515/712/647 494/695/630 495/713/648
f 515/712/647 495/713/648 496/702/637
f 434/714/649 532/715/650 435/711/646
f 435/711/646 532/715/650 531/716/651
f 435/711/646 531/716/651 530/717/652
f 530/717/652 531/716/651 512/718/653
f 530/717/652 512/718/653 511/719/654
f 511/719/654 512/718/653 338/720/345
f 511/719/654 338/720/345 510/721/655
f 510/721/655 338/720/345 509/722/656
f 510/721/655 509/722/656 528/723/657
f 528/723/657 509/722/656 527/724/658
f 528/723/657 527/724/658 435/711/646
f 435/711/646 527/724/658 526/725/659
f 435/711/646 526/725/659 525/726/660
f 525/726/660 526/725/659 507/727/661
f 525/726/660 507/727/661 506/728/662
f 506/728/662 507/727/661 338/720/345
f 506/728/662 338/720/345 337/697/632
f 532/715/650 434/714/649 514/729/663
f 514/729/663 434/714/649 433/730/664
f 514/729/663 433/730/664 338/720/345
f 498/698/633 497/696/631 516/731/665
f 516/731/665 497/696/631 515/712/647
f 516/731/665 515/712/647 496/702/637
f 501/705/640 337/697/632 500/732/666
f 500/732/666 337/697/632 499/699/634
f 500/732/666 499/699/634 518/701/636
f 519/703/638 501/705/640 500/732/666
f 519/703/638 500/732/666 518/701/636
f 503/707/642 502/706/641 521/733/667
f 521/733/667 502/706/641 520/704/639
f 521/733/667 520/704/639 496/702/637
f 506/728/662 337/697/632 505/734/668
f 505/734/668 337/697/632 504/708/643
f 505/734/668 504/708/643 523/710/645
f 506/728/662 505/734/668 524/735/669
f 524/735/669 505/734/668 523/710/645
f 524/735/669 523/710/645 435/711/646
f 509/722/656 338/720/345 508/736/670
f 508/736/670 338/720/345 507/727/661
f 508/736/670 507/727/661 526/725/659
f 527/724/658 509/722/656 508/736/670
f 527/724/658 508/736/670 526/725/659
f 511/719/654 510/721/655 529/737/671
f 529/737/671 510/721/655 528/723/657
f 529/737/671 528/723/657 435/711/646
f 514/729/663 338/720/345 513/738/672
f 513/738/672 338/720/345 512/718/653
f 513/738/672 512/718/653 531/716/651
f 532/715/650 514/729/663 513/738/672
f 532/715/650 513/738/672 531/716/651
f 496/702/637 517/700/635 516/731/665
f 516/731/665 517/700/635 498/698/633
f 496/702/637 522/709/644 521/733/667
f 521/733/667 522/709/644 503/707/642
f 435/711/646 525/726/660 524/735/669
f 524/735/669 525/726/660 506/728/662
f 435/711/646 530/717/652 529/737/671
f 529/737/671 530/717/652 511/719/654
f 496/739/637 436/740/565 435/741/646
f 435/741/646 436/740/565 426/742/588
f 438/743/673 437/744/674 439/745/675
f 439/745/675 437/744/674 436/746/676
f 439/745/675 436/746/676 267/747/677
f 267/747/677 436/746/676 496/748/678
f 267/747/677 496/748/678 268/749/679
f 268/749/679 496/748/678 337/750/680
f 268/749/679 337/750/680 319/751/681
f 496/748/678 495/752/682 337/750/680
f 337/750/680 495/752/682 494/753/683
f 318/754/684 317/755/685 319/751/681
f 319/751/681 317/755/685 268/749/679
f 439/745/675 267/747/677 341/756/686
f 341/756/686 267/747/677 343/757/687
f 341/756/686 343/757/687 342/758/688
f 35/759/47 30/760/77 22/761/45
f 22/761/45 30/760/77 29/762/72
f 22/761/45 29/762/72 23/763/43
f 23/763/43 29/762/72 28/764/70
f 23/763/43 28/764/70 24/765/52
f 24/765/52 28/764/70 27/766/66
f 24/765/52 27/766/66 25/767/58
f 25/767/58 27/766/66 26/768/63
f 30/760/77 35/759/47 31/769/80
f 31/769/80 35/759/47 34/770/90
f 31/769/80 34/770/90 32/771/84
f 32/771/84 34/770/90 33/772/86
f 274/773/689 273/774/690 588/775/691
f 588/775/691 273/774/690 272/776/692
f 588/775/691 272/776/692 534/777/693
f 534/777/693 272/776/692 271/778/694
f 534/777/693 271/778/694 270/779/695
f 534/777/693 270/779/695 533/780/696
f 533/780/696 270/779/695 269/781/697
f 533/780/696 269/781/697 294/782/698
f 294/782/698 293/783/699 533/780/696
f 533/780/696 293/783/699 292/784/700
f 588/775/691 534/777/693 587/785/701
f 587/785/701 534/777/693 535/786/702
f 587/785/701 535/786/702 586/787/703
f 586/787/703 535/786/702 536/788/704
f 586/787/703 536/788/704 585/789/705
f 585/789/705 536/788/704 584/790/706
f 584/790/706 536/788/704 537/791/707
f 584/790/706 537/791/707 583/792/708
f 583/792/708 537/791/707 538/793/709
f 583/792/708 538/793/709 582/794/710
f 582/794/710 538/793/709 539/795/711
f 582/794/710 539/795/711 581/796/712
f 581/796/712 539/795/711 540/797/713
f 581/796/712 540/797/713 580/798/714
f 580/798/714 540/797/713 541/799/715
f 580/798/714 541/799/715 579/800/716
f 579/800/716 541/799/715 542/801/717
f 579/800/716 542/801/717 578/802/718
f 578/802/718 542/801/717 543/803/719
f 578/802/718 543/803/719 577/804/720
f 577/804/720 543/803/719 544/805/721
f 577/804/720 544/805/721 576/806/722
f 576/806/722 544/805/721 545/807/723
f 576/806/722 545/807/723 575/808/724
f 575/808/724 545/807/723 546/809/725
f 575/808/724 546/809/725 574/810/726
f 574/810/726 546/809/725 547/811/727
f 574/810/726 547/811/727 573/812/728
f 573/812/728 547/811/727 548/813/729
f 573/812/728 548/813/729 572/814/730
f 572/814/730 548/813/729 549/815/731
f 572/814/730 549/815/731 571/816/732
f 571/816/732 549/815/731 550/817/733
f 571/816/732 550/817/733 570/818/734
f 570/818/734 550/817/733 551/819/735
f 570/818/734 551/819/735 569/820/736
f 569/820/736 551/819/735 552/821/737
f 569/820/736 552/821/737 568/822/738
f 568/822/738 552/821/737 553/823/739
f 568/822/738 553/823/739 567/824/740
f 567/824/740 553/823/739 554/825/741
f 567/824/740 554/825/741 566/826/742
f 566/826/742 554/825/741 555/827/743
f 566/826/742 555/827/743 565/828/744
f 565/828/744 555/827/743 556/829/745
f 565/828/744 556/829/745 564/830/746
f 564/830/746 556/829/745 557/831/747
f 564/830/746 557/831/747 563/832/748
f 563/832/748 557/831/747 558/833/749
f 563/832/748 558/833/749 562/834/750
f 562/834/750 558/833/749 559/835/751
f 562/834/750 559/835/751 561/836/752
f 561/836/752 559/835/751 560/837/753
f 313/838/754 591/839/755 292/840/756
f 292/840/756 591/839/755 589/841/757
f 292/840/756 589/841/757 533/842/758
f 533/842/758 589/841/757 597/843/759
f 533/842/758 597/843/759 534/844/760
f 534/844/760 597/843/759 598/845/761
f 534/844/760 598/845/761 535/846/762
f 535/846/762 598/845/761 599/847/763
f 535/846/762 599/847/763 536/848/764
f 536/848/764 599/847/763 601/849/765
f 536/848/764 601/849/765 537/850/766
f 537/850/766 601/849/765 600/851/767
f 537/850/766 600/851/767 538/852/768
f 538/852/768 600/851/767 602/853/769
f 538/852/768 602/853/769 539/854/770
f 539/854/770 602/853/769 603/855/771
f 539/854/770 603/855/771 540/856/772
f 540/856/772 603/855/771 604/857/773
f 540/856/772 604/857/773 541/858/774
f 541/858/774 604/857/773 605/859/775
f 541/858/774 605/859/775 542/860/776
f 542/860/776 605/859/775 606/861/777
f 542/860/776 606/861/777 543/862/778
f 543/862/778 606/861/777 607/863/779
f 543/862/778 607/863/779 544/864/780
f 544/864/780 607/863/779 609/865/781
f 544/864/780 609/865/781 545/866/782
f 545/866/782 609/865/781 608/867/783
f 545/866/782 608/867/783 546/868/784
f 546/868/784 608/867/783 610/869/785
f 546/868/784 610/869/785 547/870/786
f 547/870/786 610/869/785 611/871/787
f 547/870/786 611/871/787 548/872/788
f 548/872/788 611/871/787 612/873/789
f 548/872/788 612/873/789 549/874/790
f 549/874/790 612/873/789 613/875/791
f 549/874/790 613/875/791 550/876/792
f 550/876/792 613/875/791 614/877/793
f 550/876/792 614/877/793 551/878/794
f 551/878/794 614/877/793 615/879/795
f 551/878/794 615/879/795 552/880/796
f 552/880/796 615/879/795 617/881/797
f 552/880/796 617/881/797 553/882/798
f 553/882/798 617/881/797 616/883/799
f 553/882/798 616/883/799 554/884/800
f 554/884/800 616/883/799 618/885/801
f 554/884/800 618/885/801 555/886/802
f 555/886/802 618/885/801 619/887/803
f 555/886/802 619/887/803 556/888/804
f 556/888/804 619/887/803 620/889/805
f 556/888/804 620/889/805 557/890/806
f 557/890/806 620/889/805 621/891/807
f 557/890/806 621/891/807 558/892/808
f 558/892/808 621/891/807 622/893/809
f 558/892/808 622/893/809 559/894/810
f 559/894/810 622/893/809 623/895/811
f 559/894/810 623/895/811 560/896/812
f 560/896/812 623/895/811 410/897/813
f 560/896/812 410/897/813 158/898/814
f 591/839/755 313/838/754 592/899/815
f 592/899/815 313/838/754 312/900/816
f 592/899/815 312/900/816 590/901/817
f 590/901/817 312/900/816 311/902/818
f 590/901/817 311/902/818 310/903/819
f 590/901/817 310/903/819 593/904/820
f 593/904/820 310/903/819 309/905/821
f 593/904/820 309/905/821 594/906/822
f 594/906/822 309/905/821 308/907/823
f 594/906/822 308/907/823 595/908/824
f 595/908/824 308/907/823 307/909/825
f 595/908/824 307/909/825 596/910/826
f 596/910/826 307/909/825 306/911/827
f 596/910/826 306/911/827 237/912/828
f 237/912/828 306/911/827 238/913/829
f 238/913/829 306/911/827 305/914/830
f 238/913/829 305/914/830 239/915/831
f 239/915/831 305/914/830 304/916/832
f 239/915/831 304/916/832 240/917/833
f 240/917/833 304/916/832 303/918/834
f 240/917/833 303/918/834 241/919/835
f 241/919/835 303/918/834 302/920/836
f 241/919/835 302/920/836 242/921/837
f 242/921/837 302/920/836 301/922/838
f 242/921/837 301/922/838 300/923/839
f 242/921/837 300/923/839 243/924/840
f 243/924/840 300/923/839 299/925/841
f 243/924/840 299/925/841 298/926/842
f 243/924/840 298/926/842 244/927/843
f 244/927/843 298/926/842 297/928/844
f 244/927/843 297/928/844 245/929/845
f 245/929/845 297/928/844 296/930/846
f 245/929/845 296/930/846 246/931/847
f 237/912/828 236/932/848 596/910/826
f 596/910/826 236/932/848 595/908/824
f 236/932/848 235/933/849 595/908/824
f 595/908/824 235/933/849 594/906/822
f 235/933/849 234/934/850 594/906/822
f 594/906/822 234/934/850 593/904/820
f 593/904/820 234/934/850 590/901/817
f 590/901/817 234/934/850 233/935/851
f 590/901/817 233/935/851 592/899/815
f 592/899/815 233/935/851 232/936/852
f 592/899/815 232/936/852 591/839/755
f 591/839/755 232/936/852 231/937/853
f 591/839/755 231/937/853 589/841/757
f 589/841/757 231/937/853 230/938/854
f 589/841/757 230/938/854 229/939/855
f 589/841/757 229/939/855 597/843/759
f 597/843/759 229/939/855 228/940/856
f 597/843/759 228/940/856 598/845/761
f 598/845/761 228/940/856 227/941/857
f 598/845/761 227/941/857 599/847/763
f 599/847/763 227/941/857 226/942/858
f 599/847/763 226/942/858 601/849/765
f 601/849/765 226/942/858 600/851/767
f 226/942/858 225/943/859 600/851/767
f 600/851/767 225/943/859 602/853/769
f 225/943/859 224/944/860 602/853/769
f 602/853/769 224/944/860 603/855/771
f 224/944/860 223/945/861 603/855/771
f 603/855/771 223/945/861 604/857/773
f 223/945/861 222/946/862 604/857/773
f 604/857/773 222/946/862 221/947/863
f 604/857/773 221/947/863 605/859/775
f 605/859/775 221/947/863 220/948/864
f 605/859/775 220/948/864 606/861/777
f 606/861/777 220/948/864 219/949/865
f 606/861/777 219/949/865 607/863/779
f 607/863/779 219/949/865 218/950/866
f 607/863/779 218/950/866 609/865/781
f 609/865/781 218/950/866 608/867/783
f 218/950/866 217/951/867 608/867/783
f 608/867/783 217/951/867 610/869/785
f 217/951/867 216/952/868 610/869/785
f 610/869/785 216/952/868 611/871/787
f 216/952/868 215/953/869 611/871/787
f 611/871/787 215/953/869 612/873/789
f 215/953/869 214/954/870 612/873/789
f 612/873/789 214/954/870 213/955/871
f 612/873/789 213/955/871 613/875/791
f 613/875/791 213/955/871 212/956/872
f 613/875/791 212/956/872 614/877/793
f 614/877/793 212/956/872 211/957/873
f 614/877/793 211/957/873 615/879/795
f 615/879/795 211/957/873 210/958/874
f 615/879/795 210/958/874 617/881/797
f 617/881/797 210/958/874 209/959/875
f 617/881/797 209/959/875 616/883/799
f 616/883/799 209/959/875 208/960/876
f 616/883/799 208/960/876 618/885/801
f 618/885/801 208/960/876 207/961/877
f 618/885/801 207/961/877 619/887/803
f 619/887/803 207/961/877 206/962/878
f 619/887/803 206/962/878 620/889/805
f 620/889/805 206/962/878 205/963/879
f 620/889/805 205/963/879 621/891/807
f 621/891/807 205/963/879 204/964/880
f 621/891/807 204/964/880 203/965/881
f 621/891/807 203/965/881 622/893/809
f 622/893/809 203/965/881 202/966/882
f 622/893/809 202/966/882 623/895/811
f 623/895/811 202/966/882 411/967/883
f 623/895/811 411/967/883 410/897/813
f 151/968/884 150/969/885 625/970/886
f 625/970/886 150/969/885 266/971/887
f 625/970/886 266/971/887 626/972/888
f 626/972/888 266/971/887 265/973/889
f 626/972/888 265/973/889 627/974/890
f 627/974/890 265/973/889 264/975/891
f 627/974/890 264/975/891 628/976/892
f 628/976/892 264/975/891 263/977/893
f 628/976/892 263/977/893 629/978/894
f 629/978/894 263/977/893 262/979/895
f 629/978/894 262/979/895 630/980/896
f 630/980/896 262/979/895 261/981/897
f 630/980/896 261/981/897 631/982/898
f 631/982/898 261/981/897 260/983/899
f 631/982/898 260/983/899 575/984/900
f 575/984/900 260/983/899 632/985/901
f 575/984/900 632/985/901 259/986/902
f 259/986/902 632/985/901 260/983/899
f 575/984/900 259/986/902 576/987/903
f 576/987/903 259/986/902 258/988/904
f 576/987/903 258/988/904 257/989/905
f 576/987/903 257/989/905 577/990/906
f 577/990/906 257/989/905 256/991/907
f 577/990/906 256/991/907 578/992/908
f 578/992/908 256/991/907 255/993/909
f 578/992/908 255/993/909 579/994/910
f 579/994/910 255/993/909 254/995/911
f 579/994/910 254/995/911 253/996/912
f 579/994/910 253/996/912 580/997/913
f 580/997/913 253/996/912 252/998/914
f 580/997/913 252/998/914 251/999/915
f 580/997/913 251/999/915 581/1000/916
f 581/1000/916 251/999/915 250/1001/917
f 581/1000/916 250/1001/917 582/1002/918
f 582/1002/918 250/1001/917 249/1003/919
f 582/1002/918 249/1003/919 316/1004/920
f 316/1004/920 315/1005/921 582/1002/918
f 582/1002/918 315/1005/921 314/1006/922
f 582/1002/918 314/1006/922 583/1007/923
f 583/1007/923 314/1006/922 633/1008/924
f 583/1007/923 633/1008/924 584/1009/925
f 584/1009/925 633/1008/924 634/1010/926
f 584/1009/925 634/1010/926 585/1011/927
f 585/1011/927 634/1010/926 635/1012/928
f 585/1011/927 635/1012/928 586/1013/929
f 586/1013/929 635/1012/928 624/1014/930
f 586/1013/929 624/1014/930 587/1015/931
f 587/1015/931 624/1014/930 636/1016/932
f 587/1015/931 636/1016/932 588/1017/933
f 588/1017/933 636/1016/932 275/1018/934
f 588/1017/933 275/1018/934 274/1019/935
f 314/1006/922 336/1020/936 633/1008/924
f 633/1008/924 336/1020/936 634/1010/926
f 336/1020/936 335/1021/937 634/1010/926
f 634/1010/926 335/1021/937 635/1012/928
f 635/1012/928 335/1021/937 624/1014/930
f 624/1014/930 335/1021/937 334/1022/938
f 624/1014/930 334/1022/938 636/1016/932
f 636/1016/932 334/1022/938 275/1018/934
f 575/984/900 574/1023/939 631/982/898
f 631/982/898 574/1023/939 630/980/896
f 574/1023/939 573/1024/940 630/980/896
f 630/980/896 573/1024/940 629/978/894
f 573/1024/940 572/1025/941 629/978/894
f 629/978/894 572/1025/941 628/976/892
f 572/1025/941 571/1026/942 628/976/892
f 628/976/892 571/1026/942 627/974/890
f 571/1026/942 570/1027/943 627/974/890
f 627/974/890 570/1027/943 569/1028/944
f 627/974/890 569/1028/944 626/972/888
f 626/972/888 569/1028/944 568/1029/945
f 626/972/888 568/1029/945 625/970/886
f 625/970/886 568/1029/945 637/1030/946
f 625/970/886 637/1030/946 151/968/884
f 151/968/884 637/1030/946 152/1031/947
f 152/1031/947 637/1030/946 638/1032/948
f 152/1031/947 638/1032/948 153/1033/949
f 153/1033/949 638/1032/948 639/1034/950
f 153/1033/949 639/1034/950 154/1035/951
f 154/1035/951 639/1034/950 640/1036/952
f 154/1035/951 640/1036/952 155/1037/953
f 155/1037/953 640/1036/952 641/1038/954
f 155/1037/953 641/1038/954 156/1039/955
f 156/1039/955 641/1038/954 642/1040/956
f 156/1039/955 642/1040/956 157/1041/957
f 157/1041/957 642/1040/956 561/1042/958
f 561/1042/958 642/1040/956 562/1043/959
f 562/1043/959 642/1040/956 563/1044/960
f 563/1044/960 642/1040/956 641/1038/954
f 563/1044/960 641/1038/954 564/1045/961
f 564/1045/961 641/1038/954 640/1036/952
f 564/1045/961 640/1036/952 565/1046/962
f 565/1046/962 640/1036/952 639/1034/950
f 565/1046/962 639/1034/950 566/1047/963
f 566/1047/963 639/1034/950 638/1032/948
f 566/1047/963 638/1032/948 567/1048/964
f 567/1048/964 638/1032/948 637/1030/946
f 567/1048/964 637/1030/946 568/1029/945
f 560/1049/965 158/1050/966 561/1051/967
f 561/1051/967 158/1050/966 157/1052/968
# 642 vertices
# 1052 texture params
# 968 normals
# 1284 facets

# 1 groups
