# WaveFront *.obj file (generated by Autodesk ATF)

mtllib body5_visual.mtl

g Body5

v -26.495979 -6.256948 -1.835804
v -26.495979 -5.983647 -2.640923
v -26.495979 -5.607595 -3.403480
v -26.495979 -5.135226 -4.110430
v -26.495979 -4.574624 -4.749674
v -26.495979 -3.935379 -5.310277
v -26.495979 -3.228430 -5.782646
v -26.495979 -2.465872 -6.158697
v -26.495979 -1.660754 -6.431998
v -26.495979 -0.826850 -6.597872
v -26.495979 0.021570 -6.653480
v -26.495979 0.869991 -6.597872
v -26.495979 1.703894 -6.431998
v -26.495979 2.509013 -6.158697
v -26.495979 3.271570 -5.782646
v -26.495979 3.978520 -5.310277
v -26.495979 4.617764 -4.749674
v -26.495979 5.178367 -4.110430
v -26.495979 5.650735 -3.403480
v -26.495979 6.026787 -2.640923
v -26.495979 6.300088 -1.835804
v -26.495979 6.465962 -1.001901
v -26.495979 6.521570 -0.153480
v -26.495979 6.465962 0.694940
v -26.495979 6.300088 1.528843
v -26.495979 6.026787 2.333962
v -26.495979 5.650735 3.096520
v -26.495979 5.178367 3.803469
v -26.495979 4.617764 4.442714
v -26.495979 3.978520 5.003316
v -26.495979 3.271570 5.475685
v -26.495979 2.509013 5.851737
v -26.495979 1.703894 6.125037
v -26.495979 0.869991 6.290911
v -26.495979 0.021570 6.346520
v -26.495979 -0.826850 6.290911
v -26.495979 -1.660754 6.125037
v -26.495979 -2.465872 5.851737
v -26.495979 -3.228430 5.475685
v -26.495979 -3.935379 5.003316
v -26.495979 -4.574624 4.442714
v -26.495979 -5.135226 3.803469
v -26.495979 -5.607595 3.096520
v -26.495979 -5.983647 2.333962
v -26.495979 -6.256948 1.528843
v -26.495979 -6.422821 0.694940
v -26.495979 -6.478430 -0.153480
v -26.495979 -6.422821 -1.001901
v -26.582803 -6.264285 -1.837770
v -26.582803 -6.430352 -1.002892
v -26.582803 -6.486026 -0.153480
v -26.582803 -6.430352 0.695931
v -26.582803 -6.264285 1.530809
v -26.582803 -5.990665 2.336869
v -26.582803 -5.614173 3.100318
v -26.582803 -5.141253 3.808093
v -26.582803 -4.579995 4.448085
v -26.582803 -3.940003 5.009343
v -26.582803 -3.232228 5.482263
v -26.582803 -2.468779 5.858754
v -26.582803 -1.662720 6.132375
v -26.582803 -0.827841 6.298442
v -26.582803 0.021570 6.354116
v -26.582803 0.870982 6.298442
v -26.582803 1.705860 6.132375
v -26.582803 2.511919 5.858754
v -26.582803 3.275368 5.482263
v -26.582803 3.983144 5.009343
v -26.582803 4.623136 4.448085
v -26.582803 5.184393 3.808093
v -26.582803 5.657314 3.100318
v -26.582803 6.033805 2.336869
v -26.582803 6.307425 1.530809
v -26.582803 6.473493 0.695931
v -26.582803 6.529166 -0.153480
v -26.582803 6.473493 -1.002892
v -26.582803 6.307425 -1.837770
v -26.582803 6.033805 -2.643830
v -26.582803 5.657314 -3.407278
v -26.582803 5.184393 -4.115054
v -26.582803 4.623136 -4.755046
v -26.582803 3.983144 -5.316304
v -26.582803 3.275368 -5.789224
v -26.582803 2.511919 -6.165715
v -26.582803 1.705860 -6.439336
v -26.582803 0.870982 -6.605403
v -26.582803 0.021570 -6.661077
v -26.582803 -0.827841 -6.605403
v -26.582803 -1.662720 -6.439336
v -26.582803 -2.468779 -6.165715
v -26.582803 -3.232228 -5.789224
v -26.582803 -3.940003 -5.316304
v -26.582803 -4.579995 -4.755046
v -26.582803 -5.141253 -4.115054
v -26.582803 -5.614173 -3.407278
v -26.582803 -5.990665 -2.643830
v -26.836920 6.350706 1.542406
v -26.836920 6.075202 2.354016
v -26.836920 5.696118 3.122722
v -26.836920 5.219942 3.835370
v -26.836920 4.654819 4.479769
v -26.836920 4.010421 5.044891
v -26.836920 3.297772 5.521068
v -26.836920 2.529067 5.900151
v -26.836920 1.717457 6.175656
v -26.836920 0.876831 6.342867
v -26.836920 0.021570 6.398923
v -26.836920 -0.833690 6.342867
v -26.836920 -1.674317 6.175656
v -26.836920 -2.485926 5.900151
v -26.836920 -3.254632 5.521068
v -26.836920 -3.967280 5.044891
v -26.836920 -4.611679 4.479769
v -26.836920 -5.176801 3.835370
v -26.836920 -5.652978 3.122722
v -26.836920 -6.032062 2.354016
v -26.836920 -6.307566 1.542406
v -26.836920 -6.474777 0.701780
v -26.836920 -6.530834 -0.153480
v -26.836920 -6.474777 -1.008741
v -26.836920 -6.307566 -1.849367
v -26.836920 -6.032062 -2.660977
v -26.836920 -5.652978 -3.429682
v -26.836920 -5.176801 -4.142331
v -26.836920 -4.611679 -4.786730
v -26.836920 -3.967280 -5.351852
v -26.836920 -3.254632 -5.828029
v -26.836920 -2.485926 -6.207112
v -26.836920 -1.674317 -6.482617
v -26.836920 -0.833690 -6.649828
v -26.836920 0.021570 -6.705884
v -26.836920 0.876831 -6.649828
v -26.836920 1.717457 -6.482617
v -26.836920 2.529067 -6.207112
v -26.836920 3.297772 -5.828029
v -26.836920 4.010421 -5.351852
v -26.836920 4.654819 -4.786730
v -26.836920 5.219942 -4.142331
v -26.836920 5.696118 -3.429682
v -26.836920 6.075202 -2.660977
v -26.836920 6.350706 -1.849367
v -26.836920 6.517917 -1.008741
v -26.836920 6.573974 -0.153480
v -26.836920 6.517917 0.701780
v -26.923744 6.358044 1.544373
v -26.923744 6.525449 0.702771
v -26.923744 6.581570 -0.153480
v -26.923744 6.525449 -1.009732
v -26.923744 6.358044 -1.851333
v -26.923744 6.082220 -2.663884
v -26.923744 5.702697 -3.433480
v -26.923744 5.225968 -4.146955
v -26.923744 4.660191 -4.792101
v -26.923744 4.015045 -5.357878
v -26.923744 3.301570 -5.834607
v -26.923744 2.531974 -6.214130
v -26.923744 1.719423 -6.489954
v -26.923744 0.877822 -6.657359
v -26.923744 0.021570 -6.713480
v -26.923744 -0.834682 -6.657359
v -26.923744 -1.676283 -6.489954
v -26.923744 -2.488833 -6.214130
v -26.923744 -3.258430 -5.834607
v -26.923744 -3.971905 -5.357878
v -26.923744 -4.617050 -4.792101
v -26.923744 -5.182828 -4.146955
v -26.923744 -5.659556 -3.433480
v -26.923744 -6.039079 -2.663884
v -26.923744 -6.314903 -1.851333
v -26.923744 -6.482308 -1.009732
v -26.923744 -6.538430 -0.153480
v -26.923744 -6.482308 0.702771
v -26.923744 -6.314903 1.544373
v -26.923744 -6.039079 2.356923
v -26.923744 -5.659556 3.126520
v -26.923744 -5.182828 3.839995
v -26.923744 -4.617050 4.485140
v -26.923744 -3.971905 5.050917
v -26.923744 -3.258430 5.527646
v -26.923744 -2.488833 5.907169
v -26.923744 -1.676283 6.182993
v -26.923744 -0.834682 6.350398
v -26.923744 0.021570 6.406520
v -26.923744 0.877822 6.350398
v -26.923744 1.719423 6.182993
v -26.923744 2.531974 5.907169
v -26.923744 3.301570 5.527646
v -26.923744 4.015045 5.050917
v -26.923744 4.660191 4.485140
v -26.923744 5.225968 3.839995
v -26.923744 5.702697 3.126520
v -26.923744 6.082220 2.356923
v -3.177197 -6.264285 -1.837770
v -3.177197 -5.990665 -2.643830
v -3.177197 -5.614173 -3.407278
v -3.177197 -5.141253 -4.115054
v -3.177197 -4.579995 -4.755046
v -3.177197 -3.940003 -5.316304
v -3.177197 -3.232228 -5.789224
v -3.177197 -2.468779 -6.165715
v -3.177197 -1.662720 -6.439336
v -3.177197 -0.827841 -6.605403
v -3.177197 0.021570 -6.661077
v -3.177197 0.870982 -6.605403
v -3.177197 1.705860 -6.439336
v -3.177197 2.511919 -6.165715
v -3.177197 3.275368 -5.789224
v -3.177197 3.983144 -5.316304
v -3.177197 4.623136 -4.755046
v -3.177197 5.184393 -4.115054
v -3.177197 5.657314 -3.407278
v -3.177197 6.033805 -2.643830
v -3.177197 6.307425 -1.837770
v -3.177197 6.473493 -1.002892
v -3.177197 6.529166 -0.153480
v -3.177197 6.473493 0.695931
v -3.177197 6.307425 1.530809
v -3.177197 6.033805 2.336869
v -3.177197 5.657314 3.100318
v -3.177197 5.184393 3.808093
v -3.177197 4.623136 4.448085
v -3.177197 3.983144 5.009343
v -3.177197 3.275368 5.482263
v -3.177197 2.511919 5.858754
v -3.177197 1.705860 6.132375
v -3.177197 0.870982 6.298442
v -3.177197 0.021570 6.354116
v -3.177197 -0.827841 6.298442
v -3.177197 -1.662720 6.132375
v -3.177197 -2.468779 5.858754
v -3.177197 -3.232228 5.482263
v -3.177197 -3.940003 5.009343
v -3.177197 -4.579995 4.448085
v -3.177197 -5.141253 3.808093
v -3.177197 -5.614173 3.100318
v -3.177197 -5.990665 2.336869
v -3.177197 -6.264285 1.530809
v -3.177197 -6.430352 0.695931
v -3.177197 -6.486026 -0.153480
v -3.177197 -6.430352 -1.002892
v -3.264021 -6.256948 -1.835804
v -3.264021 -6.422821 -1.001901
v -3.264021 -6.478430 -0.153480
v -3.264021 -6.422821 0.694940
v -3.264021 -6.256948 1.528843
v -3.264021 -5.983647 2.333962
v -3.264021 -5.607595 3.096520
v -3.264021 -5.135226 3.803469
v -3.264021 -4.574624 4.442714
v -3.264021 -3.935379 5.003316
v -3.264021 -3.228430 5.475685
v -3.264021 -2.465872 5.851737
v -3.264021 -1.660754 6.125037
v -3.264021 -0.826850 6.290911
v -3.264021 0.021570 6.346520
v -3.264021 0.869991 6.290911
v -3.264021 1.703894 6.125037
v -3.264021 2.509013 5.851737
v -3.264021 3.271570 5.475685
v -3.264021 3.978520 5.003316
v -3.264021 4.617764 4.442714
v -3.264021 5.178367 3.803469
v -3.264021 5.650735 3.096520
v -3.264021 6.026787 2.333962
v -3.264021 6.300088 1.528843
v -3.264021 6.465962 0.694940
v -3.264021 6.521570 -0.153480
v -3.264021 6.465962 -1.001901
v -3.264021 6.300088 -1.835804
v -3.264021 6.026787 -2.640923
v -3.264021 5.650735 -3.403480
v -3.264021 5.178367 -4.110430
v -3.264021 4.617764 -4.749674
v -3.264021 3.978520 -5.310277
v -3.264021 3.271570 -5.782646
v -3.264021 2.509013 -6.158697
v -3.264021 1.703894 -6.431998
v -3.264021 0.869991 -6.597872
v -3.264021 0.021570 -6.653480
v -3.264021 -0.826850 -6.597872
v -3.264021 -1.660754 -6.431998
v -3.264021 -2.465872 -6.158697
v -3.264021 -3.228430 -5.782646
v -3.264021 -3.935379 -5.310277
v -3.264021 -4.574624 -4.749674
v -3.264021 -5.135226 -4.110430
v -3.264021 -5.607595 -3.403480
v -3.264021 -5.983647 -2.640923
v -2.836256 6.358044 1.544373
v -2.836256 6.082220 2.356923
v -2.836256 5.702697 3.126520
v -2.836256 5.225968 3.839995
v -2.836256 4.660191 4.485140
v -2.836256 4.015045 5.050917
v -2.836256 3.301570 5.527646
v -2.836256 2.531974 5.907169
v -2.836256 1.719423 6.182993
v -2.836256 0.877822 6.350398
v -2.836256 0.021570 6.406520
v -2.836256 -0.834682 6.350398
v -2.836256 -1.676283 6.182993
v -2.836256 -2.488833 5.907169
v -2.836256 -3.258430 5.527646
v -2.836256 -3.971905 5.050917
v -2.836256 -4.617050 4.485140
v -2.836256 -5.182828 3.839995
v -2.836256 -5.659556 3.126520
v -2.836256 -6.039079 2.356923
v -2.836256 -6.314903 1.544373
v -2.836256 -6.482308 0.702771
v -2.836256 -6.538430 -0.153480
v -2.836256 -6.482308 -1.009732
v -2.836256 -6.314903 -1.851333
v -2.836256 -6.039079 -2.663884
v -2.836256 -5.659556 -3.433480
v -2.836256 -5.182828 -4.146955
v -2.836256 -4.617050 -4.792101
v -2.836256 -3.971905 -5.357878
v -2.836256 -3.258430 -5.834607
v -2.836256 -2.488833 -6.214130
v -2.836256 -1.676283 -6.489954
v -2.836256 -0.834682 -6.657359
v -2.836256 0.021570 -6.713480
v -2.836256 0.877822 -6.657359
v -2.836256 1.719423 -6.489954
v -2.836256 2.531974 -6.214130
v -2.836256 3.301570 -5.834607
v -2.836256 4.015045 -5.357878
v -2.836256 4.660191 -4.792101
v -2.836256 5.225968 -4.146955
v -2.836256 5.702697 -3.433480
v -2.836256 6.082220 -2.663884
v -2.836256 6.358044 -1.851333
v -2.836256 6.525449 -1.009732
v -2.836256 6.581570 -0.153480
v -2.836256 6.525449 0.702771
v -2.923080 6.350706 1.542406
v -2.923080 6.517917 0.701780
v -2.923080 6.573974 -0.153480
v -2.923080 6.517917 -1.008741
v -2.923080 6.350706 -1.849367
v -2.923080 6.075202 -2.660977
v -2.923080 5.696118 -3.429682
v -2.923080 5.219942 -4.142331
v -2.923080 4.654819 -4.786730
v -2.923080 4.010421 -5.351852
v -2.923080 3.297772 -5.828029
v -2.923080 2.529067 -6.207112
v -2.923080 1.717457 -6.482617
v -2.923080 0.876831 -6.649828
v -2.923080 0.021570 -6.705884
v -2.923080 -0.833690 -6.649828
v -2.923080 -1.674317 -6.482617
v -2.923080 -2.485926 -6.207112
v -2.923080 -3.254632 -5.828029
v -2.923080 -3.967280 -5.351852
v -2.923080 -4.611679 -4.786730
v -2.923080 -5.176801 -4.142331
v -2.923080 -5.652978 -3.429682
v -2.923080 -6.032062 -2.660977
v -2.923080 -6.307566 -1.849367
v -2.923080 -6.474777 -1.008741
v -2.923080 -6.530834 -0.153480
v -2.923080 -6.474777 0.701780
v -2.923080 -6.307566 1.542406
v -2.923080 -6.032062 2.354016
v -2.923080 -5.652978 3.122722
v -2.923080 -5.176801 3.835370
v -2.923080 -4.611679 4.479769
v -2.923080 -3.967280 5.044891
v -2.923080 -3.254632 5.521068
v -2.923080 -2.485926 5.900151
v -2.923080 -1.674317 6.175656
v -2.923080 -0.833690 6.342867
v -2.923080 0.021570 6.398923
v -2.923080 0.876831 6.342867
v -2.923080 1.717457 6.175656
v -2.923080 2.529067 5.900151
v -2.923080 3.297772 5.521068
v -2.923080 4.010421 5.044891
v -2.923080 4.654819 4.479769
v -2.923080 5.219942 3.835370
v -2.923080 5.696118 3.122722
v -2.923080 6.075202 2.354016
v -29.880000 -6.291448 -2.901030
v -29.880000 -5.891343 -3.680615
v -29.880000 -5.395461 -4.403068
v -29.880000 -4.811835 -5.056686
v -29.880000 -4.149917 -5.630881
v -29.880000 -3.420429 -6.116354
v -29.880000 -2.635188 -6.505241
v -29.880000 -1.806913 -6.791242
v -29.880000 -0.949020 -6.969724
v -29.880000 -0.075405 -7.037797
v -29.880000 0.799780 -6.994359
v -29.880000 1.662360 -6.840111
v -29.880000 2.498362 -6.577554
v -29.880000 3.294246 -6.210940
v -29.880000 4.037119 -5.746208
v -29.880000 4.714948 -5.190884
v -29.880000 5.316753 -4.553965
v -29.880000 5.832788 -3.845766
v -29.880000 6.254692 -3.077761
v -29.880000 6.575633 -2.262387
v -29.880000 6.790411 -1.412854
v -29.880000 6.895547 -0.542922
v -29.880000 6.889339 0.333319
v -29.880000 6.771887 1.201675
v -29.880000 6.545094 2.048079
v -29.880000 6.212632 2.858823
v -29.880000 5.779888 3.620774
v -29.880000 5.253871 4.321590
v -29.880000 4.643101 4.949918
v -29.880000 3.957472 5.495582
v -29.880000 3.208089 5.949742
v -29.880000 2.407091 6.305042
v -29.880000 1.567452 6.555728
v -29.880000 0.702774 6.697738
v -29.880000 -0.172939 6.728771
v -29.880000 -1.045502 6.648327
v -29.880000 -1.900780 6.457707
v -29.880000 -2.724919 6.159999
v -29.880000 -3.504572 5.760025
v -29.880000 -4.227107 5.264265
v -29.880000 -4.880823 4.680748
v -29.880000 -5.455130 4.018926
v -29.880000 -5.940726 3.289520
v -29.880000 -6.329744 2.504344
v -29.880000 -6.615884 1.676117
v -29.880000 -6.794510 0.818254
v -29.880000 -6.862730 -0.055349
v -29.880000 -6.819439 -0.930541
v -29.869189 -6.822084 -0.999985
v -29.840348 -6.842961 -1.063983
v -29.830000 -6.854537 -1.055352
v -29.830000 -6.913411 -0.169582
v -29.830000 -6.858651 0.716452
v -29.830000 -6.691154 1.588232
v -29.830000 -6.413664 2.431473
v -29.830000 -6.030729 3.232357
v -29.830000 -5.548623 3.977763
v -29.830000 -4.975246 4.655475
v -29.830000 -4.319993 5.254389
v -29.830000 -3.593601 5.764692
v -29.830000 -2.807971 6.178022
v -29.830000 -1.975978 6.487606
v -29.830000 -1.111253 6.688371
v -29.830000 -0.227967 6.777029
v -29.830000 0.659408 6.752125
v -29.830000 1.536332 6.614069
v -29.830000 2.388436 6.365122
v -29.830000 3.201757 6.009363
v -29.830000 3.962968 5.552622
v -29.830000 4.659597 5.002383
v -29.830000 5.280229 4.367662
v -29.830000 5.814695 3.658859
v -29.830000 6.254236 2.887588
v -29.830000 6.591651 2.066488
v -29.830000 6.821412 1.209011
v -29.830000 6.939752 0.329210
v -29.830000 6.944733 -0.558501
v -29.830000 6.836274 -1.439575
v -29.830000 6.616151 -2.299576
v -29.830000 6.287972 -3.124411
v -29.830000 5.857114 -3.900566
v -29.830000 5.330637 -4.615323
v -29.830000 4.717167 -5.256969
v -29.830000 4.026757 -5.814991
v -29.830000 3.270719 -6.280246
v -29.830000 2.461442 -6.645110
v -29.830000 1.612186 -6.903604
v -29.830000 0.736867 -7.051493
v -29.830000 -0.150173 -7.086353
v -29.830000 -1.034399 -7.007614
v -29.830000 -1.901322 -6.816566
v -29.830000 -2.736737 -6.516339
v -29.830000 -3.526956 -6.111852
v -29.830000 -4.259030 -5.609733
v -29.830000 -4.920963 -5.018210
v -29.830000 -5.501909 -4.346975
v -29.830000 -5.992350 -3.607027
v -29.830000 -6.384249 -2.810491
v -29.840348 -6.378539 -2.797228
v -29.869189 -6.328461 -2.842213
v -29.850000 -6.555224 -0.971728
v -29.850000 -6.605776 -0.108336
v -29.850000 -6.543467 0.754288
v -29.850000 -6.369358 1.601452
v -29.850000 -6.086415 2.418731
v -29.850000 -5.699456 3.192206
v -29.850000 -5.215070 3.908706
v -29.850000 -4.641506 4.556029
v -29.850000 -3.988533 5.123150
v -29.850000 -3.267269 5.600413
v -29.850000 -2.489998 5.979690
v -29.850000 -1.669956 6.254522
v -29.850000 -0.821108 6.420229
v -29.850000 0.042091 6.473988
v -29.850000 0.904940 6.414884
v -29.850000 1.752745 6.243924
v -29.850000 2.571070 5.964020
v -29.850000 3.345977 5.579937
v -29.850000 4.064272 5.098216
v -29.850000 4.713721 4.527062
v -29.850000 5.283265 3.876200
v -29.850000 5.763205 3.156715
v -29.850000 6.145367 2.380858
v -29.850000 6.423244 1.561843
v -29.850000 6.592103 0.713616
v -29.850000 6.649069 -0.149376
v -29.850000 6.593172 -1.012439
v -29.850000 6.425363 -1.860874
v -29.850000 6.148501 -2.680233
v -29.850000 5.767300 -3.456562
v -29.850000 5.288252 -4.176641
v -29.850000 4.719514 -4.828208
v -29.850000 4.070773 -5.400166
v -29.850000 3.353076 -5.882776
v -29.850000 2.578644 -6.267818
v -29.850000 1.760667 -6.548736
v -29.850000 0.913074 -6.720746
v -29.850000 0.050299 -6.780918
v -29.850000 -0.812965 -6.728228
v -29.850000 -1.662018 -6.563573
v -29.850000 -2.482400 -6.289757
v -29.850000 -3.260140 -5.911443
v -29.850000 -3.981994 -5.435074
v -29.850000 -4.635670 -4.868761
v -29.850000 -5.210035 -4.222149
v -29.850000 -5.695308 -3.506250
v -29.850000 -6.083225 -2.733255
v -29.808069 -6.102702 -2.686669
v -29.751387 -6.116248 -2.653669
v -29.724487 -6.109769 -2.669515
v -29.724487 -5.728434 -3.449114
v -29.724487 -5.248500 -4.172201
v -29.724487 -4.678196 -4.826376
v -29.724487 -4.027302 -5.400421
v -29.724487 -3.306980 -5.884494
v -29.724487 -2.529580 -6.270292
v -29.724487 -1.708434 -6.551202
v -29.724487 -0.857622 -6.722406
v -29.724487 0.008266 -6.780967
v -29.724487 0.874381 -6.725883
v -29.724487 1.725874 -6.558096
v -29.724487 2.548141 -6.280486
v -29.724487 3.327083 -5.897811
v -29.724487 4.049344 -5.416635
v -29.724487 4.702537 -4.845207
v -29.724487 5.275463 -4.193328
v -29.724487 5.758297 -3.472174
v -29.724487 6.142759 -2.694112
v -29.724487 6.422256 -1.872484
v -29.724487 6.591997 -1.021380
v -29.724487 6.649070 -0.155393
v -29.724487 6.592497 0.710627
v -29.724487 6.423247 1.561830
v -29.724487 6.144224 2.383619
v -29.724487 5.760211 3.161902
v -29.724487 5.277793 3.883335
v -29.724487 4.705244 4.535545
v -29.724487 4.052380 5.107349
v -29.724487 3.330397 5.588942
v -29.724487 2.551676 5.972066
v -29.724487 1.729569 6.250151
v -29.724487 0.878174 6.418428
v -29.724487 0.012090 6.474013
v -29.724487 -0.853832 6.415951
v -29.724487 -1.704742 6.245238
v -29.724487 -2.526050 5.964803
v -29.724487 -3.303672 5.579452
v -29.724487 -4.024274 5.095796
v -29.724487 -4.675499 4.522126
v -29.724487 -5.246180 3.868280
v -29.724487 -5.726532 3.145471
v -29.724487 -6.108317 2.366092
v -29.724487 -6.384988 1.543508
v -29.724487 -6.551801 0.691825
v -29.724487 -6.605897 -0.174353
v -29.724487 -6.546347 -1.040174
v -29.751415 -6.544032 -1.057151
v -29.808080 -6.548801 -1.021801
v -29.651095 -6.130870 -2.702484
v -29.651095 -5.745535 -3.483711
v -29.651095 -5.261529 -4.207960
v -29.651095 -4.687132 -4.862840
v -29.651095 -4.032173 -5.437145
v -29.651095 -3.307856 -5.921050
v -29.651095 -2.526576 -6.306276
v -29.651095 -1.701698 -6.586232
v -29.651095 -0.847336 -6.756127
v -29.651095 0.021892 -6.813056
v -29.651095 0.891115 -6.756043
v -29.651095 1.745460 -6.586065
v -29.651095 2.570311 -6.306030
v -29.651095 3.351555 -5.920728
v -29.651095 4.075824 -5.436753
v -29.651095 4.730728 -4.862384
v -29.651095 5.305062 -4.207449
v -29.651095 5.788998 -3.483154
v -29.651095 6.174257 -2.701890
v -29.651095 6.454248 -1.877024
v -29.651095 6.624180 -1.022669
v -29.651095 6.681146 -0.153443
v -29.651095 6.624170 0.715782
v -29.651095 6.454229 1.570135
v -29.651095 6.174229 2.394997
v -29.651095 5.788961 3.176257
v -29.651095 5.305016 3.900548
v -29.651095 4.730676 4.555476
v -29.651095 4.075765 5.129838
v -29.651095 3.351490 5.613805
v -29.651095 2.570242 5.999098
v -29.651095 1.745389 6.279124
v -29.651095 0.891041 6.449092
v -29.651095 0.021818 6.506095
v -29.651095 -0.847410 6.449157
v -29.651095 -1.701770 6.279252
v -29.651095 -2.526644 5.999287
v -29.651095 -3.307921 5.614052
v -29.651095 -4.032232 5.130139
v -29.651095 -4.687185 4.555826
v -29.651095 -5.261574 3.900941
v -29.651095 -5.745573 3.176686
v -29.651095 -6.130899 2.395455
v -29.651095 -6.410960 1.570613
v -29.651095 -6.580965 0.716273
v -29.651095 -6.638005 -0.152948
v -29.651095 -6.581104 -1.022178
v -29.655634 -6.576630 -1.020950
v -29.671589 -6.564281 -1.020187
v -29.689077 -6.555101 -1.023579
v -29.689077 -6.109052 -2.688267
v -29.671589 -6.115306 -2.695796
v -29.655634 -6.126381 -2.701311
v -29.684439 -6.614182 -0.192881
v -29.684439 -5.277511 -4.147789
v -29.684439 -5.744873 -3.437211
v -29.684439 -4.723102 -4.792753
v -29.684439 -4.090753 -5.361509
v -29.684439 -3.390852 -5.844713
v -29.684439 -2.634896 -6.234430
v -29.684439 -1.835303 -6.524256
v -29.684439 -1.005207 -6.709431
v -29.684439 -0.158245 -6.786913
v -29.684439 0.691671 -6.755429
v -29.684439 1.530579 -6.615496
v -29.684439 2.344699 -6.369414
v -29.684439 3.120658 -6.021224
v -29.684439 3.845709 -5.576646
v -29.684439 4.507941 -5.042983
v -29.684439 5.096477 -4.429001
v -29.684439 5.601649 -3.744786
v -29.684439 6.015158 -3.001578
v -29.684439 6.330212 -2.211585
v -29.684439 6.541636 -1.387784
v -29.684439 6.645956 -0.543707
v -29.684439 6.641458 0.306780
v -29.684439 6.528218 1.149706
v -29.684439 6.308094 1.971225
v -29.684439 5.984703 2.757843
v -29.684439 5.563358 3.496636
v -29.684439 5.050978 4.175470
v -29.684439 4.455982 4.783194
v -29.684439 3.788143 5.309824
v -29.684439 3.058431 5.746709
v -29.684439 2.278833 6.086674
v -29.684439 1.462156 6.324133
v -29.684439 0.621815 6.455185
v -29.684439 -0.228386 6.477679
v -29.684439 -1.074482 6.391245
v -29.684439 -1.902572 6.197302
v -29.684439 -2.699056 5.899036
v -29.684439 -3.450848 5.501347
v -29.684439 -4.145600 5.010767
v -29.684439 -4.771898 4.435356
v -29.684439 -5.319456 3.784565
v -29.684439 -5.779278 3.069084
v -29.684439 -6.143810 2.300668
v -29.684439 -6.407066 1.491937
v -29.684439 -6.564719 0.656178
v -29.602164 -6.167102 -2.709881
v -29.536726 -6.183541 -2.713248
v -29.504672 -6.183297 -2.709069
v -29.474104 -6.180063 -2.696415
v -29.446567 -6.174193 -2.676698
v -29.413327 -6.161705 -2.639100
v -29.413327 -5.792004 -3.411324
v -29.413327 -5.326351 -4.129777
v -29.413327 -4.772429 -4.782602
v -29.413327 -4.139383 -5.359022
v -29.413327 -3.437660 -5.849525
v -29.413327 -2.678842 -6.246014
v -29.413327 -1.875454 -6.541946
v -29.413327 -1.040755 -6.732436
v -29.413327 -0.188523 -6.814341
v -29.413327 0.667177 -6.786307
v -29.413327 1.512222 -6.648798
v -29.413327 2.332663 -6.404084
v -29.413327 3.114959 -6.056204
v -29.413327 3.846199 -5.610899
v -29.413327 4.514313 -5.075519
v -29.413327 5.108274 -4.458900
v -29.413327 5.618279 -3.771221
v -29.413327 6.035911 -3.023830
v -29.413327 6.354275 -2.229064
v -29.413327 6.568118 -1.400041
v -29.413327 6.673909 -0.550443
v -29.413327 6.669904 0.305706
v -29.413327 6.556168 1.154277
v -29.413327 6.334578 1.981264
v -29.413327 6.008791 2.773016
v -29.413327 5.584186 3.516466
v -29.413327 5.067769 4.199344
v -29.413327 4.468064 4.810378
v -29.413327 3.794970 5.339483
v -29.413327 3.059596 5.777927
v -29.413327 2.274079 6.118473
v -29.413327 1.451384 6.355500
v -29.413327 0.605090 6.485096
v -29.413327 -0.250835 6.505122
v -29.413327 -1.102263 6.415248
v -29.413327 -1.935143 6.216957
v -29.413327 -2.735727 5.913521
v -29.413327 -3.490802 5.509949
v -29.413327 -4.187906 5.012902
v -29.413327 -4.815531 4.430584
v -29.413327 -5.363320 3.772606
v -29.413327 -5.822231 3.049827
v -29.413327 -6.184690 2.274178
v -29.413327 -6.444715 1.458460
v -29.413327 -6.598013 0.616137
v -29.413327 -6.642055 -0.238889
v -29.413327 -6.576113 -1.092504
v -29.446558 -6.605723 -1.066186
v -29.474097 -6.620668 -1.052038
v -29.504668 -6.629798 -1.042692
v -29.536725 -6.632100 -1.039194
v -29.602163 -6.616180 -1.033890
v -29.576799 -6.683603 -0.239421
v -29.489352 -6.685294 -0.239443
v -29.576799 -6.639287 0.620936
v -29.489352 -6.640966 0.621131
v -29.576799 -6.485033 1.468511
v -29.489352 -6.486673 1.468919
v -29.576799 -6.223387 2.289314
v -29.489352 -6.224961 2.289930
v -29.576799 -5.858668 3.069800
v -29.489352 -5.860150 3.070613
v -29.576799 -5.396895 3.797085
v -29.489352 -5.398261 3.798081
v -29.576799 -4.845691 4.459166
v -29.489352 -4.846918 4.460329
v -29.576799 -4.214152 5.045115
v -29.489352 -4.215220 5.046426
v -29.576799 -3.512702 5.545261
v -29.489352 -3.513593 5.546698
v -29.576799 -2.752919 5.951349
v -29.489352 -2.753619 5.952888
v -29.576799 -1.947343 6.256677
v -29.489352 -1.947840 6.258293
v -29.576799 -1.109271 6.456205
v -29.489352 -1.109556 6.457871
v -29.576799 -0.252533 6.546639
v -29.489352 -0.252602 6.548329
v -29.576799 0.608729 6.526488
v -29.489352 0.608877 6.528173
v -29.576799 1.460299 6.396084
v -29.489352 1.460662 6.397736
v -29.576799 2.288123 6.157579
v -29.489352 2.288695 6.159170
v -29.576799 3.078538 5.814910
v -29.489352 3.079309 5.816415
v -29.576799 3.818497 5.373732
v -29.489352 3.819455 5.375126
v -29.576799 4.495788 4.841328
v -29.489352 4.496916 4.842587
v -29.576799 5.099232 4.226484
v -29.489352 5.100512 4.227588
v -29.576799 5.618869 3.539348
v -29.489352 5.620280 3.540279
v -29.576799 6.046122 2.791263
v -29.489352 6.047641 2.792005
v -29.576799 6.373940 1.994574
v -29.489352 6.375542 1.995115
v -29.576799 6.596912 1.162431
v -29.489352 6.598569 1.162763
v -29.576799 6.711357 0.308570
v -29.489352 6.713044 0.308686
v -29.576799 6.715387 -0.552918
v -29.489352 6.717075 -0.553019
v -29.576799 6.608936 -1.407813
v -29.489352 6.610597 -1.408130
v -29.576799 6.393760 -2.242006
v -29.489352 6.395366 -2.242532
v -29.576799 6.073410 -3.041727
v -29.489352 6.074936 -3.042455
v -29.576799 5.653175 -3.793777
v -29.489352 5.654595 -3.794695
v -29.576799 5.139990 -4.485745
v -29.489352 5.141281 -4.486837
v -29.576799 4.542326 -5.106208
v -29.489352 4.543465 -5.107457
v -29.576799 3.870046 -5.644926
v -29.489352 3.871016 -5.646311
v -29.576799 3.134246 -6.093008
v -29.489352 3.135031 -6.094505
v -29.576799 2.347072 -6.443057
v -29.489352 2.347659 -6.444643
v -29.576799 1.521516 -6.689297
v -29.489352 1.521894 -6.690945
v -29.576799 0.671203 -6.827663
v -29.489352 0.671367 -6.829346
v -29.576799 -0.189833 -6.855871
v -29.489352 -0.189886 -6.857561
v -29.576799 -1.047379 -6.773457
v -29.489352 -1.047648 -6.775126
v -29.576799 -1.887282 -6.581779
v -29.489352 -1.887763 -6.583400
v -29.576799 -2.695679 -6.284002
v -29.489352 -2.696364 -6.285547
v -29.576799 -3.459228 -5.885040
v -29.489352 -3.460106 -5.886485
v -29.576799 -4.165327 -5.391479
v -29.489352 -4.166382 -5.392800
v -29.576799 -4.802320 -4.811465
v -29.489352 -4.803537 -4.812639
v -29.576799 -5.359695 -4.154570
v -29.489352 -5.361052 -4.155579
v -29.576799 -5.828252 -3.431637
v -29.489352 -5.829727 -3.432464
v -29.247023 6.358044 1.544373
v -29.247023 6.082220 2.356923
v -29.247023 5.702697 3.126520
v -29.247023 5.225968 3.839995
v -29.247023 4.660191 4.485140
v -29.247023 4.015045 5.050917
v -29.247023 3.301570 5.527646
v -29.247023 2.531974 5.907169
v -29.247023 1.719423 6.182993
v -29.247023 0.877822 6.350398
v -29.247023 0.021570 6.406520
v -29.247023 -0.834682 6.350398
v -29.247023 -1.676283 6.182993
v -29.247023 -2.488833 5.907169
v -29.247023 -3.258430 5.527646
v -29.247023 -3.971905 5.050917
v -29.247023 -4.617050 4.485140
v -29.247023 -5.182828 3.839995
v -29.247023 -5.659556 3.126520
v -29.247023 -6.039079 2.356923
v -29.247023 -6.314903 1.544373
v -29.247023 -6.482308 0.702771
v -29.247023 -6.538430 -0.153480
v -29.247023 -6.482308 -1.009732
v -29.247023 -6.314903 -1.851333
v -29.247023 -6.039079 -2.663884
v -29.247023 -5.659556 -3.433480
v -29.247023 -5.182828 -4.146955
v -29.247023 -4.617050 -4.792101
v -29.247023 -3.971905 -5.357878
v -29.247023 -3.258430 -5.834607
v -29.247023 -2.488833 -6.214130
v -29.247023 -1.676283 -6.489954
v -29.247023 -0.834682 -6.657359
v -29.247023 0.021570 -6.713480
v -29.247023 0.877822 -6.657359
v -29.247023 1.719423 -6.489954
v -29.247023 2.531974 -6.214130
v -29.247023 3.301570 -5.834607
v -29.247023 4.015045 -5.357878
v -29.247023 4.660191 -4.792101
v -29.247023 5.225968 -4.146955
v -29.247023 5.702697 -3.433480
v -29.247023 6.082220 -2.663884
v -29.247023 6.358044 -1.851333
v -29.247023 6.525449 -1.009732
v -29.247023 6.581570 -0.153480
v -29.247023 6.525449 0.702771
v -29.353089 -6.506460 -1.151863
v -29.353089 -6.580653 -0.303770
v -29.353089 -6.545128 0.546820
v -29.353089 -6.400473 1.385773
v -29.353089 -6.149094 2.199146
v -29.353089 -5.795167 2.973421
v -29.353089 -5.344574 3.695732
v -29.353089 -4.804804 4.354075
v -29.353089 -4.184827 4.937508
v -29.353089 -3.494946 5.436337
v -29.353089 -2.746625 5.842271
v -29.353089 -1.952301 6.148565
v -29.353089 -1.125174 6.350128
v -29.353089 -0.278989 6.443610
v -29.353089 0.572190 6.427459
v -29.353089 1.414218 6.301942
v -29.353089 2.233103 6.069145
v -29.353089 3.015235 5.732937
v -29.353089 3.747617 5.298906
v -29.353089 4.418078 4.774264
v -29.353089 5.015475 4.167730
v -29.353089 5.529881 3.489384
v -29.353089 5.952746 2.750499
v -29.353089 6.277045 1.963353
v -29.353089 6.497386 1.141030
v -29.353089 6.610109 0.297193
v -29.353089 6.613339 -0.554133
v -29.353089 6.507025 -1.398801
v -29.353089 6.292931 -2.222773
v -29.353089 5.974617 -3.012357
v -29.353089 5.557372 -3.754431
v -29.353089 5.048130 -4.436662
v -29.353089 4.455354 -5.047713
v -29.353089 3.788894 -5.577428
v -29.353089 3.059828 -6.017006
v -29.353089 2.280270 -6.359141
v -29.353089 1.463176 -6.598146
v -29.353089 0.622124 -6.730051
v -29.353089 -0.228908 -6.752663
v -29.353089 -1.075777 -6.665605
v -29.353089 -1.904410 -6.470326
v -29.353089 -2.701036 -6.170071
v -29.353089 -3.452417 -5.769828
v -29.353089 -4.146065 -5.276250
v -29.353089 -4.770452 -4.697538
v -29.353089 -5.315204 -4.043312
v -29.353089 -5.771266 -3.324442
v -29.353089 -6.131059 -2.552875
v -29.329283 -6.135122 -2.488363
v -29.321747 -6.158014 -2.413641
v -29.330000 -6.233506 -2.211825
v -29.330000 -6.306113 -1.976442
v -29.330000 -6.369866 -1.738508
v -29.330000 -6.424675 -1.498356
v -29.321536 -6.462758 -1.270382
v -29.331259 -6.480253 -1.202372
v -29.304425 -6.325932 -1.854289
v -29.304425 6.246652 1.951725
v -29.304425 5.925220 2.732772
v -29.304425 6.465252 1.135902
v -29.304425 5.509765 3.460832
v -29.304425 5.002519 4.132973
v -29.304425 4.413486 4.734731
v -29.304425 3.752338 5.256224
v -29.304425 3.029931 5.688891
v -29.304425 2.258127 6.025626
v -29.304425 1.449598 6.260900
v -29.304425 0.617621 6.390850
v -29.304425 -0.224143 6.413342
v -29.304425 -1.061872 6.328008
v -29.304425 -1.881811 6.136247
v -29.304425 -2.670497 5.841210
v -29.304425 -3.414979 5.447739
v -29.304425 -4.103033 4.962297
v -29.304425 -4.723362 4.392854
v -29.304425 -5.265778 3.748760
v -29.304425 -5.721377 3.040592
v -29.304425 -6.082676 2.279977
v -29.304425 -6.343744 1.479404
v -29.304425 -6.500293 0.652020
v -29.304425 -6.549754 -0.188590
v -29.304425 -6.491314 -1.028624
v -29.304425 -6.056325 -2.652026
v -29.304425 -5.686918 -3.408736
v -29.304425 -5.223779 -4.111996
v -29.304425 -4.674511 -4.750257
v -29.304425 -4.048133 -5.313039
v -29.304425 -3.354931 -5.791102
v -29.304425 -2.606287 -6.176594
v -29.304425 -1.814494 -6.463187
v -29.304425 -0.992553 -6.646176
v -29.304425 -0.153959 -6.722554
v -29.304425 0.687516 -6.691068
v -29.304425 1.518057 -6.552235
v -29.304425 2.324026 -6.308335
v -29.304425 3.092188 -5.963372
v -29.304425 3.809931 -5.523011
v -29.304425 4.465469 -4.994483
v -29.304425 5.048038 -4.386465
v -29.304425 5.548073 -3.708942
v -29.304425 5.957362 -2.973038
v -29.304425 6.269187 -2.190837
v -29.304425 6.478425 -1.375183
v -29.304425 6.581643 -0.539469
v -29.304425 6.577407 0.298779
v -14.880000 -6.256948 -1.835804
v -14.880000 -5.983647 -2.640923
v -14.880000 -5.607595 -3.403480
v -14.880000 -5.135226 -4.110430
v -14.880000 -4.574624 -4.749674
v -14.880000 -3.935379 -5.310277
v -14.880000 -3.228430 -5.782646
v -14.880000 -2.465872 -6.158697
v -14.880000 -1.660754 -6.431998
v -14.880000 -0.826850 -6.597872
v -14.880000 0.021570 -6.653480
v -14.880000 0.869991 -6.597872
v -14.880000 1.703894 -6.431998
v -14.880000 2.509013 -6.158697
v -14.880000 3.271570 -5.782646
v -14.880000 3.978520 -5.310277
v -14.880000 4.617764 -4.749674
v -14.880000 5.178367 -4.110430
v -14.880000 5.650735 -3.403480
v -14.880000 6.026787 -2.640923
v -14.880000 6.300088 -1.835804
v -14.880000 6.465962 -1.001901
v -14.880000 6.521570 -0.153480
v -14.880000 6.465962 0.694940
v -14.880000 6.300088 1.528843
v -14.880000 6.026787 2.333962
v -14.880000 5.650735 3.096520
v -14.880000 5.178367 3.803469
v -14.880000 4.617764 4.442714
v -14.880000 3.978520 5.003316
v -14.880000 3.271570 5.475685
v -14.880000 2.509013 5.851737
v -14.880000 1.703894 6.125037
v -14.880000 0.869991 6.290911
v -14.880000 0.021570 6.346520
v -14.880000 -0.826850 6.290911
v -14.880000 -1.660754 6.125037
v -14.880000 -2.465872 5.851737
v -14.880000 -3.228430 5.475685
v -14.880000 -3.935379 5.003316
v -14.880000 -4.574624 4.442714
v -14.880000 -5.135226 3.803469
v -14.880000 -5.607595 3.096520
v -14.880000 -5.983647 2.333962
v -14.880000 -6.256948 1.528843
v -14.880000 -6.422821 0.694940
v -14.880000 -6.478430 -0.153480
v -14.880000 -6.422821 -1.001901
v 0.070000 -6.854537 -1.055352
v 0.070000 -6.913411 -0.169582
v 0.070000 -6.858651 0.716452
v 0.070000 -6.691154 1.588232
v 0.070000 -6.413664 2.431473
v 0.070000 -6.030729 3.232357
v 0.070000 -5.548623 3.977763
v 0.070000 -4.975246 4.655475
v 0.070000 -4.319993 5.254389
v 0.070000 -3.593601 5.764692
v 0.070000 -2.807971 6.178022
v 0.070000 -1.975978 6.487606
v 0.070000 -1.111253 6.688371
v 0.070000 -0.227967 6.777029
v 0.070000 0.659408 6.752125
v 0.070000 1.536332 6.614069
v 0.070000 2.388436 6.365122
v 0.070000 3.201757 6.009363
v 0.070000 3.962968 5.552622
v 0.070000 4.659597 5.002383
v 0.070000 5.280229 4.367662
v 0.070000 5.814695 3.658859
v 0.070000 6.254236 2.887588
v 0.070000 6.591651 2.066488
v 0.070000 6.821412 1.209011
v 0.070000 6.939752 0.329210
v 0.070000 6.944733 -0.558501
v 0.070000 6.836274 -1.439575
v 0.070000 6.616151 -2.299576
v 0.070000 6.287972 -3.124411
v 0.070000 5.857114 -3.900566
v 0.070000 5.330637 -4.615323
v 0.070000 4.717167 -5.256969
v 0.070000 4.026757 -5.814991
v 0.070000 3.270719 -6.280246
v 0.070000 2.461442 -6.645110
v 0.070000 1.612186 -6.903604
v 0.070000 0.736867 -7.051493
v 0.070000 -0.150173 -7.086353
v 0.070000 -1.034399 -7.007614
v 0.070000 -1.901322 -6.816566
v 0.070000 -2.736737 -6.516339
v 0.070000 -3.526956 -6.111852
v 0.070000 -4.259030 -5.609733
v 0.070000 -4.920963 -5.018210
v 0.070000 -5.501909 -4.346975
v 0.070000 -5.992350 -3.607027
v 0.070000 -6.384249 -2.810491
v -0.220000 -6.384249 -2.810491
v -0.334399 -6.393128 -2.788982
v -0.431061 -6.417901 -2.727860
v -0.495512 -6.453718 -2.636396
v -0.518247 -6.494359 -2.527693
v -0.518247 -6.621853 -2.143243
v -0.518247 -6.726684 -1.752007
v -0.518247 -6.808497 -1.355317
v -0.495613 -6.827613 -1.241101
v -0.431207 -6.842344 -1.143886
v -0.334641 -6.851458 -1.078520
v -0.220000 -6.854537 -1.055352
v -29.540000 -6.854537 -1.055352
v -29.425359 -6.851459 -1.078520
v -29.328793 -6.842344 -1.143886
v -29.264387 -6.827613 -1.241101
v -29.241753 -6.808497 -1.355317
v -29.241753 -6.726684 -1.752007
v -29.241753 -6.621853 -2.143243
v -29.241753 -6.494359 -2.527693
v -29.264488 -6.453718 -2.636396
v -29.328939 -6.417901 -2.727860
v -29.425601 -6.393128 -2.788982
v -29.540000 -6.384249 -2.810491
v -14.880000 -6.851459 -1.078520
v -14.880000 -6.913331 -0.190533
v -14.880000 -6.861133 0.696587
v -14.880000 -6.695922 1.569748
v -14.880000 -6.420410 2.414615
v -14.880000 -6.039121 3.217313
v -14.880000 -5.558315 3.964663
v -14.880000 -4.985888 4.644393
v -14.880000 -4.331239 5.245342
v -14.880000 -3.605116 5.757642
v -14.880000 -2.819443 6.172882
v -14.880000 -1.987121 6.484244
v -14.880000 -1.121817 6.686614
v -14.880000 -0.237738 6.776670
v -14.880000 0.659408 6.752125
v -14.880000 1.536332 6.614069
v -14.880000 2.388436 6.365122
v -14.880000 3.201757 6.009363
v -14.880000 3.962968 5.552622
v -14.880000 4.659597 5.002383
v -14.880000 5.280229 4.367662
v -14.880000 5.814695 3.658859
v -14.880000 6.254236 2.887588
v -14.880000 6.591651 2.066488
v -14.880000 6.821412 1.209011
v -14.880000 6.939752 0.329210
v -14.880000 6.944733 -0.558501
v -14.880000 6.836274 -1.439575
v -14.880000 6.616151 -2.299576
v -14.880000 6.287972 -3.124411
v -14.880000 5.857114 -3.900566
v -14.880000 5.330637 -4.615323
v -14.880000 4.717167 -5.256969
v -14.880000 4.026757 -5.814991
v -14.880000 3.262078 -6.284821
v -14.880000 2.451415 -6.648869
v -14.880000 1.600854 -6.906264
v -14.880000 0.724362 -7.052778
v -14.880000 -0.163671 -7.086006
v -14.880000 -1.048662 -7.005402
v -14.880000 -1.916079 -6.812290
v -14.880000 -2.751681 -6.509840
v -14.880000 -3.541746 -6.103019
v -14.880000 -4.273301 -5.598506
v -14.880000 -4.934335 -5.004587
v -14.880000 -5.513992 -4.331012
v -14.880000 -6.002756 -3.588843
v -14.880000 -6.393128 -2.788982
v -14.880000 -6.677125 -1.948390
v 0.120000 -6.819439 -0.930541
v 0.120000 -6.862730 -0.055349
v 0.120000 -6.794510 0.818254
v 0.120000 -6.615884 1.676117
v 0.120000 -6.329744 2.504344
v 0.120000 -5.940726 3.289520
v 0.120000 -5.455130 4.018926
v 0.120000 -4.880823 4.680748
v 0.120000 -4.227107 5.264265
v 0.120000 -3.504572 5.760025
v 0.120000 -2.724919 6.159999
v 0.120000 -1.900780 6.457707
v 0.120000 -1.045502 6.648327
v 0.120000 -0.172939 6.728771
v 0.120000 0.702774 6.697738
v 0.120000 1.567452 6.555728
v 0.120000 2.407091 6.305042
v 0.120000 3.208089 5.949742
v 0.120000 3.957472 5.495582
v 0.120000 4.643101 4.949918
v 0.120000 5.253871 4.321590
v 0.120000 5.779888 3.620774
v 0.120000 6.212632 2.858823
v 0.120000 6.545094 2.048079
v 0.120000 6.771887 1.201675
v 0.120000 6.889339 0.333319
v 0.120000 6.895547 -0.542922
v 0.120000 6.790411 -1.412854
v 0.120000 6.575633 -2.262387
v 0.120000 6.254692 -3.077761
v 0.120000 5.832788 -3.845766
v 0.120000 5.316753 -4.553965
v 0.120000 4.714948 -5.190884
v 0.120000 4.037119 -5.746208
v 0.120000 3.294246 -6.210940
v 0.120000 2.498362 -6.577554
v 0.120000 1.662360 -6.840111
v 0.120000 0.799780 -6.994359
v 0.120000 -0.075405 -7.037797
v 0.120000 -0.949020 -6.969724
v 0.120000 -1.806913 -6.791242
v 0.120000 -2.635188 -6.505241
v 0.120000 -3.420429 -6.116354
v 0.120000 -4.149917 -5.630881
v 0.120000 -4.811835 -5.056686
v 0.120000 -5.395461 -4.403068
v 0.120000 -5.891343 -3.680615
v 0.120000 -6.291448 -2.901030
v 0.109189 -6.328461 -2.842213
v 0.080348 -6.378539 -2.797228
v 0.080348 -6.842961 -1.063983
v 0.109189 -6.822084 -0.999985
v 0.090000 -6.083225 -2.733255
v 0.090000 -5.695308 -3.506250
v 0.090000 -5.210035 -4.222149
v 0.090000 -4.635670 -4.868761
v 0.090000 -3.981994 -5.435074
v 0.090000 -3.260140 -5.911443
v 0.090000 -2.482400 -6.289757
v 0.090000 -1.662018 -6.563573
v 0.090000 -0.812965 -6.728228
v 0.090000 0.050299 -6.780918
v 0.090000 0.913074 -6.720746
v 0.090000 1.760667 -6.548736
v 0.090000 2.578644 -6.267818
v 0.090000 3.353076 -5.882776
v 0.090000 4.070773 -5.400166
v 0.090000 4.719514 -4.828208
v 0.090000 5.288252 -4.176641
v 0.090000 5.767300 -3.456562
v 0.090000 6.148501 -2.680233
v 0.090000 6.425363 -1.860874
v 0.090000 6.593172 -1.012439
v 0.090000 6.649069 -0.149376
v 0.090000 6.592103 0.713616
v 0.090000 6.423244 1.561843
v 0.090000 6.145367 2.380858
v 0.090000 5.763205 3.156715
v 0.090000 5.283265 3.876200
v 0.090000 4.713721 4.527062
v 0.090000 4.064272 5.098216
v 0.090000 3.345977 5.579937
v 0.090000 2.571070 5.964020
v 0.090000 1.752745 6.243924
v 0.090000 0.904940 6.414884
v 0.090000 0.042091 6.473988
v 0.090000 -0.821108 6.420229
v 0.090000 -1.669956 6.254522
v 0.090000 -2.489998 5.979690
v 0.090000 -3.267269 5.600413
v 0.090000 -3.988533 5.123150
v 0.090000 -4.641506 4.556029
v 0.090000 -5.215070 3.908706
v 0.090000 -5.699456 3.192206
v 0.090000 -6.086415 2.418731
v 0.090000 -6.369358 1.601452
v 0.090000 -6.543467 0.754288
v 0.090000 -6.605776 -0.108336
v 0.090000 -6.555224 -0.971728
v 0.048080 -6.548801 -1.021801
v -0.008585 -6.544032 -1.057151
v -0.035513 -6.546347 -1.040174
v -0.035513 -6.605897 -0.174353
v -0.035513 -6.551801 0.691825
v -0.035513 -6.384988 1.543508
v -0.035513 -6.108317 2.366092
v -0.035513 -5.726532 3.145471
v -0.035513 -5.246180 3.868280
v -0.035513 -4.675499 4.522126
v -0.035513 -4.024274 5.095796
v -0.035513 -3.303672 5.579452
v -0.035513 -2.526050 5.964803
v -0.035513 -1.704742 6.245238
v -0.035513 -0.853832 6.415951
v -0.035513 0.012090 6.474013
v -0.035513 0.878174 6.418428
v -0.035513 1.729569 6.250151
v -0.035513 2.551676 5.972066
v -0.035513 3.330397 5.588942
v -0.035513 4.052380 5.107349
v -0.035513 4.705244 4.535545
v -0.035513 5.277793 3.883335
v -0.035513 5.760211 3.161902
v -0.035513 6.144224 2.383619
v -0.035513 6.423247 1.561830
v -0.035513 6.592497 0.710627
v -0.035513 6.649070 -0.155393
v -0.035513 6.591997 -1.021380
v -0.035513 6.422256 -1.872484
v -0.035513 6.142759 -2.694112
v -0.035513 5.758297 -3.472174
v -0.035513 5.275463 -4.193328
v -0.035513 4.702537 -4.845207
v -0.035513 4.049344 -5.416635
v -0.035513 3.327083 -5.897811
v -0.035513 2.548141 -6.280486
v -0.035513 1.725874 -6.558096
v -0.035513 0.874381 -6.725883
v -0.035513 0.008266 -6.780967
v -0.035513 -0.857622 -6.722406
v -0.035513 -1.708434 -6.551202
v -0.035513 -2.529580 -6.270292
v -0.035513 -3.306980 -5.884494
v -0.035513 -4.027302 -5.400421
v -0.035513 -4.678196 -4.826376
v -0.035513 -5.248500 -4.172201
v -0.035513 -5.728434 -3.449114
v -0.035513 -6.109769 -2.669515
v -0.008613 -6.116248 -2.653669
v 0.048072 -6.102700 -2.686673
v -0.108905 -6.581104 -1.022178
v -0.108905 -6.638005 -0.152948
v -0.108905 -6.580965 0.716273
v -0.108905 -6.410960 1.570613
v -0.108905 -6.130899 2.395455
v -0.108905 -5.745573 3.176686
v -0.108905 -5.261574 3.900940
v -0.108905 -4.687185 4.555826
v -0.108905 -4.032232 5.130139
v -0.108905 -3.307921 5.614052
v -0.108905 -2.526644 5.999287
v -0.108905 -1.701770 6.279252
v -0.108905 -0.847410 6.449157
v -0.108905 0.021818 6.506095
v -0.108905 0.891041 6.449092
v -0.108905 1.745389 6.279124
v -0.108905 2.570242 5.999098
v -0.108905 3.351490 5.613805
v -0.108905 4.075765 5.129838
v -0.108905 4.730676 4.555476
v -0.108905 5.305016 3.900548
v -0.108905 5.788961 3.176257
v -0.108905 6.174229 2.394997
v -0.108905 6.454229 1.570135
v -0.108905 6.624170 0.715782
v -0.108905 6.681146 -0.153443
v -0.108905 6.624180 -1.022669
v -0.108905 6.454248 -1.877024
v -0.108905 6.174257 -2.701890
v -0.108905 5.788998 -3.483154
v -0.108905 5.305062 -4.207449
v -0.108905 4.730728 -4.862384
v -0.108905 4.075824 -5.436753
v -0.108905 3.351555 -5.920728
v -0.108905 2.570311 -6.306030
v -0.108905 1.745460 -6.586065
v -0.108905 0.891115 -6.756043
v -0.108905 0.021892 -6.813056
v -0.108905 -0.847336 -6.756127
v -0.108905 -1.701698 -6.586232
v -0.108905 -2.526576 -6.306276
v -0.108905 -3.307856 -5.921050
v -0.108905 -4.032173 -5.437145
v -0.108905 -4.687132 -4.862840
v -0.108905 -5.261529 -4.207960
v -0.108905 -5.745535 -3.483711
v -0.108905 -6.130870 -2.702484
v -0.104366 -6.126381 -2.701311
v -0.088411 -6.115306 -2.695796
v -0.070923 -6.109053 -2.688267
v -0.070924 -6.555101 -1.023579
v -0.088412 -6.564282 -1.020187
v -0.104366 -6.576630 -1.020950
v -0.075561 -5.744873 -3.437211
v -0.075561 -6.564719 0.656178
v -0.075561 -6.614182 -0.192881
v -0.075561 -6.407066 1.491937
v -0.075561 -6.143810 2.300668
v -0.075561 -5.779278 3.069084
v -0.075561 -5.319456 3.784565
v -0.075561 -4.771898 4.435356
v -0.075561 -4.145600 5.010767
v -0.075561 -3.450848 5.501347
v -0.075561 -2.699056 5.899036
v -0.075561 -1.902572 6.197302
v -0.075561 -1.074482 6.391245
v -0.075561 -0.228386 6.477679
v -0.075561 0.621815 6.455185
v -0.075561 1.462156 6.324133
v -0.075561 2.278833 6.086674
v -0.075561 3.058431 5.746709
v -0.075561 3.788143 5.309824
v -0.075561 4.455982 4.783194
v -0.075561 5.050978 4.175470
v -0.075561 5.563358 3.496636
v -0.075561 5.984703 2.757843
v -0.075561 6.308094 1.971225
v -0.075561 6.528218 1.149706
v -0.075561 6.641458 0.306780
v -0.075561 6.645956 -0.543707
v -0.075561 6.541636 -1.387784
v -0.075561 6.330212 -2.211585
v -0.075561 6.015158 -3.001578
v -0.075561 5.601649 -3.744786
v -0.075561 5.096477 -4.429001
v -0.075561 4.507941 -5.042983
v -0.075561 3.845709 -5.576646
v -0.075561 3.120658 -6.021224
v -0.075561 2.344699 -6.369414
v -0.075561 1.530579 -6.615496
v -0.075561 0.691671 -6.755429
v -0.075561 -0.158245 -6.786913
v -0.075561 -1.005207 -6.709431
v -0.075561 -1.835303 -6.524256
v -0.075561 -2.634896 -6.234430
v -0.075561 -3.390852 -5.844713
v -0.075561 -4.090753 -5.361509
v -0.075561 -4.723102 -4.792753
v -0.075561 -5.277511 -4.147789
v -0.157837 -6.616180 -1.033890
v -0.223275 -6.632100 -1.039194
v -0.270924 -6.626035 -1.046687
v -0.300061 -6.613873 -1.058568
v -0.346673 -6.576113 -1.092504
v -0.346673 -6.642055 -0.238889
v -0.346673 -6.598013 0.616137
v -0.346673 -6.444715 1.458460
v -0.346673 -6.184690 2.274178
v -0.346673 -5.822231 3.049827
v -0.346673 -5.363320 3.772606
v -0.346673 -4.815531 4.430584
v -0.346673 -4.187906 5.012902
v -0.346673 -3.490802 5.509949
v -0.346673 -2.735727 5.913521
v -0.346673 -1.935143 6.216957
v -0.346673 -1.102263 6.415248
v -0.346673 -0.250835 6.505122
v -0.346673 0.605090 6.485096
v -0.346673 1.451384 6.355500
v -0.346673 2.274079 6.118473
v -0.346673 3.059596 5.777927
v -0.346673 3.794970 5.339483
v -0.346673 4.468064 4.810378
v -0.346673 5.067769 4.199344
v -0.346673 5.584186 3.516466
v -0.346673 6.008791 2.773016
v -0.346673 6.334578 1.981264
v -0.346673 6.556168 1.154277
v -0.346673 6.669904 0.305706
v -0.346673 6.673909 -0.550443
v -0.346673 6.568118 -1.400041
v -0.346673 6.354275 -2.229064
v -0.346673 6.035911 -3.023830
v -0.346673 5.618279 -3.771221
v -0.346673 5.108274 -4.458900
v -0.346673 4.514313 -5.075519
v -0.346673 3.846199 -5.610899
v -0.346673 3.114959 -6.056204
v -0.346673 2.332663 -6.404084
v -0.346673 1.512222 -6.648798
v -0.346673 0.667177 -6.786307
v -0.346673 -0.188523 -6.814341
v -0.346673 -1.040755 -6.732436
v -0.346673 -1.875454 -6.541946
v -0.346673 -2.678842 -6.246014
v -0.346673 -3.437660 -5.849525
v -0.346673 -4.139383 -5.359022
v -0.346673 -4.772429 -4.782602
v -0.346673 -5.326351 -4.129777
v -0.346673 -5.792004 -3.411324
v -0.346673 -6.161705 -2.639100
v -0.300053 -6.177443 -2.687366
v -0.270918 -6.182035 -2.703730
v -0.223274 -6.183541 -2.713248
v -0.160756 -6.168483 -2.710163
v -0.183201 -5.828252 -3.431637
v -0.270648 -5.829727 -3.432464
v -0.183201 -5.359695 -4.154570
v -0.270648 -5.361052 -4.155579
v -0.183201 -4.802320 -4.811465
v -0.270648 -4.803537 -4.812639
v -0.183201 -4.165327 -5.391479
v -0.270648 -4.166382 -5.392800
v -0.183201 -3.459228 -5.885040
v -0.270648 -3.460106 -5.886485
v -0.183201 -2.695679 -6.284002
v -0.270648 -2.696364 -6.285547
v -0.183201 -1.887282 -6.581779
v -0.270648 -1.887763 -6.583400
v -0.183201 -1.047379 -6.773457
v -0.270648 -1.047648 -6.775126
v -0.183201 -0.189833 -6.855871
v -0.270648 -0.189886 -6.857561
v -0.183201 0.671203 -6.827663
v -0.270648 0.671367 -6.829346
v -0.183201 1.521516 -6.689297
v -0.270648 1.521894 -6.690945
v -0.183201 2.347072 -6.443057
v -0.270648 2.347659 -6.444643
v -0.183201 3.134246 -6.093008
v -0.270648 3.135031 -6.094505
v -0.183201 3.870046 -5.644926
v -0.270648 3.871016 -5.646311
v -0.183201 4.542326 -5.106208
v -0.270648 4.543465 -5.107457
v -0.183201 5.139990 -4.485745
v -0.270648 5.141281 -4.486837
v -0.183201 5.653175 -3.793777
v -0.270648 5.654595 -3.794695
v -0.183201 6.073410 -3.041727
v -0.270648 6.074936 -3.042455
v -0.183201 6.393760 -2.242006
v -0.270648 6.395366 -2.242532
v -0.183201 6.608936 -1.407813
v -0.270648 6.610597 -1.408130
v -0.183201 6.715387 -0.552918
v -0.270648 6.717075 -0.553019
v -0.183201 6.711357 0.308570
v -0.270648 6.713044 0.308686
v -0.183201 6.596912 1.162431
v -0.270648 6.598569 1.162763
v -0.183201 6.373940 1.994574
v -0.270648 6.375542 1.995115
v -0.183201 6.046122 2.791263
v -0.270648 6.047641 2.792005
v -0.183201 5.618869 3.539348
v -0.270648 5.620280 3.540279
v -0.183201 5.099232 4.226484
v -0.270648 5.100512 4.227588
v -0.183201 4.495788 4.841328
v -0.270648 4.496916 4.842587
v -0.183201 3.818497 5.373732
v -0.270648 3.819455 5.375126
v -0.183201 3.078538 5.814910
v -0.270648 3.079309 5.816415
v -0.183201 2.288123 6.157579
v -0.270648 2.288695 6.159170
v -0.183201 1.460299 6.396084
v -0.270648 1.460662 6.397736
v -0.183201 0.608729 6.526488
v -0.270648 0.608877 6.528173
v -0.183201 -0.252533 6.546639
v -0.270648 -0.252602 6.548329
v -0.183201 -1.109271 6.456205
v -0.270648 -1.109556 6.457871
v -0.183201 -1.947343 6.256677
v -0.270648 -1.947840 6.258293
v -0.183201 -2.752919 5.951349
v -0.270648 -2.753619 5.952888
v -0.183201 -3.512702 5.545261
v -0.270648 -3.513593 5.546698
v -0.183201 -4.214152 5.045115
v -0.270648 -4.215220 5.046426
v -0.183201 -4.845691 4.459166
v -0.270648 -4.846918 4.460329
v -0.183201 -5.396895 3.797085
v -0.270648 -5.398261 3.798081
v -0.183201 -5.858668 3.069800
v -0.270648 -5.860150 3.070613
v -0.183201 -6.223387 2.289314
v -0.270648 -6.224961 2.289930
v -0.183201 -6.485033 1.468511
v -0.270648 -6.486673 1.468919
v -0.183201 -6.639287 0.620936
v -0.270648 -6.640966 0.621131
v -0.183201 -6.683603 -0.239421
v -0.270648 -6.685294 -0.239443
v -0.512977 6.358044 1.544373
v -0.512977 6.525449 0.702771
v -0.512977 6.581570 -0.153480
v -0.512977 6.525449 -1.009732
v -0.512977 6.358044 -1.851333
v -0.512977 6.082220 -2.663884
v -0.512977 5.702697 -3.433480
v -0.512977 5.225968 -4.146955
v -0.512977 4.660191 -4.792101
v -0.512977 4.015045 -5.357878
v -0.512977 3.301570 -5.834607
v -0.512977 2.531974 -6.214130
v -0.512977 1.719423 -6.489954
v -0.512977 0.877822 -6.657359
v -0.512977 0.021570 -6.713480
v -0.512977 -0.834682 -6.657359
v -0.512977 -1.676283 -6.489954
v -0.512977 -2.488833 -6.214130
v -0.512977 -3.258430 -5.834607
v -0.512977 -3.971905 -5.357878
v -0.512977 -4.617050 -4.792101
v -0.512977 -5.182828 -4.146955
v -0.512977 -5.659556 -3.433480
v -0.512977 -6.039079 -2.663884
v -0.512977 -6.314903 -1.851333
v -0.512977 -6.482308 -1.009732
v -0.512977 -6.538430 -0.153480
v -0.512977 -6.482308 0.702771
v -0.512977 -6.314903 1.544373
v -0.512977 -6.039079 2.356923
v -0.512977 -5.659556 3.126520
v -0.512977 -5.182828 3.839995
v -0.512977 -4.617050 4.485140
v -0.512977 -3.971905 5.050917
v -0.512977 -3.258430 5.527646
v -0.512977 -2.488833 5.907169
v -0.512977 -1.676283 6.182993
v -0.512977 -0.834682 6.350398
v -0.512977 0.021570 6.406520
v -0.512977 0.877822 6.350398
v -0.512977 1.719423 6.182993
v -0.512977 2.531974 5.907169
v -0.512977 3.301570 5.527646
v -0.512977 4.015045 5.050917
v -0.512977 4.660191 4.485140
v -0.512977 5.225968 3.839995
v -0.512977 5.702697 3.126520
v -0.512977 6.082220 2.356923
v -0.406911 -6.131059 -2.552875
v -0.406911 -5.771266 -3.324442
v -0.406911 -5.315204 -4.043312
v -0.406911 -4.770452 -4.697538
v -0.406911 -4.146065 -5.276250
v -0.406911 -3.452417 -5.769828
v -0.406911 -2.701036 -6.170071
v -0.406911 -1.904410 -6.470326
v -0.406911 -1.075777 -6.665605
v -0.406911 -0.228908 -6.752663
v -0.406911 0.622124 -6.730051
v -0.406911 1.463176 -6.598146
v -0.406911 2.280270 -6.359141
v -0.406911 3.059828 -6.017006
v -0.406911 3.788894 -5.577428
v -0.406911 4.455354 -5.047713
v -0.406911 5.048130 -4.436662
v -0.406911 5.557372 -3.754431
v -0.406911 5.974617 -3.012357
v -0.406911 6.292931 -2.222773
v -0.406911 6.507025 -1.398801
v -0.406911 6.613339 -0.554133
v -0.406911 6.610109 0.297193
v -0.406911 6.497386 1.141030
v -0.406911 6.277045 1.963353
v -0.406911 5.952746 2.750499
v -0.406911 5.529881 3.489384
v -0.406911 5.015475 4.167730
v -0.406911 4.418078 4.774264
v -0.406911 3.747617 5.298906
v -0.406911 3.015235 5.732937
v -0.406911 2.233103 6.069145
v -0.406911 1.414218 6.301942
v -0.406911 0.572190 6.427459
v -0.406911 -0.278989 6.443610
v -0.406911 -1.125174 6.350128
v -0.406911 -1.952301 6.148565
v -0.406911 -2.746625 5.842271
v -0.406911 -3.494946 5.436337
v -0.406911 -4.184827 4.937508
v -0.406911 -4.804804 4.354075
v -0.406911 -5.344574 3.695732
v -0.406911 -5.795167 2.973421
v -0.406911 -6.149094 2.199146
v -0.406911 -6.400473 1.385773
v -0.406911 -6.545128 0.546820
v -0.406911 -6.580653 -0.303770
v -0.406911 -6.506460 -1.151863
v -0.428741 -6.480253 -1.202372
v -0.438464 -6.462758 -1.270382
v -0.430000 -6.424675 -1.498356
v -0.430000 -6.369866 -1.738508
v -0.430000 -6.306113 -1.976442
v -0.430000 -6.233506 -2.211825
v -0.438253 -6.158014 -2.413641
v -0.430717 -6.135122 -2.488363
v -0.455575 -6.325932 -1.854289
v -0.455575 6.465252 1.135902
v -0.455575 6.577407 0.298779
v -0.455575 6.246652 1.951725
v -0.455575 6.581643 -0.539469
v -0.455575 6.478425 -1.375183
v -0.455575 6.269187 -2.190837
v -0.455575 5.957362 -2.973038
v -0.455575 5.548073 -3.708942
v -0.455575 5.048038 -4.386465
v -0.455575 4.465469 -4.994483
v -0.455575 3.809931 -5.523011
v -0.455575 3.092188 -5.963372
v -0.455575 2.324026 -6.308335
v -0.455575 1.518057 -6.552235
v -0.455575 0.687516 -6.691068
v -0.455575 -0.153959 -6.722554
v -0.455575 -0.992553 -6.646176
v -0.455575 -1.814494 -6.463187
v -0.455575 -2.606287 -6.176594
v -0.455575 -3.354931 -5.791102
v -0.455575 -4.048133 -5.313039
v -0.455575 -4.674511 -4.750257
v -0.455575 -5.223779 -4.111996
v -0.455575 -5.686918 -3.408736
v -0.455575 -6.056325 -2.652026
v -0.455575 -6.491314 -1.028624
v -0.455575 -6.549754 -0.188590
v -0.455575 -6.500293 0.652020
v -0.455575 -6.343744 1.479404
v -0.455575 -6.082676 2.279977
v -0.455575 -5.721377 3.040592
v -0.455575 -5.265778 3.748760
v -0.455575 -4.723362 4.392854
v -0.455575 -4.103033 4.962297
v -0.455575 -3.414979 5.447739
v -0.455575 -2.670497 5.841210
v -0.455575 -1.881811 6.136247
v -0.455575 -1.061872 6.328008
v -0.455575 -0.224143 6.413342
v -0.455575 0.617621 6.390850
v -0.455575 1.449598 6.260900
v -0.455575 2.258127 6.025626
v -0.455575 3.029931 5.688891
v -0.455575 3.752338 5.256224
v -0.455575 4.413486 4.734731
v -0.455575 5.002519 4.132973
v -0.455575 5.509765 3.460832
v -0.455575 5.925220 2.732772
v 0.120000 -6.597153 -0.870980
v 0.112213 -6.583134 -0.925855
v 0.112213 -6.084458 -2.786937
v 0.120000 -6.069162 -2.841469
v 0.120000 -5.669647 -3.607804
v 0.120000 -5.174228 -4.315930
v 0.120000 -4.591254 -4.953914
v 0.120000 -3.930548 -5.511004
v 0.120000 -3.203245 -5.977815
v 0.120000 -2.421600 -6.346478
v 0.120000 -1.598785 -6.610783
v 0.120000 -0.748665 -6.766274
v 0.120000 0.114435 -6.810333
v 0.120000 0.975970 -6.742215
v 0.120000 1.821422 -6.563070
v 0.120000 2.636544 -6.275916
v 0.120000 3.407601 -5.885592
v 0.120000 4.121600 -5.398675
v 0.120000 4.766508 -4.823370
v 0.120000 5.331459 -4.169373
v 0.120000 5.806931 -3.447703
v 0.120000 6.184914 -2.670521
v 0.120000 6.459038 -1.850925
v 0.120000 6.624682 -1.002725
v 0.120000 6.679057 -0.140214
v 0.120000 6.621245 0.722074
v 0.120000 6.452221 1.569607
v 0.120000 6.174834 2.388105
v 0.120000 5.793756 3.163774
v 0.120000 5.315411 3.883543
v 0.120000 4.747858 4.535284
v 0.120000 4.100662 5.108013
v 0.120000 3.384729 5.592081
v 0.120000 2.612122 5.979329
v 0.120000 1.795862 6.263232
v 0.120000 0.949703 6.439006
v 0.120000 0.087903 6.503689
v 0.120000 -0.775014 6.456191
v 0.120000 -1.624508 6.297313
v 0.120000 -2.446263 6.029731
v 0.120000 -3.226433 5.657955
v 0.120000 -3.951870 5.188250
v 0.120000 -4.610350 4.628530
v 0.120000 -5.190776 3.988228
v 0.120000 -5.683369 3.278133
v 0.120000 -6.079827 2.510212
v 0.120000 -6.373469 1.697405
v 0.120000 -6.559348 0.853407
v 0.120000 -6.634330 -0.007557
v -0.090000 -6.753896 -1.130387
v -0.090000 -6.651852 -1.103045
v 0.005683 -6.777456 -1.112822
v -0.040788 -6.759869 -1.125934
v -0.430000 -6.731217 -1.341719
v -0.430000 -6.509180 -1.282224
v -0.423455 -6.524652 -1.232514
v -0.406293 -6.552216 -1.193410
v -0.359153 -6.619403 -1.148931
v -0.297974 -6.675396 -1.124895
v -0.256150 -6.691451 -1.116901
v -0.220000 -6.694379 -1.114440
v -0.220000 -6.753896 -1.130387
v -0.300721 -6.752607 -1.146745
v -0.368714 -6.748555 -1.192863
v -0.414063 -6.741389 -1.261367
v -0.430000 -6.468144 -1.394402
v -0.430000 -6.469406 -1.391240
v -0.430000 -6.490351 -1.337110
v -0.430000 -6.650330 -1.733920
v -0.430000 -6.546685 -2.120730
v -0.430000 -6.420634 -2.500830
v -0.430000 -6.198565 -2.441326
v -0.430000 -6.201265 -2.432083
v -0.430000 -6.215358 -2.349090
v -0.220000 -6.334609 -2.695187
v -0.220000 -6.275055 -2.679230
v -0.256144 -6.273751 -2.675636
v -0.290612 -6.266302 -2.664226
v -0.359143 -6.227378 -2.611882
v -0.406290 -6.191428 -2.539767
v -0.423454 -6.187109 -2.492116
v -0.413992 -6.389198 -2.575661
v -0.368611 -6.361178 -2.638506
v -0.300550 -6.341641 -2.680442
v -0.090000 -6.232521 -2.667833
v -0.090000 -6.334609 -2.695187
v -0.040788 -6.337556 -2.702031
v 0.005683 -6.346230 -2.722180
v -0.174163 -6.688306 -1.112813
v -0.130308 -6.673960 -1.108969
v -0.146032 -6.260821 -2.675416
v -0.469214 -6.439322 -2.561197
v -0.466459 -6.434774 -2.572730
v -0.438008 -6.408708 -2.637283
v -0.424118 -6.400626 -2.656791
v -0.381378 -6.382870 -2.698861
v -0.339969 -6.371716 -2.724759
v -0.293839 -6.363926 -2.742616
v -0.269642 -6.361440 -2.748275
v -0.317475 -6.367384 -2.734712
v -0.328871 -6.369445 -2.729985
v -0.399836 -6.389540 -2.683183
v -0.416476 -6.396790 -2.665971
v -0.454752 -6.421458 -2.606028
v -0.463120 -6.430274 -2.584059
v -0.444152 -6.412892 -2.627092
v -0.390836 -6.386131 -2.691215
v -0.305777 -6.365540 -2.738932
v -0.245029 -6.359937 -2.751687
v -0.361277 -6.376882 -2.712814
v -0.371484 -6.379775 -2.706089
v -0.431302 -6.404602 -2.647223
v -0.472891 -6.448418 -2.537881
v -0.257560 -6.803909 -1.095696
v -0.282224 -6.803360 -1.100703
v -0.340159 -6.800806 -1.123434
v -0.361645 -6.799290 -1.136508
v -0.416683 -6.793105 -1.187035
v -0.431532 -6.790484 -1.207268
v -0.463248 -6.781119 -1.274886
v -0.469266 -6.777546 -1.299045
v -0.454838 -6.784500 -1.251234
v -0.444243 -6.787620 -1.228673
v -0.399960 -6.795449 -1.168375
v -0.381613 -6.797505 -1.151533
v -0.317681 -6.802033 -1.112633
v -0.294276 -6.802984 -1.104106
v -0.329036 -6.801455 -1.117749
v -0.408527 -6.794315 -1.177475
v -0.459331 -6.782839 -1.262953
v -0.472897 -6.773794 -1.323589
v -0.424377 -6.791824 -1.197002
v -0.351047 -6.800084 -1.129695
v -0.269944 -6.803669 -1.097889
v -0.245108 -6.804079 -1.094129
v -0.434764 -6.483401 -1.266922
v -0.430548 -6.493493 -1.232942
v -0.423480 -6.505363 -1.207642
v -0.413490 -6.520105 -1.184768
v -0.393944 -6.546537 -1.155559
v -0.386453 -6.556231 -1.147255
v -0.434753 -6.479991 -1.288318
v -0.434338 -6.484991 -1.259914
v -0.434975 -6.482030 -1.274033
v -0.418811 -6.512427 -1.195846
v -0.425552 -6.502082 -1.213806
v -0.407553 -6.528367 -1.174372
v -0.401023 -6.537194 -1.164632
v -0.427422 -6.499009 -1.220081
v -0.370377 -6.576538 -1.132807
v -0.330752 -6.621607 -1.106142
v -0.310546 -6.637455 -1.095961
v -0.317560 -6.632488 -1.099198
v -0.272328 -6.656244 -1.083120
v -0.255741 -6.660624 -1.079796
v -0.303325 -6.642031 -1.092934
v -0.288263 -6.649978 -1.087549
v -0.322089 -6.628990 -1.101452
v -0.342839 -6.609592 -1.113595
v -0.238847 -6.662972 -1.077687
v -0.169798 -6.654638 -1.074289
v -0.159773 -6.651374 -1.073329
v -0.121869 -6.633499 -1.068071
v -0.096397 -6.615388 -1.062741
v -0.046613 -6.562525 -1.047170
v -0.140262 -6.643343 -1.070967
v -0.074108 -6.593720 -1.056360
v -0.088546 -6.608499 -1.060713
v -0.104603 -6.621874 -1.064650
v -0.149884 -6.647593 -1.072217
v -0.179939 -6.657385 -1.075096
v -0.200560 -6.661344 -1.076260
v -0.386434 -6.171528 -2.581836
v -0.393937 -6.167288 -2.569784
v -0.418839 -6.157906 -2.517777
v -0.423516 -6.157691 -2.504012
v -0.434390 -6.166203 -2.448483
v -0.434816 -6.168332 -2.441610
v -0.434805 -6.176085 -2.421346
v -0.435028 -6.170703 -2.434756
v -0.427463 -6.158412 -2.490044
v -0.425591 -6.157933 -2.497024
v -0.407565 -6.160966 -2.544377
v -0.401026 -6.163737 -2.557241
v -0.430594 -6.160070 -2.476130
v -0.431955 -6.201676 -2.363045
v -0.370335 -6.181885 -2.604526
v -0.413511 -6.159012 -2.531227
v -0.255736 -6.228524 -2.692353
v -0.303314 -6.218993 -2.671686
v -0.288254 -6.223182 -2.680320
v -0.326470 -6.209977 -2.653977
v -0.330738 -6.207912 -2.650043
v -0.272320 -6.226393 -2.687286
v -0.238844 -6.229502 -2.695352
v -0.317548 -6.213862 -2.661493
v -0.310534 -6.216544 -2.666778
v -0.342825 -6.201234 -2.637585
v -0.298388 -6.220495 -2.674742
v -0.073819 -6.159199 -2.678974
v -0.140094 -6.209565 -2.691172
v -0.121668 -6.199573 -2.688750
v -0.179845 -6.223815 -2.694628
v -0.096149 -6.181192 -2.684298
v -0.088283 -6.174200 -2.682604
v -0.149734 -6.213877 -2.692218
v -0.159641 -6.217715 -2.693148
v -0.104370 -6.187776 -2.685892
v -0.169686 -6.221027 -2.693952
v -0.200504 -6.227832 -2.695602
v -29.380826 -6.539619 -1.117770
v -29.872213 -6.583134 -0.925855
v -29.880000 -6.597153 -0.870980
v -29.880000 -6.634330 -0.007557
v -29.880000 -6.559348 0.853407
v -29.880000 -6.373469 1.697405
v -29.880000 -6.079827 2.510212
v -29.880000 -5.683369 3.278133
v -29.880000 -5.190776 3.988228
v -29.880000 -4.610350 4.628530
v -29.880000 -3.951870 5.188250
v -29.880000 -3.226433 5.657955
v -29.880000 -2.446263 6.029731
v -29.880000 -1.624508 6.297313
v -29.880000 -0.775014 6.456191
v -29.880000 0.087903 6.503689
v -29.880000 0.949703 6.439006
v -29.880000 1.795862 6.263232
v -29.880000 2.612122 5.979329
v -29.880000 3.384729 5.592081
v -29.880000 4.100662 5.108013
v -29.880000 4.747858 4.535284
v -29.880000 5.315411 3.883543
v -29.880000 5.793756 3.163774
v -29.880000 6.174834 2.388105
v -29.880000 6.452221 1.569607
v -29.880000 6.621245 0.722074
v -29.880000 6.679057 -0.140214
v -29.880000 6.624682 -1.002725
v -29.880000 6.459038 -1.850925
v -29.880000 6.184914 -2.670521
v -29.880000 5.806931 -3.447703
v -29.880000 5.331459 -4.169373
v -29.880000 4.766508 -4.823370
v -29.880000 4.121600 -5.398675
v -29.880000 3.407601 -5.885592
v -29.880000 2.636544 -6.275916
v -29.880000 1.821422 -6.563070
v -29.880000 0.975970 -6.742215
v -29.880000 0.114435 -6.810333
v -29.880000 -0.748665 -6.766274
v -29.880000 -1.598785 -6.610783
v -29.880000 -2.421600 -6.346478
v -29.880000 -3.203245 -5.977815
v -29.880000 -3.930548 -5.511004
v -29.880000 -4.591254 -4.953914
v -29.880000 -5.174228 -4.315930
v -29.880000 -5.669647 -3.607804
v -29.880000 -6.069162 -2.841469
v -29.872213 -6.084458 -2.786937
v -29.670000 -6.651852 -1.103045
v -29.670000 -6.753896 -1.130387
v -29.719212 -6.759869 -1.125934
v -29.765683 -6.777456 -1.112822
v -29.330000 -6.509180 -1.282224
v -29.330000 -6.731217 -1.341719
v -29.345937 -6.741389 -1.261367
v -29.391286 -6.748555 -1.192863
v -29.459279 -6.752607 -1.146745
v -29.540000 -6.753896 -1.130387
v -29.540000 -6.694379 -1.114440
v -29.503850 -6.691451 -1.116901
v -29.469376 -6.679289 -1.123060
v -29.438321 -6.659253 -1.132212
v -29.400847 -6.619403 -1.148931
v -29.353707 -6.552216 -1.193410
v -29.336545 -6.524652 -1.232514
v -29.330000 -6.226285 -2.271313
v -29.330000 -6.218657 -2.326992
v -29.330000 -6.209716 -2.384362
v -29.330000 -6.198565 -2.441326
v -29.330000 -6.420634 -2.500830
v -29.330000 -6.546685 -2.120730
v -29.330000 -6.650330 -1.733920
v -29.540000 -6.275055 -2.679230
v -29.540000 -6.334609 -2.695187
v -29.459450 -6.341641 -2.680442
v -29.391389 -6.361178 -2.638506
v -29.346008 -6.389198 -2.575661
v -29.336546 -6.187109 -2.492116
v -29.353710 -6.191428 -2.539767
v -29.400857 -6.227378 -2.611882
v -29.438337 -6.253531 -2.646288
v -29.469388 -6.266302 -2.664226
v -29.503856 -6.273751 -2.675636
v -29.765683 -6.346230 -2.722180
v -29.719212 -6.337556 -2.702031
v -29.670000 -6.334609 -2.695187
v -29.670000 -6.232521 -2.667833
v -29.629692 -6.673960 -1.108969
v -29.585837 -6.688306 -1.112813
v -29.585838 -6.268982 -2.677603
v -29.629693 -6.254633 -2.673758
v -29.290785 -6.439323 -2.561198
v -29.293541 -6.434774 -2.572730
v -29.321992 -6.408708 -2.637283
v -29.335882 -6.400626 -2.656791
v -29.378622 -6.382871 -2.698861
v -29.420031 -6.371717 -2.724759
v -29.466161 -6.363926 -2.742617
v -29.490358 -6.361440 -2.748275
v -29.442525 -6.367385 -2.734712
v -29.431129 -6.369445 -2.729986
v -29.360164 -6.389540 -2.683183
v -29.343524 -6.396790 -2.665971
v -29.305248 -6.421458 -2.606028
v -29.296880 -6.430275 -2.584059
v -29.315848 -6.412892 -2.627092
v -29.369163 -6.386131 -2.691215
v -29.454223 -6.365540 -2.738932
v -29.514971 -6.359937 -2.751687
v -29.398723 -6.376882 -2.712814
v -29.388516 -6.379775 -2.706089
v -29.328697 -6.404602 -2.647223
v -29.287109 -6.448418 -2.537881
v -29.502440 -6.803909 -1.095696
v -29.477776 -6.803361 -1.100703
v -29.419841 -6.800806 -1.123434
v -29.398355 -6.799290 -1.136508
v -29.343317 -6.793106 -1.187035
v -29.328468 -6.790484 -1.207268
v -29.296751 -6.781119 -1.274886
v -29.290733 -6.777546 -1.299045
v -29.305162 -6.784501 -1.251234
v -29.315756 -6.787620 -1.228673
v -29.360040 -6.795450 -1.168374
v -29.378387 -6.797505 -1.151533
v -29.442319 -6.802033 -1.112633
v -29.465723 -6.802985 -1.104106
v -29.430964 -6.801455 -1.117748
v -29.351473 -6.794315 -1.177475
v -29.300669 -6.782839 -1.262953
v -29.287102 -6.773794 -1.323589
v -29.335622 -6.791825 -1.197002
v -29.408953 -6.800084 -1.129695
v -29.490056 -6.803670 -1.097889
v -29.514892 -6.804080 -1.094129
v -29.325662 -6.484991 -1.259914
v -29.341189 -6.512427 -1.195846
v -29.366056 -6.546537 -1.155559
v -29.373547 -6.556231 -1.147255
v -29.352447 -6.528367 -1.174372
v -29.358977 -6.537194 -1.164632
v -29.334448 -6.502082 -1.213806
v -29.332578 -6.499009 -1.220081
v -29.325025 -6.482030 -1.274033
v -29.325247 -6.479991 -1.288318
v -29.389623 -6.576538 -1.132807
v -29.325236 -6.483401 -1.266922
v -29.329452 -6.493493 -1.232942
v -29.336520 -6.505363 -1.207642
v -29.346510 -6.520105 -1.184768
v -29.429248 -6.621607 -1.106142
v -29.456675 -6.642031 -1.092934
v -29.442439 -6.632488 -1.099199
v -29.449454 -6.637455 -1.095961
v -29.471737 -6.649979 -1.087549
v -29.487672 -6.656244 -1.083120
v -29.504259 -6.660624 -1.079797
v -29.521153 -6.662972 -1.077687
v -29.437911 -6.628990 -1.101452
v -29.417161 -6.609592 -1.113595
v -29.580061 -6.657386 -1.075097
v -29.600228 -6.651374 -1.073329
v -29.655397 -6.621875 -1.064651
v -29.638131 -6.633499 -1.068071
v -29.685892 -6.593720 -1.056360
v -29.590202 -6.654638 -1.074289
v -29.559440 -6.661344 -1.076260
v -29.619739 -6.643343 -1.070967
v -29.610116 -6.647593 -1.072217
v -29.663603 -6.615388 -1.062741
v -29.713387 -6.562525 -1.047170
v -29.671454 -6.608499 -1.060713
v -29.373566 -6.171528 -2.581836
v -29.366063 -6.167288 -2.569784
v -29.346489 -6.159012 -2.531227
v -29.336484 -6.157691 -2.504012
v -29.325610 -6.166203 -2.448483
v -29.325184 -6.168332 -2.441610
v -29.328045 -6.201676 -2.363045
v -29.325195 -6.176084 -2.421347
v -29.324972 -6.170703 -2.434756
v -29.332537 -6.158412 -2.490044
v -29.334409 -6.157933 -2.497024
v -29.352435 -6.160966 -2.544377
v -29.358974 -6.163737 -2.557241
v -29.341161 -6.157906 -2.517777
v -29.329406 -6.160070 -2.476130
v -29.389665 -6.181885 -2.604526
v -29.456686 -6.218993 -2.671686
v -29.429261 -6.207912 -2.650043
v -29.442452 -6.213862 -2.661493
v -29.449466 -6.216544 -2.666778
v -29.471746 -6.223182 -2.680320
v -29.487680 -6.226393 -2.687286
v -29.504264 -6.228524 -2.692352
v -29.521156 -6.229502 -2.695352
v -29.461612 -6.220495 -2.674742
v -29.433530 -6.209977 -2.653977
v -29.417175 -6.201234 -2.637585
v -29.663851 -6.181192 -2.684298
v -29.638332 -6.199573 -2.688750
v -29.600359 -6.217715 -2.693148
v -29.590314 -6.221027 -2.693952
v -29.686181 -6.159199 -2.678974
v -29.671717 -6.174200 -2.682604
v -29.655630 -6.187776 -2.685892
v -29.619906 -6.209565 -2.691172
v -29.610266 -6.213877 -2.692218
v -29.559496 -6.227832 -2.695602
v -29.580155 -6.223815 -2.694628
vt 1.570796 0.851097 0.000000
vt 1.483530 -0.000000 0.000000
vt 1.570796 0.000000 0.000000
vt 1.483530 -0.851097 0.000000
vt 1.570796 -0.851097 0.000000
vt 1.483530 -1.702194 0.000000
vt 1.570796 -1.702194 0.000000
vt 1.483530 -2.553291 0.000000
vt 1.570796 -2.553291 0.000000
vt 1.483530 -3.404388 0.000000
vt 1.570796 -3.404388 0.000000
vt 1.483530 -4.255485 0.000000
vt 1.570796 -4.255485 0.000000
vt 1.483530 -5.106582 0.000000
vt 1.570796 -5.106582 0.000000
vt 1.483530 -5.957679 0.000000
vt 1.570796 -5.957679 0.000000
vt 1.483530 -6.808777 0.000000
vt 1.570796 -6.808777 0.000000
vt 1.483530 -7.659874 0.000000
vt 1.570796 -7.659874 0.000000
vt 1.483530 -8.510971 0.000000
vt 1.570796 -8.510971 0.000000
vt 1.483530 -9.362068 0.000000
vt 1.570796 -9.362068 0.000000
vt 1.483530 -10.213165 0.000000
vt 1.570796 -10.213165 0.000000
vt 1.483530 -11.064262 0.000000
vt 1.570796 -11.064262 0.000000
vt 1.483530 -11.915359 0.000000
vt 1.570796 -11.915359 0.000000
vt 1.483530 -12.766456 0.000000
vt 1.570796 -12.766456 0.000000
vt 1.483530 -13.617553 0.000000
vt 1.570796 -13.617553 0.000000
vt 1.483530 -14.468650 0.000000
vt 1.570796 -14.468650 0.000000
vt 1.483530 -15.319747 0.000000
vt 1.570796 -15.319747 0.000000
vt 1.483530 -16.170844 0.000000
vt 1.570796 -16.170844 0.000000
vt 1.483530 -17.021941 0.000000
vt 1.570796 -17.021941 0.000000
vt 1.483530 -17.873038 0.000000
vt 1.570796 -17.873038 0.000000
vt 1.483530 -18.724135 0.000000
vt 1.570796 -18.724135 0.000000
vt 1.483530 -19.575233 0.000000
vt 1.570796 -19.575233 0.000000
vt 1.483530 -20.426330 0.000000
vt 1.570796 -20.426330 0.000000
vt 1.570796 20.426330 0.000000
vt 1.483530 20.426330 0.000000
vt 1.483530 19.575233 0.000000
vt 1.570796 19.575233 0.000000
vt 1.483530 18.724135 0.000000
vt 1.570796 18.724135 0.000000
vt 1.483530 17.873038 0.000000
vt 1.570796 17.873038 0.000000
vt 1.483530 17.021941 0.000000
vt 1.570796 17.021941 0.000000
vt 1.483530 16.170844 0.000000
vt 1.570796 16.170844 0.000000
vt 1.483530 15.319747 0.000000
vt 1.570796 15.319747 0.000000
vt 1.483530 14.468650 0.000000
vt 1.570796 14.468650 0.000000
vt 1.483530 13.617553 0.000000
vt 1.570796 13.617553 0.000000
vt 1.483530 12.766456 0.000000
vt 1.570796 12.766456 0.000000
vt 1.483530 11.915359 0.000000
vt 1.570796 11.915359 0.000000
vt 1.483530 11.064262 0.000000
vt 1.570796 11.064262 0.000000
vt 1.483530 10.213165 0.000000
vt 1.570796 10.213165 0.000000
vt 1.483530 9.362068 0.000000
vt 1.570796 9.362068 0.000000
vt 1.483530 8.510971 0.000000
vt 1.570796 8.510971 0.000000
vt 1.483530 7.659874 0.000000
vt 1.570796 7.659874 0.000000
vt 1.483530 6.808777 0.000000
vt 1.570796 6.808777 0.000000
vt 1.483530 5.957679 0.000000
vt 1.570796 5.957679 0.000000
vt 1.483530 5.106582 0.000000
vt 1.570796 5.106582 0.000000
vt 1.483530 4.255485 0.000000
vt 1.570796 4.255485 0.000000
vt 1.483530 3.404388 0.000000
vt 1.570796 3.404388 0.000000
vt 1.483530 2.553291 0.000000
vt 1.570796 2.553291 0.000000
vt 1.483530 1.702194 0.000000
vt 1.570796 1.702194 0.000000
vt 1.483530 0.851097 0.000000
vt -0.087266 -0.858453 0.000000
vt -0.000000 -0.858453 0.000000
vt -0.087266 0.000000 0.000000
vt -0.000000 -0.000000 0.000000
vt -0.087266 0.858453 0.000000
vt -0.000000 0.858453 0.000000
vt -0.087266 1.716906 0.000000
vt -0.000000 1.716906 0.000000
vt -0.087266 2.575359 0.000000
vt -0.000000 2.575359 0.000000
vt -0.087266 3.433812 0.000000
vt -0.000000 3.433812 0.000000
vt -0.087266 4.292265 0.000000
vt -0.000000 4.292265 0.000000
vt -0.087266 5.150718 0.000000
vt -0.000000 5.150718 0.000000
vt -0.087266 6.009171 0.000000
vt -0.000000 6.009171 0.000000
vt -0.087266 6.867623 0.000000
vt 0.000000 6.867623 0.000000
vt -0.087266 7.726076 0.000000
vt 0.000000 7.726076 0.000000
vt -0.087266 8.584529 0.000000
vt 0.000000 8.584529 0.000000
vt -0.087266 9.442982 0.000000
vt 0.000000 9.442982 0.000000
vt -0.087266 10.301435 0.000000
vt 0.000000 10.301435 0.000000
vt -0.087266 11.159888 0.000000
vt 0.000000 11.159888 0.000000
vt -0.087266 12.018341 0.000000
vt 0.000000 12.018341 0.000000
vt -0.087266 12.876794 0.000000
vt 0.000000 12.876794 0.000000
vt -0.087266 13.735247 0.000000
vt 0.000000 13.735247 0.000000
vt -0.087266 14.593700 0.000000
vt 0.000000 14.593700 0.000000
vt -0.087266 15.452153 0.000000
vt 0.000000 15.452153 0.000000
vt -0.087266 16.310606 0.000000
vt 0.000000 16.310606 0.000000
vt -0.087266 17.169059 0.000000
vt 0.000000 17.169059 0.000000
vt -0.087266 18.027512 0.000000
vt 0.000000 18.027512 0.000000
vt -0.087266 18.885965 0.000000
vt 0.000000 18.885965 0.000000
vt -0.087266 19.744418 0.000000
vt 0.000000 19.744418 0.000000
vt -0.087266 20.602870 0.000000
vt 0.000000 20.602870 0.000000
vt -0.087266 -20.602870 0.000000
vt 0.000000 -20.602870 0.000000
vt -0.087266 -19.744418 0.000000
vt 0.000000 -19.744418 0.000000
vt -0.087266 -18.885965 0.000000
vt 0.000000 -18.885965 0.000000
vt -0.087266 -18.027512 0.000000
vt 0.000000 -18.027512 0.000000
vt -0.087266 -17.169059 0.000000
vt 0.000000 -17.169059 0.000000
vt -0.087266 -16.310606 0.000000
vt 0.000000 -16.310606 0.000000
vt -0.087266 -15.452153 0.000000
vt 0.000000 -15.452153 0.000000
vt -0.087266 -14.593700 0.000000
vt 0.000000 -14.593700 0.000000
vt -0.087266 -13.735247 0.000000
vt -0.000000 -13.735247 0.000000
vt -0.087266 -12.876794 0.000000
vt -0.000000 -12.876794 0.000000
vt -0.087266 -12.018341 0.000000
vt -0.000000 -12.018341 0.000000
vt -0.087266 -11.159888 0.000000
vt -0.000000 -11.159888 0.000000
vt -0.087266 -10.301435 0.000000
vt -0.000000 -10.301435 0.000000
vt -0.087266 -9.442982 0.000000
vt -0.000000 -9.442982 0.000000
vt -0.087266 -8.584529 0.000000
vt -0.000000 -8.584529 0.000000
vt -0.087266 -7.726076 0.000000
vt -0.000000 -7.726076 0.000000
vt -0.087266 -6.867623 0.000000
vt -0.000000 -6.867623 0.000000
vt -0.087266 -6.009171 0.000000
vt -0.000000 -6.009171 0.000000
vt -0.087266 -5.150718 0.000000
vt -0.000000 -5.150718 0.000000
vt -0.087266 -4.292265 0.000000
vt -0.000000 -4.292265 0.000000
vt -0.087266 -3.433812 0.000000
vt -0.000000 -3.433812 0.000000
vt -0.087266 -2.575359 0.000000
vt -0.000000 -2.575359 0.000000
vt -0.087266 -1.716906 0.000000
vt -0.000000 -1.716906 0.000000
vt -1.483530 0.851097 0.000000
vt -1.570796 0.000000 0.000000
vt -1.483530 -0.000000 0.000000
vt -1.570796 -0.851097 0.000000
vt -1.483530 -0.851097 0.000000
vt -1.570796 -1.702194 0.000000
vt -1.483530 -1.702194 0.000000
vt -1.570796 -2.553291 0.000000
vt -1.483530 -2.553291 0.000000
vt -1.570796 -3.404388 0.000000
vt -1.483530 -3.404388 0.000000
vt -1.570796 -4.255485 0.000000
vt -1.483530 -4.255485 0.000000
vt -1.570796 -5.106582 0.000000
vt -1.483530 -5.106582 0.000000
vt -1.570796 -5.957679 0.000000
vt -1.483530 -5.957679 0.000000
vt -1.570796 -6.808777 0.000000
vt -1.483530 -6.808777 0.000000
vt -1.570796 -7.659874 0.000000
vt -1.483530 -7.659874 0.000000
vt -1.570796 -8.510971 0.000000
vt -1.483530 -8.510971 0.000000
vt -1.570796 -9.362068 0.000000
vt -1.483530 -9.362068 0.000000
vt -1.570796 -10.213165 0.000000
vt -1.483530 -10.213165 0.000000
vt -1.570796 -11.064262 0.000000
vt -1.483530 -11.064262 0.000000
vt -1.570796 -11.915359 0.000000
vt -1.483530 -11.915359 0.000000
vt -1.570796 -12.766456 0.000000
vt -1.483530 -12.766456 0.000000
vt -1.570796 -13.617553 0.000000
vt -1.483530 -13.617553 0.000000
vt -1.570796 -14.468650 0.000000
vt -1.483530 -14.468650 0.000000
vt -1.570796 -15.319747 0.000000
vt -1.483530 -15.319747 0.000000
vt -1.570796 -16.170844 0.000000
vt -1.483530 -16.170844 0.000000
vt -1.570796 -17.021941 0.000000
vt -1.483530 -17.021941 0.000000
vt -1.570796 -17.873038 0.000000
vt -1.483530 -17.873038 0.000000
vt -1.570796 -18.724135 0.000000
vt -1.483530 -18.724135 0.000000
vt -1.570796 -19.575233 0.000000
vt -1.483530 -19.575233 0.000000
vt -1.570796 -20.426330 0.000000
vt -1.483530 -20.426330 0.000000
vt -1.483530 20.426330 0.000000
vt -1.570796 20.426330 0.000000
vt -1.570796 19.575233 0.000000
vt -1.483530 19.575233 0.000000
vt -1.570796 18.724135 0.000000
vt -1.483530 18.724135 0.000000
vt -1.570796 17.873038 0.000000
vt -1.483530 17.873038 0.000000
vt -1.570796 17.021941 0.000000
vt -1.483530 17.021941 0.000000
vt -1.570796 16.170844 0.000000
vt -1.483530 16.170844 0.000000
vt -1.570796 15.319747 0.000000
vt -1.483530 15.319747 0.000000
vt -1.570796 14.468650 0.000000
vt -1.483530 14.468650 0.000000
vt -1.570796 13.617553 0.000000
vt -1.483530 13.617553 0.000000
vt -1.570796 12.766456 0.000000
vt -1.483530 12.766456 0.000000
vt -1.570796 11.915359 0.000000
vt -1.483530 11.915359 0.000000
vt -1.570796 11.064262 0.000000
vt -1.483530 11.064262 0.000000
vt -1.570796 10.213165 0.000000
vt -1.483530 10.213165 0.000000
vt -1.570796 9.362068 0.000000
vt -1.483530 9.362068 0.000000
vt -1.570796 8.510971 0.000000
vt -1.483530 8.510971 0.000000
vt -1.570796 7.659874 0.000000
vt -1.483530 7.659874 0.000000
vt -1.570796 6.808777 0.000000
vt -1.483530 6.808777 0.000000
vt -1.570796 5.957679 0.000000
vt -1.483530 5.957679 0.000000
vt -1.570796 5.106582 0.000000
vt -1.483530 5.106582 0.000000
vt -1.570796 4.255485 0.000000
vt -1.483530 4.255485 0.000000
vt -1.570796 3.404388 0.000000
vt -1.483530 3.404388 0.000000
vt -1.570796 2.553291 0.000000
vt -1.483530 2.553291 0.000000
vt -1.570796 1.702194 0.000000
vt -1.483530 1.702194 0.000000
vt -1.570796 0.851097 0.000000
vt -0.000000 -0.858453 0.000000
vt 0.087266 -0.858453 0.000000
vt 0.000000 0.000000 0.000000
vt 0.087266 0.000000 0.000000
vt -0.000000 0.858453 0.000000
vt 0.087266 0.858453 0.000000
vt -0.000000 1.716906 0.000000
vt 0.087266 1.716906 0.000000
vt -0.000000 2.575359 0.000000
vt 0.087266 2.575359 0.000000
vt -0.000000 3.433812 0.000000
vt 0.087266 3.433812 0.000000
vt -0.000000 4.292265 0.000000
vt 0.087266 4.292265 0.000000
vt -0.000000 5.150718 0.000000
vt 0.087266 5.150718 0.000000
vt -0.000000 6.009171 0.000000
vt 0.087266 6.009171 0.000000
vt 0.000000 6.867623 0.000000
vt 0.087266 6.867623 0.000000
vt 0.000000 7.726076 0.000000
vt 0.087266 7.726076 0.000000
vt 0.000000 8.584529 0.000000
vt 0.087266 8.584529 0.000000
vt 0.000000 9.442982 0.000000
vt 0.087266 9.442982 0.000000
vt 0.000000 10.301435 0.000000
vt 0.087266 10.301435 0.000000
vt 0.000000 11.159888 0.000000
vt 0.087266 11.159888 0.000000
vt 0.000000 12.018341 0.000000
vt 0.087266 12.018341 0.000000
vt 0.000000 12.876794 0.000000
vt 0.087266 12.876794 0.000000
vt 0.000000 13.735247 0.000000
vt 0.087266 13.735247 0.000000
vt 0.000000 14.593700 0.000000
vt 0.087266 14.593700 0.000000
vt 0.000000 15.452153 0.000000
vt 0.087266 15.452153 0.000000
vt 0.000000 16.310606 0.000000
vt 0.087266 16.310606 0.000000
vt 0.000000 17.169059 0.000000
vt 0.087266 17.169059 0.000000
vt 0.000000 18.027512 0.000000
vt 0.087266 18.027512 0.000000
vt 0.000000 18.885965 0.000000
vt 0.087266 18.885965 0.000000
vt 0.000000 19.744418 0.000000
vt 0.087266 19.744418 0.000000
vt 0.000000 20.602870 0.000000
vt 0.087266 20.602870 0.000000
vt 0.000000 -20.602870 0.000000
vt 0.087266 -20.602870 0.000000
vt 0.000000 -19.744418 0.000000
vt 0.087266 -19.744418 0.000000
vt 0.000000 -18.885965 0.000000
vt 0.087266 -18.885965 0.000000
vt 0.000000 -18.027512 0.000000
vt 0.087266 -18.027512 0.000000
vt 0.000000 -17.169059 0.000000
vt 0.087266 -17.169059 0.000000
vt 0.000000 -16.310606 0.000000
vt 0.087266 -16.310606 0.000000
vt 0.000000 -15.452153 0.000000
vt 0.087266 -15.452153 0.000000
vt 0.000000 -14.593700 0.000000
vt 0.087266 -14.593700 0.000000
vt -0.000000 -13.735247 0.000000
vt 0.087266 -13.735247 0.000000
vt -0.000000 -12.876794 0.000000
vt 0.087266 -12.876794 0.000000
vt -0.000000 -12.018341 0.000000
vt 0.087266 -12.018341 0.000000
vt -0.000000 -11.159888 0.000000
vt 0.087266 -11.159888 0.000000
vt -0.000000 -10.301435 0.000000
vt 0.087266 -10.301435 0.000000
vt -0.000000 -9.442982 0.000000
vt 0.087266 -9.442982 0.000000
vt -0.000000 -8.584529 0.000000
vt 0.087266 -8.584529 0.000000
vt -0.000000 -7.726076 0.000000
vt 0.087266 -7.726076 0.000000
vt -0.000000 -6.867623 0.000000
vt 0.087266 -6.867623 0.000000
vt -0.000000 -6.009171 0.000000
vt 0.087266 -6.009171 0.000000
vt -0.000000 -5.150718 0.000000
vt 0.087266 -5.150718 0.000000
vt -0.000000 -4.292265 0.000000
vt 0.087266 -4.292265 0.000000
vt -0.000000 -3.433812 0.000000
vt 0.087266 -3.433812 0.000000
vt -0.000000 -2.575359 0.000000
vt 0.087266 -2.575359 0.000000
vt -0.000000 -1.716906 0.000000
vt 0.087266 -1.716906 0.000000
vt -0.301782 -0.854775 0.000000
vt -0.043744 -0.854775 0.000000
vt -0.301782 0.000000 0.000000
vt -0.043744 0.000000 0.000000
vt -0.301782 0.854775 0.000000
vt -0.043744 0.854775 0.000000
vt -0.301782 1.709550 0.000000
vt -0.043744 1.709550 0.000000
vt -0.301782 2.564325 0.000000
vt -0.043744 2.564325 0.000000
vt -0.301782 3.419100 0.000000
vt -0.043744 3.419100 0.000000
vt -0.301782 4.273875 0.000000
vt -0.043744 4.273875 0.000000
vt -0.301782 5.128650 0.000000
vt -0.043744 5.128650 0.000000
vt -0.301782 5.983425 0.000000
vt -0.043744 5.983425 0.000000
vt -0.301782 6.838200 0.000000
vt -0.043744 6.838200 0.000000
vt -0.301782 7.692975 0.000000
vt -0.043744 7.692975 0.000000
vt -0.301782 8.547750 0.000000
vt -0.043744 8.547750 0.000000
vt -0.301782 9.402525 0.000000
vt -0.043744 9.402525 0.000000
vt -0.301782 10.257300 0.000000
vt -0.043744 10.257300 0.000000
vt -0.301782 11.112075 0.000000
vt -0.043744 11.112075 0.000000
vt -0.301782 11.966850 0.000000
vt -0.043744 11.966850 0.000000
vt -0.301782 12.821625 0.000000
vt -0.043744 12.821625 0.000000
vt -0.301782 13.676400 0.000000
vt -0.043744 13.676400 0.000000
vt -0.301782 14.531175 0.000000
vt -0.043744 14.531175 0.000000
vt -0.301782 15.385950 0.000000
vt -0.043744 15.385950 0.000000
vt -0.301782 16.240725 0.000000
vt -0.043744 16.240725 0.000000
vt -0.301782 17.095500 0.000000
vt -0.043744 17.095500 0.000000
vt -0.301782 17.950275 0.000000
vt -0.043744 17.950275 0.000000
vt -0.301782 18.805050 0.000000
vt -0.043744 18.805050 0.000000
vt -0.301782 19.659825 0.000000
vt -0.043744 19.659825 0.000000
vt -0.301782 20.514600 0.000000
vt -0.043744 20.514600 0.000000
vt -0.301782 -20.514600 0.000000
vt -0.043744 -20.514600 0.000000
vt -0.301782 -19.659825 0.000000
vt -0.043744 -19.659825 0.000000
vt -0.301782 -18.805050 0.000000
vt -0.043744 -18.805050 0.000000
vt -0.301782 -17.950275 0.000000
vt -0.043744 -17.950275 0.000000
vt -0.301782 -17.095500 0.000000
vt -0.043744 -17.095500 0.000000
vt -0.301782 -16.240725 0.000000
vt -0.043744 -16.240725 0.000000
vt -0.301782 -15.385950 0.000000
vt -0.043744 -15.385950 0.000000
vt -0.301782 -14.531175 0.000000
vt -0.043744 -14.531175 0.000000
vt -0.301782 -13.676400 0.000000
vt -0.043744 -13.676400 0.000000
vt -0.301782 -12.821625 0.000000
vt -0.043744 -12.821625 0.000000
vt -0.301782 -11.966850 0.000000
vt -0.043744 -11.966850 0.000000
vt -0.301782 -11.112075 0.000000
vt -0.043744 -11.112075 0.000000
vt -0.301782 -10.257300 0.000000
vt -0.043744 -10.257300 0.000000
vt -0.301782 -9.402525 0.000000
vt -0.043744 -9.402525 0.000000
vt -0.301782 -8.547750 0.000000
vt -0.043744 -8.547750 0.000000
vt -0.301782 -7.692975 0.000000
vt -0.043744 -7.692975 0.000000
vt -0.301782 -6.838200 0.000000
vt -0.043744 -6.838200 0.000000
vt -0.301782 -5.983425 0.000000
vt -0.043744 -5.983425 0.000000
vt -0.301782 -5.128650 0.000000
vt -0.043744 -5.128650 0.000000
vt -0.301782 -4.273875 0.000000
vt -0.043744 -4.273875 0.000000
vt -0.301782 -3.419100 0.000000
vt -0.043744 -3.419100 0.000000
vt -0.301782 -2.564325 0.000000
vt -0.043744 -2.564325 0.000000
vt -0.301782 -1.709550 0.000000
vt -0.043744 -1.709550 0.000000
vt 0.070711 -19.800880 0.000000
vt 0.000000 -19.915415 0.000000
vt 0.070711 -20.680919 0.000000
vt 0.000000 -20.800544 0.000000
vt 0.055423 -20.749763 0.000000
vt 0.014635 -20.810586 0.000000
vt 0.000000 -19.030285 0.000000
vt 0.070711 -18.920841 0.000000
vt 0.000000 -18.145156 0.000000
vt 0.070711 -18.040802 0.000000
vt 0.000000 -17.260026 0.000000
vt 0.070711 -17.160763 0.000000
vt 0.000000 -16.374896 0.000000
vt 0.070711 -16.280724 0.000000
vt 0.000000 -15.489767 0.000000
vt 0.070711 -15.400685 0.000000
vt 0.000000 -14.604637 0.000000
vt 0.070711 -14.520646 0.000000
vt 0.000000 -13.719508 0.000000
vt 0.070711 -13.640606 0.000000
vt 0.000000 -12.834378 0.000000
vt 0.070711 -12.760567 0.000000
vt 0.000000 -11.949249 0.000000
vt 0.070711 -11.880528 0.000000
vt -0.000000 -11.064119 0.000000
vt 0.070711 -11.000489 0.000000
vt 0.000000 -10.178990 0.000000
vt 0.070711 -10.120450 0.000000
vt 0.000000 -9.293860 0.000000
vt 0.070711 -9.240411 0.000000
vt 0.000000 -8.408731 0.000000
vt 0.070711 -8.360372 0.000000
vt 0.000000 -7.523601 0.000000
vt 0.070711 -7.480333 0.000000
vt -0.000000 -6.638472 0.000000
vt 0.070711 -6.600293 0.000000
vt -0.000000 -5.753342 0.000000
vt 0.070711 -5.720254 0.000000
vt 0.000000 -4.868212 0.000000
vt 0.070711 -4.840215 0.000000
vt 0.000000 -3.983083 0.000000
vt 0.070711 -3.960176 0.000000
vt 0.000000 -3.097953 0.000000
vt 0.070711 -3.080137 0.000000
vt -0.000000 -2.212824 0.000000
vt 0.070711 -2.200098 0.000000
vt 0.000000 -1.327694 0.000000
vt 0.070711 -1.320059 0.000000
vt 0.000000 -0.442565 0.000000
vt 0.070711 -0.440020 0.000000
vt 0.070711 0.440020 0.000000
vt -0.000000 0.442565 0.000000
vt 0.070711 1.320059 0.000000
vt 0.000000 1.327694 0.000000
vt 0.070711 2.200098 0.000000
vt -0.000000 2.212824 0.000000
vt 0.070711 3.080137 0.000000
vt 0.000000 3.097953 0.000000
vt 0.070711 3.960176 0.000000
vt -0.000000 3.983083 0.000000
vt 0.070711 4.840215 0.000000
vt 0.000000 4.868212 0.000000
vt 0.070711 5.720254 0.000000
vt -0.000000 5.753342 0.000000
vt 0.070711 6.600293 0.000000
vt 0.000000 6.638472 0.000000
vt 0.070711 7.480333 0.000000
vt -0.000000 7.523601 0.000000
vt 0.070711 8.360372 0.000000
vt -0.000000 8.408731 0.000000
vt 0.070711 9.240411 0.000000
vt -0.000000 9.293860 0.000000
vt 0.070711 10.120450 0.000000
vt -0.000000 10.178990 0.000000
vt 0.070711 11.000489 0.000000
vt -0.000000 11.064119 0.000000
vt 0.070711 11.880528 0.000000
vt -0.000000 11.949249 0.000000
vt 0.070711 12.760567 0.000000
vt -0.000000 12.834378 0.000000
vt 0.070711 13.640606 0.000000
vt -0.000000 13.719508 0.000000
vt 0.070711 14.520646 0.000000
vt 0.000000 14.604637 0.000000
vt 0.070711 15.400685 0.000000
vt -0.000000 15.489767 0.000000
vt 0.070711 16.280724 0.000000
vt 0.000000 16.374896 0.000000
vt 0.070711 17.160763 0.000000
vt 0.000000 17.260026 0.000000
vt 0.070711 18.040802 0.000000
vt 0.000000 18.145156 0.000000
vt 0.070711 18.920841 0.000000
vt 0.000000 19.030285 0.000000
vt 0.070711 19.800880 0.000000
vt 0.000000 19.915415 0.000000
vt 0.070711 20.680919 0.000000
vt 0.055423 20.749763 0.000000
vt 0.014635 20.810586 0.000000
vt -0.000000 20.800544 0.000000
vt -7.590000 19.040685 0.000000
vt -7.464487 19.106703 0.000000
vt -7.590000 19.906170 0.000000
vt -7.464487 19.975190 0.000000
vt -7.548080 19.956654 0.000000
vt -7.491415 19.992324 0.000000
vt -7.464487 18.238216 0.000000
vt -7.590000 18.175199 0.000000
vt -7.464487 17.369729 0.000000
vt -7.590000 17.309713 0.000000
vt -7.464487 16.501242 0.000000
vt -7.590000 16.444228 0.000000
vt -7.464487 15.632755 0.000000
vt -7.590000 15.578742 0.000000
vt -7.464487 14.764267 0.000000
vt -7.590000 14.713256 0.000000
vt -7.464487 13.895780 0.000000
vt -7.590000 13.847771 0.000000
vt -7.464487 13.027293 0.000000
vt -7.590000 12.982285 0.000000
vt -7.464487 12.158806 0.000000
vt -7.590000 12.116799 0.000000
vt -7.464487 11.290319 0.000000
vt -7.590000 11.251314 0.000000
vt -7.464487 10.421832 0.000000
vt -7.590000 10.385828 0.000000
vt -7.464487 9.553345 0.000000
vt -7.590000 9.520342 0.000000
vt -7.464487 8.684858 0.000000
vt -7.590000 8.654857 0.000000
vt -7.464487 7.816371 0.000000
vt -7.590000 7.789371 0.000000
vt -7.464487 6.947883 0.000000
vt -7.590000 6.923885 0.000000
vt -7.464487 6.079396 0.000000
vt -7.590000 6.058400 0.000000
vt -7.464487 5.210909 0.000000
vt -7.590000 5.192914 0.000000
vt -7.464487 4.342422 0.000000
vt -7.590000 4.327428 0.000000
vt -7.464487 3.473935 0.000000
vt -7.590000 3.461943 0.000000
vt -7.464487 2.605448 0.000000
vt -7.590000 2.596457 0.000000
vt -7.464487 1.736961 0.000000
vt -7.590000 1.730971 0.000000
vt -7.464487 0.868474 0.000000
vt -7.590000 0.865486 0.000000
vt -7.464487 -0.000013 0.000000
vt -7.590000 0.000000 0.000000
vt -7.590000 -0.865486 0.000000
vt -7.464487 -0.868500 0.000000
vt -7.590000 -1.730971 0.000000
vt -7.464487 -1.736988 0.000000
vt -7.590000 -2.596457 0.000000
vt -7.464487 -2.605475 0.000000
vt -7.590000 -3.461943 0.000000
vt -7.464487 -3.473962 0.000000
vt -7.590000 -4.327428 0.000000
vt -7.464487 -4.342449 0.000000
vt -7.590000 -5.192914 0.000000
vt -7.464487 -5.210936 0.000000
vt -7.590000 -6.058400 0.000000
vt -7.464487 -6.079423 0.000000
vt -7.590000 -6.923885 0.000000
vt -7.464487 -6.947910 0.000000
vt -7.590000 -7.789371 0.000000
vt -7.464487 -7.816397 0.000000
vt -7.590000 -8.654857 0.000000
vt -7.464487 -8.684884 0.000000
vt -7.590000 -9.520342 0.000000
vt -7.464487 -9.553371 0.000000
vt -7.590000 -10.385828 0.000000
vt -7.464487 -10.421859 0.000000
vt -7.590000 -11.251314 0.000000
vt -7.464487 -11.290346 0.000000
vt -7.590000 -12.116799 0.000000
vt -7.464487 -12.158833 0.000000
vt -7.590000 -12.982285 0.000000
vt -7.464487 -13.027320 0.000000
vt -7.590000 -13.847771 0.000000
vt -7.464487 -13.895807 0.000000
vt -7.590000 -14.713256 0.000000
vt -7.464487 -14.764294 0.000000
vt -7.590000 -15.578742 0.000000
vt -7.464487 -15.632781 0.000000
vt -7.590000 -16.444228 0.000000
vt -7.464487 -16.501268 0.000000
vt -7.590000 -17.309713 0.000000
vt -7.464487 -17.369755 0.000000
vt -7.590000 -18.175199 0.000000
vt -7.464487 -18.238243 0.000000
vt -7.590000 -19.040685 0.000000
vt -7.464487 -19.106730 0.000000
vt -7.590000 -19.906170 0.000000
vt -7.464487 -19.975217 0.000000
vt -7.548069 -19.956664 0.000000
vt -7.491387 -19.992336 0.000000
vt -0.231753 -19.978031 0.000000
vt -0.231753 -19.109421 0.000000
vt -0.238214 -19.977398 0.000000
vt -0.272956 -19.149359 0.000000
vt -0.258421 -19.978252 0.000000
vt -0.277965 -19.982816 0.000000
vt -0.314159 -19.130857 0.000000
vt -0.314159 -20.000441 0.000000
vt -0.272956 -18.298277 0.000000
vt -0.231753 -18.240812 0.000000
vt -0.272956 -17.447195 0.000000
vt -0.231753 -17.372202 0.000000
vt -0.272956 -16.596113 0.000000
vt -0.231753 -16.503592 0.000000
vt -0.272956 -15.745031 0.000000
vt -0.231753 -15.634983 0.000000
vt -0.272956 -14.893949 0.000000
vt -0.231753 -14.766373 0.000000
vt -0.272956 -14.042867 0.000000
vt -0.231753 -13.897764 0.000000
vt -0.272956 -13.191785 0.000000
vt -0.231753 -13.029154 0.000000
vt -0.272956 -12.340703 0.000000
vt -0.231753 -12.160544 0.000000
vt -0.272956 -11.489621 0.000000
vt -0.231753 -11.291935 0.000000
vt -0.272956 -10.638539 0.000000
vt -0.231753 -10.423325 0.000000
vt -0.272956 -9.787457 0.000000
vt -0.231753 -9.554716 0.000000
vt -0.272956 -8.936375 0.000000
vt -0.231753 -8.686106 0.000000
vt -0.272956 -8.085293 0.000000
vt -0.231753 -7.817497 0.000000
vt -0.272956 -7.234211 0.000000
vt -0.231753 -6.948887 0.000000
vt -0.272956 -6.383129 0.000000
vt -0.231753 -6.080277 0.000000
vt -0.272956 -5.532047 0.000000
vt -0.231753 -5.211668 0.000000
vt -0.272956 -4.680965 0.000000
vt -0.231753 -4.343058 0.000000
vt -0.272956 -3.829882 0.000000
vt -0.231753 -3.474449 0.000000
vt -0.272956 -2.978800 0.000000
vt -0.231753 -2.605839 0.000000
vt -0.272956 -2.127718 0.000000
vt -0.231753 -1.737229 0.000000
vt -0.272956 -1.276636 0.000000
vt -0.231753 -0.868620 0.000000
vt -0.272956 -0.425554 0.000000
vt -0.231753 -0.000010 0.000000
vt -0.272956 0.425528 0.000000
vt -0.231753 0.868599 0.000000
vt -0.272956 1.276610 0.000000
vt -0.231753 1.737209 0.000000
vt -0.272956 2.127692 0.000000
vt -0.231753 2.605818 0.000000
vt -0.272956 2.978774 0.000000
vt -0.231753 3.474428 0.000000
vt -0.272956 3.829856 0.000000
vt -0.231753 4.343038 0.000000
vt -0.272956 4.680938 0.000000
vt -0.231753 5.211647 0.000000
vt -0.272956 5.532020 0.000000
vt -0.231753 6.080257 0.000000
vt -0.272956 6.383102 0.000000
vt -0.231753 6.948866 0.000000
vt -0.272956 7.234184 0.000000
vt -0.231753 7.817476 0.000000
vt -0.272956 8.085266 0.000000
vt -0.231753 8.686086 0.000000
vt -0.272956 8.936348 0.000000
vt -0.231753 9.554695 0.000000
vt -0.272956 9.787430 0.000000
vt -0.231753 10.423305 0.000000
vt -0.272956 10.638512 0.000000
vt -0.231753 11.291914 0.000000
vt -0.272956 11.489594 0.000000
vt -0.231753 12.160524 0.000000
vt -0.272956 12.340676 0.000000
vt -0.231753 13.029133 0.000000
vt -0.272956 13.191758 0.000000
vt -0.231753 13.897743 0.000000
vt -0.272956 14.042840 0.000000
vt -0.231753 14.766353 0.000000
vt -0.272956 14.893922 0.000000
vt -0.231753 15.634962 0.000000
vt -0.272956 15.745004 0.000000
vt -0.231753 16.503572 0.000000
vt -0.272956 16.596086 0.000000
vt -0.231753 17.372181 0.000000
vt -0.272956 17.447168 0.000000
vt -0.231753 18.240791 0.000000
vt -0.272956 18.298250 0.000000
vt -0.231753 19.109401 0.000000
vt -0.272956 19.149332 0.000000
vt -0.231753 19.978010 0.000000
vt -0.238214 19.977378 0.000000
vt -0.258420 19.978230 0.000000
vt -0.277964 19.982793 0.000000
vt -0.314159 19.130830 0.000000
vt -0.314159 20.000414 0.000000
vt -0.314159 18.261247 0.000000
vt -0.314159 17.391663 0.000000
vt -0.314159 16.522079 0.000000
vt -0.314159 15.652495 0.000000
vt -0.314159 14.782911 0.000000
vt -0.314159 13.913328 0.000000
vt -0.314159 13.043744 0.000000
vt -0.314159 12.174160 0.000000
vt -0.314159 11.304576 0.000000
vt -0.314159 10.434992 0.000000
vt -0.314159 9.565409 0.000000
vt -0.314159 8.695825 0.000000
vt -0.314159 7.826241 0.000000
vt -0.314159 6.956657 0.000000
vt -0.314159 6.087073 0.000000
vt -0.314159 5.217489 0.000000
vt -0.314159 4.347906 0.000000
vt -0.314159 3.478322 0.000000
vt -0.314159 2.608738 0.000000
vt -0.314159 1.739154 0.000000
vt -0.314159 0.869570 0.000000
vt -0.314159 -0.000013 0.000000
vt -0.314159 -0.869597 0.000000
vt -0.314159 -1.739181 0.000000
vt -0.314159 -2.608765 0.000000
vt -0.314159 -3.478349 0.000000
vt -0.314159 -4.347932 0.000000
vt -0.314159 -5.217516 0.000000
vt -0.314159 -6.087100 0.000000
vt -0.314159 -6.956684 0.000000
vt -0.314159 -7.826268 0.000000
vt -0.314159 -8.695851 0.000000
vt -0.314159 -9.565435 0.000000
vt -0.314159 -10.435019 0.000000
vt -0.314159 -11.304603 0.000000
vt -0.314159 -12.174187 0.000000
vt -0.314159 -13.043771 0.000000
vt -0.314159 -13.913354 0.000000
vt -0.314159 -14.782938 0.000000
vt -0.314159 -15.652522 0.000000
vt -0.314159 -16.522106 0.000000
vt -0.314159 -17.391690 0.000000
vt -0.314159 -18.261273 0.000000
vt -0.135970 20.208623 0.000000
vt -0.135970 19.329987 0.000000
vt -0.074688 20.215677 0.000000
vt -0.047450 19.416553 0.000000
vt -0.006726 20.218841 0.000000
vt 0.041070 19.416553 0.000000
vt 0.025433 20.222614 0.000000
vt 0.057032 20.233103 0.000000
vt 0.087484 20.249180 0.000000
vt 0.129591 19.416553 0.000000
vt 0.129591 20.279511 0.000000
vt -0.047450 18.553595 0.000000
vt -0.135970 18.451351 0.000000
vt -0.047450 17.690637 0.000000
vt -0.135970 17.572714 0.000000
vt -0.047450 16.827679 0.000000
vt -0.135970 16.694078 0.000000
vt -0.047450 15.964721 0.000000
vt -0.135970 15.815442 0.000000
vt -0.047450 15.101763 0.000000
vt -0.135970 14.936806 0.000000
vt -0.047450 14.238805 0.000000
vt -0.135970 14.058169 0.000000
vt -0.047450 13.375847 0.000000
vt -0.135970 13.179533 0.000000
vt -0.047450 12.512889 0.000000
vt -0.135970 12.300897 0.000000
vt -0.047450 11.649931 0.000000
vt -0.135970 11.422261 0.000000
vt -0.047450 10.786973 0.000000
vt -0.135970 10.543624 0.000000
vt -0.047450 9.924015 0.000000
vt -0.135970 9.664988 0.000000
vt -0.047450 9.061057 0.000000
vt -0.135970 8.786352 0.000000
vt -0.047450 8.198099 0.000000
vt -0.135970 7.907716 0.000000
vt -0.047450 7.335141 0.000000
vt -0.135970 7.029080 0.000000
vt -0.047450 6.472183 0.000000
vt -0.135970 6.150443 0.000000
vt -0.047450 5.609225 0.000000
vt -0.135970 5.271807 0.000000
vt -0.047450 4.746267 0.000000
vt -0.135970 4.393171 0.000000
vt -0.047450 3.883309 0.000000
vt -0.135970 3.514535 0.000000
vt -0.047450 3.020351 0.000000
vt -0.135970 2.635898 0.000000
vt -0.047450 2.157393 0.000000
vt -0.135970 1.757262 0.000000
vt -0.047450 1.294435 0.000000
vt -0.135970 0.878626 0.000000
vt -0.047450 0.431477 0.000000
vt -0.135970 -0.000010 0.000000
vt -0.047450 -0.431481 0.000000
vt -0.135970 -0.878647 0.000000
vt -0.047450 -1.294439 0.000000
vt -0.135970 -1.757283 0.000000
vt -0.047450 -2.157397 0.000000
vt -0.135970 -2.635919 0.000000
vt -0.047450 -3.020355 0.000000
vt -0.135970 -3.514555 0.000000
vt -0.047450 -3.883313 0.000000
vt -0.135970 -4.393192 0.000000
vt -0.047450 -4.746271 0.000000
vt -0.135970 -5.271828 0.000000
vt -0.047450 -5.609229 0.000000
vt -0.135970 -6.150464 0.000000
vt -0.047450 -6.472187 0.000000
vt -0.135970 -7.029100 0.000000
vt -0.047450 -7.335145 0.000000
vt -0.135970 -7.907737 0.000000
vt -0.047450 -8.198103 0.000000
vt -0.135970 -8.786373 0.000000
vt -0.047450 -9.061061 0.000000
vt -0.135970 -9.665009 0.000000
vt -0.047450 -9.924019 0.000000
vt -0.135970 -10.543645 0.000000
vt -0.047450 -10.786977 0.000000
vt -0.135970 -11.422282 0.000000
vt -0.047450 -11.649935 0.000000
vt -0.135970 -12.300918 0.000000
vt -0.047450 -12.512893 0.000000
vt -0.135970 -13.179554 0.000000
vt -0.047450 -13.375851 0.000000
vt -0.135970 -14.058190 0.000000
vt -0.047450 -14.238809 0.000000
vt -0.135970 -14.936826 0.000000
vt -0.047450 -15.101767 0.000000
vt -0.135970 -15.815463 0.000000
vt -0.047450 -15.964725 0.000000
vt -0.135970 -16.694099 0.000000
vt -0.047450 -16.827683 0.000000
vt -0.135970 -17.572735 0.000000
vt -0.047450 -17.690641 0.000000
vt -0.135970 -18.451371 0.000000
vt -0.047450 -18.553599 0.000000
vt -0.135970 -19.330008 0.000000
vt -0.047450 -19.416557 0.000000
vt -0.074688 -20.215696 0.000000
vt -0.006727 -20.218860 0.000000
vt -0.135970 -20.208644 0.000000
vt 0.041070 -19.416557 0.000000
vt 0.025429 -20.222632 0.000000
vt 0.057024 -20.233116 0.000000
vt 0.087473 -20.249186 0.000000
vt 0.129591 -19.416557 0.000000
vt 0.041070 -18.553599 0.000000
vt 0.129591 -18.553599 0.000000
vt 0.041070 -17.690641 0.000000
vt 0.129591 -17.690641 0.000000
vt 0.041070 -16.827683 0.000000
vt 0.129591 -16.827683 0.000000
vt 0.041070 -15.964725 0.000000
vt 0.129591 -15.964725 0.000000
vt 0.041070 -15.101767 0.000000
vt 0.129591 -15.101767 0.000000
vt 0.041070 -14.238809 0.000000
vt 0.129591 -14.238809 0.000000
vt 0.041070 -13.375851 0.000000
vt 0.129591 -13.375851 0.000000
vt 0.041070 -12.512893 0.000000
vt 0.129591 -12.512893 0.000000
vt 0.041070 -11.649935 0.000000
vt 0.129591 -11.649935 0.000000
vt 0.041070 -10.786977 0.000000
vt 0.129591 -10.786977 0.000000
vt 0.041070 -9.924019 0.000000
vt 0.129591 -9.924019 0.000000
vt 0.041070 -9.061061 0.000000
vt 0.129591 -9.061061 0.000000
vt 0.041070 -8.198103 0.000000
vt 0.129591 -8.198103 0.000000
vt 0.041070 -7.335145 0.000000
vt 0.129591 -7.335145 0.000000
vt 0.041070 -6.472187 0.000000
vt 0.129591 -6.472187 0.000000
vt 0.041070 -5.609229 0.000000
vt 0.129591 -5.609229 0.000000
vt 0.041070 -4.746271 0.000000
vt 0.129591 -4.746271 0.000000
vt 0.041070 -3.883313 0.000000
vt 0.129591 -3.883313 0.000000
vt 0.041070 -3.020355 0.000000
vt 0.129591 -3.020355 0.000000
vt 0.041070 -2.157397 0.000000
vt 0.129591 -2.157397 0.000000
vt 0.041070 -1.294439 0.000000
vt 0.129591 -1.294439 0.000000
vt 0.041070 -0.431481 0.000000
vt 0.129591 -0.431481 0.000000
vt 0.041070 0.431477 0.000000
vt 0.129591 0.431477 0.000000
vt 0.041070 1.294435 0.000000
vt 0.129591 1.294435 0.000000
vt 0.041070 2.157393 0.000000
vt 0.129591 2.157393 0.000000
vt 0.041070 3.020351 0.000000
vt 0.129591 3.020351 0.000000
vt 0.041070 3.883309 0.000000
vt 0.129591 3.883309 0.000000
vt 0.041070 4.746267 0.000000
vt 0.129591 4.746267 0.000000
vt 0.041070 5.609225 0.000000
vt 0.129591 5.609225 0.000000
vt 0.041070 6.472183 0.000000
vt 0.129591 6.472183 0.000000
vt 0.041070 7.335141 0.000000
vt 0.129591 7.335141 0.000000
vt 0.041070 8.198099 0.000000
vt 0.129591 8.198099 0.000000
vt 0.041070 9.061057 0.000000
vt 0.129591 9.061057 0.000000
vt 0.041070 9.924015 0.000000
vt 0.129591 9.924015 0.000000
vt 0.041070 10.786973 0.000000
vt 0.129591 10.786973 0.000000
vt 0.041070 11.649931 0.000000
vt 0.129591 11.649931 0.000000
vt 0.041070 12.512889 0.000000
vt 0.129591 12.512889 0.000000
vt 0.041070 13.375847 0.000000
vt 0.129591 13.375847 0.000000
vt 0.041070 14.238805 0.000000
vt 0.129591 14.238805 0.000000
vt 0.041070 15.101763 0.000000
vt 0.129591 15.101763 0.000000
vt 0.041070 15.964721 0.000000
vt 0.129591 15.964721 0.000000
vt 0.041070 16.827679 0.000000
vt 0.129591 16.827679 0.000000
vt 0.041070 17.690637 0.000000
vt 0.129591 17.690637 0.000000
vt 0.041070 18.553595 0.000000
vt 0.129591 18.553595 0.000000
vt 0.129591 -20.279515 0.000000
vt 0.471239 0.860197 0.000000
vt 0.412334 0.422594 0.000000
vt 0.471239 -0.000000 0.000000
vt 0.412334 -0.422591 0.000000
vt 0.471239 -0.860197 0.000000
vt 0.412334 -1.267776 0.000000
vt 0.471239 -1.720393 0.000000
vt 0.412334 -2.106604 0.000000
vt 0.471239 -2.580590 0.000000
vt 0.412334 -2.949246 0.000000
vt 0.471239 -3.440786 0.000000
vt 0.412334 -3.791887 0.000000
vt 0.471239 -4.300983 0.000000
vt 0.412334 -4.634529 0.000000
vt 0.471239 -5.161180 0.000000
vt 0.412334 -5.477170 0.000000
vt 0.471239 -6.021376 0.000000
vt 0.412334 -6.319812 0.000000
vt 0.471239 -6.881573 0.000000
vt 0.412334 -7.162453 0.000000
vt 0.471239 -7.741770 0.000000
vt 0.412334 -8.005095 0.000000
vt 0.471239 -8.601966 0.000000
vt 0.412334 -8.847737 0.000000
vt 0.471239 -9.462163 0.000000
vt 0.412334 -9.690378 0.000000
vt 0.471239 -10.322359 0.000000
vt 0.412334 -10.533020 0.000000
vt 0.471239 -11.182556 0.000000
vt 0.412334 -11.375661 0.000000
vt 0.471239 -12.042753 0.000000
vt 0.412334 -12.218303 0.000000
vt 0.471239 -12.902949 0.000000
vt 0.412334 -13.060945 0.000000
vt 0.471239 -13.763146 0.000000
vt 0.412334 -13.903586 0.000000
vt 0.471239 -14.623342 0.000000
vt 0.412334 -14.746228 0.000000
vt 0.471239 -15.483539 0.000000
vt 0.412334 -15.588869 0.000000
vt 0.471239 -16.343736 0.000000
vt 0.412334 -16.431511 0.000000
vt 0.471239 -17.203932 0.000000
vt 0.412334 -17.274152 0.000000
vt 0.471239 -18.064129 0.000000
vt 0.412334 -18.116794 0.000000
vt 0.471239 -18.924326 0.000000
vt 0.412334 -18.959436 0.000000
vt 0.471239 -19.784522 0.000000
vt 0.412334 -19.802077 0.000000
vt 0.471239 -20.644719 0.000000
vt 0.412334 -20.644719 0.000000
vt 0.471239 20.644719 0.000000
vt 0.412334 20.644719 0.000000
vt 0.412334 19.802077 0.000000
vt 0.383312 20.275928 0.000000
vt 0.393260 20.045229 0.000000
vt 0.412334 1.267779 0.000000
vt 0.471239 1.720393 0.000000
vt 0.412334 2.106604 0.000000
vt 0.471239 2.580590 0.000000
vt 0.412334 2.949246 0.000000
vt 0.471239 3.440786 0.000000
vt 0.412334 3.791887 0.000000
vt 0.471239 4.300983 0.000000
vt 0.412334 4.634529 0.000000
vt 0.471239 5.161180 0.000000
vt 0.412334 5.477170 0.000000
vt 0.471239 6.021376 0.000000
vt 0.412334 6.319812 0.000000
vt 0.471239 6.881573 0.000000
vt 0.412334 7.162453 0.000000
vt 0.471239 7.741770 0.000000
vt 0.412334 8.005095 0.000000
vt 0.471239 8.601966 0.000000
vt 0.412334 8.847737 0.000000
vt 0.471239 9.462163 0.000000
vt 0.412334 9.690378 0.000000
vt 0.471239 10.322359 0.000000
vt 0.412334 10.533020 0.000000
vt 0.471239 11.182556 0.000000
vt 0.412334 11.375661 0.000000
vt 0.471239 12.042753 0.000000
vt 0.412334 12.218303 0.000000
vt 0.471239 12.902949 0.000000
vt 0.412334 13.060945 0.000000
vt 0.471239 13.763146 0.000000
vt 0.412334 13.903586 0.000000
vt 0.471239 14.623342 0.000000
vt 0.412334 14.746228 0.000000
vt 0.471239 15.483539 0.000000
vt 0.412334 15.588869 0.000000
vt 0.471239 16.343736 0.000000
vt 0.412334 16.431511 0.000000
vt 0.471239 17.203932 0.000000
vt 0.412334 17.274152 0.000000
vt 0.471239 18.064129 0.000000
vt 0.412334 18.116794 0.000000
vt 0.471239 18.924326 0.000000
vt 0.412334 18.959436 0.000000
vt 0.471239 19.784522 0.000000
vt 0.381797 19.975389 0.000000
vt 0.353429 19.921617 0.000000
vt 0.353429 19.073888 0.000000
vt 0.353429 18.226160 0.000000
vt 0.353429 17.378432 0.000000
vt 0.353429 16.530704 0.000000
vt 0.353429 15.682975 0.000000
vt 0.353429 14.835247 0.000000
vt 0.353429 13.987519 0.000000
vt 0.353429 13.139791 0.000000
vt 0.353429 12.292062 0.000000
vt 0.353429 11.444334 0.000000
vt 0.353429 10.596606 0.000000
vt 0.353429 9.748877 0.000000
vt 0.353429 8.901149 0.000000
vt 0.353429 8.053421 0.000000
vt 0.353429 7.205693 0.000000
vt 0.353429 6.357964 0.000000
vt 0.353429 5.510236 0.000000
vt 0.353429 4.662508 0.000000
vt 0.353429 3.814780 0.000000
vt 0.353429 2.967051 0.000000
vt 0.353429 2.119323 0.000000
vt 0.353429 1.271595 0.000000
vt 0.353429 0.423867 0.000000
vt 0.353429 -0.423862 0.000000
vt 0.353429 -1.271590 0.000000
vt 0.353429 -2.119318 0.000000
vt 0.353429 -2.967046 0.000000
vt 0.353429 -3.814775 0.000000
vt 0.353429 -4.662503 0.000000
vt 0.353429 -5.510231 0.000000
vt 0.353429 -6.357959 0.000000
vt 0.353429 -7.205688 0.000000
vt 0.353429 -8.053416 0.000000
vt 0.353429 -8.901144 0.000000
vt 0.353429 -9.748873 0.000000
vt 0.353429 -10.596601 0.000000
vt 0.353429 -11.444329 0.000000
vt 0.353429 -12.292057 0.000000
vt 0.353429 -13.139786 0.000000
vt 0.353429 -13.987514 0.000000
vt 0.353429 -14.835242 0.000000
vt 0.353429 -15.682970 0.000000
vt 0.353429 -16.530699 0.000000
vt 0.353429 -17.378427 0.000000
vt 0.353429 -18.226155 0.000000
vt 0.353429 -19.073883 0.000000
vt 0.353429 -19.921612 0.000000
vt 0.384171 -19.983069 0.000000
vt 0.393017 -20.060953 0.000000
vt 0.383312 -20.276014 0.000000
vt 0.383312 -20.521846 0.000000
vt 0.383312 20.767592 0.000000
vt 0.383312 20.521760 0.000000
vt -6.987023 -0.858702 0.000000
vt -4.663744 -0.858702 0.000000
vt -6.987023 -0.000000 0.000000
vt -4.663744 0.000000 0.000000
vt -6.987023 0.858702 0.000000
vt -4.663744 0.858702 0.000000
vt -6.987023 1.717404 0.000000
vt -4.663744 1.717404 0.000000
vt -6.987023 2.576106 0.000000
vt -4.663744 2.576106 0.000000
vt -6.987023 3.434808 0.000000
vt -4.663744 3.434808 0.000000
vt -6.987023 4.293510 0.000000
vt -4.663744 4.293510 0.000000
vt -6.987023 5.152212 0.000000
vt -4.663744 5.152212 0.000000
vt -6.987023 6.010914 0.000000
vt -4.663744 6.010914 0.000000
vt -6.987023 6.869616 0.000000
vt -4.663744 6.869616 0.000000
vt -6.987023 7.728318 0.000000
vt -4.663744 7.728318 0.000000
vt -6.987023 8.587020 0.000000
vt -4.663744 8.587020 0.000000
vt -6.987023 9.445722 0.000000
vt -4.663744 9.445722 0.000000
vt -6.987023 10.304424 0.000000
vt -4.663744 10.304424 0.000000
vt -6.987023 11.163126 0.000000
vt -4.663744 11.163126 0.000000
vt -6.987023 12.021828 0.000000
vt -4.663744 12.021828 0.000000
vt -6.987023 12.880530 0.000000
vt -4.663744 12.880530 0.000000
vt -6.987023 13.739232 0.000000
vt -4.663744 13.739232 0.000000
vt -6.987023 14.597934 0.000000
vt -4.663744 14.597934 0.000000
vt -6.987023 15.456636 0.000000
vt -4.663744 15.456636 0.000000
vt -6.987023 16.315338 0.000000
vt -4.663744 16.315338 0.000000
vt -6.987023 17.174040 0.000000
vt -4.663744 17.174040 0.000000
vt -6.987023 18.032742 0.000000
vt -4.663744 18.032742 0.000000
vt -6.987023 18.891444 0.000000
vt -4.663744 18.891444 0.000000
vt -6.987023 19.750146 0.000000
vt -4.663744 19.750146 0.000000
vt -6.987023 20.608848 0.000000
vt -4.663744 20.608848 0.000000
vt -6.987023 -20.608848 0.000000
vt -4.663744 -20.608848 0.000000
vt -6.987023 -19.750146 0.000000
vt -4.663744 -19.750146 0.000000
vt -6.987023 -18.891444 0.000000
vt -4.663744 -18.891444 0.000000
vt -6.987023 -18.032742 0.000000
vt -4.663744 -18.032742 0.000000
vt -6.987023 -17.174040 0.000000
vt -4.663744 -17.174040 0.000000
vt -6.987023 -16.315338 0.000000
vt -4.663744 -16.315338 0.000000
vt -6.987023 -15.456636 0.000000
vt -4.663744 -15.456636 0.000000
vt -6.987023 -14.597934 0.000000
vt -4.663744 -14.597934 0.000000
vt -6.987023 -13.739232 0.000000
vt -4.663744 -13.739232 0.000000
vt -6.987023 -12.880530 0.000000
vt -4.663744 -12.880530 0.000000
vt -6.987023 -12.021828 0.000000
vt -4.663744 -12.021828 0.000000
vt -6.987023 -11.163126 0.000000
vt -4.663744 -11.163126 0.000000
vt -6.987023 -10.304424 0.000000
vt -4.663744 -10.304424 0.000000
vt -6.987023 -9.445722 0.000000
vt -4.663744 -9.445722 0.000000
vt -6.987023 -8.587020 0.000000
vt -4.663744 -8.587020 0.000000
vt -6.987023 -7.728318 0.000000
vt -4.663744 -7.728318 0.000000
vt -6.987023 -6.869616 0.000000
vt -4.663744 -6.869616 0.000000
vt -6.987023 -6.010914 0.000000
vt -4.663744 -6.010914 0.000000
vt -6.987023 -5.152212 0.000000
vt -4.663744 -5.152212 0.000000
vt -6.987023 -4.293510 0.000000
vt -4.663744 -4.293510 0.000000
vt -6.987023 -3.434808 0.000000
vt -4.663744 -3.434808 0.000000
vt -6.987023 -2.576106 0.000000
vt -4.663744 -2.576106 0.000000
vt -6.987023 -1.717404 0.000000
vt -4.663744 -1.717404 0.000000
vt -0.301782 -0.854775 0.000000
vt -0.043744 -0.854775 0.000000
vt -0.301782 -0.000000 0.000000
vt -0.043744 0.000000 0.000000
vt -0.301782 0.854775 0.000000
vt -0.043744 0.854775 0.000000
vt -0.301782 1.709550 0.000000
vt -0.043744 1.709550 0.000000
vt -0.301782 2.564325 0.000000
vt -0.043744 2.564325 0.000000
vt -0.301782 3.419100 0.000000
vt -0.043744 3.419100 0.000000
vt -0.301782 4.273875 0.000000
vt -0.043744 4.273875 0.000000
vt -0.301782 5.128650 0.000000
vt -0.043744 5.128650 0.000000
vt -0.301782 5.983425 0.000000
vt -0.043744 5.983425 0.000000
vt -0.301782 6.838200 0.000000
vt -0.043744 6.838200 0.000000
vt -0.301782 7.692975 0.000000
vt -0.043744 7.692975 0.000000
vt -0.301782 8.547750 0.000000
vt -0.043744 8.547750 0.000000
vt -0.301782 9.402525 0.000000
vt -0.043744 9.402525 0.000000
vt -0.301782 10.257300 0.000000
vt -0.043744 10.257300 0.000000
vt -0.301782 11.112075 0.000000
vt -0.043744 11.112075 0.000000
vt -0.301782 11.966850 0.000000
vt -0.043744 11.966850 0.000000
vt -0.301782 12.821625 0.000000
vt -0.043744 12.821625 0.000000
vt -0.301782 13.676400 0.000000
vt -0.043744 13.676400 0.000000
vt -0.301782 14.531175 0.000000
vt -0.043744 14.531175 0.000000
vt -0.301782 15.385950 0.000000
vt -0.043744 15.385950 0.000000
vt -0.301782 16.240725 0.000000
vt -0.043744 16.240725 0.000000
vt -0.301782 17.095500 0.000000
vt -0.043744 17.095500 0.000000
vt -0.301782 17.950275 0.000000
vt -0.043744 17.950275 0.000000
vt -0.301782 18.805050 0.000000
vt -0.043744 18.805050 0.000000
vt -0.301782 19.659825 0.000000
vt -0.043744 19.659825 0.000000
vt -0.301782 20.514600 0.000000
vt -0.043744 20.514600 0.000000
vt -0.301782 -20.514600 0.000000
vt -0.043744 -20.514600 0.000000
vt -0.301782 -19.659825 0.000000
vt -0.043744 -19.659825 0.000000
vt -0.301782 -18.805050 0.000000
vt -0.043744 -18.805050 0.000000
vt -0.301782 -17.950275 0.000000
vt -0.043744 -17.950275 0.000000
vt -0.301782 -17.095500 0.000000
vt -0.043744 -17.095500 0.000000
vt -0.301782 -16.240725 0.000000
vt -0.043744 -16.240725 0.000000
vt -0.301782 -15.385950 0.000000
vt -0.043744 -15.385950 0.000000
vt -0.301782 -14.531175 0.000000
vt -0.043744 -14.531175 0.000000
vt -0.301782 -13.676400 0.000000
vt -0.043744 -13.676400 0.000000
vt -0.301782 -12.821625 0.000000
vt -0.043744 -12.821625 0.000000
vt -0.301782 -11.966850 0.000000
vt -0.043744 -11.966850 0.000000
vt -0.301782 -11.112075 0.000000
vt -0.043744 -11.112075 0.000000
vt -0.301782 -10.257300 0.000000
vt -0.043744 -10.257300 0.000000
vt -0.301782 -9.402525 0.000000
vt -0.043744 -9.402525 0.000000
vt -0.301782 -8.547750 0.000000
vt -0.043744 -8.547750 0.000000
vt -0.301782 -7.692975 0.000000
vt -0.043744 -7.692975 0.000000
vt -0.301782 -6.838200 0.000000
vt -0.043744 -6.838200 0.000000
vt -0.301782 -5.983425 0.000000
vt -0.043744 -5.983425 0.000000
vt -0.301782 -5.128650 0.000000
vt -0.043744 -5.128650 0.000000
vt -0.301782 -4.273875 0.000000
vt -0.043744 -4.273875 0.000000
vt -0.301782 -3.419100 0.000000
vt -0.043744 -3.419100 0.000000
vt -0.301782 -2.564325 0.000000
vt -0.043744 -2.564325 0.000000
vt -0.301782 -1.709550 0.000000
vt -0.043744 -1.709550 0.000000
vt -4.235979 19.569504 0.000000
vt 7.380000 19.569504 0.000000
vt -4.235979 20.420352 0.000000
vt 7.380000 20.420352 0.000000
vt -4.235979 -20.420352 0.000000
vt 7.380000 -20.420352 0.000000
vt -4.235979 -19.569504 0.000000
vt 7.380000 -19.569504 0.000000
vt -4.235979 -18.718656 0.000000
vt 7.380000 -18.718656 0.000000
vt -4.235979 -17.867808 0.000000
vt 7.380000 -17.867808 0.000000
vt -4.235979 -17.016960 0.000000
vt 7.380000 -17.016960 0.000000
vt -4.235979 -16.166112 0.000000
vt 7.380000 -16.166112 0.000000
vt -4.235979 -15.315264 0.000000
vt 7.380000 -15.315264 0.000000
vt -4.235979 -14.464416 0.000000
vt 7.380000 -14.464416 0.000000
vt -4.235979 -13.613568 0.000000
vt 7.380000 -13.613568 0.000000
vt -4.235979 -12.762720 0.000000
vt 7.380000 -12.762720 0.000000
vt -4.235979 -11.911872 0.000000
vt 7.380000 -11.911872 0.000000
vt -4.235979 -11.061024 0.000000
vt 7.380000 -11.061024 0.000000
vt -4.235979 -10.210176 0.000000
vt 7.380000 -10.210176 0.000000
vt -4.235979 -9.359328 0.000000
vt 7.380000 -9.359328 0.000000
vt -4.235979 -8.508480 0.000000
vt 7.380000 -8.508480 0.000000
vt -4.235979 -7.657632 0.000000
vt 7.380000 -7.657632 0.000000
vt -4.235979 -6.806784 0.000000
vt 7.380000 -6.806784 0.000000
vt -4.235979 -5.955936 0.000000
vt 7.380000 -5.955936 0.000000
vt -4.235979 -5.105088 0.000000
vt 7.380000 -5.105088 0.000000
vt -4.235979 -4.254240 0.000000
vt 7.380000 -4.254240 0.000000
vt -4.235979 -3.403392 0.000000
vt 7.380000 -3.403392 0.000000
vt -4.235979 -2.552544 0.000000
vt 7.380000 -2.552544 0.000000
vt -4.235979 -1.701696 0.000000
vt 7.380000 -1.701696 0.000000
vt -4.235979 -0.850848 0.000000
vt 7.380000 -0.850848 0.000000
vt -4.235979 0.000000 0.000000
vt 7.380000 0.000000 0.000000
vt -4.235979 0.850848 0.000000
vt 7.380000 0.850848 0.000000
vt -4.235979 1.701696 0.000000
vt 7.380000 1.701696 0.000000
vt -4.235979 2.552544 0.000000
vt 7.380000 2.552544 0.000000
vt -4.235979 3.403392 0.000000
vt 7.380000 3.403392 0.000000
vt -4.235979 4.254240 0.000000
vt 7.380000 4.254240 0.000000
vt -4.235979 5.105088 0.000000
vt 7.380000 5.105088 0.000000
vt -4.235979 5.955936 0.000000
vt 7.380000 5.955936 0.000000
vt -4.235979 6.806784 0.000000
vt 7.380000 6.806784 0.000000
vt -4.235979 7.657632 0.000000
vt 7.380000 7.657632 0.000000
vt -4.235979 8.508480 0.000000
vt 7.380000 8.508480 0.000000
vt -4.235979 9.359328 0.000000
vt 7.380000 9.359328 0.000000
vt -4.235979 10.210176 0.000000
vt 7.380000 10.210176 0.000000
vt -4.235979 11.061024 0.000000
vt 7.380000 11.061024 0.000000
vt -4.235979 11.911872 0.000000
vt 7.380000 11.911872 0.000000
vt -4.235979 12.762720 0.000000
vt 7.380000 12.762720 0.000000
vt -4.235979 13.613568 0.000000
vt 7.380000 13.613568 0.000000
vt -4.235979 14.464416 0.000000
vt 7.380000 14.464416 0.000000
vt -4.235979 15.315264 0.000000
vt 7.380000 15.315264 0.000000
vt -4.235979 16.166112 0.000000
vt 7.380000 16.166112 0.000000
vt -4.235979 17.016960 0.000000
vt 7.380000 17.016960 0.000000
vt -4.235979 17.867808 0.000000
vt 7.380000 17.867808 0.000000
vt -4.235979 18.718656 0.000000
vt 7.380000 18.718656 0.000000
vt 18.995979 -19.569504 0.000000
vt 18.995979 -20.420352 0.000000
vt 18.995979 20.420352 0.000000
vt 18.995979 19.569504 0.000000
vt 18.995979 18.718656 0.000000
vt 18.995979 17.867808 0.000000
vt 18.995979 17.016960 0.000000
vt 18.995979 16.166112 0.000000
vt 18.995979 15.315264 0.000000
vt 18.995979 14.464416 0.000000
vt 18.995979 13.613568 0.000000
vt 18.995979 12.762720 0.000000
vt 18.995979 11.911872 0.000000
vt 18.995979 11.061024 0.000000
vt 18.995979 10.210176 0.000000
vt 18.995979 9.359328 0.000000
vt 18.995979 8.508480 0.000000
vt 18.995979 7.657632 0.000000
vt 18.995979 6.806784 0.000000
vt 18.995979 5.955936 0.000000
vt 18.995979 5.105088 0.000000
vt 18.995979 4.254240 0.000000
vt 18.995979 3.403392 0.000000
vt 18.995979 2.552544 0.000000
vt 18.995979 1.701696 0.000000
vt 18.995979 0.850848 0.000000
vt 18.995979 0.000000 0.000000
vt 18.995979 -0.850848 0.000000
vt 18.995979 -1.701696 0.000000
vt 18.995979 -2.552544 0.000000
vt 18.995979 -3.403392 0.000000
vt 18.995979 -4.254240 0.000000
vt 18.995979 -5.105088 0.000000
vt 18.995979 -5.955936 0.000000
vt 18.995979 -6.806784 0.000000
vt 18.995979 -7.657632 0.000000
vt 18.995979 -8.508480 0.000000
vt 18.995979 -9.359328 0.000000
vt 18.995979 -10.210176 0.000000
vt 18.995979 -11.061024 0.000000
vt 18.995979 -11.911872 0.000000
vt 18.995979 -12.762720 0.000000
vt 18.995979 -13.613568 0.000000
vt 18.995979 -14.464416 0.000000
vt 18.995979 -15.315264 0.000000
vt 18.995979 -16.166112 0.000000
vt 18.995979 -17.016960 0.000000
vt 18.995979 -17.867808 0.000000
vt 18.995979 -18.718656 0.000000
vt 7.280000 -20.875799 0.000000
vt 7.570000 -20.875799 0.000000
vt -7.380000 -20.008419 0.000000
vt 7.570000 -19.987468 0.000000
vt -7.380000 -19.119156 0.000000
vt 7.570000 -19.099136 0.000000
vt -7.380000 -18.229893 0.000000
vt 7.570000 -18.210804 0.000000
vt -7.380000 -17.340630 0.000000
vt 7.570000 -17.322472 0.000000
vt -7.380000 -16.451367 0.000000
vt 7.570000 -16.434140 0.000000
vt -7.380000 -15.562104 0.000000
vt 7.570000 -15.545808 0.000000
vt -7.380000 -14.672841 0.000000
vt 7.570000 -14.657476 0.000000
vt -7.380000 -13.783577 0.000000
vt 7.570000 -13.769144 0.000000
vt -7.380000 -12.894314 0.000000
vt 7.570000 -12.880812 0.000000
vt -7.380000 -12.005051 0.000000
vt 7.570000 -11.992481 0.000000
vt -7.380000 -11.115788 0.000000
vt 7.570000 -11.104149 0.000000
vt -7.380000 -10.226525 0.000000
vt 7.570000 -10.215817 0.000000
vt -7.380000 -9.337262 0.000000
vt 7.570000 -9.327485 0.000000
vt -7.380000 -8.439153 0.000000
vt 7.570000 -8.439153 0.000000
vt -7.380000 -7.550821 0.000000
vt 7.570000 -7.550821 0.000000
vt -7.380000 -6.662489 0.000000
vt 7.570000 -6.662489 0.000000
vt -7.380000 -5.774157 0.000000
vt 7.570000 -5.774157 0.000000
vt -7.380000 -4.885825 0.000000
vt 7.570000 -4.885825 0.000000
vt -7.380000 -3.997494 0.000000
vt 7.570000 -3.997494 0.000000
vt -7.380000 -3.109162 0.000000
vt 7.570000 -3.109162 0.000000
vt -7.380000 -2.220830 0.000000
vt 7.570000 -2.220830 0.000000
vt -7.380000 -1.332498 0.000000
vt 7.570000 -1.332498 0.000000
vt -7.380000 -0.444166 0.000000
vt 7.570000 -0.444166 0.000000
vt -7.380000 0.444166 0.000000
vt 7.570000 0.444166 0.000000
vt -7.380000 1.332498 0.000000
vt 7.570000 1.332498 0.000000
vt -7.380000 2.220830 0.000000
vt 7.570000 2.220830 0.000000
vt -7.380000 3.109162 0.000000
vt 7.570000 3.109162 0.000000
vt -7.380000 3.997494 0.000000
vt 7.570000 3.997494 0.000000
vt -7.380000 4.885825 0.000000
vt 7.570000 4.885825 0.000000
vt -7.380000 5.774157 0.000000
vt 7.570000 5.774157 0.000000
vt -7.380000 6.662489 0.000000
vt 7.570000 6.662489 0.000000
vt -7.380000 7.550821 0.000000
vt 7.570000 7.550821 0.000000
vt -7.380000 8.439153 0.000000
vt 7.570000 8.439153 0.000000
vt 7.570000 9.327485 0.000000
vt -7.380000 9.337262 0.000000
vt 7.570000 10.215817 0.000000
vt -7.380000 10.226525 0.000000
vt 7.570000 11.104149 0.000000
vt -7.380000 11.115788 0.000000
vt 7.570000 11.992481 0.000000
vt -7.380000 12.005051 0.000000
vt 7.570000 12.880812 0.000000
vt -7.380000 12.894314 0.000000
vt 7.570000 13.769144 0.000000
vt -7.380000 13.783577 0.000000
vt 7.570000 14.657476 0.000000
vt -7.380000 14.672841 0.000000
vt 7.570000 15.545808 0.000000
vt -7.380000 15.562104 0.000000
vt 7.570000 16.434140 0.000000
vt -7.380000 16.451367 0.000000
vt 7.570000 17.322472 0.000000
vt -7.380000 17.340630 0.000000
vt 7.570000 18.210804 0.000000
vt -7.380000 18.229893 0.000000
vt 7.570000 19.099136 0.000000
vt -7.380000 19.119156 0.000000
vt 7.570000 19.987468 0.000000
vt -7.380000 20.008419 0.000000
vt 7.570000 20.875799 0.000000
vt 7.280000 20.875799 0.000000
vt -7.380000 20.899069 0.000000
vt 7.165601 20.899069 0.000000
vt 7.068939 20.965021 0.000000
vt 7.004488 21.063248 0.000000
vt 6.981753 21.179301 0.000000
vt -7.380000 21.786945 0.000000
vt 6.981753 21.584397 0.000000
vt -7.380000 -21.786945 0.000000
vt 6.981753 -21.989493 0.000000
vt 6.981753 -21.584397 0.000000
vt 6.981753 -21.179301 0.000000
vt -7.380000 -20.899171 0.000000
vt -21.741753 -21.179301 0.000000
vt -21.764387 -21.063496 0.000000
vt -21.828793 -20.965169 0.000000
vt -21.925359 -20.899171 0.000000
vt -22.040000 -20.875799 0.000000
vt -22.330000 -19.987468 0.000000
vt -22.330000 -19.099136 0.000000
vt -22.330000 -18.210804 0.000000
vt -22.330000 -17.322472 0.000000
vt -22.330000 -16.434140 0.000000
vt -22.330000 -15.545808 0.000000
vt -22.330000 -14.657476 0.000000
vt -22.330000 -13.769144 0.000000
vt -22.330000 -12.880812 0.000000
vt -22.330000 -11.992481 0.000000
vt -22.330000 -11.104149 0.000000
vt -22.330000 -10.215817 0.000000
vt -22.330000 -9.327485 0.000000
vt -22.330000 -8.439153 0.000000
vt -22.330000 -7.550821 0.000000
vt -22.330000 -6.662489 0.000000
vt -22.330000 -5.774157 0.000000
vt -22.330000 -4.885825 0.000000
vt -22.330000 -3.997494 0.000000
vt -22.330000 -3.109162 0.000000
vt -22.330000 -2.220830 0.000000
vt -22.330000 -1.332498 0.000000
vt -22.330000 -0.444166 0.000000
vt -22.330000 0.444166 0.000000
vt -22.330000 1.332498 0.000000
vt -22.330000 2.220830 0.000000
vt -22.330000 3.109162 0.000000
vt -22.330000 3.997494 0.000000
vt -22.330000 4.885825 0.000000
vt -22.330000 5.774157 0.000000
vt -22.330000 6.662489 0.000000
vt -22.330000 7.550821 0.000000
vt -22.330000 8.439153 0.000000
vt -22.330000 9.327485 0.000000
vt -22.330000 10.215817 0.000000
vt -22.330000 11.104149 0.000000
vt -22.330000 11.992481 0.000000
vt -22.330000 12.880812 0.000000
vt -22.330000 13.769144 0.000000
vt -22.330000 14.657476 0.000000
vt -22.330000 15.545808 0.000000
vt -22.330000 16.434140 0.000000
vt -22.330000 17.322472 0.000000
vt -22.330000 18.210804 0.000000
vt -22.330000 19.099136 0.000000
vt -22.330000 19.987468 0.000000
vt -22.330000 20.875799 0.000000
vt -22.040000 20.875799 0.000000
vt -21.925601 20.899069 0.000000
vt -21.828939 20.965021 0.000000
vt -21.764488 21.063248 0.000000
vt -21.741753 21.179301 0.000000
vt -21.741753 21.584397 0.000000
vt -21.741753 21.989493 0.000000
vt -21.741753 -21.584397 0.000000
vt 7.004387 -21.063496 0.000000
vt 7.068793 -20.965169 0.000000
vt 7.165359 -20.899171 0.000000
vt -22.330000 -20.875799 0.000000
vt 0.070711 -19.800880 0.000000
vt 0.000000 -19.915415 0.000000
vt 0.070711 -20.680919 0.000000
vt -0.000000 -20.800544 0.000000
vt 0.055423 -20.749763 0.000000
vt 0.014635 -20.810586 0.000000
vt 0.000000 -19.030285 0.000000
vt 0.070711 -18.920841 0.000000
vt 0.000000 -18.145156 0.000000
vt 0.070711 -18.040802 0.000000
vt 0.000000 -17.260026 0.000000
vt 0.070711 -17.160763 0.000000
vt -0.000000 -16.374896 0.000000
vt 0.070711 -16.280724 0.000000
vt -0.000000 -15.489767 0.000000
vt 0.070711 -15.400685 0.000000
vt 0.000000 -14.604637 0.000000
vt 0.070711 -14.520646 0.000000
vt -0.000000 -13.719508 0.000000
vt 0.070711 -13.640606 0.000000
vt -0.000000 -12.834378 0.000000
vt 0.070711 -12.760567 0.000000
vt 0.000000 -11.949249 0.000000
vt 0.070711 -11.880528 0.000000
vt 0.000000 -11.064119 0.000000
vt 0.070711 -11.000489 0.000000
vt 0.000000 -10.178990 0.000000
vt 0.070711 -10.120450 0.000000
vt 0.000000 -9.293860 0.000000
vt 0.070711 -9.240411 0.000000
vt 0.000000 -8.408731 0.000000
vt 0.070711 -8.360372 0.000000
vt 0.000000 -7.523601 0.000000
vt 0.070711 -7.480333 0.000000
vt 0.000000 -6.638472 0.000000
vt 0.070711 -6.600293 0.000000
vt -0.000000 -5.753342 0.000000
vt 0.070711 -5.720254 0.000000
vt -0.000000 -4.868212 0.000000
vt 0.070711 -4.840215 0.000000
vt -0.000000 -3.983083 0.000000
vt 0.070711 -3.960176 0.000000
vt 0.000000 -3.097953 0.000000
vt 0.070711 -3.080137 0.000000
vt 0.000000 -2.212824 0.000000
vt 0.070711 -2.200098 0.000000
vt 0.000000 -1.327694 0.000000
vt 0.070711 -1.320059 0.000000
vt 0.000000 -0.442565 0.000000
vt 0.070711 -0.440020 0.000000
vt 0.070711 0.440020 0.000000
vt 0.000000 0.442565 0.000000
vt 0.070711 1.320059 0.000000
vt 0.000000 1.327694 0.000000
vt 0.070711 2.200098 0.000000
vt 0.000000 2.212824 0.000000
vt 0.070711 3.080137 0.000000
vt 0.000000 3.097953 0.000000
vt 0.070711 3.960176 0.000000
vt 0.000000 3.983083 0.000000
vt 0.070711 4.840215 0.000000
vt 0.000000 4.868212 0.000000
vt 0.070711 5.720254 0.000000
vt 0.000000 5.753342 0.000000
vt 0.070711 6.600293 0.000000
vt -0.000000 6.638472 0.000000
vt 0.070711 7.480333 0.000000
vt 0.000000 7.523601 0.000000
vt 0.070711 8.360372 0.000000
vt -0.000000 8.408731 0.000000
vt 0.070711 9.240411 0.000000
vt -0.000000 9.293860 0.000000
vt 0.070711 10.120450 0.000000
vt -0.000000 10.178990 0.000000
vt 0.070711 11.000489 0.000000
vt -0.000000 11.064119 0.000000
vt 0.070711 11.880528 0.000000
vt -0.000000 11.949249 0.000000
vt 0.070711 12.760567 0.000000
vt -0.000000 12.834378 0.000000
vt 0.070711 13.640606 0.000000
vt -0.000000 13.719508 0.000000
vt 0.070711 14.520646 0.000000
vt -0.000000 14.604637 0.000000
vt 0.070711 15.400685 0.000000
vt -0.000000 15.489767 0.000000
vt 0.070711 16.280724 0.000000
vt -0.000000 16.374896 0.000000
vt 0.070711 17.160763 0.000000
vt 0.000000 17.260026 0.000000
vt 0.070711 18.040802 0.000000
vt 0.000000 18.145156 0.000000
vt 0.070711 18.920841 0.000000
vt -0.000000 19.030285 0.000000
vt 0.070711 19.800880 0.000000
vt -0.000000 19.915415 0.000000
vt 0.070711 20.680919 0.000000
vt 0.055423 20.749763 0.000000
vt 0.014635 20.810586 0.000000
vt 0.000000 20.800544 0.000000
vt -7.590000 19.040685 0.000000
vt -7.464487 19.106730 0.000000
vt -7.590000 19.906170 0.000000
vt -7.464487 19.975217 0.000000
vt -7.548072 19.956660 0.000000
vt -7.491387 19.992336 0.000000
vt -7.464487 18.238243 0.000000
vt -7.590000 18.175199 0.000000
vt -7.464487 17.369755 0.000000
vt -7.590000 17.309713 0.000000
vt -7.464487 16.501268 0.000000
vt -7.590000 16.444228 0.000000
vt -7.464487 15.632781 0.000000
vt -7.590000 15.578742 0.000000
vt -7.464487 14.764294 0.000000
vt -7.590000 14.713256 0.000000
vt -7.464487 13.895807 0.000000
vt -7.590000 13.847771 0.000000
vt -7.464487 13.027320 0.000000
vt -7.590000 12.982285 0.000000
vt -7.464487 12.158833 0.000000
vt -7.590000 12.116799 0.000000
vt -7.464487 11.290346 0.000000
vt -7.590000 11.251314 0.000000
vt -7.464487 10.421859 0.000000
vt -7.590000 10.385828 0.000000
vt -7.464487 9.553371 0.000000
vt -7.590000 9.520342 0.000000
vt -7.464487 8.684884 0.000000
vt -7.590000 8.654857 0.000000
vt -7.464487 7.816397 0.000000
vt -7.590000 7.789371 0.000000
vt -7.464487 6.947910 0.000000
vt -7.590000 6.923885 0.000000
vt -7.464487 6.079423 0.000000
vt -7.590000 6.058400 0.000000
vt -7.464487 5.210936 0.000000
vt -7.590000 5.192914 0.000000
vt -7.464487 4.342449 0.000000
vt -7.590000 4.327428 0.000000
vt -7.464487 3.473962 0.000000
vt -7.590000 3.461943 0.000000
vt -7.464487 2.605475 0.000000
vt -7.590000 2.596457 0.000000
vt -7.464487 1.736988 0.000000
vt -7.590000 1.730971 0.000000
vt -7.464487 0.868500 0.000000
vt -7.590000 0.865486 0.000000
vt -7.464487 0.000013 0.000000
vt -7.590000 -0.000000 0.000000
vt -7.590000 -0.865486 0.000000
vt -7.464487 -0.868474 0.000000
vt -7.590000 -1.730971 0.000000
vt -7.464487 -1.736961 0.000000
vt -7.590000 -2.596457 0.000000
vt -7.464487 -2.605448 0.000000
vt -7.590000 -3.461943 0.000000
vt -7.464487 -3.473935 0.000000
vt -7.590000 -4.327428 0.000000
vt -7.464487 -4.342422 0.000000
vt -7.590000 -5.192914 0.000000
vt -7.464487 -5.210909 0.000000
vt -7.590000 -6.058400 0.000000
vt -7.464487 -6.079396 0.000000
vt -7.590000 -6.923885 0.000000
vt -7.464487 -6.947883 0.000000
vt -7.590000 -7.789371 0.000000
vt -7.464487 -7.816371 0.000000
vt -7.590000 -8.654857 0.000000
vt -7.464487 -8.684858 0.000000
vt -7.590000 -9.520342 0.000000
vt -7.464487 -9.553345 0.000000
vt -7.590000 -10.385828 0.000000
vt -7.464487 -10.421832 0.000000
vt -7.590000 -11.251314 0.000000
vt -7.464487 -11.290319 0.000000
vt -7.590000 -12.116799 0.000000
vt -7.464487 -12.158806 0.000000
vt -7.590000 -12.982285 0.000000
vt -7.464487 -13.027293 0.000000
vt -7.590000 -13.847771 0.000000
vt -7.464487 -13.895780 0.000000
vt -7.590000 -14.713256 0.000000
vt -7.464487 -14.764267 0.000000
vt -7.590000 -15.578742 0.000000
vt -7.464487 -15.632755 0.000000
vt -7.590000 -16.444228 0.000000
vt -7.464487 -16.501242 0.000000
vt -7.590000 -17.309713 0.000000
vt -7.464487 -17.369729 0.000000
vt -7.590000 -18.175199 0.000000
vt -7.464487 -18.238216 0.000000
vt -7.590000 -19.040685 0.000000
vt -7.464487 -19.106703 0.000000
vt -7.590000 -19.906170 0.000000
vt -7.464487 -19.975190 0.000000
vt -7.548080 -19.956654 0.000000
vt -7.491415 -19.992324 0.000000
vt -0.231753 -19.978010 0.000000
vt -0.231753 -19.109401 0.000000
vt -0.238214 -19.977378 0.000000
vt -0.272956 -19.149332 0.000000
vt -0.258419 -19.978230 0.000000
vt -0.277964 -19.982793 0.000000
vt -0.314159 -19.130830 0.000000
vt -0.314159 -20.000414 0.000000
vt -0.272956 -18.298250 0.000000
vt -0.231753 -18.240791 0.000000
vt -0.272956 -17.447168 0.000000
vt -0.231753 -17.372181 0.000000
vt -0.272956 -16.596086 0.000000
vt -0.231753 -16.503572 0.000000
vt -0.272956 -15.745004 0.000000
vt -0.231753 -15.634962 0.000000
vt -0.272956 -14.893922 0.000000
vt -0.231753 -14.766353 0.000000
vt -0.272956 -14.042840 0.000000
vt -0.231753 -13.897743 0.000000
vt -0.272956 -13.191758 0.000000
vt -0.231753 -13.029133 0.000000
vt -0.272956 -12.340676 0.000000
vt -0.231753 -12.160524 0.000000
vt -0.272956 -11.489594 0.000000
vt -0.231753 -11.291914 0.000000
vt -0.272956 -10.638512 0.000000
vt -0.231753 -10.423305 0.000000
vt -0.272956 -9.787430 0.000000
vt -0.231753 -9.554695 0.000000
vt -0.272956 -8.936348 0.000000
vt -0.231753 -8.686086 0.000000
vt -0.272956 -8.085266 0.000000
vt -0.231753 -7.817476 0.000000
vt -0.272956 -7.234184 0.000000
vt -0.231753 -6.948866 0.000000
vt -0.272956 -6.383102 0.000000
vt -0.231753 -6.080257 0.000000
vt -0.272956 -5.532020 0.000000
vt -0.231753 -5.211647 0.000000
vt -0.272956 -4.680938 0.000000
vt -0.231753 -4.343038 0.000000
vt -0.272956 -3.829856 0.000000
vt -0.231753 -3.474428 0.000000
vt -0.272956 -2.978774 0.000000
vt -0.231753 -2.605818 0.000000
vt -0.272956 -2.127692 0.000000
vt -0.231753 -1.737209 0.000000
vt -0.272956 -1.276610 0.000000
vt -0.231753 -0.868599 0.000000
vt -0.272956 -0.425528 0.000000
vt -0.231753 0.000010 0.000000
vt -0.272956 0.425554 0.000000
vt -0.231753 0.868620 0.000000
vt -0.272956 1.276636 0.000000
vt -0.231753 1.737229 0.000000
vt -0.272956 2.127718 0.000000
vt -0.231753 2.605839 0.000000
vt -0.272956 2.978800 0.000000
vt -0.231753 3.474449 0.000000
vt -0.272956 3.829882 0.000000
vt -0.231753 4.343058 0.000000
vt -0.272956 4.680965 0.000000
vt -0.231753 5.211668 0.000000
vt -0.272956 5.532047 0.000000
vt -0.231753 6.080277 0.000000
vt -0.272956 6.383129 0.000000
vt -0.231753 6.948887 0.000000
vt -0.272956 7.234211 0.000000
vt -0.231753 7.817497 0.000000
vt -0.272956 8.085293 0.000000
vt -0.231753 8.686106 0.000000
vt -0.272956 8.936375 0.000000
vt -0.231753 9.554716 0.000000
vt -0.272956 9.787457 0.000000
vt -0.231753 10.423325 0.000000
vt -0.272956 10.638539 0.000000
vt -0.231753 11.291935 0.000000
vt -0.272956 11.489621 0.000000
vt -0.231753 12.160544 0.000000
vt -0.272956 12.340703 0.000000
vt -0.231753 13.029154 0.000000
vt -0.272956 13.191785 0.000000
vt -0.231753 13.897764 0.000000
vt -0.272956 14.042867 0.000000
vt -0.231753 14.766373 0.000000
vt -0.272956 14.893949 0.000000
vt -0.231753 15.634983 0.000000
vt -0.272956 15.745031 0.000000
vt -0.231753 16.503592 0.000000
vt -0.272956 16.596113 0.000000
vt -0.231753 17.372202 0.000000
vt -0.272956 17.447195 0.000000
vt -0.231753 18.240812 0.000000
vt -0.272956 18.298277 0.000000
vt -0.231753 19.109421 0.000000
vt -0.272956 19.149359 0.000000
vt -0.231753 19.978031 0.000000
vt -0.238214 19.977398 0.000000
vt -0.258420 19.978252 0.000000
vt -0.277965 19.982816 0.000000
vt -0.314159 19.130857 0.000000
vt -0.314159 20.000441 0.000000
vt -0.314159 18.261273 0.000000
vt -0.314159 17.391690 0.000000
vt -0.314159 16.522106 0.000000
vt -0.314159 15.652522 0.000000
vt -0.314159 14.782938 0.000000
vt -0.314159 13.913354 0.000000
vt -0.314159 13.043771 0.000000
vt -0.314159 12.174187 0.000000
vt -0.314159 11.304603 0.000000
vt -0.314159 10.435019 0.000000
vt -0.314159 9.565435 0.000000
vt -0.314159 8.695851 0.000000
vt -0.314159 7.826268 0.000000
vt -0.314159 6.956684 0.000000
vt -0.314159 6.087100 0.000000
vt -0.314159 5.217516 0.000000
vt -0.314159 4.347932 0.000000
vt -0.314159 3.478349 0.000000
vt -0.314159 2.608765 0.000000
vt -0.314159 1.739181 0.000000
vt -0.314159 0.869597 0.000000
vt -0.314159 0.000013 0.000000
vt -0.314159 -0.869570 0.000000
vt -0.314159 -1.739154 0.000000
vt -0.314159 -2.608738 0.000000
vt -0.314159 -3.478322 0.000000
vt -0.314159 -4.347906 0.000000
vt -0.314159 -5.217489 0.000000
vt -0.314159 -6.087073 0.000000
vt -0.314159 -6.956657 0.000000
vt -0.314159 -7.826241 0.000000
vt -0.314159 -8.695825 0.000000
vt -0.314159 -9.565409 0.000000
vt -0.314159 -10.434992 0.000000
vt -0.314159 -11.304576 0.000000
vt -0.314159 -12.174160 0.000000
vt -0.314159 -13.043744 0.000000
vt -0.314159 -13.913328 0.000000
vt -0.314159 -14.782911 0.000000
vt -0.314159 -15.652495 0.000000
vt -0.314159 -16.522079 0.000000
vt -0.314159 -17.391663 0.000000
vt -0.314159 -18.261247 0.000000
vt -0.135970 20.208644 0.000000
vt -0.135970 19.330008 0.000000
vt -0.071457 20.215963 0.000000
vt -0.047450 19.416557 0.000000
vt -0.006727 20.218860 0.000000
vt 0.041070 19.416557 0.000000
vt 0.041349 20.227092 0.000000
vt 0.072349 20.240511 0.000000
vt 0.129591 19.416557 0.000000
vt 0.129591 20.279515 0.000000
vt -0.047450 18.553599 0.000000
vt -0.135970 18.451371 0.000000
vt -0.047450 17.690641 0.000000
vt -0.135970 17.572735 0.000000
vt -0.047450 16.827683 0.000000
vt -0.135970 16.694099 0.000000
vt -0.047450 15.964725 0.000000
vt -0.135970 15.815463 0.000000
vt -0.047450 15.101767 0.000000
vt -0.135970 14.936826 0.000000
vt -0.047450 14.238809 0.000000
vt -0.135970 14.058190 0.000000
vt -0.047450 13.375851 0.000000
vt -0.135970 13.179554 0.000000
vt -0.047450 12.512893 0.000000
vt -0.135970 12.300918 0.000000
vt -0.047450 11.649935 0.000000
vt -0.135970 11.422282 0.000000
vt -0.047450 10.786977 0.000000
vt -0.135970 10.543645 0.000000
vt -0.047450 9.924019 0.000000
vt -0.135970 9.665009 0.000000
vt -0.047450 9.061061 0.000000
vt -0.135970 8.786373 0.000000
vt -0.047450 8.198103 0.000000
vt -0.135970 7.907737 0.000000
vt -0.047450 7.335145 0.000000
vt -0.135970 7.029100 0.000000
vt -0.047450 6.472187 0.000000
vt -0.135970 6.150464 0.000000
vt -0.047450 5.609229 0.000000
vt -0.135970 5.271828 0.000000
vt -0.047450 4.746271 0.000000
vt -0.135970 4.393192 0.000000
vt -0.047450 3.883313 0.000000
vt -0.135970 3.514555 0.000000
vt -0.047450 3.020355 0.000000
vt -0.135970 2.635919 0.000000
vt -0.047450 2.157397 0.000000
vt -0.135970 1.757283 0.000000
vt -0.047450 1.294439 0.000000
vt -0.135970 0.878647 0.000000
vt -0.047450 0.431481 0.000000
vt -0.135970 0.000010 0.000000
vt -0.047450 -0.431477 0.000000
vt -0.135970 -0.878626 0.000000
vt -0.047450 -1.294435 0.000000
vt -0.135970 -1.757262 0.000000
vt -0.047450 -2.157393 0.000000
vt -0.135970 -2.635898 0.000000
vt -0.047450 -3.020351 0.000000
vt -0.135970 -3.514535 0.000000
vt -0.047450 -3.883309 0.000000
vt -0.135970 -4.393171 0.000000
vt -0.047450 -4.746267 0.000000
vt -0.135970 -5.271807 0.000000
vt -0.047450 -5.609225 0.000000
vt -0.135970 -6.150443 0.000000
vt -0.047450 -6.472183 0.000000
vt -0.135970 -7.029080 0.000000
vt -0.047450 -7.335141 0.000000
vt -0.135970 -7.907716 0.000000
vt -0.047450 -8.198099 0.000000
vt -0.135970 -8.786352 0.000000
vt -0.047450 -9.061057 0.000000
vt -0.135970 -9.664988 0.000000
vt -0.047450 -9.924015 0.000000
vt -0.135970 -10.543624 0.000000
vt -0.047450 -10.786973 0.000000
vt -0.135970 -11.422261 0.000000
vt -0.047450 -11.649931 0.000000
vt -0.135970 -12.300897 0.000000
vt -0.047450 -12.512889 0.000000
vt -0.135970 -13.179533 0.000000
vt -0.047450 -13.375847 0.000000
vt -0.135970 -14.058169 0.000000
vt -0.047450 -14.238805 0.000000
vt -0.135970 -14.936806 0.000000
vt -0.047450 -15.101763 0.000000
vt -0.135970 -15.815442 0.000000
vt -0.047450 -15.964721 0.000000
vt -0.135970 -16.694078 0.000000
vt -0.047450 -16.827679 0.000000
vt -0.135970 -17.572714 0.000000
vt -0.047450 -17.690637 0.000000
vt -0.135970 -18.451351 0.000000
vt -0.047450 -18.553595 0.000000
vt -0.135970 -19.329987 0.000000
vt -0.047450 -19.416553 0.000000
vt -0.074688 -20.215677 0.000000
vt -0.006726 -20.218841 0.000000
vt -0.135970 -20.208623 0.000000
vt 0.041070 -19.416553 0.000000
vt 0.041355 -20.227076 0.000000
vt 0.072358 -20.240501 0.000000
vt 0.129591 -20.279511 0.000000
vt 0.129591 -19.416553 0.000000
vt 0.041070 -18.553595 0.000000
vt 0.129591 -18.553595 0.000000
vt 0.041070 -17.690637 0.000000
vt 0.129591 -17.690637 0.000000
vt 0.041070 -16.827679 0.000000
vt 0.129591 -16.827679 0.000000
vt 0.041070 -15.964721 0.000000
vt 0.129591 -15.964721 0.000000
vt 0.041070 -15.101763 0.000000
vt 0.129591 -15.101763 0.000000
vt 0.041070 -14.238805 0.000000
vt 0.129591 -14.238805 0.000000
vt 0.041070 -13.375847 0.000000
vt 0.129591 -13.375847 0.000000
vt 0.041070 -12.512889 0.000000
vt 0.129591 -12.512889 0.000000
vt 0.041070 -11.649931 0.000000
vt 0.129591 -11.649931 0.000000
vt 0.041070 -10.786973 0.000000
vt 0.129591 -10.786973 0.000000
vt 0.041070 -9.924015 0.000000
vt 0.129591 -9.924015 0.000000
vt 0.041070 -9.061057 0.000000
vt 0.129591 -9.061057 0.000000
vt 0.041070 -8.198099 0.000000
vt 0.129591 -8.198099 0.000000
vt 0.041070 -7.335141 0.000000
vt 0.129591 -7.335141 0.000000
vt 0.041070 -6.472183 0.000000
vt 0.129591 -6.472183 0.000000
vt 0.041070 -5.609225 0.000000
vt 0.129591 -5.609225 0.000000
vt 0.041070 -4.746267 0.000000
vt 0.129591 -4.746267 0.000000
vt 0.041070 -3.883309 0.000000
vt 0.129591 -3.883309 0.000000
vt 0.041070 -3.020351 0.000000
vt 0.129591 -3.020351 0.000000
vt 0.041070 -2.157393 0.000000
vt 0.129591 -2.157393 0.000000
vt 0.041070 -1.294435 0.000000
vt 0.129591 -1.294435 0.000000
vt 0.041070 -0.431477 0.000000
vt 0.129591 -0.431477 0.000000
vt 0.041070 0.431481 0.000000
vt 0.129591 0.431481 0.000000
vt 0.041070 1.294439 0.000000
vt 0.129591 1.294439 0.000000
vt 0.041070 2.157397 0.000000
vt 0.129591 2.157397 0.000000
vt 0.041070 3.020355 0.000000
vt 0.129591 3.020355 0.000000
vt 0.041070 3.883313 0.000000
vt 0.129591 3.883313 0.000000
vt 0.041070 4.746271 0.000000
vt 0.129591 4.746271 0.000000
vt 0.041070 5.609229 0.000000
vt 0.129591 5.609229 0.000000
vt 0.041070 6.472187 0.000000
vt 0.129591 6.472187 0.000000
vt 0.041070 7.335145 0.000000
vt 0.129591 7.335145 0.000000
vt 0.041070 8.198103 0.000000
vt 0.129591 8.198103 0.000000
vt 0.041070 9.061061 0.000000
vt 0.129591 9.061061 0.000000
vt 0.041070 9.924019 0.000000
vt 0.129591 9.924019 0.000000
vt 0.041070 10.786977 0.000000
vt 0.129591 10.786977 0.000000
vt 0.041070 11.649935 0.000000
vt 0.129591 11.649935 0.000000
vt 0.041070 12.512893 0.000000
vt 0.129591 12.512893 0.000000
vt 0.041070 13.375851 0.000000
vt 0.129591 13.375851 0.000000
vt 0.041070 14.238809 0.000000
vt 0.129591 14.238809 0.000000
vt 0.041070 15.101767 0.000000
vt 0.129591 15.101767 0.000000
vt 0.041070 15.964725 0.000000
vt 0.129591 15.964725 0.000000
vt 0.041070 16.827683 0.000000
vt 0.129591 16.827683 0.000000
vt 0.041070 17.690641 0.000000
vt 0.129591 17.690641 0.000000
vt 0.041070 18.553599 0.000000
vt 0.129591 18.553599 0.000000
vt 0.471239 0.860197 0.000000
vt 0.412334 0.422591 0.000000
vt 0.471239 0.000000 0.000000
vt 0.412334 -0.422594 0.000000
vt 0.471239 -0.860197 0.000000
vt 0.412334 -1.267779 0.000000
vt 0.471239 -1.720393 0.000000
vt 0.412334 -2.106604 0.000000
vt 0.471239 -2.580590 0.000000
vt 0.412334 -2.949246 0.000000
vt 0.471239 -3.440786 0.000000
vt 0.412334 -3.791887 0.000000
vt 0.471239 -4.300983 0.000000
vt 0.412334 -4.634529 0.000000
vt 0.471239 -5.161180 0.000000
vt 0.412334 -5.477170 0.000000
vt 0.471239 -6.021376 0.000000
vt 0.412334 -6.319812 0.000000
vt 0.471239 -6.881573 0.000000
vt 0.412334 -7.162453 0.000000
vt 0.471239 -7.741770 0.000000
vt 0.412334 -8.005095 0.000000
vt 0.471239 -8.601966 0.000000
vt 0.412334 -8.847737 0.000000
vt 0.471239 -9.462163 0.000000
vt 0.412334 -9.690378 0.000000
vt 0.471239 -10.322359 0.000000
vt 0.412334 -10.533020 0.000000
vt 0.471239 -11.182556 0.000000
vt 0.412334 -11.375661 0.000000
vt 0.471239 -12.042753 0.000000
vt 0.412334 -12.218303 0.000000
vt 0.471239 -12.902949 0.000000
vt 0.412334 -13.060945 0.000000
vt 0.471239 -13.763146 0.000000
vt 0.412334 -13.903586 0.000000
vt 0.471239 -14.623342 0.000000
vt 0.412334 -14.746228 0.000000
vt 0.471239 -15.483539 0.000000
vt 0.412334 -15.588869 0.000000
vt 0.471239 -16.343736 0.000000
vt 0.412334 -16.431511 0.000000
vt 0.471239 -17.203932 0.000000
vt 0.412334 -17.274152 0.000000
vt 0.471239 -18.064129 0.000000
vt 0.412334 -18.116794 0.000000
vt 0.471239 -18.924326 0.000000
vt 0.412334 -18.959436 0.000000
vt 0.471239 -19.784522 0.000000
vt 0.412334 -19.802077 0.000000
vt 0.471239 -20.644719 0.000000
vt 0.412334 -20.644719 0.000000
vt 0.471239 20.644719 0.000000
vt 0.412334 20.644719 0.000000
vt 0.412334 19.802077 0.000000
vt 0.383312 20.276014 0.000000
vt 0.393017 20.060953 0.000000
vt 0.412334 1.267776 0.000000
vt 0.471239 1.720393 0.000000
vt 0.412334 2.106604 0.000000
vt 0.471239 2.580590 0.000000
vt 0.412334 2.949246 0.000000
vt 0.471239 3.440786 0.000000
vt 0.412334 3.791887 0.000000
vt 0.471239 4.300983 0.000000
vt 0.412334 4.634529 0.000000
vt 0.471239 5.161180 0.000000
vt 0.412334 5.477170 0.000000
vt 0.471239 6.021376 0.000000
vt 0.412334 6.319812 0.000000
vt 0.471239 6.881573 0.000000
vt 0.412334 7.162453 0.000000
vt 0.471239 7.741770 0.000000
vt 0.412334 8.005095 0.000000
vt 0.471239 8.601966 0.000000
vt 0.412334 8.847737 0.000000
vt 0.471239 9.462163 0.000000
vt 0.412334 9.690378 0.000000
vt 0.471239 10.322359 0.000000
vt 0.412334 10.533020 0.000000
vt 0.471239 11.182556 0.000000
vt 0.412334 11.375661 0.000000
vt 0.471239 12.042753 0.000000
vt 0.412334 12.218303 0.000000
vt 0.471239 12.902949 0.000000
vt 0.412334 13.060945 0.000000
vt 0.471239 13.763146 0.000000
vt 0.412334 13.903586 0.000000
vt 0.471239 14.623342 0.000000
vt 0.412334 14.746228 0.000000
vt 0.471239 15.483539 0.000000
vt 0.412334 15.588869 0.000000
vt 0.471239 16.343736 0.000000
vt 0.412334 16.431511 0.000000
vt 0.471239 17.203932 0.000000
vt 0.412334 17.274152 0.000000
vt 0.471239 18.064129 0.000000
vt 0.412334 18.116794 0.000000
vt 0.471239 18.924326 0.000000
vt 0.412334 18.959436 0.000000
vt 0.471239 19.784522 0.000000
vt 0.384171 19.983069 0.000000
vt 0.353429 19.921612 0.000000
vt 0.353429 19.073883 0.000000
vt 0.353429 18.226155 0.000000
vt 0.353429 17.378427 0.000000
vt 0.353429 16.530699 0.000000
vt 0.353429 15.682970 0.000000
vt 0.353429 14.835242 0.000000
vt 0.353429 13.987514 0.000000
vt 0.353429 13.139786 0.000000
vt 0.353429 12.292057 0.000000
vt 0.353429 11.444329 0.000000
vt 0.353429 10.596601 0.000000
vt 0.353429 9.748873 0.000000
vt 0.353429 8.901144 0.000000
vt 0.353429 8.053416 0.000000
vt 0.353429 7.205688 0.000000
vt 0.353429 6.357959 0.000000
vt 0.353429 5.510231 0.000000
vt 0.353429 4.662503 0.000000
vt 0.353429 3.814775 0.000000
vt 0.353429 2.967046 0.000000
vt 0.353429 2.119318 0.000000
vt 0.353429 1.271590 0.000000
vt 0.353429 0.423862 0.000000
vt 0.353429 -0.423867 0.000000
vt 0.353429 -1.271595 0.000000
vt 0.353429 -2.119323 0.000000
vt 0.353429 -2.967051 0.000000
vt 0.353429 -3.814780 0.000000
vt 0.353429 -4.662508 0.000000
vt 0.353429 -5.510236 0.000000
vt 0.353429 -6.357964 0.000000
vt 0.353429 -7.205693 0.000000
vt 0.353429 -8.053421 0.000000
vt 0.353429 -8.901149 0.000000
vt 0.353429 -9.748877 0.000000
vt 0.353429 -10.596606 0.000000
vt 0.353429 -11.444334 0.000000
vt 0.353429 -12.292062 0.000000
vt 0.353429 -13.139791 0.000000
vt 0.353429 -13.987519 0.000000
vt 0.353429 -14.835247 0.000000
vt 0.353429 -15.682975 0.000000
vt 0.353429 -16.530704 0.000000
vt 0.353429 -17.378432 0.000000
vt 0.353429 -18.226160 0.000000
vt 0.353429 -19.073888 0.000000
vt 0.353429 -19.921617 0.000000
vt 0.381797 -19.975389 0.000000
vt 0.393260 -20.045229 0.000000
vt 0.383312 -20.275928 0.000000
vt 0.383312 -20.521760 0.000000
vt 0.383312 20.767677 0.000000
vt 0.383312 20.521846 0.000000
vt -6.987023 -0.858702 0.000000
vt -4.663744 -0.858702 0.000000
vt -6.987023 -0.000000 0.000000
vt -4.663744 0.000000 0.000000
vt -6.987023 0.858702 0.000000
vt -4.663744 0.858702 0.000000
vt -6.987023 1.717404 0.000000
vt -4.663744 1.717404 0.000000
vt -6.987023 2.576106 0.000000
vt -4.663744 2.576106 0.000000
vt -6.987023 3.434808 0.000000
vt -4.663744 3.434808 0.000000
vt -6.987023 4.293510 0.000000
vt -4.663744 4.293510 0.000000
vt -6.987023 5.152212 0.000000
vt -4.663744 5.152212 0.000000
vt -6.987023 6.010914 0.000000
vt -4.663744 6.010914 0.000000
vt -6.987023 6.869616 0.000000
vt -4.663744 6.869616 0.000000
vt -6.987023 7.728318 0.000000
vt -4.663744 7.728318 0.000000
vt -6.987023 8.587020 0.000000
vt -4.663744 8.587020 0.000000
vt -6.987023 9.445722 0.000000
vt -4.663744 9.445722 0.000000
vt -6.987023 10.304424 0.000000
vt -4.663744 10.304424 0.000000
vt -6.987023 11.163126 0.000000
vt -4.663744 11.163126 0.000000
vt -6.987023 12.021828 0.000000
vt -4.663744 12.021828 0.000000
vt -6.987023 12.880530 0.000000
vt -4.663744 12.880530 0.000000
vt -6.987023 13.739232 0.000000
vt -4.663744 13.739232 0.000000
vt -6.987023 14.597934 0.000000
vt -4.663744 14.597934 0.000000
vt -6.987023 15.456636 0.000000
vt -4.663744 15.456636 0.000000
vt -6.987023 16.315338 0.000000
vt -4.663744 16.315338 0.000000
vt -6.987023 17.174040 0.000000
vt -4.663744 17.174040 0.000000
vt -6.987023 18.032742 0.000000
vt -4.663744 18.032742 0.000000
vt -6.987023 18.891444 0.000000
vt -4.663744 18.891444 0.000000
vt -6.987023 19.750146 0.000000
vt -4.663744 19.750146 0.000000
vt -6.987023 20.608848 0.000000
vt -4.663744 20.608848 0.000000
vt -6.987023 -20.608848 0.000000
vt -4.663744 -20.608848 0.000000
vt -6.987023 -19.750146 0.000000
vt -4.663744 -19.750146 0.000000
vt -6.987023 -18.891444 0.000000
vt -4.663744 -18.891444 0.000000
vt -6.987023 -18.032742 0.000000
vt -4.663744 -18.032742 0.000000
vt -6.987023 -17.174040 0.000000
vt -4.663744 -17.174040 0.000000
vt -6.987023 -16.315338 0.000000
vt -4.663744 -16.315338 0.000000
vt -6.987023 -15.456636 0.000000
vt -4.663744 -15.456636 0.000000
vt -6.987023 -14.597934 0.000000
vt -4.663744 -14.597934 0.000000
vt -6.987023 -13.739232 0.000000
vt -4.663744 -13.739232 0.000000
vt -6.987023 -12.880530 0.000000
vt -4.663744 -12.880530 0.000000
vt -6.987023 -12.021828 0.000000
vt -4.663744 -12.021828 0.000000
vt -6.987023 -11.163126 0.000000
vt -4.663744 -11.163126 0.000000
vt -6.987023 -10.304424 0.000000
vt -4.663744 -10.304424 0.000000
vt -6.987023 -9.445722 0.000000
vt -4.663744 -9.445722 0.000000
vt -6.987023 -8.587020 0.000000
vt -4.663744 -8.587020 0.000000
vt -6.987023 -7.728318 0.000000
vt -4.663744 -7.728318 0.000000
vt -6.987023 -6.869616 0.000000
vt -4.663744 -6.869616 0.000000
vt -6.987023 -6.010914 0.000000
vt -4.663744 -6.010914 0.000000
vt -6.987023 -5.152212 0.000000
vt -4.663744 -5.152212 0.000000
vt -6.987023 -4.293510 0.000000
vt -4.663744 -4.293510 0.000000
vt -6.987023 -3.434808 0.000000
vt -4.663744 -3.434808 0.000000
vt -6.987023 -2.576106 0.000000
vt -4.663744 -2.576106 0.000000
vt -6.987023 -1.717404 0.000000
vt -4.663744 -1.717404 0.000000
vt -0.085190 0.729999 0.000000
vt 0.000000 0.798886 0.000000
vt -0.085190 1.585808 0.000000
vt -0.000000 1.651763 0.000000
vt -0.085190 2.441616 0.000000
vt 0.000000 2.504640 0.000000
vt -0.085190 3.297424 0.000000
vt 0.000000 3.357517 0.000000
vt -0.085190 4.153233 0.000000
vt 0.000000 4.210393 0.000000
vt -0.085190 5.009041 0.000000
vt 0.000000 5.063270 0.000000
vt -0.085190 5.864849 0.000000
vt -0.000000 5.916147 0.000000
vt -0.085190 6.720658 0.000000
vt -0.000000 6.769024 0.000000
vt -0.085190 7.576466 0.000000
vt 0.000000 7.621901 0.000000
vt -0.085190 8.432275 0.000000
vt -0.000000 8.474777 0.000000
vt -0.085190 9.288083 0.000000
vt 0.000000 9.327654 0.000000
vt -0.085190 10.143891 0.000000
vt 0.000000 10.180531 0.000000
vt -0.085190 10.999700 0.000000
vt 0.000000 11.033408 0.000000
vt -0.085190 11.855508 0.000000
vt 0.000000 11.886285 0.000000
vt -0.085190 12.711316 0.000000
vt 0.000000 12.739162 0.000000
vt -0.085190 13.567125 0.000000
vt -0.000000 13.592038 0.000000
vt -0.085190 14.422933 0.000000
vt -0.000000 14.444915 0.000000
vt -0.085190 15.278741 0.000000
vt 0.000000 15.297792 0.000000
vt -0.085190 16.134550 0.000000
vt 0.000000 16.150669 0.000000
vt -0.085190 16.990358 0.000000
vt -0.000000 17.003546 0.000000
vt -0.085190 17.846166 0.000000
vt -0.000000 17.856422 0.000000
vt -0.085190 18.701975 0.000000
vt -0.000000 18.709299 0.000000
vt -0.085190 19.557783 0.000000
vt -0.000000 19.562176 0.000000
vt -0.085190 20.413591 0.000000
vt -0.000000 20.415053 0.000000
vt 0.000000 21.267930 0.000000
vt -0.085190 21.269400 0.000000
vt -0.085190 -20.413586 0.000000
vt 0.000000 -20.415057 0.000000
vt -0.000000 -19.562180 0.000000
vt -0.085190 -19.557778 0.000000
vt 0.000000 -18.709303 0.000000
vt -0.085190 -18.701970 0.000000
vt -0.000000 -17.856426 0.000000
vt -0.085190 -17.846161 0.000000
vt 0.000000 -17.003549 0.000000
vt -0.085190 -16.990353 0.000000
vt -0.000000 -16.150672 0.000000
vt -0.085190 -16.134545 0.000000
vt -0.000000 -15.297796 0.000000
vt -0.085190 -15.278736 0.000000
vt 0.000000 -14.444919 0.000000
vt -0.085190 -14.422928 0.000000
vt -0.000000 -13.592042 0.000000
vt -0.085190 -13.567120 0.000000
vt 0.000000 -12.739165 0.000000
vt -0.085190 -12.711311 0.000000
vt -0.000000 -11.886288 0.000000
vt -0.085190 -11.855503 0.000000
vt -0.000000 -11.033412 0.000000
vt -0.085190 -10.999695 0.000000
vt -0.000000 -10.180535 0.000000
vt -0.085190 -10.143886 0.000000
vt -0.000000 -9.327658 0.000000
vt -0.085190 -9.288078 0.000000
vt 0.000000 -8.474781 0.000000
vt -0.085190 -8.432270 0.000000
vt 0.000000 -7.621904 0.000000
vt -0.085190 -7.576461 0.000000
vt 0.000000 -6.769028 0.000000
vt -0.085190 -6.720653 0.000000
vt -0.000000 -5.916151 0.000000
vt -0.085190 -5.864844 0.000000
vt 0.000000 -5.063274 0.000000
vt -0.085190 -5.009036 0.000000
vt 0.000000 -4.210397 0.000000
vt -0.085190 -4.153228 0.000000
vt -0.000000 -3.357520 0.000000
vt -0.085190 -3.297419 0.000000
vt 0.000000 -2.504643 0.000000
vt -0.085190 -2.441611 0.000000
vt 0.000000 -1.651767 0.000000
vt -0.085190 -1.585803 0.000000
vt 0.000000 -0.798890 0.000000
vt -0.085190 -0.729994 0.000000
vt -0.000000 -1.884609 0.000000
vt 0.000000 -1.021726 0.000000
vt -0.042426 -1.784250 0.000000
vt -0.011013 -0.965720 0.000000
vt -0.042426 -0.916805 0.000000
vt -0.042426 -2.651694 0.000000
vt 0.000000 -2.747491 0.000000
vt -0.042426 -3.519139 0.000000
vt 0.000000 -3.610374 0.000000
vt -0.042426 -4.386583 0.000000
vt -0.000000 -4.473257 0.000000
vt -0.042426 -5.254028 0.000000
vt -0.000000 -5.336140 0.000000
vt -0.042426 -6.121472 0.000000
vt 0.000000 -6.199022 0.000000
vt -0.042426 -6.988917 0.000000
vt 0.000000 -7.061905 0.000000
vt -0.042426 -7.856361 0.000000
vt 0.000000 -7.924788 0.000000
vt -0.042426 -8.723806 0.000000
vt 0.000000 -8.787671 0.000000
vt -0.042426 -9.591250 0.000000
vt 0.000000 -9.650553 0.000000
vt -0.042426 -10.458695 0.000000
vt -0.000000 -10.513436 0.000000
vt -0.042426 -11.326139 0.000000
vt -0.000000 -11.376319 0.000000
vt -0.042426 -12.193584 0.000000
vt 0.000000 -12.239202 0.000000
vt -0.042426 -13.061029 0.000000
vt 0.000000 -13.102084 0.000000
vt -0.042426 -13.928473 0.000000
vt 0.000000 -13.964967 0.000000
vt -0.042426 -14.795918 0.000000
vt 0.000000 -14.827850 0.000000
vt -0.042426 -15.663362 0.000000
vt 0.000000 -15.690733 0.000000
vt -0.042426 -16.530807 0.000000
vt -0.000000 -16.553615 0.000000
vt -0.042426 -17.398251 0.000000
vt -0.000000 -17.416498 0.000000
vt -0.042426 -18.265696 0.000000
vt 0.000000 -18.279381 0.000000
vt -0.042426 -19.133140 0.000000
vt -0.000000 -19.142264 0.000000
vt -0.042426 -20.000585 0.000000
vt 0.000000 -20.005146 0.000000
vt -0.042426 -20.868029 0.000000
vt 0.000000 -20.868029 0.000000
vt 0.000000 20.868029 0.000000
vt -0.042426 20.868029 0.000000
vt 0.000000 20.005146 0.000000
vt -0.042426 20.000585 0.000000
vt 0.000000 19.142264 0.000000
vt -0.042426 19.133140 0.000000
vt -0.000000 18.279381 0.000000
vt -0.042426 18.265696 0.000000
vt 0.000000 17.416498 0.000000
vt -0.042426 17.398251 0.000000
vt -0.000000 16.553615 0.000000
vt -0.042426 16.530807 0.000000
vt -0.000000 15.690733 0.000000
vt -0.042426 15.663362 0.000000
vt 0.000000 14.827850 0.000000
vt -0.042426 14.795918 0.000000
vt -0.000000 13.964967 0.000000
vt -0.042426 13.928473 0.000000
vt 0.000000 13.102084 0.000000
vt -0.042426 13.061029 0.000000
vt -0.000000 12.239202 0.000000
vt -0.042426 12.193584 0.000000
vt -0.000000 11.376319 0.000000
vt -0.042426 11.326139 0.000000
vt -0.000000 10.513436 0.000000
vt -0.042426 10.458695 0.000000
vt 0.000000 9.650553 0.000000
vt -0.042426 9.591250 0.000000
vt 0.000000 8.787671 0.000000
vt -0.042426 8.723806 0.000000
vt 0.000000 7.924788 0.000000
vt -0.042426 7.856361 0.000000
vt -0.000000 7.061905 0.000000
vt -0.042426 6.988917 0.000000
vt 0.000000 6.199022 0.000000
vt -0.042426 6.121472 0.000000
vt 0.000000 5.336140 0.000000
vt -0.042426 5.254028 0.000000
vt 0.000000 4.473257 0.000000
vt -0.042426 4.386583 0.000000
vt 0.000000 3.610374 0.000000
vt -0.042426 3.519139 0.000000
vt 0.000000 2.747491 0.000000
vt -0.042426 2.651694 0.000000
vt 0.000000 1.884609 0.000000
vt -0.042426 1.784250 0.000000
vt -0.000000 1.021726 0.000000
vt -0.042426 0.916805 0.000000
vt -0.011013 0.965720 0.000000
vt 6.809025 -1.020000 0.000000
vt 6.578899 -1.020000 0.000000
vt 6.624325 -1.876576 0.000000
vt 6.391339 -1.863625 0.000000
vt 6.332325 -2.702755 0.000000
vt 6.096077 -2.675846 0.000000
vt 5.937754 -3.485155 0.000000
vt 5.698090 -3.442976 0.000000
vt 5.447003 -4.211103 0.000000
vt 5.204083 -4.152087 0.000000
vt 4.868021 -4.868839 0.000000
vt 4.622381 -4.791231 0.000000
vt 4.210188 -5.447710 0.000000
vt 3.962787 -5.349638 0.000000
vt 3.484158 -5.938339 0.000000
vt 3.236416 -5.817897 0.000000
vt 2.701692 -6.332779 0.000000
vt 2.455507 -6.188117 0.000000
vt 1.875464 -6.624640 0.000000
vt 1.633220 -6.454061 0.000000
vt 1.018857 -6.809196 0.000000
vt 0.783411 -6.611246 0.000000
vt 0.145746 -6.883457 0.000000
vt -0.079599 -6.657024 0.000000
vt -0.729725 -6.846220 0.000000
vt -0.941268 -6.590624 0.000000
vt -1.593376 -6.698088 0.000000
vt -1.787075 -6.413164 0.000000
vt -2.431218 -6.441460 0.000000
vt -2.602768 -6.127635 0.000000
vt -3.229678 -6.080494 0.000000
vt -3.374601 -5.738848 0.000000
vt -3.975825 -5.621036 0.000000
vt -4.089569 -5.253354 0.000000
vt -4.657571 -5.070528 0.000000
vt -4.735622 -4.679336 0.000000
vt -5.263874 -4.437888 0.000000
vt -5.301875 -4.026466 0.000000
vt -5.784913 -3.733364 0.000000
vt -5.778785 -3.305745 0.000000
vt -6.212248 -2.968367 0.000000
vt -6.158316 -2.529318 0.000000
vt -6.538957 -2.155288 0.000000
vt -6.434072 -1.710270 0.000000
vt -6.759748 -1.307297 0.000000
vt -6.601407 -0.862401 0.000000
vt -6.871045 -0.438131 0.000000
vt -6.657500 -0.000000 0.000000
vt -6.871045 0.438131 0.000000
vt -6.601407 0.862401 0.000000
vt -6.759748 1.307297 0.000000
vt -6.434072 1.710270 0.000000
vt -6.538957 2.155288 0.000000
vt -6.158316 2.529318 0.000000
vt -6.212248 2.968367 0.000000
vt -5.778785 3.305745 0.000000
vt -5.784913 3.733364 0.000000
vt -5.301875 4.026466 0.000000
vt -5.263874 4.437888 0.000000
vt -4.735622 4.679336 0.000000
vt -4.657571 5.070528 0.000000
vt -4.089569 5.253354 0.000000
vt -3.975825 5.621036 0.000000
vt -3.374601 5.738848 0.000000
vt -3.229678 6.080494 0.000000
vt -2.602768 6.127635 0.000000
vt -2.431218 6.441460 0.000000
vt -1.787075 6.413164 0.000000
vt -1.593376 6.698088 0.000000
vt -0.941268 6.590624 0.000000
vt -0.729725 6.846220 0.000000
vt -0.079599 6.657024 0.000000
vt 0.145746 6.883457 0.000000
vt 0.783411 6.611246 0.000000
vt 1.018857 6.809196 0.000000
vt 1.633220 6.454061 0.000000
vt 1.875464 6.624640 0.000000
vt 2.455507 6.188117 0.000000
vt 2.701692 6.332779 0.000000
vt 3.236416 5.817897 0.000000
vt 3.484158 5.938339 0.000000
vt 3.962787 5.349638 0.000000
vt 4.210188 5.447710 0.000000
vt 4.622381 4.791231 0.000000
vt 4.868021 4.868839 0.000000
vt 5.204083 4.152087 0.000000
vt 5.447003 4.211103 0.000000
vt 5.698090 3.442976 0.000000
vt 5.937754 3.485155 0.000000
vt 6.096077 2.675846 0.000000
vt 6.332325 2.702755 0.000000
vt 6.391339 1.863625 0.000000
vt 6.624325 1.876576 0.000000
vt 6.578899 1.020000 0.000000
vt 6.809025 1.020000 0.000000
vt -0.137560 0.329867 0.000000
vt -0.243204 0.329867 0.000000
vt -0.132943 0.280193 0.000000
vt -0.359228 0.246261 0.000000
vt -0.119349 0.230519 0.000000
vt -0.363771 0.179170 0.000000
vt -0.068717 0.131171 0.000000
vt -0.370526 0.113631 0.000000
vt -0.105446 0.067564 0.000000
vt -0.355441 0.057345 0.000000
vt -0.125975 -0.000000 0.000000
vt -0.356101 -0.000000 0.000000
vt 0.334640 -0.659734 0.000000
vt 0.332560 -0.607167 0.000000
vt 0.104770 -0.659734 0.000000
vt 0.115741 -0.577395 0.000000
vt 0.316057 -0.558988 0.000000
vt 0.126549 -0.495114 0.000000
vt 0.262671 -0.481976 0.000000
vt 0.214807 -0.409754 0.000000
vt 0.134571 -0.412721 0.000000
vt 0.201368 -0.366198 0.000000
vt 0.137560 -0.329867 0.000000
vt 0.199177 -0.329867 0.000000
vt 0.969275 0.360321 0.000000
vt 0.723120 0.351110 0.000000
vt 1.106560 0.342324 0.000000
vt 0.800228 0.081391 0.000000
vt 1.200000 0.104770 0.000000
vt 0.399772 0.081391 0.000000
vt 0.476794 0.351112 0.000000
vt 0.115595 0.344842 0.000000
vt 0.118976 0.345243 0.000000
vt 0.230639 0.360326 0.000000
vt 0.057889 0.338621 0.000000
vt -0.000000 0.104770 0.000000
vt -0.000000 0.334640 0.000000
vt 1.200000 0.334672 0.000000
vt 1.190373 0.334457 0.000000
vt 0.199214 0.329867 0.000000
vt 0.201404 0.366192 0.000000
vt 0.137560 0.329867 0.000000
vt 0.134584 0.412536 0.000000
vt 0.211554 0.401882 0.000000
vt 0.262699 0.481963 0.000000
vt 0.126566 0.494969 0.000000
vt 0.316088 0.558980 0.000000
vt 0.115767 0.577209 0.000000
vt 0.332593 0.607163 0.000000
vt 0.104770 0.659734 0.000000
vt 0.334672 0.659734 0.000000
vt -0.363771 -0.179180 0.000000
vt -0.068717 -0.131171 0.000000
vt -0.370526 -0.113631 0.000000
vt -0.105446 -0.067564 0.000000
vt -0.355441 -0.057345 0.000000
vt -0.125975 -0.000000 0.000000
vt -0.356101 0.000000 0.000000
vt -0.119349 -0.230519 0.000000
vt -0.359226 -0.246292 0.000000
vt -0.132943 -0.280193 0.000000
vt -0.243250 -0.329867 0.000000
vt -0.137560 -0.329867 0.000000
vt 0.199177 -0.130000 0.000000
vt 0.205463 -0.084163 0.000000
vt 0.137560 -0.130000 0.000000
vt 0.137560 -0.000000 0.000000
vt 0.220315 -0.040308 0.000000
vt 0.243204 -0.000000 0.000000
vt -0.243250 -0.000000 0.000000
vt -0.213951 -0.056032 0.000000
vt -0.137560 -0.000000 0.000000
vt -0.137560 -0.130000 0.000000
vt -0.199214 -0.130000 0.000000
vt -7.570000 0.125535 0.000000
vt -7.580348 0.111095 0.000000
vt -7.280000 0.125535 0.000000
vt -7.505683 0.029388 0.000000
vt -7.410000 0.000000 0.000000
vt -7.459212 0.007451 0.000000
vt -7.280000 0.000000 0.000000
vt -0.000000 0.400930 0.000000
vt 0.061444 0.375871 0.000000
vt 0.122889 0.400930 0.000000
vt 0.061444 0.350813 0.000000
vt 0.122889 0.300697 0.000000
vt 0.061444 0.325755 0.000000
vt 0.061444 0.313226 0.000000
vt 0.000000 0.300697 0.000000
vt 0.061444 0.300697 0.000000
vt 0.061444 0.288168 0.000000
vt 0.061444 0.275639 0.000000
vt 0.061444 0.250581 0.000000
vt -0.000000 0.200465 0.000000
vt -0.000000 0.100232 0.000000
vt 0.061444 0.150349 0.000000
vt 0.061444 0.162878 0.000000
vt 0.061444 0.175407 0.000000
vt 0.122889 0.200465 0.000000
vt 0.061444 0.200465 0.000000
vt 0.061444 0.212994 0.000000
vt 0.061444 0.225523 0.000000
vt 0.061444 0.238052 0.000000
vt 0.000000 0.000000 0.000000
vt 0.061444 0.050116 0.000000
vt 0.061444 0.062645 0.000000
vt 0.061444 0.075174 0.000000
vt 0.122889 0.100232 0.000000
vt 0.061444 0.100232 0.000000
vt 0.061444 0.125290 0.000000
vt 0.061444 0.137820 0.000000
vt 0.061444 0.025058 0.000000
vt 0.122889 0.000000 0.000000
vt -0.118087 21.059483 0.000000
vt 0.000000 21.059483 0.000000
vt -0.118087 21.462287 0.000000
vt 0.000000 21.462287 0.000000
vt 0.000000 21.865091 0.000000
vt 0.000000 22.267895 0.000000
vt -0.118087 22.267895 0.000000
vt -0.118087 21.865091 0.000000
vt 0.000000 0.401305 0.000000
vt 0.061442 0.376223 0.000000
vt 0.122884 0.401305 0.000000
vt 0.061442 0.351141 0.000000
vt 0.122884 0.300978 0.000000
vt 0.061442 0.326060 0.000000
vt 0.061442 0.313519 0.000000
vt 0.000000 0.300978 0.000000
vt 0.061442 0.300978 0.000000
vt 0.061442 0.275897 0.000000
vt 0.061442 0.250815 0.000000
vt 0.122884 0.200652 0.000000
vt 0.061442 0.238275 0.000000
vt 0.061442 0.225734 0.000000
vt 0.000000 0.200652 0.000000
vt 0.061442 0.213193 0.000000
vt 0.061442 0.200652 0.000000
vt 0.061442 0.175571 0.000000
vt 0.061442 0.150489 0.000000
vt 0.000000 0.100326 0.000000
vt 0.000000 0.000000 0.000000
vt 0.061442 0.050163 0.000000
vt 0.061442 0.062704 0.000000
vt 0.061442 0.075245 0.000000
vt 0.122884 0.100326 0.000000
vt 0.061442 0.100326 0.000000
vt 0.061442 0.112867 0.000000
vt 0.061442 0.125408 0.000000
vt 0.061442 0.137948 0.000000
vt 0.122884 0.000000 0.000000
vt 0.061442 0.025082 0.000000
vt 0.061442 0.037622 0.000000
vt 7.570000 0.125535 0.000000
vt 7.280000 0.125535 0.000000
vt 7.580348 0.111095 0.000000
vt 7.505683 0.029388 0.000000
vt 7.410000 0.000000 0.000000
vt 7.459212 0.007451 0.000000
vt 7.280000 0.000000 0.000000
vt 0.028628 -0.107064 0.000000
vt 0.056812 -0.191377 0.000000
vt 0.028484 0.000000 0.000000
vt 0.048373 0.014430 0.000000
vt 0.028484 0.014430 0.000000
vt 0.028484 0.021645 0.000000
vt -0.000000 0.010996 0.000000
vt 0.028484 0.028860 0.000000
vt 0.000000 0.072150 0.000000
vt 0.028484 0.057720 0.000000
vt 0.028484 0.072150 0.000000
vt 0.052958 0.079365 0.000000
vt 0.028484 0.079365 0.000000
vt 0.028484 0.086580 0.000000
vt 0.028484 0.101010 0.000000
vt -0.000000 0.129870 0.000000
vt 0.028484 0.115440 0.000000
vt 0.028484 0.129870 0.000000
vt 0.057544 0.133734 0.000000
vt 0.028484 0.144300 0.000000
vt 0.028484 0.158730 0.000000
vt 0.028484 0.173160 0.000000
vt 0.000000 0.230879 0.000000
vt 0.028484 0.202020 0.000000
vt 0.057544 0.230879 0.000000
vt 0.013290 -0.050874 0.000000
vt 0.027778 -0.104165 0.000000
vt 0.090873 0.780561 0.000000
vt 0.045437 0.796698 0.000000
vt 0.000000 0.780561 0.000000
vt 0.045437 0.814493 0.000000
vt 0.045437 0.826357 0.000000
vt 0.090873 0.850084 0.000000
vt 0.045437 0.832289 0.000000
vt 0.045437 0.841186 0.000000
vt 0.000000 0.859811 0.000000
vt 0.045437 0.850084 0.000000
vt 0.045437 0.867880 0.000000
vt 0.090873 0.885675 0.000000
vt 0.090873 0.939062 0.000000
vt 0.045437 0.903471 0.000000
vt 0.045437 0.885675 0.000000
vt 0.045437 0.921266 0.000000
vt 0.000000 0.939062 0.000000
vt 0.000000 0.903471 0.000000
vt -0.000000 0.708630 0.000000
vt 0.000000 0.669787 0.000000
vt 0.049515 0.690954 0.000000
vt 0.099032 0.669787 0.000000
vt 0.049515 0.712120 0.000000
vt 0.099032 0.754452 0.000000
vt 0.049515 0.722703 0.000000
vt 0.049515 0.733286 0.000000
vt 0.000000 0.747407 0.000000
vt 0.049515 0.743869 0.000000
vt 0.049515 0.754452 0.000000
vt 0.049515 0.775619 0.000000
vt 0.049515 0.796785 0.000000
vt 0.000000 0.786405 0.000000
vt 0.049515 0.807368 0.000000
vt 0.049515 0.817951 0.000000
vt 0.099032 0.831055 0.000000
vt 0.049515 0.839117 0.000000
vt 0.098588 0.839117 0.000000
vt 0.093157 0.862816 0.000000
vt 0.049515 0.881888 0.000000
vt 0.083005 0.881853 0.000000
vt 0.052950 0.903321 0.000000
vt 0.025891 0.911611 0.000000
vt 0.048531 0.232236 0.000000
vt 0.056788 0.424816 0.000000
vt 0.028759 0.296429 0.000000
vt 0.022188 0.317316 0.000000
vt 0.001209 0.232239 0.000000
vt 0.028759 0.232237 0.000000
vt -0.000000 0.221175 0.000000
vt 0.028759 0.217721 0.000000
vt 0.028759 0.210464 0.000000
vt 0.028759 0.203206 0.000000
vt 0.052098 0.159662 0.000000
vt 0.028759 0.174177 0.000000
vt 0.028759 0.159662 0.000000
vt 0.000000 0.159662 0.000000
vt 0.028759 0.152405 0.000000
vt 0.028759 0.145147 0.000000
vt 0.028759 0.130633 0.000000
vt 0.057518 0.097712 0.000000
vt 0.028759 0.116118 0.000000
vt 0.028759 0.101603 0.000000
vt -0.000000 0.101603 0.000000
vt 0.028759 0.087088 0.000000
vt 0.028759 0.072574 0.000000
vt 0.028759 0.058059 0.000000
vt 0.028759 0.029029 0.000000
vt 0.000000 0.000000 0.000000
vt 0.057518 0.000000 0.000000
vt 0.000000 0.818020 0.000000
vt 0.045417 0.801764 0.000000
vt 0.090833 0.818020 0.000000
vt 0.045417 0.783855 0.000000
vt 0.090833 0.748037 0.000000
vt 0.045417 0.777885 0.000000
vt 0.045417 0.765946 0.000000
vt 0.000000 0.730128 0.000000
vt 0.045417 0.756991 0.000000
vt 0.045417 0.748037 0.000000
vt 0.045417 0.742067 0.000000
vt 0.045417 0.730128 0.000000
vt 0.045417 0.712219 0.000000
vt 0.000000 0.694310 0.000000
vt 0.045417 0.694310 0.000000
vt 0.045417 0.676401 0.000000
vt 0.090833 0.658492 0.000000
vt 0.000000 0.658492 0.000000
vt 0.090833 0.712219 0.000000
vt 0.025871 0.595308 0.000000
vt 0.052903 0.603562 0.000000
vt 0.048999 0.667551 0.000000
vt 0.082959 0.624957 0.000000
vt 0.093112 0.643930 0.000000
vt 0.098544 0.667551 0.000000
vt 0.098988 0.675587 0.000000
vt 0.048999 0.688646 0.000000
vt 0.048999 0.699194 0.000000
vt -0.000000 0.720063 0.000000
vt 0.048999 0.709742 0.000000
vt 0.048999 0.730837 0.000000
vt 0.098988 0.755950 0.000000
vt 0.048999 0.751933 0.000000
vt 0.048999 0.762480 0.000000
vt 0.000000 0.773028 0.000000
vt 0.048999 0.773028 0.000000
vt 0.048999 0.783576 0.000000
vt 0.048999 0.794123 0.000000
vt 0.098988 0.836314 0.000000
vt 0.048999 0.815219 0.000000
vt -0.000000 0.836314 0.000000
vt 0.000000 0.798890 0.000000
vt 0.000000 1.651767 0.000000
vt -0.045964 0.768723 0.000000
vt -0.085190 1.585803 0.000000
vt -0.085190 0.729994 0.000000
vt -0.085190 2.441611 0.000000
vt 0.000000 2.504643 0.000000
vt -0.085190 3.297419 0.000000
vt 0.000000 3.357520 0.000000
vt -0.085190 4.153228 0.000000
vt 0.000000 4.210397 0.000000
vt -0.085190 5.009036 0.000000
vt 0.000000 5.063274 0.000000
vt -0.085190 5.864844 0.000000
vt 0.000000 5.916151 0.000000
vt -0.085190 6.720653 0.000000
vt 0.000000 6.769028 0.000000
vt -0.085190 7.576461 0.000000
vt -0.000000 7.621904 0.000000
vt -0.085190 8.432269 0.000000
vt 0.000000 8.474781 0.000000
vt -0.085190 9.288078 0.000000
vt -0.000000 9.327658 0.000000
vt -0.085190 10.143886 0.000000
vt -0.000000 10.180535 0.000000
vt -0.085190 10.999695 0.000000
vt 0.000000 11.033412 0.000000
vt -0.085190 11.855503 0.000000
vt -0.000000 11.886288 0.000000
vt -0.085190 12.711311 0.000000
vt 0.000000 12.739165 0.000000
vt -0.085190 13.567120 0.000000
vt -0.000000 13.592042 0.000000
vt -0.085190 14.422928 0.000000
vt -0.000000 14.444919 0.000000
vt -0.085190 15.278736 0.000000
vt 0.000000 15.297796 0.000000
vt -0.085190 16.134545 0.000000
vt 0.000000 16.150672 0.000000
vt -0.085190 16.990353 0.000000
vt 0.000000 17.003549 0.000000
vt -0.085190 17.846161 0.000000
vt 0.000000 17.856426 0.000000
vt -0.085190 18.701970 0.000000
vt -0.000000 18.709303 0.000000
vt -0.085190 19.557778 0.000000
vt -0.000000 19.562180 0.000000
vt -0.085190 20.413586 0.000000
vt -0.000000 20.415057 0.000000
vt -0.085190 21.269395 0.000000
vt -0.000000 21.267933 0.000000
vt -0.085190 -20.413591 0.000000
vt -0.000000 -20.415053 0.000000
vt -0.000000 -19.562176 0.000000
vt -0.085190 -19.557783 0.000000
vt -0.000000 -18.709299 0.000000
vt -0.085190 -18.701975 0.000000
vt -0.000000 -17.856422 0.000000
vt -0.085190 -17.846166 0.000000
vt 0.000000 -17.003546 0.000000
vt -0.085190 -16.990358 0.000000
vt -0.000000 -16.150669 0.000000
vt -0.085190 -16.134550 0.000000
vt -0.000000 -15.297792 0.000000
vt -0.085190 -15.278741 0.000000
vt 0.000000 -14.444915 0.000000
vt -0.085190 -14.422933 0.000000
vt 0.000000 -13.592038 0.000000
vt -0.085190 -13.567125 0.000000
vt 0.000000 -12.739162 0.000000
vt -0.085190 -12.711316 0.000000
vt 0.000000 -11.886285 0.000000
vt -0.085190 -11.855508 0.000000
vt 0.000000 -11.033408 0.000000
vt -0.085190 -10.999700 0.000000
vt -0.000000 -10.180531 0.000000
vt -0.085190 -10.143891 0.000000
vt 0.000000 -9.327654 0.000000
vt -0.085190 -9.288083 0.000000
vt 0.000000 -8.474777 0.000000
vt -0.085190 -8.432275 0.000000
vt 0.000000 -7.621901 0.000000
vt -0.085190 -7.576466 0.000000
vt -0.000000 -6.769024 0.000000
vt -0.085190 -6.720658 0.000000
vt 0.000000 -5.916147 0.000000
vt -0.085190 -5.864849 0.000000
vt -0.000000 -5.063270 0.000000
vt -0.085190 -5.009041 0.000000
vt 0.000000 -4.210393 0.000000
vt -0.085190 -4.153233 0.000000
vt -0.000000 -3.357517 0.000000
vt -0.085190 -3.297424 0.000000
vt 0.000000 -2.504640 0.000000
vt -0.085190 -2.441616 0.000000
vt 0.000000 -1.651763 0.000000
vt -0.085190 -1.585808 0.000000
vt 0.000000 -0.798886 0.000000
vt -0.085190 -0.729999 0.000000
vt -0.011013 0.965720 0.000000
vt 0.000000 1.021726 0.000000
vt -0.042426 0.916805 0.000000
vt -0.042426 1.784250 0.000000
vt 0.000000 1.884609 0.000000
vt -0.042426 2.651694 0.000000
vt 0.000000 2.747491 0.000000
vt -0.042426 3.519139 0.000000
vt 0.000000 3.610374 0.000000
vt -0.042426 4.386583 0.000000
vt -0.000000 4.473257 0.000000
vt -0.042426 5.254028 0.000000
vt 0.000000 5.336140 0.000000
vt -0.042426 6.121472 0.000000
vt -0.000000 6.199022 0.000000
vt -0.042426 6.988917 0.000000
vt -0.000000 7.061905 0.000000
vt -0.042426 7.856361 0.000000
vt 0.000000 7.924788 0.000000
vt -0.042426 8.723806 0.000000
vt -0.000000 8.787671 0.000000
vt -0.042426 9.591250 0.000000
vt 0.000000 9.650553 0.000000
vt -0.042426 10.458695 0.000000
vt -0.000000 10.513436 0.000000
vt -0.042426 11.326139 0.000000
vt -0.000000 11.376319 0.000000
vt -0.042426 12.193584 0.000000
vt 0.000000 12.239202 0.000000
vt -0.042426 13.061029 0.000000
vt -0.000000 13.102084 0.000000
vt -0.042426 13.928473 0.000000
vt -0.000000 13.964967 0.000000
vt -0.042426 14.795918 0.000000
vt 0.000000 14.827850 0.000000
vt -0.042426 15.663362 0.000000
vt 0.000000 15.690733 0.000000
vt -0.042426 16.530807 0.000000
vt -0.000000 16.553615 0.000000
vt -0.042426 17.398251 0.000000
vt -0.000000 17.416498 0.000000
vt -0.042426 18.265696 0.000000
vt 0.000000 18.279381 0.000000
vt -0.042426 19.133140 0.000000
vt -0.000000 19.142264 0.000000
vt -0.042426 20.000585 0.000000
vt 0.000000 20.005146 0.000000
vt -0.042426 20.868029 0.000000
vt -0.000000 20.868029 0.000000
vt -0.042426 -20.868029 0.000000
vt -0.000000 -20.868029 0.000000
vt -0.000000 -20.005146 0.000000
vt -0.042426 -20.000585 0.000000
vt 0.000000 -19.142264 0.000000
vt -0.042426 -19.133140 0.000000
vt -0.000000 -18.279381 0.000000
vt -0.042426 -18.265696 0.000000
vt 0.000000 -17.416498 0.000000
vt -0.042426 -17.398251 0.000000
vt -0.000000 -16.553615 0.000000
vt -0.042426 -16.530807 0.000000
vt -0.000000 -15.690733 0.000000
vt -0.042426 -15.663362 0.000000
vt -0.000000 -14.827850 0.000000
vt -0.042426 -14.795918 0.000000
vt 0.000000 -13.964967 0.000000
vt -0.042426 -13.928473 0.000000
vt -0.000000 -13.102084 0.000000
vt -0.042426 -13.061029 0.000000
vt -0.000000 -12.239202 0.000000
vt -0.042426 -12.193584 0.000000
vt 0.000000 -11.376319 0.000000
vt -0.042426 -11.326139 0.000000
vt 0.000000 -10.513436 0.000000
vt -0.042426 -10.458695 0.000000
vt 0.000000 -9.650553 0.000000
vt -0.042426 -9.591250 0.000000
vt 0.000000 -8.787671 0.000000
vt -0.042426 -8.723806 0.000000
vt 0.000000 -7.924788 0.000000
vt -0.042426 -7.856361 0.000000
vt 0.000000 -7.061905 0.000000
vt -0.042426 -6.988917 0.000000
vt 0.000000 -6.199022 0.000000
vt -0.042426 -6.121472 0.000000
vt 0.000000 -5.336140 0.000000
vt -0.042426 -5.254028 0.000000
vt 0.000000 -4.473257 0.000000
vt -0.042426 -4.386583 0.000000
vt 0.000000 -3.610374 0.000000
vt -0.042426 -3.519139 0.000000
vt 0.000000 -2.747491 0.000000
vt -0.042426 -2.651694 0.000000
vt 0.000000 -1.884609 0.000000
vt -0.042426 -1.784250 0.000000
vt 0.000000 -1.021726 0.000000
vt -0.011013 -0.965720 0.000000
vt -0.042426 -0.916805 0.000000
vt 6.809025 1.020000 0.000000
vt 6.624325 1.876576 0.000000
vt 6.578899 1.020000 0.000000
vt 6.391339 1.863625 0.000000
vt 6.332325 2.702755 0.000000
vt 6.096077 2.675846 0.000000
vt 5.937754 3.485155 0.000000
vt 5.698090 3.442976 0.000000
vt 5.447003 4.211103 0.000000
vt 5.204083 4.152087 0.000000
vt 4.868021 4.868839 0.000000
vt 4.622381 4.791231 0.000000
vt 4.210188 5.447710 0.000000
vt 3.962787 5.349638 0.000000
vt 3.484158 5.938339 0.000000
vt 3.236416 5.817897 0.000000
vt 2.701692 6.332779 0.000000
vt 2.455507 6.188117 0.000000
vt 1.875464 6.624640 0.000000
vt 1.633220 6.454061 0.000000
vt 1.018857 6.809196 0.000000
vt 0.783411 6.611246 0.000000
vt 0.145746 6.883457 0.000000
vt -0.079599 6.657024 0.000000
vt -0.729725 6.846220 0.000000
vt -0.941268 6.590624 0.000000
vt -1.593376 6.698088 0.000000
vt -1.787075 6.413164 0.000000
vt -2.431218 6.441460 0.000000
vt -2.602768 6.127635 0.000000
vt -3.229678 6.080494 0.000000
vt -3.374601 5.738848 0.000000
vt -3.975825 5.621036 0.000000
vt -4.089569 5.253354 0.000000
vt -4.657571 5.070528 0.000000
vt -4.735622 4.679336 0.000000
vt -5.263874 4.437888 0.000000
vt -5.301875 4.026466 0.000000
vt -5.784913 3.733364 0.000000
vt -5.778785 3.305745 0.000000
vt -6.212248 2.968367 0.000000
vt -6.158316 2.529318 0.000000
vt -6.538957 2.155288 0.000000
vt -6.434072 1.710270 0.000000
vt -6.759748 1.307297 0.000000
vt -6.601407 0.862401 0.000000
vt -6.871045 0.438131 0.000000
vt -6.657500 0.000000 0.000000
vt -6.871045 -0.438131 0.000000
vt -6.601407 -0.862401 0.000000
vt -6.759748 -1.307297 0.000000
vt -6.434072 -1.710270 0.000000
vt -6.538957 -2.155288 0.000000
vt -6.158316 -2.529318 0.000000
vt -6.212248 -2.968367 0.000000
vt -5.778785 -3.305745 0.000000
vt -5.784913 -3.733364 0.000000
vt -5.301875 -4.026466 0.000000
vt -5.263874 -4.437888 0.000000
vt -4.735622 -4.679336 0.000000
vt -4.657571 -5.070528 0.000000
vt -4.089569 -5.253354 0.000000
vt -3.975825 -5.621036 0.000000
vt -3.374601 -5.738848 0.000000
vt -3.229678 -6.080494 0.000000
vt -2.602768 -6.127635 0.000000
vt -2.431218 -6.441460 0.000000
vt -1.787075 -6.413164 0.000000
vt -1.593376 -6.698088 0.000000
vt -0.941268 -6.590624 0.000000
vt -0.729725 -6.846220 0.000000
vt -0.079599 -6.657024 0.000000
vt 0.145746 -6.883457 0.000000
vt 0.783411 -6.611246 0.000000
vt 1.018857 -6.809196 0.000000
vt 1.633220 -6.454061 0.000000
vt 1.875464 -6.624640 0.000000
vt 2.455507 -6.188117 0.000000
vt 2.701692 -6.332779 0.000000
vt 3.236416 -5.817897 0.000000
vt 3.484158 -5.938339 0.000000
vt 3.962787 -5.349638 0.000000
vt 4.210188 -5.447710 0.000000
vt 4.622381 -4.791231 0.000000
vt 4.868021 -4.868839 0.000000
vt 5.204083 -4.152087 0.000000
vt 5.447003 -4.211103 0.000000
vt 5.698090 -3.442976 0.000000
vt 5.937754 -3.485155 0.000000
vt 6.096077 -2.675846 0.000000
vt 6.332325 -2.702755 0.000000
vt 6.391339 -1.863625 0.000000
vt 6.624325 -1.876576 0.000000
vt 6.578899 -1.020000 0.000000
vt 6.809025 -1.020000 0.000000
vt -0.137560 -0.329867 0.000000
vt -0.132943 -0.280193 0.000000
vt -0.243204 -0.329867 0.000000
vt -0.359228 -0.246261 0.000000
vt -0.119349 -0.230519 0.000000
vt -0.363771 -0.179170 0.000000
vt -0.068717 -0.131171 0.000000
vt -0.370526 -0.113631 0.000000
vt -0.105446 -0.067564 0.000000
vt -0.355441 -0.057345 0.000000
vt -0.125975 0.000000 0.000000
vt -0.356101 0.000000 0.000000
vt 0.334640 0.659734 0.000000
vt 0.104770 0.659734 0.000000
vt 0.332560 0.607167 0.000000
vt 0.115741 0.577395 0.000000
vt 0.316057 0.558988 0.000000
vt 0.126549 0.495114 0.000000
vt 0.262671 0.481976 0.000000
vt 0.228506 0.436008 0.000000
vt 0.134571 0.412721 0.000000
vt 0.211521 0.401895 0.000000
vt 0.201368 0.366198 0.000000
vt 0.137560 0.329867 0.000000
vt 0.199177 0.329867 0.000000
vt 0.230639 -0.360326 0.000000
vt 0.476794 -0.351112 0.000000
vt -0.000000 -0.334640 0.000000
vt -0.000000 -0.104770 0.000000
vt 0.399772 -0.081391 0.000000
vt 0.723120 -0.351110 0.000000
vt 0.800228 -0.081391 0.000000
vt 1.084361 -0.344857 0.000000
vt 1.142091 -0.338645 0.000000
vt 0.969275 -0.360321 0.000000
vt 1.028606 -0.351900 0.000000
vt 1.200000 -0.334672 0.000000
vt 1.200000 -0.104770 0.000000
vt 0.199214 -0.329867 0.000000
vt 0.137560 -0.329867 0.000000
vt 0.201404 -0.366192 0.000000
vt 0.134584 -0.412536 0.000000
vt 0.211554 -0.401882 0.000000
vt 0.228532 -0.435989 0.000000
vt 0.126566 -0.494969 0.000000
vt 0.262699 -0.481963 0.000000
vt 0.316088 -0.558980 0.000000
vt 0.115767 -0.577209 0.000000
vt 0.332593 -0.607163 0.000000
vt 0.104770 -0.659734 0.000000
vt 0.334672 -0.659734 0.000000
vt -0.363770 0.179185 0.000000
vt -0.119349 0.230519 0.000000
vt -0.359226 0.246292 0.000000
vt -0.132943 0.280193 0.000000
vt -0.243250 0.329867 0.000000
vt -0.137560 0.329867 0.000000
vt -0.068717 0.131171 0.000000
vt -0.370526 0.113631 0.000000
vt -0.105446 0.067564 0.000000
vt -0.355441 0.057345 0.000000
vt -0.125975 0.000000 0.000000
vt -0.356101 0.000000 0.000000
vt 0.199177 0.130000 0.000000
vt 0.137560 0.130000 0.000000
vt 0.205463 0.084163 0.000000
vt 0.137560 0.000000 0.000000
vt 0.220315 0.040308 0.000000
vt 0.243204 0.000000 0.000000
vt -0.243250 0.000000 0.000000
vt -0.137560 0.000000 0.000000
vt -0.220357 0.040307 0.000000
vt -0.205502 0.084162 0.000000
vt -0.137560 0.130000 0.000000
vt -0.199214 0.130000 0.000000
vt -7.459212 -0.007451 0.000000
vt -7.505683 -0.029388 0.000000
vt -7.410000 0.000000 0.000000
vt -7.280000 -0.125535 0.000000
vt -7.280000 0.000000 0.000000
vt -7.580348 -0.111095 0.000000
vt -7.570000 -0.125535 0.000000
vt -0.122889 0.400930 0.000000
vt -0.061444 0.375871 0.000000
vt -0.000000 0.400930 0.000000
vt -0.061444 0.350813 0.000000
vt -0.000000 0.300697 0.000000
vt -0.061444 0.325755 0.000000
vt -0.061444 0.313226 0.000000
vt -0.122889 0.300697 0.000000
vt -0.061444 0.300697 0.000000
vt -0.061444 0.288168 0.000000
vt -0.061444 0.275639 0.000000
vt -0.061444 0.250581 0.000000
vt -0.122889 0.200465 0.000000
vt -0.122889 0.100232 0.000000
vt -0.061444 0.150349 0.000000
vt -0.061444 0.162878 0.000000
vt -0.061444 0.175407 0.000000
vt -0.000000 0.200465 0.000000
vt -0.061444 0.200465 0.000000
vt -0.061444 0.212994 0.000000
vt -0.061444 0.225523 0.000000
vt -0.061444 0.238052 0.000000
vt -0.122889 0.000000 0.000000
vt -0.061444 0.050116 0.000000
vt -0.061444 0.062645 0.000000
vt -0.061444 0.075174 0.000000
vt -0.000000 0.100232 0.000000
vt -0.061444 0.100232 0.000000
vt -0.061444 0.125290 0.000000
vt -0.061444 0.137820 0.000000
vt -0.061444 0.025058 0.000000
vt -0.000000 0.000000 0.000000
vt 0.000000 -21.059483 0.000000
vt -0.118087 -21.059483 0.000000
vt 0.000000 -21.462287 0.000000
vt -0.118087 -21.462287 0.000000
vt -0.118087 -21.865091 0.000000
vt -0.118087 -22.267895 0.000000
vt 0.000000 -22.267895 0.000000
vt 0.000000 -21.865091 0.000000
vt -0.122884 0.401305 0.000000
vt -0.061442 0.376223 0.000000
vt -0.000000 0.401305 0.000000
vt -0.061442 0.351141 0.000000
vt -0.000000 0.300978 0.000000
vt -0.061442 0.326060 0.000000
vt -0.061442 0.313519 0.000000
vt -0.122884 0.300978 0.000000
vt -0.061442 0.300978 0.000000
vt -0.061442 0.275897 0.000000
vt -0.061442 0.250815 0.000000
vt -0.000000 0.200652 0.000000
vt -0.061442 0.238275 0.000000
vt -0.061442 0.225734 0.000000
vt -0.122884 0.200652 0.000000
vt -0.061442 0.213193 0.000000
vt -0.061442 0.200652 0.000000
vt -0.061442 0.175571 0.000000
vt -0.061442 0.150489 0.000000
vt -0.122884 0.100326 0.000000
vt -0.122884 0.000000 0.000000
vt -0.061442 0.050163 0.000000
vt -0.061442 0.062704 0.000000
vt -0.061442 0.075245 0.000000
vt -0.000000 0.100326 0.000000
vt -0.061442 0.100326 0.000000
vt -0.061442 0.112867 0.000000
vt -0.061442 0.125408 0.000000
vt -0.061442 0.137948 0.000000
vt -0.000000 0.000000 0.000000
vt -0.061442 0.025082 0.000000
vt -0.061442 0.037622 0.000000
vt 7.570000 -0.125535 0.000000
vt 7.580348 -0.111095 0.000000
vt 7.280000 -0.125535 0.000000
vt 7.505683 -0.029388 0.000000
vt 7.410000 -0.000000 0.000000
vt 7.459212 -0.007451 0.000000
vt 7.280000 -0.000000 0.000000
vt -0.052958 0.079365 0.000000
vt -0.028484 0.115440 0.000000
vt -0.057544 0.133734 0.000000
vt -0.028484 0.129870 0.000000
vt -0.028484 0.144300 0.000000
vt 0.000000 0.129870 0.000000
vt -0.028484 0.158730 0.000000
vt -0.028484 0.173160 0.000000
vt -0.057544 0.182307 0.000000
vt -0.028484 0.202020 0.000000
vt -0.057544 0.230879 0.000000
vt -0.000000 0.230879 0.000000
vt -0.048373 0.014430 0.000000
vt -0.028484 0.057720 0.000000
vt -0.028484 0.072150 0.000000
vt -0.028484 0.079365 0.000000
vt -0.000000 0.072150 0.000000
vt -0.028484 0.086580 0.000000
vt -0.028484 0.101010 0.000000
vt -0.056812 -0.191377 0.000000
vt -0.028484 0.000000 0.000000
vt -0.028484 0.014430 0.000000
vt -0.028484 0.021645 0.000000
vt 0.000000 0.010996 0.000000
vt -0.028484 0.028860 0.000000
vt -0.000000 0.780561 0.000000
vt -0.045437 0.796698 0.000000
vt -0.090873 0.780561 0.000000
vt -0.045437 0.814493 0.000000
vt -0.090873 0.832289 0.000000
vt -0.045437 0.826357 0.000000
vt -0.045437 0.832289 0.000000
vt -0.000000 0.832289 0.000000
vt -0.045437 0.841186 0.000000
vt -0.045437 0.850084 0.000000
vt -0.090873 0.867880 0.000000
vt -0.045437 0.867880 0.000000
vt -0.045437 0.885675 0.000000
vt -0.000000 0.867880 0.000000
vt -0.000000 0.903471 0.000000
vt -0.000000 0.939062 0.000000
vt -0.045437 0.921266 0.000000
vt -0.045437 0.903471 0.000000
vt -0.090873 0.903471 0.000000
vt -0.090873 0.939062 0.000000
vt -0.000000 0.669787 0.000000
vt -0.049515 0.690954 0.000000
vt -0.099032 0.669787 0.000000
vt -0.049515 0.712120 0.000000
vt -0.099032 0.754452 0.000000
vt -0.049515 0.722703 0.000000
vt -0.049515 0.733286 0.000000
vt 0.000000 0.708630 0.000000
vt -0.000000 0.747407 0.000000
vt 0.000000 0.786405 0.000000
vt -0.049515 0.775619 0.000000
vt -0.049515 0.754452 0.000000
vt -0.049515 0.743869 0.000000
vt -0.025891 0.911611 0.000000
vt -0.049515 0.839117 0.000000
vt -0.049515 0.817951 0.000000
vt -0.049515 0.807368 0.000000
vt -0.099032 0.831055 0.000000
vt -0.049515 0.796785 0.000000
vt -0.049515 0.881889 0.000000
vt -0.052950 0.903321 0.000000
vt -0.083005 0.881854 0.000000
vt -0.093157 0.862818 0.000000
vt -0.098588 0.839117 0.000000
vt -0.013284 0.283427 0.000000
vt -0.028759 0.232236 0.000000
vt 0.000000 0.221175 0.000000
vt -0.028759 0.217721 0.000000
vt -0.028759 0.210464 0.000000
vt -0.048531 0.232236 0.000000
vt -0.028759 0.203206 0.000000
vt -0.052098 0.159662 0.000000
vt -0.028759 0.174177 0.000000
vt -0.028759 0.159662 0.000000
vt -0.000000 0.159662 0.000000
vt -0.028759 0.152405 0.000000
vt -0.028759 0.145147 0.000000
vt -0.028759 0.130633 0.000000
vt -0.057518 0.097712 0.000000
vt -0.028759 0.116118 0.000000
vt -0.028759 0.101603 0.000000
vt 0.000000 0.101603 0.000000
vt -0.028759 0.087088 0.000000
vt -0.028759 0.072574 0.000000
vt -0.028759 0.058059 0.000000
vt -0.057518 0.000000 0.000000
vt -0.028759 0.029029 0.000000
vt -0.000000 -0.000000 0.000000
vt -0.028759 0.296429 0.000000
vt -0.027767 0.337054 0.000000
vt -0.041805 0.382367 0.000000
vt -0.056788 0.424816 0.000000
vt -0.090833 0.818020 0.000000
vt -0.045417 0.801764 0.000000
vt -0.000000 0.818020 0.000000
vt -0.045417 0.783855 0.000000
vt -0.000000 0.765946 0.000000
vt -0.045417 0.777885 0.000000
vt -0.045417 0.765946 0.000000
vt -0.090833 0.765946 0.000000
vt -0.045417 0.756991 0.000000
vt -0.045417 0.748037 0.000000
vt -0.045417 0.742067 0.000000
vt -0.000000 0.730128 0.000000
vt -0.045417 0.730128 0.000000
vt -0.045417 0.712219 0.000000
vt -0.090833 0.730128 0.000000
vt -0.090833 0.694310 0.000000
vt -0.090833 0.658492 0.000000
vt -0.045417 0.676401 0.000000
vt -0.045417 0.694310 0.000000
vt -0.000000 0.694310 0.000000
vt -0.000000 0.658492 0.000000
vt -0.098544 0.667551 0.000000
vt -0.048999 0.667551 0.000000
vt -0.098988 0.675587 0.000000
vt -0.048999 0.688647 0.000000
vt -0.048999 0.699194 0.000000
vt 0.000000 0.720063 0.000000
vt -0.048999 0.709742 0.000000
vt -0.048999 0.730837 0.000000
vt -0.098988 0.751933 0.000000
vt -0.048999 0.751933 0.000000
vt -0.048999 0.762480 0.000000
vt -0.000000 0.758939 0.000000
vt -0.048999 0.773028 0.000000
vt 0.000000 0.797594 0.000000
vt -0.048999 0.783576 0.000000
vt -0.048999 0.794123 0.000000
vt -0.098988 0.836314 0.000000
vt -0.048999 0.815219 0.000000
vt -0.000000 0.836314 0.000000
vt -0.093112 0.643929 0.000000
vt -0.082959 0.624957 0.000000
vt -0.052903 0.603562 0.000000
vt -0.025871 0.595308 0.000000
vn -0.000000 0.923880 0.382683
vn -0.173648 0.951251 0.254887
vn -0.000000 0.965926 0.258819
vn -0.173648 0.976383 0.128543
vn -0.000000 0.991445 0.130526
vn -0.173648 0.984808 -0.000000
vn -0.000000 1.000000 0.000000
vn -0.173648 0.976383 -0.128543
vn -0.000000 0.991445 -0.130526
vn -0.173648 0.951251 -0.254887
vn -0.000000 0.965926 -0.258819
vn -0.173648 0.909844 -0.376870
vn -0.000000 0.923880 -0.382683
vn -0.173648 0.852869 -0.492404
vn -0.000000 0.866025 -0.500000
vn -0.173648 0.781301 -0.599513
vn -0.000000 0.793353 -0.608761
vn -0.173648 0.696364 -0.696364
vn -0.000000 0.707107 -0.707107
vn -0.173648 0.599513 -0.781301
vn -0.000000 0.608761 -0.793353
vn -0.173648 0.492404 -0.852869
vn -0.000000 0.500000 -0.866025
vn -0.173648 0.376870 -0.909844
vn -0.000000 0.382683 -0.923880
vn -0.173648 0.254887 -0.951251
vn -0.000000 0.258819 -0.965926
vn -0.173648 0.128543 -0.976383
vn -0.000000 0.130526 -0.991445
vn -0.173648 -0.000000 -0.984808
vn -0.000000 0.000000 -1.000000
vn -0.173648 -0.128543 -0.976383
vn -0.000000 -0.130526 -0.991445
vn -0.173648 -0.254887 -0.951251
vn -0.000000 -0.258819 -0.965926
vn -0.173648 -0.376870 -0.909844
vn -0.000000 -0.382683 -0.923880
vn -0.173648 -0.492404 -0.852869
vn -0.000000 -0.500000 -0.866025
vn -0.173648 -0.599513 -0.781301
vn -0.000000 -0.608761 -0.793353
vn -0.173648 -0.696364 -0.696364
vn -0.000000 -0.707107 -0.707107
vn -0.173648 -0.781301 -0.599513
vn -0.000000 -0.793353 -0.608761
vn -0.173648 -0.852869 -0.492404
vn -0.000000 -0.866025 -0.500000
vn -0.173648 -0.909844 -0.376870
vn -0.000000 -0.923880 -0.382683
vn -0.173648 -0.951251 -0.254887
vn -0.000000 -0.965926 -0.258819
vn -0.173648 -0.976383 -0.128543
vn -0.000000 -0.991445 -0.130526
vn -0.173648 -0.984808 0.000000
vn -0.000000 -1.000000 -0.000000
vn -0.173648 -0.976383 0.128543
vn -0.000000 -0.991445 0.130526
vn -0.173648 -0.951251 0.254887
vn -0.000000 -0.965926 0.258819
vn -0.173648 -0.909844 0.376870
vn -0.000000 -0.923880 0.382683
vn -0.173648 -0.852869 0.492404
vn -0.000000 -0.866025 0.500000
vn -0.173648 -0.781301 0.599513
vn -0.000000 -0.793353 0.608761
vn -0.173648 -0.696364 0.696364
vn -0.000000 -0.707107 0.707107
vn -0.173648 -0.599513 0.781301
vn -0.000000 -0.608761 0.793353
vn -0.173648 -0.492404 0.852869
vn -0.000000 -0.500000 0.866025
vn -0.173648 -0.376870 0.909844
vn -0.000000 -0.382683 0.923880
vn -0.173648 -0.254887 0.951251
vn -0.000000 -0.258819 0.965926
vn -0.173648 -0.128543 0.976383
vn -0.000000 -0.130526 0.991445
vn -0.173648 0.000000 0.984808
vn -0.000000 -0.000000 1.000000
vn -0.173648 0.128543 0.976383
vn -0.000000 0.130526 0.991445
vn -0.173648 0.254887 0.951251
vn -0.000000 0.258819 0.965926
vn -0.173648 0.376870 0.909844
vn -0.000000 0.382683 0.923880
vn -0.173648 0.492404 0.852869
vn -0.000000 0.500000 0.866025
vn -0.173648 0.599513 0.781301
vn -0.000000 0.608761 0.793353
vn -0.173648 0.696364 0.696364
vn -0.000000 0.707107 0.707107
vn -0.173648 0.781301 0.599513
vn -0.000000 0.793353 0.608761
vn -0.173648 0.852869 0.492404
vn -0.000000 0.866025 0.500000
vn -0.173648 0.909844 0.376870
vn -0.173648 -0.909844 -0.376870
vn -0.000000 -0.923880 -0.382683
vn -0.173648 -0.951251 -0.254887
vn -0.000000 -0.965926 -0.258819
vn -0.173648 -0.976383 -0.128543
vn -0.000000 -0.991445 -0.130526
vn -0.173648 -0.984808 -0.000000
vn -0.000000 -1.000000 0.000000
vn -0.173648 -0.976383 0.128543
vn -0.000000 -0.991445 0.130526
vn -0.173648 -0.951251 0.254887
vn -0.000000 -0.965926 0.258819
vn -0.173648 -0.909844 0.376870
vn -0.000000 -0.923880 0.382683
vn -0.173648 -0.852869 0.492404
vn -0.000000 -0.866025 0.500000
vn -0.173648 -0.781301 0.599513
vn -0.000000 -0.793353 0.608761
vn -0.173648 -0.696364 0.696364
vn 0.000000 -0.707107 0.707107
vn -0.173648 -0.599513 0.781301
vn 0.000000 -0.608761 0.793353
vn -0.173648 -0.492404 0.852869
vn 0.000000 -0.500000 0.866025
vn -0.173648 -0.376870 0.909844
vn 0.000000 -0.382683 0.923880
vn -0.173648 -0.254887 0.951251
vn 0.000000 -0.258819 0.965926
vn -0.173648 -0.128543 0.976383
vn 0.000000 -0.130526 0.991445
vn -0.173648 0.000000 0.984808
vn 0.000000 0.000000 1.000000
vn -0.173648 0.128543 0.976383
vn 0.000000 0.130526 0.991445
vn -0.173648 0.254887 0.951251
vn 0.000000 0.258819 0.965926
vn -0.173648 0.376870 0.909844
vn 0.000000 0.382683 0.923880
vn -0.173648 0.492404 0.852869
vn 0.000000 0.500000 0.866025
vn -0.173648 0.599513 0.781301
vn 0.000000 0.608761 0.793353
vn -0.173648 0.696364 0.696364
vn 0.000000 0.707107 0.707107
vn -0.173648 0.781301 0.599513
vn 0.000000 0.793353 0.608761
vn -0.173648 0.852869 0.492404
vn 0.000000 0.866025 0.500000
vn -0.173648 0.909844 0.376870
vn 0.000000 0.923880 0.382683
vn -0.173648 0.951251 0.254887
vn 0.000000 0.965926 0.258819
vn -0.173648 0.976383 0.128543
vn 0.000000 0.991445 0.130526
vn -0.173648 0.984808 0.000000
vn 0.000000 1.000000 -0.000000
vn -0.173648 0.976383 -0.128543
vn 0.000000 0.991445 -0.130526
vn -0.173648 0.951251 -0.254887
vn 0.000000 0.965926 -0.258819
vn -0.173648 0.909844 -0.376870
vn 0.000000 0.923880 -0.382683
vn -0.173648 0.852869 -0.492404
vn 0.000000 0.866025 -0.500000
vn -0.173648 0.781301 -0.599513
vn 0.000000 0.793353 -0.608761
vn -0.173648 0.696364 -0.696364
vn -0.000000 0.707107 -0.707107
vn -0.173648 0.599513 -0.781301
vn -0.000000 0.608761 -0.793353
vn -0.173648 0.492404 -0.852869
vn -0.000000 0.500000 -0.866025
vn -0.173648 0.376870 -0.909844
vn -0.000000 0.382683 -0.923880
vn -0.173648 0.254887 -0.951251
vn -0.000000 0.258819 -0.965926
vn -0.173648 0.128543 -0.976383
vn -0.000000 0.130526 -0.991445
vn -0.173648 0.000000 -0.984808
vn -0.000000 -0.000000 -1.000000
vn -0.173648 -0.128543 -0.976383
vn -0.000000 -0.130526 -0.991445
vn -0.173648 -0.254887 -0.951251
vn -0.000000 -0.258819 -0.965926
vn -0.173648 -0.376870 -0.909844
vn -0.000000 -0.382683 -0.923880
vn -0.173648 -0.492404 -0.852869
vn -0.000000 -0.500000 -0.866025
vn -0.173648 -0.599513 -0.781301
vn -0.000000 -0.608761 -0.793353
vn -0.173648 -0.696364 -0.696364
vn -0.000000 -0.707107 -0.707107
vn -0.173648 -0.781301 -0.599513
vn -0.000000 -0.793353 -0.608761
vn -0.173648 -0.852869 -0.492404
vn -0.000000 -0.866025 -0.500000
vn 0.173648 0.909844 0.376870
vn 0.000000 0.965926 0.258819
vn 0.173648 0.951251 0.254887
vn 0.000000 0.991445 0.130526
vn 0.173648 0.976383 0.128543
vn 0.000000 1.000000 -0.000000
vn 0.173648 0.984808 -0.000000
vn 0.000000 0.991445 -0.130526
vn 0.173648 0.976383 -0.128543
vn 0.000000 0.965926 -0.258819
vn 0.173648 0.951251 -0.254887
vn 0.000000 0.923880 -0.382683
vn 0.173648 0.909844 -0.376870
vn 0.000000 0.866025 -0.500000
vn 0.173648 0.852869 -0.492404
vn 0.000000 0.793353 -0.608761
vn 0.173648 0.781301 -0.599513
vn 0.000000 0.707107 -0.707107
vn 0.173648 0.696364 -0.696364
vn 0.000000 0.608761 -0.793353
vn 0.173648 0.599513 -0.781301
vn 0.000000 0.500000 -0.866025
vn 0.173648 0.492404 -0.852869
vn 0.000000 0.382683 -0.923880
vn 0.173648 0.376870 -0.909844
vn 0.000000 0.258819 -0.965926
vn 0.173648 0.254887 -0.951251
vn 0.000000 0.130526 -0.991445
vn 0.173648 0.128543 -0.976383
vn 0.000000 -0.000000 -1.000000
vn 0.173648 -0.000000 -0.984808
vn 0.000000 -0.130526 -0.991445
vn 0.173648 -0.128543 -0.976383
vn 0.000000 -0.258819 -0.965926
vn 0.173648 -0.254887 -0.951251
vn 0.000000 -0.382683 -0.923880
vn 0.173648 -0.376870 -0.909844
vn 0.000000 -0.500000 -0.866025
vn 0.173648 -0.492404 -0.852869
vn 0.000000 -0.608761 -0.793353
vn 0.173648 -0.599513 -0.781301
vn 0.000000 -0.707107 -0.707107
vn 0.173648 -0.696364 -0.696364
vn 0.000000 -0.793353 -0.608761
vn 0.173648 -0.781301 -0.599513
vn 0.000000 -0.866025 -0.500000
vn 0.173648 -0.852869 -0.492404
vn 0.000000 -0.923880 -0.382683
vn 0.173648 -0.909844 -0.376870
vn 0.000000 -0.965926 -0.258819
vn 0.173648 -0.951251 -0.254887
vn 0.000000 -0.991445 -0.130526
vn 0.173648 -0.976383 -0.128543
vn 0.000000 -1.000000 0.000000
vn 0.173648 -0.984808 -0.000000
vn 0.000000 -0.991445 0.130526
vn 0.173648 -0.976383 0.128543
vn 0.000000 -0.965926 0.258819
vn 0.173648 -0.951251 0.254887
vn 0.000000 -0.923880 0.382683
vn 0.173648 -0.909844 0.376870
vn 0.000000 -0.866025 0.500000
vn 0.173648 -0.852869 0.492404
vn 0.000000 -0.793353 0.608761
vn 0.173648 -0.781301 0.599513
vn 0.000000 -0.707107 0.707107
vn 0.173648 -0.696364 0.696364
vn 0.000000 -0.608761 0.793353
vn 0.173648 -0.599513 0.781301
vn 0.000000 -0.500000 0.866025
vn 0.173648 -0.492404 0.852869
vn 0.000000 -0.382683 0.923880
vn 0.173648 -0.376870 0.909844
vn 0.000000 -0.258819 0.965926
vn 0.173648 -0.254887 0.951251
vn 0.000000 -0.130526 0.991445
vn 0.173648 -0.128543 0.976383
vn 0.000000 -0.000000 1.000000
vn 0.173648 -0.000000 0.984808
vn 0.000000 0.130526 0.991445
vn 0.173648 0.128543 0.976383
vn 0.000000 0.258819 0.965926
vn 0.173648 0.254887 0.951251
vn 0.000000 0.382683 0.923880
vn 0.173648 0.376870 0.909844
vn 0.000000 0.500000 0.866025
vn 0.173648 0.492404 0.852869
vn 0.000000 0.608761 0.793353
vn 0.173648 0.599513 0.781301
vn 0.000000 0.707107 0.707107
vn 0.173648 0.696364 0.696364
vn 0.000000 0.793353 0.608761
vn 0.173648 0.781301 0.599513
vn 0.000000 0.866025 0.500000
vn 0.173648 0.852869 0.492404
vn 0.000000 0.923880 0.382683
vn -0.000000 -0.923880 -0.382683
vn 0.173648 -0.909844 -0.376870
vn 0.000000 -0.965926 -0.258819
vn 0.173648 -0.951251 -0.254887
vn -0.000000 -0.991445 -0.130526
vn 0.173648 -0.976383 -0.128543
vn -0.000000 -1.000000 -0.000000
vn 0.173648 -0.984808 0.000000
vn -0.000000 -0.991445 0.130526
vn 0.173648 -0.976383 0.128543
vn -0.000000 -0.965926 0.258819
vn 0.173648 -0.951251 0.254887
vn -0.000000 -0.923880 0.382683
vn 0.173648 -0.909844 0.376870
vn -0.000000 -0.866025 0.500000
vn 0.173648 -0.852869 0.492404
vn -0.000000 -0.793353 0.608761
vn 0.173648 -0.781301 0.599513
vn 0.000000 -0.707107 0.707107
vn 0.173648 -0.696364 0.696364
vn 0.000000 -0.608761 0.793353
vn 0.173648 -0.599513 0.781301
vn 0.000000 -0.500000 0.866025
vn 0.173648 -0.492404 0.852869
vn 0.000000 -0.382683 0.923880
vn 0.173648 -0.376870 0.909844
vn 0.000000 -0.258819 0.965926
vn 0.173648 -0.254887 0.951251
vn 0.000000 -0.130526 0.991445
vn 0.173648 -0.128543 0.976383
vn 0.000000 -0.000000 1.000000
vn 0.173648 0.000000 0.984808
vn 0.000000 0.130526 0.991445
vn 0.173648 0.128543 0.976383
vn 0.000000 0.258819 0.965926
vn 0.173648 0.254887 0.951251
vn 0.000000 0.382683 0.923880
vn 0.173648 0.376870 0.909844
vn 0.000000 0.500000 0.866025
vn 0.173648 0.492404 0.852869
vn 0.000000 0.608761 0.793353
vn 0.173648 0.599513 0.781301
vn 0.000000 0.707107 0.707107
vn 0.173648 0.696364 0.696364
vn 0.000000 0.793353 0.608761
vn 0.173648 0.781301 0.599513
vn 0.000000 0.866025 0.500000
vn 0.173648 0.852869 0.492404
vn 0.000000 0.923880 0.382683
vn 0.173648 0.909844 0.376870
vn 0.000000 0.965926 0.258819
vn 0.173648 0.951251 0.254887
vn 0.000000 0.991445 0.130526
vn 0.173648 0.976383 0.128543
vn 0.000000 1.000000 0.000000
vn 0.173648 0.984808 -0.000000
vn 0.000000 0.991445 -0.130526
vn 0.173648 0.976383 -0.128543
vn 0.000000 0.965926 -0.258819
vn 0.173648 0.951251 -0.254887
vn 0.000000 0.923880 -0.382683
vn 0.173648 0.909844 -0.376870
vn 0.000000 0.866025 -0.500000
vn 0.173648 0.852869 -0.492404
vn 0.000000 0.793353 -0.608761
vn 0.173648 0.781301 -0.599513
vn -0.000000 0.707107 -0.707107
vn 0.173648 0.696364 -0.696364
vn -0.000000 0.608761 -0.793353
vn 0.173648 0.599513 -0.781301
vn -0.000000 0.500000 -0.866025
vn 0.173648 0.492404 -0.852869
vn -0.000000 0.382683 -0.923880
vn 0.173648 0.376870 -0.909844
vn -0.000000 0.258819 -0.965926
vn 0.173648 0.254887 -0.951251
vn -0.000000 0.130526 -0.991445
vn 0.173648 0.128543 -0.976383
vn -0.000000 0.000000 -1.000000
vn 0.173648 0.000000 -0.984808
vn -0.000000 -0.130526 -0.991445
vn 0.173648 -0.128543 -0.976383
vn -0.000000 -0.258819 -0.965926
vn 0.173648 -0.254887 -0.951251
vn -0.000000 -0.382683 -0.923880
vn 0.173648 -0.376870 -0.909844
vn -0.000000 -0.500000 -0.866025
vn 0.173648 -0.492404 -0.852869
vn -0.000000 -0.608761 -0.793353
vn 0.173648 -0.599513 -0.781301
vn -0.000000 -0.707107 -0.707107
vn 0.173648 -0.696364 -0.696364
vn -0.000000 -0.793353 -0.608761
vn 0.173648 -0.781301 -0.599513
vn -0.000000 -0.866025 -0.500000
vn 0.173648 -0.852869 -0.492404
vn -0.707107 -0.607271 -0.362246
vn -0.707107 -0.613192 -0.352131
vn -0.707107 -0.648363 -0.282180
vn -0.707107 -0.653150 -0.270914
vn -0.707107 -0.651142 -0.275707
vn -0.707107 -0.653543 -0.269965
vn -0.707107 -0.563185 -0.427577
vn -0.707107 -0.556343 -0.436443
vn -0.707107 -0.503951 -0.496018
vn -0.707107 -0.496403 -0.503571
vn -0.707107 -0.436459 -0.556331
vn -0.707107 -0.428422 -0.562543
vn -0.707107 -0.361815 -0.607528
vn -0.707107 -0.353502 -0.612402
vn -0.707107 -0.281243 -0.648770
vn -0.707107 -0.272856 -0.652342
vn -0.707107 -0.196062 -0.679382
vn -0.707107 -0.187790 -0.681715
vn -0.707107 -0.107669 -0.698862
vn -0.707107 -0.099682 -0.700045
vn -0.707107 -0.017511 -0.706890
vn -0.707107 -0.009960 -0.707037
vn -0.707107 0.072933 -0.703335
vn -0.707107 0.079924 -0.702575
vn -0.707107 0.162182 -0.688256
vn -0.707107 0.168513 -0.686734
vn -0.707107 0.248774 -0.661900
vn -0.707107 0.254373 -0.659769
vn -0.707107 0.331290 -0.624698
vn -0.707107 0.336112 -0.622116
vn -0.707107 0.408377 -0.577259
vn -0.707107 0.412407 -0.574387
vn -0.707107 0.478773 -0.520362
vn -0.707107 0.482022 -0.517354
vn -0.707107 0.541323 -0.454939
vn -0.707107 0.543829 -0.451941
vn -0.707107 0.595004 -0.382061
vn -0.707107 0.596827 -0.379207
vn -0.707107 0.638935 -0.302922
vn -0.707107 0.640157 -0.300331
vn -0.707107 0.672397 -0.218820
vn -0.707107 0.673119 -0.216590
vn -0.707107 0.694841 -0.131133
vn -0.707107 0.695177 -0.129341
vn -0.707107 0.705900 -0.041297
vn -0.707107 0.705975 -0.039997
vn -0.707107 0.705392 0.049216
vn -0.707107 0.705337 0.049996
vn -0.707107 0.693326 0.138922
vn -0.707107 0.693275 0.139178
vn -0.707107 0.669982 0.226106
vn -0.707107 0.669899 0.226352
vn -0.707107 0.635838 0.309371
vn -0.707107 0.635495 0.310074
vn -0.707107 0.591394 0.387625
vn -0.707107 0.590679 0.388714
vn -0.707107 0.537370 0.459601
vn -0.707107 0.536184 0.460985
vn -0.707107 0.474643 0.524132
vn -0.707107 0.472903 0.525702
vn -0.707107 0.404227 0.580173
vn -0.707107 0.401873 0.581806
vn -0.707107 0.327263 0.626816
vn -0.707107 0.324258 0.628376
vn -0.707107 0.244999 0.663306
vn -0.707107 0.241330 0.664650
vn -0.707107 0.158766 0.689053
vn -0.707107 0.154448 0.690033
vn -0.707107 0.069961 0.703637
vn -0.707107 0.065035 0.704110
vn -0.707107 -0.019977 0.706825
vn -0.707107 -0.025443 0.706649
vn -0.707107 -0.109591 0.698563
vn -0.707107 -0.115505 0.697609
vn -0.707107 -0.197430 0.678986
vn -0.707107 -0.203674 0.677139
vn -0.707107 -0.282071 0.648410
vn -0.707107 -0.288506 0.645573
vn -0.707107 -0.362144 0.607332
vn -0.707107 -0.368610 0.603429
vn -0.707107 -0.436350 0.556416
vn -0.707107 -0.442675 0.551397
vn -0.707107 -0.503488 0.496487
vn -0.707107 -0.509486 0.490331
vn -0.707107 -0.562471 0.428517
vn -0.707107 -0.567948 0.421230
vn -0.707107 -0.612343 0.353605
vn -0.707107 -0.617105 0.345227
vn -0.707107 -0.652296 0.272965
vn -0.707107 -0.656150 0.263567
vn -0.707107 -0.681683 0.187904
vn -0.707107 -0.684443 0.177589
vn -0.707107 -0.700029 0.099800
vn -0.707107 -0.701521 0.088700
vn -0.707107 -0.707035 0.010078
vn -0.707107 -0.707105 -0.001642
vn -0.707107 -0.702589 -0.079806
vn -0.707107 -0.701759 -0.086802
vn -0.707107 -0.700968 -0.092975
vn -0.707107 -0.701102 -0.091957
vn -0.000000 0.999977 -0.006812
vn -0.000000 0.999995 0.003149
vn -0.000000 0.992349 0.123462
vn -0.000000 0.991010 0.133790
vn -0.000000 0.991380 0.131018
vn -0.000000 0.990660 0.136352
vn -0.000000 0.991833 -0.127545
vn -0.000000 0.990575 -0.136970
vn -0.000000 0.966663 -0.256053
vn -0.000000 0.964305 -0.264796
vn -0.000000 0.924917 -0.380169
vn -0.000000 0.921612 -0.388112
vn -0.000000 0.867311 -0.497767
vn -0.000000 0.863225 -0.504819
vn -0.000000 0.794832 -0.606829
vn -0.000000 0.790138 -0.612929
vn 0.000000 0.708724 -0.705486
vn 0.000000 0.703595 -0.710601
vn 0.000000 0.610463 -0.792045
vn 0.000000 0.605070 -0.796172
vn 0.000000 0.501734 -0.865022
vn 0.000000 0.496241 -0.868185
vn 0.000000 0.384401 -0.923166
vn 0.000000 0.378962 -0.925412
vn 0.000000 0.260477 -0.965480
vn 0.000000 0.255228 -0.966881
vn 0.000000 0.132086 -0.991238
vn 0.000000 0.127149 -0.991884
vn 0.000000 0.001430 -0.999999
vn 0.000000 -0.003096 -0.999995
vn 0.000000 -0.129250 -0.991612
vn 0.000000 -0.133288 -0.991077
vn 0.000000 -0.257714 -0.966221
vn 0.000000 -0.261211 -0.965282
vn 0.000000 -0.381759 -0.924262
vn 0.000000 -0.384685 -0.923048
vn 0.000000 -0.499257 -0.866454
vn 0.000000 -0.501608 -0.865095
vn 0.000000 -0.608195 -0.793788
vn 0.000000 -0.609989 -0.792410
vn 0.000000 -0.706703 -0.707510
vn 0.000000 -0.707982 -0.706230
vn 0.000000 -0.793093 -0.609101
vn 0.000000 -0.793918 -0.608024
vn 0.000000 -0.865883 -0.500246
vn 0.000000 -0.866335 -0.499464
vn 0.000000 -0.923825 -0.382814
vn 0.000000 -0.923998 -0.382397
vn 0.000000 -0.965926 -0.258817
vn 0.000000 -0.965926 -0.258819
vn 0.000000 -0.991404 -0.130833
vn 0.000000 -0.991464 -0.130382
vn 0.000000 -1.000000 -0.000619
vn 0.000000 -1.000000 0.000289
vn 0.000000 -0.991566 0.129605
vn 0.000000 -0.991388 0.130954
vn 0.000000 -0.966246 0.257623
vn 0.000000 -0.965777 0.259374
vn 0.000000 -0.924471 0.381253
vn 0.000000 -0.923604 0.383347
vn 0.000000 -0.866953 0.498390
vn 0.000000 -0.865594 0.500746
vn 0.000000 -0.794671 0.607040
vn 0.000000 -0.792741 0.609558
vn -0.000000 -0.708856 0.705353
vn -0.000000 -0.706295 0.707918
vn -0.000000 -0.610970 0.791654
vn -0.000000 -0.607737 0.794139
vn -0.000000 -0.502679 0.864473
vn -0.000000 -0.498757 0.866742
vn -0.000000 -0.385828 0.922571
vn -0.000000 -0.381225 0.924482
vn -0.000000 -0.262406 0.964958
vn -0.000000 -0.257156 0.966370
vn -0.000000 -0.134516 0.990911
vn -0.000000 -0.128678 0.991686
vn -0.000000 -0.004335 0.999991
vn -0.000000 0.002007 0.999998
vn -0.000000 0.125920 0.992040
vn -0.000000 0.132658 0.991162
vn -0.000000 0.254031 0.967196
vn -0.000000 0.261034 0.965330
vn -0.000000 0.377815 0.925881
vn -0.000000 0.384934 0.922944
vn -0.000000 0.495166 0.868799
vn -0.000000 0.502233 0.864732
vn -0.000000 0.604084 0.796921
vn -0.000000 0.610920 0.791692
vn -0.000000 0.702714 0.711472
vn -0.000000 0.709131 0.705077
vn -0.000000 0.789378 0.613907
vn -0.000000 0.795182 0.606370
vn -0.000000 0.862599 0.505888
vn -0.000000 0.867598 0.497267
vn -0.000000 0.921131 0.389253
vn -0.000000 0.925136 0.379636
vn -0.000000 0.924070 0.382224
vn -0.000000 0.926114 0.377245
vn 0.733911 0.627520 0.259986
vn 0.733911 0.588218 0.339668
vn 0.688527 0.669959 0.277644
vn 0.400471 0.796255 0.453432
vn 0.528971 0.784026 0.324797
vn 0.354092 0.864251 0.357336
vn 0.400471 0.731720 0.551551
vn 0.733911 0.538851 0.413538
vn 0.400471 0.655165 0.640611
vn 0.733911 0.480265 0.480332
vn 0.400471 0.567847 0.719147
vn 0.733911 0.413463 0.538909
vn 0.400471 0.471202 0.785870
vn 0.733911 0.339586 0.588265
vn 0.400471 0.366816 0.839684
vn 0.733911 0.259899 0.627556
vn 0.400471 0.256405 0.879704
vn 0.733911 0.175765 0.656110
vn 0.400471 0.141782 0.905274
vn 0.733911 0.088624 0.673439
vn 0.400471 0.024830 0.915973
vn 0.733911 -0.000033 0.679245
vn 0.400471 -0.092530 0.911625
vn 0.733911 -0.088689 0.673430
vn 0.400471 -0.208370 0.892303
vn 0.733911 -0.175829 0.656093
vn 0.400471 -0.320788 0.858323
vn 0.733911 -0.259960 0.627531
vn 0.400471 -0.427935 0.810243
vn 0.733911 -0.339643 0.588232
vn 0.400471 -0.528053 0.748854
vn 0.733911 -0.413515 0.538869
vn 0.400471 -0.619497 0.675163
vn 0.733911 -0.480312 0.480286
vn 0.400471 -0.700765 0.590382
vn 0.733911 -0.538891 0.413486
vn 0.400471 -0.770521 0.495903
vn 0.733911 -0.588250 0.339611
vn 0.400471 -0.827620 0.393278
vn 0.733911 -0.627545 0.259926
vn 0.400471 -0.871124 0.284192
vn 0.733911 -0.656103 0.175793
vn 0.400471 -0.900319 0.170438
vn 0.733911 -0.673435 0.088653
vn 0.400471 -0.914724 0.053884
vn 0.733911 -0.679245 -0.000004
vn 0.400471 -0.914103 -0.063555
vn 0.733911 -0.673434 -0.088661
vn 0.400471 -0.898466 -0.179950
vn 0.733911 -0.656101 -0.175801
vn 0.400471 -0.868070 -0.293388
vn 0.733911 -0.627542 -0.259933
vn 0.400471 -0.823415 -0.402008
vn 0.733911 -0.588247 -0.339618
vn 0.400471 -0.765234 -0.504024
vn 0.733911 -0.538887 -0.413492
vn 0.400471 -0.694482 -0.597760
vn 0.733911 -0.480307 -0.480291
vn 0.400471 -0.612323 -0.681677
vn 0.733911 -0.413509 -0.538874
vn 0.400471 -0.520104 -0.754396
vn 0.733911 -0.339636 -0.588236
vn 0.400471 -0.419343 -0.814723
vn 0.733911 -0.259953 -0.627534
vn 0.400471 -0.311693 -0.861667
vn 0.733911 -0.175821 -0.656095
vn 0.400471 -0.198922 -0.894457
vn 0.733911 -0.088682 -0.673431
vn 0.400471 -0.082884 -0.912553
vn 0.733911 -0.000025 -0.679245
vn 0.400471 0.034515 -0.915659
vn 0.733911 0.088632 -0.673438
vn 0.400471 0.151348 -0.903724
vn 0.733911 0.175773 -0.656108
vn 0.400471 0.265694 -0.876943
vn 0.733911 0.259906 -0.627553
vn 0.400471 0.375676 -0.835757
vn 0.733911 0.339592 -0.588261
vn 0.400471 0.479486 -0.780843
vn 0.733911 0.413469 -0.538904
vn 0.400471 0.575421 -0.713101
vn 0.733911 0.480271 -0.480327
vn 0.400471 0.661903 -0.633646
vn 0.733911 0.538856 -0.413532
vn 0.400471 0.737512 -0.543782
vn 0.733911 0.588221 -0.339661
vn 0.400471 0.801006 -0.444986
vn 0.733911 0.627523 -0.259979
vn 0.400471 0.851342 -0.338879
vn 0.733911 0.656088 -0.175849
vn 0.400471 0.887694 -0.227206
vn 0.733911 0.673427 -0.088711
vn 0.400471 0.909463 -0.111801
vn 0.733911 0.679245 -0.000054
vn 0.400471 0.916293 0.005441
vn 0.733911 0.673442 0.088603
vn 0.688526 0.719024 0.094531
vn 0.528975 0.841383 0.110727
vn 0.354100 0.927129 0.122660
vn 0.733911 0.673442 0.088603
vn 0.437352 0.891483 0.118243
vn 0.283628 0.958856 0.012290
vn 0.040755 0.990432 0.131843
vn -0.246349 0.969102 0.012421
vn -0.153530 0.979430 0.130939
vn -0.338805 0.932364 0.126130
vn -0.505709 0.854638 0.117700
vn -0.707107 0.707049 0.009062
vn -0.707107 0.700052 0.099636
vn 0.283628 0.952518 -0.110743
vn 0.283628 0.930460 -0.231949
vn 0.283628 0.893044 -0.349325
vn 0.283628 0.840888 -0.460937
vn 0.283628 0.774853 -0.564940
vn 0.283628 0.696030 -0.659619
vn 0.283628 0.605718 -0.743411
vn 0.283628 0.505409 -0.814933
vn 0.283628 0.396759 -0.873005
vn 0.283628 0.281559 -0.916668
vn 0.283628 0.161713 -0.945200
vn 0.283628 0.039197 -0.958133
vn 0.283628 -0.083965 -0.955251
vn 0.283628 -0.205742 -0.936603
vn 0.283628 -0.324122 -0.902496
vn 0.283628 -0.437154 -0.853494
vn 0.283628 -0.542969 -0.790404
vn 0.283628 -0.639824 -0.714269
vn 0.283628 -0.726118 -0.626345
vn 0.283628 -0.800427 -0.528083
vn 0.283628 -0.861525 -0.421105
vn 0.283628 -0.908404 -0.307177
vn 0.283628 -0.940289 -0.188178
vn 0.283628 -0.956655 -0.066074
vn 0.283628 -0.957232 0.057121
vn 0.283628 -0.942009 0.179373
vn 0.283628 -0.911238 0.298664
vn 0.283628 -0.865427 0.413026
vn 0.283628 -0.805333 0.520571
vn 0.283628 -0.731946 0.619524
vn 0.283628 -0.646479 0.708252
vn 0.283628 -0.550341 0.785290
vn 0.283628 -0.445120 0.849366
vn 0.283628 -0.332552 0.899424
vn 0.283628 -0.214496 0.934637
vn 0.283628 -0.092899 0.954424
vn 0.283628 0.030231 0.958458
vn 0.283628 0.152862 0.946672
vn 0.283628 0.272970 0.919262
vn 0.283628 0.388573 0.876679
vn 0.283628 0.497762 0.819627
vn 0.283628 0.598736 0.749046
vn 0.283628 0.689828 0.666103
vn 0.283628 0.769534 0.572165
vn 0.283628 0.836538 0.468784
vn 0.437355 0.831168 0.343337
vn 0.040761 0.923662 0.381034
vn 0.733911 0.627520 0.259986
vn -0.246349 0.845477 0.473793
vn -0.153503 0.913686 0.376318
vn -0.338762 0.870531 0.356955
vn -0.505655 0.799017 0.325399
vn -0.707107 0.616853 0.345676
vn -0.246349 0.777757 0.578279
vn -0.707107 0.567445 0.421908
vn -0.246349 0.697199 0.673220
vn -0.707107 0.508671 0.491176
vn -0.246349 0.605134 0.757050
vn -0.707107 0.441501 0.552338
vn -0.246349 0.503081 0.828385
vn -0.707107 0.367044 0.604383
vn -0.246349 0.392725 0.886047
vn -0.707107 0.286529 0.646453
vn -0.246349 0.275887 0.929085
vn -0.707107 0.201285 0.677853
vn -0.246349 0.154496 0.956788
vn -0.707107 0.112719 0.698065
vn -0.246349 0.030554 0.968699
vn -0.707107 0.022292 0.706755
vn -0.246349 -0.093892 0.964622
vn -0.707107 -0.068503 0.703781
vn -0.246349 -0.216788 0.944624
vn -0.707107 -0.158167 0.689190
vn -0.246349 -0.336106 0.909035
vn -0.707107 -0.245220 0.663225
vn -0.246349 -0.449876 0.858442
vn -0.707107 -0.328226 0.626313
vn -0.246349 -0.556222 0.793681
vn -0.707107 -0.405815 0.579063
vn -0.246349 -0.653387 0.715820
vn -0.707107 -0.476706 0.522256
vn -0.246349 -0.739767 0.626144
vn -0.707107 -0.539728 0.456830
vn -0.246349 -0.813938 0.526134
vn -0.707107 -0.593843 0.383863
vn -0.246349 -0.874675 0.417440
vn -0.707107 -0.638156 0.304560
vn -0.246349 -0.920975 0.301855
vn -0.707107 -0.671936 0.220231
vn -0.246349 -0.952075 0.181289
vn -0.707107 -0.694626 0.132267
vn -0.246349 -0.967460 0.057731
vn -0.707107 -0.705851 0.042120
vn -0.246349 -0.966878 -0.066780
vn -0.707107 -0.705426 -0.048722
vn -0.246349 -0.950337 -0.190189
vn -0.707107 -0.693358 -0.138761
vn -0.246349 -0.918111 -0.310459
vn -0.707107 -0.669846 -0.226509
vn -0.246349 -0.870731 -0.425605
vn -0.707107 -0.635278 -0.310518
vn -0.246349 -0.808980 -0.533726
vn -0.707107 -0.590225 -0.389402
vn -0.246349 -0.733877 -0.633038
vn -0.707107 -0.535430 -0.461860
vn -0.246349 -0.646661 -0.721902
vn -0.707107 -0.471798 -0.526694
vn -0.246349 -0.548772 -0.798850
vn -0.707107 -0.400379 -0.582835
vn -0.246349 -0.441825 -0.862614
vn -0.707107 -0.322352 -0.629356
vn -0.246349 -0.327586 -0.912140
vn -0.707107 -0.239004 -0.665490
vn -0.246349 -0.207940 -0.946611
vn -0.707107 -0.151711 -0.690640
vn -0.246349 -0.084862 -0.965459
vn -0.707107 -0.061915 -0.704391
vn -0.246349 0.039616 -0.968371
vn -0.707107 0.028904 -0.706516
vn -0.246349 0.163441 -0.955301
vn -0.707107 0.119245 -0.696980
vn -0.246349 0.284568 -0.926463
vn -0.707107 0.207618 -0.675940
vn -0.246349 0.400998 -0.882334
vn -0.707107 0.292565 -0.643744
vn -0.246349 0.510810 -0.823642
vn -0.707107 0.372683 -0.600922
vn -0.246349 0.612191 -0.751355
vn -0.707107 0.446649 -0.548183
vn -0.246349 0.703467 -0.666668
vn -0.707107 0.513244 -0.486395
vn -0.246349 0.783133 -0.570977
vn -0.707107 0.571368 -0.416580
vn -0.246349 0.849873 -0.465862
vn -0.707107 0.620061 -0.339889
vn -0.246349 0.902586 -0.353058
vn -0.707107 0.658520 -0.257588
vn -0.246349 0.940402 -0.234427
vn -0.707107 0.686110 -0.171036
vn -0.246349 0.962697 -0.111927
vn -0.707107 0.702376 -0.081661
vn -0.707107 0.656081 0.263738
vn -0.000000 -0.923880 -0.382683
vn -0.382683 -0.875188 -0.295972
vn -0.000000 -0.965926 -0.258819
vn -0.382683 -0.905921 -0.181275
vn -0.000000 -0.991445 -0.130526
vn -0.382683 -0.921689 -0.063583
vn -0.000000 -1.000000 -0.000000
vn -0.382683 -0.922284 0.054266
vn -0.000000 -0.991445 0.130526
vn -0.382683 -0.907773 0.171760
vn -0.000000 -0.965926 0.258819
vn -0.382683 -0.878356 0.286433
vn -0.000000 -0.923880 0.382683
vn -0.382683 -0.834517 0.396403
vn -0.000000 -0.866025 0.500000
vn -0.382683 -0.776974 0.499864
vn -0.000000 -0.793353 0.608761
vn -0.382683 -0.706674 0.595118
vn -0.000000 -0.707107 0.707107
vn -0.382683 -0.624770 0.680599
vn -0.000000 -0.608761 0.793353
vn -0.382683 -0.532608 0.754906
vn -0.000000 -0.500000 0.866025
vn -0.382683 -0.431700 0.816816
vn -0.000000 -0.382683 0.923880
vn -0.382683 -0.323704 0.865315
vn -0.000000 -0.258819 0.965926
vn -0.382683 -0.210392 0.899605
vn -0.000000 -0.130526 0.991445
vn -0.382683 -0.093626 0.919123
vn -0.000000 -0.000000 1.000000
vn -0.382683 0.024678 0.923550
vn -0.000000 0.130526 0.991445
vn -0.382683 0.142576 0.912812
vn -0.000000 0.258819 0.965926
vn -0.382683 0.258133 0.887085
vn -0.000000 0.382683 0.923880
vn -0.382683 0.369452 0.846793
vn -0.000000 0.500000 0.866025
vn -0.382683 0.474704 0.792596
vn -0.000000 0.608761 0.793353
vn -0.382683 0.572162 0.725385
vn -0.000000 0.707107 0.707107
vn -0.382683 0.660225 0.646264
vn -0.000000 0.793353 0.608761
vn -0.382683 0.737447 0.556530
vn -0.000000 0.866025 0.500000
vn -0.382683 0.802560 0.457658
vn -0.000000 0.923880 0.382683
vn -0.382683 0.854495 0.351272
vn -0.000000 0.965926 0.258819
vn -0.382683 0.892399 0.239118
vn -0.382683 0.915650 0.123037
vn -0.553182 0.815502 0.170138
vn -0.496758 0.855294 0.147321
vn -0.382683 -0.829998 -0.405780
vn -0.000000 -0.866025 -0.500000
vn -0.382683 -0.771589 -0.508138
vn -0.000000 -0.793353 -0.608761
vn -0.382683 -0.700275 -0.602635
vn -0.000000 -0.707107 -0.707107
vn -0.382683 -0.617462 -0.687236
vn -0.000000 -0.608761 -0.793353
vn -0.382683 -0.524511 -0.760554
vn -0.000000 -0.500000 -0.866025
vn -0.382683 -0.422947 -0.821382
vn -0.000000 -0.382683 -0.923880
vn -0.382683 -0.314439 -0.868724
vn -0.000000 -0.258819 -0.965926
vn -0.382683 -0.200767 -0.901801
vn -0.000000 -0.130526 -0.991445
vn -0.382683 -0.083799 -0.920071
vn -0.000000 0.000000 -1.000000
vn -0.382683 0.034545 -0.923233
vn -0.000000 0.130526 -0.991445
vn -0.382683 0.152322 -0.911236
vn -0.000000 0.258819 -0.965926
vn -0.382683 0.267598 -0.884276
vn -0.000000 0.382683 -0.923880
vn -0.382683 0.378479 -0.842797
vn -0.000000 0.500000 -0.866025
vn -0.382683 0.483147 -0.787479
vn -0.000000 0.608761 -0.793353
vn -0.382683 0.579880 -0.719230
vn -0.000000 0.707107 -0.707107
vn -0.382683 0.667093 -0.639172
vn -0.000000 0.793353 -0.608761
vn -0.382683 0.743351 -0.548618
vn -0.000000 0.866025 -0.500000
vn -0.382683 0.807404 -0.449056
vn -0.000000 0.923880 -0.382683
vn -0.382683 0.858200 -0.342121
vn -0.000000 0.965926 -0.258819
vn -0.382683 0.894903 -0.229568
vn -0.000000 0.991445 -0.130526
vn -0.382683 0.916913 -0.113246
vn -0.000000 1.000000 0.000000
vn -0.382683 0.923866 0.004936
vn -0.000000 0.991445 0.130526
vn -0.561570 0.816868 0.131779
vn -0.707107 0.698979 0.106900
vn -0.707107 0.706924 0.016092
vn -0.707107 0.703120 -0.074984
vn -0.707107 0.687631 -0.164813
vn -0.707107 0.660715 -0.251904
vn -0.707107 0.622819 -0.334809
vn -0.707107 0.574572 -0.412149
vn -0.707107 0.516777 -0.482640
vn -0.707107 0.450394 -0.545110
vn -0.707107 0.376526 -0.598522
vn -0.707107 0.296401 -0.641987
vn -0.707107 0.211349 -0.674783
vn -0.707107 0.122786 -0.696365
vn -0.707107 0.032182 -0.706374
vn -0.707107 -0.058957 -0.704645
vn -0.707107 -0.149116 -0.691205
vn -0.707107 -0.236797 -0.666279
vn -0.707107 -0.320542 -0.630280
vn -0.707107 -0.398961 -0.583806
vn -0.707107 -0.470750 -0.527631
vn -0.707107 -0.534715 -0.462687
vn -0.707107 -0.589794 -0.390054
vn -0.707107 -0.635072 -0.310939
vn -0.707107 -0.669796 -0.226657
vn -0.707107 -0.693389 -0.138608
vn -0.707107 -0.705458 -0.048255
vn -0.707107 -0.705804 0.042899
vn -0.707107 -0.694421 0.133341
vn -0.707107 -0.671497 0.221567
vn -0.707107 -0.637414 0.306110
vn -0.707107 -0.592738 0.385567
vn -0.707107 -0.538212 0.458616
vn -0.707107 -0.474741 0.524043
vn -0.707107 -0.403381 0.580761
vn -0.707107 -0.325317 0.627829
vn -0.707107 -0.241847 0.664462
vn -0.707107 -0.154358 0.690053
vn -0.707107 -0.064303 0.704177
vn -0.707107 0.026820 0.706598
vn -0.707107 0.117497 0.697276
vn -0.707107 0.206222 0.676367
vn -0.707107 0.291519 0.644218
vn -0.707107 0.371972 0.601362
vn -0.707107 0.446244 0.548513
vn -0.707107 0.513099 0.486549
vn -0.707107 0.571427 0.416498
vn -0.707107 0.620260 0.339526
vn -0.707107 0.658784 0.256912
vn -0.548401 0.781877 0.296521
vn -0.498162 0.814327 0.297837
vn -0.553182 0.791317 0.260397
vn -0.553182 0.800503 0.230619
vn -0.553182 0.808568 0.200519
vn -0.000000 0.923880 0.382683
vn -0.000000 0.965926 0.258819
vn -0.000000 0.991445 0.130526
vn -0.000000 1.000000 -0.000000
vn -0.000000 0.991445 -0.130526
vn -0.000000 0.965926 -0.258819
vn -0.000000 0.923880 -0.382683
vn -0.000000 0.866025 -0.500000
vn -0.000000 0.793353 -0.608761
vn 0.000000 0.707107 -0.707107
vn 0.000000 0.608761 -0.793353
vn 0.000000 0.500000 -0.866025
vn 0.000000 0.382683 -0.923880
vn 0.000000 0.258819 -0.965926
vn 0.000000 0.130526 -0.991445
vn 0.000000 -0.000000 -1.000000
vn 0.000000 -0.130526 -0.991445
vn 0.000000 -0.258819 -0.965926
vn 0.000000 -0.382683 -0.923880
vn 0.000000 -0.500000 -0.866025
vn 0.000000 -0.608761 -0.793353
vn 0.000000 -0.707107 -0.707107
vn 0.000000 -0.793353 -0.608761
vn 0.000000 -0.866025 -0.500000
vn 0.000000 -0.923880 -0.382683
vn 0.000000 -0.965926 -0.258819
vn 0.000000 -0.991445 -0.130526
vn 0.000000 -1.000000 0.000000
vn 0.000000 -0.991445 0.130526
vn 0.000000 -0.965926 0.258819
vn 0.000000 -0.923880 0.382683
vn 0.000000 -0.866025 0.500000
vn 0.000000 -0.793353 0.608761
vn -0.000000 -0.707107 0.707107
vn -0.000000 -0.608761 0.793353
vn -0.000000 -0.500000 0.866025
vn -0.000000 -0.382683 0.923880
vn -0.000000 -0.258819 0.965926
vn -0.000000 -0.130526 0.991445
vn -0.000000 0.000000 1.000000
vn -0.000000 0.130526 0.991445
vn -0.000000 0.258819 0.965926
vn -0.000000 0.382683 0.923880
vn -0.000000 0.500000 0.866025
vn -0.000000 0.608761 0.793353
vn -0.000000 0.707107 0.707107
vn -0.000000 0.793353 0.608761
vn -0.000000 0.866025 0.500000
vn 0.000000 -0.991508 -0.130046
vn 0.000000 -0.991508 -0.130046
vn 0.000000 -0.999986 -0.005343
vn 0.000000 -0.999997 -0.002322
vn 0.000000 -0.992459 0.122576
vn 0.000000 -0.992101 0.125441
vn 0.000000 -0.968636 0.248483
vn 0.000000 -0.967949 0.251148
vn 0.000000 -0.928909 0.370309
vn 0.000000 -0.927936 0.372740
vn 0.000000 -0.873928 0.486055
vn 0.000000 -0.872718 0.488225
vn 0.000000 -0.804598 0.593820
vn 0.000000 -0.803200 0.595709
vn -0.000000 -0.722056 0.691835
vn -0.000000 -0.720521 0.693433
vn -0.000000 -0.627658 0.778489
vn -0.000000 -0.626037 0.779794
vn -0.000000 -0.522954 0.852361
vn -0.000000 -0.521294 0.853377
vn -0.000000 -0.409663 0.912237
vn -0.000000 -0.408009 0.912978
vn -0.000000 -0.289646 0.957134
vn -0.000000 -0.288039 0.957619
vn -0.000000 -0.164872 0.986315
vn -0.000000 -0.163349 0.986568
vn -0.000000 -0.037391 0.999301
vn -0.000000 -0.035982 0.999352
vn -0.000000 0.091974 0.995761
vn -0.000000 0.091974 0.995761
vn -0.000000 0.218423 0.975854
vn -0.000000 0.218423 0.975854
vn -0.000000 0.341293 0.939957
vn -0.000000 0.341293 0.939957
vn -0.000000 0.458571 0.888658
vn -0.000000 0.458571 0.888658
vn -0.000000 0.568334 0.822798
vn -0.000000 0.568334 0.822798
vn -0.000000 0.668785 0.743455
vn -0.000000 0.668785 0.743455
vn -0.000000 0.758278 0.651931
vn -0.000000 0.758278 0.651931
vn -0.000000 0.835346 0.549724
vn -0.000000 0.835346 0.549724
vn -0.000000 0.898726 0.438510
vn -0.000000 0.898726 0.438510
vn -0.000000 0.947380 0.320111
vn -0.000000 0.947380 0.320111
vn -0.000000 0.980511 0.196466
vn -0.000000 0.980511 0.196466
vn -0.000000 0.997575 0.069602
vn -0.000000 0.997575 0.069602
vn -0.000000 0.998293 -0.058402
vn -0.000000 0.998293 -0.058402
vn -0.000000 0.982654 -0.185450
vn -0.000000 0.982654 -0.185450
vn -0.000000 0.950913 -0.309459
vn -0.000000 0.950913 -0.309459
vn -0.000000 0.903591 -0.428397
vn -0.000000 0.903591 -0.428397
vn -0.000000 0.841463 -0.540315
vn -0.000000 0.841463 -0.540315
vn 0.000000 0.765547 -0.643380
vn 0.000000 0.765547 -0.643380
vn 0.000000 0.677087 -0.735903
vn 0.000000 0.677087 -0.735903
vn 0.000000 0.577532 -0.816368
vn 0.000000 0.577532 -0.816368
vn 0.000000 0.468515 -0.883456
vn 0.000000 0.467269 -0.884115
vn 0.000000 0.351820 -0.936068
vn 0.000000 0.350374 -0.936610
vn 0.000000 0.229361 -0.973342
vn 0.000000 0.227727 -0.973725
vn 0.000000 0.103143 -0.994667
vn 0.000000 0.101340 -0.994852
vn 0.000000 -0.024765 -0.999693
vn 0.000000 -0.026711 -0.999643
vn 0.000000 -0.152267 -0.988339
vn 0.000000 -0.154323 -0.988020
vn 0.000000 -0.277274 -0.960791
vn 0.000000 -0.279402 -0.960174
vn 0.000000 -0.397737 -0.917499
vn 0.000000 -0.399892 -0.916562
vn 0.000000 -0.511684 -0.859174
vn 0.000000 -0.513816 -0.857900
vn 0.000000 -0.617246 -0.786770
vn 0.000000 -0.619304 -0.785152
vn 0.000000 -0.712694 -0.701475
vn 0.000000 -0.714622 -0.699511
vn 0.000000 -0.796464 -0.604686
vn 0.000000 -0.798207 -0.602384
vn 0.000000 -0.867184 -0.497988
vn 0.000000 -0.868684 -0.495366
vn 0.000000 -0.923694 -0.383131
vn 0.000000 -0.923694 -0.383131
vn 0.000000 -0.924975 -0.380029
vn 0.000000 -0.924975 -0.380029
vn 0.000000 -0.928547 -0.371215
vn 0.000000 -0.933711 -0.358027
vn 0.000000 -0.939572 -0.342352
vn 0.000000 -0.965926 -0.258819
vn 0.000000 -0.957956 -0.286916
vn 0.000000 -0.973072 -0.230501
vn 0.000000 -0.984869 -0.173300
vn 0.000000 -0.991064 -0.133387
vn 0.000000 -0.984869 -0.173300
vn 0.000000 -0.987626 -0.156831
vn 0.000000 -0.989750 -0.142813
vn 0.000000 -0.991064 -0.133387
vn 0.000000 -0.991508 -0.130046
vn 0.000000 -0.999997 -0.002322
vn 0.000000 -0.992101 0.125441
vn 0.000000 -0.967949 0.251148
vn 0.000000 -0.927936 0.372740
vn 0.000000 -0.872718 0.488225
vn 0.000000 -0.803200 0.595709
vn -0.000000 -0.720521 0.693433
vn -0.000000 -0.626037 0.779794
vn -0.000000 -0.521294 0.853377
vn -0.000000 -0.408009 0.912978
vn -0.000000 -0.288039 0.957619
vn -0.000000 -0.163349 0.986568
vn -0.000000 -0.035982 0.999352
vn -0.000000 0.091974 0.995761
vn -0.000000 0.218423 0.975854
vn -0.000000 0.341293 0.939957
vn -0.000000 0.458571 0.888658
vn -0.000000 0.568334 0.822798
vn -0.000000 0.668785 0.743455
vn -0.000000 0.758278 0.651931
vn -0.000000 0.835346 0.549724
vn -0.000000 0.898726 0.438510
vn -0.000000 0.947380 0.320111
vn -0.000000 0.980511 0.196466
vn -0.000000 0.997575 0.069602
vn -0.000000 0.998293 -0.058402
vn -0.000000 0.982654 -0.185450
vn -0.000000 0.950913 -0.309459
vn -0.000000 0.903591 -0.428397
vn -0.000000 0.841463 -0.540315
vn 0.000000 0.765547 -0.643380
vn 0.000000 0.677087 -0.735903
vn 0.000000 0.577532 -0.816368
vn 0.000000 0.468515 -0.883456
vn 0.000000 0.351820 -0.936068
vn 0.000000 0.229361 -0.973342
vn 0.000000 0.103143 -0.994667
vn 0.000000 -0.024765 -0.999693
vn 0.000000 -0.152267 -0.988339
vn 0.000000 -0.277274 -0.960791
vn 0.000000 -0.397737 -0.917499
vn 0.000000 -0.511684 -0.859174
vn 0.000000 -0.617246 -0.786770
vn 0.000000 -0.712694 -0.701475
vn 0.000000 -0.796464 -0.604686
vn 0.000000 -0.867184 -0.497988
vn 0.000000 -0.923694 -0.383131
vn 0.000000 -0.923694 -0.383131
vn 0.000000 -0.924975 -0.380029
vn 0.000000 -0.928547 -0.371215
vn 0.000000 -0.933711 -0.358027
vn 0.000000 -0.939572 -0.342352
vn 0.000000 -0.957956 -0.286916
vn 0.000000 -0.973072 -0.230501
vn 0.000000 -0.987626 -0.156831
vn 0.000000 -0.989750 -0.142813
vn 0.000000 -0.991064 -0.133387
vn 0.000000 -0.991508 -0.130046
vn 0.707107 -0.707035 0.010078
vn 0.707107 -0.707105 -0.001642
vn 0.707107 -0.702589 -0.079806
vn 0.707107 -0.701102 -0.091957
vn 0.707107 -0.701759 -0.086802
vn 0.707107 -0.700968 -0.092975
vn 0.707107 -0.701521 0.088700
vn 0.707107 -0.700029 0.099800
vn 0.707107 -0.684443 0.177589
vn 0.707107 -0.681683 0.187904
vn 0.707107 -0.656150 0.263567
vn 0.707107 -0.652296 0.272965
vn 0.707107 -0.617105 0.345227
vn 0.707107 -0.612343 0.353605
vn 0.707107 -0.567948 0.421230
vn 0.707107 -0.562471 0.428517
vn 0.707107 -0.509486 0.490331
vn 0.707107 -0.503488 0.496487
vn 0.707107 -0.442675 0.551397
vn 0.707107 -0.436350 0.556416
vn 0.707107 -0.368610 0.603429
vn 0.707107 -0.362144 0.607332
vn 0.707107 -0.288506 0.645573
vn 0.707107 -0.282071 0.648410
vn 0.707107 -0.203674 0.677139
vn 0.707107 -0.197430 0.678986
vn 0.707107 -0.115505 0.697609
vn 0.707107 -0.109591 0.698563
vn 0.707107 -0.025443 0.706649
vn 0.707107 -0.019977 0.706825
vn 0.707107 0.065035 0.704110
vn 0.707107 0.069961 0.703637
vn 0.707107 0.154448 0.690033
vn 0.707107 0.158766 0.689053
vn 0.707107 0.241330 0.664650
vn 0.707107 0.244999 0.663306
vn 0.707107 0.324258 0.628376
vn 0.707107 0.327263 0.626816
vn 0.707107 0.401873 0.581806
vn 0.707107 0.404227 0.580173
vn 0.707107 0.472903 0.525702
vn 0.707107 0.474643 0.524132
vn 0.707107 0.536184 0.460985
vn 0.707107 0.537370 0.459601
vn 0.707107 0.590679 0.388714
vn 0.707107 0.591394 0.387625
vn 0.707107 0.635495 0.310074
vn 0.707107 0.635838 0.309371
vn 0.707107 0.669899 0.226352
vn 0.707107 0.669982 0.226106
vn 0.707107 0.693275 0.139178
vn 0.707107 0.693326 0.138922
vn 0.707107 0.705337 0.049996
vn 0.707107 0.705392 0.049216
vn 0.707107 0.705975 -0.039997
vn 0.707107 0.705900 -0.041297
vn 0.707107 0.695177 -0.129341
vn 0.707107 0.694841 -0.131133
vn 0.707107 0.673119 -0.216590
vn 0.707107 0.672397 -0.218820
vn 0.707107 0.640157 -0.300331
vn 0.707107 0.638935 -0.302922
vn 0.707107 0.596827 -0.379207
vn 0.707107 0.595004 -0.382061
vn 0.707107 0.543829 -0.451941
vn 0.707107 0.541323 -0.454939
vn 0.707107 0.482022 -0.517354
vn 0.707107 0.478773 -0.520362
vn 0.707107 0.412407 -0.574387
vn 0.707107 0.408377 -0.577259
vn 0.707107 0.336112 -0.622116
vn 0.707107 0.331290 -0.624698
vn 0.707107 0.254373 -0.659769
vn 0.707107 0.248774 -0.661900
vn 0.707107 0.168513 -0.686734
vn 0.707107 0.162182 -0.688256
vn 0.707107 0.079924 -0.702575
vn 0.707107 0.072933 -0.703335
vn 0.707107 -0.009960 -0.707037
vn 0.707107 -0.017511 -0.706890
vn 0.707107 -0.099682 -0.700045
vn 0.707107 -0.107669 -0.698862
vn 0.707107 -0.187790 -0.681715
vn 0.707107 -0.196062 -0.679382
vn 0.707107 -0.272856 -0.652342
vn 0.707107 -0.281243 -0.648770
vn 0.707107 -0.353502 -0.612402
vn 0.707107 -0.361815 -0.607528
vn 0.707107 -0.428422 -0.562543
vn 0.707107 -0.436459 -0.556331
vn 0.707107 -0.496403 -0.503571
vn 0.707107 -0.503951 -0.496018
vn 0.707107 -0.556343 -0.436443
vn 0.707107 -0.563185 -0.427577
vn 0.707107 -0.607271 -0.362246
vn 0.707107 -0.613192 -0.352131
vn 0.707107 -0.648363 -0.282180
vn 0.707107 -0.651142 -0.275707
vn 0.707107 -0.653543 -0.269965
vn 0.707107 -0.653150 -0.270914
vn -0.000000 0.862599 0.505888
vn -0.000000 0.867598 0.497267
vn -0.000000 0.921131 0.389253
vn -0.000000 0.925136 0.379636
vn -0.000000 0.924070 0.382224
vn -0.000000 0.926114 0.377245
vn -0.000000 0.795182 0.606370
vn -0.000000 0.789378 0.613907
vn -0.000000 0.709131 0.705077
vn -0.000000 0.702714 0.711472
vn -0.000000 0.610920 0.791692
vn -0.000000 0.604084 0.796921
vn -0.000000 0.502233 0.864732
vn -0.000000 0.495166 0.868799
vn -0.000000 0.384934 0.922944
vn -0.000000 0.377815 0.925881
vn -0.000000 0.261034 0.965330
vn -0.000000 0.254031 0.967196
vn -0.000000 0.132658 0.991162
vn -0.000000 0.125920 0.992040
vn -0.000000 0.002007 0.999998
vn -0.000000 -0.004335 0.999991
vn -0.000000 -0.128678 0.991686
vn -0.000000 -0.134516 0.990911
vn -0.000000 -0.257156 0.966370
vn -0.000000 -0.262406 0.964958
vn -0.000000 -0.381225 0.924482
vn -0.000000 -0.385828 0.922571
vn -0.000000 -0.498757 0.866742
vn -0.000000 -0.502679 0.864473
vn -0.000000 -0.607737 0.794139
vn -0.000000 -0.610970 0.791654
vn -0.000000 -0.706295 0.707918
vn -0.000000 -0.708856 0.705353
vn 0.000000 -0.792741 0.609558
vn 0.000000 -0.794671 0.607040
vn 0.000000 -0.865594 0.500746
vn 0.000000 -0.866953 0.498390
vn 0.000000 -0.923604 0.383347
vn 0.000000 -0.924471 0.381253
vn 0.000000 -0.965777 0.259374
vn 0.000000 -0.966246 0.257623
vn 0.000000 -0.991388 0.130954
vn 0.000000 -0.991566 0.129605
vn 0.000000 -1.000000 0.000289
vn 0.000000 -1.000000 -0.000619
vn 0.000000 -0.991464 -0.130382
vn 0.000000 -0.991404 -0.130833
vn 0.000000 -0.965926 -0.258817
vn 0.000000 -0.965926 -0.258819
vn 0.000000 -0.923998 -0.382397
vn 0.000000 -0.923825 -0.382814
vn 0.000000 -0.866335 -0.499464
vn 0.000000 -0.865883 -0.500246
vn 0.000000 -0.793918 -0.608024
vn 0.000000 -0.793093 -0.609101
vn 0.000000 -0.707982 -0.706230
vn 0.000000 -0.706703 -0.707510
vn 0.000000 -0.609989 -0.792410
vn 0.000000 -0.608195 -0.793788
vn 0.000000 -0.501608 -0.865095
vn 0.000000 -0.499257 -0.866454
vn 0.000000 -0.384685 -0.923048
vn 0.000000 -0.381759 -0.924262
vn 0.000000 -0.261211 -0.965282
vn 0.000000 -0.257714 -0.966221
vn 0.000000 -0.133288 -0.991077
vn 0.000000 -0.129250 -0.991612
vn 0.000000 -0.003096 -0.999995
vn 0.000000 0.001430 -0.999999
vn 0.000000 0.127149 -0.991884
vn 0.000000 0.132086 -0.991238
vn 0.000000 0.255228 -0.966881
vn 0.000000 0.260477 -0.965480
vn 0.000000 0.378962 -0.925412
vn 0.000000 0.384401 -0.923166
vn 0.000000 0.496241 -0.868185
vn 0.000000 0.501734 -0.865022
vn 0.000000 0.605070 -0.796172
vn 0.000000 0.610463 -0.792045
vn 0.000000 0.703595 -0.710601
vn 0.000000 0.708724 -0.705486
vn -0.000000 0.790138 -0.612929
vn -0.000000 0.794832 -0.606829
vn -0.000000 0.863225 -0.504819
vn -0.000000 0.867311 -0.497767
vn -0.000000 0.921612 -0.388112
vn -0.000000 0.924917 -0.380169
vn -0.000000 0.964305 -0.264796
vn -0.000000 0.966663 -0.256053
vn -0.000000 0.990575 -0.136970
vn -0.000000 0.991833 -0.127545
vn -0.000000 0.999977 -0.006812
vn -0.000000 0.999995 0.003149
vn -0.000000 0.992349 0.123462
vn -0.000000 0.991010 0.133790
vn -0.000000 0.991380 0.131018
vn -0.000000 0.990660 0.136352
vn -0.733911 0.673442 0.088603
vn -0.733911 0.679245 -0.000054
vn -0.688526 0.719024 0.094531
vn -0.400471 0.916293 0.005441
vn -0.528987 0.841375 0.110726
vn -0.354103 0.927127 0.122660
vn -0.400471 0.909463 -0.111801
vn -0.733911 0.673427 -0.088711
vn -0.400471 0.887694 -0.227206
vn -0.733911 0.656088 -0.175849
vn -0.400471 0.851342 -0.338879
vn -0.733911 0.627523 -0.259979
vn -0.400471 0.801006 -0.444986
vn -0.733911 0.588221 -0.339661
vn -0.400471 0.737512 -0.543782
vn -0.733911 0.538856 -0.413532
vn -0.400471 0.661903 -0.633646
vn -0.733911 0.480271 -0.480327
vn -0.400471 0.575421 -0.713101
vn -0.733911 0.413469 -0.538904
vn -0.400471 0.479486 -0.780843
vn -0.733911 0.339592 -0.588261
vn -0.400471 0.375676 -0.835757
vn -0.733911 0.259906 -0.627553
vn -0.400471 0.265694 -0.876943
vn -0.733911 0.175773 -0.656108
vn -0.400471 0.151348 -0.903724
vn -0.733911 0.088632 -0.673438
vn -0.400471 0.034515 -0.915659
vn -0.733911 -0.000025 -0.679245
vn -0.400471 -0.082884 -0.912553
vn -0.733911 -0.088682 -0.673431
vn -0.400471 -0.198922 -0.894457
vn -0.733911 -0.175821 -0.656095
vn -0.400471 -0.311693 -0.861667
vn -0.733911 -0.259953 -0.627534
vn -0.400471 -0.419343 -0.814723
vn -0.733911 -0.339636 -0.588236
vn -0.400471 -0.520104 -0.754396
vn -0.733911 -0.413509 -0.538874
vn -0.400471 -0.612323 -0.681677
vn -0.733911 -0.480307 -0.480291
vn -0.400471 -0.694482 -0.597760
vn -0.733911 -0.538887 -0.413492
vn -0.400471 -0.765234 -0.504024
vn -0.733911 -0.588247 -0.339618
vn -0.400471 -0.823415 -0.402008
vn -0.733911 -0.627542 -0.259933
vn -0.400471 -0.868070 -0.293388
vn -0.733911 -0.656101 -0.175801
vn -0.400471 -0.898466 -0.179950
vn -0.733911 -0.673434 -0.088661
vn -0.400471 -0.914103 -0.063555
vn -0.733911 -0.679245 -0.000004
vn -0.400471 -0.914724 0.053884
vn -0.733911 -0.673435 0.088653
vn -0.400471 -0.900319 0.170438
vn -0.733911 -0.656103 0.175793
vn -0.400471 -0.871124 0.284192
vn -0.733911 -0.627545 0.259926
vn -0.400471 -0.827620 0.393278
vn -0.733911 -0.588250 0.339611
vn -0.400471 -0.770521 0.495903
vn -0.733911 -0.538891 0.413486
vn -0.400471 -0.700765 0.590382
vn -0.733911 -0.480312 0.480286
vn -0.400471 -0.619497 0.675163
vn -0.733911 -0.413515 0.538869
vn -0.400471 -0.528053 0.748854
vn -0.733911 -0.339643 0.588232
vn -0.400471 -0.427935 0.810243
vn -0.733911 -0.259960 0.627531
vn -0.400471 -0.320788 0.858323
vn -0.733911 -0.175829 0.656093
vn -0.400471 -0.208370 0.892303
vn -0.733911 -0.088689 0.673430
vn -0.400471 -0.092530 0.911625
vn -0.733911 -0.000033 0.679245
vn -0.400471 0.024830 0.915973
vn -0.733911 0.088624 0.673439
vn -0.400471 0.141782 0.905274
vn -0.733911 0.175765 0.656110
vn -0.400471 0.256405 0.879704
vn -0.733911 0.259899 0.627556
vn -0.400471 0.366816 0.839684
vn -0.733911 0.339586 0.588265
vn -0.400471 0.471202 0.785870
vn -0.733911 0.413463 0.538909
vn -0.400471 0.567847 0.719147
vn -0.733911 0.480265 0.480332
vn -0.400471 0.655165 0.640611
vn -0.733911 0.538851 0.413538
vn -0.400471 0.731720 0.551551
vn -0.733911 0.588218 0.339668
vn -0.400471 0.796255 0.453432
vn -0.733911 0.627520 0.259986
vn -0.688527 0.669959 0.277644
vn -0.528979 0.784021 0.324795
vn -0.354095 0.864250 0.357336
vn -0.733911 0.627520 0.259986
vn -0.419659 0.838939 0.346508
vn -0.283628 0.836538 0.468784
vn -0.040761 0.923662 0.381034
vn 0.246349 0.845477 0.473793
vn 0.247985 0.896007 0.368341
vn 0.424564 0.838087 0.342573
vn 0.707107 0.616853 0.345676
vn 0.707107 0.656081 0.263738
vn -0.283628 0.769534 0.572165
vn -0.283628 0.689828 0.666103
vn -0.283628 0.598736 0.749046
vn -0.283628 0.497762 0.819627
vn -0.283628 0.388573 0.876679
vn -0.283628 0.272970 0.919262
vn -0.283628 0.152862 0.946672
vn -0.283628 0.030231 0.958458
vn -0.283628 -0.092899 0.954424
vn -0.283628 -0.214496 0.934637
vn -0.283628 -0.332552 0.899424
vn -0.283628 -0.445120 0.849366
vn -0.283628 -0.550341 0.785290
vn -0.283628 -0.646479 0.708252
vn -0.283628 -0.731946 0.619524
vn -0.283628 -0.805333 0.520571
vn -0.283628 -0.865427 0.413026
vn -0.283628 -0.911238 0.298664
vn -0.283628 -0.942009 0.179373
vn -0.283628 -0.957232 0.057121
vn -0.283628 -0.956655 -0.066074
vn -0.283628 -0.940289 -0.188178
vn -0.283628 -0.908404 -0.307177
vn -0.283628 -0.861525 -0.421105
vn -0.283628 -0.800427 -0.528083
vn -0.283628 -0.726118 -0.626345
vn -0.283628 -0.639824 -0.714269
vn -0.283628 -0.542969 -0.790404
vn -0.283628 -0.437154 -0.853494
vn -0.283628 -0.324122 -0.902496
vn -0.283628 -0.205742 -0.936603
vn -0.283628 -0.083965 -0.955251
vn -0.283628 0.039197 -0.958133
vn -0.283628 0.161713 -0.945200
vn -0.283628 0.281559 -0.916668
vn -0.283628 0.396759 -0.873005
vn -0.283628 0.505409 -0.814933
vn -0.283628 0.605718 -0.743411
vn -0.283628 0.696030 -0.659619
vn -0.283628 0.774853 -0.564940
vn -0.283628 0.840888 -0.460937
vn -0.283628 0.893044 -0.349325
vn -0.283628 0.930460 -0.231949
vn -0.283628 0.952518 -0.110743
vn -0.283628 0.958856 0.012290
vn -0.437352 0.891483 0.118243
vn -0.040755 0.990432 0.131843
vn -0.733911 0.673442 0.088603
vn 0.246349 0.969102 0.012421
vn 0.248021 0.960126 0.129008
vn 0.424613 0.897068 0.122362
vn 0.707107 0.700052 0.099636
vn 0.707107 0.707049 0.009062
vn 0.246349 0.962697 -0.111927
vn 0.707107 0.702376 -0.081661
vn 0.246349 0.940402 -0.234427
vn 0.707107 0.686110 -0.171036
vn 0.246349 0.902586 -0.353058
vn 0.707107 0.658520 -0.257588
vn 0.246349 0.849873 -0.465862
vn 0.707107 0.620061 -0.339889
vn 0.246349 0.783133 -0.570977
vn 0.707107 0.571368 -0.416580
vn 0.246349 0.703467 -0.666668
vn 0.707107 0.513244 -0.486395
vn 0.246349 0.612191 -0.751355
vn 0.707107 0.446649 -0.548183
vn 0.246349 0.510810 -0.823642
vn 0.707107 0.372683 -0.600922
vn 0.246349 0.400998 -0.882334
vn 0.707107 0.292565 -0.643744
vn 0.246349 0.284568 -0.926463
vn 0.707107 0.207618 -0.675940
vn 0.246349 0.163441 -0.955301
vn 0.707107 0.119245 -0.696980
vn 0.246349 0.039616 -0.968371
vn 0.707107 0.028904 -0.706516
vn 0.246349 -0.084862 -0.965459
vn 0.707107 -0.061915 -0.704391
vn 0.246349 -0.207940 -0.946611
vn 0.707107 -0.151711 -0.690640
vn 0.246349 -0.327586 -0.912140
vn 0.707107 -0.239004 -0.665490
vn 0.246349 -0.441825 -0.862614
vn 0.707107 -0.322352 -0.629356
vn 0.246349 -0.548772 -0.798850
vn 0.707107 -0.400379 -0.582835
vn 0.246349 -0.646661 -0.721902
vn 0.707107 -0.471798 -0.526694
vn 0.246349 -0.733877 -0.633038
vn 0.707107 -0.535430 -0.461860
vn 0.246349 -0.808980 -0.533726
vn 0.707107 -0.590225 -0.389402
vn 0.246349 -0.870731 -0.425605
vn 0.707107 -0.635278 -0.310518
vn 0.246349 -0.918111 -0.310459
vn 0.707107 -0.669846 -0.226509
vn 0.246349 -0.950337 -0.190189
vn 0.707107 -0.693358 -0.138761
vn 0.246349 -0.966878 -0.066780
vn 0.707107 -0.705426 -0.048722
vn 0.246349 -0.967460 0.057731
vn 0.707107 -0.705851 0.042120
vn 0.246349 -0.952075 0.181289
vn 0.707107 -0.694626 0.132267
vn 0.246349 -0.920975 0.301855
vn 0.707107 -0.671936 0.220231
vn 0.246349 -0.874675 0.417440
vn 0.707107 -0.638156 0.304560
vn 0.246349 -0.813938 0.526134
vn 0.707107 -0.593843 0.383863
vn 0.246349 -0.739767 0.626144
vn 0.707107 -0.539728 0.456830
vn 0.246349 -0.653387 0.715820
vn 0.707107 -0.476706 0.522256
vn 0.246349 -0.556222 0.793681
vn 0.707107 -0.405815 0.579063
vn 0.246349 -0.449876 0.858442
vn 0.707107 -0.328226 0.626313
vn 0.246349 -0.336106 0.909035
vn 0.707107 -0.245220 0.663225
vn 0.246349 -0.216788 0.944624
vn 0.707107 -0.158167 0.689190
vn 0.246349 -0.093892 0.964622
vn 0.707107 -0.068503 0.703781
vn 0.246349 0.030554 0.968699
vn 0.707107 0.022292 0.706755
vn 0.246349 0.154496 0.956788
vn 0.707107 0.112719 0.698065
vn 0.246349 0.275887 0.929085
vn 0.707107 0.201285 0.677853
vn 0.246349 0.392725 0.886047
vn 0.707107 0.286529 0.646453
vn 0.246349 0.503081 0.828385
vn 0.707107 0.367044 0.604383
vn 0.246349 0.605134 0.757050
vn 0.707107 0.441501 0.552338
vn 0.246349 0.697199 0.673220
vn 0.707107 0.508671 0.491176
vn 0.246349 0.777757 0.578279
vn 0.707107 0.567445 0.421908
vn 0.000000 -0.991445 -0.130526
vn 0.382683 -0.905921 -0.181275
vn 0.000000 -0.965926 -0.258819
vn 0.382683 -0.875188 -0.295972
vn 0.000000 -0.923880 -0.382683
vn 0.382683 -0.829998 -0.405780
vn 0.000000 -0.866025 -0.500000
vn 0.382683 -0.771589 -0.508138
vn 0.000000 -0.793353 -0.608761
vn 0.382683 -0.700275 -0.602635
vn 0.000000 -0.707107 -0.707107
vn 0.382683 -0.617462 -0.687236
vn 0.000000 -0.608761 -0.793353
vn 0.382683 -0.524511 -0.760554
vn 0.000000 -0.500000 -0.866025
vn 0.382683 -0.422947 -0.821382
vn 0.000000 -0.382683 -0.923880
vn 0.382683 -0.314439 -0.868724
vn 0.000000 -0.258819 -0.965926
vn 0.382683 -0.200767 -0.901801
vn 0.000000 -0.130526 -0.991445
vn 0.382683 -0.083799 -0.920071
vn 0.000000 0.000000 -1.000000
vn 0.382683 0.034545 -0.923233
vn 0.000000 0.130526 -0.991445
vn 0.382683 0.152322 -0.911236
vn 0.000000 0.258819 -0.965926
vn 0.382683 0.267598 -0.884276
vn 0.000000 0.382683 -0.923880
vn 0.382683 0.378479 -0.842797
vn 0.000000 0.500000 -0.866025
vn 0.382683 0.483147 -0.787479
vn 0.000000 0.608761 -0.793353
vn 0.382683 0.579880 -0.719230
vn 0.000000 0.707107 -0.707107
vn 0.382683 0.667093 -0.639172
vn 0.000000 0.793353 -0.608761
vn 0.382683 0.743351 -0.548618
vn 0.000000 0.866025 -0.500000
vn 0.382683 0.807404 -0.449056
vn 0.000000 0.923880 -0.382683
vn 0.382683 0.858200 -0.342121
vn 0.000000 0.965926 -0.258819
vn 0.382683 0.894903 -0.229568
vn 0.000000 0.991445 -0.130526
vn 0.382683 0.916913 -0.113246
vn 0.000000 1.000000 0.000000
vn 0.382683 0.923866 0.004936
vn 0.000000 0.991445 0.130526
vn 0.382683 0.915650 0.123037
vn 0.000000 0.965926 0.258819
vn 0.382683 0.892399 0.239118
vn 0.382683 0.854495 0.351272
vn 0.553182 0.791317 0.260397
vn 0.498162 0.814327 0.297837
vn 0.382683 -0.921689 -0.063583
vn 0.000000 -1.000000 -0.000000
vn 0.382683 -0.922284 0.054266
vn 0.000000 -0.991445 0.130526
vn 0.382683 -0.907773 0.171760
vn 0.000000 -0.965926 0.258819
vn 0.382683 -0.878356 0.286433
vn 0.000000 -0.923880 0.382683
vn 0.382683 -0.834517 0.396403
vn 0.000000 -0.866025 0.500000
vn 0.382683 -0.776974 0.499864
vn 0.000000 -0.793353 0.608761
vn 0.382683 -0.706674 0.595118
vn 0.000000 -0.707107 0.707107
vn 0.382683 -0.624770 0.680599
vn 0.000000 -0.608761 0.793353
vn 0.382683 -0.532608 0.754906
vn 0.000000 -0.500000 0.866025
vn 0.382683 -0.431700 0.816816
vn 0.000000 -0.382683 0.923880
vn 0.382683 -0.323704 0.865315
vn 0.000000 -0.258819 0.965926
vn 0.382683 -0.210392 0.899605
vn 0.000000 -0.130526 0.991445
vn 0.382683 -0.093626 0.919123
vn 0.000000 -0.000000 1.000000
vn 0.382683 0.024678 0.923550
vn 0.000000 0.130526 0.991445
vn 0.382683 0.142576 0.912812
vn 0.000000 0.258819 0.965926
vn 0.382683 0.258133 0.887085
vn 0.000000 0.382683 0.923880
vn 0.382683 0.369452 0.846793
vn 0.000000 0.500000 0.866025
vn 0.382683 0.474704 0.792596
vn 0.000000 0.608761 0.793353
vn 0.382683 0.572162 0.725385
vn 0.000000 0.707107 0.707107
vn 0.382683 0.660225 0.646264
vn 0.000000 0.793353 0.608761
vn 0.382683 0.737447 0.556530
vn 0.000000 0.866025 0.500000
vn 0.382683 0.802560 0.457658
vn 0.000000 0.923880 0.382683
vn 0.548401 0.781877 0.296521
vn 0.707107 0.658784 0.256912
vn 0.707107 0.620260 0.339526
vn 0.707107 0.571427 0.416498
vn 0.707107 0.513099 0.486549
vn 0.707107 0.446244 0.548513
vn 0.707107 0.371972 0.601362
vn 0.707107 0.291519 0.644218
vn 0.707107 0.206222 0.676367
vn 0.707107 0.117497 0.697276
vn 0.707107 0.026820 0.706598
vn 0.707107 -0.064303 0.704177
vn 0.707107 -0.154358 0.690053
vn 0.707107 -0.241847 0.664462
vn 0.707107 -0.325317 0.627829
vn 0.707107 -0.403381 0.580761
vn 0.707107 -0.474741 0.524043
vn 0.707107 -0.538212 0.458616
vn 0.707107 -0.592738 0.385567
vn 0.707107 -0.637414 0.306110
vn 0.707107 -0.671497 0.221567
vn 0.707107 -0.694421 0.133341
vn 0.707107 -0.705804 0.042899
vn 0.707107 -0.705458 -0.048255
vn 0.707107 -0.693389 -0.138608
vn 0.707107 -0.669796 -0.226657
vn 0.707107 -0.635072 -0.310939
vn 0.707107 -0.589794 -0.390054
vn 0.707107 -0.534715 -0.462687
vn 0.707107 -0.470750 -0.527631
vn 0.707107 -0.398961 -0.583806
vn 0.707107 -0.320542 -0.630280
vn 0.707107 -0.236797 -0.666279
vn 0.707107 -0.149116 -0.691205
vn 0.707107 -0.058957 -0.704645
vn 0.707107 0.032182 -0.706374
vn 0.707107 0.122786 -0.696365
vn 0.707107 0.211349 -0.674783
vn 0.707107 0.296401 -0.641987
vn 0.707107 0.376526 -0.598522
vn 0.707107 0.450394 -0.545110
vn 0.707107 0.516777 -0.482640
vn 0.707107 0.574572 -0.412149
vn 0.707107 0.622819 -0.334809
vn 0.707107 0.660715 -0.251904
vn 0.707107 0.687631 -0.164813
vn 0.707107 0.703120 -0.074984
vn 0.707107 0.706924 0.016092
vn 0.707107 0.698979 0.106900
vn 0.561570 0.816868 0.131779
vn 0.496758 0.855294 0.147321
vn 0.553182 0.815502 0.170138
vn 0.553182 0.808568 0.200519
vn 0.553182 0.800503 0.230619
vn 0.707107 0.658784 0.256912
vn 0.707107 0.656081 0.263738
vn 0.707107 0.700052 0.099636
vn 0.707107 0.698979 0.106900
vn 0.707107 0.706937 -0.015499
vn 0.707107 0.702988 0.076207
vn 0.707107 0.707090 -0.004817
vn 0.707107 0.702321 0.082132
vn 0.707107 0.701697 0.087301
vn 0.707107 0.700442 -0.096852
vn 0.707107 0.698973 -0.106944
vn 0.707107 0.681866 -0.187239
vn 0.707107 0.679230 -0.196586
vn 0.707107 0.651678 -0.274437
vn 0.707107 0.648042 -0.282916
vn 0.707107 0.610392 -0.356961
vn 0.707107 0.605933 -0.364479
vn 0.707107 0.558712 -0.433406
vn 0.707107 0.553614 -0.439899
vn 0.707107 0.497517 -0.502471
vn 0.707107 0.491966 -0.507907
vn 0.707107 0.427849 -0.562979
vn 0.707107 0.422027 -0.567356
vn 0.707107 0.350896 -0.613899
vn 0.707107 0.344977 -0.617245
vn 0.707107 0.267966 -0.654365
vn 0.707107 0.262114 -0.656732
vn 0.707107 0.180474 -0.683688
vn 0.707107 0.174833 -0.685152
vn 0.707107 0.089908 -0.701368
vn 0.707107 0.084607 -0.702027
vn 0.707107 -0.002189 -0.707103
vn 0.707107 -0.007045 -0.707072
vn 0.707107 -0.094249 -0.700797
vn 0.707107 -0.098579 -0.700202
vn 0.707107 -0.184704 -0.682557
vn 0.707107 -0.188451 -0.681532
vn 0.707107 -0.272013 -0.652693
vn 0.707107 -0.275148 -0.651378
vn 0.707107 -0.354690 -0.611715
vn 0.707107 -0.357208 -0.610248
vn 0.707107 -0.431327 -0.560318
vn 0.707107 -0.433249 -0.558834
vn 0.707107 -0.500619 -0.499380
vn 0.707107 -0.501989 -0.498003
vn 0.707107 -0.561385 -0.429938
vn 0.707107 -0.562270 -0.428781
vn 0.707107 -0.612591 -0.353174
vn 0.707107 -0.613076 -0.352332
vn 0.707107 -0.653365 -0.270396
vn 0.707107 -0.653551 -0.269947
vn 0.707107 -0.683013 -0.183013
vn 0.707107 -0.683013 -0.183013
vn 0.707107 -0.700965 -0.092994
vn 0.707107 -0.701029 -0.092513
vn 0.707107 -0.707105 -0.001409
vn 0.707107 -0.707107 -0.000438
vn 0.707107 -0.701330 0.090200
vn 0.707107 -0.701143 0.091645
vn 0.707107 -0.683737 0.180289
vn 0.707107 -0.683239 0.182167
vn 0.707107 -0.654621 0.267340
vn 0.707107 -0.653700 0.269586
vn 0.707107 -0.614475 0.349886
vn 0.707107 -0.613028 0.352415
vn 0.707107 -0.563974 0.426536
vn 0.707107 -0.561917 0.429242
vn 0.707107 -0.503970 0.495999
vn 0.707107 -0.501237 0.498760
vn 0.707107 -0.435473 0.557103
vn 0.707107 -0.432021 0.559784
vn 0.707107 -0.359637 0.608819
vn 0.707107 -0.355448 0.611275
vn 0.707107 -0.277742 0.650276
vn 0.707107 -0.272821 0.652356
vn 0.707107 -0.191166 0.680776
vn 0.707107 -0.185549 0.682328
vn 0.707107 -0.101369 0.699803
vn 0.707107 -0.095117 0.700680
vn 0.707107 -0.009863 0.707038
vn 0.707107 -0.003065 0.707100
vn 0.707107 0.081808 0.702358
vn 0.707107 0.089039 0.701478
vn 0.707107 0.172101 0.685843
vn 0.707107 0.179627 0.683911
vn 0.707107 0.259494 0.657771
vn 0.707107 0.267156 0.654697
vn 0.707107 0.342514 0.618615
vn 0.707107 0.350135 0.614333
vn 0.707107 0.419763 0.569034
vn 0.707107 0.427152 0.563508
vn 0.707107 0.489938 0.509864
vn 0.707107 0.496894 0.503087
vn 0.707107 0.551856 0.442102
vn 0.707107 0.558175 0.434098
vn 0.707107 0.604476 0.366891
vn 0.707107 0.609950 0.357717
vn 0.707107 0.646909 0.285497
vn 0.707107 0.651338 0.275243
vn 0.707107 0.649293 0.280032
vn 1.000000 0.000000 0.000000
vn 1.000000 0.000000 0.000000
vn 1.000000 0.000000 0.000000
vn 1.000000 0.000000 0.000000
vn 1.000000 0.000000 0.000000
vn 1.000000 0.000000 0.000000
vn 1.000000 0.000000 0.000000
vn 1.000000 0.000000 0.000000
vn 1.000000 0.000000 0.000000
vn 1.000000 0.000000 0.000000
vn 1.000000 0.000000 0.000000
vn 1.000000 0.000000 0.000000
vn 1.000000 0.000000 0.000000
vn 1.000000 0.000000 0.000000
vn 1.000000 0.000000 0.000000
vn 1.000000 0.000000 0.000000
vn 1.000000 0.000000 0.000000
vn 1.000000 0.000000 0.000000
vn 1.000000 0.000000 0.000000
vn 1.000000 0.000000 0.000000
vn 1.000000 0.000000 0.000000
vn 1.000000 0.000000 0.000000
vn 1.000000 0.000000 0.000000
vn 1.000000 0.000000 0.000000
vn 1.000000 0.000000 0.000000
vn 1.000000 0.000000 0.000000
vn 1.000000 0.000000 0.000000
vn 1.000000 0.000000 0.000000
vn 1.000000 0.000000 0.000000
vn 1.000000 0.000000 0.000000
vn 1.000000 0.000000 0.000000
vn 1.000000 0.000000 0.000000
vn 1.000000 0.000000 0.000000
vn 1.000000 0.000000 0.000000
vn 1.000000 0.000000 0.000000
vn 1.000000 0.000000 0.000000
vn 1.000000 0.000000 0.000000
vn 1.000000 0.000000 0.000000
vn 1.000000 0.000000 0.000000
vn 1.000000 0.000000 0.000000
vn 1.000000 0.000000 0.000000
vn 1.000000 0.000000 0.000000
vn 1.000000 0.000000 0.000000
vn 1.000000 0.000000 0.000000
vn 1.000000 0.000000 0.000000
vn 1.000000 0.000000 0.000000
vn 1.000000 0.000000 0.000000
vn 1.000000 0.000000 0.000000
vn 1.000000 0.000000 0.000000
vn 1.000000 0.000000 0.000000
vn 1.000000 0.000000 0.000000
vn 1.000000 0.000000 0.000000
vn 1.000000 0.000000 0.000000
vn 1.000000 0.000000 0.000000
vn 1.000000 0.000000 0.000000
vn 1.000000 0.000000 0.000000
vn 1.000000 0.000000 0.000000
vn 1.000000 0.000000 0.000000
vn 1.000000 0.000000 0.000000
vn 1.000000 0.000000 0.000000
vn 1.000000 0.000000 0.000000
vn 1.000000 0.000000 0.000000
vn 1.000000 0.000000 0.000000
vn 1.000000 0.000000 0.000000
vn 1.000000 0.000000 0.000000
vn 1.000000 0.000000 0.000000
vn 1.000000 0.000000 0.000000
vn 1.000000 0.000000 0.000000
vn 1.000000 0.000000 0.000000
vn 1.000000 0.000000 0.000000
vn 1.000000 0.000000 0.000000
vn 1.000000 0.000000 0.000000
vn 1.000000 0.000000 0.000000
vn 1.000000 0.000000 0.000000
vn 1.000000 0.000000 0.000000
vn 1.000000 0.000000 0.000000
vn 1.000000 0.000000 0.000000
vn 1.000000 0.000000 0.000000
vn 1.000000 0.000000 0.000000
vn 1.000000 0.000000 0.000000
vn 1.000000 0.000000 0.000000
vn 1.000000 0.000000 0.000000
vn 1.000000 0.000000 0.000000
vn 1.000000 0.000000 0.000000
vn 1.000000 0.000000 0.000000
vn 1.000000 0.000000 0.000000
vn 1.000000 0.000000 0.000000
vn 1.000000 0.000000 0.000000
vn 1.000000 0.000000 0.000000
vn 1.000000 0.000000 0.000000
vn 1.000000 0.000000 0.000000
vn 1.000000 0.000000 0.000000
vn 1.000000 0.000000 0.000000
vn 1.000000 0.000000 0.000000
vn 1.000000 0.000000 0.000000
vn -0.000000 0.258819 -0.965926
vn -0.000000 0.258819 -0.965926
vn 0.234343 0.251612 -0.939029
vn 0.387689 0.238577 -0.890381
vn 0.455635 0.230392 -0.859835
vn 0.657582 0.194990 -0.727712
vn 0.811182 0.151356 -0.564867
vn 0.857143 0.133312 -0.497528
vn 0.948689 0.081841 -0.305436
vn 0.962947 0.069801 -0.260501
vn 1.000000 0.000000 -0.000000
vn 0.968833 0.064113 -0.239275
vn 1.000000 0.000000 -0.000000
vn 0.924111 0.098901 -0.369103
vn 0.887112 0.119459 -0.445828
vn 0.708161 0.182739 -0.681993
vn 0.662632 0.193841 -0.723425
vn 0.371304 0.240316 -0.896873
vn 0.384384 0.238935 -0.891717
vn 0.172143 0.254955 -0.951506
vn 0.000000 0.258819 -0.965926
vn 0.000000 0.258819 -0.965926
vn 1.000000 0.000000 -0.000000
vn 1.000000 0.000000 -0.000000
vn 1.000000 0.000000 -0.000000
vn 1.000000 0.000000 -0.000000
vn 1.000000 0.000000 -0.000000
vn 1.000000 0.000000 -0.000000
vn 1.000000 0.000000 -0.000000
vn 1.000000 0.000000 -0.000000
vn 1.000000 0.000000 -0.000000
vn 1.000000 0.000000 -0.000000
vn 1.000000 0.000000 -0.000000
vn 1.000000 0.000000 -0.000000
vn 1.000000 0.000000 -0.000000
vn 0.000000 -0.258819 0.965926
vn 0.172112 -0.254957 0.951512
vn 0.000000 -0.258819 0.965926
vn 0.383573 -0.239022 0.892043
vn 0.336245 -0.243749 0.909684
vn 0.662587 -0.193852 0.723464
vn 0.707673 -0.182866 0.682466
vn 0.887095 -0.119468 0.445859
vn 0.923773 -0.099112 0.369892
vn 0.968828 -0.064118 0.239293
vn 1.000000 -0.000000 0.000000
vn 0.657547 -0.194998 0.727741
vn 0.811182 -0.151356 0.564867
vn 0.857143 -0.133312 0.497528
vn 0.948689 -0.081841 0.305436
vn 0.962947 -0.069801 0.260501
vn 0.455635 -0.230392 0.859835
vn 0.387556 -0.238591 0.890435
vn 0.234343 -0.251612 0.939029
vn -0.000000 -0.258819 0.965926
vn 0.000000 -0.258819 0.965926
vn 0.000000 0.258819 -0.965926
vn 0.000000 0.258819 -0.965926
vn 0.000000 0.258819 -0.965926
vn -0.000000 -0.258819 0.965926
vn -0.000000 -0.258819 0.965926
vn 0.000000 -0.918497 0.395427
vn 0.000000 -0.918497 0.395427
vn 0.000000 -0.918497 0.395427
vn 0.000000 -0.918497 0.395427
vn 0.000000 -0.918497 0.395427
vn 0.000000 -0.918497 0.395427
vn 0.000000 -0.918497 0.395427
vn 0.000020 -0.918497 0.395427
vn 0.073442 -0.917154 0.391707
vn 0.000019 -0.918497 0.395427
vn 0.145320 -0.913196 0.380729
vn 0.277719 -0.898612 0.339659
vn 0.215275 -0.906711 0.362674
vn 0.249527 -0.902524 0.350981
vn 0.289908 -0.896553 0.334881
vn 0.282760 -0.897781 0.337692
vn 0.314843 -0.892525 0.322914
vn 0.345771 -0.886779 0.306700
vn 0.404122 -0.873907 0.270134
vn 0.514906 -0.839586 0.173111
vn 0.640842 -0.766286 -0.046121
vn 0.582634 -0.808801 0.079868
vn 0.565600 -0.817760 0.106608
vn 0.547073 -0.826520 0.132575
vn 0.498847 -0.845968 0.188386
vn 0.505506 -0.843389 0.182095
vn 0.482422 -0.851469 0.205596
vn 0.457769 -0.859286 0.228201
vn 0.431544 -0.866808 0.249827
vn 0.664238 -0.692550 -0.281358
vn 0.661893 -0.734694 -0.148733
vn 0.657423 -0.744045 -0.119131
vn 0.651422 -0.753384 -0.089786
vn 0.630566 -0.775818 -0.022204
vn 0.634858 -0.771964 -0.032058
vn 0.612044 -0.790444 0.024508
vn 0.598184 -0.799646 0.052362
vn 0.666173 -0.716308 -0.207646
vn 0.664485 -0.702150 -0.255824
vn 0.664485 -0.702144 -0.255840
vn 0.664485 -0.702144 -0.255840
vn 0.664485 -0.715882 -0.214413
vn 0.664485 -0.715882 -0.214413
vn 0.664485 -0.727179 -0.172254
vn 0.664485 -0.735995 -0.129508
vn 0.664485 -0.735995 -0.129508
vn 0.664485 -0.727179 -0.172254
vn 0.664238 -0.740445 -0.102613
vn 0.666176 -0.724200 -0.178169
vn 0.664485 -0.735991 -0.129525
vn 0.661965 -0.710769 -0.237928
vn 0.630734 -0.683085 -0.368197
vn 0.651684 -0.697587 -0.297793
vn 0.644141 -0.691072 -0.327876
vn 0.640989 -0.686793 -0.342707
vn 0.635017 -0.684676 -0.357731
vn 0.612234 -0.672381 -0.416021
vn 0.583183 -0.660700 -0.472624
vn 0.499166 -0.638505 -0.585786
vn 0.566227 -0.655091 -0.500243
vn 0.547577 -0.649639 -0.527379
vn 0.515222 -0.640618 -0.569346
vn 0.527410 -0.644406 -0.553697
vn 0.505823 -0.639418 -0.579040
vn 0.458376 -0.630169 -0.626720
vn 0.405177 -0.621901 -0.670128
vn 0.290504 -0.609047 -0.738017
vn 0.000019 -0.597729 -0.801699
vn 0.146186 -0.600520 -0.786133
vn 0.181841 -0.602085 -0.777449
vn 0.216600 -0.603975 -0.767006
vn 0.278295 -0.608439 -0.743206
vn 0.283344 -0.608703 -0.741078
vn 0.315306 -0.611536 -0.725676
vn 0.346298 -0.614680 -0.708693
vn 0.376288 -0.618138 -0.690154
vn 0.000018 -0.597729 -0.801699
vn 0.073673 -0.598429 -0.797781
vn 0.110100 -0.599301 -0.792916
vn 0.000000 -0.597729 -0.801699
vn 0.000000 -0.597729 -0.801699
vn 0.000000 -0.597729 -0.801699
vn 0.000000 -0.597729 -0.801699
vn 0.000000 -0.597729 -0.801699
vn 0.000000 -0.597729 -0.801699
vn 0.000000 -0.597729 -0.801699
vn 0.986249 0.153459 0.061343
vn 0.987190 0.146324 0.063597
vn 0.984076 0.166342 0.062647
vn 0.984440 0.174812 0.017869
vn 0.984420 0.175050 0.016596
vn 0.983619 0.180139 -0.006667
vn 0.984559 0.173279 0.024850
vn 0.982158 0.185680 -0.029810
vn 0.961710 0.224791 -0.156787
vn 0.970027 0.211776 -0.119162
vn 0.960368 0.226995 -0.161760
vn 0.953501 0.236911 -0.186303
vn 0.954706 0.235061 -0.182434
vn 0.948517 0.243396 -0.202666
vn 0.934934 0.260408 -0.241010
vn 0.909592 0.287507 -0.299971
vn 0.919992 0.277664 -0.276618
vn 0.903931 0.294964 -0.309686
vn 0.894466 0.305904 -0.326119
vn 0.886946 0.312148 -0.340427
vn 0.869191 0.329111 -0.369043
vn 0.851110 0.345465 -0.395306
vn 0.791655 0.387493 -0.472368
vn 0.814227 0.376390 -0.442001
vn 0.763170 0.420052 -0.491047
vn 0.985331 0.159805 0.059873
vn 0.986208 0.153753 0.061267
vn 0.828592 0.340447 -0.444445
vn 0.772582 0.420436 -0.475762
vn 0.791638 0.387513 -0.472380
vn 0.721508 0.481624 -0.497458
vn 0.680484 0.522549 -0.513696
vn 0.599262 0.590397 -0.540663
vn 0.657636 0.542942 -0.522234
vn 0.620175 0.573284 -0.535470
vn 0.512014 0.642900 -0.569668
vn 0.579151 0.602756 -0.548880
vn 0.485563 0.658087 -0.575456
vn 0.392565 0.700504 -0.595976
vn -0.021920 0.769711 -0.638016
vn 0.250234 0.743348 -0.620336
vn 0.375397 0.706331 -0.600145
vn 0.114842 0.765183 -0.633488
vn -0.031312 0.769317 -0.638099
vn 0.237628 0.745856 -0.622280
vn -0.133136 0.756387 -0.640433
vn -0.023805 0.769638 -0.638037
vn -0.081250 0.765043 -0.638833
vn -0.021976 0.769709 -0.638017
vn -0.138500 0.755348 -0.640521
vn -0.239811 0.725446 -0.645150
vn -0.166835 0.748591 -0.641699
vn -0.194994 0.740537 -0.643104
vn -0.238961 0.724847 -0.646138
vn -0.223007 0.731143 -0.644746
vn -0.250454 0.720541 -0.646601
vn -0.303586 0.695781 -0.650941
vn -0.354550 0.666154 -0.656151
vn -0.338426 0.675531 -0.655077
vn -0.379304 0.649384 -0.659112
vn -0.403332 0.631421 -0.662291
vn -0.417901 0.621850 -0.662315
vn -0.448508 0.592467 -0.669196
vn -0.434919 0.607380 -0.664782
vn -0.442689 0.608453 -0.658644
vn -0.457209 0.597152 -0.659067
vn -0.450006 0.607190 -0.654839
vn -0.460864 0.600347 -0.653595
vn -0.466578 0.594365 -0.655007
vn 0.983944 0.176468 0.026717
vn 0.987170 0.158639 0.018134
vn 0.985402 0.168295 0.025696
vn 0.985890 0.165463 0.025359
vn 0.984213 0.173923 0.032803
vn 0.984047 0.175538 0.028942
vn 0.984531 0.162635 0.065176
vn 0.984392 0.160050 0.073187
vn 0.983591 0.152825 0.095882
vn 0.982130 0.146050 0.118701
vn 0.959450 0.115478 0.257138
vn 0.969994 0.123972 0.209147
vn 0.960331 0.115853 0.253657
vn 0.961686 0.116436 0.248199
vn 0.954667 0.112501 0.275599
vn 0.948475 0.109605 0.297292
vn 0.934885 0.105167 0.339014
vn 0.894444 0.102006 0.435390
vn 0.919935 0.102311 0.378488
vn 0.903864 0.100763 0.415784
vn 0.909578 0.099148 0.403531
vn 0.886870 0.100279 0.451006
vn 0.869104 0.100667 0.484277
vn 0.851012 0.101705 0.515204
vn 0.814107 0.105154 0.571116
vn 0.791655 0.099508 0.602811
vn 0.763168 0.118368 0.635267
vn 0.791638 0.099519 0.602831
vn 0.772519 0.126381 0.622288
vn 0.828553 0.072753 0.555163
vn 0.721434 0.168511 0.671668
vn 0.599154 0.241091 0.763472
vn 0.701709 0.182233 0.688764
vn 0.657554 0.209213 0.723777
vn 0.468096 0.286437 0.835966
vn 0.620090 0.228865 0.750406
vn 0.579066 0.247678 0.776749
vn 0.549660 0.259690 0.794000
vn 0.485479 0.282296 0.827417
vn 0.375322 0.311720 0.872906
vn 0.237583 0.334871 0.911820
vn 0.250177 0.333673 0.908886
vn 0.114808 0.346001 0.931183
vn -0.021928 0.347656 0.937366
vn -0.031318 0.347274 0.937241
vn 0.392471 0.308763 0.866390
vn -0.466623 0.187273 0.864403
vn -0.460916 0.193153 0.866169
vn -0.448668 0.178415 0.875708
vn -0.450061 0.198456 0.870667
vn -0.442747 0.197647 0.874592
vn -0.434979 0.193651 0.879371
vn -0.417960 0.207419 0.884470
vn -0.403490 0.215631 0.889213
vn -0.379458 0.232790 0.895444
vn -0.338520 0.257517 0.905036
vn -0.354699 0.248808 0.901268
vn -0.303722 0.277096 0.911576
vn -0.229778 0.309344 0.922772
vn -0.250572 0.300731 0.920203
vn -0.223115 0.310851 0.923900
vn -0.200844 0.317782 0.926648
vn -0.195090 0.319816 0.927177
vn -0.166920 0.327502 0.929990
vn -0.138571 0.333949 0.932350
vn -0.021983 0.347654 0.937365
vn -0.081294 0.343199 0.935738
vn -0.023811 0.347582 0.937347
vn -0.707107 0.700052 0.099636
vn -0.707107 0.699592 0.102818
vn -0.707107 0.698979 0.106900
vn -0.707107 0.656081 0.263738
vn -0.707107 0.658784 0.256912
vn -0.707107 0.702321 0.082132
vn -0.707107 0.702988 0.076207
vn -0.707107 0.701697 0.087301
vn -0.707107 0.707090 -0.004817
vn -0.707107 0.706937 -0.015499
vn -0.707107 0.700442 -0.096852
vn -0.707107 0.698973 -0.106944
vn -0.707107 0.681866 -0.187239
vn -0.707107 0.679230 -0.196586
vn -0.707107 0.651678 -0.274437
vn -0.707107 0.648042 -0.282916
vn -0.707107 0.610392 -0.356961
vn -0.707107 0.605933 -0.364479
vn -0.707107 0.558712 -0.433406
vn -0.707107 0.553614 -0.439899
vn -0.707107 0.497517 -0.502471
vn -0.707107 0.491966 -0.507907
vn -0.707107 0.427849 -0.562979
vn -0.707107 0.422027 -0.567356
vn -0.707107 0.350896 -0.613899
vn -0.707107 0.344977 -0.617245
vn -0.707107 0.267966 -0.654365
vn -0.707107 0.262114 -0.656732
vn -0.707107 0.180474 -0.683688
vn -0.707107 0.174833 -0.685152
vn -0.707107 0.089908 -0.701368
vn -0.707107 0.084607 -0.702027
vn -0.707107 -0.002189 -0.707103
vn -0.707107 -0.007045 -0.707072
vn -0.707107 -0.094249 -0.700797
vn -0.707107 -0.098579 -0.700202
vn -0.707107 -0.184704 -0.682557
vn -0.707107 -0.188451 -0.681532
vn -0.707107 -0.272013 -0.652693
vn -0.707107 -0.275148 -0.651378
vn -0.707107 -0.354690 -0.611715
vn -0.707107 -0.357208 -0.610248
vn -0.707107 -0.431327 -0.560318
vn -0.707107 -0.433249 -0.558834
vn -0.707107 -0.500619 -0.499380
vn -0.707107 -0.501989 -0.498003
vn -0.707107 -0.561385 -0.429938
vn -0.707107 -0.562270 -0.428781
vn -0.707107 -0.612591 -0.353174
vn -0.707107 -0.613076 -0.352332
vn -0.707107 -0.653365 -0.270396
vn -0.707107 -0.653551 -0.269947
vn -0.707107 -0.683013 -0.183013
vn -0.707107 -0.683013 -0.183013
vn -0.707107 -0.700965 -0.092994
vn -0.707107 -0.701029 -0.092513
vn -0.707107 -0.707105 -0.001409
vn -0.707107 -0.707107 -0.000438
vn -0.707107 -0.701330 0.090200
vn -0.707107 -0.701143 0.091645
vn -0.707107 -0.683737 0.180289
vn -0.707107 -0.683239 0.182167
vn -0.707107 -0.654621 0.267340
vn -0.707107 -0.653700 0.269586
vn -0.707107 -0.614475 0.349886
vn -0.707107 -0.613028 0.352415
vn -0.707107 -0.563974 0.426536
vn -0.707107 -0.561917 0.429242
vn -0.707107 -0.503970 0.495999
vn -0.707107 -0.501237 0.498760
vn -0.707107 -0.435473 0.557103
vn -0.707107 -0.432021 0.559784
vn -0.707107 -0.359637 0.608819
vn -0.707107 -0.355448 0.611275
vn -0.707107 -0.277742 0.650276
vn -0.707107 -0.272821 0.652356
vn -0.707107 -0.191166 0.680776
vn -0.707107 -0.185549 0.682328
vn -0.707107 -0.101369 0.699803
vn -0.707107 -0.095117 0.700680
vn -0.707107 -0.009863 0.707038
vn -0.707107 -0.003065 0.707100
vn -0.707107 0.081808 0.702358
vn -0.707107 0.089039 0.701478
vn -0.707107 0.172101 0.685843
vn -0.707107 0.179627 0.683911
vn -0.707107 0.259494 0.657771
vn -0.707107 0.267156 0.654697
vn -0.707107 0.342514 0.618615
vn -0.707107 0.350135 0.614333
vn -0.707107 0.419763 0.569034
vn -0.707107 0.427152 0.563508
vn -0.707107 0.489938 0.509864
vn -0.707107 0.496894 0.503087
vn -0.707107 0.551856 0.442102
vn -0.707107 0.558175 0.434098
vn -0.707107 0.604476 0.366891
vn -0.707107 0.609950 0.357717
vn -0.707107 0.646909 0.285497
vn -0.707107 0.649293 0.280032
vn -0.707107 0.651338 0.275243
vn -1.000000 -0.000000 -0.000000
vn -1.000000 -0.000000 -0.000000
vn -1.000000 -0.000000 -0.000000
vn -1.000000 -0.000000 -0.000000
vn -1.000000 -0.000000 -0.000000
vn -1.000000 -0.000000 -0.000000
vn -1.000000 -0.000000 -0.000000
vn -1.000000 -0.000000 -0.000000
vn -1.000000 -0.000000 -0.000000
vn -1.000000 -0.000000 -0.000000
vn -1.000000 -0.000000 -0.000000
vn -1.000000 -0.000000 -0.000000
vn -1.000000 -0.000000 -0.000000
vn -1.000000 -0.000000 -0.000000
vn -1.000000 -0.000000 -0.000000
vn -1.000000 -0.000000 -0.000000
vn -1.000000 -0.000000 -0.000000
vn -1.000000 -0.000000 -0.000000
vn -1.000000 -0.000000 -0.000000
vn -1.000000 -0.000000 -0.000000
vn -1.000000 -0.000000 -0.000000
vn -1.000000 -0.000000 -0.000000
vn -1.000000 -0.000000 -0.000000
vn -1.000000 -0.000000 -0.000000
vn -1.000000 -0.000000 -0.000000
vn -1.000000 -0.000000 -0.000000
vn -1.000000 -0.000000 -0.000000
vn -1.000000 -0.000000 -0.000000
vn -1.000000 -0.000000 -0.000000
vn -1.000000 -0.000000 -0.000000
vn -1.000000 -0.000000 -0.000000
vn -1.000000 -0.000000 -0.000000
vn -1.000000 -0.000000 -0.000000
vn -1.000000 -0.000000 -0.000000
vn -1.000000 -0.000000 -0.000000
vn -1.000000 -0.000000 -0.000000
vn -1.000000 -0.000000 -0.000000
vn -1.000000 -0.000000 -0.000000
vn -1.000000 -0.000000 -0.000000
vn -1.000000 -0.000000 -0.000000
vn -1.000000 -0.000000 -0.000000
vn -1.000000 -0.000000 -0.000000
vn -1.000000 -0.000000 -0.000000
vn -1.000000 -0.000000 -0.000000
vn -1.000000 -0.000000 -0.000000
vn -1.000000 -0.000000 -0.000000
vn -1.000000 -0.000000 -0.000000
vn -1.000000 -0.000000 -0.000000
vn -1.000000 -0.000000 -0.000000
vn -1.000000 -0.000000 -0.000000
vn -1.000000 -0.000000 -0.000000
vn -1.000000 -0.000000 -0.000000
vn -1.000000 -0.000000 -0.000000
vn -1.000000 -0.000000 -0.000000
vn -1.000000 -0.000000 -0.000000
vn -1.000000 -0.000000 -0.000000
vn -1.000000 -0.000000 -0.000000
vn -1.000000 -0.000000 -0.000000
vn -1.000000 -0.000000 -0.000000
vn -1.000000 -0.000000 -0.000000
vn -1.000000 -0.000000 -0.000000
vn -1.000000 -0.000000 -0.000000
vn -1.000000 -0.000000 -0.000000
vn -1.000000 -0.000000 -0.000000
vn -1.000000 -0.000000 -0.000000
vn -1.000000 -0.000000 -0.000000
vn -1.000000 -0.000000 -0.000000
vn -1.000000 -0.000000 -0.000000
vn -1.000000 -0.000000 -0.000000
vn -1.000000 -0.000000 -0.000000
vn -1.000000 -0.000000 -0.000000
vn -1.000000 -0.000000 -0.000000
vn -1.000000 -0.000000 -0.000000
vn -1.000000 -0.000000 -0.000000
vn -1.000000 -0.000000 -0.000000
vn -1.000000 -0.000000 -0.000000
vn -1.000000 -0.000000 -0.000000
vn -1.000000 -0.000000 -0.000000
vn -1.000000 -0.000000 -0.000000
vn -1.000000 -0.000000 -0.000000
vn -1.000000 -0.000000 -0.000000
vn -1.000000 -0.000000 -0.000000
vn -1.000000 -0.000000 -0.000000
vn -1.000000 -0.000000 -0.000000
vn -1.000000 -0.000000 -0.000000
vn -1.000000 -0.000000 -0.000000
vn -1.000000 -0.000000 -0.000000
vn -1.000000 -0.000000 -0.000000
vn -1.000000 -0.000000 -0.000000
vn -1.000000 -0.000000 -0.000000
vn -1.000000 -0.000000 -0.000000
vn -1.000000 -0.000000 -0.000000
vn -1.000000 -0.000000 -0.000000
vn -1.000000 -0.000000 -0.000000
vn -1.000000 -0.000000 -0.000000
vn -0.000000 0.258819 -0.965926
vn -0.234343 0.251612 -0.939029
vn 0.000000 0.258819 -0.965926
vn -0.387689 0.238577 -0.890381
vn -0.455635 0.230392 -0.859835
vn -0.657582 0.194990 -0.727712
vn -0.811182 0.151356 -0.564867
vn -0.857143 0.133312 -0.497528
vn -0.948689 0.081841 -0.305436
vn -0.962947 0.069801 -0.260501
vn -1.000000 0.000000 -0.000000
vn -1.000000 0.000000 -0.000000
vn -0.968833 0.064113 -0.239275
vn -0.924111 0.098901 -0.369103
vn -0.887112 0.119459 -0.445828
vn -0.708161 0.182739 -0.681993
vn -0.662632 0.193841 -0.723425
vn -0.484186 0.226458 -0.845151
vn -0.384384 0.238935 -0.891717
vn -0.336304 0.243744 -0.909664
vn -0.172143 0.254955 -0.951506
vn 0.000000 0.258819 -0.965926
vn 0.000000 0.258819 -0.965926
vn -1.000000 0.000000 -0.000000
vn -1.000000 0.000000 -0.000000
vn -1.000000 0.000000 -0.000000
vn -1.000000 0.000000 -0.000000
vn -1.000000 0.000000 -0.000000
vn -1.000000 0.000000 -0.000000
vn -1.000000 0.000000 -0.000000
vn -1.000000 0.000000 -0.000000
vn -1.000000 0.000000 -0.000000
vn -1.000000 0.000000 -0.000000
vn -1.000000 0.000000 -0.000000
vn -1.000000 0.000000 -0.000000
vn 0.000000 -0.258819 0.965926
vn 0.000000 -0.258819 0.965926
vn -0.172112 -0.254957 0.951512
vn -0.383573 -0.239022 0.892043
vn -0.336245 -0.243749 0.909684
vn -0.484107 -0.226469 0.845193
vn -0.707673 -0.182866 0.682466
vn -0.662587 -0.193852 0.723464
vn -0.887095 -0.119468 0.445859
vn -0.923773 -0.099112 0.369893
vn -0.968828 -0.064118 0.239293
vn -1.000000 -0.000000 0.000000
vn -0.657530 -0.195002 0.727756
vn -0.455635 -0.230392 0.859835
vn -0.387556 -0.238591 0.890435
vn -0.234343 -0.251612 0.939029
vn 0.000000 -0.258819 0.965926
vn -0.000000 -0.258819 0.965926
vn -0.811182 -0.151356 0.564867
vn -0.857143 -0.133312 0.497528
vn -0.948689 -0.081841 0.305436
vn -0.962947 -0.069801 0.260501
vn 0.000000 0.258819 -0.965926
vn 0.000000 0.258819 -0.965926
vn 0.000000 0.258819 -0.965926
vn -0.000000 -0.258819 0.965926
vn -0.000000 -0.258819 0.965926
vn -0.000000 -0.258819 0.965926
vn 0.000000 -0.918497 0.395427
vn 0.000000 -0.918497 0.395427
vn 0.000000 -0.918497 0.395427
vn 0.000000 -0.918497 0.395427
vn 0.000000 -0.918497 0.395427
vn 0.000000 -0.918497 0.395427
vn 0.000000 -0.918497 0.395427
vn -0.000019 -0.918497 0.395427
vn -0.073442 -0.917154 0.391707
vn -0.000020 -0.918497 0.395427
vn -0.145320 -0.913196 0.380729
vn -0.289909 -0.896553 0.334881
vn -0.215275 -0.906711 0.362674
vn -0.249527 -0.902524 0.350981
vn -0.277719 -0.898612 0.339659
vn -0.282760 -0.897781 0.337692
vn -0.314843 -0.892525 0.322914
vn -0.345771 -0.886779 0.306700
vn -0.404122 -0.873907 0.270134
vn -0.498847 -0.845968 0.188386
vn -0.630566 -0.775818 -0.022204
vn -0.582634 -0.808801 0.079868
vn -0.565600 -0.817760 0.106608
vn -0.547072 -0.826520 0.132575
vn -0.514906 -0.839586 0.173111
vn -0.505506 -0.843389 0.182095
vn -0.482422 -0.851469 0.205596
vn -0.457769 -0.859286 0.228201
vn -0.431544 -0.866808 0.249827
vn -0.664485 -0.702150 -0.255824
vn -0.661893 -0.734695 -0.148733
vn -0.657423 -0.744045 -0.119130
vn -0.651422 -0.753384 -0.089786
vn -0.640842 -0.766286 -0.046121
vn -0.634858 -0.771964 -0.032058
vn -0.612044 -0.790444 0.024508
vn -0.598184 -0.799646 0.052362
vn -0.666173 -0.716308 -0.207646
vn -0.664238 -0.692550 -0.281358
vn -0.664485 -0.702144 -0.255840
vn -0.664485 -0.702144 -0.255840
vn -0.664485 -0.715882 -0.214413
vn -0.664485 -0.715882 -0.214413
vn -0.664485 -0.727179 -0.172254
vn -0.664485 -0.735995 -0.129508
vn -0.664485 -0.735995 -0.129508
vn -0.664485 -0.727179 -0.172254
vn -0.664485 -0.735991 -0.129525
vn -0.666176 -0.724200 -0.178169
vn -0.664238 -0.740445 -0.102613
vn -0.661965 -0.710769 -0.237928
vn -0.640989 -0.686793 -0.342707
vn -0.651684 -0.697587 -0.297794
vn -0.644141 -0.691072 -0.327876
vn -0.630734 -0.683085 -0.368197
vn -0.635017 -0.684676 -0.357732
vn -0.612234 -0.672381 -0.416021
vn -0.583183 -0.660700 -0.472624
vn -0.515222 -0.640618 -0.569346
vn -0.566227 -0.655091 -0.500243
vn -0.547577 -0.649639 -0.527379
vn -0.499166 -0.638505 -0.585786
vn -0.527409 -0.644406 -0.553697
vn -0.505823 -0.639418 -0.579040
vn -0.458376 -0.630169 -0.626720
vn -0.405177 -0.621901 -0.670128
vn -0.278295 -0.608439 -0.743206
vn -0.000018 -0.597729 -0.801699
vn -0.146186 -0.600520 -0.786133
vn -0.181841 -0.602085 -0.777449
vn -0.216600 -0.603975 -0.767007
vn -0.290504 -0.609047 -0.738017
vn -0.283344 -0.608703 -0.741078
vn -0.315306 -0.611536 -0.725676
vn -0.346298 -0.614680 -0.708693
vn -0.376288 -0.618138 -0.690154
vn -0.000019 -0.597729 -0.801699
vn -0.073673 -0.598429 -0.797781
vn -0.110100 -0.599301 -0.792916
vn 0.000000 -0.597729 -0.801699
vn 0.000000 -0.597729 -0.801699
vn 0.000000 -0.597729 -0.801699
vn 0.000000 -0.597729 -0.801699
vn 0.000000 -0.597729 -0.801699
vn 0.000000 -0.597729 -0.801699
vn 0.000000 -0.597729 -0.801699
vn -0.953501 0.236911 -0.186303
vn -0.919992 0.277664 -0.276618
vn -0.894466 0.305904 -0.326119
vn -0.903931 0.294964 -0.309686
vn -0.886946 0.312148 -0.340427
vn -0.909592 0.287507 -0.299971
vn -0.869191 0.329111 -0.369043
vn -0.851110 0.345465 -0.395306
vn -0.830382 0.366196 -0.419959
vn -0.814227 0.376390 -0.442001
vn -0.763170 0.420052 -0.491047
vn -0.791655 0.387493 -0.472368
vn -0.984440 0.174812 0.017869
vn -0.970027 0.211776 -0.119162
vn -0.960368 0.226995 -0.161760
vn -0.954706 0.235061 -0.182434
vn -0.961710 0.224791 -0.156787
vn -0.948517 0.243396 -0.202666
vn -0.934934 0.260408 -0.241010
vn -0.987190 0.146324 0.063597
vn -0.984076 0.166342 0.062647
vn -0.984420 0.175050 0.016596
vn -0.983619 0.180139 -0.006667
vn -0.984559 0.173279 0.024850
vn -0.982158 0.185680 -0.029810
vn -0.791638 0.387513 -0.472380
vn -0.772582 0.420437 -0.475762
vn -0.828592 0.340446 -0.444445
vn -0.721508 0.481625 -0.497458
vn -0.678014 0.527306 -0.512100
vn -0.680484 0.522549 -0.513696
vn -0.657636 0.542942 -0.522234
vn -0.638797 0.556711 -0.531047
vn -0.620175 0.573284 -0.535470
vn -0.579151 0.602756 -0.548880
vn -0.504689 0.649031 -0.569253
vn -0.485563 0.658087 -0.575456
vn -0.375396 0.706331 -0.600145
vn -0.468161 0.665959 -0.580797
vn -0.237628 0.745856 -0.622280
vn 0.031312 0.769317 -0.638099
vn -0.114842 0.765183 -0.633488
vn -0.250234 0.743348 -0.620336
vn -0.264309 0.740389 -0.618033
vn 0.021920 0.769711 -0.638016
vn 0.023805 0.769638 -0.638037
vn 0.081250 0.765043 -0.638833
vn 0.021976 0.769709 -0.638017
vn 0.138500 0.755348 -0.640521
vn 0.239811 0.725446 -0.645150
vn 0.166835 0.748591 -0.641699
vn 0.194994 0.740537 -0.643104
vn 0.133136 0.756387 -0.640433
vn 0.238961 0.724847 -0.646138
vn 0.338426 0.675531 -0.655077
vn 0.303586 0.695781 -0.650941
vn 0.250454 0.720541 -0.646601
vn 0.223007 0.731143 -0.644746
vn 0.466578 0.594365 -0.655007
vn 0.448508 0.592467 -0.669196
vn 0.403333 0.631421 -0.662292
vn 0.379304 0.649384 -0.659112
vn 0.417901 0.621850 -0.662315
vn 0.354550 0.666154 -0.656151
vn 0.457209 0.597152 -0.659067
vn 0.460864 0.600347 -0.653595
vn 0.450006 0.607190 -0.654839
vn 0.442690 0.608453 -0.658643
vn 0.434919 0.607380 -0.664782
vn -0.985306 0.168467 0.028109
vn -0.984047 0.175539 0.028942
vn -0.984531 0.162635 0.065176
vn -0.984392 0.160050 0.073187
vn -0.983591 0.152825 0.095882
vn -0.983944 0.176468 0.026717
vn -0.982130 0.146050 0.118701
vn -0.959450 0.115478 0.257138
vn -0.969994 0.123972 0.209147
vn -0.960331 0.115853 0.253657
vn -0.961686 0.116436 0.248199
vn -0.954667 0.112501 0.275599
vn -0.948475 0.109605 0.297292
vn -0.934885 0.105167 0.339014
vn -0.894444 0.102006 0.435390
vn -0.919935 0.102311 0.378488
vn -0.903864 0.100763 0.415784
vn -0.909578 0.099148 0.403531
vn -0.886870 0.100279 0.451006
vn -0.869104 0.100667 0.484277
vn -0.851012 0.101705 0.515204
vn -0.763168 0.118368 0.635267
vn -0.814107 0.105154 0.571116
vn -0.791655 0.099508 0.602811
vn -0.985402 0.168295 0.025696
vn -0.986185 0.163916 0.023871
vn -0.986756 0.160880 0.020743
vn -0.987170 0.158639 0.018134
vn -0.828553 0.072753 0.555163
vn -0.772518 0.126381 0.622289
vn -0.791638 0.099519 0.602831
vn -0.721434 0.168511 0.671668
vn -0.638735 0.216722 0.738275
vn -0.701709 0.182233 0.688764
vn -0.657554 0.209213 0.723777
vn -0.677910 0.200749 0.707205
vn -0.620090 0.228866 0.750406
vn -0.579066 0.247678 0.776749
vn -0.549659 0.259690 0.794000
vn -0.468096 0.286437 0.835966
vn -0.485479 0.282296 0.827417
vn -0.375321 0.311720 0.872906
vn -0.504584 0.277560 0.817530
vn -0.264237 0.332264 0.905417
vn 0.021928 0.347656 0.937366
vn -0.114808 0.346001 0.931184
vn -0.250177 0.333673 0.908886
vn -0.237583 0.334871 0.911820
vn 0.031318 0.347274 0.937241
vn 0.434979 0.193651 0.879371
vn 0.448668 0.178415 0.875708
vn 0.417960 0.207419 0.884470
vn 0.403490 0.215631 0.889213
vn 0.379458 0.232790 0.895444
vn 0.338520 0.257517 0.905036
vn 0.354699 0.248808 0.901268
vn 0.303722 0.277096 0.911576
vn 0.239851 0.305742 0.921408
vn 0.250572 0.300731 0.920203
vn 0.223115 0.310851 0.923900
vn 0.239030 0.304719 0.921961
vn 0.195090 0.319816 0.927177
vn 0.133175 0.334902 0.932794
vn 0.166920 0.327502 0.929990
vn 0.138571 0.333949 0.932350
vn 0.021983 0.347654 0.937365
vn 0.081294 0.343199 0.935738
vn 0.023811 0.347582 0.937347
vn 0.442747 0.197648 0.874592
vn 0.450061 0.198456 0.870667
vn 0.460916 0.193153 0.866169
vn 0.466623 0.187273 0.864403
usemtl Glass_-_Light_Color
f 2/1/1 49/2/2 1/3/3
f 1/3/3 49/2/2 50/4/4
f 1/3/3 50/4/4 48/5/5
f 48/5/5 50/4/4 51/6/6
f 48/5/5 51/6/6 47/7/7
f 47/7/7 51/6/6 52/8/8
f 47/7/7 52/8/8 46/9/9
f 46/9/9 52/8/8 53/10/10
f 46/9/9 53/10/10 45/11/11
f 45/11/11 53/10/10 54/12/12
f 45/11/11 54/12/12 44/13/13
f 44/13/13 54/12/12 55/14/14
f 44/13/13 55/14/14 43/15/15
f 43/15/15 55/14/14 56/16/16
f 43/15/15 56/16/16 42/17/17
f 42/17/17 56/16/16 57/18/18
f 42/17/17 57/18/18 41/19/19
f 41/19/19 57/18/18 58/20/20
f 41/19/19 58/20/20 40/21/21
f 40/21/21 58/20/20 59/22/22
f 40/21/21 59/22/22 39/23/23
f 39/23/23 59/22/22 60/24/24
f 39/23/23 60/24/24 38/25/25
f 38/25/25 60/24/24 61/26/26
f 38/25/25 61/26/26 37/27/27
f 37/27/27 61/26/26 62/28/28
f 37/27/27 62/28/28 36/29/29
f 36/29/29 62/28/28 63/30/30
f 36/29/29 63/30/30 35/31/31
f 35/31/31 63/30/30 64/32/32
f 35/31/31 64/32/32 34/33/33
f 34/33/33 64/32/32 65/34/34
f 34/33/33 65/34/34 33/35/35
f 33/35/35 65/34/34 66/36/36
f 33/35/35 66/36/36 32/37/37
f 32/37/37 66/36/36 67/38/38
f 32/37/37 67/38/38 31/39/39
f 31/39/39 67/38/38 68/40/40
f 31/39/39 68/40/40 30/41/41
f 30/41/41 68/40/40 69/42/42
f 30/41/41 69/42/42 29/43/43
f 29/43/43 69/42/42 70/44/44
f 29/43/43 70/44/44 28/45/45
f 28/45/45 70/44/44 71/46/46
f 28/45/45 71/46/46 27/47/47
f 27/47/47 71/46/46 72/48/48
f 27/47/47 72/48/48 26/49/49
f 26/49/49 72/48/48 73/50/50
f 26/49/49 73/50/50 25/51/51
f 25/52/51 73/53/50 74/54/52
f 25/52/51 74/54/52 24/55/53
f 24/55/53 74/54/52 75/56/54
f 24/55/53 75/56/54 23/57/55
f 23/57/55 75/56/54 76/58/56
f 23/57/55 76/58/56 22/59/57
f 22/59/57 76/58/56 77/60/58
f 22/59/57 77/60/58 21/61/59
f 21/61/59 77/60/58 78/62/60
f 21/61/59 78/62/60 20/63/61
f 20/63/61 78/62/60 79/64/62
f 20/63/61 79/64/62 19/65/63
f 19/65/63 79/64/62 80/66/64
f 19/65/63 80/66/64 18/67/65
f 18/67/65 80/66/64 81/68/66
f 18/67/65 81/68/66 17/69/67
f 17/69/67 81/68/66 82/70/68
f 17/69/67 82/70/68 16/71/69
f 16/71/69 82/70/68 83/72/70
f 16/71/69 83/72/70 15/73/71
f 15/73/71 83/72/70 84/74/72
f 15/73/71 84/74/72 14/75/73
f 14/75/73 84/74/72 85/76/74
f 14/75/73 85/76/74 13/77/75
f 13/77/75 85/76/74 86/78/76
f 13/77/75 86/78/76 12/79/77
f 12/79/77 86/78/76 87/80/78
f 12/79/77 87/80/78 11/81/79
f 11/81/79 87/80/78 88/82/80
f 11/81/79 88/82/80 10/83/81
f 10/83/81 88/82/80 89/84/82
f 10/83/81 89/84/82 9/85/83
f 9/85/83 89/84/82 90/86/84
f 9/85/83 90/86/84 8/87/85
f 8/87/85 90/86/84 91/88/86
f 8/87/85 91/88/86 7/89/87
f 7/89/87 91/88/86 92/90/88
f 7/89/87 92/90/88 6/91/89
f 6/91/89 92/90/88 93/92/90
f 6/91/89 93/92/90 5/93/91
f 5/93/91 93/92/90 94/94/92
f 5/93/91 94/94/92 4/95/93
f 4/95/93 94/94/92 95/96/94
f 4/95/93 95/96/94 3/97/95
f 3/97/95 95/96/94 96/98/96
f 3/97/95 96/98/96 2/1/1
f 2/1/1 96/98/96 49/2/2
f 98/99/97 192/100/98 97/101/99
f 97/101/99 192/100/98 145/102/100
f 97/101/99 145/102/100 144/103/101
f 144/103/101 145/102/100 146/104/102
f 144/103/101 146/104/102 143/105/103
f 143/105/103 146/104/102 147/106/104
f 143/105/103 147/106/104 142/107/105
f 142/107/105 147/106/104 148/108/106
f 142/107/105 148/108/106 141/109/107
f 141/109/107 148/108/106 149/110/108
f 141/109/107 149/110/108 140/111/109
f 140/111/109 149/110/108 150/112/110
f 140/111/109 150/112/110 139/113/111
f 139/113/111 150/112/110 151/114/112
f 139/113/111 151/114/112 138/115/113
f 138/115/113 151/114/112 152/116/114
f 138/115/113 152/116/114 137/117/115
f 137/117/115 152/116/114 153/118/116
f 137/117/115 153/118/116 136/119/117
f 136/119/117 153/118/116 154/120/118
f 136/119/117 154/120/118 135/121/119
f 135/121/119 154/120/118 155/122/120
f 135/121/119 155/122/120 134/123/121
f 134/123/121 155/122/120 156/124/122
f 134/123/121 156/124/122 133/125/123
f 133/125/123 156/124/122 157/126/124
f 133/125/123 157/126/124 132/127/125
f 132/127/125 157/126/124 158/128/126
f 132/127/125 158/128/126 131/129/127
f 131/129/127 158/128/126 159/130/128
f 131/129/127 159/130/128 130/131/129
f 130/131/129 159/130/128 160/132/130
f 130/131/129 160/132/130 129/133/131
f 129/133/131 160/132/130 161/134/132
f 129/133/131 161/134/132 128/135/133
f 128/135/133 161/134/132 162/136/134
f 128/135/133 162/136/134 127/137/135
f 127/137/135 162/136/134 163/138/136
f 127/137/135 163/138/136 126/139/137
f 126/139/137 163/138/136 164/140/138
f 126/139/137 164/140/138 125/141/139
f 125/141/139 164/140/138 165/142/140
f 125/141/139 165/142/140 124/143/141
f 124/143/141 165/142/140 166/144/142
f 124/143/141 166/144/142 123/145/143
f 123/145/143 166/144/142 167/146/144
f 123/145/143 167/146/144 122/147/145
f 122/147/145 167/146/144 168/148/146
f 122/147/145 168/148/146 121/149/147
f 121/149/147 168/148/146 169/150/148
f 121/151/147 169/152/148 120/153/149
f 120/153/149 169/152/148 170/154/150
f 120/153/149 170/154/150 119/155/151
f 119/155/151 170/154/150 171/156/152
f 119/155/151 171/156/152 118/157/153
f 118/157/153 171/156/152 172/158/154
f 118/157/153 172/158/154 117/159/155
f 117/159/155 172/158/154 173/160/156
f 117/159/155 173/160/156 116/161/157
f 116/161/157 173/160/156 174/162/158
f 116/161/157 174/162/158 115/163/159
f 115/163/159 174/162/158 175/164/160
f 115/163/159 175/164/160 114/165/161
f 114/165/161 175/164/160 176/166/162
f 114/165/161 176/166/162 113/167/163
f 113/167/163 176/166/162 177/168/164
f 113/167/163 177/168/164 112/169/165
f 112/169/165 177/168/164 178/170/166
f 112/169/165 178/170/166 111/171/167
f 111/171/167 178/170/166 179/172/168
f 111/171/167 179/172/168 110/173/169
f 110/173/169 179/172/168 180/174/170
f 110/173/169 180/174/170 109/175/171
f 109/175/171 180/174/170 181/176/172
f 109/175/171 181/176/172 108/177/173
f 108/177/173 181/176/172 182/178/174
f 108/177/173 182/178/174 107/179/175
f 107/179/175 182/178/174 183/180/176
f 107/179/175 183/180/176 106/181/177
f 106/181/177 183/180/176 184/182/178
f 106/181/177 184/182/178 105/183/179
f 105/183/179 184/182/178 185/184/180
f 105/183/179 185/184/180 104/185/181
f 104/185/181 185/184/180 186/186/182
f 104/185/181 186/186/182 103/187/183
f 103/187/183 186/186/182 187/188/184
f 103/187/183 187/188/184 102/189/185
f 102/189/185 187/188/184 188/190/186
f 102/189/185 188/190/186 101/191/187
f 101/191/187 188/190/186 189/192/188
f 101/191/187 189/192/188 100/193/189
f 100/193/189 189/192/188 190/194/190
f 100/193/189 190/194/190 99/195/191
f 99/195/191 190/194/190 191/196/192
f 99/195/191 191/196/192 98/99/97
f 98/99/97 191/196/192 192/100/98
f 194/197/193 241/198/194 193/199/195
f 193/199/195 241/198/194 242/200/196
f 193/199/195 242/200/196 240/201/197
f 240/201/197 242/200/196 243/202/198
f 240/201/197 243/202/198 239/203/199
f 239/203/199 243/202/198 244/204/200
f 239/203/199 244/204/200 238/205/201
f 238/205/201 244/204/200 245/206/202
f 238/205/201 245/206/202 237/207/203
f 237/207/203 245/206/202 246/208/204
f 237/207/203 246/208/204 236/209/205
f 236/209/205 246/208/204 247/210/206
f 236/209/205 247/210/206 235/211/207
f 235/211/207 247/210/206 248/212/208
f 235/211/207 248/212/208 234/213/209
f 234/213/209 248/212/208 249/214/210
f 234/213/209 249/214/210 233/215/211
f 233/215/211 249/214/210 250/216/212
f 233/215/211 250/216/212 232/217/213
f 232/217/213 250/216/212 251/218/214
f 232/217/213 251/218/214 231/219/215
f 231/219/215 251/218/214 252/220/216
f 231/219/215 252/220/216 230/221/217
f 230/221/217 252/220/216 253/222/218
f 230/221/217 253/222/218 229/223/219
f 229/223/219 253/222/218 254/224/220
f 229/223/219 254/224/220 228/225/221
f 228/225/221 254/224/220 255/226/222
f 228/225/221 255/226/222 227/227/223
f 227/227/223 255/226/222 256/228/224
f 227/227/223 256/228/224 226/229/225
f 226/229/225 256/228/224 257/230/226
f 226/229/225 257/230/226 225/231/227
f 225/231/227 257/230/226 258/232/228
f 225/231/227 258/232/228 224/233/229
f 224/233/229 258/232/228 259/234/230
f 224/233/229 259/234/230 223/235/231
f 223/235/231 259/234/230 260/236/232
f 223/235/231 260/236/232 222/237/233
f 222/237/233 260/236/232 261/238/234
f 222/237/233 261/238/234 221/239/235
f 221/239/235 261/238/234 262/240/236
f 221/239/235 262/240/236 220/241/237
f 220/241/237 262/240/236 263/242/238
f 220/241/237 263/242/238 219/243/239
f 219/243/239 263/242/238 264/244/240
f 219/243/239 264/244/240 218/245/241
f 218/245/241 264/244/240 265/246/242
f 218/245/241 265/246/242 217/247/243
f 217/248/243 265/249/242 266/250/244
f 217/248/243 266/250/244 216/251/245
f 216/251/245 266/250/244 267/252/246
f 216/251/245 267/252/246 215/253/247
f 215/253/247 267/252/246 268/254/248
f 215/253/247 268/254/248 214/255/249
f 214/255/249 268/254/248 269/256/250
f 214/255/249 269/256/250 213/257/251
f 213/257/251 269/256/250 270/258/252
f 213/257/251 270/258/252 212/259/253
f 212/259/253 270/258/252 271/260/254
f 212/259/253 271/260/254 211/261/255
f 211/261/255 271/260/254 272/262/256
f 211/261/255 272/262/256 210/263/257
f 210/263/257 272/262/256 273/264/258
f 210/263/257 273/264/258 209/265/259
f 209/265/259 273/264/258 274/266/260
f 209/265/259 274/266/260 208/267/261
f 208/267/261 274/266/260 275/268/262
f 208/267/261 275/268/262 207/269/263
f 207/269/263 275/268/262 276/270/264
f 207/269/263 276/270/264 206/271/265
f 206/271/265 276/270/264 277/272/266
f 206/271/265 277/272/266 205/273/267
f 205/273/267 277/272/266 278/274/268
f 205/273/267 278/274/268 204/275/269
f 204/275/269 278/274/268 279/276/270
f 204/275/269 279/276/270 203/277/271
f 203/277/271 279/276/270 280/278/272
f 203/277/271 280/278/272 202/279/273
f 202/279/273 280/278/272 281/280/274
f 202/279/273 281/280/274 201/281/275
f 201/281/275 281/280/274 282/282/276
f 201/281/275 282/282/276 200/283/277
f 200/283/277 282/282/276 283/284/278
f 200/283/277 283/284/278 199/285/279
f 199/285/279 283/284/278 284/286/280
f 199/285/279 284/286/280 198/287/281
f 198/287/281 284/286/280 285/288/282
f 198/287/281 285/288/282 197/289/283
f 197/289/283 285/288/282 286/290/284
f 197/289/283 286/290/284 196/291/285
f 196/291/285 286/290/284 287/292/286
f 196/291/285 287/292/286 195/293/287
f 195/293/287 287/292/286 288/294/288
f 195/293/287 288/294/288 194/197/193
f 194/197/193 288/294/288 241/198/194
f 290/295/289 384/296/290 289/297/291
f 289/297/291 384/296/290 337/298/292
f 289/297/291 337/298/292 336/299/293
f 336/299/293 337/298/292 338/300/294
f 336/299/293 338/300/294 335/301/295
f 335/301/295 338/300/294 339/302/296
f 335/301/295 339/302/296 334/303/297
f 334/303/297 339/302/296 340/304/298
f 334/303/297 340/304/298 333/305/299
f 333/305/299 340/304/298 341/306/300
f 333/305/299 341/306/300 332/307/301
f 332/307/301 341/306/300 342/308/302
f 332/307/301 342/308/302 331/309/303
f 331/309/303 342/308/302 343/310/304
f 331/309/303 343/310/304 330/311/305
f 330/311/305 343/310/304 344/312/306
f 330/311/305 344/312/306 329/313/307
f 329/313/307 344/312/306 345/314/308
f 329/313/307 345/314/308 328/315/309
f 328/315/309 345/314/308 346/316/310
f 328/315/309 346/316/310 327/317/311
f 327/317/311 346/316/310 347/318/312
f 327/317/311 347/318/312 326/319/313
f 326/319/313 347/318/312 348/320/314
f 326/319/313 348/320/314 325/321/315
f 325/321/315 348/320/314 349/322/316
f 325/321/315 349/322/316 324/323/317
f 324/323/317 349/322/316 350/324/318
f 324/323/317 350/324/318 323/325/319
f 323/325/319 350/324/318 351/326/320
f 323/325/319 351/326/320 322/327/321
f 322/327/321 351/326/320 352/328/322
f 322/327/321 352/328/322 321/329/323
f 321/329/323 352/328/322 353/330/324
f 321/329/323 353/330/324 320/331/325
f 320/331/325 353/330/324 354/332/326
f 320/331/325 354/332/326 319/333/327
f 319/333/327 354/332/326 355/334/328
f 319/333/327 355/334/328 318/335/329
f 318/335/329 355/334/328 356/336/330
f 318/335/329 356/336/330 317/337/331
f 317/337/331 356/336/330 357/338/332
f 317/337/331 357/338/332 316/339/333
f 316/339/333 357/338/332 358/340/334
f 316/339/333 358/340/334 315/341/335
f 315/341/335 358/340/334 359/342/336
f 315/341/335 359/342/336 314/343/337
f 314/343/337 359/342/336 360/344/338
f 314/343/337 360/344/338 313/345/339
f 313/345/339 360/344/338 361/346/340
f 313/347/339 361/348/340 312/349/341
f 312/349/341 361/348/340 362/350/342
f 312/349/341 362/350/342 311/351/343
f 311/351/343 362/350/342 363/352/344
f 311/351/343 363/352/344 310/353/345
f 310/353/345 363/352/344 364/354/346
f 310/353/345 364/354/346 309/355/347
f 309/355/347 364/354/346 365/356/348
f 309/355/347 365/356/348 308/357/349
f 308/357/349 365/356/348 366/358/350
f 308/357/349 366/358/350 307/359/351
f 307/359/351 366/358/350 367/360/352
f 307/359/351 367/360/352 306/361/353
f 306/361/353 367/360/352 368/362/354
f 306/361/353 368/362/354 305/363/355
f 305/363/355 368/362/354 369/364/356
f 305/363/355 369/364/356 304/365/357
f 304/365/357 369/364/356 370/366/358
f 304/365/357 370/366/358 303/367/359
f 303/367/359 370/366/358 371/368/360
f 303/367/359 371/368/360 302/369/361
f 302/369/361 371/368/360 372/370/362
f 302/369/361 372/370/362 301/371/363
f 301/371/363 372/370/362 373/372/364
f 301/371/363 373/372/364 300/373/365
f 300/373/365 373/372/364 374/374/366
f 300/373/365 374/374/366 299/375/367
f 299/375/367 374/374/366 375/376/368
f 299/375/367 375/376/368 298/377/369
f 298/377/369 375/376/368 376/378/370
f 298/377/369 376/378/370 297/379/371
f 297/379/371 376/378/370 377/380/372
f 297/379/371 377/380/372 296/381/373
f 296/381/373 377/380/372 378/382/374
f 296/381/373 378/382/374 295/383/375
f 295/383/375 378/382/374 379/384/376
f 295/383/375 379/384/376 294/385/377
f 294/385/377 379/384/376 380/386/378
f 294/385/377 380/386/378 293/387/379
f 293/387/379 380/386/378 381/388/380
f 293/387/379 381/388/380 292/389/381
f 292/389/381 381/388/380 382/390/382
f 292/389/381 382/390/382 291/391/383
f 291/391/383 382/390/382 383/392/384
f 291/391/383 383/392/384 290/295/289
f 290/295/289 383/392/384 384/296/290
f 96/393/96 122/394/145 49/395/2
f 49/395/2 122/394/145 121/396/147
f 49/395/2 121/396/147 50/397/4
f 50/397/4 121/396/147 120/398/149
f 50/397/4 120/398/149 51/399/6
f 51/399/6 120/398/149 119/400/151
f 51/399/6 119/400/151 52/401/8
f 52/401/8 119/400/151 118/402/153
f 52/401/8 118/402/153 53/403/10
f 53/403/10 118/402/153 117/404/155
f 53/403/10 117/404/155 54/405/12
f 54/405/12 117/404/155 116/406/157
f 54/405/12 116/406/157 55/407/14
f 55/407/14 116/406/157 115/408/159
f 55/407/14 115/408/159 56/409/16
f 56/409/16 115/408/159 114/410/161
f 56/409/16 114/410/161 57/411/18
f 57/411/18 114/410/161 113/412/163
f 57/411/18 113/412/163 58/413/20
f 58/413/20 113/412/163 112/414/165
f 58/413/20 112/414/165 59/415/22
f 59/415/22 112/414/165 111/416/167
f 59/415/22 111/416/167 60/417/24
f 60/417/24 111/416/167 110/418/169
f 60/417/24 110/418/169 61/419/26
f 61/419/26 110/418/169 109/420/171
f 61/419/26 109/420/171 62/421/28
f 62/421/28 109/420/171 108/422/173
f 62/421/28 108/422/173 63/423/30
f 63/423/30 108/422/173 107/424/175
f 63/423/30 107/424/175 64/425/32
f 64/425/32 107/424/175 106/426/177
f 64/425/32 106/426/177 65/427/34
f 65/427/34 106/426/177 105/428/179
f 65/427/34 105/428/179 66/429/36
f 66/429/36 105/428/179 104/430/181
f 66/429/36 104/430/181 67/431/38
f 67/431/38 104/430/181 103/432/183
f 67/431/38 103/432/183 68/433/40
f 68/433/40 103/432/183 102/434/185
f 68/433/40 102/434/185 69/435/42
f 69/435/42 102/434/185 101/436/187
f 69/435/42 101/436/187 70/437/44
f 70/437/44 101/436/187 100/438/189
f 70/437/44 100/438/189 71/439/46
f 71/439/46 100/438/189 99/440/191
f 71/439/46 99/440/191 72/441/48
f 72/441/48 99/440/191 98/442/97
f 72/441/48 98/442/97 73/443/50
f 73/443/50 98/442/97 97/444/99
f 73/445/50 97/446/99 74/447/52
f 74/447/52 97/446/99 144/448/101
f 74/447/52 144/448/101 75/449/54
f 75/449/54 144/448/101 143/450/103
f 75/449/54 143/450/103 76/451/56
f 76/451/56 143/450/103 142/452/105
f 76/451/56 142/452/105 77/453/58
f 77/453/58 142/452/105 141/454/107
f 77/453/58 141/454/107 78/455/60
f 78/455/60 141/454/107 140/456/109
f 78/455/60 140/456/109 79/457/62
f 79/457/62 140/456/109 139/458/111
f 79/457/62 139/458/111 80/459/64
f 80/459/64 139/458/111 138/460/113
f 80/459/64 138/460/113 81/461/66
f 81/461/66 138/460/113 137/462/115
f 81/461/66 137/462/115 82/463/68
f 82/463/68 137/462/115 136/464/117
f 82/463/68 136/464/117 83/465/70
f 83/465/70 136/464/117 135/466/119
f 83/465/70 135/466/119 84/467/72
f 84/467/72 135/466/119 134/468/121
f 84/467/72 134/468/121 85/469/74
f 85/469/74 134/468/121 133/470/123
f 85/469/74 133/470/123 86/471/76
f 86/471/76 133/470/123 132/472/125
f 86/471/76 132/472/125 87/473/78
f 87/473/78 132/472/125 131/474/127
f 87/473/78 131/474/127 88/475/80
f 88/475/80 131/474/127 130/476/129
f 88/475/80 130/476/129 89/477/82
f 89/477/82 130/476/129 129/478/131
f 89/477/82 129/478/131 90/479/84
f 90/479/84 129/478/131 128/480/133
f 90/479/84 128/480/133 91/481/86
f 91/481/86 128/480/133 127/482/135
f 91/481/86 127/482/135 92/483/88
f 92/483/88 127/482/135 126/484/137
f 92/483/88 126/484/137 93/485/90
f 93/485/90 126/484/137 125/486/139
f 93/485/90 125/486/139 94/487/92
f 94/487/92 125/486/139 124/488/141
f 94/487/92 124/488/141 95/489/94
f 95/489/94 124/488/141 123/490/143
f 95/489/94 123/490/143 96/393/96
f 96/393/96 123/490/143 122/394/145
f 386/491/385 481/492/386 385/493/387
f 385/493/387 481/492/386 482/494/388
f 385/493/387 482/494/388 484/495/389
f 484/495/389 482/494/388 483/496/390
f 481/492/386 386/491/385 480/497/391
f 480/497/391 386/491/385 387/498/392
f 480/497/391 387/498/392 479/499/393
f 479/499/393 387/498/392 388/500/394
f 479/499/393 388/500/394 478/501/395
f 478/501/395 388/500/394 389/502/396
f 478/501/395 389/502/396 477/503/397
f 477/503/397 389/502/396 390/504/398
f 477/503/397 390/504/398 476/505/399
f 476/505/399 390/504/398 391/506/400
f 476/505/399 391/506/400 475/507/401
f 475/507/401 391/506/400 392/508/402
f 475/507/401 392/508/402 474/509/403
f 474/509/403 392/508/402 393/510/404
f 474/509/403 393/510/404 473/511/405
f 473/511/405 393/510/404 394/512/406
f 473/511/405 394/512/406 472/513/407
f 472/513/407 394/512/406 395/514/408
f 472/513/407 395/514/408 471/515/409
f 471/515/409 395/514/408 396/516/410
f 471/515/409 396/516/410 470/517/411
f 470/517/411 396/516/410 397/518/412
f 470/517/411 397/518/412 469/519/413
f 469/519/413 397/518/412 398/520/414
f 469/519/413 398/520/414 468/521/415
f 468/521/415 398/520/414 399/522/416
f 468/521/415 399/522/416 467/523/417
f 467/523/417 399/522/416 400/524/418
f 467/523/417 400/524/418 466/525/419
f 466/525/419 400/524/418 401/526/420
f 466/525/419 401/526/420 465/527/421
f 465/527/421 401/526/420 402/528/422
f 465/527/421 402/528/422 464/529/423
f 464/529/423 402/528/422 403/530/424
f 464/529/423 403/530/424 463/531/425
f 463/531/425 403/530/424 404/532/426
f 463/531/425 404/532/426 462/533/427
f 462/533/427 404/532/426 405/534/428
f 462/533/427 405/534/428 461/535/429
f 461/535/429 405/534/428 406/536/430
f 461/535/429 406/536/430 460/537/431
f 460/537/431 406/536/430 407/538/432
f 460/537/431 407/538/432 459/539/433
f 459/539/433 407/538/432 408/540/434
f 459/539/433 408/540/434 409/541/435
f 459/539/433 409/541/435 458/542/436
f 458/542/436 409/541/435 410/543/437
f 458/542/436 410/543/437 457/544/438
f 457/544/438 410/543/437 411/545/439
f 457/544/438 411/545/439 456/546/440
f 456/546/440 411/545/439 412/547/441
f 456/546/440 412/547/441 455/548/442
f 455/548/442 412/547/441 413/549/443
f 455/548/442 413/549/443 454/550/444
f 454/550/444 413/549/443 414/551/445
f 454/550/444 414/551/445 453/552/446
f 453/552/446 414/551/445 415/553/447
f 453/552/446 415/553/447 452/554/448
f 452/554/448 415/553/447 416/555/449
f 452/554/448 416/555/449 451/556/450
f 451/556/450 416/555/449 417/557/451
f 451/556/450 417/557/451 450/558/452
f 450/558/452 417/557/451 418/559/453
f 450/558/452 418/559/453 449/560/454
f 449/560/454 418/559/453 419/561/455
f 449/560/454 419/561/455 448/562/456
f 448/562/456 419/561/455 420/563/457
f 448/562/456 420/563/457 447/564/458
f 447/564/458 420/563/457 421/565/459
f 447/564/458 421/565/459 446/566/460
f 446/566/460 421/565/459 422/567/461
f 446/566/460 422/567/461 445/568/462
f 445/568/462 422/567/461 423/569/463
f 445/568/462 423/569/463 444/570/464
f 444/570/464 423/569/463 424/571/465
f 444/570/464 424/571/465 443/572/466
f 443/572/466 424/571/465 425/573/467
f 443/572/466 425/573/467 442/574/468
f 442/574/468 425/573/467 426/575/469
f 442/574/468 426/575/469 441/576/470
f 441/576/470 426/575/469 427/577/471
f 441/576/470 427/577/471 440/578/472
f 440/578/472 427/577/471 428/579/473
f 440/578/472 428/579/473 439/580/474
f 439/580/474 428/579/473 429/581/475
f 439/580/474 429/581/475 438/582/476
f 438/582/476 429/581/475 430/583/477
f 438/582/476 430/583/477 437/584/478
f 437/584/478 430/583/477 431/585/479
f 437/584/478 431/585/479 436/586/480
f 436/586/480 431/585/479 432/587/481
f 436/586/480 432/587/481 433/588/482
f 434/589/483 435/590/484 433/588/482
f 433/588/482 435/590/484 436/586/480
f 486/591/485 579/592/486 485/593/487
f 485/593/487 579/592/486 580/594/488
f 485/593/487 580/594/488 582/595/489
f 582/595/489 580/594/488 581/596/490
f 579/592/486 486/591/485 578/597/491
f 578/597/491 486/591/485 487/598/492
f 578/597/491 487/598/492 577/599/493
f 577/599/493 487/598/492 488/600/494
f 577/599/493 488/600/494 576/601/495
f 576/601/495 488/600/494 489/602/496
f 576/601/495 489/602/496 575/603/497
f 575/603/497 489/602/496 490/604/498
f 575/603/497 490/604/498 574/605/499
f 574/605/499 490/604/498 491/606/500
f 574/605/499 491/606/500 573/607/501
f 573/607/501 491/606/500 492/608/502
f 573/607/501 492/608/502 572/609/503
f 572/609/503 492/608/502 493/610/504
f 572/609/503 493/610/504 571/611/505
f 571/611/505 493/610/504 494/612/506
f 571/611/505 494/612/506 570/613/507
f 570/613/507 494/612/506 495/614/508
f 570/613/507 495/614/508 569/615/509
f 569/615/509 495/614/508 496/616/510
f 569/615/509 496/616/510 568/617/511
f 568/617/511 496/616/510 497/618/512
f 568/617/511 497/618/512 567/619/513
f 567/619/513 497/618/512 498/620/514
f 567/619/513 498/620/514 566/621/515
f 566/621/515 498/620/514 499/622/516
f 566/621/515 499/622/516 565/623/517
f 565/623/517 499/622/516 500/624/518
f 565/623/517 500/624/518 564/625/519
f 564/625/519 500/624/518 501/626/520
f 564/625/519 501/626/520 563/627/521
f 563/627/521 501/626/520 502/628/522
f 563/627/521 502/628/522 562/629/523
f 562/629/523 502/628/522 503/630/524
f 562/629/523 503/630/524 561/631/525
f 561/631/525 503/630/524 504/632/526
f 561/631/525 504/632/526 560/633/527
f 560/633/527 504/632/526 505/634/528
f 560/633/527 505/634/528 559/635/529
f 559/635/529 505/634/528 506/636/530
f 559/635/529 506/636/530 558/637/531
f 558/637/531 506/636/530 507/638/532
f 558/637/531 507/638/532 557/639/533
f 557/639/533 507/638/532 508/640/534
f 557/639/533 508/640/534 509/641/535
f 557/639/533 509/641/535 556/642/536
f 556/642/536 509/641/535 510/643/537
f 556/642/536 510/643/537 555/644/538
f 555/644/538 510/643/537 511/645/539
f 555/644/538 511/645/539 554/646/540
f 554/646/540 511/645/539 512/647/541
f 554/646/540 512/647/541 553/648/542
f 553/648/542 512/647/541 513/649/543
f 553/648/542 513/649/543 552/650/544
f 552/650/544 513/649/543 514/651/545
f 552/650/544 514/651/545 551/652/546
f 551/652/546 514/651/545 515/653/547
f 551/652/546 515/653/547 550/654/548
f 550/654/548 515/653/547 516/655/549
f 550/654/548 516/655/549 549/656/550
f 549/656/550 516/655/549 517/657/551
f 549/656/550 517/657/551 548/658/552
f 548/658/552 517/657/551 518/659/553
f 548/658/552 518/659/553 547/660/554
f 547/660/554 518/659/553 519/661/555
f 547/660/554 519/661/555 546/662/556
f 546/662/556 519/661/555 520/663/557
f 546/662/556 520/663/557 545/664/558
f 545/664/558 520/663/557 521/665/559
f 545/664/558 521/665/559 544/666/560
f 544/666/560 521/665/559 522/667/561
f 544/666/560 522/667/561 543/668/562
f 543/668/562 522/667/561 523/669/563
f 543/668/562 523/669/563 542/670/564
f 542/670/564 523/669/563 524/671/565
f 542/670/564 524/671/565 541/672/566
f 541/672/566 524/671/565 525/673/567
f 541/672/566 525/673/567 540/674/568
f 540/674/568 525/673/567 526/675/569
f 540/674/568 526/675/569 539/676/570
f 539/676/570 526/675/569 527/677/571
f 539/676/570 527/677/571 538/678/572
f 538/678/572 527/677/571 528/679/573
f 538/678/572 528/679/573 537/680/574
f 537/680/574 528/679/573 529/681/575
f 537/680/574 529/681/575 536/682/576
f 536/682/576 529/681/575 530/683/577
f 536/682/576 530/683/577 535/684/578
f 535/684/578 530/683/577 531/685/579
f 535/684/578 531/685/579 534/686/580
f 534/686/580 531/685/579 532/687/581
f 534/686/580 532/687/581 533/688/582
f 583/689/583 584/690/584 635/691/585
f 635/691/585 584/690/584 638/692/586
f 635/691/585 638/692/586 634/693/587
f 634/693/587 638/692/586 633/694/588
f 633/694/588 638/692/586 535/695/578
f 633/694/588 535/695/578 534/696/580
f 638/692/586 584/690/584 637/697/589
f 637/697/589 584/690/584 585/698/590
f 637/697/589 585/698/590 639/699/591
f 639/699/591 585/698/590 586/700/592
f 639/699/591 586/700/592 640/701/593
f 640/701/593 586/700/592 587/702/594
f 640/701/593 587/702/594 641/703/595
f 641/703/595 587/702/594 588/704/596
f 641/703/595 588/704/596 642/705/597
f 642/705/597 588/704/596 589/706/598
f 642/705/597 589/706/598 643/707/599
f 643/707/599 589/706/598 590/708/600
f 643/707/599 590/708/600 644/709/601
f 644/709/601 590/708/600 591/710/602
f 644/709/601 591/710/602 645/711/603
f 645/711/603 591/710/602 592/712/604
f 645/711/603 592/712/604 646/713/605
f 646/713/605 592/712/604 593/714/606
f 646/713/605 593/714/606 647/715/607
f 647/715/607 593/714/606 594/716/608
f 647/715/607 594/716/608 648/717/609
f 648/717/609 594/716/608 595/718/610
f 648/717/609 595/718/610 649/719/611
f 649/719/611 595/718/610 596/720/612
f 649/719/611 596/720/612 650/721/613
f 650/721/613 596/720/612 597/722/614
f 650/721/613 597/722/614 651/723/615
f 651/723/615 597/722/614 598/724/616
f 651/723/615 598/724/616 652/725/617
f 652/725/617 598/724/616 599/726/618
f 652/725/617 599/726/618 653/727/619
f 653/727/619 599/726/618 600/728/620
f 653/727/619 600/728/620 654/729/621
f 654/729/621 600/728/620 601/730/622
f 654/729/621 601/730/622 655/731/623
f 655/731/623 601/730/622 602/732/624
f 655/731/623 602/732/624 656/733/625
f 656/733/625 602/732/624 603/734/626
f 656/733/625 603/734/626 657/735/627
f 657/735/627 603/734/626 604/736/628
f 657/735/627 604/736/628 658/737/629
f 658/737/629 604/736/628 605/738/630
f 658/737/629 605/738/630 659/739/631
f 659/739/631 605/738/630 606/740/632
f 659/739/631 606/740/632 660/741/633
f 660/741/633 606/740/632 607/742/634
f 660/741/633 607/742/634 661/743/635
f 661/743/635 607/742/634 608/744/636
f 661/743/635 608/744/636 662/745/637
f 662/745/637 608/744/636 609/746/638
f 662/745/637 609/746/638 663/747/639
f 663/747/639 609/746/638 610/748/640
f 663/747/639 610/748/640 664/749/641
f 664/749/641 610/748/640 611/750/642
f 664/749/641 611/750/642 665/751/643
f 665/751/643 611/750/642 612/752/644
f 665/751/643 612/752/644 666/753/645
f 666/753/645 612/752/644 613/754/646
f 666/753/645 613/754/646 667/755/647
f 667/755/647 613/754/646 614/756/648
f 667/755/647 614/756/648 668/757/649
f 668/757/649 614/756/648 615/758/650
f 668/757/649 615/758/650 669/759/651
f 669/759/651 615/758/650 616/760/652
f 669/759/651 616/760/652 670/761/653
f 670/761/653 616/760/652 617/762/654
f 670/761/653 617/762/654 671/763/655
f 671/763/655 617/762/654 618/764/656
f 671/763/655 618/764/656 672/765/657
f 672/765/657 618/764/656 619/766/658
f 672/765/657 619/766/658 673/767/659
f 673/767/659 619/766/658 620/768/660
f 673/767/659 620/768/660 674/769/661
f 674/769/661 620/768/660 621/770/662
f 674/769/661 621/770/662 675/771/663
f 675/771/663 621/770/662 622/772/664
f 675/771/663 622/772/664 676/773/665
f 676/773/665 622/772/664 623/774/666
f 676/773/665 623/774/666 677/775/667
f 677/775/667 623/774/666 624/776/668
f 677/775/667 624/776/668 678/777/669
f 678/777/669 624/776/668 625/778/670
f 678/777/669 625/778/670 679/779/671
f 679/779/671 625/778/670 626/780/672
f 679/779/671 626/780/672 680/781/673
f 680/781/673 626/780/672 627/782/674
f 680/781/673 627/782/674 681/783/675
f 681/783/675 627/782/674 628/784/676
f 681/783/675 628/784/676 636/785/677
f 636/785/677 628/784/676 629/786/678
f 636/785/677 629/786/678 630/787/679
f 630/787/679 631/788/680 636/785/677
f 636/785/677 631/788/680 632/789/681
f 636/785/677 632/789/681 579/790/486
f 579/790/486 632/789/681 580/791/488
f 636/785/677 579/790/486 681/783/675
f 681/783/675 579/790/486 578/792/491
f 681/783/675 578/792/491 680/781/673
f 680/781/673 578/792/491 577/793/493
f 680/781/673 577/793/493 679/779/671
f 679/779/671 577/793/493 576/794/495
f 679/779/671 576/794/495 678/777/669
f 678/777/669 576/794/495 575/795/497
f 678/777/669 575/795/497 677/775/667
f 677/775/667 575/795/497 574/796/499
f 677/775/667 574/796/499 676/773/665
f 676/773/665 574/796/499 573/797/501
f 676/773/665 573/797/501 675/771/663
f 675/771/663 573/797/501 572/798/503
f 675/771/663 572/798/503 674/769/661
f 674/769/661 572/798/503 571/799/505
f 674/769/661 571/799/505 673/767/659
f 673/767/659 571/799/505 570/800/507
f 673/767/659 570/800/507 672/765/657
f 672/765/657 570/800/507 569/801/509
f 672/765/657 569/801/509 671/763/655
f 671/763/655 569/801/509 568/802/511
f 671/763/655 568/802/511 670/761/653
f 670/761/653 568/802/511 567/803/513
f 670/761/653 567/803/513 669/759/651
f 669/759/651 567/803/513 566/804/515
f 669/759/651 566/804/515 668/757/649
f 668/757/649 566/804/515 565/805/517
f 668/757/649 565/805/517 667/755/647
f 667/755/647 565/805/517 564/806/519
f 667/755/647 564/806/519 666/753/645
f 666/753/645 564/806/519 563/807/521
f 666/753/645 563/807/521 665/751/643
f 665/751/643 563/807/521 562/808/523
f 665/751/643 562/808/523 664/749/641
f 664/749/641 562/808/523 561/809/525
f 664/749/641 561/809/525 663/747/639
f 663/747/639 561/809/525 560/810/527
f 663/747/639 560/810/527 662/745/637
f 662/745/637 560/810/527 559/811/529
f 662/745/637 559/811/529 661/743/635
f 661/743/635 559/811/529 558/812/531
f 661/743/635 558/812/531 660/741/633
f 660/741/633 558/812/531 557/813/533
f 660/741/633 557/813/533 659/739/631
f 659/739/631 557/813/533 556/814/536
f 659/739/631 556/814/536 658/737/629
f 658/737/629 556/814/536 555/815/538
f 658/737/629 555/815/538 657/735/627
f 657/735/627 555/815/538 554/816/540
f 657/735/627 554/816/540 656/733/625
f 656/733/625 554/816/540 553/817/542
f 656/733/625 553/817/542 655/731/623
f 655/731/623 553/817/542 552/818/544
f 655/731/623 552/818/544 654/729/621
f 654/729/621 552/818/544 551/819/546
f 654/729/621 551/819/546 653/727/619
f 653/727/619 551/819/546 550/820/548
f 653/727/619 550/820/548 652/725/617
f 652/725/617 550/820/548 549/821/550
f 652/725/617 549/821/550 651/723/615
f 651/723/615 549/821/550 548/822/552
f 651/723/615 548/822/552 650/721/613
f 650/721/613 548/822/552 547/823/554
f 650/721/613 547/823/554 649/719/611
f 649/719/611 547/823/554 546/824/556
f 649/719/611 546/824/556 648/717/609
f 648/717/609 546/824/556 545/825/558
f 648/717/609 545/825/558 647/715/607
f 647/715/607 545/825/558 544/826/560
f 647/715/607 544/826/560 646/713/605
f 646/713/605 544/826/560 543/827/562
f 646/713/605 543/827/562 645/711/603
f 645/711/603 543/827/562 542/828/564
f 645/711/603 542/828/564 644/709/601
f 644/709/601 542/828/564 541/829/566
f 644/709/601 541/829/566 643/707/599
f 643/707/599 541/829/566 540/830/568
f 643/707/599 540/830/568 642/705/597
f 642/705/597 540/830/568 539/831/570
f 642/705/597 539/831/570 641/703/595
f 641/703/595 539/831/570 538/832/572
f 641/703/595 538/832/572 640/701/593
f 640/701/593 538/832/572 537/833/574
f 640/701/593 537/833/574 639/699/591
f 639/699/591 537/833/574 536/834/576
f 639/699/591 536/834/576 637/697/589
f 637/697/589 536/834/576 535/695/578
f 637/697/589 535/695/578 638/692/586
f 629/835/682 628/836/676 739/837/683
f 739/837/683 628/836/676 740/838/684
f 739/837/683 740/838/684 738/839/685
f 738/839/685 740/838/684 741/840/686
f 738/839/685 741/840/686 737/841/687
f 737/841/687 741/840/686 736/842/688
f 736/842/688 741/840/686 735/843/689
f 735/843/689 741/840/686 733/844/690
f 735/843/689 733/844/690 734/845/691
f 740/838/684 628/836/676 742/846/692
f 742/846/692 628/836/676 627/847/674
f 742/846/692 627/847/674 744/848/693
f 744/848/693 627/847/674 626/849/672
f 744/848/693 626/849/672 746/850/694
f 746/850/694 626/849/672 625/851/670
f 746/850/694 625/851/670 748/852/695
f 748/852/695 625/851/670 624/853/668
f 748/852/695 624/853/668 750/854/696
f 750/854/696 624/853/668 623/855/666
f 750/854/696 623/855/666 752/856/697
f 752/856/697 623/855/666 622/857/664
f 752/856/697 622/857/664 754/858/698
f 754/858/698 622/857/664 621/859/662
f 754/858/698 621/859/662 756/860/699
f 756/860/699 621/859/662 620/861/660
f 756/860/699 620/861/660 758/862/700
f 758/862/700 620/861/660 619/863/658
f 758/862/700 619/863/658 760/864/701
f 760/864/701 619/863/658 618/865/656
f 760/864/701 618/865/656 762/866/702
f 762/866/702 618/865/656 617/867/654
f 762/866/702 617/867/654 764/868/703
f 764/868/703 617/867/654 616/869/652
f 764/868/703 616/869/652 766/870/704
f 766/870/704 616/869/652 615/871/650
f 766/870/704 615/871/650 768/872/705
f 768/872/705 615/871/650 614/873/648
f 768/872/705 614/873/648 770/874/706
f 770/874/706 614/873/648 613/875/646
f 770/874/706 613/875/646 772/876/707
f 772/876/707 613/875/646 612/877/644
f 772/876/707 612/877/644 774/878/708
f 774/878/708 612/877/644 611/879/642
f 774/878/708 611/879/642 776/880/709
f 776/880/709 611/879/642 610/881/640
f 776/880/709 610/881/640 778/882/710
f 778/882/710 610/881/640 609/883/638
f 778/882/710 609/883/638 780/884/711
f 780/884/711 609/883/638 608/885/636
f 780/884/711 608/885/636 782/886/712
f 782/886/712 608/885/636 607/887/634
f 782/886/712 607/887/634 784/888/713
f 784/888/713 607/887/634 606/889/632
f 784/888/713 606/889/632 786/890/714
f 786/890/714 606/889/632 605/891/630
f 786/890/714 605/891/630 788/892/715
f 788/892/715 605/891/630 604/893/628
f 788/892/715 604/893/628 790/894/716
f 790/894/716 604/893/628 603/895/626
f 790/894/716 603/895/626 792/896/717
f 792/896/717 603/895/626 602/897/624
f 792/896/717 602/897/624 794/898/718
f 794/898/718 602/897/624 601/899/622
f 794/898/718 601/899/622 796/900/719
f 796/900/719 601/899/622 600/901/620
f 796/900/719 600/901/620 798/902/720
f 798/902/720 600/901/620 599/903/618
f 798/902/720 599/903/618 800/904/721
f 800/904/721 599/903/618 598/905/616
f 800/904/721 598/905/616 802/906/722
f 802/906/722 598/905/616 597/907/614
f 802/906/722 597/907/614 804/908/723
f 804/908/723 597/907/614 596/909/612
f 804/908/723 596/909/612 806/910/724
f 806/910/724 596/909/612 595/911/610
f 806/910/724 595/911/610 808/912/725
f 808/912/725 595/911/610 594/913/608
f 808/912/725 594/913/608 810/914/726
f 810/914/726 594/913/608 593/915/606
f 810/914/726 593/915/606 812/916/727
f 812/916/727 593/915/606 592/917/604
f 812/916/727 592/917/604 814/918/728
f 814/918/728 592/917/604 591/919/602
f 814/918/728 591/919/602 816/920/729
f 816/920/729 591/919/602 590/921/600
f 816/920/729 590/921/600 818/922/730
f 818/922/730 590/921/600 589/923/598
f 818/922/730 589/923/598 820/924/731
f 820/924/731 589/923/598 588/925/596
f 820/924/731 588/925/596 822/926/732
f 822/926/732 588/925/596 587/927/594
f 822/926/732 587/927/594 824/928/733
f 824/928/733 587/927/594 586/929/592
f 824/928/733 586/929/592 826/930/734
f 826/930/734 586/929/592 585/931/590
f 826/930/734 585/931/590 828/932/735
f 828/932/735 585/931/590 584/933/584
f 828/932/735 584/933/584 830/934/736
f 830/934/736 584/933/584 682/935/737
f 830/934/736 682/935/737 683/936/738
f 584/933/584 583/937/739 682/935/737
f 830/934/736 683/936/738 831/938/740
f 831/938/740 683/936/738 684/939/741
f 831/938/740 684/939/741 685/940/742
f 685/940/742 686/941/743 831/938/740
f 831/938/740 686/941/743 688/942/744
f 831/938/740 688/942/744 829/943/745
f 829/943/745 688/942/744 689/944/746
f 829/943/745 689/944/746 827/945/747
f 827/945/747 689/944/746 690/946/748
f 827/945/747 690/946/748 825/947/749
f 825/947/749 690/946/748 691/948/750
f 825/947/749 691/948/750 823/949/751
f 823/949/751 691/948/750 692/950/752
f 823/949/751 692/950/752 821/951/753
f 821/951/753 692/950/752 693/952/754
f 821/951/753 693/952/754 819/953/755
f 819/953/755 693/952/754 694/954/756
f 819/953/755 694/954/756 817/955/757
f 817/955/757 694/954/756 695/956/758
f 817/955/757 695/956/758 815/957/759
f 815/957/759 695/956/758 696/958/760
f 815/957/759 696/958/760 813/959/761
f 813/959/761 696/958/760 697/960/762
f 813/959/761 697/960/762 811/961/763
f 811/961/763 697/960/762 698/962/764
f 811/961/763 698/962/764 809/963/765
f 809/963/765 698/962/764 699/964/766
f 809/963/765 699/964/766 807/965/767
f 807/965/767 699/964/766 700/966/768
f 807/965/767 700/966/768 805/967/769
f 805/967/769 700/966/768 701/968/770
f 805/967/769 701/968/770 803/969/771
f 803/969/771 701/968/770 702/970/772
f 803/969/771 702/970/772 801/971/773
f 801/971/773 702/970/772 703/972/774
f 801/971/773 703/972/774 799/973/775
f 799/973/775 703/972/774 704/974/776
f 799/973/775 704/974/776 797/975/777
f 797/975/777 704/974/776 705/976/778
f 797/975/777 705/976/778 795/977/779
f 795/977/779 705/976/778 706/978/780
f 795/977/779 706/978/780 793/979/781
f 793/979/781 706/978/780 707/980/782
f 793/979/781 707/980/782 791/981/783
f 791/981/783 707/980/782 708/982/784
f 791/981/783 708/982/784 789/983/785
f 789/983/785 708/982/784 709/984/786
f 789/983/785 709/984/786 787/985/787
f 787/985/787 709/984/786 710/986/788
f 787/985/787 710/986/788 785/987/789
f 785/987/789 710/986/788 711/988/790
f 785/987/789 711/988/790 783/989/791
f 783/989/791 711/988/790 712/990/792
f 783/989/791 712/990/792 781/991/793
f 781/991/793 712/990/792 713/992/794
f 781/991/793 713/992/794 779/993/795
f 779/993/795 713/992/794 714/994/796
f 779/993/795 714/994/796 777/995/797
f 777/995/797 714/994/796 715/996/798
f 777/995/797 715/996/798 775/997/799
f 775/997/799 715/996/798 716/998/800
f 775/997/799 716/998/800 773/999/801
f 773/999/801 716/998/800 717/1000/802
f 773/999/801 717/1000/802 771/1001/803
f 771/1001/803 717/1000/802 718/1002/804
f 771/1001/803 718/1002/804 769/1003/805
f 769/1003/805 718/1002/804 719/1004/806
f 769/1003/805 719/1004/806 767/1005/807
f 767/1005/807 719/1004/806 720/1006/808
f 767/1005/807 720/1006/808 765/1007/809
f 765/1007/809 720/1006/808 721/1008/810
f 765/1007/809 721/1008/810 763/1009/811
f 763/1009/811 721/1008/810 722/1010/812
f 763/1009/811 722/1010/812 761/1011/813
f 761/1011/813 722/1010/812 723/1012/814
f 761/1011/813 723/1012/814 759/1013/815
f 759/1013/815 723/1012/814 724/1014/816
f 759/1013/815 724/1014/816 757/1015/817
f 757/1015/817 724/1014/816 725/1016/818
f 757/1015/817 725/1016/818 755/1017/819
f 755/1017/819 725/1016/818 726/1018/820
f 755/1017/819 726/1018/820 753/1019/821
f 753/1019/821 726/1018/820 727/1020/822
f 753/1019/821 727/1020/822 751/1021/823
f 751/1021/823 727/1020/822 728/1022/824
f 751/1021/823 728/1022/824 749/1023/825
f 749/1023/825 728/1022/824 729/1024/826
f 749/1023/825 729/1024/826 747/1025/827
f 747/1025/827 729/1024/826 730/1026/828
f 747/1025/827 730/1026/828 745/1027/829
f 745/1027/829 730/1026/828 731/1028/830
f 745/1027/829 731/1028/830 743/1029/831
f 743/1029/831 731/1028/830 732/1030/832
f 743/1029/831 732/1030/832 741/840/686
f 741/840/686 732/1030/832 733/844/690
f 686/941/743 687/1031/833 688/942/744
f 743/1029/831 741/840/686 740/838/684
f 745/1027/829 743/1029/831 742/846/692
f 742/846/692 743/1029/831 740/838/684
f 747/1025/827 745/1027/829 744/848/693
f 744/848/693 745/1027/829 742/846/692
f 749/1023/825 747/1025/827 746/850/694
f 746/850/694 747/1025/827 744/848/693
f 751/1021/823 749/1023/825 748/852/695
f 748/852/695 749/1023/825 746/850/694
f 753/1019/821 751/1021/823 750/854/696
f 750/854/696 751/1021/823 748/852/695
f 755/1017/819 753/1019/821 752/856/697
f 752/856/697 753/1019/821 750/854/696
f 757/1015/817 755/1017/819 754/858/698
f 754/858/698 755/1017/819 752/856/697
f 759/1013/815 757/1015/817 756/860/699
f 756/860/699 757/1015/817 754/858/698
f 761/1011/813 759/1013/815 758/862/700
f 758/862/700 759/1013/815 756/860/699
f 763/1009/811 761/1011/813 760/864/701
f 760/864/701 761/1011/813 758/862/700
f 765/1007/809 763/1009/811 762/866/702
f 762/866/702 763/1009/811 760/864/701
f 767/1005/807 765/1007/809 764/868/703
f 764/868/703 765/1007/809 762/866/702
f 769/1003/805 767/1005/807 766/870/704
f 766/870/704 767/1005/807 764/868/703
f 771/1001/803 769/1003/805 768/872/705
f 768/872/705 769/1003/805 766/870/704
f 773/999/801 771/1001/803 770/874/706
f 770/874/706 771/1001/803 768/872/705
f 775/997/799 773/999/801 772/876/707
f 772/876/707 773/999/801 770/874/706
f 777/995/797 775/997/799 774/878/708
f 774/878/708 775/997/799 772/876/707
f 779/993/795 777/995/797 776/880/709
f 776/880/709 777/995/797 774/878/708
f 781/991/793 779/993/795 778/882/710
f 778/882/710 779/993/795 776/880/709
f 783/989/791 781/991/793 780/884/711
f 780/884/711 781/991/793 778/882/710
f 785/987/789 783/989/791 782/886/712
f 782/886/712 783/989/791 780/884/711
f 787/985/787 785/987/789 784/888/713
f 784/888/713 785/987/789 782/886/712
f 789/983/785 787/985/787 786/890/714
f 786/890/714 787/985/787 784/888/713
f 791/981/783 789/983/785 788/892/715
f 788/892/715 789/983/785 786/890/714
f 793/979/781 791/981/783 790/894/716
f 790/894/716 791/981/783 788/892/715
f 795/977/779 793/979/781 792/896/717
f 792/896/717 793/979/781 790/894/716
f 797/975/777 795/977/779 794/898/718
f 794/898/718 795/977/779 792/896/717
f 799/973/775 797/975/777 796/900/719
f 796/900/719 797/975/777 794/898/718
f 801/971/773 799/973/775 798/902/720
f 798/902/720 799/973/775 796/900/719
f 803/969/771 801/971/773 800/904/721
f 800/904/721 801/971/773 798/902/720
f 805/967/769 803/969/771 802/906/722
f 802/906/722 803/969/771 800/904/721
f 807/965/767 805/967/769 804/908/723
f 804/908/723 805/967/769 802/906/722
f 809/963/765 807/965/767 806/910/724
f 806/910/724 807/965/767 804/908/723
f 811/961/763 809/963/765 808/912/725
f 808/912/725 809/963/765 806/910/724
f 813/959/761 811/961/763 810/914/726
f 810/914/726 811/961/763 808/912/725
f 815/957/759 813/959/761 812/916/727
f 812/916/727 813/959/761 810/914/726
f 817/955/757 815/957/759 814/918/728
f 814/918/728 815/957/759 812/916/727
f 819/953/755 817/955/757 816/920/729
f 816/920/729 817/955/757 814/918/728
f 821/951/753 819/953/755 818/922/730
f 818/922/730 819/953/755 816/920/729
f 823/949/751 821/951/753 820/924/731
f 820/924/731 821/951/753 818/922/730
f 825/947/749 823/949/751 822/926/732
f 822/926/732 823/949/751 820/924/731
f 827/945/747 825/947/749 824/928/733
f 824/928/733 825/947/749 822/926/732
f 829/943/745 827/945/747 826/930/734
f 826/930/734 827/945/747 824/928/733
f 831/938/740 829/943/745 828/932/735
f 828/932/735 829/943/745 826/930/734
f 830/934/736 831/938/740 828/932/735
f 833/1032/834 937/1033/835 832/1034/836
f 832/1034/836 937/1033/835 939/1035/837
f 832/1034/836 939/1035/837 879/1036/838
f 879/1036/838 939/1035/837 984/1037/839
f 879/1036/838 984/1037/839 878/1038/840
f 878/1038/840 984/1037/839 983/1039/841
f 878/1038/840 983/1039/841 877/1040/842
f 877/1040/842 983/1039/841 982/1041/843
f 877/1040/842 982/1041/843 876/1042/844
f 876/1042/844 982/1041/843 981/1043/845
f 876/1042/844 981/1043/845 875/1044/846
f 875/1044/846 981/1043/845 980/1045/847
f 875/1044/846 980/1045/847 874/1046/848
f 874/1046/848 980/1045/847 979/1047/849
f 874/1046/848 979/1047/849 873/1048/850
f 873/1048/850 979/1047/849 978/1049/851
f 873/1048/850 978/1049/851 872/1050/852
f 872/1050/852 978/1049/851 977/1051/853
f 872/1050/852 977/1051/853 871/1052/854
f 871/1052/854 977/1051/853 976/1053/855
f 871/1052/854 976/1053/855 870/1054/856
f 870/1054/856 976/1053/855 975/1055/857
f 870/1054/856 975/1055/857 869/1056/858
f 869/1056/858 975/1055/857 974/1057/859
f 869/1056/858 974/1057/859 868/1058/860
f 868/1058/860 974/1057/859 973/1059/861
f 868/1058/860 973/1059/861 867/1060/862
f 867/1060/862 973/1059/861 972/1061/863
f 867/1060/862 972/1061/863 866/1062/864
f 866/1062/864 972/1061/863 971/1063/865
f 866/1062/864 971/1063/865 865/1064/866
f 865/1064/866 971/1063/865 970/1065/867
f 865/1064/866 970/1065/867 864/1066/868
f 864/1066/868 970/1065/867 969/1067/869
f 864/1066/868 969/1067/869 863/1068/870
f 863/1068/870 969/1067/869 968/1069/871
f 863/1068/870 968/1069/871 862/1070/872
f 862/1070/872 968/1069/871 967/1071/873
f 862/1070/872 967/1071/873 861/1072/874
f 861/1072/874 967/1071/873 966/1073/875
f 861/1072/874 966/1073/875 860/1074/876
f 860/1074/876 966/1073/875 965/1075/877
f 860/1074/876 965/1075/877 859/1076/878
f 859/1076/878 965/1075/877 964/1077/879
f 859/1076/878 964/1077/879 858/1078/880
f 858/1078/880 964/1077/879 963/1079/881
f 858/1078/880 963/1079/881 857/1080/882
f 857/1080/882 963/1079/881 962/1081/883
f 857/1080/882 962/1081/883 856/1082/884
f 856/1082/884 962/1081/883 936/1083/885
f 856/1084/884 936/1085/885 961/1086/886
f 961/1086/886 936/1085/885 933/1087/887
f 961/1086/886 933/1087/887 934/1088/888
f 937/1033/835 833/1032/834 938/1089/889
f 938/1089/889 833/1032/834 834/1090/890
f 938/1089/889 834/1090/890 940/1091/891
f 940/1091/891 834/1090/890 835/1092/892
f 940/1091/891 835/1092/892 941/1093/893
f 941/1093/893 835/1092/892 836/1094/894
f 941/1093/893 836/1094/894 942/1095/895
f 942/1095/895 836/1094/894 837/1096/896
f 942/1095/895 837/1096/896 943/1097/897
f 943/1097/897 837/1096/896 838/1098/898
f 943/1097/897 838/1098/898 944/1099/899
f 944/1099/899 838/1098/898 839/1100/900
f 944/1099/899 839/1100/900 945/1101/901
f 945/1101/901 839/1100/900 840/1102/902
f 945/1101/901 840/1102/902 946/1103/903
f 946/1103/903 840/1102/902 841/1104/904
f 946/1103/903 841/1104/904 947/1105/905
f 947/1105/905 841/1104/904 842/1106/906
f 947/1105/905 842/1106/906 948/1107/907
f 948/1107/907 842/1106/906 843/1108/908
f 948/1107/907 843/1108/908 949/1109/909
f 949/1109/909 843/1108/908 844/1110/910
f 949/1109/909 844/1110/910 950/1111/911
f 950/1111/911 844/1110/910 845/1112/912
f 950/1111/911 845/1112/912 951/1113/913
f 951/1113/913 845/1112/912 846/1114/914
f 951/1113/913 846/1114/914 952/1115/915
f 952/1115/915 846/1114/914 847/1116/916
f 952/1115/915 847/1116/916 953/1117/917
f 953/1117/917 847/1116/916 848/1118/918
f 953/1117/917 848/1118/918 954/1119/919
f 954/1119/919 848/1118/918 849/1120/920
f 954/1119/919 849/1120/920 955/1121/921
f 955/1121/921 849/1120/920 850/1122/922
f 955/1121/921 850/1122/922 956/1123/923
f 956/1123/923 850/1122/922 851/1124/924
f 956/1123/923 851/1124/924 957/1125/925
f 957/1125/925 851/1124/924 852/1126/926
f 957/1125/925 852/1126/926 958/1127/927
f 958/1127/927 852/1126/926 853/1128/928
f 958/1127/927 853/1128/928 959/1129/929
f 959/1129/929 853/1128/928 854/1130/930
f 959/1129/929 854/1130/930 960/1131/931
f 960/1131/931 854/1130/930 855/1132/932
f 960/1131/931 855/1132/932 961/1086/886
f 961/1086/886 855/1132/932 856/1084/884
f 935/1133/933 880/1134/934 961/1086/886
f 961/1086/886 880/1134/934 881/1135/935
f 961/1086/886 881/1135/935 960/1131/931
f 960/1131/931 881/1135/935 882/1136/936
f 960/1131/931 882/1136/936 959/1129/929
f 959/1129/929 882/1136/936 883/1137/937
f 959/1129/929 883/1137/937 958/1127/927
f 958/1127/927 883/1137/937 884/1138/938
f 958/1127/927 884/1138/938 957/1125/925
f 957/1125/925 884/1138/938 885/1139/939
f 957/1125/925 885/1139/939 956/1123/923
f 956/1123/923 885/1139/939 886/1140/940
f 956/1123/923 886/1140/940 955/1121/921
f 955/1121/921 886/1140/940 887/1141/941
f 955/1121/921 887/1141/941 954/1119/919
f 954/1119/919 887/1141/941 888/1142/942
f 954/1119/919 888/1142/942 953/1117/917
f 953/1117/917 888/1142/942 889/1143/943
f 953/1117/917 889/1143/943 952/1115/915
f 952/1115/915 889/1143/943 890/1144/944
f 952/1115/915 890/1144/944 951/1113/913
f 951/1113/913 890/1144/944 891/1145/945
f 951/1113/913 891/1145/945 950/1111/911
f 950/1111/911 891/1145/945 892/1146/946
f 950/1111/911 892/1146/946 949/1109/909
f 949/1109/909 892/1146/946 893/1147/947
f 949/1109/909 893/1147/947 948/1107/907
f 948/1107/907 893/1147/947 894/1148/948
f 948/1107/907 894/1148/948 947/1105/905
f 947/1105/905 894/1148/948 895/1149/949
f 947/1105/905 895/1149/949 946/1103/903
f 946/1103/903 895/1149/949 896/1150/950
f 946/1103/903 896/1150/950 945/1101/901
f 945/1101/901 896/1150/950 897/1151/951
f 945/1101/901 897/1151/951 944/1099/899
f 944/1099/899 897/1151/951 898/1152/952
f 944/1099/899 898/1152/952 943/1097/897
f 943/1097/897 898/1152/952 899/1153/953
f 943/1097/897 899/1153/953 942/1095/895
f 942/1095/895 899/1153/953 900/1154/954
f 942/1095/895 900/1154/954 941/1093/893
f 941/1093/893 900/1154/954 901/1155/955
f 941/1093/893 901/1155/955 940/1091/891
f 940/1091/891 901/1155/955 902/1156/956
f 940/1091/891 902/1156/956 938/1089/889
f 938/1089/889 902/1156/956 903/1157/957
f 938/1089/889 903/1157/957 937/1033/835
f 937/1033/835 903/1157/957 904/1158/958
f 937/1033/835 904/1158/958 939/1035/837
f 939/1035/837 904/1158/958 984/1037/839
f 904/1158/958 905/1159/959 984/1037/839
f 984/1037/839 905/1159/959 983/1039/841
f 905/1159/959 906/1160/960 983/1039/841
f 983/1039/841 906/1160/960 982/1041/843
f 906/1160/960 907/1161/961 982/1041/843
f 982/1041/843 907/1161/961 981/1043/845
f 907/1161/961 908/1162/962 981/1043/845
f 981/1043/845 908/1162/962 980/1045/847
f 908/1162/962 909/1163/963 980/1045/847
f 980/1045/847 909/1163/963 979/1047/849
f 909/1163/963 910/1164/964 979/1047/849
f 979/1047/849 910/1164/964 978/1049/851
f 910/1164/964 911/1165/965 978/1049/851
f 978/1049/851 911/1165/965 977/1051/853
f 911/1165/965 912/1166/966 977/1051/853
f 977/1051/853 912/1166/966 976/1053/855
f 912/1166/966 913/1167/967 976/1053/855
f 976/1053/855 913/1167/967 975/1055/857
f 913/1167/967 914/1168/968 975/1055/857
f 975/1055/857 914/1168/968 974/1057/859
f 914/1168/968 915/1169/969 974/1057/859
f 974/1057/859 915/1169/969 973/1059/861
f 915/1169/969 916/1170/970 973/1059/861
f 973/1059/861 916/1170/970 972/1061/863
f 916/1170/970 917/1171/971 972/1061/863
f 972/1061/863 917/1171/971 971/1063/865
f 917/1171/971 918/1172/972 971/1063/865
f 971/1063/865 918/1172/972 970/1065/867
f 918/1172/972 919/1173/973 970/1065/867
f 970/1065/867 919/1173/973 969/1067/869
f 919/1173/973 920/1174/974 969/1067/869
f 969/1067/869 920/1174/974 968/1069/871
f 920/1174/974 921/1175/975 968/1069/871
f 968/1069/871 921/1175/975 967/1071/873
f 921/1175/975 922/1176/976 967/1071/873
f 967/1071/873 922/1176/976 966/1073/875
f 922/1176/976 923/1177/977 966/1073/875
f 966/1073/875 923/1177/977 965/1075/877
f 923/1177/977 924/1178/978 965/1075/877
f 965/1075/877 924/1178/978 964/1077/879
f 924/1178/978 925/1179/979 964/1077/879
f 964/1077/879 925/1179/979 963/1079/881
f 925/1179/979 926/1180/980 963/1079/881
f 963/1079/881 926/1180/980 962/1081/883
f 926/1180/980 927/1181/981 962/1081/883
f 962/1081/883 927/1181/981 928/1182/982
f 962/1081/883 928/1182/982 929/1183/983
f 962/1081/883 929/1183/983 936/1083/885
f 936/1083/885 929/1183/983 930/1184/984
f 936/1083/885 930/1184/984 931/1185/985
f 931/1186/985 932/1187/986 936/1085/885
f 936/1085/885 932/1187/986 933/1087/887
f 934/1088/888 935/1133/933 961/1086/886
f 879/1188/838 146/1189/102 832/1190/836
f 832/1190/836 146/1189/102 145/1191/100
f 832/1190/836 145/1191/100 833/1192/834
f 833/1192/834 145/1191/100 192/1193/98
f 833/1192/834 192/1193/98 834/1194/890
f 834/1194/890 192/1193/98 191/1195/192
f 834/1194/890 191/1195/192 835/1196/892
f 835/1196/892 191/1195/192 190/1197/190
f 835/1196/892 190/1197/190 836/1198/894
f 836/1198/894 190/1197/190 189/1199/188
f 836/1198/894 189/1199/188 837/1200/896
f 837/1200/896 189/1199/188 188/1201/186
f 837/1200/896 188/1201/186 838/1202/898
f 838/1202/898 188/1201/186 187/1203/184
f 838/1202/898 187/1203/184 839/1204/900
f 839/1204/900 187/1203/184 186/1205/182
f 839/1204/900 186/1205/182 840/1206/902
f 840/1206/902 186/1205/182 185/1207/180
f 840/1206/902 185/1207/180 841/1208/904
f 841/1208/904 185/1207/180 184/1209/178
f 841/1208/904 184/1209/178 842/1210/906
f 842/1210/906 184/1209/178 183/1211/176
f 842/1210/906 183/1211/176 843/1212/908
f 843/1212/908 183/1211/176 182/1213/174
f 843/1212/908 182/1213/174 844/1214/910
f 844/1214/910 182/1213/174 181/1215/172
f 844/1214/910 181/1215/172 845/1216/912
f 845/1216/912 181/1215/172 180/1217/170
f 845/1216/912 180/1217/170 846/1218/914
f 846/1218/914 180/1217/170 179/1219/168
f 846/1218/914 179/1219/168 847/1220/916
f 847/1220/916 179/1219/168 178/1221/166
f 847/1220/916 178/1221/166 848/1222/918
f 848/1222/918 178/1221/166 177/1223/164
f 848/1222/918 177/1223/164 849/1224/920
f 849/1224/920 177/1223/164 176/1225/162
f 849/1224/920 176/1225/162 850/1226/922
f 850/1226/922 176/1225/162 175/1227/160
f 850/1226/922 175/1227/160 851/1228/924
f 851/1228/924 175/1227/160 174/1229/158
f 851/1228/924 174/1229/158 852/1230/926
f 852/1230/926 174/1229/158 173/1231/156
f 852/1230/926 173/1231/156 853/1232/928
f 853/1232/928 173/1231/156 172/1233/154
f 853/1232/928 172/1233/154 854/1234/930
f 854/1234/930 172/1233/154 171/1235/152
f 854/1234/930 171/1235/152 855/1236/932
f 855/1236/932 171/1235/152 170/1237/150
f 855/1236/932 170/1237/150 856/1238/884
f 856/1238/884 170/1237/150 169/1239/148
f 856/1240/884 169/1241/148 857/1242/882
f 857/1242/882 169/1241/148 168/1243/146
f 857/1242/882 168/1243/146 858/1244/880
f 858/1244/880 168/1243/146 167/1245/144
f 858/1244/880 167/1245/144 859/1246/878
f 859/1246/878 167/1245/144 166/1247/142
f 859/1246/878 166/1247/142 860/1248/876
f 860/1248/876 166/1247/142 165/1249/140
f 860/1248/876 165/1249/140 861/1250/874
f 861/1250/874 165/1249/140 164/1251/138
f 861/1250/874 164/1251/138 862/1252/872
f 862/1252/872 164/1251/138 163/1253/136
f 862/1252/872 163/1253/136 863/1254/870
f 863/1254/870 163/1253/136 162/1255/134
f 863/1254/870 162/1255/134 864/1256/868
f 864/1256/868 162/1255/134 161/1257/132
f 864/1256/868 161/1257/132 865/1258/866
f 865/1258/866 161/1257/132 160/1259/130
f 865/1258/866 160/1259/130 866/1260/864
f 866/1260/864 160/1259/130 159/1261/128
f 866/1260/864 159/1261/128 867/1262/862
f 867/1262/862 159/1261/128 158/1263/126
f 867/1262/862 158/1263/126 868/1264/860
f 868/1264/860 158/1263/126 157/1265/124
f 868/1264/860 157/1265/124 869/1266/858
f 869/1266/858 157/1265/124 156/1267/122
f 869/1266/858 156/1267/122 870/1268/856
f 870/1268/856 156/1267/122 155/1269/120
f 870/1268/856 155/1269/120 871/1270/854
f 871/1270/854 155/1269/120 154/1271/118
f 871/1270/854 154/1271/118 872/1272/852
f 872/1272/852 154/1271/118 153/1273/116
f 872/1272/852 153/1273/116 873/1274/850
f 873/1274/850 153/1273/116 152/1275/114
f 873/1274/850 152/1275/114 874/1276/848
f 874/1276/848 152/1275/114 151/1277/112
f 874/1276/848 151/1277/112 875/1278/846
f 875/1278/846 151/1277/112 150/1279/110
f 875/1278/846 150/1279/110 876/1280/844
f 876/1280/844 150/1279/110 149/1281/108
f 876/1280/844 149/1281/108 877/1282/842
f 877/1282/842 149/1281/108 148/1283/106
f 877/1282/842 148/1283/106 878/1284/840
f 878/1284/840 148/1283/106 147/1285/104
f 878/1284/840 147/1285/104 879/1188/838
f 879/1188/838 147/1285/104 146/1189/102
f 240/1286/197 362/1287/342 193/1288/195
f 193/1288/195 362/1287/342 361/1289/340
f 193/1288/195 361/1289/340 194/1290/193
f 194/1290/193 361/1289/340 360/1291/338
f 194/1290/193 360/1291/338 195/1292/287
f 195/1292/287 360/1291/338 359/1293/336
f 195/1292/287 359/1293/336 196/1294/285
f 196/1294/285 359/1293/336 358/1295/334
f 196/1294/285 358/1295/334 197/1296/283
f 197/1296/283 358/1295/334 357/1297/332
f 197/1296/283 357/1297/332 198/1298/281
f 198/1298/281 357/1297/332 356/1299/330
f 198/1298/281 356/1299/330 199/1300/279
f 199/1300/279 356/1299/330 355/1301/328
f 199/1300/279 355/1301/328 200/1302/277
f 200/1302/277 355/1301/328 354/1303/326
f 200/1302/277 354/1303/326 201/1304/275
f 201/1304/275 354/1303/326 353/1305/324
f 201/1304/275 353/1305/324 202/1306/273
f 202/1306/273 353/1305/324 352/1307/322
f 202/1306/273 352/1307/322 203/1308/271
f 203/1308/271 352/1307/322 351/1309/320
f 203/1308/271 351/1309/320 204/1310/269
f 204/1310/269 351/1309/320 350/1311/318
f 204/1310/269 350/1311/318 205/1312/267
f 205/1312/267 350/1311/318 349/1313/316
f 205/1312/267 349/1313/316 206/1314/265
f 206/1314/265 349/1313/316 348/1315/314
f 206/1314/265 348/1315/314 207/1316/263
f 207/1316/263 348/1315/314 347/1317/312
f 207/1316/263 347/1317/312 208/1318/261
f 208/1318/261 347/1317/312 346/1319/310
f 208/1318/261 346/1319/310 209/1320/259
f 209/1320/259 346/1319/310 345/1321/308
f 209/1320/259 345/1321/308 210/1322/257
f 210/1322/257 345/1321/308 344/1323/306
f 210/1322/257 344/1323/306 211/1324/255
f 211/1324/255 344/1323/306 343/1325/304
f 211/1324/255 343/1325/304 212/1326/253
f 212/1326/253 343/1325/304 342/1327/302
f 212/1326/253 342/1327/302 213/1328/251
f 213/1328/251 342/1327/302 341/1329/300
f 213/1328/251 341/1329/300 214/1330/249
f 214/1330/249 341/1329/300 340/1331/298
f 214/1330/249 340/1331/298 215/1332/247
f 215/1332/247 340/1331/298 339/1333/296
f 215/1332/247 339/1333/296 216/1334/245
f 216/1334/245 339/1333/296 338/1335/294
f 216/1334/245 338/1335/294 217/1336/243
f 217/1336/243 338/1335/294 337/1337/292
f 217/1338/243 337/1339/292 218/1340/241
f 218/1340/241 337/1339/292 384/1341/290
f 218/1340/241 384/1341/290 219/1342/239
f 219/1342/239 384/1341/290 383/1343/384
f 219/1342/239 383/1343/384 220/1344/237
f 220/1344/237 383/1343/384 382/1345/382
f 220/1344/237 382/1345/382 221/1346/235
f 221/1346/235 382/1345/382 381/1347/380
f 221/1346/235 381/1347/380 222/1348/233
f 222/1348/233 381/1347/380 380/1349/378
f 222/1348/233 380/1349/378 223/1350/231
f 223/1350/231 380/1349/378 379/1351/376
f 223/1350/231 379/1351/376 224/1352/229
f 224/1352/229 379/1351/376 378/1353/374
f 224/1352/229 378/1353/374 225/1354/227
f 225/1354/227 378/1353/374 377/1355/372
f 225/1354/227 377/1355/372 226/1356/225
f 226/1356/225 377/1355/372 376/1357/370
f 226/1356/225 376/1357/370 227/1358/223
f 227/1358/223 376/1357/370 375/1359/368
f 227/1358/223 375/1359/368 228/1360/221
f 228/1360/221 375/1359/368 374/1361/366
f 228/1360/221 374/1361/366 229/1362/219
f 229/1362/219 374/1361/366 373/1363/364
f 229/1362/219 373/1363/364 230/1364/217
f 230/1364/217 373/1363/364 372/1365/362
f 230/1364/217 372/1365/362 231/1366/215
f 231/1366/215 372/1365/362 371/1367/360
f 231/1366/215 371/1367/360 232/1368/213
f 232/1368/213 371/1367/360 370/1369/358
f 232/1368/213 370/1369/358 233/1370/211
f 233/1370/211 370/1369/358 369/1371/356
f 233/1370/211 369/1371/356 234/1372/209
f 234/1372/209 369/1371/356 368/1373/354
f 234/1372/209 368/1373/354 235/1374/207
f 235/1374/207 368/1373/354 367/1375/352
f 235/1374/207 367/1375/352 236/1376/205
f 236/1376/205 367/1375/352 366/1377/350
f 236/1376/205 366/1377/350 237/1378/203
f 237/1378/203 366/1377/350 365/1379/348
f 237/1378/203 365/1379/348 238/1380/201
f 238/1380/201 365/1379/348 364/1381/346
f 238/1380/201 364/1381/346 239/1382/199
f 239/1382/199 364/1381/346 363/1383/344
f 239/1382/199 363/1383/344 240/1286/197
f 240/1286/197 363/1383/344 362/1287/342
f 288/1384/288 986/1385/987 241/1386/194
f 241/1386/194 986/1385/987 985/1387/988
f 241/1388/194 985/1389/988 242/1390/196
f 242/1390/196 985/1389/988 1032/1391/989
f 242/1390/196 1032/1391/989 243/1392/198
f 243/1392/198 1032/1391/989 1031/1393/990
f 243/1392/198 1031/1393/990 244/1394/200
f 244/1394/200 1031/1393/990 1030/1395/991
f 244/1394/200 1030/1395/991 245/1396/202
f 245/1396/202 1030/1395/991 1029/1397/992
f 245/1396/202 1029/1397/992 246/1398/204
f 246/1398/204 1029/1397/992 1028/1399/993
f 246/1398/204 1028/1399/993 247/1400/206
f 247/1400/206 1028/1399/993 1027/1401/994
f 247/1400/206 1027/1401/994 248/1402/208
f 248/1402/208 1027/1401/994 1026/1403/995
f 248/1402/208 1026/1403/995 249/1404/210
f 249/1404/210 1026/1403/995 1025/1405/996
f 249/1404/210 1025/1405/996 250/1406/212
f 250/1406/212 1025/1405/996 1024/1407/997
f 250/1406/212 1024/1407/997 251/1408/214
f 251/1408/214 1024/1407/997 1023/1409/998
f 251/1408/214 1023/1409/998 252/1410/216
f 252/1410/216 1023/1409/998 1022/1411/999
f 252/1410/216 1022/1411/999 253/1412/218
f 253/1412/218 1022/1411/999 1021/1413/1000
f 253/1412/218 1021/1413/1000 254/1414/220
f 254/1414/220 1021/1413/1000 1020/1415/1001
f 254/1414/220 1020/1415/1001 255/1416/222
f 255/1416/222 1020/1415/1001 1019/1417/1002
f 255/1416/222 1019/1417/1002 256/1418/224
f 256/1418/224 1019/1417/1002 1018/1419/1003
f 256/1418/224 1018/1419/1003 257/1420/226
f 257/1420/226 1018/1419/1003 1017/1421/1004
f 257/1420/226 1017/1421/1004 258/1422/228
f 258/1422/228 1017/1421/1004 1016/1423/1005
f 258/1422/228 1016/1423/1005 259/1424/230
f 259/1424/230 1016/1423/1005 1015/1425/1006
f 259/1424/230 1015/1425/1006 260/1426/232
f 260/1426/232 1015/1425/1006 1014/1427/1007
f 260/1426/232 1014/1427/1007 261/1428/234
f 261/1428/234 1014/1427/1007 1013/1429/1008
f 261/1428/234 1013/1429/1008 262/1430/236
f 262/1430/236 1013/1429/1008 1012/1431/1009
f 262/1430/236 1012/1431/1009 263/1432/238
f 263/1432/238 1012/1431/1009 1011/1433/1010
f 263/1432/238 1011/1433/1010 264/1434/240
f 264/1434/240 1011/1433/1010 1010/1435/1011
f 264/1434/240 1010/1435/1011 265/1436/242
f 265/1436/242 1010/1435/1011 1009/1437/1012
f 265/1436/242 1009/1437/1012 266/1438/244
f 266/1438/244 1009/1437/1012 1008/1439/1013
f 266/1438/244 1008/1439/1013 267/1440/246
f 267/1440/246 1008/1439/1013 1007/1441/1014
f 267/1440/246 1007/1441/1014 268/1442/248
f 268/1442/248 1007/1441/1014 1006/1443/1015
f 268/1442/248 1006/1443/1015 269/1444/250
f 269/1444/250 1006/1443/1015 1005/1445/1016
f 269/1444/250 1005/1445/1016 270/1446/252
f 270/1446/252 1005/1445/1016 1004/1447/1017
f 270/1446/252 1004/1447/1017 271/1448/254
f 271/1448/254 1004/1447/1017 1003/1449/1018
f 271/1448/254 1003/1449/1018 272/1450/256
f 272/1450/256 1003/1449/1018 1002/1451/1019
f 272/1450/256 1002/1451/1019 273/1452/258
f 273/1452/258 1002/1451/1019 1001/1453/1020
f 273/1452/258 1001/1453/1020 274/1454/260
f 274/1454/260 1001/1453/1020 1000/1455/1021
f 274/1454/260 1000/1455/1021 275/1456/262
f 275/1456/262 1000/1455/1021 999/1457/1022
f 275/1456/262 999/1457/1022 276/1458/264
f 276/1458/264 999/1457/1022 998/1459/1023
f 276/1458/264 998/1459/1023 277/1460/266
f 277/1460/266 998/1459/1023 997/1461/1024
f 277/1460/266 997/1461/1024 278/1462/268
f 278/1462/268 997/1461/1024 996/1463/1025
f 278/1462/268 996/1463/1025 279/1464/270
f 279/1464/270 996/1463/1025 995/1465/1026
f 279/1464/270 995/1465/1026 280/1466/272
f 280/1466/272 995/1465/1026 994/1467/1027
f 280/1466/272 994/1467/1027 281/1468/274
f 281/1468/274 994/1467/1027 993/1469/1028
f 281/1468/274 993/1469/1028 282/1470/276
f 282/1470/276 993/1469/1028 992/1471/1029
f 282/1470/276 992/1471/1029 283/1472/278
f 283/1472/278 992/1471/1029 991/1473/1030
f 283/1472/278 991/1473/1030 284/1474/280
f 284/1474/280 991/1473/1030 990/1475/1031
f 284/1474/280 990/1475/1031 285/1476/282
f 285/1476/282 990/1475/1031 989/1477/1032
f 285/1476/282 989/1477/1032 286/1478/284
f 286/1478/284 989/1477/1032 988/1479/1033
f 286/1478/284 988/1479/1033 287/1480/286
f 287/1480/286 988/1479/1033 987/1481/1034
f 287/1480/286 987/1481/1034 288/1384/288
f 288/1384/288 987/1481/1034 986/1385/987
f 48/1482/5 1032/1391/989 1/1483/3
f 1/1483/3 1032/1391/989 985/1389/988
f 1/1484/3 985/1387/988 2/1485/1
f 2/1485/1 985/1387/988 986/1385/987
f 2/1485/1 986/1385/987 3/1486/95
f 3/1486/95 986/1385/987 987/1481/1034
f 3/1486/95 987/1481/1034 4/1487/93
f 4/1487/93 987/1481/1034 988/1479/1033
f 4/1487/93 988/1479/1033 5/1488/91
f 5/1488/91 988/1479/1033 989/1477/1032
f 5/1488/91 989/1477/1032 6/1489/89
f 6/1489/89 989/1477/1032 990/1475/1031
f 6/1489/89 990/1475/1031 7/1490/87
f 7/1490/87 990/1475/1031 991/1473/1030
f 7/1490/87 991/1473/1030 8/1491/85
f 8/1491/85 991/1473/1030 992/1471/1029
f 8/1491/85 992/1471/1029 9/1492/83
f 9/1492/83 992/1471/1029 993/1469/1028
f 9/1492/83 993/1469/1028 10/1493/81
f 10/1493/81 993/1469/1028 994/1467/1027
f 10/1493/81 994/1467/1027 11/1494/79
f 11/1494/79 994/1467/1027 995/1465/1026
f 11/1494/79 995/1465/1026 12/1495/77
f 12/1495/77 995/1465/1026 996/1463/1025
f 12/1495/77 996/1463/1025 13/1496/75
f 13/1496/75 996/1463/1025 997/1461/1024
f 13/1496/75 997/1461/1024 14/1497/73
f 14/1497/73 997/1461/1024 998/1459/1023
f 14/1497/73 998/1459/1023 15/1498/71
f 15/1498/71 998/1459/1023 999/1457/1022
f 15/1498/71 999/1457/1022 16/1499/69
f 16/1499/69 999/1457/1022 1000/1455/1021
f 16/1499/69 1000/1455/1021 17/1500/67
f 17/1500/67 1000/1455/1021 1001/1453/1020
f 17/1500/67 1001/1453/1020 18/1501/65
f 18/1501/65 1001/1453/1020 1002/1451/1019
f 18/1501/65 1002/1451/1019 19/1502/63
f 19/1502/63 1002/1451/1019 1003/1449/1018
f 19/1502/63 1003/1449/1018 20/1503/61
f 20/1503/61 1003/1449/1018 1004/1447/1017
f 20/1503/61 1004/1447/1017 21/1504/59
f 21/1504/59 1004/1447/1017 1005/1445/1016
f 21/1504/59 1005/1445/1016 22/1505/57
f 22/1505/57 1005/1445/1016 1006/1443/1015
f 22/1505/57 1006/1443/1015 23/1506/55
f 23/1506/55 1006/1443/1015 1007/1441/1014
f 23/1506/55 1007/1441/1014 24/1507/53
f 24/1507/53 1007/1441/1014 1008/1439/1013
f 24/1507/53 1008/1439/1013 25/1508/51
f 25/1508/51 1008/1439/1013 1009/1437/1012
f 25/1508/51 1009/1437/1012 26/1509/49
f 26/1509/49 1009/1437/1012 1010/1435/1011
f 26/1509/49 1010/1435/1011 27/1510/47
f 27/1510/47 1010/1435/1011 1011/1433/1010
f 27/1510/47 1011/1433/1010 28/1511/45
f 28/1511/45 1011/1433/1010 1012/1431/1009
f 28/1511/45 1012/1431/1009 29/1512/43
f 29/1512/43 1012/1431/1009 1013/1429/1008
f 29/1512/43 1013/1429/1008 30/1513/41
f 30/1513/41 1013/1429/1008 1014/1427/1007
f 30/1513/41 1014/1427/1007 31/1514/39
f 31/1514/39 1014/1427/1007 1015/1425/1006
f 31/1514/39 1015/1425/1006 32/1515/37
f 32/1515/37 1015/1425/1006 1016/1423/1005
f 32/1515/37 1016/1423/1005 33/1516/35
f 33/1516/35 1016/1423/1005 1017/1421/1004
f 33/1516/35 1017/1421/1004 34/1517/33
f 34/1517/33 1017/1421/1004 1018/1419/1003
f 34/1517/33 1018/1419/1003 35/1518/31
f 35/1518/31 1018/1419/1003 1019/1417/1002
f 35/1518/31 1019/1417/1002 36/1519/29
f 36/1519/29 1019/1417/1002 1020/1415/1001
f 36/1519/29 1020/1415/1001 37/1520/27
f 37/1520/27 1020/1415/1001 1021/1413/1000
f 37/1520/27 1021/1413/1000 38/1521/25
f 38/1521/25 1021/1413/1000 1022/1411/999
f 38/1521/25 1022/1411/999 39/1522/23
f 39/1522/23 1022/1411/999 1023/1409/998
f 39/1522/23 1023/1409/998 40/1523/21
f 40/1523/21 1023/1409/998 1024/1407/997
f 40/1523/21 1024/1407/997 41/1524/19
f 41/1524/19 1024/1407/997 1025/1405/996
f 41/1524/19 1025/1405/996 42/1525/17
f 42/1525/17 1025/1405/996 1026/1403/995
f 42/1525/17 1026/1403/995 43/1526/15
f 43/1526/15 1026/1403/995 1027/1401/994
f 43/1526/15 1027/1401/994 44/1527/13
f 44/1527/13 1027/1401/994 1028/1399/993
f 44/1527/13 1028/1399/993 45/1528/11
f 45/1528/11 1028/1399/993 1029/1397/992
f 45/1528/11 1029/1397/992 46/1529/9
f 46/1529/9 1029/1397/992 1030/1395/991
f 46/1529/9 1030/1395/991 47/1530/7
f 47/1530/7 1030/1395/991 1031/1393/990
f 47/1530/7 1031/1393/990 48/1482/5
f 48/1482/5 1031/1393/990 1032/1391/989
usemtl Base_Material_-_Transparent
f 1092/1531/1035 1033/1532/1036 1106/1533/1037
f 1106/1533/1037 1033/1532/1036 1034/1534/1038
f 1106/1533/1037 1034/1534/1038 1107/1535/1039
f 1107/1535/1039 1034/1534/1038 1035/1536/1040
f 1107/1535/1039 1035/1536/1040 1108/1537/1041
f 1108/1537/1041 1035/1536/1040 1036/1538/1042
f 1108/1537/1041 1036/1538/1042 1109/1539/1043
f 1109/1539/1043 1036/1538/1042 1037/1540/1044
f 1109/1539/1043 1037/1540/1044 1110/1541/1045
f 1110/1541/1045 1037/1540/1044 1038/1542/1046
f 1110/1541/1045 1038/1542/1046 1111/1543/1047
f 1111/1543/1047 1038/1542/1046 1039/1544/1048
f 1111/1543/1047 1039/1544/1048 1112/1545/1049
f 1112/1545/1049 1039/1544/1048 1040/1546/1050
f 1112/1545/1049 1040/1546/1050 1113/1547/1051
f 1113/1547/1051 1040/1546/1050 1041/1548/1052
f 1113/1547/1051 1041/1548/1052 1114/1549/1053
f 1114/1549/1053 1041/1548/1052 1042/1550/1054
f 1114/1549/1053 1042/1550/1054 1115/1551/1055
f 1115/1551/1055 1042/1550/1054 1043/1552/1056
f 1115/1551/1055 1043/1552/1056 1116/1553/1057
f 1116/1553/1057 1043/1552/1056 1044/1554/1058
f 1116/1553/1057 1044/1554/1058 1117/1555/1059
f 1117/1555/1059 1044/1554/1058 1045/1556/1060
f 1117/1555/1059 1045/1556/1060 1118/1557/1061
f 1118/1557/1061 1045/1556/1060 1046/1558/1062
f 1118/1557/1061 1046/1558/1062 1119/1559/1063
f 1119/1559/1063 1046/1558/1062 1047/1560/1064
f 1119/1559/1063 1047/1560/1064 1120/1561/1065
f 1120/1561/1065 1047/1560/1064 1048/1562/1066
f 1120/1561/1065 1048/1562/1066 1121/1563/1067
f 1121/1563/1067 1048/1562/1066 1049/1564/1068
f 1121/1563/1067 1049/1564/1068 1122/1565/1069
f 1122/1565/1069 1049/1564/1068 1050/1566/1070
f 1122/1565/1069 1050/1566/1070 1123/1567/1071
f 1123/1567/1071 1050/1566/1070 1051/1568/1072
f 1123/1567/1071 1051/1568/1072 1124/1569/1073
f 1124/1569/1073 1051/1568/1072 1052/1570/1074
f 1124/1569/1073 1052/1570/1074 1125/1571/1075
f 1125/1571/1075 1052/1570/1074 1053/1572/1076
f 1125/1571/1075 1053/1572/1076 1126/1573/1077
f 1126/1573/1077 1053/1572/1076 1054/1574/1078
f 1126/1573/1077 1054/1574/1078 1127/1575/1079
f 1127/1575/1079 1054/1574/1078 1055/1576/1080
f 1127/1575/1079 1055/1576/1080 1128/1577/1081
f 1128/1577/1081 1055/1576/1080 1056/1578/1082
f 1128/1577/1081 1056/1578/1082 1129/1579/1083
f 1129/1579/1083 1056/1578/1082 1057/1580/1084
f 1129/1579/1083 1057/1580/1084 1130/1581/1085
f 1130/1581/1085 1057/1580/1084 1058/1582/1086
f 1130/1581/1085 1058/1582/1086 1131/1583/1087
f 1131/1583/1087 1058/1582/1086 1059/1584/1088
f 1131/1583/1087 1059/1584/1088 1132/1585/1089
f 1132/1585/1089 1059/1584/1088 1060/1586/1090
f 1132/1585/1089 1060/1586/1090 1133/1587/1091
f 1133/1587/1091 1060/1586/1090 1061/1588/1092
f 1133/1587/1091 1061/1588/1092 1134/1589/1093
f 1134/1589/1093 1061/1588/1092 1062/1590/1094
f 1134/1589/1093 1062/1590/1094 1135/1591/1095
f 1135/1591/1095 1062/1590/1094 1063/1592/1096
f 1135/1591/1095 1063/1592/1096 1136/1593/1097
f 1136/1593/1097 1063/1592/1096 1064/1594/1098
f 1136/1593/1097 1064/1594/1098 1137/1595/1099
f 1137/1595/1099 1064/1594/1098 1065/1596/1100
f 1137/1595/1099 1065/1596/1100 1138/1597/1101
f 1138/1597/1101 1065/1596/1100 1066/1598/1102
f 1138/1597/1101 1066/1598/1102 1067/1599/1103
f 1138/1597/1101 1067/1599/1103 1139/1600/1104
f 1139/1600/1104 1067/1599/1103 1068/1601/1105
f 1139/1600/1104 1068/1601/1105 1140/1602/1106
f 1140/1602/1106 1068/1601/1105 1069/1603/1107
f 1140/1602/1106 1069/1603/1107 1141/1604/1108
f 1141/1604/1108 1069/1603/1107 1070/1605/1109
f 1141/1604/1108 1070/1605/1109 1142/1606/1110
f 1142/1606/1110 1070/1605/1109 1071/1607/1111
f 1142/1606/1110 1071/1607/1111 1143/1608/1112
f 1143/1608/1112 1071/1607/1111 1072/1609/1113
f 1143/1608/1112 1072/1609/1113 1144/1610/1114
f 1144/1610/1114 1072/1609/1113 1073/1611/1115
f 1144/1610/1114 1073/1611/1115 1145/1612/1116
f 1145/1612/1116 1073/1611/1115 1074/1613/1117
f 1145/1612/1116 1074/1613/1117 1146/1614/1118
f 1146/1614/1118 1074/1613/1117 1075/1615/1119
f 1146/1614/1118 1075/1615/1119 1147/1616/1120
f 1147/1616/1120 1075/1615/1119 1076/1617/1121
f 1147/1616/1120 1076/1617/1121 1148/1618/1122
f 1148/1618/1122 1076/1617/1121 1077/1619/1123
f 1148/1618/1122 1077/1619/1123 1149/1620/1124
f 1149/1620/1124 1077/1619/1123 1078/1621/1125
f 1149/1620/1124 1078/1621/1125 1150/1622/1126
f 1150/1622/1126 1078/1621/1125 1079/1623/1127
f 1150/1622/1126 1079/1623/1127 1151/1624/1128
f 1151/1624/1128 1079/1623/1127 1080/1625/1129
f 1151/1624/1128 1080/1625/1129 1081/1626/1130
f 1151/1624/1128 1081/1626/1130 1152/1627/1131
f 1152/1627/1131 1081/1626/1130 1082/1628/1132
f 1152/1627/1131 1082/1628/1132 1083/1629/1133
f 1083/1629/1133 1084/1630/1134 1152/1627/1131
f 1152/1627/1131 1084/1630/1134 1085/1631/1135
f 1152/1627/1131 1085/1631/1135 1153/1632/1136
f 1153/1632/1136 1085/1631/1135 1086/1633/1137
f 1153/1634/1136 1086/1635/1137 1087/1636/1138
f 1087/1636/1138 1088/1637/1139 1153/1634/1136
f 1153/1634/1136 1088/1637/1139 1105/1638/1140
f 1153/1634/1136 1105/1638/1140 1097/1639/1141
f 1097/1639/1141 1105/1638/1140 1096/1640/1142
f 1096/1640/1142 1105/1638/1140 1095/1641/1143
f 1095/1641/1143 1105/1638/1140 1094/1642/1144
f 1094/1642/1144 1105/1638/1140 1093/1643/1145
f 1093/1643/1145 1105/1638/1140 1106/1533/1037
f 1093/1643/1145 1106/1533/1037 436/1644/1146
f 436/1644/1146 1106/1533/1037 1107/1535/1039
f 436/1644/1146 1107/1535/1039 437/1645/1147
f 437/1645/1147 1107/1535/1039 1108/1537/1041
f 437/1645/1147 1108/1537/1041 438/1646/1148
f 438/1646/1148 1108/1537/1041 1109/1539/1043
f 438/1646/1148 1109/1539/1043 439/1647/1149
f 439/1647/1149 1109/1539/1043 1110/1541/1045
f 439/1647/1149 1110/1541/1045 440/1648/1150
f 440/1648/1150 1110/1541/1045 1111/1543/1047
f 440/1648/1150 1111/1543/1047 441/1649/1151
f 441/1649/1151 1111/1543/1047 1112/1545/1049
f 441/1649/1151 1112/1545/1049 442/1650/1152
f 442/1650/1152 1112/1545/1049 1113/1547/1051
f 442/1650/1152 1113/1547/1051 443/1651/1153
f 443/1651/1153 1113/1547/1051 1114/1549/1053
f 443/1651/1153 1114/1549/1053 444/1652/1154
f 444/1652/1154 1114/1549/1053 1115/1551/1055
f 444/1652/1154 1115/1551/1055 445/1653/1155
f 445/1653/1155 1115/1551/1055 1116/1553/1057
f 445/1653/1155 1116/1553/1057 446/1654/1156
f 446/1654/1156 1116/1553/1057 1117/1555/1059
f 446/1654/1156 1117/1555/1059 447/1655/1157
f 447/1655/1157 1117/1555/1059 1118/1557/1061
f 447/1655/1157 1118/1557/1061 448/1656/1158
f 448/1656/1158 1118/1557/1061 1119/1559/1063
f 448/1656/1158 1119/1559/1063 449/1657/1159
f 449/1657/1159 1119/1559/1063 450/1658/1160
f 450/1658/1160 1119/1559/1063 1120/1561/1065
f 450/1658/1160 1120/1561/1065 451/1659/1161
f 451/1659/1161 1120/1561/1065 1121/1563/1067
f 451/1659/1161 1121/1563/1067 452/1660/1162
f 452/1660/1162 1121/1563/1067 1122/1565/1069
f 452/1660/1162 1122/1565/1069 453/1661/1163
f 453/1661/1163 1122/1565/1069 1123/1567/1071
f 453/1661/1163 1123/1567/1071 454/1662/1164
f 454/1662/1164 1123/1567/1071 1124/1569/1073
f 454/1662/1164 1124/1569/1073 455/1663/1165
f 455/1663/1165 1124/1569/1073 1125/1571/1075
f 455/1663/1165 1125/1571/1075 456/1664/1166
f 456/1664/1166 1125/1571/1075 1126/1573/1077
f 456/1664/1166 1126/1573/1077 457/1665/1167
f 457/1665/1167 1126/1573/1077 1127/1575/1079
f 457/1665/1167 1127/1575/1079 458/1666/1168
f 458/1666/1168 1127/1575/1079 1128/1577/1081
f 458/1666/1168 1128/1577/1081 459/1667/1169
f 459/1667/1169 1128/1577/1081 1129/1579/1083
f 459/1667/1169 1129/1579/1083 460/1668/1170
f 460/1668/1170 1129/1579/1083 1130/1581/1085
f 460/1668/1170 1130/1581/1085 461/1669/1171
f 461/1669/1171 1130/1581/1085 1131/1583/1087
f 461/1669/1171 1131/1583/1087 462/1670/1172
f 462/1670/1172 1131/1583/1087 1132/1585/1089
f 462/1670/1172 1132/1585/1089 463/1671/1173
f 463/1671/1173 1132/1585/1089 1133/1587/1091
f 463/1671/1173 1133/1587/1091 464/1672/1174
f 464/1672/1174 1133/1587/1091 1134/1589/1093
f 464/1672/1174 1134/1589/1093 465/1673/1175
f 465/1673/1175 1134/1589/1093 1135/1591/1095
f 465/1673/1175 1135/1591/1095 466/1674/1176
f 466/1674/1176 1135/1591/1095 1136/1593/1097
f 466/1674/1176 1136/1593/1097 467/1675/1177
f 467/1675/1177 1136/1593/1097 1137/1595/1099
f 467/1675/1177 1137/1595/1099 468/1676/1178
f 468/1676/1178 1137/1595/1099 1138/1597/1101
f 468/1676/1178 1138/1597/1101 469/1677/1179
f 469/1677/1179 1138/1597/1101 1139/1600/1104
f 469/1677/1179 1139/1600/1104 470/1678/1180
f 470/1678/1180 1139/1600/1104 1140/1602/1106
f 470/1678/1180 1140/1602/1106 471/1679/1181
f 471/1679/1181 1140/1602/1106 1141/1604/1108
f 471/1679/1181 1141/1604/1108 472/1680/1182
f 472/1680/1182 1141/1604/1108 1142/1606/1110
f 472/1680/1182 1142/1606/1110 473/1681/1183
f 473/1681/1183 1142/1606/1110 1143/1608/1112
f 473/1681/1183 1143/1608/1112 474/1682/1184
f 474/1682/1184 1143/1608/1112 1144/1610/1114
f 474/1682/1184 1144/1610/1114 475/1683/1185
f 475/1683/1185 1144/1610/1114 1145/1612/1116
f 475/1683/1185 1145/1612/1116 476/1684/1186
f 476/1684/1186 1145/1612/1116 1146/1614/1118
f 476/1684/1186 1146/1614/1118 477/1685/1187
f 477/1685/1187 1146/1614/1118 1147/1616/1120
f 477/1685/1187 1147/1616/1120 478/1686/1188
f 478/1686/1188 1147/1616/1120 1148/1618/1122
f 478/1686/1188 1148/1618/1122 479/1687/1189
f 479/1687/1189 1148/1618/1122 1149/1620/1124
f 479/1687/1189 1149/1620/1124 480/1688/1190
f 480/1688/1190 1149/1620/1124 1150/1622/1126
f 480/1688/1190 1150/1622/1126 481/1689/1191
f 481/1689/1191 1150/1622/1126 1151/1624/1128
f 481/1689/1191 1151/1624/1128 482/1690/1192
f 482/1690/1192 1151/1624/1128 1104/1691/1193
f 1104/1691/1193 1151/1624/1128 1152/1627/1131
f 1104/1691/1193 1152/1627/1131 1103/1692/1194
f 1103/1692/1194 1152/1627/1131 1102/1693/1195
f 1102/1693/1195 1152/1627/1131 1101/1694/1196
f 1101/1694/1196 1152/1627/1131 1100/1695/1197
f 1100/1695/1197 1152/1627/1131 1153/1632/1136
f 1100/1695/1197 1153/1632/1136 1099/1696/1198
f 1099/1696/1198 1153/1632/1136 1098/1697/1199
f 1098/1698/1199 1153/1634/1136 1097/1639/1141
f 1088/1637/1139 1089/1699/1200 1105/1638/1140
f 1105/1638/1140 1089/1699/1200 1090/1700/1201
f 1105/1638/1140 1090/1700/1201 1091/1701/1202
f 1091/1701/1202 1092/1531/1035 1105/1638/1140
f 1105/1638/1140 1092/1531/1035 1106/1533/1037
f 436/1644/1146 435/1702/1203 1093/1643/1145
usemtl Glass_-_Light_Color
f 1155/1703/1204 1034/1704/1205 1154/1705/1206
f 1154/1705/1206 1034/1704/1205 1033/1706/1207
f 1154/1705/1206 1033/1706/1207 1205/1707/1208
f 1205/1707/1208 1033/1706/1207 1204/1708/1209
f 1034/1704/1205 1155/1703/1204 1035/1709/1210
f 1035/1709/1210 1155/1703/1204 1156/1710/1211
f 1035/1709/1210 1156/1710/1211 1036/1711/1212
f 1036/1711/1212 1156/1710/1211 1157/1712/1213
f 1036/1711/1212 1157/1712/1213 1037/1713/1214
f 1037/1713/1214 1157/1712/1213 1158/1714/1215
f 1037/1713/1214 1158/1714/1215 1038/1715/1216
f 1038/1715/1216 1158/1714/1215 1159/1716/1217
f 1038/1715/1216 1159/1716/1217 1039/1717/1218
f 1039/1717/1218 1159/1716/1217 1160/1718/1219
f 1039/1717/1218 1160/1718/1219 1040/1719/1220
f 1040/1719/1220 1160/1718/1219 1161/1720/1221
f 1040/1719/1220 1161/1720/1221 1041/1721/1222
f 1041/1721/1222 1161/1720/1221 1162/1722/1223
f 1041/1721/1222 1162/1722/1223 1042/1723/1224
f 1042/1723/1224 1162/1722/1223 1163/1724/1225
f 1042/1723/1224 1163/1724/1225 1043/1725/1226
f 1043/1725/1226 1163/1724/1225 1164/1726/1227
f 1043/1725/1226 1164/1726/1227 1044/1727/1228
f 1044/1727/1228 1164/1726/1227 1165/1728/1229
f 1044/1727/1228 1165/1728/1229 1045/1729/1230
f 1045/1729/1230 1165/1728/1229 1166/1730/1231
f 1045/1729/1230 1166/1730/1231 1046/1731/1232
f 1046/1731/1232 1166/1730/1231 1167/1732/1233
f 1046/1731/1232 1167/1732/1233 1047/1733/1234
f 1047/1733/1234 1167/1732/1233 1168/1734/1235
f 1047/1733/1234 1168/1734/1235 1048/1735/1236
f 1048/1735/1236 1168/1734/1235 1169/1736/1237
f 1048/1735/1236 1169/1736/1237 1049/1737/1238
f 1049/1737/1238 1169/1736/1237 1170/1738/1239
f 1049/1737/1238 1170/1738/1239 1050/1739/1240
f 1050/1739/1240 1170/1738/1239 1171/1740/1241
f 1050/1739/1240 1171/1740/1241 1051/1741/1242
f 1051/1741/1242 1171/1740/1241 1172/1742/1243
f 1051/1741/1242 1172/1742/1243 1052/1743/1244
f 1052/1743/1244 1172/1742/1243 1173/1744/1245
f 1052/1743/1244 1173/1744/1245 1053/1745/1246
f 1053/1745/1246 1173/1744/1245 1174/1746/1247
f 1053/1745/1246 1174/1746/1247 1054/1747/1248
f 1054/1747/1248 1174/1746/1247 1175/1748/1249
f 1054/1747/1248 1175/1748/1249 1055/1749/1250
f 1055/1749/1250 1175/1748/1249 1176/1750/1251
f 1055/1749/1250 1176/1750/1251 1056/1751/1252
f 1056/1751/1252 1176/1750/1251 1177/1752/1253
f 1056/1751/1252 1177/1752/1253 1178/1753/1254
f 1056/1751/1252 1178/1753/1254 1057/1754/1255
f 1057/1754/1255 1178/1753/1254 1179/1755/1256
f 1057/1754/1255 1179/1755/1256 1058/1756/1257
f 1058/1756/1257 1179/1755/1256 1180/1757/1258
f 1058/1756/1257 1180/1757/1258 1059/1758/1259
f 1059/1758/1259 1180/1757/1258 1181/1759/1260
f 1059/1758/1259 1181/1759/1260 1060/1760/1261
f 1060/1760/1261 1181/1759/1260 1182/1761/1262
f 1060/1760/1261 1182/1761/1262 1061/1762/1263
f 1061/1762/1263 1182/1761/1262 1183/1763/1264
f 1061/1762/1263 1183/1763/1264 1062/1764/1265
f 1062/1764/1265 1183/1763/1264 1184/1765/1266
f 1062/1764/1265 1184/1765/1266 1063/1766/1267
f 1063/1766/1267 1184/1765/1266 1185/1767/1268
f 1063/1766/1267 1185/1767/1268 1064/1768/1269
f 1064/1768/1269 1185/1767/1268 1186/1769/1270
f 1064/1768/1269 1186/1769/1270 1065/1770/1271
f 1065/1770/1271 1186/1769/1270 1187/1771/1272
f 1065/1770/1271 1187/1771/1272 1066/1772/1273
f 1066/1772/1273 1187/1771/1272 1188/1773/1274
f 1066/1772/1273 1188/1773/1274 1067/1774/1275
f 1067/1774/1275 1188/1773/1274 1189/1775/1276
f 1067/1774/1275 1189/1775/1276 1068/1776/1277
f 1068/1776/1277 1189/1775/1276 1190/1777/1278
f 1068/1776/1277 1190/1777/1278 1069/1778/1279
f 1069/1778/1279 1190/1777/1278 1191/1779/1280
f 1069/1778/1279 1191/1779/1280 1070/1780/1281
f 1070/1780/1281 1191/1779/1280 1192/1781/1282
f 1070/1780/1281 1192/1781/1282 1071/1782/1283
f 1071/1782/1283 1192/1781/1282 1193/1783/1284
f 1071/1782/1283 1193/1783/1284 1072/1784/1285
f 1072/1784/1285 1193/1783/1284 1194/1785/1286
f 1072/1784/1285 1194/1785/1286 1073/1786/1287
f 1073/1786/1287 1194/1785/1286 1195/1787/1288
f 1073/1786/1287 1195/1787/1288 1074/1788/1289
f 1074/1788/1289 1195/1787/1288 1196/1789/1290
f 1074/1788/1289 1196/1789/1290 1075/1790/1291
f 1075/1790/1291 1196/1789/1290 1197/1791/1292
f 1075/1790/1291 1197/1791/1292 1076/1792/1293
f 1076/1792/1293 1197/1791/1292 1198/1793/1294
f 1076/1792/1293 1198/1793/1294 1077/1794/1295
f 1077/1794/1295 1198/1793/1294 1199/1795/1296
f 1077/1794/1295 1199/1795/1296 1078/1796/1297
f 1078/1796/1297 1199/1795/1296 1200/1797/1298
f 1078/1796/1297 1200/1797/1298 1079/1798/1299
f 1079/1798/1299 1200/1797/1298 1201/1799/1300
f 1079/1798/1299 1201/1799/1300 1202/1800/1301
f 1203/1801/1302 1080/1802/1303 1202/1800/1301
f 1202/1800/1301 1080/1802/1303 1079/1798/1299
f 1207/1803/1304 1300/1804/1305 1206/1805/1306
f 1206/1805/1306 1300/1804/1305 1301/1806/1307
f 1206/1805/1306 1301/1806/1307 1303/1807/1308
f 1303/1807/1308 1301/1806/1307 1302/1808/1309
f 1300/1804/1305 1207/1803/1304 1299/1809/1310
f 1299/1809/1310 1207/1803/1304 1208/1810/1311
f 1299/1809/1310 1208/1810/1311 1298/1811/1312
f 1298/1811/1312 1208/1810/1311 1209/1812/1313
f 1298/1811/1312 1209/1812/1313 1297/1813/1314
f 1297/1813/1314 1209/1812/1313 1210/1814/1315
f 1297/1813/1314 1210/1814/1315 1296/1815/1316
f 1296/1815/1316 1210/1814/1315 1211/1816/1317
f 1296/1815/1316 1211/1816/1317 1295/1817/1318
f 1295/1817/1318 1211/1816/1317 1212/1818/1319
f 1295/1817/1318 1212/1818/1319 1294/1819/1320
f 1294/1819/1320 1212/1818/1319 1213/1820/1321
f 1294/1819/1320 1213/1820/1321 1293/1821/1322
f 1293/1821/1322 1213/1820/1321 1214/1822/1323
f 1293/1821/1322 1214/1822/1323 1292/1823/1324
f 1292/1823/1324 1214/1822/1323 1215/1824/1325
f 1292/1823/1324 1215/1824/1325 1291/1825/1326
f 1291/1825/1326 1215/1824/1325 1216/1826/1327
f 1291/1825/1326 1216/1826/1327 1290/1827/1328
f 1290/1827/1328 1216/1826/1327 1217/1828/1329
f 1290/1827/1328 1217/1828/1329 1289/1829/1330
f 1289/1829/1330 1217/1828/1329 1218/1830/1331
f 1289/1829/1330 1218/1830/1331 1288/1831/1332
f 1288/1831/1332 1218/1830/1331 1219/1832/1333
f 1288/1831/1332 1219/1832/1333 1287/1833/1334
f 1287/1833/1334 1219/1832/1333 1220/1834/1335
f 1287/1833/1334 1220/1834/1335 1286/1835/1336
f 1286/1835/1336 1220/1834/1335 1221/1836/1337
f 1286/1835/1336 1221/1836/1337 1285/1837/1338
f 1285/1837/1338 1221/1836/1337 1222/1838/1339
f 1285/1837/1338 1222/1838/1339 1284/1839/1340
f 1284/1839/1340 1222/1838/1339 1223/1840/1341
f 1284/1839/1340 1223/1840/1341 1283/1841/1342
f 1283/1841/1342 1223/1840/1341 1224/1842/1343
f 1283/1841/1342 1224/1842/1343 1282/1843/1344
f 1282/1843/1344 1224/1842/1343 1225/1844/1345
f 1282/1843/1344 1225/1844/1345 1281/1845/1346
f 1281/1845/1346 1225/1844/1345 1226/1846/1347
f 1281/1845/1346 1226/1846/1347 1280/1847/1348
f 1280/1847/1348 1226/1846/1347 1227/1848/1349
f 1280/1847/1348 1227/1848/1349 1279/1849/1350
f 1279/1849/1350 1227/1848/1349 1228/1850/1351
f 1279/1849/1350 1228/1850/1351 1278/1851/1352
f 1278/1851/1352 1228/1850/1351 1229/1852/1353
f 1278/1851/1352 1229/1852/1353 1230/1853/1354
f 1278/1851/1352 1230/1853/1354 1277/1854/1355
f 1277/1854/1355 1230/1853/1354 1231/1855/1356
f 1277/1854/1355 1231/1855/1356 1276/1856/1357
f 1276/1856/1357 1231/1855/1356 1232/1857/1358
f 1276/1856/1357 1232/1857/1358 1275/1858/1359
f 1275/1858/1359 1232/1857/1358 1233/1859/1360
f 1275/1858/1359 1233/1859/1360 1274/1860/1361
f 1274/1860/1361 1233/1859/1360 1234/1861/1362
f 1274/1860/1361 1234/1861/1362 1273/1862/1363
f 1273/1862/1363 1234/1861/1362 1235/1863/1364
f 1273/1862/1363 1235/1863/1364 1272/1864/1365
f 1272/1864/1365 1235/1863/1364 1236/1865/1366
f 1272/1864/1365 1236/1865/1366 1271/1866/1367
f 1271/1866/1367 1236/1865/1366 1237/1867/1368
f 1271/1866/1367 1237/1867/1368 1270/1868/1369
f 1270/1868/1369 1237/1867/1368 1238/1869/1370
f 1270/1868/1369 1238/1869/1370 1269/1870/1371
f 1269/1870/1371 1238/1869/1370 1239/1871/1372
f 1269/1870/1371 1239/1871/1372 1268/1872/1373
f 1268/1872/1373 1239/1871/1372 1240/1873/1374
f 1268/1872/1373 1240/1873/1374 1267/1874/1375
f 1267/1874/1375 1240/1873/1374 1241/1875/1376
f 1267/1874/1375 1241/1875/1376 1266/1876/1377
f 1266/1876/1377 1241/1875/1376 1242/1877/1378
f 1266/1876/1377 1242/1877/1378 1265/1878/1379
f 1265/1878/1379 1242/1877/1378 1243/1879/1380
f 1265/1878/1379 1243/1879/1380 1264/1880/1381
f 1264/1880/1381 1243/1879/1380 1244/1881/1382
f 1264/1880/1381 1244/1881/1382 1263/1882/1383
f 1263/1882/1383 1244/1881/1382 1245/1883/1384
f 1263/1882/1383 1245/1883/1384 1262/1884/1385
f 1262/1884/1385 1245/1883/1384 1246/1885/1386
f 1262/1884/1385 1246/1885/1386 1261/1886/1387
f 1261/1886/1387 1246/1885/1386 1247/1887/1388
f 1261/1886/1387 1247/1887/1388 1260/1888/1389
f 1260/1888/1389 1247/1887/1388 1248/1889/1390
f 1260/1888/1389 1248/1889/1390 1259/1890/1391
f 1259/1890/1391 1248/1889/1390 1249/1891/1392
f 1259/1890/1391 1249/1891/1392 1258/1892/1393
f 1258/1892/1393 1249/1891/1392 1250/1893/1394
f 1258/1892/1393 1250/1893/1394 1257/1894/1395
f 1257/1894/1395 1250/1893/1394 1251/1895/1396
f 1257/1894/1395 1251/1895/1396 1256/1896/1397
f 1256/1896/1397 1251/1895/1396 1252/1897/1398
f 1256/1896/1397 1252/1897/1398 1255/1898/1399
f 1255/1898/1399 1252/1897/1398 1253/1899/1400
f 1255/1898/1399 1253/1899/1400 1254/1900/1401
f 1304/1901/1402 1305/1902/1403 1356/1903/1404
f 1356/1903/1404 1305/1902/1403 1359/1904/1405
f 1356/1903/1404 1359/1904/1405 1355/1905/1406
f 1355/1905/1406 1359/1904/1405 1354/1906/1407
f 1354/1906/1407 1359/1904/1405 1256/1907/1397
f 1354/1906/1407 1256/1907/1397 1255/1908/1399
f 1359/1904/1405 1305/1902/1403 1358/1909/1408
f 1358/1909/1408 1305/1902/1403 1306/1910/1409
f 1358/1909/1408 1306/1910/1409 1360/1911/1410
f 1360/1911/1410 1306/1910/1409 1307/1912/1411
f 1360/1911/1410 1307/1912/1411 1361/1913/1412
f 1361/1913/1412 1307/1912/1411 1308/1914/1413
f 1361/1913/1412 1308/1914/1413 1362/1915/1414
f 1362/1915/1414 1308/1914/1413 1309/1916/1415
f 1362/1915/1414 1309/1916/1415 1363/1917/1416
f 1363/1917/1416 1309/1916/1415 1310/1918/1417
f 1363/1917/1416 1310/1918/1417 1364/1919/1418
f 1364/1919/1418 1310/1918/1417 1311/1920/1419
f 1364/1919/1418 1311/1920/1419 1365/1921/1420
f 1365/1921/1420 1311/1920/1419 1312/1922/1421
f 1365/1921/1420 1312/1922/1421 1366/1923/1422
f 1366/1923/1422 1312/1922/1421 1313/1924/1423
f 1366/1923/1422 1313/1924/1423 1367/1925/1424
f 1367/1925/1424 1313/1924/1423 1314/1926/1425
f 1367/1925/1424 1314/1926/1425 1368/1927/1426
f 1368/1927/1426 1314/1926/1425 1315/1928/1427
f 1368/1927/1426 1315/1928/1427 1369/1929/1428
f 1369/1929/1428 1315/1928/1427 1316/1930/1429
f 1369/1929/1428 1316/1930/1429 1370/1931/1430
f 1370/1931/1430 1316/1930/1429 1317/1932/1431
f 1370/1931/1430 1317/1932/1431 1371/1933/1432
f 1371/1933/1432 1317/1932/1431 1318/1934/1433
f 1371/1933/1432 1318/1934/1433 1372/1935/1434
f 1372/1935/1434 1318/1934/1433 1319/1936/1435
f 1372/1935/1434 1319/1936/1435 1373/1937/1436
f 1373/1937/1436 1319/1936/1435 1320/1938/1437
f 1373/1937/1436 1320/1938/1437 1374/1939/1438
f 1374/1939/1438 1320/1938/1437 1321/1940/1439
f 1374/1939/1438 1321/1940/1439 1375/1941/1440
f 1375/1941/1440 1321/1940/1439 1322/1942/1441
f 1375/1941/1440 1322/1942/1441 1376/1943/1442
f 1376/1943/1442 1322/1942/1441 1323/1944/1443
f 1376/1943/1442 1323/1944/1443 1377/1945/1444
f 1377/1945/1444 1323/1944/1443 1324/1946/1445
f 1377/1945/1444 1324/1946/1445 1378/1947/1446
f 1378/1947/1446 1324/1946/1445 1325/1948/1447
f 1378/1947/1446 1325/1948/1447 1379/1949/1448
f 1379/1949/1448 1325/1948/1447 1326/1950/1449
f 1379/1949/1448 1326/1950/1449 1380/1951/1450
f 1380/1951/1450 1326/1950/1449 1327/1952/1451
f 1380/1951/1450 1327/1952/1451 1381/1953/1452
f 1381/1953/1452 1327/1952/1451 1328/1954/1453
f 1381/1953/1452 1328/1954/1453 1382/1955/1454
f 1382/1955/1454 1328/1954/1453 1329/1956/1455
f 1382/1955/1454 1329/1956/1455 1383/1957/1456
f 1383/1957/1456 1329/1956/1455 1330/1958/1457
f 1383/1957/1456 1330/1958/1457 1384/1959/1458
f 1384/1959/1458 1330/1958/1457 1331/1960/1459
f 1384/1959/1458 1331/1960/1459 1385/1961/1460
f 1385/1961/1460 1331/1960/1459 1332/1962/1461
f 1385/1961/1460 1332/1962/1461 1386/1963/1462
f 1386/1963/1462 1332/1962/1461 1333/1964/1463
f 1386/1963/1462 1333/1964/1463 1387/1965/1464
f 1387/1965/1464 1333/1964/1463 1334/1966/1465
f 1387/1965/1464 1334/1966/1465 1388/1967/1466
f 1388/1967/1466 1334/1966/1465 1335/1968/1467
f 1388/1967/1466 1335/1968/1467 1389/1969/1468
f 1389/1969/1468 1335/1968/1467 1336/1970/1469
f 1389/1969/1468 1336/1970/1469 1390/1971/1470
f 1390/1971/1470 1336/1970/1469 1337/1972/1471
f 1390/1971/1470 1337/1972/1471 1391/1973/1472
f 1391/1973/1472 1337/1972/1471 1338/1974/1473
f 1391/1973/1472 1338/1974/1473 1392/1975/1474
f 1392/1975/1474 1338/1974/1473 1339/1976/1475
f 1392/1975/1474 1339/1976/1475 1393/1977/1476
f 1393/1977/1476 1339/1976/1475 1340/1978/1477
f 1393/1977/1476 1340/1978/1477 1394/1979/1478
f 1394/1979/1478 1340/1978/1477 1341/1980/1479
f 1394/1979/1478 1341/1980/1479 1395/1981/1480
f 1395/1981/1480 1341/1980/1479 1342/1982/1481
f 1395/1981/1480 1342/1982/1481 1396/1983/1482
f 1396/1983/1482 1342/1982/1481 1343/1984/1483
f 1396/1983/1482 1343/1984/1483 1397/1985/1484
f 1397/1985/1484 1343/1984/1483 1344/1986/1485
f 1397/1985/1484 1344/1986/1485 1398/1987/1486
f 1398/1987/1486 1344/1986/1485 1345/1988/1487
f 1398/1987/1486 1345/1988/1487 1399/1989/1488
f 1399/1989/1488 1345/1988/1487 1346/1990/1489
f 1399/1989/1488 1346/1990/1489 1400/1991/1490
f 1400/1991/1490 1346/1990/1489 1347/1992/1491
f 1400/1991/1490 1347/1992/1491 1401/1993/1492
f 1401/1993/1492 1347/1992/1491 1348/1994/1493
f 1401/1993/1492 1348/1994/1493 1402/1995/1494
f 1402/1995/1494 1348/1994/1493 1349/1996/1495
f 1402/1995/1494 1349/1996/1495 1357/1997/1496
f 1357/1997/1496 1349/1996/1495 1350/1998/1497
f 1357/1997/1496 1350/1998/1497 1351/1999/1498
f 1351/1999/1498 1352/2000/1499 1357/1997/1496
f 1357/1997/1496 1352/2000/1499 1353/2001/1500
f 1357/1997/1496 1353/2001/1500 1300/2002/1305
f 1300/2002/1305 1353/2001/1500 1301/2003/1307
f 1357/1997/1496 1300/2002/1305 1402/1995/1494
f 1402/1995/1494 1300/2002/1305 1299/2004/1310
f 1402/1995/1494 1299/2004/1310 1401/1993/1492
f 1401/1993/1492 1299/2004/1310 1298/2005/1312
f 1401/1993/1492 1298/2005/1312 1400/1991/1490
f 1400/1991/1490 1298/2005/1312 1297/2006/1314
f 1400/1991/1490 1297/2006/1314 1399/1989/1488
f 1399/1989/1488 1297/2006/1314 1296/2007/1316
f 1399/1989/1488 1296/2007/1316 1398/1987/1486
f 1398/1987/1486 1296/2007/1316 1295/2008/1318
f 1398/1987/1486 1295/2008/1318 1397/1985/1484
f 1397/1985/1484 1295/2008/1318 1294/2009/1320
f 1397/1985/1484 1294/2009/1320 1396/1983/1482
f 1396/1983/1482 1294/2009/1320 1293/2010/1322
f 1396/1983/1482 1293/2010/1322 1395/1981/1480
f 1395/1981/1480 1293/2010/1322 1292/2011/1324
f 1395/1981/1480 1292/2011/1324 1394/1979/1478
f 1394/1979/1478 1292/2011/1324 1291/2012/1326
f 1394/1979/1478 1291/2012/1326 1393/1977/1476
f 1393/1977/1476 1291/2012/1326 1290/2013/1328
f 1393/1977/1476 1290/2013/1328 1392/1975/1474
f 1392/1975/1474 1290/2013/1328 1289/2014/1330
f 1392/1975/1474 1289/2014/1330 1391/1973/1472
f 1391/1973/1472 1289/2014/1330 1288/2015/1332
f 1391/1973/1472 1288/2015/1332 1390/1971/1470
f 1390/1971/1470 1288/2015/1332 1287/2016/1334
f 1390/1971/1470 1287/2016/1334 1389/1969/1468
f 1389/1969/1468 1287/2016/1334 1286/2017/1336
f 1389/1969/1468 1286/2017/1336 1388/1967/1466
f 1388/1967/1466 1286/2017/1336 1285/2018/1338
f 1388/1967/1466 1285/2018/1338 1387/1965/1464
f 1387/1965/1464 1285/2018/1338 1284/2019/1340
f 1387/1965/1464 1284/2019/1340 1386/1963/1462
f 1386/1963/1462 1284/2019/1340 1283/2020/1342
f 1386/1963/1462 1283/2020/1342 1385/1961/1460
f 1385/1961/1460 1283/2020/1342 1282/2021/1344
f 1385/1961/1460 1282/2021/1344 1384/1959/1458
f 1384/1959/1458 1282/2021/1344 1281/2022/1346
f 1384/1959/1458 1281/2022/1346 1383/1957/1456
f 1383/1957/1456 1281/2022/1346 1280/2023/1348
f 1383/1957/1456 1280/2023/1348 1382/1955/1454
f 1382/1955/1454 1280/2023/1348 1279/2024/1350
f 1382/1955/1454 1279/2024/1350 1381/1953/1452
f 1381/1953/1452 1279/2024/1350 1278/2025/1352
f 1381/1953/1452 1278/2025/1352 1380/1951/1450
f 1380/1951/1450 1278/2025/1352 1277/2026/1355
f 1380/1951/1450 1277/2026/1355 1379/1949/1448
f 1379/1949/1448 1277/2026/1355 1276/2027/1357
f 1379/1949/1448 1276/2027/1357 1378/1947/1446
f 1378/1947/1446 1276/2027/1357 1275/2028/1359
f 1378/1947/1446 1275/2028/1359 1377/1945/1444
f 1377/1945/1444 1275/2028/1359 1274/2029/1361
f 1377/1945/1444 1274/2029/1361 1376/1943/1442
f 1376/1943/1442 1274/2029/1361 1273/2030/1363
f 1376/1943/1442 1273/2030/1363 1375/1941/1440
f 1375/1941/1440 1273/2030/1363 1272/2031/1365
f 1375/1941/1440 1272/2031/1365 1374/1939/1438
f 1374/1939/1438 1272/2031/1365 1271/2032/1367
f 1374/1939/1438 1271/2032/1367 1373/1937/1436
f 1373/1937/1436 1271/2032/1367 1270/2033/1369
f 1373/1937/1436 1270/2033/1369 1372/1935/1434
f 1372/1935/1434 1270/2033/1369 1269/2034/1371
f 1372/1935/1434 1269/2034/1371 1371/1933/1432
f 1371/1933/1432 1269/2034/1371 1268/2035/1373
f 1371/1933/1432 1268/2035/1373 1370/1931/1430
f 1370/1931/1430 1268/2035/1373 1267/2036/1375
f 1370/1931/1430 1267/2036/1375 1369/1929/1428
f 1369/1929/1428 1267/2036/1375 1266/2037/1377
f 1369/1929/1428 1266/2037/1377 1368/1927/1426
f 1368/1927/1426 1266/2037/1377 1265/2038/1379
f 1368/1927/1426 1265/2038/1379 1367/1925/1424
f 1367/1925/1424 1265/2038/1379 1264/2039/1381
f 1367/1925/1424 1264/2039/1381 1366/1923/1422
f 1366/1923/1422 1264/2039/1381 1263/2040/1383
f 1366/1923/1422 1263/2040/1383 1365/1921/1420
f 1365/1921/1420 1263/2040/1383 1262/2041/1385
f 1365/1921/1420 1262/2041/1385 1364/1919/1418
f 1364/1919/1418 1262/2041/1385 1261/2042/1387
f 1364/1919/1418 1261/2042/1387 1363/1917/1416
f 1363/1917/1416 1261/2042/1387 1260/2043/1389
f 1363/1917/1416 1260/2043/1389 1362/1915/1414
f 1362/1915/1414 1260/2043/1389 1259/2044/1391
f 1362/1915/1414 1259/2044/1391 1361/1913/1412
f 1361/1913/1412 1259/2044/1391 1258/2045/1393
f 1361/1913/1412 1258/2045/1393 1360/1911/1410
f 1360/1911/1410 1258/2045/1393 1257/2046/1395
f 1360/1911/1410 1257/2046/1395 1358/1909/1408
f 1358/1909/1408 1257/2046/1395 1256/1907/1397
f 1358/1909/1408 1256/1907/1397 1359/1904/1405
f 1350/2047/1501 1349/2048/1495 1458/2049/1502
f 1458/2049/1502 1349/2048/1495 1459/2050/1503
f 1458/2049/1502 1459/2050/1503 1457/2051/1504
f 1457/2051/1504 1459/2050/1503 1460/2052/1505
f 1457/2051/1504 1460/2052/1505 1456/2053/1506
f 1456/2053/1506 1460/2052/1505 1455/2054/1507
f 1455/2054/1507 1460/2052/1505 1453/2055/1508
f 1455/2054/1507 1453/2055/1508 1454/2056/1509
f 1459/2050/1503 1349/2048/1495 1461/2057/1510
f 1461/2057/1510 1349/2048/1495 1348/2058/1493
f 1461/2057/1510 1348/2058/1493 1463/2059/1511
f 1463/2059/1511 1348/2058/1493 1347/2060/1491
f 1463/2059/1511 1347/2060/1491 1465/2061/1512
f 1465/2061/1512 1347/2060/1491 1346/2062/1489
f 1465/2061/1512 1346/2062/1489 1467/2063/1513
f 1467/2063/1513 1346/2062/1489 1345/2064/1487
f 1467/2063/1513 1345/2064/1487 1469/2065/1514
f 1469/2065/1514 1345/2064/1487 1344/2066/1485
f 1469/2065/1514 1344/2066/1485 1471/2067/1515
f 1471/2067/1515 1344/2066/1485 1343/2068/1483
f 1471/2067/1515 1343/2068/1483 1473/2069/1516
f 1473/2069/1516 1343/2068/1483 1342/2070/1481
f 1473/2069/1516 1342/2070/1481 1475/2071/1517
f 1475/2071/1517 1342/2070/1481 1341/2072/1479
f 1475/2071/1517 1341/2072/1479 1477/2073/1518
f 1477/2073/1518 1341/2072/1479 1340/2074/1477
f 1477/2073/1518 1340/2074/1477 1479/2075/1519
f 1479/2075/1519 1340/2074/1477 1339/2076/1475
f 1479/2075/1519 1339/2076/1475 1481/2077/1520
f 1481/2077/1520 1339/2076/1475 1338/2078/1473
f 1481/2077/1520 1338/2078/1473 1483/2079/1521
f 1483/2079/1521 1338/2078/1473 1337/2080/1471
f 1483/2079/1521 1337/2080/1471 1485/2081/1522
f 1485/2081/1522 1337/2080/1471 1336/2082/1469
f 1485/2081/1522 1336/2082/1469 1487/2083/1523
f 1487/2083/1523 1336/2082/1469 1335/2084/1467
f 1487/2083/1523 1335/2084/1467 1489/2085/1524
f 1489/2085/1524 1335/2084/1467 1334/2086/1465
f 1489/2085/1524 1334/2086/1465 1491/2087/1525
f 1491/2087/1525 1334/2086/1465 1333/2088/1463
f 1491/2087/1525 1333/2088/1463 1493/2089/1526
f 1493/2089/1526 1333/2088/1463 1332/2090/1461
f 1493/2089/1526 1332/2090/1461 1495/2091/1527
f 1495/2091/1527 1332/2090/1461 1331/2092/1459
f 1495/2091/1527 1331/2092/1459 1497/2093/1528
f 1497/2093/1528 1331/2092/1459 1330/2094/1457
f 1497/2093/1528 1330/2094/1457 1499/2095/1529
f 1499/2095/1529 1330/2094/1457 1329/2096/1455
f 1499/2095/1529 1329/2096/1455 1501/2097/1530
f 1501/2097/1530 1329/2096/1455 1328/2098/1453
f 1501/2097/1530 1328/2098/1453 1503/2099/1531
f 1503/2099/1531 1328/2098/1453 1327/2100/1451
f 1503/2099/1531 1327/2100/1451 1505/2101/1532
f 1505/2101/1532 1327/2100/1451 1326/2102/1449
f 1505/2101/1532 1326/2102/1449 1507/2103/1533
f 1507/2103/1533 1326/2102/1449 1325/2104/1447
f 1507/2103/1533 1325/2104/1447 1509/2105/1534
f 1509/2105/1534 1325/2104/1447 1324/2106/1445
f 1509/2105/1534 1324/2106/1445 1511/2107/1535
f 1511/2107/1535 1324/2106/1445 1323/2108/1443
f 1511/2107/1535 1323/2108/1443 1513/2109/1536
f 1513/2109/1536 1323/2108/1443 1322/2110/1441
f 1513/2109/1536 1322/2110/1441 1515/2111/1537
f 1515/2111/1537 1322/2110/1441 1321/2112/1439
f 1515/2111/1537 1321/2112/1439 1517/2113/1538
f 1517/2113/1538 1321/2112/1439 1320/2114/1437
f 1517/2113/1538 1320/2114/1437 1519/2115/1539
f 1519/2115/1539 1320/2114/1437 1319/2116/1435
f 1519/2115/1539 1319/2116/1435 1521/2117/1540
f 1521/2117/1540 1319/2116/1435 1318/2118/1433
f 1521/2117/1540 1318/2118/1433 1523/2119/1541
f 1523/2119/1541 1318/2118/1433 1317/2120/1431
f 1523/2119/1541 1317/2120/1431 1525/2121/1542
f 1525/2121/1542 1317/2120/1431 1316/2122/1429
f 1525/2121/1542 1316/2122/1429 1527/2123/1543
f 1527/2123/1543 1316/2122/1429 1315/2124/1427
f 1527/2123/1543 1315/2124/1427 1529/2125/1544
f 1529/2125/1544 1315/2124/1427 1314/2126/1425
f 1529/2125/1544 1314/2126/1425 1531/2127/1545
f 1531/2127/1545 1314/2126/1425 1313/2128/1423
f 1531/2127/1545 1313/2128/1423 1533/2129/1546
f 1533/2129/1546 1313/2128/1423 1312/2130/1421
f 1533/2129/1546 1312/2130/1421 1535/2131/1547
f 1535/2131/1547 1312/2130/1421 1311/2132/1419
f 1535/2131/1547 1311/2132/1419 1537/2133/1548
f 1537/2133/1548 1311/2132/1419 1310/2134/1417
f 1537/2133/1548 1310/2134/1417 1539/2135/1549
f 1539/2135/1549 1310/2134/1417 1309/2136/1415
f 1539/2135/1549 1309/2136/1415 1541/2137/1550
f 1541/2137/1550 1309/2136/1415 1308/2138/1413
f 1541/2137/1550 1308/2138/1413 1543/2139/1551
f 1543/2139/1551 1308/2138/1413 1307/2140/1411
f 1543/2139/1551 1307/2140/1411 1545/2141/1552
f 1545/2141/1552 1307/2140/1411 1306/2142/1409
f 1545/2141/1552 1306/2142/1409 1547/2143/1553
f 1547/2143/1553 1306/2142/1409 1305/2144/1403
f 1547/2143/1553 1305/2144/1403 1549/2145/1554
f 1549/2145/1554 1305/2144/1403 1403/2146/1555
f 1549/2145/1554 1403/2146/1555 1404/2147/1556
f 1305/2144/1403 1304/2148/1557 1403/2146/1555
f 1549/2145/1554 1404/2147/1556 1550/2149/1558
f 1550/2149/1558 1404/2147/1556 1405/2150/1559
f 1550/2149/1558 1405/2150/1559 1406/2151/1560
f 1407/2152/1561 1408/2153/1562 1406/2151/1560
f 1406/2151/1560 1408/2153/1562 1550/2149/1558
f 1550/2149/1558 1408/2153/1562 1548/2154/1563
f 1548/2154/1563 1408/2153/1562 1409/2155/1564
f 1548/2154/1563 1409/2155/1564 1546/2156/1565
f 1546/2156/1565 1409/2155/1564 1410/2157/1566
f 1546/2156/1565 1410/2157/1566 1544/2158/1567
f 1544/2158/1567 1410/2157/1566 1411/2159/1568
f 1544/2158/1567 1411/2159/1568 1542/2160/1569
f 1542/2160/1569 1411/2159/1568 1412/2161/1570
f 1542/2160/1569 1412/2161/1570 1540/2162/1571
f 1540/2162/1571 1412/2161/1570 1413/2163/1572
f 1540/2162/1571 1413/2163/1572 1538/2164/1573
f 1538/2164/1573 1413/2163/1572 1414/2165/1574
f 1538/2164/1573 1414/2165/1574 1536/2166/1575
f 1536/2166/1575 1414/2165/1574 1415/2167/1576
f 1536/2166/1575 1415/2167/1576 1534/2168/1577
f 1534/2168/1577 1415/2167/1576 1416/2169/1578
f 1534/2168/1577 1416/2169/1578 1532/2170/1579
f 1532/2170/1579 1416/2169/1578 1417/2171/1580
f 1532/2170/1579 1417/2171/1580 1530/2172/1581
f 1530/2172/1581 1417/2171/1580 1418/2173/1582
f 1530/2172/1581 1418/2173/1582 1528/2174/1583
f 1528/2174/1583 1418/2173/1582 1419/2175/1584
f 1528/2174/1583 1419/2175/1584 1526/2176/1585
f 1526/2176/1585 1419/2175/1584 1420/2177/1586
f 1526/2176/1585 1420/2177/1586 1524/2178/1587
f 1524/2178/1587 1420/2177/1586 1421/2179/1588
f 1524/2178/1587 1421/2179/1588 1522/2180/1589
f 1522/2180/1589 1421/2179/1588 1422/2181/1590
f 1522/2180/1589 1422/2181/1590 1520/2182/1591
f 1520/2182/1591 1422/2181/1590 1423/2183/1592
f 1520/2182/1591 1423/2183/1592 1518/2184/1593
f 1518/2184/1593 1423/2183/1592 1424/2185/1594
f 1518/2184/1593 1424/2185/1594 1516/2186/1595
f 1516/2186/1595 1424/2185/1594 1425/2187/1596
f 1516/2186/1595 1425/2187/1596 1514/2188/1597
f 1514/2188/1597 1425/2187/1596 1426/2189/1598
f 1514/2188/1597 1426/2189/1598 1512/2190/1599
f 1512/2190/1599 1426/2189/1598 1427/2191/1600
f 1512/2190/1599 1427/2191/1600 1510/2192/1601
f 1510/2192/1601 1427/2191/1600 1428/2193/1602
f 1510/2192/1601 1428/2193/1602 1508/2194/1603
f 1508/2194/1603 1428/2193/1602 1429/2195/1604
f 1508/2194/1603 1429/2195/1604 1506/2196/1605
f 1506/2196/1605 1429/2195/1604 1430/2197/1606
f 1506/2196/1605 1430/2197/1606 1504/2198/1607
f 1504/2198/1607 1430/2197/1606 1431/2199/1608
f 1504/2198/1607 1431/2199/1608 1502/2200/1609
f 1502/2200/1609 1431/2199/1608 1432/2201/1610
f 1502/2200/1609 1432/2201/1610 1500/2202/1611
f 1500/2202/1611 1432/2201/1610 1433/2203/1612
f 1500/2202/1611 1433/2203/1612 1498/2204/1613
f 1498/2204/1613 1433/2203/1612 1434/2205/1614
f 1498/2204/1613 1434/2205/1614 1496/2206/1615
f 1496/2206/1615 1434/2205/1614 1435/2207/1616
f 1496/2206/1615 1435/2207/1616 1494/2208/1617
f 1494/2208/1617 1435/2207/1616 1436/2209/1618
f 1494/2208/1617 1436/2209/1618 1492/2210/1619
f 1492/2210/1619 1436/2209/1618 1437/2211/1620
f 1492/2210/1619 1437/2211/1620 1490/2212/1621
f 1490/2212/1621 1437/2211/1620 1438/2213/1622
f 1490/2212/1621 1438/2213/1622 1488/2214/1623
f 1488/2214/1623 1438/2213/1622 1439/2215/1624
f 1488/2214/1623 1439/2215/1624 1486/2216/1625
f 1486/2216/1625 1439/2215/1624 1440/2217/1626
f 1486/2216/1625 1440/2217/1626 1484/2218/1627
f 1484/2218/1627 1440/2217/1626 1441/2219/1628
f 1484/2218/1627 1441/2219/1628 1482/2220/1629
f 1482/2220/1629 1441/2219/1628 1442/2221/1630
f 1482/2220/1629 1442/2221/1630 1480/2222/1631
f 1480/2222/1631 1442/2221/1630 1443/2223/1632
f 1480/2222/1631 1443/2223/1632 1478/2224/1633
f 1478/2224/1633 1443/2223/1632 1444/2225/1634
f 1478/2224/1633 1444/2225/1634 1476/2226/1635
f 1476/2226/1635 1444/2225/1634 1445/2227/1636
f 1476/2226/1635 1445/2227/1636 1474/2228/1637
f 1474/2228/1637 1445/2227/1636 1446/2229/1638
f 1474/2228/1637 1446/2229/1638 1472/2230/1639
f 1472/2230/1639 1446/2229/1638 1447/2231/1640
f 1472/2230/1639 1447/2231/1640 1470/2232/1641
f 1470/2232/1641 1447/2231/1640 1448/2233/1642
f 1470/2232/1641 1448/2233/1642 1468/2234/1643
f 1468/2234/1643 1448/2233/1642 1449/2235/1644
f 1468/2234/1643 1449/2235/1644 1466/2236/1645
f 1466/2236/1645 1449/2235/1644 1450/2237/1646
f 1466/2236/1645 1450/2237/1646 1464/2238/1647
f 1464/2238/1647 1450/2237/1646 1451/2239/1648
f 1464/2238/1647 1451/2239/1648 1462/2240/1649
f 1462/2240/1649 1451/2239/1648 1452/2241/1650
f 1462/2240/1649 1452/2241/1650 1460/2052/1505
f 1460/2052/1505 1452/2241/1650 1453/2055/1508
f 1462/2240/1649 1460/2052/1505 1459/2050/1503
f 1464/2238/1647 1462/2240/1649 1461/2057/1510
f 1461/2057/1510 1462/2240/1649 1459/2050/1503
f 1466/2236/1645 1464/2238/1647 1463/2059/1511
f 1463/2059/1511 1464/2238/1647 1461/2057/1510
f 1468/2234/1643 1466/2236/1645 1465/2061/1512
f 1465/2061/1512 1466/2236/1645 1463/2059/1511
f 1470/2232/1641 1468/2234/1643 1467/2063/1513
f 1467/2063/1513 1468/2234/1643 1465/2061/1512
f 1472/2230/1639 1470/2232/1641 1469/2065/1514
f 1469/2065/1514 1470/2232/1641 1467/2063/1513
f 1474/2228/1637 1472/2230/1639 1471/2067/1515
f 1471/2067/1515 1472/2230/1639 1469/2065/1514
f 1476/2226/1635 1474/2228/1637 1473/2069/1516
f 1473/2069/1516 1474/2228/1637 1471/2067/1515
f 1478/2224/1633 1476/2226/1635 1475/2071/1517
f 1475/2071/1517 1476/2226/1635 1473/2069/1516
f 1480/2222/1631 1478/2224/1633 1477/2073/1518
f 1477/2073/1518 1478/2224/1633 1475/2071/1517
f 1482/2220/1629 1480/2222/1631 1479/2075/1519
f 1479/2075/1519 1480/2222/1631 1477/2073/1518
f 1484/2218/1627 1482/2220/1629 1481/2077/1520
f 1481/2077/1520 1482/2220/1629 1479/2075/1519
f 1486/2216/1625 1484/2218/1627 1483/2079/1521
f 1483/2079/1521 1484/2218/1627 1481/2077/1520
f 1488/2214/1623 1486/2216/1625 1485/2081/1522
f 1485/2081/1522 1486/2216/1625 1483/2079/1521
f 1490/2212/1621 1488/2214/1623 1487/2083/1523
f 1487/2083/1523 1488/2214/1623 1485/2081/1522
f 1492/2210/1619 1490/2212/1621 1489/2085/1524
f 1489/2085/1524 1490/2212/1621 1487/2083/1523
f 1494/2208/1617 1492/2210/1619 1491/2087/1525
f 1491/2087/1525 1492/2210/1619 1489/2085/1524
f 1496/2206/1615 1494/2208/1617 1493/2089/1526
f 1493/2089/1526 1494/2208/1617 1491/2087/1525
f 1498/2204/1613 1496/2206/1615 1495/2091/1527
f 1495/2091/1527 1496/2206/1615 1493/2089/1526
f 1500/2202/1611 1498/2204/1613 1497/2093/1528
f 1497/2093/1528 1498/2204/1613 1495/2091/1527
f 1502/2200/1609 1500/2202/1611 1499/2095/1529
f 1499/2095/1529 1500/2202/1611 1497/2093/1528
f 1504/2198/1607 1502/2200/1609 1501/2097/1530
f 1501/2097/1530 1502/2200/1609 1499/2095/1529
f 1506/2196/1605 1504/2198/1607 1503/2099/1531
f 1503/2099/1531 1504/2198/1607 1501/2097/1530
f 1508/2194/1603 1506/2196/1605 1505/2101/1532
f 1505/2101/1532 1506/2196/1605 1503/2099/1531
f 1510/2192/1601 1508/2194/1603 1507/2103/1533
f 1507/2103/1533 1508/2194/1603 1505/2101/1532
f 1512/2190/1599 1510/2192/1601 1509/2105/1534
f 1509/2105/1534 1510/2192/1601 1507/2103/1533
f 1514/2188/1597 1512/2190/1599 1511/2107/1535
f 1511/2107/1535 1512/2190/1599 1509/2105/1534
f 1516/2186/1595 1514/2188/1597 1513/2109/1536
f 1513/2109/1536 1514/2188/1597 1511/2107/1535
f 1518/2184/1593 1516/2186/1595 1515/2111/1537
f 1515/2111/1537 1516/2186/1595 1513/2109/1536
f 1520/2182/1591 1518/2184/1593 1517/2113/1538
f 1517/2113/1538 1518/2184/1593 1515/2111/1537
f 1522/2180/1589 1520/2182/1591 1519/2115/1539
f 1519/2115/1539 1520/2182/1591 1517/2113/1538
f 1524/2178/1587 1522/2180/1589 1521/2117/1540
f 1521/2117/1540 1522/2180/1589 1519/2115/1539
f 1526/2176/1585 1524/2178/1587 1523/2119/1541
f 1523/2119/1541 1524/2178/1587 1521/2117/1540
f 1528/2174/1583 1526/2176/1585 1525/2121/1542
f 1525/2121/1542 1526/2176/1585 1523/2119/1541
f 1530/2172/1581 1528/2174/1583 1527/2123/1543
f 1527/2123/1543 1528/2174/1583 1525/2121/1542
f 1532/2170/1579 1530/2172/1581 1529/2125/1544
f 1529/2125/1544 1530/2172/1581 1527/2123/1543
f 1534/2168/1577 1532/2170/1579 1531/2127/1545
f 1531/2127/1545 1532/2170/1579 1529/2125/1544
f 1536/2166/1575 1534/2168/1577 1533/2129/1546
f 1533/2129/1546 1534/2168/1577 1531/2127/1545
f 1538/2164/1573 1536/2166/1575 1535/2131/1547
f 1535/2131/1547 1536/2166/1575 1533/2129/1546
f 1540/2162/1571 1538/2164/1573 1537/2133/1548
f 1537/2133/1548 1538/2164/1573 1535/2131/1547
f 1542/2160/1569 1540/2162/1571 1539/2135/1549
f 1539/2135/1549 1540/2162/1571 1537/2133/1548
f 1544/2158/1567 1542/2160/1569 1541/2137/1550
f 1541/2137/1550 1542/2160/1569 1539/2135/1549
f 1546/2156/1565 1544/2158/1567 1543/2139/1551
f 1543/2139/1551 1544/2158/1567 1541/2137/1550
f 1548/2154/1563 1546/2156/1565 1545/2141/1552
f 1545/2141/1552 1546/2156/1565 1543/2139/1551
f 1550/2149/1558 1548/2154/1563 1547/2143/1553
f 1547/2143/1553 1548/2154/1563 1545/2141/1552
f 1549/2145/1554 1550/2149/1558 1547/2143/1553
f 1552/2242/1651 1656/2243/1652 1551/2244/1653
f 1551/2244/1653 1656/2243/1652 1658/2245/1654
f 1551/2244/1653 1658/2245/1654 1598/2246/1655
f 1598/2246/1655 1658/2245/1654 1703/2247/1656
f 1598/2246/1655 1703/2247/1656 1597/2248/1657
f 1597/2248/1657 1703/2247/1656 1702/2249/1658
f 1597/2248/1657 1702/2249/1658 1596/2250/1659
f 1596/2250/1659 1702/2249/1658 1701/2251/1660
f 1596/2250/1659 1701/2251/1660 1595/2252/1661
f 1595/2252/1661 1701/2251/1660 1700/2253/1662
f 1595/2252/1661 1700/2253/1662 1594/2254/1663
f 1594/2254/1663 1700/2253/1662 1699/2255/1664
f 1594/2254/1663 1699/2255/1664 1593/2256/1665
f 1593/2256/1665 1699/2255/1664 1698/2257/1666
f 1593/2256/1665 1698/2257/1666 1592/2258/1667
f 1592/2258/1667 1698/2257/1666 1697/2259/1668
f 1592/2258/1667 1697/2259/1668 1591/2260/1669
f 1591/2260/1669 1697/2259/1668 1696/2261/1670
f 1591/2260/1669 1696/2261/1670 1590/2262/1671
f 1590/2262/1671 1696/2261/1670 1695/2263/1672
f 1590/2262/1671 1695/2263/1672 1589/2264/1673
f 1589/2264/1673 1695/2263/1672 1694/2265/1674
f 1589/2264/1673 1694/2265/1674 1588/2266/1675
f 1588/2266/1675 1694/2265/1674 1693/2267/1676
f 1588/2266/1675 1693/2267/1676 1587/2268/1677
f 1587/2268/1677 1693/2267/1676 1692/2269/1678
f 1587/2268/1677 1692/2269/1678 1586/2270/1679
f 1586/2270/1679 1692/2269/1678 1691/2271/1680
f 1586/2270/1679 1691/2271/1680 1585/2272/1681
f 1585/2272/1681 1691/2271/1680 1690/2273/1682
f 1585/2272/1681 1690/2273/1682 1584/2274/1683
f 1584/2274/1683 1690/2273/1682 1689/2275/1684
f 1584/2274/1683 1689/2275/1684 1583/2276/1685
f 1583/2276/1685 1689/2275/1684 1688/2277/1686
f 1583/2276/1685 1688/2277/1686 1582/2278/1687
f 1582/2278/1687 1688/2277/1686 1687/2279/1688
f 1582/2278/1687 1687/2279/1688 1581/2280/1689
f 1581/2280/1689 1687/2279/1688 1686/2281/1690
f 1581/2280/1689 1686/2281/1690 1580/2282/1691
f 1580/2282/1691 1686/2281/1690 1685/2283/1692
f 1580/2282/1691 1685/2283/1692 1579/2284/1693
f 1579/2284/1693 1685/2283/1692 1684/2285/1694
f 1579/2284/1693 1684/2285/1694 1578/2286/1695
f 1578/2286/1695 1684/2285/1694 1683/2287/1696
f 1578/2286/1695 1683/2287/1696 1577/2288/1697
f 1577/2288/1697 1683/2287/1696 1682/2289/1698
f 1577/2288/1697 1682/2289/1698 1576/2290/1699
f 1576/2290/1699 1682/2289/1698 1681/2291/1700
f 1576/2290/1699 1681/2291/1700 1575/2292/1701
f 1575/2292/1701 1681/2291/1700 1655/2293/1702
f 1575/2294/1701 1655/2295/1702 1680/2296/1703
f 1680/2296/1703 1655/2295/1702 1652/2297/1704
f 1680/2296/1703 1652/2297/1704 1653/2298/1705
f 1656/2243/1652 1552/2242/1651 1657/2299/1706
f 1657/2299/1706 1552/2242/1651 1553/2300/1707
f 1657/2299/1706 1553/2300/1707 1659/2301/1708
f 1659/2301/1708 1553/2300/1707 1554/2302/1709
f 1659/2301/1708 1554/2302/1709 1660/2303/1710
f 1660/2303/1710 1554/2302/1709 1555/2304/1711
f 1660/2303/1710 1555/2304/1711 1661/2305/1712
f 1661/2305/1712 1555/2304/1711 1556/2306/1713
f 1661/2305/1712 1556/2306/1713 1662/2307/1714
f 1662/2307/1714 1556/2306/1713 1557/2308/1715
f 1662/2307/1714 1557/2308/1715 1663/2309/1716
f 1663/2309/1716 1557/2308/1715 1558/2310/1717
f 1663/2309/1716 1558/2310/1717 1664/2311/1718
f 1664/2311/1718 1558/2310/1717 1559/2312/1719
f 1664/2311/1718 1559/2312/1719 1665/2313/1720
f 1665/2313/1720 1559/2312/1719 1560/2314/1721
f 1665/2313/1720 1560/2314/1721 1666/2315/1722
f 1666/2315/1722 1560/2314/1721 1561/2316/1723
f 1666/2315/1722 1561/2316/1723 1667/2317/1724
f 1667/2317/1724 1561/2316/1723 1562/2318/1725
f 1667/2317/1724 1562/2318/1725 1668/2319/1726
f 1668/2319/1726 1562/2318/1725 1563/2320/1727
f 1668/2319/1726 1563/2320/1727 1669/2321/1728
f 1669/2321/1728 1563/2320/1727 1564/2322/1729
f 1669/2321/1728 1564/2322/1729 1670/2323/1730
f 1670/2323/1730 1564/2322/1729 1565/2324/1731
f 1670/2323/1730 1565/2324/1731 1671/2325/1732
f 1671/2325/1732 1565/2324/1731 1566/2326/1733
f 1671/2325/1732 1566/2326/1733 1672/2327/1734
f 1672/2327/1734 1566/2326/1733 1567/2328/1735
f 1672/2327/1734 1567/2328/1735 1673/2329/1736
f 1673/2329/1736 1567/2328/1735 1568/2330/1737
f 1673/2329/1736 1568/2330/1737 1674/2331/1738
f 1674/2331/1738 1568/2330/1737 1569/2332/1739
f 1674/2331/1738 1569/2332/1739 1675/2333/1740
f 1675/2333/1740 1569/2332/1739 1570/2334/1741
f 1675/2333/1740 1570/2334/1741 1676/2335/1742
f 1676/2335/1742 1570/2334/1741 1571/2336/1743
f 1676/2335/1742 1571/2336/1743 1677/2337/1744
f 1677/2337/1744 1571/2336/1743 1572/2338/1745
f 1677/2337/1744 1572/2338/1745 1678/2339/1746
f 1678/2339/1746 1572/2338/1745 1573/2340/1747
f 1678/2339/1746 1573/2340/1747 1679/2341/1748
f 1679/2341/1748 1573/2340/1747 1574/2342/1749
f 1679/2341/1748 1574/2342/1749 1680/2296/1703
f 1680/2296/1703 1574/2342/1749 1575/2294/1701
f 1654/2343/1750 1599/2344/1751 1680/2296/1703
f 1680/2296/1703 1599/2344/1751 1600/2345/1752
f 1680/2296/1703 1600/2345/1752 1679/2341/1748
f 1679/2341/1748 1600/2345/1752 1601/2346/1753
f 1679/2341/1748 1601/2346/1753 1678/2339/1746
f 1678/2339/1746 1601/2346/1753 1602/2347/1754
f 1678/2339/1746 1602/2347/1754 1677/2337/1744
f 1677/2337/1744 1602/2347/1754 1603/2348/1755
f 1677/2337/1744 1603/2348/1755 1676/2335/1742
f 1676/2335/1742 1603/2348/1755 1604/2349/1756
f 1676/2335/1742 1604/2349/1756 1675/2333/1740
f 1675/2333/1740 1604/2349/1756 1605/2350/1757
f 1675/2333/1740 1605/2350/1757 1674/2331/1738
f 1674/2331/1738 1605/2350/1757 1606/2351/1758
f 1674/2331/1738 1606/2351/1758 1673/2329/1736
f 1673/2329/1736 1606/2351/1758 1607/2352/1759
f 1673/2329/1736 1607/2352/1759 1672/2327/1734
f 1672/2327/1734 1607/2352/1759 1608/2353/1760
f 1672/2327/1734 1608/2353/1760 1671/2325/1732
f 1671/2325/1732 1608/2353/1760 1609/2354/1761
f 1671/2325/1732 1609/2354/1761 1670/2323/1730
f 1670/2323/1730 1609/2354/1761 1610/2355/1762
f 1670/2323/1730 1610/2355/1762 1669/2321/1728
f 1669/2321/1728 1610/2355/1762 1611/2356/1763
f 1669/2321/1728 1611/2356/1763 1668/2319/1726
f 1668/2319/1726 1611/2356/1763 1612/2357/1764
f 1668/2319/1726 1612/2357/1764 1667/2317/1724
f 1667/2317/1724 1612/2357/1764 1613/2358/1765
f 1667/2317/1724 1613/2358/1765 1666/2315/1722
f 1666/2315/1722 1613/2358/1765 1614/2359/1766
f 1666/2315/1722 1614/2359/1766 1665/2313/1720
f 1665/2313/1720 1614/2359/1766 1615/2360/1767
f 1665/2313/1720 1615/2360/1767 1664/2311/1718
f 1664/2311/1718 1615/2360/1767 1616/2361/1768
f 1664/2311/1718 1616/2361/1768 1663/2309/1716
f 1663/2309/1716 1616/2361/1768 1617/2362/1769
f 1663/2309/1716 1617/2362/1769 1662/2307/1714
f 1662/2307/1714 1617/2362/1769 1618/2363/1770
f 1662/2307/1714 1618/2363/1770 1661/2305/1712
f 1661/2305/1712 1618/2363/1770 1619/2364/1771
f 1661/2305/1712 1619/2364/1771 1660/2303/1710
f 1660/2303/1710 1619/2364/1771 1620/2365/1772
f 1660/2303/1710 1620/2365/1772 1659/2301/1708
f 1659/2301/1708 1620/2365/1772 1621/2366/1773
f 1659/2301/1708 1621/2366/1773 1657/2299/1706
f 1657/2299/1706 1621/2366/1773 1622/2367/1774
f 1657/2299/1706 1622/2367/1774 1656/2243/1652
f 1656/2243/1652 1622/2367/1774 1658/2245/1654
f 1622/2367/1774 1623/2368/1775 1658/2245/1654
f 1658/2245/1654 1623/2368/1775 1703/2247/1656
f 1623/2368/1775 1624/2369/1776 1703/2247/1656
f 1703/2247/1656 1624/2369/1776 1702/2249/1658
f 1624/2369/1776 1625/2370/1777 1702/2249/1658
f 1702/2249/1658 1625/2370/1777 1701/2251/1660
f 1625/2370/1777 1626/2371/1778 1701/2251/1660
f 1701/2251/1660 1626/2371/1778 1700/2253/1662
f 1626/2371/1778 1627/2372/1779 1700/2253/1662
f 1700/2253/1662 1627/2372/1779 1699/2255/1664
f 1627/2372/1779 1628/2373/1780 1699/2255/1664
f 1699/2255/1664 1628/2373/1780 1698/2257/1666
f 1628/2373/1780 1629/2374/1781 1698/2257/1666
f 1698/2257/1666 1629/2374/1781 1697/2259/1668
f 1629/2374/1781 1630/2375/1782 1697/2259/1668
f 1697/2259/1668 1630/2375/1782 1696/2261/1670
f 1630/2375/1782 1631/2376/1783 1696/2261/1670
f 1696/2261/1670 1631/2376/1783 1695/2263/1672
f 1631/2376/1783 1632/2377/1784 1695/2263/1672
f 1695/2263/1672 1632/2377/1784 1694/2265/1674
f 1632/2377/1784 1633/2378/1785 1694/2265/1674
f 1694/2265/1674 1633/2378/1785 1693/2267/1676
f 1633/2378/1785 1634/2379/1786 1693/2267/1676
f 1693/2267/1676 1634/2379/1786 1692/2269/1678
f 1634/2379/1786 1635/2380/1787 1692/2269/1678
f 1692/2269/1678 1635/2380/1787 1691/2271/1680
f 1635/2380/1787 1636/2381/1788 1691/2271/1680
f 1691/2271/1680 1636/2381/1788 1690/2273/1682
f 1636/2381/1788 1637/2382/1789 1690/2273/1682
f 1690/2273/1682 1637/2382/1789 1689/2275/1684
f 1637/2382/1789 1638/2383/1790 1689/2275/1684
f 1689/2275/1684 1638/2383/1790 1688/2277/1686
f 1638/2383/1790 1639/2384/1791 1688/2277/1686
f 1688/2277/1686 1639/2384/1791 1687/2279/1688
f 1639/2384/1791 1640/2385/1792 1687/2279/1688
f 1687/2279/1688 1640/2385/1792 1686/2281/1690
f 1640/2385/1792 1641/2386/1793 1686/2281/1690
f 1686/2281/1690 1641/2386/1793 1685/2283/1692
f 1641/2386/1793 1642/2387/1794 1685/2283/1692
f 1685/2283/1692 1642/2387/1794 1684/2285/1694
f 1642/2387/1794 1643/2388/1795 1684/2285/1694
f 1684/2285/1694 1643/2388/1795 1683/2287/1696
f 1643/2388/1795 1644/2389/1796 1683/2287/1696
f 1683/2287/1696 1644/2389/1796 1682/2289/1698
f 1644/2389/1796 1645/2390/1797 1682/2289/1698
f 1682/2289/1698 1645/2390/1797 1681/2291/1700
f 1646/2391/1798 1647/2392/1799 1645/2390/1797
f 1645/2390/1797 1647/2392/1799 1681/2291/1700
f 1647/2392/1799 1648/2393/1800 1681/2291/1700
f 1681/2291/1700 1648/2393/1800 1655/2293/1702
f 1648/2393/1800 1649/2394/1801 1655/2293/1702
f 1655/2293/1702 1649/2394/1801 1650/2395/1802
f 1655/2295/1702 1650/2396/1802 1651/2397/1803
f 1651/2397/1803 1652/2297/1704 1655/2295/1702
f 1653/2298/1705 1654/2343/1750 1680/2296/1703
f 1598/2398/1655 290/2399/289 1551/2400/1653
f 1551/2400/1653 290/2399/289 289/2401/291
f 1551/2400/1653 289/2401/291 1552/2402/1651
f 1552/2402/1651 289/2401/291 336/2403/293
f 1552/2402/1651 336/2403/293 1553/2404/1707
f 1553/2404/1707 336/2403/293 335/2405/295
f 1553/2404/1707 335/2405/295 1554/2406/1709
f 1554/2406/1709 335/2405/295 334/2407/297
f 1554/2406/1709 334/2407/297 1555/2408/1711
f 1555/2408/1711 334/2407/297 333/2409/299
f 1555/2408/1711 333/2409/299 1556/2410/1713
f 1556/2410/1713 333/2409/299 332/2411/301
f 1556/2410/1713 332/2411/301 1557/2412/1715
f 1557/2412/1715 332/2411/301 331/2413/303
f 1557/2412/1715 331/2413/303 1558/2414/1717
f 1558/2414/1717 331/2413/303 330/2415/305
f 1558/2414/1717 330/2415/305 1559/2416/1719
f 1559/2416/1719 330/2415/305 329/2417/307
f 1559/2416/1719 329/2417/307 1560/2418/1721
f 1560/2418/1721 329/2417/307 328/2419/309
f 1560/2418/1721 328/2419/309 1561/2420/1723
f 1561/2420/1723 328/2419/309 327/2421/311
f 1561/2420/1723 327/2421/311 1562/2422/1725
f 1562/2422/1725 327/2421/311 326/2423/313
f 1562/2422/1725 326/2423/313 1563/2424/1727
f 1563/2424/1727 326/2423/313 325/2425/315
f 1563/2424/1727 325/2425/315 1564/2426/1729
f 1564/2426/1729 325/2425/315 324/2427/317
f 1564/2426/1729 324/2427/317 1565/2428/1731
f 1565/2428/1731 324/2427/317 323/2429/319
f 1565/2428/1731 323/2429/319 1566/2430/1733
f 1566/2430/1733 323/2429/319 322/2431/321
f 1566/2430/1733 322/2431/321 1567/2432/1735
f 1567/2432/1735 322/2431/321 321/2433/323
f 1567/2432/1735 321/2433/323 1568/2434/1737
f 1568/2434/1737 321/2433/323 320/2435/325
f 1568/2434/1737 320/2435/325 1569/2436/1739
f 1569/2436/1739 320/2435/325 319/2437/327
f 1569/2436/1739 319/2437/327 1570/2438/1741
f 1570/2438/1741 319/2437/327 318/2439/329
f 1570/2438/1741 318/2439/329 1571/2440/1743
f 1571/2440/1743 318/2439/329 317/2441/331
f 1571/2440/1743 317/2441/331 1572/2442/1745
f 1572/2442/1745 317/2441/331 316/2443/333
f 1572/2442/1745 316/2443/333 1573/2444/1747
f 1573/2444/1747 316/2443/333 315/2445/335
f 1573/2444/1747 315/2445/335 1574/2446/1749
f 1574/2446/1749 315/2445/335 314/2447/337
f 1574/2446/1749 314/2447/337 1575/2448/1701
f 1575/2448/1701 314/2447/337 313/2449/339
f 1575/2450/1701 313/2451/339 1576/2452/1699
f 1576/2452/1699 313/2451/339 312/2453/341
f 1576/2452/1699 312/2453/341 1577/2454/1697
f 1577/2454/1697 312/2453/341 311/2455/343
f 1577/2454/1697 311/2455/343 1578/2456/1695
f 1578/2456/1695 311/2455/343 310/2457/345
f 1578/2456/1695 310/2457/345 1579/2458/1693
f 1579/2458/1693 310/2457/345 309/2459/347
f 1579/2458/1693 309/2459/347 1580/2460/1691
f 1580/2460/1691 309/2459/347 308/2461/349
f 1580/2460/1691 308/2461/349 1581/2462/1689
f 1581/2462/1689 308/2461/349 307/2463/351
f 1581/2462/1689 307/2463/351 1582/2464/1687
f 1582/2464/1687 307/2463/351 306/2465/353
f 1582/2464/1687 306/2465/353 1583/2466/1685
f 1583/2466/1685 306/2465/353 305/2467/355
f 1583/2466/1685 305/2467/355 1584/2468/1683
f 1584/2468/1683 305/2467/355 304/2469/357
f 1584/2468/1683 304/2469/357 1585/2470/1681
f 1585/2470/1681 304/2469/357 303/2471/359
f 1585/2470/1681 303/2471/359 1586/2472/1679
f 1586/2472/1679 303/2471/359 302/2473/361
f 1586/2472/1679 302/2473/361 1587/2474/1677
f 1587/2474/1677 302/2473/361 301/2475/363
f 1587/2474/1677 301/2475/363 1588/2476/1675
f 1588/2476/1675 301/2475/363 300/2477/365
f 1588/2476/1675 300/2477/365 1589/2478/1673
f 1589/2478/1673 300/2477/365 299/2479/367
f 1589/2478/1673 299/2479/367 1590/2480/1671
f 1590/2480/1671 299/2479/367 298/2481/369
f 1590/2480/1671 298/2481/369 1591/2482/1669
f 1591/2482/1669 298/2481/369 297/2483/371
f 1591/2482/1669 297/2483/371 1592/2484/1667
f 1592/2484/1667 297/2483/371 296/2485/373
f 1592/2484/1667 296/2485/373 1593/2486/1665
f 1593/2486/1665 296/2485/373 295/2487/375
f 1593/2486/1665 295/2487/375 1594/2488/1663
f 1594/2488/1663 295/2487/375 294/2489/377
f 1594/2488/1663 294/2489/377 1595/2490/1661
f 1595/2490/1661 294/2489/377 293/2491/379
f 1595/2490/1661 293/2491/379 1596/2492/1659
f 1596/2492/1659 293/2491/379 292/2493/381
f 1596/2492/1659 292/2493/381 1597/2494/1657
f 1597/2494/1657 292/2493/381 291/2495/383
f 1597/2494/1657 291/2495/383 1598/2398/1655
f 1598/2398/1655 291/2495/383 290/2399/289
f 1599/2496/1804 1454/2497/1805 1600/2498/1752
f 1600/2498/1752 1454/2497/1805 1453/2499/1508
f 1600/2498/1752 1453/2499/1508 1601/2500/1753
f 1601/2500/1753 1453/2499/1508 1452/2501/1650
f 1601/2500/1753 1452/2501/1650 1602/2502/1754
f 1602/2502/1754 1452/2501/1650 1451/2503/1648
f 1602/2502/1754 1451/2503/1648 1603/2504/1755
f 1603/2504/1755 1451/2503/1648 1450/2505/1646
f 1603/2504/1755 1450/2505/1646 1604/2506/1756
f 1604/2506/1756 1450/2505/1646 1449/2507/1644
f 1604/2506/1756 1449/2507/1644 1605/2508/1757
f 1605/2508/1757 1449/2507/1644 1448/2509/1642
f 1605/2508/1757 1448/2509/1642 1606/2510/1758
f 1606/2510/1758 1448/2509/1642 1447/2511/1640
f 1606/2510/1758 1447/2511/1640 1607/2512/1759
f 1607/2512/1759 1447/2511/1640 1446/2513/1638
f 1607/2512/1759 1446/2513/1638 1608/2514/1760
f 1608/2514/1760 1446/2513/1638 1445/2515/1636
f 1608/2514/1760 1445/2515/1636 1609/2516/1761
f 1609/2516/1761 1445/2515/1636 1444/2517/1634
f 1609/2516/1761 1444/2517/1634 1610/2518/1762
f 1610/2518/1762 1444/2517/1634 1443/2519/1632
f 1610/2518/1762 1443/2519/1632 1611/2520/1763
f 1611/2520/1763 1443/2519/1632 1442/2521/1630
f 1611/2520/1763 1442/2521/1630 1612/2522/1764
f 1612/2522/1764 1442/2521/1630 1441/2523/1628
f 1612/2522/1764 1441/2523/1628 1613/2524/1765
f 1613/2524/1765 1441/2523/1628 1440/2525/1626
f 1613/2524/1765 1440/2525/1626 1614/2526/1766
f 1614/2526/1766 1440/2525/1626 1439/2527/1624
f 1614/2526/1766 1439/2527/1624 1615/2528/1767
f 1615/2528/1767 1439/2527/1624 1438/2529/1622
f 1615/2528/1767 1438/2529/1622 1616/2530/1768
f 1616/2530/1768 1438/2529/1622 1437/2531/1620
f 1616/2530/1768 1437/2531/1620 1617/2532/1769
f 1617/2532/1769 1437/2531/1620 1436/2533/1618
f 1617/2532/1769 1436/2533/1618 1618/2534/1770
f 1618/2534/1770 1436/2533/1618 1435/2535/1616
f 1618/2534/1770 1435/2535/1616 1619/2536/1771
f 1619/2536/1771 1435/2535/1616 1434/2537/1614
f 1619/2536/1771 1434/2537/1614 1620/2538/1772
f 1620/2538/1772 1434/2537/1614 1433/2539/1612
f 1620/2538/1772 1433/2539/1612 1621/2540/1773
f 1621/2540/1773 1433/2539/1612 1432/2541/1610
f 1621/2540/1773 1432/2541/1610 1622/2542/1774
f 1622/2542/1774 1432/2541/1610 1431/2543/1608
f 1622/2542/1774 1431/2543/1608 1430/2544/1606
f 1622/2542/1774 1430/2544/1606 1623/2545/1775
f 1623/2546/1775 1430/2547/1606 1429/2548/1604
f 1623/2546/1775 1429/2548/1604 1624/2549/1776
f 1624/2549/1776 1429/2548/1604 1428/2550/1602
f 1624/2549/1776 1428/2550/1602 1625/2551/1777
f 1625/2551/1777 1428/2550/1602 1427/2552/1600
f 1625/2551/1777 1427/2552/1600 1626/2553/1778
f 1626/2553/1778 1427/2552/1600 1426/2554/1598
f 1626/2553/1778 1426/2554/1598 1627/2555/1779
f 1627/2555/1779 1426/2554/1598 1425/2556/1596
f 1627/2555/1779 1425/2556/1596 1628/2557/1780
f 1628/2557/1780 1425/2556/1596 1424/2558/1594
f 1628/2557/1780 1424/2558/1594 1629/2559/1781
f 1629/2559/1781 1424/2558/1594 1423/2560/1592
f 1629/2559/1781 1423/2560/1592 1630/2561/1782
f 1630/2561/1782 1423/2560/1592 1422/2562/1590
f 1630/2561/1782 1422/2562/1590 1631/2563/1783
f 1631/2563/1783 1422/2562/1590 1421/2564/1588
f 1631/2563/1783 1421/2564/1588 1632/2565/1784
f 1632/2565/1784 1421/2564/1588 1420/2566/1586
f 1632/2565/1784 1420/2566/1586 1633/2567/1785
f 1633/2567/1785 1420/2566/1586 1419/2568/1584
f 1633/2567/1785 1419/2568/1584 1634/2569/1786
f 1634/2569/1786 1419/2568/1584 1418/2570/1582
f 1634/2569/1786 1418/2570/1582 1635/2571/1787
f 1635/2571/1787 1418/2570/1582 1417/2572/1580
f 1635/2571/1787 1417/2572/1580 1636/2573/1788
f 1636/2573/1788 1417/2572/1580 1416/2574/1578
f 1636/2573/1788 1416/2574/1578 1637/2575/1789
f 1637/2575/1789 1416/2574/1578 1415/2576/1576
f 1637/2575/1789 1415/2576/1576 1638/2577/1790
f 1638/2577/1790 1415/2576/1576 1414/2578/1574
f 1638/2577/1790 1414/2578/1574 1639/2579/1791
f 1639/2579/1791 1414/2578/1574 1413/2580/1572
f 1639/2579/1791 1413/2580/1572 1640/2581/1792
f 1640/2581/1792 1413/2580/1572 1412/2582/1570
f 1640/2581/1792 1412/2582/1570 1641/2583/1793
f 1641/2583/1793 1412/2582/1570 1411/2584/1568
f 1641/2583/1793 1411/2584/1568 1642/2585/1794
f 1642/2585/1794 1411/2584/1568 1410/2586/1566
f 1642/2585/1794 1410/2586/1566 1643/2587/1795
f 1643/2587/1795 1410/2586/1566 1409/2588/1564
f 1643/2587/1795 1409/2588/1564 1644/2589/1796
f 1644/2589/1796 1409/2588/1564 1408/2590/1562
f 1644/2589/1796 1408/2590/1562 1645/2591/1797
f 1645/2591/1797 1408/2590/1562 1407/2592/1806
f 1645/2591/1797 1407/2592/1806 1646/2593/1807
f 1752/2594/1808 1704/2595/1809 1251/2596/1810
f 1251/2596/1810 1704/2595/1809 1705/2597/1811
f 1251/2596/1810 1705/2597/1811 1252/2598/1812
f 1251/2596/1810 1250/2599/1813 1752/2594/1808
f 1752/2594/1808 1250/2599/1813 1751/2600/1814
f 1751/2600/1814 1250/2599/1813 1249/2601/1815
f 1751/2600/1814 1249/2601/1815 1750/2602/1816
f 1750/2602/1816 1249/2601/1815 1248/2603/1817
f 1750/2602/1816 1248/2603/1817 1749/2604/1818
f 1749/2604/1818 1248/2603/1817 1247/2605/1819
f 1749/2604/1818 1247/2605/1819 1748/2606/1820
f 1748/2606/1820 1247/2605/1819 1246/2607/1821
f 1748/2606/1820 1246/2607/1821 1747/2608/1822
f 1747/2608/1822 1246/2607/1821 1245/2609/1823
f 1747/2608/1822 1245/2609/1823 1746/2610/1824
f 1746/2610/1824 1245/2609/1823 1244/2611/1825
f 1746/2610/1824 1244/2611/1825 1745/2612/1826
f 1745/2612/1826 1244/2611/1825 1243/2613/1827
f 1745/2612/1826 1243/2613/1827 1744/2614/1828
f 1744/2614/1828 1243/2613/1827 1242/2615/1829
f 1744/2614/1828 1242/2615/1829 1743/2616/1830
f 1743/2616/1830 1242/2615/1829 1241/2617/1831
f 1743/2616/1830 1241/2617/1831 1742/2618/1832
f 1742/2618/1832 1241/2617/1831 1240/2619/1833
f 1742/2618/1832 1240/2619/1833 1741/2620/1834
f 1741/2620/1834 1240/2619/1833 1239/2621/1835
f 1741/2620/1834 1239/2621/1835 1740/2622/1836
f 1740/2622/1836 1239/2621/1835 1238/2623/1837
f 1740/2622/1836 1238/2623/1837 1739/2624/1838
f 1739/2624/1838 1238/2623/1837 1237/2625/1839
f 1739/2624/1838 1237/2625/1839 1738/2626/1840
f 1738/2626/1840 1237/2625/1839 1236/2627/1841
f 1738/2626/1840 1236/2627/1841 1737/2628/1842
f 1737/2628/1842 1236/2627/1841 1235/2629/1843
f 1737/2628/1842 1235/2629/1843 1736/2630/1844
f 1736/2630/1844 1235/2629/1843 1234/2631/1845
f 1736/2630/1844 1234/2631/1845 1735/2632/1846
f 1735/2632/1846 1234/2631/1845 1233/2633/1847
f 1735/2632/1846 1233/2633/1847 1734/2634/1848
f 1734/2634/1848 1233/2633/1847 1232/2635/1849
f 1734/2634/1848 1232/2635/1849 1733/2636/1850
f 1733/2636/1850 1232/2635/1849 1231/2637/1851
f 1733/2636/1850 1231/2637/1851 1732/2638/1852
f 1732/2638/1852 1231/2637/1851 1230/2639/1853
f 1732/2638/1852 1230/2639/1853 1731/2640/1854
f 1731/2640/1854 1230/2639/1853 1229/2641/1855
f 1731/2640/1854 1229/2641/1855 1730/2642/1856
f 1730/2643/1856 1229/2644/1855 1729/2645/1857
f 1729/2645/1857 1229/2644/1855 1228/2646/1858
f 1729/2645/1857 1228/2646/1858 1728/2647/1859
f 1728/2647/1859 1228/2646/1858 1227/2648/1860
f 1728/2647/1859 1227/2648/1860 1727/2649/1861
f 1727/2649/1861 1227/2648/1860 1226/2650/1862
f 1727/2649/1861 1226/2650/1862 1726/2651/1863
f 1726/2651/1863 1226/2650/1862 1225/2652/1864
f 1726/2651/1863 1225/2652/1864 1725/2653/1865
f 1725/2653/1865 1225/2652/1864 1224/2654/1866
f 1725/2653/1865 1224/2654/1866 1724/2655/1867
f 1724/2655/1867 1224/2654/1866 1223/2656/1868
f 1724/2655/1867 1223/2656/1868 1723/2657/1869
f 1723/2657/1869 1223/2656/1868 1222/2658/1870
f 1723/2657/1869 1222/2658/1870 1722/2659/1871
f 1722/2659/1871 1222/2658/1870 1221/2660/1872
f 1722/2659/1871 1221/2660/1872 1721/2661/1873
f 1721/2661/1873 1221/2660/1872 1220/2662/1874
f 1721/2661/1873 1220/2662/1874 1720/2663/1875
f 1720/2663/1875 1220/2662/1874 1219/2664/1876
f 1720/2663/1875 1219/2664/1876 1719/2665/1877
f 1719/2665/1877 1219/2664/1876 1218/2666/1878
f 1719/2665/1877 1218/2666/1878 1718/2667/1879
f 1718/2667/1879 1218/2666/1878 1217/2668/1880
f 1718/2667/1879 1217/2668/1880 1717/2669/1881
f 1717/2669/1881 1217/2668/1880 1216/2670/1882
f 1717/2669/1881 1216/2670/1882 1716/2671/1883
f 1716/2671/1883 1216/2670/1882 1215/2672/1884
f 1716/2671/1883 1215/2672/1884 1715/2673/1885
f 1715/2673/1885 1215/2672/1884 1214/2674/1886
f 1715/2673/1885 1214/2674/1886 1714/2675/1887
f 1714/2675/1887 1214/2674/1886 1213/2676/1888
f 1714/2675/1887 1213/2676/1888 1713/2677/1889
f 1713/2677/1889 1213/2676/1888 1212/2678/1890
f 1713/2677/1889 1212/2678/1890 1712/2679/1891
f 1712/2679/1891 1212/2678/1890 1211/2680/1892
f 1712/2679/1891 1211/2680/1892 1711/2681/1893
f 1711/2681/1893 1211/2680/1892 1210/2682/1894
f 1711/2681/1893 1210/2682/1894 1710/2683/1895
f 1710/2683/1895 1210/2682/1894 1209/2684/1896
f 1710/2683/1895 1209/2684/1896 1709/2685/1897
f 1709/2685/1897 1209/2684/1896 1208/2686/1898
f 1709/2685/1897 1208/2686/1898 1708/2687/1899
f 1708/2687/1899 1208/2686/1898 1207/2688/1900
f 1708/2687/1899 1207/2688/1900 1707/2689/1901
f 1707/2689/1901 1207/2688/1900 1206/2690/1902
f 1707/2689/1901 1206/2690/1902 1706/2691/1903
f 1154/2692/1904 1704/2693/1905 1155/2694/1906
f 1155/2694/1906 1704/2693/1905 1752/2695/1907
f 1155/2694/1906 1752/2695/1907 1156/2696/1908
f 1156/2696/1908 1752/2695/1907 1751/2697/1909
f 1156/2696/1908 1751/2697/1909 1157/2698/1910
f 1157/2698/1910 1751/2697/1909 1750/2699/1911
f 1157/2698/1910 1750/2699/1911 1158/2700/1912
f 1158/2700/1912 1750/2699/1911 1749/2701/1913
f 1158/2700/1912 1749/2701/1913 1159/2702/1914
f 1159/2702/1914 1749/2701/1913 1748/2703/1915
f 1159/2702/1914 1748/2703/1915 1160/2704/1916
f 1160/2704/1916 1748/2703/1915 1747/2705/1917
f 1160/2704/1916 1747/2705/1917 1161/2706/1918
f 1161/2706/1918 1747/2705/1917 1746/2707/1919
f 1161/2706/1918 1746/2707/1919 1162/2708/1920
f 1162/2708/1920 1746/2707/1919 1745/2709/1921
f 1162/2708/1920 1745/2709/1921 1163/2710/1922
f 1163/2710/1922 1745/2709/1921 1744/2711/1923
f 1163/2710/1922 1744/2711/1923 1164/2712/1924
f 1164/2712/1924 1744/2711/1923 1743/2713/1925
f 1164/2712/1924 1743/2713/1925 1165/2714/1926
f 1165/2714/1926 1743/2713/1925 1742/2715/1927
f 1165/2714/1926 1742/2715/1927 1166/2716/1928
f 1166/2716/1928 1742/2715/1927 1741/2717/1929
f 1166/2716/1928 1741/2717/1929 1167/2718/1930
f 1167/2718/1930 1741/2717/1929 1740/2719/1931
f 1167/2718/1930 1740/2719/1931 1168/2720/1932
f 1168/2720/1932 1740/2719/1931 1739/2721/1933
f 1168/2720/1932 1739/2721/1933 1169/2722/1934
f 1169/2722/1934 1739/2721/1933 1738/2723/1935
f 1169/2722/1934 1738/2723/1935 1170/2724/1936
f 1170/2724/1936 1738/2723/1935 1737/2725/1937
f 1170/2724/1936 1737/2725/1937 1171/2726/1938
f 1171/2726/1938 1737/2725/1937 1736/2727/1939
f 1171/2726/1938 1736/2727/1939 1172/2728/1940
f 1172/2728/1940 1736/2727/1939 1735/2729/1941
f 1172/2728/1940 1735/2729/1941 1173/2730/1942
f 1173/2730/1942 1735/2729/1941 1734/2731/1943
f 1173/2730/1942 1734/2731/1943 1174/2732/1944
f 1174/2732/1944 1734/2731/1943 1733/2733/1945
f 1174/2732/1944 1733/2733/1945 1175/2734/1946
f 1175/2734/1946 1733/2733/1945 1732/2735/1947
f 1175/2734/1946 1732/2735/1947 1176/2736/1948
f 1176/2736/1948 1732/2735/1947 1731/2737/1949
f 1176/2736/1948 1731/2737/1949 1177/2738/1950
f 1177/2738/1950 1731/2737/1949 1730/2739/1951
f 1177/2738/1950 1730/2739/1951 1178/2740/1952
f 1178/2740/1952 1730/2739/1951 1729/2741/1953
f 1178/2740/1952 1729/2741/1953 1179/2742/1954
f 1179/2742/1954 1729/2741/1953 1728/2743/1955
f 1179/2742/1954 1728/2743/1955 1180/2744/1956
f 1180/2744/1956 1728/2743/1955 1727/2745/1957
f 1180/2744/1956 1727/2745/1957 1181/2746/1958
f 1181/2746/1958 1727/2745/1957 1726/2747/1959
f 1181/2746/1958 1726/2747/1959 1182/2748/1960
f 1182/2748/1960 1726/2747/1959 1725/2749/1961
f 1182/2748/1960 1725/2749/1961 1183/2750/1962
f 1183/2750/1962 1725/2749/1961 1724/2751/1963
f 1183/2750/1962 1724/2751/1963 1184/2752/1964
f 1184/2752/1964 1724/2751/1963 1723/2753/1965
f 1184/2752/1964 1723/2753/1965 1185/2754/1966
f 1185/2754/1966 1723/2753/1965 1722/2755/1967
f 1185/2754/1966 1722/2755/1967 1186/2756/1968
f 1186/2756/1968 1722/2755/1967 1721/2757/1969
f 1186/2756/1968 1721/2757/1969 1187/2758/1970
f 1187/2758/1970 1721/2757/1969 1720/2759/1971
f 1187/2758/1970 1720/2759/1971 1188/2760/1972
f 1188/2760/1972 1720/2759/1971 1719/2761/1973
f 1188/2760/1972 1719/2761/1973 1189/2762/1974
f 1189/2762/1974 1719/2761/1973 1718/2763/1975
f 1189/2762/1974 1718/2763/1975 1190/2764/1976
f 1190/2764/1976 1718/2763/1975 1717/2765/1977
f 1190/2764/1976 1717/2765/1977 1191/2766/1978
f 1191/2766/1978 1717/2765/1977 1716/2767/1979
f 1191/2766/1978 1716/2767/1979 1192/2768/1980
f 1192/2768/1980 1716/2767/1979 1715/2769/1981
f 1192/2768/1980 1715/2769/1981 1193/2770/1982
f 1193/2770/1982 1715/2769/1981 1714/2771/1983
f 1193/2770/1982 1714/2771/1983 1194/2772/1984
f 1194/2772/1984 1714/2771/1983 1713/2773/1985
f 1194/2772/1984 1713/2773/1985 1195/2774/1986
f 1195/2774/1986 1713/2773/1985 1712/2775/1987
f 1195/2774/1986 1712/2775/1987 1196/2776/1988
f 1196/2776/1988 1712/2775/1987 1711/2777/1989
f 1196/2776/1988 1711/2777/1989 1197/2778/1990
f 1197/2778/1990 1711/2777/1989 1710/2779/1991
f 1197/2778/1990 1710/2779/1991 1198/2780/1992
f 1198/2780/1992 1710/2779/1991 1709/2781/1993
f 1198/2780/1992 1709/2781/1993 1199/2782/1994
f 1199/2782/1994 1709/2781/1993 1708/2783/1995
f 1199/2782/1994 1708/2783/1995 1200/2784/1996
f 1200/2784/1996 1708/2783/1995 1707/2785/1997
f 1200/2784/1996 1707/2785/1997 1201/2786/1998
f 1753/2787/1999 1754/2788/2000 1756/2789/2001
f 1756/2789/2001 1754/2788/2000 1254/2790/2002
f 1756/2789/2001 1254/2790/2002 1755/2791/2003
f 1755/2791/2003 1254/2790/2002 1253/2792/2004
f 1755/2791/2003 1253/2792/2004 1204/2793/2005
f 1204/2793/2005 1253/2792/2004 1252/2794/2006
f 1204/2793/2005 1252/2794/2006 1205/2795/2007
f 1205/2795/2007 1252/2794/2006 1705/2796/2008
f 1205/2795/2007 1705/2796/2008 1154/2797/1904
f 1154/2797/1904 1705/2796/2008 1704/2798/1905
f 1758/2799/2009 1759/2800/2010 1757/2801/2011
f 1757/2801/2011 1759/2800/2010 1768/2802/2012
f 1768/2802/2012 1759/2800/2010 1760/2803/2013
f 1768/2802/2012 1760/2803/2013 1767/2804/2014
f 1767/2804/2014 1760/2803/2013 1761/2805/2015
f 1767/2804/2014 1761/2805/2015 1762/2806/2016
f 1767/2804/2014 1762/2806/2016 1766/2807/2017
f 1766/2807/2017 1762/2806/2016 1763/2808/2018
f 1766/2807/2017 1763/2808/2018 1765/2809/2019
f 1765/2809/2019 1763/2808/2018 1764/2810/2020
f 1652/2811/2021 1651/2812/2022 1777/2813/2023
f 1777/2813/2023 1651/2812/2022 1773/2814/2024
f 1777/2813/2023 1773/2814/2024 1774/2815/2025
f 1773/2814/2024 1651/2812/2022 1772/2816/2026
f 1772/2816/2026 1651/2812/2022 1650/2817/2027
f 1772/2816/2026 1650/2817/2027 1770/2818/2028
f 1770/2818/2028 1650/2817/2027 1769/2819/2029
f 1769/2819/2029 1650/2817/2027 1649/2820/2030
f 1770/2818/2028 1771/2821/2031 1772/2816/2026
f 1772/2816/2026 1771/2821/2031 1757/2822/2011
f 1757/2822/2011 1771/2821/2031 1758/2823/2009
f 1775/2824/2032 1776/2825/2033 1774/2815/2025
f 1774/2815/2025 1776/2825/2033 1777/2813/2023
f 1779/2826/2034 1780/2827/2035 1778/2828/2036
f 1778/2828/2036 1780/2827/2035 1787/2829/2037
f 1787/2829/2037 1780/2827/2035 1781/2830/2038
f 1787/2829/2037 1781/2830/2038 1782/2831/2039
f 1787/2829/2037 1782/2831/2039 1786/2832/2040
f 1786/2832/2040 1782/2831/2039 1783/2833/2041
f 1786/2832/2040 1783/2833/2041 1785/2834/2042
f 1785/2834/2042 1783/2833/2041 1784/2835/2043
f 1785/2834/2042 1784/2835/2043 1774/2836/2025
f 1774/2836/2025 1784/2835/2043 1775/2837/2044
f 1303/2838/2045 1203/2839/2046 1206/2840/2047
f 1206/2840/2047 1203/2839/2046 1202/2841/2048
f 1206/2840/2047 1202/2841/2048 1706/2842/2049
f 1706/2842/2049 1202/2841/2048 1201/2843/1998
f 1706/2842/2049 1201/2843/1998 1707/2844/1997
f 1203/2839/2046 1303/2838/2045 1791/2845/2050
f 1791/2845/2050 1303/2838/2045 1302/2846/2051
f 1791/2845/2050 1302/2846/2051 1790/2847/2052
f 1790/2847/2052 1302/2846/2051 1788/2848/2053
f 1790/2847/2052 1788/2848/2053 1789/2849/2054
f 1764/2850/2020 1792/2851/2055 1765/2852/2019
f 1765/2852/2019 1792/2851/2055 1753/2853/1999
f 1753/2853/1999 1792/2851/2055 1793/2854/2056
f 1753/2853/1999 1793/2854/2056 1754/2855/2057
f 1788/2856/2058 1794/2857/2059 1789/2858/2054
f 1789/2858/2054 1794/2857/2059 1778/2859/2036
f 1778/2859/2036 1794/2857/2059 1779/2860/2034
f 1080/2861/2060 1203/2862/2061 1081/2863/2062
f 1081/2863/2062 1203/2862/2061 1791/2864/2063
f 1081/2863/2062 1791/2864/2063 1789/2865/2064
f 1789/2865/2064 1791/2864/2063 1790/2866/2065
f 1789/2865/2064 1778/2867/2066 1081/2863/2062
f 1778/2868/2067 1812/2869/2068 1081/2870/2069
f 1081/2870/2069 1812/2869/2068 1802/2871/2070
f 1081/2870/2069 1802/2871/2070 1082/2872/2071
f 1082/2872/2071 1802/2871/2070 1801/2873/2072
f 1082/2872/2071 1801/2873/2072 1811/2874/2073
f 1811/2874/2073 1801/2873/2072 1787/2875/2074
f 1811/2874/2073 1787/2875/2074 1803/2876/2075
f 1803/2876/2075 1787/2875/2074 1804/2877/2076
f 1803/2876/2075 1804/2877/2076 1082/2872/2071
f 1082/2872/2071 1804/2877/2076 1800/2878/2077
f 1082/2872/2071 1800/2878/2077 1813/2879/2078
f 1813/2879/2078 1800/2878/2077 1787/2875/2074
f 1813/2879/2078 1787/2875/2074 1786/2880/2079
f 1812/2869/2068 1778/2868/2067 1802/2871/2070
f 1802/2871/2070 1778/2868/2067 1787/2875/2074
f 1802/2871/2070 1787/2875/2074 1801/2873/2072
f 1785/2881/2080 1815/2882/2081 1786/2880/2079
f 1786/2880/2079 1815/2882/2081 1798/2883/2082
f 1786/2880/2079 1798/2883/2082 1806/2884/2083
f 1806/2884/2083 1798/2883/2082 1083/2885/2084
f 1806/2884/2083 1083/2885/2084 1805/2886/2085
f 1805/2886/2085 1083/2885/2084 1810/2887/2086
f 1805/2886/2085 1810/2887/2086 1786/2880/2079
f 1786/2880/2079 1810/2887/2086 1799/2888/2087
f 1786/2880/2079 1799/2888/2087 1814/2889/2088
f 1814/2889/2088 1799/2888/2087 1083/2885/2084
f 1814/2889/2088 1083/2885/2084 1813/2879/2078
f 1813/2879/2078 1083/2885/2084 1082/2872/2071
f 1774/2890/2089 1795/2891/2090 1785/2881/2080
f 1785/2881/2080 1795/2891/2090 1796/2892/2091
f 1785/2881/2080 1796/2892/2091 1808/2893/2092
f 1808/2893/2092 1796/2892/2091 1084/2894/2093
f 1808/2893/2092 1084/2894/2093 1807/2895/2094
f 1807/2895/2094 1084/2894/2093 1809/2896/2095
f 1807/2895/2094 1809/2896/2095 1785/2881/2080
f 1785/2881/2080 1809/2896/2095 1797/2897/2096
f 1785/2881/2080 1797/2897/2096 1815/2882/2081
f 1815/2882/2081 1797/2897/2096 1084/2894/2093
f 1815/2882/2081 1084/2894/2093 1083/2885/2084
f 1795/2891/2090 1774/2890/2089 1816/2898/2097
f 1816/2898/2097 1774/2890/2089 1085/2899/2098
f 1816/2898/2097 1085/2899/2098 1795/2891/2090
f 1795/2891/2090 1085/2899/2098 1084/2894/2093
f 1795/2891/2090 1084/2894/2093 1796/2892/2091
f 1807/2895/2094 1785/2881/2080 1808/2893/2092
f 1084/2894/2093 1797/2897/2096 1809/2896/2095
f 1083/2885/2084 1798/2883/2082 1815/2882/2081
f 1806/2884/2083 1805/2886/2085 1786/2880/2079
f 1083/2885/2084 1799/2888/2087 1810/2887/2086
f 1804/2877/2076 1787/2875/2074 1800/2878/2077
f 1786/2880/2079 1814/2889/2088 1813/2879/2078
f 1082/2872/2071 1811/2874/2073 1803/2876/2075
f 1085/2900/2099 1774/2901/2100 1086/2902/2101
f 1086/2902/2101 1774/2901/2100 1773/2903/2102
f 1086/2902/2101 1773/2903/2102 1772/2904/2103
f 1757/2905/2104 1088/2906/2105 1772/2904/2103
f 1772/2904/2103 1088/2906/2105 1087/2907/2106
f 1772/2904/2103 1087/2907/2106 1086/2902/2101
f 1757/2908/2107 1834/2909/2108 1088/2910/2109
f 1088/2910/2109 1834/2909/2108 1824/2911/2110
f 1088/2910/2109 1824/2911/2110 1089/2912/2111
f 1089/2912/2111 1824/2911/2110 1823/2913/2112
f 1089/2912/2111 1823/2913/2112 1833/2914/2113
f 1833/2914/2113 1823/2913/2112 1768/2915/2114
f 1833/2914/2113 1768/2915/2114 1825/2916/2115
f 1825/2916/2115 1768/2915/2114 1826/2917/2116
f 1825/2916/2115 1826/2917/2116 1089/2912/2111
f 1089/2912/2111 1826/2917/2116 1822/2918/2117
f 1089/2912/2111 1822/2918/2117 1090/2919/2118
f 1090/2919/2118 1822/2918/2117 1835/2920/2119
f 1090/2919/2118 1835/2920/2119 1821/2921/2120
f 1821/2921/2120 1835/2920/2119 1767/2922/2121
f 1821/2921/2120 1767/2922/2121 1832/2923/2122
f 1832/2923/2122 1767/2922/2121 1827/2924/2123
f 1832/2923/2122 1827/2924/2123 1090/2919/2118
f 1090/2919/2118 1827/2924/2123 1828/2925/2124
f 1090/2919/2118 1828/2925/2124 1820/2926/2125
f 1820/2926/2125 1828/2925/2124 1767/2922/2121
f 1820/2926/2125 1767/2922/2121 1766/2927/2126
f 1834/2909/2108 1757/2908/2107 1824/2911/2110
f 1824/2911/2110 1757/2908/2107 1768/2915/2114
f 1824/2911/2110 1768/2915/2114 1823/2913/2112
f 1826/2917/2116 1768/2915/2114 1822/2918/2117
f 1822/2918/2117 1768/2915/2114 1767/2922/2121
f 1822/2918/2117 1767/2922/2121 1835/2920/2119
f 1765/2928/2127 1837/2929/2128 1766/2927/2126
f 1766/2927/2126 1837/2929/2128 1818/2930/2129
f 1766/2927/2126 1818/2930/2129 1830/2931/2130
f 1830/2931/2130 1818/2930/2129 1091/2932/2131
f 1830/2931/2130 1091/2932/2131 1829/2933/2132
f 1829/2933/2132 1091/2932/2131 1831/2934/2133
f 1829/2933/2132 1831/2934/2133 1766/2927/2126
f 1766/2927/2126 1831/2934/2133 1819/2935/2134
f 1766/2927/2126 1819/2935/2134 1836/2936/2135
f 1836/2936/2135 1819/2935/2134 1091/2932/2131
f 1836/2936/2135 1091/2932/2131 1820/2926/2125
f 1820/2926/2125 1091/2932/2131 1090/2919/2118
f 1092/2937/2136 1838/2938/2137 1765/2928/2127
f 1765/2928/2127 1838/2938/2137 1817/2939/2138
f 1765/2928/2127 1817/2939/2138 1837/2929/2128
f 1837/2929/2128 1817/2939/2138 1092/2937/2136
f 1837/2929/2128 1092/2937/2136 1091/2932/2131
f 1092/2937/2136 1817/2939/2138 1838/2938/2137
f 1091/2932/2131 1818/2930/2129 1837/2929/2128
f 1830/2931/2130 1829/2933/2132 1766/2927/2126
f 1091/2932/2131 1819/2935/2134 1831/2934/2133
f 1828/2925/2124 1827/2924/2123 1767/2922/2121
f 1090/2919/2118 1821/2921/2120 1832/2923/2122
f 1089/2912/2111 1833/2914/2113 1825/2916/2115
f 1820/2926/2125 1766/2927/2126 1836/2936/2135
f 1033/2940/2139 1092/2941/2140 1204/2942/2141
f 1204/2942/2141 1092/2941/2140 1755/2943/2142
f 1755/2943/2142 1092/2941/2140 1753/2944/2143
f 1755/2943/2142 1753/2944/2143 1756/2945/2144
f 1092/2941/2140 1765/2946/2145 1753/2944/2143
f 1769/2947/2146 1649/2948/2147 1845/2949/2148
f 1845/2949/2148 1649/2948/2147 1648/2950/2149
f 1845/2949/2148 1648/2950/2149 1847/2951/2150
f 1847/2951/2150 1648/2950/2149 1839/2952/2151
f 1847/2951/2150 1839/2952/2151 1758/2953/2152
f 1758/2953/2152 1839/2952/2151 1846/2954/2153
f 1758/2953/2152 1846/2954/2153 1759/2955/2154
f 1759/2955/2154 1846/2954/2153 1840/2956/2155
f 1759/2955/2154 1840/2956/2155 1852/2957/2156
f 1852/2957/2156 1840/2956/2155 1647/2958/2157
f 1852/2957/2156 1647/2958/2157 1849/2959/2158
f 1849/2959/2158 1647/2958/2157 1841/2960/2159
f 1849/2959/2158 1841/2960/2159 1759/2955/2154
f 1759/2955/2154 1841/2960/2159 1848/2961/2160
f 1759/2955/2154 1848/2961/2160 1760/2962/2161
f 1760/2962/2161 1848/2961/2160 1842/2963/2162
f 1760/2962/2161 1842/2963/2162 1850/2964/2163
f 1850/2964/2163 1842/2963/2162 1646/2965/2164
f 1850/2964/2163 1646/2965/2164 1851/2966/2165
f 1851/2966/2165 1646/2965/2164 1843/2967/2166
f 1851/2966/2165 1843/2967/2166 1760/2962/2161
f 1760/2962/2161 1843/2967/2166 1844/2968/2167
f 1760/2962/2161 1844/2968/2167 1761/2969/2168
f 1761/2969/2168 1844/2968/2167 1853/2970/2169
f 1761/2969/2168 1853/2970/2169 1407/2971/2170
f 1407/2971/2170 1853/2970/2169 1844/2968/2167
f 1407/2971/2170 1844/2968/2167 1646/2965/2164
f 1646/2965/2164 1844/2968/2167 1843/2967/2166
f 1647/2958/2157 1840/2956/2155 1648/2950/2149
f 1648/2950/2149 1840/2956/2155 1846/2954/2153
f 1648/2950/2149 1846/2954/2153 1839/2952/2151
f 1841/2960/2159 1647/2958/2157 1848/2961/2160
f 1848/2961/2160 1647/2958/2157 1646/2965/2164
f 1848/2961/2160 1646/2965/2164 1842/2963/2162
f 1847/2951/2150 1758/2953/2152 1845/2949/2148
f 1845/2949/2148 1758/2953/2152 1771/2972/2171
f 1845/2949/2148 1771/2972/2171 1770/2973/2172
f 1770/2973/2172 1769/2947/2146 1845/2949/2148
f 1759/2955/2154 1852/2957/2156 1849/2959/2158
f 1760/2962/2161 1850/2964/2163 1851/2966/2165
f 1407/2974/2173 1862/2975/2174 1761/2976/2175
f 1761/2976/2175 1862/2975/2174 1854/2977/2176
f 1761/2976/2175 1854/2977/2176 1861/2978/2177
f 1861/2978/2177 1854/2977/2176 1406/2979/2178
f 1861/2978/2177 1406/2979/2178 1856/2980/2179
f 1856/2980/2179 1406/2979/2178 1855/2981/2180
f 1856/2980/2179 1855/2981/2180 1762/2982/2181
f 1762/2982/2181 1855/2981/2180 1859/2983/2182
f 1762/2982/2181 1859/2983/2182 1860/2984/2183
f 1860/2984/2183 1859/2983/2182 1406/2979/2178
f 1860/2984/2183 1406/2979/2178 1405/2985/2184
f 1862/2975/2174 1407/2974/2173 1854/2977/2176
f 1854/2977/2176 1407/2974/2173 1406/2979/2178
f 1404/2986/2185 1858/2987/2186 1405/2985/2184
f 1405/2985/2184 1858/2987/2186 1857/2988/2187
f 1405/2985/2184 1857/2988/2187 1860/2984/2183
f 1860/2984/2183 1857/2988/2187 1762/2982/2181
f 1858/2987/2186 1404/2986/2185 1863/2989/2188
f 1863/2989/2188 1404/2986/2185 1764/2990/2189
f 1863/2989/2188 1764/2990/2189 1763/2991/2190
f 1762/2982/2181 1857/2988/2187 1763/2991/2190
f 1763/2991/2190 1857/2988/2187 1858/2987/2186
f 1763/2991/2190 1858/2987/2186 1863/2989/2188
f 1856/2980/2179 1762/2982/2181 1861/2978/2177
f 1861/2978/2177 1762/2982/2181 1761/2976/2175
f 1859/2983/2182 1855/2981/2180 1406/2979/2178
f 1792/2992/2191 1764/2993/2192 1875/2994/2193
f 1875/2994/2193 1764/2993/2192 1404/2995/2194
f 1875/2994/2193 1404/2995/2194 1874/2996/2195
f 1874/2996/2195 1404/2995/2194 1403/2997/2196
f 1874/2996/2195 1403/2997/2196 1864/2998/2197
f 1864/2998/2197 1403/2997/2196 1865/2999/2198
f 1864/2998/2197 1865/2999/2198 1792/2992/2191
f 1792/2992/2191 1865/2999/2198 1793/3000/2199
f 1793/3000/2199 1865/2999/2198 1873/3001/2200
f 1793/3000/2199 1873/3001/2200 1869/3002/2201
f 1869/3002/2201 1873/3001/2200 1403/2997/2196
f 1869/3002/2201 1403/2997/2196 1866/3003/2202
f 1866/3003/2202 1403/2997/2196 1872/3004/2203
f 1866/3003/2202 1872/3004/2203 1754/3005/2204
f 1754/3005/2204 1872/3004/2203 1867/3006/2205
f 1754/3005/2204 1867/3006/2205 1871/3007/2206
f 1871/3007/2206 1867/3006/2205 1304/3008/2207
f 1871/3007/2206 1304/3008/2207 1870/3009/2208
f 1870/3009/2208 1304/3008/2207 1356/3010/2209
f 1870/3009/2208 1356/3010/2209 1355/3011/2210
f 1403/2997/2196 1304/3008/2207 1872/3004/2203
f 1872/3004/2203 1304/3008/2207 1867/3006/2205
f 1870/3009/2208 1355/3011/2210 1868/3012/2211
f 1868/3012/2211 1355/3011/2210 1354/3013/2212
f 1868/3012/2211 1354/3013/2212 1255/3014/2213
f 1255/3014/2213 1254/3015/2214 1868/3012/2211
f 1868/3012/2211 1254/3015/2214 1754/3005/2204
f 1868/3012/2211 1754/3005/2204 1870/3009/2208
f 1870/3009/2208 1754/3005/2204 1871/3007/2206
f 1754/3005/2204 1793/3000/2199 1866/3003/2202
f 1866/3003/2202 1793/3000/2199 1869/3002/2201
f 1875/2994/2193 1874/2996/2195 1792/2992/2191
f 1792/2992/2191 1874/2996/2195 1864/2998/2197
f 1403/2997/2196 1873/3001/2200 1865/2999/2198
f 1653/3016/2215 1652/3017/2216 1889/3018/2217
f 1889/3018/2217 1652/3017/2216 1777/3019/2218
f 1889/3018/2217 1777/3019/2218 1776/3020/2219
f 1889/3018/2217 1776/3020/2219 1882/3021/2220
f 1882/3021/2220 1776/3020/2219 1775/3022/2221
f 1882/3021/2220 1775/3022/2221 1883/3023/2222
f 1883/3023/2222 1775/3022/2221 1881/3024/2223
f 1883/3023/2222 1881/3024/2223 1653/3016/2215
f 1653/3016/2215 1881/3024/2223 1880/3025/2224
f 1653/3016/2215 1880/3025/2224 1654/3026/2225
f 1654/3026/2225 1880/3025/2224 1888/3027/2226
f 1654/3026/2225 1888/3027/2226 1884/3028/2227
f 1884/3028/2227 1888/3027/2226 1784/3029/2228
f 1884/3028/2227 1784/3029/2228 1885/3030/2229
f 1885/3030/2229 1784/3029/2228 1879/3031/2230
f 1885/3030/2229 1879/3031/2230 1654/3026/2225
f 1654/3026/2225 1879/3031/2230 1878/3032/2231
f 1654/3026/2225 1878/3032/2231 1599/3033/2232
f 1599/3033/2232 1878/3032/2231 1891/3034/2233
f 1599/3033/2232 1891/3034/2233 1886/3035/2234
f 1886/3035/2234 1891/3034/2233 1783/3036/2235
f 1886/3035/2234 1783/3036/2235 1887/3037/2236
f 1887/3037/2236 1783/3036/2235 1877/3038/2237
f 1887/3037/2236 1877/3038/2237 1599/3033/2232
f 1599/3033/2232 1877/3038/2237 1876/3039/2238
f 1599/3033/2232 1876/3039/2238 1890/3040/2239
f 1890/3040/2239 1876/3039/2238 1782/3041/2240
f 1890/3040/2239 1782/3041/2240 1454/3042/2241
f 1881/3024/2223 1775/3022/2221 1880/3025/2224
f 1880/3025/2224 1775/3022/2221 1784/3029/2228
f 1880/3025/2224 1784/3029/2228 1888/3027/2226
f 1879/3031/2230 1784/3029/2228 1878/3032/2231
f 1878/3032/2231 1784/3029/2228 1783/3036/2235
f 1878/3032/2231 1783/3036/2235 1891/3034/2233
f 1877/3038/2237 1783/3036/2235 1876/3039/2238
f 1876/3039/2238 1783/3036/2235 1782/3041/2240
f 1454/3042/2241 1599/3033/2232 1890/3040/2239
f 1886/3035/2234 1887/3037/2236 1599/3033/2232
f 1884/3028/2227 1885/3030/2229 1654/3026/2225
f 1882/3021/2220 1883/3023/2222 1653/3016/2215
f 1653/3016/2215 1889/3018/2217 1882/3021/2220
f 1782/3043/2242 1901/3044/2243 1454/3045/2244
f 1454/3045/2244 1901/3044/2243 1896/3046/2245
f 1454/3045/2244 1896/3046/2245 1455/3047/2246
f 1455/3047/2246 1896/3046/2245 1895/3048/2247
f 1455/3047/2246 1895/3048/2247 1899/3049/2248
f 1899/3049/2248 1895/3048/2247 1781/3050/2249
f 1899/3049/2248 1781/3050/2249 1900/3051/2250
f 1900/3051/2250 1781/3050/2249 1893/3052/2251
f 1900/3051/2250 1893/3052/2251 1455/3047/2246
f 1455/3047/2246 1893/3052/2251 1902/3053/2252
f 1455/3047/2246 1902/3053/2252 1894/3054/2253
f 1894/3054/2253 1902/3053/2252 1781/3050/2249
f 1894/3054/2253 1781/3050/2249 1897/3055/2254
f 1897/3055/2254 1781/3050/2249 1780/3056/2255
f 1897/3055/2254 1780/3056/2255 1892/3057/2256
f 1892/3057/2256 1780/3056/2255 1898/3058/2257
f 1892/3057/2256 1898/3058/2257 1457/3059/2258
f 1457/3059/2258 1898/3058/2257 1779/3060/2259
f 1779/3060/2259 1898/3058/2257 1780/3056/2255
f 1781/3050/2249 1895/3048/2247 1782/3043/2242
f 1782/3043/2242 1895/3048/2247 1896/3046/2245
f 1782/3043/2242 1896/3046/2245 1901/3044/2243
f 1457/3059/2258 1456/3061/2260 1892/3057/2256
f 1892/3057/2256 1456/3061/2260 1897/3055/2254
f 1897/3055/2254 1456/3061/2260 1894/3054/2253
f 1894/3054/2253 1456/3061/2260 1455/3047/2246
f 1893/3052/2251 1781/3050/2249 1902/3053/2252
f 1900/3051/2250 1455/3047/2246 1899/3049/2248
f 1302/3062/2261 1301/3063/2262 1903/3064/2263
f 1903/3064/2263 1301/3063/2262 1353/3065/2264
f 1903/3064/2263 1353/3065/2264 1352/3066/2265
f 1352/3066/2265 1351/3067/2266 1903/3064/2263
f 1903/3064/2263 1351/3067/2266 1350/3068/2267
f 1903/3064/2263 1350/3068/2267 1908/3069/2268
f 1908/3069/2268 1350/3068/2267 1907/3070/2269
f 1908/3069/2268 1907/3070/2269 1788/3071/2270
f 1788/3071/2270 1907/3070/2269 1911/3072/2271
f 1788/3071/2270 1911/3072/2271 1905/3073/2272
f 1905/3073/2272 1911/3072/2271 1458/3074/2273
f 1905/3073/2272 1458/3074/2273 1904/3075/2274
f 1904/3075/2274 1458/3074/2273 1909/3076/2275
f 1904/3075/2274 1909/3076/2275 1794/3077/2276
f 1794/3077/2276 1909/3076/2275 1910/3078/2277
f 1794/3077/2276 1910/3078/2277 1912/3079/2278
f 1912/3079/2278 1910/3078/2277 1458/3074/2273
f 1912/3079/2278 1458/3074/2273 1906/3080/2279
f 1906/3080/2279 1458/3074/2273 1457/3081/2280
f 1906/3080/2279 1457/3081/2280 1913/3082/2281
f 1913/3082/2281 1457/3081/2280 1779/3083/2282
f 1913/3082/2281 1779/3083/2282 1906/3080/2279
f 1906/3080/2279 1779/3083/2282 1794/3077/2276
f 1906/3080/2279 1794/3077/2276 1912/3079/2278
f 1907/3070/2269 1350/3068/2267 1911/3072/2271
f 1911/3072/2271 1350/3068/2267 1458/3074/2273
f 1794/3077/2276 1788/3071/2270 1904/3075/2274
f 1904/3075/2274 1788/3071/2270 1905/3073/2272
f 1908/3069/2268 1788/3071/2270 1903/3064/2263
f 1903/3064/2263 1788/3071/2270 1302/3062/2261
f 1909/3076/2275 1458/3074/2273 1910/3078/2277
f 734/3084/2283 733/3085/690 1914/3086/2284
f 1914/3086/2284 733/3085/690 881/3087/935
f 1914/3086/2284 881/3087/935 880/3088/2285
f 881/3087/935 733/3085/690 882/3089/936
f 882/3089/936 733/3085/690 732/3090/832
f 882/3089/936 732/3090/832 883/3091/937
f 883/3091/937 732/3090/832 731/3092/830
f 883/3091/937 731/3092/830 884/3093/938
f 884/3093/938 731/3092/830 730/3094/828
f 884/3093/938 730/3094/828 885/3095/939
f 885/3095/939 730/3094/828 729/3096/826
f 885/3095/939 729/3096/826 886/3097/940
f 886/3097/940 729/3096/826 728/3098/824
f 886/3097/940 728/3098/824 887/3099/941
f 887/3099/941 728/3098/824 727/3100/822
f 887/3099/941 727/3100/822 888/3101/942
f 888/3101/942 727/3100/822 726/3102/820
f 888/3101/942 726/3102/820 889/3103/943
f 889/3103/943 726/3102/820 725/3104/818
f 889/3103/943 725/3104/818 890/3105/944
f 890/3105/944 725/3104/818 724/3106/816
f 890/3105/944 724/3106/816 891/3107/945
f 891/3107/945 724/3106/816 723/3108/814
f 891/3107/945 723/3108/814 892/3109/946
f 892/3109/946 723/3108/814 722/3110/812
f 892/3109/946 722/3110/812 893/3111/947
f 893/3111/947 722/3110/812 721/3112/810
f 893/3111/947 721/3112/810 894/3113/948
f 894/3113/948 721/3112/810 720/3114/808
f 894/3113/948 720/3114/808 895/3115/949
f 895/3115/949 720/3114/808 719/3116/806
f 895/3115/949 719/3116/806 896/3117/950
f 896/3117/950 719/3116/806 718/3118/804
f 896/3117/950 718/3118/804 897/3119/951
f 897/3119/951 718/3118/804 717/3120/802
f 897/3119/951 717/3120/802 898/3121/952
f 898/3121/952 717/3120/802 716/3122/800
f 898/3121/952 716/3122/800 899/3123/953
f 899/3123/953 716/3122/800 715/3124/798
f 899/3123/953 715/3124/798 900/3125/954
f 900/3125/954 715/3124/798 714/3126/796
f 900/3125/954 714/3126/796 901/3127/955
f 901/3127/955 714/3126/796 713/3128/794
f 901/3127/955 713/3128/794 902/3129/956
f 902/3129/956 713/3128/794 712/3130/792
f 902/3129/956 712/3130/792 903/3131/957
f 903/3131/957 712/3130/792 711/3132/790
f 903/3131/957 711/3132/790 904/3133/958
f 904/3133/958 711/3132/790 710/3134/788
f 904/3135/958 710/3136/788 709/3137/786
f 904/3135/958 709/3137/786 905/3138/959
f 905/3138/959 709/3137/786 708/3139/784
f 905/3138/959 708/3139/784 906/3140/960
f 906/3140/960 708/3139/784 707/3141/782
f 906/3140/960 707/3141/782 907/3142/961
f 907/3142/961 707/3141/782 706/3143/780
f 907/3142/961 706/3143/780 908/3144/962
f 908/3144/962 706/3143/780 705/3145/778
f 908/3144/962 705/3145/778 909/3146/963
f 909/3146/963 705/3145/778 704/3147/776
f 909/3146/963 704/3147/776 910/3148/964
f 910/3148/964 704/3147/776 703/3149/774
f 910/3148/964 703/3149/774 911/3150/965
f 911/3150/965 703/3149/774 702/3151/772
f 911/3150/965 702/3151/772 912/3152/966
f 912/3152/966 702/3151/772 701/3153/770
f 912/3152/966 701/3153/770 913/3154/967
f 913/3154/967 701/3153/770 700/3155/768
f 913/3154/967 700/3155/768 914/3156/968
f 914/3156/968 700/3155/768 699/3157/766
f 914/3156/968 699/3157/766 915/3158/969
f 915/3158/969 699/3157/766 698/3159/764
f 915/3158/969 698/3159/764 916/3160/970
f 916/3160/970 698/3159/764 697/3161/762
f 916/3160/970 697/3161/762 917/3162/971
f 917/3162/971 697/3161/762 696/3163/760
f 917/3162/971 696/3163/760 918/3164/972
f 918/3164/972 696/3163/760 695/3165/758
f 918/3164/972 695/3165/758 919/3166/973
f 919/3166/973 695/3165/758 694/3167/756
f 919/3166/973 694/3167/756 920/3168/974
f 920/3168/974 694/3167/756 693/3169/754
f 920/3168/974 693/3169/754 921/3170/975
f 921/3170/975 693/3169/754 692/3171/752
f 921/3170/975 692/3171/752 922/3172/976
f 922/3172/976 692/3171/752 691/3173/750
f 922/3172/976 691/3173/750 923/3174/977
f 923/3174/977 691/3173/750 690/3175/748
f 923/3174/977 690/3175/748 924/3176/978
f 924/3176/978 690/3175/748 689/3177/746
f 924/3176/978 689/3177/746 925/3178/979
f 925/3178/979 689/3177/746 688/3179/744
f 925/3178/979 688/3179/744 926/3180/980
f 926/3180/980 688/3179/744 687/3181/2286
f 926/3180/980 687/3181/2286 927/3182/2287
f 1915/3183/2288 1916/3184/2289 485/3185/2290
f 485/3185/2290 1916/3184/2289 486/3186/2291
f 486/3186/2291 1916/3184/2289 1917/3187/2292
f 486/3186/2291 1917/3187/2292 487/3188/2293
f 487/3188/2293 1917/3187/2292 1918/3189/2294
f 487/3188/2293 1918/3189/2294 488/3190/2295
f 488/3190/2295 1918/3189/2294 1919/3191/2296
f 488/3190/2295 1919/3191/2296 489/3192/2297
f 489/3192/2297 1919/3191/2296 1920/3193/2298
f 489/3192/2297 1920/3193/2298 490/3194/2299
f 490/3194/2299 1920/3193/2298 1921/3195/2300
f 490/3194/2299 1921/3195/2300 491/3196/2301
f 491/3196/2301 1921/3195/2300 1922/3197/2302
f 491/3196/2301 1922/3197/2302 492/3198/2303
f 492/3198/2303 1922/3197/2302 1923/3199/2304
f 492/3198/2303 1923/3199/2304 493/3200/2305
f 493/3200/2305 1923/3199/2304 1924/3201/2306
f 493/3200/2305 1924/3201/2306 494/3202/2307
f 494/3202/2307 1924/3201/2306 1925/3203/2308
f 494/3202/2307 1925/3203/2308 495/3204/2309
f 495/3204/2309 1925/3203/2308 1926/3205/2310
f 495/3204/2309 1926/3205/2310 496/3206/2311
f 496/3206/2311 1926/3205/2310 1927/3207/2312
f 496/3206/2311 1927/3207/2312 497/3208/2313
f 497/3208/2313 1927/3207/2312 1928/3209/2314
f 497/3208/2313 1928/3209/2314 498/3210/2315
f 498/3210/2315 1928/3209/2314 1929/3211/2316
f 498/3210/2315 1929/3211/2316 499/3212/2317
f 499/3212/2317 1929/3211/2316 1930/3213/2318
f 499/3212/2317 1930/3213/2318 500/3214/2319
f 500/3214/2319 1930/3213/2318 1931/3215/2320
f 500/3214/2319 1931/3215/2320 501/3216/2321
f 501/3216/2321 1931/3215/2320 1932/3217/2322
f 501/3216/2321 1932/3217/2322 502/3218/2323
f 502/3218/2323 1932/3217/2322 1933/3219/2324
f 502/3218/2323 1933/3219/2324 503/3220/2325
f 503/3220/2325 1933/3219/2324 1934/3221/2326
f 503/3220/2325 1934/3221/2326 504/3222/2327
f 504/3222/2327 1934/3221/2326 1935/3223/2328
f 504/3222/2327 1935/3223/2328 505/3224/2329
f 505/3224/2329 1935/3223/2328 1936/3225/2330
f 505/3224/2329 1936/3225/2330 506/3226/2331
f 506/3226/2331 1936/3225/2330 1937/3227/2332
f 506/3226/2331 1937/3227/2332 507/3228/2333
f 507/3228/2333 1937/3227/2332 1938/3229/2334
f 507/3228/2333 1938/3229/2334 508/3230/2335
f 508/3230/2335 1938/3229/2334 1939/3231/2336
f 508/3232/2335 1939/3233/2336 1940/3234/2337
f 508/3232/2335 1940/3234/2337 509/3235/2338
f 509/3235/2338 1940/3234/2337 1941/3236/2339
f 509/3235/2338 1941/3236/2339 510/3237/2340
f 510/3237/2340 1941/3236/2339 1942/3238/2341
f 510/3237/2340 1942/3238/2341 511/3239/2342
f 511/3239/2342 1942/3238/2341 1943/3240/2343
f 511/3239/2342 1943/3240/2343 512/3241/2344
f 512/3241/2344 1943/3240/2343 1944/3242/2345
f 512/3241/2344 1944/3242/2345 513/3243/2346
f 513/3243/2346 1944/3242/2345 1945/3244/2347
f 513/3243/2346 1945/3244/2347 514/3245/2348
f 514/3245/2348 1945/3244/2347 1946/3246/2349
f 514/3245/2348 1946/3246/2349 515/3247/2350
f 515/3247/2350 1946/3246/2349 1947/3248/2351
f 515/3247/2350 1947/3248/2351 516/3249/2352
f 516/3249/2352 1947/3248/2351 1948/3250/2353
f 516/3249/2352 1948/3250/2353 517/3251/2354
f 517/3251/2354 1948/3250/2353 1949/3252/2355
f 517/3251/2354 1949/3252/2355 518/3253/2356
f 518/3253/2356 1949/3252/2355 1950/3254/2357
f 518/3253/2356 1950/3254/2357 519/3255/2358
f 519/3255/2358 1950/3254/2357 1951/3256/2359
f 519/3255/2358 1951/3256/2359 520/3257/2360
f 520/3257/2360 1951/3256/2359 1952/3258/2361
f 520/3257/2360 1952/3258/2361 521/3259/2362
f 521/3259/2362 1952/3258/2361 1953/3260/2363
f 521/3259/2362 1953/3260/2363 522/3261/2364
f 522/3261/2364 1953/3260/2363 1954/3262/2365
f 522/3261/2364 1954/3262/2365 523/3263/2366
f 523/3263/2366 1954/3262/2365 1955/3264/2367
f 523/3263/2366 1955/3264/2367 524/3265/2368
f 524/3265/2368 1955/3264/2367 1956/3266/2369
f 524/3265/2368 1956/3266/2369 525/3267/2370
f 525/3267/2370 1956/3266/2369 1957/3268/2371
f 525/3267/2370 1957/3268/2371 526/3269/2372
f 526/3269/2372 1957/3268/2371 1958/3270/2373
f 526/3269/2372 1958/3270/2373 527/3271/2374
f 527/3271/2374 1958/3270/2373 1959/3272/2375
f 527/3271/2374 1959/3272/2375 528/3273/2376
f 528/3273/2376 1959/3272/2375 1960/3274/2377
f 528/3273/2376 1960/3274/2377 529/3275/2378
f 529/3275/2378 1960/3274/2377 1961/3276/2379
f 529/3275/2378 1961/3276/2379 530/3277/2380
f 530/3277/2380 1961/3276/2379 1962/3278/2381
f 530/3277/2380 1962/3278/2381 1963/3279/2382
f 1963/3279/2382 531/3280/2383 530/3277/2380
f 432/3281/2384 431/3282/2385 1916/3283/2386
f 1916/3283/2386 431/3282/2385 1917/3284/2387
f 1917/3284/2387 431/3282/2385 430/3285/2388
f 1917/3284/2387 430/3285/2388 1918/3286/2389
f 1918/3286/2389 430/3285/2388 429/3287/2390
f 1918/3286/2389 429/3287/2390 1919/3288/2391
f 1919/3288/2391 429/3287/2390 428/3289/2392
f 1919/3288/2391 428/3289/2392 1920/3290/2393
f 1920/3290/2393 428/3289/2392 427/3291/2394
f 1920/3290/2393 427/3291/2394 1921/3292/2395
f 1921/3292/2395 427/3291/2394 426/3293/2396
f 1921/3292/2395 426/3293/2396 1922/3294/2397
f 1922/3294/2397 426/3293/2396 425/3295/2398
f 1922/3294/2397 425/3295/2398 1923/3296/2399
f 1923/3296/2399 425/3295/2398 424/3297/2400
f 1923/3296/2399 424/3297/2400 1924/3298/2401
f 1924/3298/2401 424/3297/2400 423/3299/2402
f 1924/3298/2401 423/3299/2402 1925/3300/2403
f 1925/3300/2403 423/3299/2402 422/3301/2404
f 1925/3300/2403 422/3301/2404 1926/3302/2405
f 1926/3302/2405 422/3301/2404 421/3303/2406
f 1926/3302/2405 421/3303/2406 1927/3304/2407
f 1927/3304/2407 421/3303/2406 420/3305/2408
f 1927/3304/2407 420/3305/2408 1928/3306/2409
f 1928/3306/2409 420/3305/2408 419/3307/2410
f 1928/3306/2409 419/3307/2410 1929/3308/2411
f 1929/3308/2411 419/3307/2410 418/3309/2412
f 1929/3308/2411 418/3309/2412 1930/3310/2413
f 1930/3310/2413 418/3309/2412 417/3311/2414
f 1930/3310/2413 417/3311/2414 1931/3312/2415
f 1931/3312/2415 417/3311/2414 416/3313/2416
f 1931/3312/2415 416/3313/2416 1932/3314/2417
f 1932/3314/2417 416/3313/2416 415/3315/2418
f 1932/3314/2417 415/3315/2418 1933/3316/2419
f 1933/3316/2419 415/3315/2418 414/3317/2420
f 1933/3316/2419 414/3317/2420 1934/3318/2421
f 1934/3318/2421 414/3317/2420 413/3319/2422
f 1934/3318/2421 413/3319/2422 1935/3320/2423
f 1935/3320/2423 413/3319/2422 412/3321/2424
f 1935/3320/2423 412/3321/2424 1936/3322/2425
f 1936/3322/2425 412/3321/2424 411/3323/2426
f 1936/3322/2425 411/3323/2426 1937/3324/2427
f 1937/3324/2427 411/3323/2426 410/3325/2428
f 1937/3324/2427 410/3325/2428 1938/3326/2429
f 1938/3326/2429 410/3325/2428 409/3327/2430
f 1938/3326/2429 409/3327/2430 1939/3328/2431
f 1939/3328/2431 409/3327/2430 408/3329/2432
f 1939/3328/2431 408/3329/2432 1940/3330/2433
f 1940/3330/2433 408/3329/2432 407/3331/2434
f 1940/3330/2433 407/3331/2434 1941/3332/2435
f 1941/3332/2435 407/3331/2434 406/3333/2436
f 1941/3332/2435 406/3333/2436 1942/3334/2437
f 1942/3334/2437 406/3333/2436 405/3335/2438
f 1942/3334/2437 405/3335/2438 1943/3336/2439
f 1943/3336/2439 405/3335/2438 404/3337/2440
f 1943/3336/2439 404/3337/2440 1944/3338/2441
f 1944/3338/2441 404/3337/2440 403/3339/2442
f 1944/3338/2441 403/3339/2442 1945/3340/2443
f 1945/3340/2443 403/3339/2442 402/3341/2444
f 1945/3340/2443 402/3341/2444 1946/3342/2445
f 1946/3342/2445 402/3341/2444 401/3343/2446
f 1946/3342/2445 401/3343/2446 1947/3344/2447
f 1947/3344/2447 401/3343/2446 400/3345/2448
f 1947/3344/2447 400/3345/2448 1948/3346/2449
f 1948/3346/2449 400/3345/2448 399/3347/2450
f 1948/3346/2449 399/3347/2450 1949/3348/2451
f 1949/3348/2451 399/3347/2450 398/3349/2452
f 1949/3348/2451 398/3349/2452 1950/3350/2453
f 1950/3350/2453 398/3349/2452 397/3351/2454
f 1950/3350/2453 397/3351/2454 1951/3352/2455
f 1951/3352/2455 397/3351/2454 396/3353/2456
f 1951/3352/2455 396/3353/2456 1952/3354/2457
f 1952/3354/2457 396/3353/2456 395/3355/2458
f 1952/3354/2457 395/3355/2458 1953/3356/2459
f 1953/3356/2459 395/3355/2458 394/3357/2460
f 1953/3356/2459 394/3357/2460 1954/3358/2461
f 1954/3358/2461 394/3357/2460 393/3359/2462
f 1954/3358/2461 393/3359/2462 1955/3360/2463
f 1955/3360/2463 393/3359/2462 392/3361/2464
f 1955/3360/2463 392/3361/2464 1956/3362/2465
f 1956/3362/2465 392/3361/2464 391/3363/2466
f 1956/3362/2465 391/3363/2466 1957/3364/2467
f 1957/3364/2467 391/3363/2466 390/3365/2468
f 1957/3364/2467 390/3365/2468 1958/3366/2469
f 1958/3366/2469 390/3365/2468 389/3367/2470
f 1958/3366/2469 389/3367/2470 1959/3368/2471
f 1959/3368/2471 389/3367/2470 388/3369/2472
f 1959/3368/2471 388/3369/2472 1960/3370/2473
f 1960/3370/2473 388/3369/2472 387/3371/2474
f 1960/3370/2473 387/3371/2474 1961/3372/2475
f 1961/3372/2475 387/3371/2474 386/3373/2476
f 1961/3372/2475 386/3373/2476 1962/3374/2477
f 1962/3374/2477 386/3373/2476 385/3375/2478
f 1965/3376/2479 1966/3377/2480 1964/3378/2481
f 1964/3378/2481 1966/3377/2480 581/3379/2482
f 581/3379/2482 1966/3377/2480 1967/3380/2483
f 581/3379/2482 1967/3380/2483 582/3381/2484
f 582/3381/2484 1967/3380/2483 434/3382/2485
f 582/3381/2484 434/3382/2485 485/3383/2486
f 485/3383/2486 434/3382/2485 433/3384/2487
f 485/3383/2486 433/3384/2487 1915/3385/2488
f 1915/3385/2488 433/3384/2487 432/3386/2384
f 1915/3385/2488 432/3386/2384 1916/3387/2386
f 1968/3388/2489 1969/3389/2490 1980/3390/2491
f 1980/3390/2491 1969/3389/2490 1970/3391/2492
f 1980/3390/2491 1970/3391/2492 1979/3392/2493
f 1979/3392/2493 1970/3391/2492 1971/3393/2494
f 1979/3392/2493 1971/3393/2494 1978/3394/2495
f 1978/3394/2495 1971/3393/2494 1977/3395/2496
f 1977/3395/2496 1971/3393/2494 1972/3396/2497
f 1977/3395/2496 1972/3396/2497 1976/3397/2498
f 1976/3397/2498 1972/3396/2497 1975/3398/2499
f 1975/3398/2499 1972/3396/2497 1973/3399/2500
f 1975/3398/2499 1973/3399/2500 1974/3400/2501
f 933/3401/2502 932/3402/2503 1968/3403/2504
f 1968/3403/2504 932/3402/2503 1969/3404/2490
f 1969/3404/2490 932/3402/2503 1987/3405/2505
f 1987/3405/2505 932/3402/2503 931/3406/2506
f 1987/3405/2505 931/3406/2506 1986/3407/2507
f 1986/3407/2507 931/3406/2506 1982/3408/2508
f 1986/3407/2507 1982/3408/2508 1983/3409/2509
f 930/3410/2510 1981/3411/2511 931/3406/2506
f 931/3406/2506 1981/3411/2511 1982/3408/2508
f 1984/3412/2512 1985/3413/2513 1983/3409/2509
f 1983/3409/2509 1985/3413/2513 1986/3407/2507
f 1988/3414/2514 1989/3415/2515 1998/3416/2516
f 1998/3416/2516 1989/3415/2515 1990/3417/2517
f 1998/3416/2516 1990/3417/2517 1997/3418/2518
f 1997/3418/2518 1990/3417/2517 1996/3419/2519
f 1996/3419/2519 1990/3417/2517 1991/3420/2520
f 1996/3419/2519 1991/3420/2520 1995/3421/2521
f 1995/3421/2521 1991/3420/2520 1994/3422/2522
f 1994/3422/2522 1991/3420/2520 1992/3423/2523
f 1994/3422/2522 1992/3423/2523 1993/3424/2524
f 1993/3424/2524 1992/3423/2523 1985/3425/2513
f 1993/3424/2524 1985/3425/2513 1984/3426/2525
f 532/3427/2526 1999/3428/2527 533/3429/2528
f 533/3429/2528 1999/3428/2527 2000/3430/2529
f 533/3429/2528 2000/3430/2529 2002/3431/2530
f 2002/3431/2530 2000/3430/2529 2001/3432/2531
f 1999/3428/2527 532/3427/2526 483/3433/2532
f 483/3433/2532 532/3427/2526 531/3434/2533
f 483/3433/2532 531/3434/2533 484/3435/2534
f 484/3435/2534 531/3434/2533 1963/3436/2535
f 484/3435/2534 1963/3436/2535 385/3437/2478
f 385/3437/2478 1963/3436/2535 1962/3438/2477
f 1974/3439/2501 1973/3440/2500 2004/3441/2536
f 2004/3441/2536 1973/3440/2500 1965/3442/2479
f 2004/3441/2536 1965/3442/2479 2003/3443/2537
f 2003/3443/2537 1965/3442/2479 1964/3444/2538
f 2002/3445/2539 2001/3446/2531 2006/3447/2540
f 2006/3447/2540 2001/3446/2531 2005/3448/2541
f 2005/3448/2541 2001/3446/2531 1989/3449/2515
f 2005/3448/2541 1989/3449/2515 1988/3450/2514
f 2000/3451/2542 1999/3452/2543 2001/3453/2544
f 2001/3453/2544 1999/3452/2543 1104/3454/2545
f 2001/3453/2544 1104/3454/2545 1989/3455/2546
f 1999/3452/2543 483/3456/2547 1104/3454/2545
f 1104/3454/2545 483/3456/2547 482/3457/2548
f 1104/3458/2549 2024/3459/2550 1989/3460/2551
f 1989/3460/2551 2024/3459/2550 2014/3461/2552
f 1989/3460/2551 2014/3461/2552 1990/3462/2553
f 1990/3462/2553 2014/3461/2552 2013/3463/2554
f 1990/3462/2553 2013/3463/2554 2023/3464/2555
f 2023/3464/2555 2013/3463/2554 1103/3465/2556
f 2023/3464/2555 1103/3465/2556 2015/3466/2557
f 2015/3466/2557 1103/3465/2556 2016/3467/2558
f 2015/3466/2557 2016/3467/2558 1990/3462/2553
f 1990/3462/2553 2016/3467/2558 2012/3468/2559
f 1990/3462/2553 2012/3468/2559 2025/3469/2560
f 2025/3469/2560 2012/3468/2559 1103/3465/2556
f 2025/3469/2560 1103/3465/2556 1102/3470/2561
f 2024/3459/2550 1104/3458/2549 2014/3461/2552
f 2014/3461/2552 1104/3458/2549 1103/3465/2556
f 2014/3461/2552 1103/3465/2556 2013/3463/2554
f 1101/3471/2562 2027/3472/2563 1102/3470/2561
f 1102/3470/2561 2027/3472/2563 2010/3473/2564
f 1102/3470/2561 2010/3473/2564 2018/3474/2565
f 2018/3474/2565 2010/3473/2564 1991/3475/2566
f 2018/3474/2565 1991/3475/2566 2017/3476/2567
f 2017/3476/2567 1991/3475/2566 2022/3477/2568
f 2017/3476/2567 2022/3477/2568 1102/3470/2561
f 1102/3470/2561 2022/3477/2568 2011/3478/2569
f 1102/3470/2561 2011/3478/2569 2026/3479/2570
f 2026/3479/2570 2011/3478/2569 1991/3475/2566
f 2026/3479/2570 1991/3475/2566 2025/3469/2560
f 2025/3469/2560 1991/3475/2566 1990/3462/2553
f 1100/3480/2571 2007/3481/2572 1101/3471/2562
f 1101/3471/2562 2007/3481/2572 2008/3482/2573
f 1101/3471/2562 2008/3482/2573 2020/3483/2574
f 2020/3483/2574 2008/3482/2573 1992/3484/2575
f 2020/3483/2574 1992/3484/2575 2019/3485/2576
f 2019/3485/2576 1992/3484/2575 2021/3486/2577
f 2019/3485/2576 2021/3486/2577 1101/3471/2562
f 1101/3471/2562 2021/3486/2577 2009/3487/2578
f 1101/3471/2562 2009/3487/2578 2027/3472/2563
f 2027/3472/2563 2009/3487/2578 1992/3484/2575
f 2027/3472/2563 1992/3484/2575 1991/3475/2566
f 2007/3481/2572 1100/3480/2571 2028/3488/2579
f 2028/3488/2579 1100/3480/2571 1985/3489/2580
f 2028/3488/2579 1985/3489/2580 2007/3481/2572
f 2007/3481/2572 1985/3489/2580 1992/3484/2575
f 2007/3481/2572 1992/3484/2575 2008/3482/2573
f 2019/3485/2576 1101/3471/2562 2020/3483/2574
f 1992/3484/2575 2009/3487/2578 2021/3486/2577
f 1991/3475/2566 2010/3473/2564 2027/3472/2563
f 2018/3474/2565 2017/3476/2567 1102/3470/2561
f 1991/3475/2566 2011/3478/2569 2022/3477/2568
f 2016/3467/2558 1103/3465/2556 2012/3468/2559
f 1102/3470/2561 2026/3479/2570 2025/3469/2560
f 1990/3462/2553 2023/3464/2555 2015/3466/2557
f 1985/3490/2581 1100/3491/2582 1986/3492/2583
f 1986/3492/2583 1100/3491/2582 1099/3493/2584
f 1986/3492/2583 1099/3493/2584 1098/3494/2585
f 1097/3495/2586 1969/3496/2587 1098/3494/2585
f 1098/3494/2585 1969/3496/2587 1987/3497/2588
f 1098/3494/2585 1987/3497/2588 1986/3492/2583
f 1097/3498/2589 2046/3499/2590 1969/3500/2591
f 1969/3500/2591 2046/3499/2590 2036/3501/2592
f 1969/3500/2591 2036/3501/2592 1970/3502/2593
f 1970/3502/2593 2036/3501/2592 2035/3503/2594
f 1970/3502/2593 2035/3503/2594 2045/3504/2595
f 2045/3504/2595 2035/3503/2594 1096/3505/2596
f 2045/3504/2595 1096/3505/2596 2037/3506/2597
f 2037/3506/2597 1096/3505/2596 2038/3507/2598
f 2037/3506/2597 2038/3507/2598 1970/3502/2593
f 1970/3502/2593 2038/3507/2598 2034/3508/2599
f 1970/3502/2593 2034/3508/2599 1971/3509/2600
f 1971/3509/2600 2034/3508/2599 2047/3510/2601
f 1971/3509/2600 2047/3510/2601 2033/3511/2602
f 2033/3511/2602 2047/3510/2601 1095/3512/2603
f 2033/3511/2602 1095/3512/2603 2044/3513/2604
f 2044/3513/2604 1095/3512/2603 2039/3514/2605
f 2044/3513/2604 2039/3514/2605 1971/3509/2600
f 1971/3509/2600 2039/3514/2605 2040/3515/2606
f 1971/3509/2600 2040/3515/2606 2032/3516/2607
f 2032/3516/2607 2040/3515/2606 1095/3512/2603
f 2032/3516/2607 1095/3512/2603 1094/3517/2608
f 2046/3499/2590 1097/3498/2589 2036/3501/2592
f 2036/3501/2592 1097/3498/2589 1096/3505/2596
f 2036/3501/2592 1096/3505/2596 2035/3503/2594
f 2038/3507/2598 1096/3505/2596 2034/3508/2599
f 2034/3508/2599 1096/3505/2596 1095/3512/2603
f 2034/3508/2599 1095/3512/2603 2047/3510/2601
f 1093/3518/2609 2049/3519/2610 1094/3517/2608
f 1094/3517/2608 2049/3519/2610 2030/3520/2611
f 1094/3517/2608 2030/3520/2611 2042/3521/2612
f 2042/3521/2612 2030/3520/2611 1972/3522/2613
f 2042/3521/2612 1972/3522/2613 2041/3523/2614
f 2041/3523/2614 1972/3522/2613 2043/3524/2615
f 2041/3523/2614 2043/3524/2615 1094/3517/2608
f 1094/3517/2608 2043/3524/2615 2031/3525/2616
f 1094/3517/2608 2031/3525/2616 2048/3526/2617
f 2048/3526/2617 2031/3525/2616 1972/3522/2613
f 2048/3526/2617 1972/3522/2613 2032/3516/2607
f 2032/3516/2607 1972/3522/2613 1971/3509/2600
f 1973/3527/2618 2050/3528/2619 1093/3518/2609
f 1093/3518/2609 2050/3528/2619 2029/3529/2620
f 1093/3518/2609 2029/3529/2620 2049/3519/2610
f 2049/3519/2610 2029/3529/2620 1973/3527/2618
f 2049/3519/2610 1973/3527/2618 1972/3522/2613
f 1973/3527/2618 2029/3529/2620 2050/3528/2619
f 1972/3522/2613 2030/3520/2611 2049/3519/2610
f 2042/3521/2612 2041/3523/2614 1094/3517/2608
f 1972/3522/2613 2031/3525/2616 2043/3524/2615
f 2040/3515/2606 2039/3514/2605 1095/3512/2603
f 1971/3509/2600 2033/3511/2602 2044/3513/2604
f 1970/3502/2593 2045/3504/2595 2037/3506/2597
f 2032/3516/2607 1094/3517/2608 2048/3526/2617
f 435/3530/2621 434/3531/2622 1093/3532/2623
f 1093/3532/2623 434/3531/2622 1967/3533/2624
f 1093/3532/2623 1967/3533/2624 1965/3534/2625
f 1965/3534/2625 1967/3533/2624 1966/3535/2626
f 1965/3534/2625 1973/3536/2627 1093/3532/2623
f 935/3537/2628 2065/3538/2629 880/3539/2630
f 880/3539/2630 2065/3538/2629 2055/3540/2631
f 880/3539/2630 2055/3540/2631 2056/3541/2632
f 2056/3541/2632 2055/3540/2631 1979/3542/2633
f 2056/3541/2632 1979/3542/2633 2053/3543/2634
f 2053/3543/2634 1979/3542/2633 2054/3544/2635
f 2053/3543/2634 2054/3544/2635 1914/3545/2636
f 1914/3545/2636 2054/3544/2635 2061/3546/2637
f 1914/3545/2636 2061/3546/2637 734/3547/2638
f 734/3547/2638 2061/3546/2637 1978/3548/2639
f 1978/3548/2639 2061/3546/2637 2054/3544/2635
f 1978/3548/2639 2054/3544/2635 1979/3542/2633
f 934/3549/2640 2063/3550/2641 935/3537/2628
f 935/3537/2628 2063/3550/2641 2058/3551/2642
f 935/3537/2628 2058/3551/2642 2057/3552/2643
f 2057/3552/2643 2058/3551/2642 1980/3553/2644
f 2057/3552/2643 1980/3553/2644 2064/3554/2645
f 2064/3554/2645 1980/3553/2644 2052/3555/2646
f 2064/3554/2645 2052/3555/2646 935/3537/2628
f 935/3537/2628 2052/3555/2646 2065/3538/2629
f 933/3556/2647 2060/3557/2648 934/3549/2640
f 934/3549/2640 2060/3557/2648 2059/3558/2649
f 934/3549/2640 2059/3558/2649 2062/3559/2650
f 2062/3559/2650 2059/3558/2649 1968/3560/2651
f 2062/3559/2650 1968/3560/2651 2051/3561/2652
f 2051/3561/2652 1968/3560/2651 1980/3553/2644
f 2051/3561/2652 1980/3553/2644 2063/3550/2641
f 2063/3550/2641 1980/3553/2644 2058/3551/2642
f 933/3556/2647 1968/3560/2651 2060/3557/2648
f 2060/3557/2648 1968/3560/2651 2059/3558/2649
f 1980/3553/2644 1979/3542/2633 2052/3555/2646
f 2052/3555/2646 1979/3542/2633 2065/3538/2629
f 1914/3545/2636 880/3539/2630 2053/3543/2634
f 2053/3543/2634 880/3539/2630 2056/3541/2632
f 2063/3550/2641 934/3549/2640 2051/3561/2652
f 2051/3561/2652 934/3549/2640 2062/3559/2650
f 935/3537/2628 2057/3552/2643 2064/3554/2645
f 1979/3542/2633 2055/3540/2631 2065/3538/2629
f 1978/3562/2653 2075/3563/2654 734/3564/2655
f 734/3564/2655 2075/3563/2654 2066/3565/2656
f 734/3564/2655 2066/3565/2656 735/3566/2657
f 735/3566/2657 2066/3565/2656 2074/3567/2658
f 735/3566/2657 2074/3567/2658 2068/3568/2659
f 2068/3568/2659 2074/3567/2658 1977/3569/2660
f 2068/3568/2659 1977/3569/2660 2069/3570/2661
f 2069/3570/2661 1977/3569/2660 2067/3571/2662
f 2069/3570/2661 2067/3571/2662 735/3566/2657
f 735/3566/2657 2067/3571/2662 736/3572/2663
f 736/3572/2663 2067/3571/2662 2070/3573/2664
f 736/3572/2663 2070/3573/2664 2071/3574/2665
f 2071/3574/2665 2070/3573/2664 1976/3575/2666
f 2071/3574/2665 1976/3575/2666 1975/3576/2667
f 2075/3563/2654 1978/3562/2653 2066/3565/2656
f 2066/3565/2656 1978/3562/2653 1977/3569/2660
f 2066/3565/2656 1977/3569/2660 2074/3567/2658
f 1977/3569/2660 1976/3575/2666 2067/3571/2662
f 2067/3571/2662 1976/3575/2666 2070/3573/2664
f 1974/3577/2668 2073/3578/2669 1975/3576/2667
f 1975/3576/2667 2073/3578/2669 2072/3579/2670
f 1975/3576/2667 2072/3579/2670 2071/3574/2665
f 2071/3574/2665 2072/3579/2670 737/3580/2671
f 2071/3574/2665 737/3580/2671 736/3572/2663
f 1974/3577/2668 738/3581/2672 2073/3578/2669
f 2073/3578/2669 738/3581/2672 737/3580/2671
f 2073/3578/2669 737/3580/2671 2072/3579/2670
f 735/3566/2657 2068/3568/2659 2069/3570/2661
f 1974/3582/2673 2082/3583/2674 738/3584/2675
f 738/3584/2675 2082/3583/2674 2076/3585/2676
f 738/3584/2675 2076/3585/2676 739/3586/2677
f 739/3586/2677 2076/3585/2676 2081/3587/2678
f 739/3586/2677 2081/3587/2678 2077/3588/2679
f 2077/3588/2679 2081/3587/2678 2004/3589/2680
f 2077/3588/2679 2004/3589/2680 2003/3590/2681
f 1974/3582/2673 2004/3589/2680 2082/3583/2674
f 2082/3583/2674 2004/3589/2680 2076/3585/2676
f 1964/3591/2682 2079/3592/2683 2003/3590/2681
f 2003/3590/2681 2079/3592/2683 2083/3593/2684
f 2003/3590/2681 2083/3593/2684 2084/3594/2685
f 2084/3594/2685 2083/3593/2684 739/3586/2677
f 2084/3594/2685 739/3586/2677 2077/3588/2679
f 581/3595/2686 2080/3596/2687 1964/3591/2682
f 1964/3591/2682 2080/3596/2687 2087/3597/2688
f 1964/3591/2682 2087/3597/2688 2085/3598/2689
f 2085/3598/2689 2087/3597/2688 629/3599/2690
f 2085/3598/2689 629/3599/2690 2078/3600/2691
f 2078/3600/2691 629/3599/2690 739/3586/2677
f 2078/3600/2691 739/3586/2677 2079/3592/2683
f 2079/3592/2683 739/3586/2677 2083/3593/2684
f 2080/3596/2687 581/3595/2686 2086/3601/2692
f 2086/3601/2692 581/3595/2686 580/3602/2693
f 2086/3601/2692 580/3602/2693 632/3603/2694
f 632/3603/2694 631/3604/2695 2086/3601/2692
f 2086/3601/2692 631/3604/2695 2080/3596/2687
f 631/3604/2695 630/3605/2696 2080/3596/2687
f 2080/3596/2687 630/3605/2696 2087/3597/2688
f 630/3605/2696 629/3599/2690 2087/3597/2688
f 2004/3589/2680 2081/3587/2678 2076/3585/2676
f 2077/3588/2679 2003/3590/2681 2084/3594/2685
f 1964/3591/2682 2085/3598/2689 2078/3600/2691
f 2078/3600/2691 2079/3592/2683 1964/3591/2682
f 1983/3606/2697 2095/3607/2698 1984/3608/2699
f 1984/3608/2699 2095/3607/2698 2096/3609/2700
f 1984/3608/2699 2096/3609/2700 2093/3610/2701
f 2093/3610/2701 2096/3609/2700 929/3611/2702
f 2093/3610/2701 929/3611/2702 2092/3612/2703
f 2092/3612/2703 929/3611/2702 928/3613/2704
f 2092/3612/2703 928/3613/2704 2102/3614/2705
f 2102/3614/2705 928/3613/2704 2097/3615/2706
f 2102/3614/2705 2097/3615/2706 1993/3616/2707
f 1993/3616/2707 2097/3615/2706 2098/3617/2708
f 1993/3616/2707 2098/3617/2708 2091/3618/2709
f 2091/3618/2709 2098/3617/2708 928/3613/2704
f 2091/3618/2709 928/3613/2704 2101/3619/2710
f 2101/3619/2710 928/3613/2704 927/3620/2711
f 2101/3619/2710 927/3620/2711 2090/3621/2712
f 2090/3621/2712 927/3620/2711 2099/3622/2713
f 2090/3621/2712 2099/3622/2713 1994/3623/2714
f 1994/3623/2714 2099/3622/2713 2100/3624/2715
f 1994/3623/2714 2100/3624/2715 2089/3625/2716
f 2089/3625/2716 2100/3624/2715 927/3620/2711
f 2089/3625/2716 927/3620/2711 2088/3626/2717
f 2088/3626/2717 927/3620/2711 687/3627/2718
f 2088/3626/2717 687/3627/2718 2103/3628/2719
f 2103/3628/2719 687/3627/2718 1995/3629/2720
f 2103/3628/2719 1995/3629/2720 2088/3626/2717
f 2088/3626/2717 1995/3629/2720 1994/3623/2714
f 2088/3626/2717 1994/3623/2714 2089/3625/2716
f 2095/3607/2698 1983/3606/2697 2094/3630/2721
f 2094/3630/2721 1983/3606/2697 1982/3631/2722
f 2094/3630/2721 1982/3631/2722 1981/3632/2723
f 930/3633/2724 929/3611/2702 1981/3632/2723
f 1981/3632/2723 929/3611/2702 2094/3630/2721
f 2090/3621/2712 1994/3623/2714 2101/3619/2710
f 2101/3619/2710 1994/3623/2714 1993/3616/2707
f 2101/3619/2710 1993/3616/2707 2091/3618/2709
f 2102/3614/2705 1993/3616/2707 2092/3612/2703
f 2092/3612/2703 1993/3616/2707 1984/3608/2699
f 2092/3612/2703 1984/3608/2699 2093/3610/2701
f 2099/3622/2713 927/3620/2711 2100/3624/2715
f 2098/3617/2708 2097/3615/2706 928/3613/2704
f 2096/3609/2700 2095/3607/2698 929/3611/2702
f 929/3611/2702 2095/3607/2698 2094/3630/2721
f 687/3634/2725 2114/3635/2726 1995/3636/2727
f 1995/3636/2727 2114/3635/2726 2105/3637/2728
f 1995/3636/2727 2105/3637/2728 1996/3638/2729
f 1996/3638/2729 2105/3637/2728 2113/3639/2730
f 1996/3638/2729 2113/3639/2730 2106/3640/2731
f 2106/3640/2731 2113/3639/2730 686/3641/2732
f 2106/3640/2731 686/3641/2732 2107/3642/2733
f 2107/3642/2733 686/3641/2732 2104/3643/2734
f 2107/3642/2733 2104/3643/2734 1996/3638/2729
f 1996/3638/2729 2104/3643/2734 2112/3644/2735
f 1996/3638/2729 2112/3644/2735 1997/3645/2736
f 1997/3645/2736 2112/3644/2735 2108/3646/2737
f 1997/3645/2736 2108/3646/2737 2109/3647/2738
f 2109/3647/2738 2108/3646/2737 685/3648/2739
f 2109/3647/2738 685/3648/2739 684/3649/2740
f 687/3634/2725 686/3641/2732 2114/3635/2726
f 2114/3635/2726 686/3641/2732 2105/3637/2728
f 686/3641/2732 685/3648/2739 2104/3643/2734
f 2104/3643/2734 685/3648/2739 2112/3644/2735
f 683/3650/2741 2111/3651/2742 684/3649/2740
f 684/3649/2740 2111/3651/2742 2110/3652/2743
f 684/3649/2740 2110/3652/2743 2109/3647/2738
f 2109/3647/2738 2110/3652/2743 1998/3653/2744
f 2109/3647/2738 1998/3653/2744 1997/3645/2736
f 683/3650/2741 1988/3654/2745 2111/3651/2742
f 2111/3651/2742 1988/3654/2745 1998/3653/2744
f 2111/3651/2742 1998/3653/2744 2110/3652/2743
f 685/3648/2739 2108/3646/2737 2112/3644/2735
f 2106/3640/2731 2107/3642/2733 1996/3638/2729
f 2105/3637/2728 686/3641/2732 2113/3639/2730
f 635/3655/2746 2119/3656/2747 583/3657/2748
f 583/3657/2748 2119/3656/2747 2120/3658/2749
f 583/3657/2748 2120/3658/2749 2115/3659/2750
f 2115/3659/2750 2120/3658/2749 2002/3660/2751
f 2115/3659/2750 2002/3660/2751 2121/3661/2752
f 2121/3661/2752 2002/3660/2751 2116/3662/2753
f 2121/3661/2752 2116/3662/2753 682/3663/2754
f 682/3663/2754 2116/3662/2753 2122/3664/2755
f 682/3663/2754 2122/3664/2755 2123/3665/2756
f 2123/3665/2756 2122/3664/2755 2006/3666/2757
f 2123/3665/2756 2006/3666/2757 2117/3667/2758
f 2117/3667/2758 2006/3666/2757 2005/3668/2759
f 2117/3667/2758 2005/3668/2759 2118/3669/2760
f 2118/3669/2760 2005/3668/2759 2125/3670/2761
f 2118/3669/2760 2125/3670/2761 682/3663/2754
f 682/3663/2754 2125/3670/2761 683/3671/2762
f 683/3671/2762 2125/3670/2761 2124/3672/2763
f 683/3671/2762 2124/3672/2763 1988/3673/2764
f 1988/3673/2764 2124/3672/2763 2005/3668/2759
f 2005/3668/2759 2124/3672/2763 2125/3670/2761
f 635/3655/2746 634/3674/2765 2119/3656/2747
f 2119/3656/2747 634/3674/2765 633/3675/2766
f 2119/3656/2747 633/3675/2766 534/3676/2767
f 534/3676/2767 533/3677/2768 2119/3656/2747
f 2119/3656/2747 533/3677/2768 2002/3660/2751
f 2119/3656/2747 2002/3660/2751 2120/3658/2749
f 2002/3660/2751 2006/3666/2757 2116/3662/2753
f 2116/3662/2753 2006/3666/2757 2122/3664/2755
f 682/3663/2754 583/3657/2748 2121/3661/2752
f 2121/3661/2752 583/3657/2748 2115/3659/2750
f 2118/3669/2760 682/3663/2754 2117/3667/2758
f 2117/3667/2758 682/3663/2754 2123/3665/2756
# 2125 vertices
# 3677 texture params
# 2768 normals
# 4250 facets

# 1 groups
