# WaveFront *.obj file (generated by Autodesk ATF)

mtllib body145_visual.mtl

g Body145

v -27.780000 -1.725143 -1.786615
v -27.780108 -1.740707 -1.788891
v -27.780318 -1.755463 -1.792152
v -27.780108 -1.769873 -1.796706
v -27.780000 -1.784490 -1.802518
v -27.780000 -1.805960 -1.813920
v -27.780000 -1.825799 -1.827971
v -27.780000 -1.843680 -1.844440
v -27.780000 -1.859313 -1.863058
v -27.780000 -1.872441 -1.883519
v -27.780000 -1.882848 -1.905488
v -27.780000 -1.890365 -1.928607
v -27.780000 -1.894869 -1.952497
v -27.780000 -1.896285 -1.976766
v -27.780000 -1.894591 -2.001017
v -27.780000 -1.889814 -2.024853
v -27.780000 -1.882032 -2.047884
v -27.780000 -1.871374 -2.069734
v -27.780000 -1.858013 -2.090043
v -27.780000 -1.842168 -2.108480
v -27.780000 -1.824099 -2.124743
v -27.780000 -1.804101 -2.138566
v -27.780000 -1.782502 -2.149722
v -27.780000 -1.759655 -2.158029
v -27.780000 -1.735934 -2.163350
v -27.780000 -1.711728 -2.165600
v -27.780000 -1.687433 -2.164740
v -27.780108 -1.671869 -2.162464
v -27.780318 -1.657112 -2.159203
v -27.780108 -1.642702 -2.154649
v -27.780000 -1.628086 -2.148838
v -27.780000 -1.606615 -2.137435
v -27.780000 -1.586777 -2.123384
v -27.780000 -1.568895 -2.106915
v -27.780000 -1.553263 -2.088298
v -27.780000 -1.540135 -2.067837
v -27.780000 -1.529728 -2.045867
v -27.780000 -1.522211 -2.022748
v -27.780000 -1.517707 -1.998858
v -27.780000 -1.516291 -1.974589
v -27.780000 -1.517985 -1.950338
v -27.780000 -1.522762 -1.926502
v -27.780000 -1.530543 -1.903471
v -27.780000 -1.541202 -1.881622
v -27.780000 -1.554563 -1.861312
v -27.780000 -1.570408 -1.842875
v -27.780000 -1.588477 -1.826612
v -27.780000 -1.608475 -1.812789
v -27.780000 -1.630074 -1.801633
v -27.780000 -1.652921 -1.793326
v -27.780000 -1.676642 -1.788005
v -27.780000 -1.700848 -1.785755
v -27.830000 -1.784490 -1.802518
v -27.829892 -1.769873 -1.796706
v -27.829682 -1.755463 -1.792152
v -27.829892 -1.740707 -1.788891
v -27.830000 -1.725143 -1.786615
v -27.830000 -1.700848 -1.785755
v -27.830000 -1.676642 -1.788005
v -27.830000 -1.652921 -1.793326
v -27.830000 -1.630074 -1.801633
v -27.830000 -1.608475 -1.812789
v -27.830000 -1.588477 -1.826612
v -27.830000 -1.570408 -1.842875
v -27.830000 -1.554563 -1.861312
v -27.830000 -1.541202 -1.881622
v -27.830000 -1.530543 -1.903471
v -27.830000 -1.522762 -1.926502
v -27.830000 -1.517985 -1.950338
v -27.830000 -1.516291 -1.974589
v -27.830000 -1.517707 -1.998858
v -27.830000 -1.522211 -2.022748
v -27.830000 -1.529728 -2.045867
v -27.830000 -1.540135 -2.067837
v -27.830000 -1.553263 -2.088298
v -27.830000 -1.568895 -2.106915
v -27.830000 -1.586777 -2.123384
v -27.830000 -1.606615 -2.137435
v -27.830000 -1.628086 -2.148838
v -27.829892 -1.642702 -2.154649
v -27.829682 -1.657112 -2.159203
v -27.829892 -1.671869 -2.162464
v -27.830000 -1.687433 -2.164740
v -27.830000 -1.711728 -2.165600
v -27.830000 -1.735934 -2.163350
v -27.830000 -1.759655 -2.158029
v -27.830000 -1.782502 -2.149722
v -27.830000 -1.804101 -2.138566
v -27.830000 -1.824099 -2.124743
v -27.830000 -1.842168 -2.108480
v -27.830000 -1.858013 -2.090043
v -27.830000 -1.871374 -2.069734
v -27.830000 -1.882032 -2.047884
v -27.830000 -1.889814 -2.024853
v -27.830000 -1.894591 -2.001017
v -27.830000 -1.896285 -1.976766
v -27.830000 -1.894869 -1.952497
v -27.830000 -1.890365 -1.928607
v -27.830000 -1.882848 -1.905488
v -27.830000 -1.872441 -1.883519
v -27.830000 -1.859313 -1.863058
v -27.830000 -1.843680 -1.844440
v -27.830000 -1.825799 -1.827971
v -27.830000 -1.805960 -1.813920
v -27.780000 -1.919949 -2.201063
v -27.780000 -1.905735 -2.197255
v -27.780000 -1.899241 -2.221493
v -27.780000 -1.996298 -1.859271
v -27.780000 -1.989803 -1.883510
v -27.780000 -2.004017 -1.887318
v -27.830000 -1.899241 -2.221493
v -27.830000 -1.905735 -2.197255
v -27.830000 -1.919949 -2.201063
v -27.830000 -2.004017 -1.887318
v -27.830000 -1.989803 -1.883510
v -27.830000 -1.996298 -1.859271
v -27.517451 -2.050347 -1.894556
v -27.415513 -1.545087 -1.759172
v -27.417967 -1.544451 -1.759695
v -27.419764 -1.543640 -1.761372
v -27.420421 -1.542869 -1.763754
v -27.522358 -2.048129 -1.899138
v -27.521701 -2.048900 -1.896757
v -27.519905 -2.049712 -1.895079
v -27.428161 -1.594977 -1.773234
v -27.438355 -1.645503 -1.786772
v -27.448548 -1.696030 -1.800310
v -27.458742 -1.746556 -1.813849
v -27.468936 -1.797082 -1.827387
v -27.479130 -1.847608 -1.840926
v -27.489323 -1.898134 -1.854464
v -27.499517 -1.948660 -1.868003
v -27.509711 -1.999186 -1.881541
v -27.429957 -1.594166 -1.774911
v -27.440151 -1.644692 -1.788449
v -27.450345 -1.695218 -1.801988
v -27.460539 -1.745744 -1.815526
v -27.470732 -1.796270 -1.829064
v -27.480926 -1.846796 -1.842603
v -27.491120 -1.897322 -1.856141
v -27.501313 -1.947848 -1.869680
v -27.511507 -1.998374 -1.883218
v -27.420421 -1.458801 -2.077499
v -27.522358 -1.964062 -2.212883
v -27.419764 -1.458278 -2.079947
v -27.417967 -1.458142 -2.081806
v -27.415513 -1.458431 -2.082576
v -27.517451 -1.963691 -2.217961
v -27.519905 -1.963403 -2.217190
v -27.521701 -1.963538 -2.215331
v -27.429957 -1.508804 -2.093486
v -27.440151 -1.559330 -2.107024
v -27.450345 -1.609856 -2.120562
v -27.460539 -1.660382 -2.134101
v -27.470732 -1.710908 -2.147639
v -27.480926 -1.761434 -2.161178
v -27.491120 -1.811960 -2.174716
v -27.501313 -1.862486 -2.188255
v -27.511507 -1.913012 -2.201793
v -27.428161 -1.508668 -2.095344
v -27.438355 -1.559194 -2.108882
v -27.448548 -1.609720 -2.122421
v -27.458742 -1.660246 -2.135959
v -27.468936 -1.710772 -2.149498
v -27.479130 -1.761299 -2.163036
v -27.489323 -1.811825 -2.176575
v -27.499517 -1.862351 -2.190113
v -27.509711 -1.912877 -2.203651
v -27.376252 -1.465821 -2.084557
v -27.478189 -1.971082 -2.219941
v -27.373798 -1.466456 -2.084033
v -27.372002 -1.467268 -2.082356
v -27.371344 -1.468039 -2.079975
v -27.473282 -1.973300 -2.215359
v -27.473939 -1.972529 -2.217740
v -27.475735 -1.971717 -2.219418
v -27.383992 -1.516982 -2.097572
v -27.394186 -1.567509 -2.111110
v -27.404379 -1.618035 -2.124649
v -27.414573 -1.668561 -2.138187
v -27.424767 -1.719087 -2.151725
v -27.434961 -1.769613 -2.165264
v -27.445154 -1.820139 -2.178802
v -27.455348 -1.870665 -2.192341
v -27.465542 -1.921191 -2.205879
v -27.382196 -1.517794 -2.095895
v -27.392389 -1.568320 -2.109433
v -27.402583 -1.618846 -2.122971
v -27.412777 -1.669372 -2.136510
v -27.422970 -1.719899 -2.150048
v -27.433164 -1.770425 -2.163587
v -27.443358 -1.820951 -2.177125
v -27.453552 -1.871477 -2.190664
v -27.463745 -1.922003 -2.204202
v -27.371344 -1.552107 -1.766229
v -27.473282 -2.057367 -1.901614
v -27.372002 -1.552630 -1.763781
v -27.373798 -1.552766 -1.761923
v -27.376252 -1.552477 -1.761152
v -27.478189 -2.057738 -1.896536
v -27.475735 -2.058026 -1.897307
v -27.473939 -2.057891 -1.899166
v -27.382196 -1.603156 -1.777320
v -27.392389 -1.653682 -1.790858
v -27.402583 -1.704208 -1.804397
v -27.412777 -1.754734 -1.817935
v -27.422970 -1.805260 -1.831473
v -27.433164 -1.855786 -1.845012
v -27.443358 -1.906313 -1.858550
v -27.453552 -1.956839 -1.872089
v -27.463745 -2.007365 -1.885627
v -27.383992 -1.603292 -1.775461
v -27.394186 -1.653818 -1.789000
v -27.404379 -1.704344 -1.802538
v -27.414573 -1.754870 -1.816077
v -27.424767 -1.805396 -1.829615
v -27.434961 -1.855922 -1.843154
v -27.445154 -1.906448 -1.856692
v -27.455348 -1.956974 -1.870230
v -27.465542 -2.007500 -1.883769
v -27.522475 -2.049414 -1.896894
v -27.522795 -2.051628 -1.895593
v -27.523231 -2.054179 -1.895583
v -27.520679 -2.053973 -1.895528
v -27.518568 -2.052573 -1.895152
v -27.521851 -2.049198 -1.896836
v -27.520463 -2.050825 -1.895378
v -27.521519 -2.051525 -1.895565
v -27.522133 -2.049386 -1.896887
v -27.523231 -1.967523 -2.218987
v -27.522795 -1.965319 -2.217703
v -27.522475 -1.964052 -2.215469
v -27.518568 -1.965917 -2.218557
v -27.520679 -1.967317 -2.218932
v -27.522133 -1.964024 -2.215462
v -27.521519 -1.965215 -2.217675
v -27.520463 -1.964516 -2.217488
v -27.521851 -1.963837 -2.215411
v -27.481866 -1.981730 -2.222794
v -27.488243 -1.991113 -2.225308
v -27.496896 -1.998607 -2.227316
v -27.507246 -2.003710 -2.228683
v -27.518604 -2.006083 -2.229319
v -27.530213 -2.005567 -2.229181
v -27.476591 -1.983509 -2.218094
v -27.482146 -1.992764 -2.220574
v -27.489675 -2.000611 -2.222677
v -27.498807 -2.006664 -2.224299
v -27.509094 -2.010627 -2.225361
v -27.520033 -2.012306 -2.225810
v -27.531085 -2.011617 -2.225626
v -27.530968 -2.010332 -2.227870
v -27.530649 -2.008118 -2.229171
v -27.520149 -2.008773 -2.229347
v -27.520064 -2.011012 -2.228052
v -27.509757 -2.007178 -2.228919
v -27.509272 -2.009357 -2.227608
v -27.499984 -2.003414 -2.227911
v -27.499122 -2.005447 -2.226561
v -27.491309 -1.997663 -2.226370
v -27.490112 -1.999474 -2.224960
v -27.484157 -1.990208 -2.224372
v -27.482685 -1.991733 -2.222886
v -27.478879 -1.981416 -2.222016
v -27.477204 -1.982602 -2.220439
v -27.476591 -2.067577 -1.904349
v -27.482146 -2.076832 -1.906829
v -27.489675 -2.084679 -1.908932
v -27.498807 -2.090732 -1.910554
v -27.509094 -2.094695 -1.911615
v -27.520033 -2.096373 -1.912065
v -27.531085 -2.095684 -1.911881
v -27.520033 -2.054340 -2.068938
v -27.509094 -2.052661 -2.068488
v -27.498807 -2.048698 -2.067426
v -27.489675 -2.042645 -2.065804
v -27.482146 -2.034798 -2.063702
v -27.476591 -2.025543 -2.061222
v -27.481866 -2.068386 -1.899390
v -27.488243 -2.077769 -1.901904
v -27.496896 -2.085263 -1.903912
v -27.507246 -2.090366 -1.905279
v -27.518604 -2.092739 -1.905915
v -27.530213 -2.092223 -1.905777
v -27.530649 -2.094427 -1.907061
v -27.530968 -2.095694 -1.909295
v -27.520064 -2.096374 -1.909477
v -27.520149 -2.095082 -1.907236
v -27.509272 -2.094718 -1.909034
v -27.509757 -2.093488 -1.906809
v -27.499122 -2.090809 -1.907986
v -27.499984 -2.089723 -1.905800
v -27.490112 -2.084836 -1.906386
v -27.491309 -2.083972 -1.904259
v -27.482685 -2.077095 -1.904311
v -27.484157 -2.076518 -1.902262
v -27.477204 -2.067963 -1.901865
v -27.478879 -2.067725 -1.899906
v -27.780117 -2.005301 -1.885074
v -27.780436 -2.007515 -1.883773
v -27.780873 -2.010066 -1.883763
v -27.574323 -2.042805 -1.893229
v -27.625851 -2.033983 -1.890865
v -27.677380 -2.025160 -1.888501
v -27.728908 -2.016338 -1.886137
v -27.574004 -2.040591 -1.894530
v -27.625532 -2.031769 -1.892166
v -27.677060 -2.022946 -1.889802
v -27.728589 -2.014124 -1.887438
v -27.780873 -1.923411 -2.207167
v -27.780436 -1.921206 -2.205883
v -27.780117 -1.919939 -2.203649
v -27.574004 -1.955229 -2.213105
v -27.625532 -1.946407 -2.210741
v -27.677060 -1.937584 -2.208377
v -27.728589 -1.928762 -2.206013
v -27.574323 -1.956496 -2.215339
v -27.625851 -1.947674 -2.212975
v -27.677380 -1.938851 -2.210611
v -27.728908 -1.930029 -2.208247
v -27.787854 -1.961455 -2.217361
v -27.788727 -1.967504 -2.213806
v -27.788610 -1.966220 -2.216050
v -27.788290 -1.964006 -2.217351
v -27.582177 -1.999296 -2.226807
v -27.633705 -1.990473 -2.224443
v -27.685234 -1.981651 -2.222079
v -27.736762 -1.972828 -2.219715
v -27.582497 -2.001510 -2.225506
v -27.634025 -1.992687 -2.223142
v -27.685553 -1.983865 -2.220778
v -27.737082 -1.975042 -2.218414
v -27.788727 -2.051572 -1.900061
v -27.787854 -2.048110 -1.893957
v -27.788290 -2.050315 -1.895241
v -27.788610 -2.051582 -1.897475
v -27.582497 -2.086872 -1.906931
v -27.634025 -2.078049 -1.904567
v -27.685553 -2.069227 -1.902203
v -27.737082 -2.060404 -1.899839
v -27.582177 -2.085605 -1.904697
v -27.633705 -2.076782 -1.902333
v -27.685234 -2.067960 -1.899969
v -27.736762 -2.059137 -1.897605
v -27.780670 -2.004664 -1.884903
v -27.782500 -2.005138 -1.883136
v -27.785000 -2.005311 -1.882489
v -27.784469 -2.007477 -1.883069
v -27.782988 -2.009183 -1.883526
v -27.780400 -2.005183 -1.885042
v -27.781494 -2.007074 -1.883654
v -27.782234 -2.006221 -1.883426
v -27.780599 -2.004954 -1.884981
v -27.785000 -1.918655 -2.205893
v -27.782500 -1.918828 -2.205246
v -27.780670 -1.919302 -2.203478
v -27.782988 -1.922527 -2.206931
v -27.784469 -1.920821 -2.206474
v -27.780599 -1.919592 -2.203556
v -27.782234 -1.919912 -2.205536
v -27.781494 -1.920765 -2.205765
v -27.780400 -1.919821 -2.203617
v -27.797855 -1.958554 -2.216584
v -27.806894 -1.953505 -2.215231
v -27.814485 -1.946580 -2.213376
v -27.820220 -1.938151 -2.211117
v -27.823789 -1.928673 -2.208577
v -27.825000 -1.918655 -2.205893
v -27.799838 -1.964281 -2.212942
v -27.809882 -1.958671 -2.211439
v -27.818317 -1.950977 -2.209377
v -27.824688 -1.941611 -2.206868
v -27.828654 -1.931080 -2.204046
v -27.829330 -1.919302 -2.203478
v -27.827500 -1.918828 -2.205246
v -27.826221 -1.929403 -2.208079
v -27.828002 -1.930284 -2.206421
v -27.822454 -1.939408 -2.210760
v -27.824090 -1.940674 -2.209205
v -27.816401 -1.948305 -2.213144
v -27.817803 -1.949914 -2.211681
v -27.808388 -1.955615 -2.215103
v -27.809482 -1.957506 -2.213715
v -27.798847 -1.960944 -2.216531
v -27.799573 -1.963040 -2.215198
v -27.799838 -2.048349 -1.899197
v -27.809882 -2.042739 -1.897694
v -27.818317 -2.035044 -1.895632
v -27.824688 -2.025679 -1.893123
v -27.828654 -2.015148 -1.890301
v -27.828654 -1.973114 -2.047173
v -27.824688 -1.983645 -2.049995
v -27.818317 -1.993011 -2.052505
v -27.809882 -2.000705 -2.054566
v -27.799838 -2.006315 -2.056070
v -27.797855 -2.045210 -1.893180
v -27.806894 -2.040161 -1.891827
v -27.814485 -2.033236 -1.889971
v -27.820220 -2.024807 -1.887713
v -27.823789 -2.015329 -1.885173
v -27.825000 -2.005311 -1.882489
v -27.827500 -2.005138 -1.883136
v -27.829330 -2.004664 -1.884903
v -27.828002 -2.015646 -1.887846
v -27.826221 -2.015712 -1.885969
v -27.824090 -2.026036 -1.890630
v -27.822454 -2.025717 -1.888650
v -27.817803 -2.035276 -1.893106
v -27.816401 -2.034614 -1.891034
v -27.809482 -2.042867 -1.895140
v -27.808388 -2.041924 -1.892993
v -27.799573 -2.048402 -1.896623
v -27.798847 -2.047253 -1.894421
v -27.781206 -1.995242 -1.881597
v -27.782748 -1.997609 -1.880980
v -27.785000 -1.999462 -1.880922
v -27.780000 -1.386693 -2.084157
v -27.780000 -1.483750 -1.721934
v -27.785000 -1.912807 -2.204326
v -27.782748 -1.911230 -2.203349
v -27.781206 -1.909490 -2.201631
v -27.820000 -1.914101 -2.204673
v -27.790000 -1.914101 -2.204673
v -27.788264 -1.913954 -2.204633
v -27.786580 -1.913518 -2.204517
v -27.825000 -1.912807 -2.204326
v -27.823420 -1.913518 -2.204517
v -27.821736 -1.913954 -2.204633
v -27.828794 -1.909490 -2.201631
v -27.827252 -1.911230 -2.203349
v -27.830000 -1.483750 -1.721934
v -27.830000 -1.386693 -2.084157
v -27.825000 -1.999462 -1.880922
v -27.827252 -1.997609 -1.880980
v -27.828794 -1.995242 -1.881597
v -27.790000 -2.000757 -1.881268
v -27.820000 -2.000757 -1.881268
v -27.821736 -2.000610 -1.881229
v -27.823420 -2.000174 -1.881112
v -27.786580 -2.000174 -1.881112
v -27.788264 -2.000610 -1.881229
v -27.379247 -1.458005 -2.072109
v -27.408693 -1.452462 -2.070624
v -27.408693 -1.533941 -1.766538
v -27.379247 -1.539484 -1.768023
v -27.790000 -1.474090 -1.719346
v -27.790000 -1.377033 -2.081568
v -27.820000 -1.377033 -2.081568
v -27.820000 -1.474090 -1.719346
v -27.820000 -1.486338 -1.712275
v -27.820000 -1.998886 -1.849612
v -27.790000 -1.998886 -1.849612
v -27.790000 -1.486338 -1.712275
v -27.790000 -2.005957 -1.861859
v -27.820000 -2.005957 -1.861859
v -27.820000 -1.908900 -2.224082
v -27.790000 -1.908900 -2.224082
v -27.790000 -1.896653 -2.231153
v -27.820000 -1.896653 -2.231153
v -27.820000 -1.384104 -2.093816
v -27.790000 -1.384104 -2.093816
v -27.781340 -1.897947 -2.226323
v -27.785000 -1.896999 -2.229859
v -27.785000 -1.384451 -2.092522
v -27.781340 -1.385399 -2.088986
v -27.781340 -1.795437 -2.198856
v -27.781340 -1.692927 -2.171388
v -27.781340 -1.590418 -2.143921
v -27.781340 -1.487908 -2.116454
v -27.785000 -1.794490 -2.202391
v -27.785000 -1.691980 -2.174924
v -27.785000 -1.589470 -2.147456
v -27.785000 -1.486961 -2.119989
v -27.790000 -1.901829 -2.231153
v -27.790000 -1.906312 -2.228565
v -27.820000 -1.906312 -2.228565
v -27.820000 -1.901829 -2.231153
v -27.785000 -1.378327 -2.081915
v -27.781340 -1.381863 -2.082862
v -27.790000 -1.379622 -2.091228
v -27.790000 -1.377033 -2.086745
v -27.782500 -1.380742 -2.087045
v -27.785670 -1.377680 -2.084330
v -27.785670 -1.379922 -2.090107
v -27.787500 -1.377207 -2.086098
v -27.825000 -1.896999 -2.229859
v -27.828660 -1.897947 -2.226323
v -27.828660 -1.385399 -2.088986
v -27.825000 -1.384451 -2.092522
v -27.825000 -1.794490 -2.202391
v -27.825000 -1.691980 -2.174924
v -27.825000 -1.589470 -2.147456
v -27.825000 -1.486961 -2.119989
v -27.828660 -1.795437 -2.198856
v -27.828660 -1.692927 -2.171388
v -27.828660 -1.590418 -2.143921
v -27.828660 -1.487908 -2.116454
v -27.820000 -1.379622 -2.091228
v -27.820000 -1.377033 -2.086745
v -27.785000 -1.475385 -1.719693
v -27.781340 -1.478920 -1.720640
v -27.781340 -1.406127 -1.992307
v -27.781340 -1.430392 -1.901751
v -27.781340 -1.454656 -1.811196
v -27.785000 -1.402592 -1.991360
v -27.785000 -1.426856 -1.900804
v -27.785000 -1.451120 -1.810249
v -27.828660 -1.381863 -2.082862
v -27.825000 -1.378327 -2.081915
v -27.824330 -1.379922 -2.090107
v -27.822500 -1.377207 -2.086098
v -27.827500 -1.380742 -2.087045
v -27.824330 -1.377680 -2.084330
v -27.790000 -1.476679 -1.714863
v -27.790000 -1.481162 -1.712275
v -27.785000 -1.485991 -1.713569
v -27.781340 -1.485044 -1.717105
v -27.785670 -1.480861 -1.713396
v -27.787500 -1.476505 -1.715510
v -27.782500 -1.480041 -1.716458
v -27.785670 -1.476032 -1.717278
v -27.785000 -1.998539 -1.850906
v -27.781340 -1.997592 -1.854442
v -27.785000 -1.896030 -1.823439
v -27.785000 -1.793520 -1.795971
v -27.785000 -1.691010 -1.768504
v -27.785000 -1.588501 -1.741037
v -27.781340 -1.895082 -1.826974
v -27.781340 -1.792573 -1.799507
v -27.781340 -1.690063 -1.772040
v -27.781340 -1.587553 -1.744572
v -27.828660 -1.478920 -1.720640
v -27.825000 -1.475385 -1.719693
v -27.825000 -1.402592 -1.991360
v -27.825000 -1.426856 -1.900804
v -27.825000 -1.451120 -1.810249
v -27.828660 -1.406127 -1.992307
v -27.828660 -1.430392 -1.901751
v -27.828660 -1.454656 -1.811196
v -27.820000 -1.476679 -1.714863
v -27.820000 -1.481162 -1.712275
v -27.790000 -2.005957 -1.856683
v -27.790000 -2.003369 -1.852200
v -27.820000 -2.003369 -1.852200
v -27.820000 -2.005957 -1.856683
v -27.828660 -1.485044 -1.717105
v -27.825000 -1.485991 -1.713569
v -27.824330 -1.477799 -1.715164
v -27.822500 -1.481809 -1.712449
v -27.827500 -1.480861 -1.715984
v -27.824330 -1.483576 -1.712922
v -27.828660 -1.997592 -1.854442
v -27.825000 -1.998539 -1.850906
v -27.828660 -1.895082 -1.826974
v -27.828660 -1.792573 -1.799507
v -27.828660 -1.690063 -1.772040
v -27.828660 -1.587553 -1.744572
v -27.825000 -1.896030 -1.823439
v -27.825000 -1.793520 -1.795971
v -27.825000 -1.691010 -1.768504
v -27.825000 -1.588501 -1.741037
v -27.375636 -1.541408 -1.766558
v -27.372867 -1.544483 -1.765703
v -27.371360 -1.548239 -1.765587
v -27.371360 -1.464369 -2.078597
v -27.372867 -1.461173 -2.076619
v -27.375636 -1.458938 -2.074341
v -27.374596 -1.514950 -1.868363
v -27.374596 -1.486927 -1.972945
v -27.371703 -1.519096 -1.869475
v -27.371703 -1.491074 -1.974056
v -27.375894 -1.462320 -2.082830
v -27.376337 -1.459605 -2.079859
v -27.377514 -1.458089 -2.076094
v -27.375052 -1.463128 -2.083236
v -27.372618 -1.463618 -2.081927
v -27.371578 -1.464371 -2.080509
v -27.372427 -1.461781 -2.078797
v -27.373413 -1.460405 -2.077488
v -27.376054 -1.458603 -2.074760
v -27.373361 -1.461104 -2.079913
v -27.374229 -1.459850 -2.078377
v -27.376514 -1.458342 -2.075200
v -27.374183 -1.463194 -2.082941
v -27.374627 -1.460787 -2.080851
v -27.375240 -1.459579 -2.079194
v -27.377006 -1.458173 -2.075649
v -27.376757 -1.458246 -2.075424
v -27.374716 -1.459677 -2.078800
v -27.373964 -1.460897 -2.080414
v -27.373355 -1.463358 -2.082500
v -27.377260 -1.458124 -2.075874
v -27.375786 -1.459556 -2.079549
v -27.375320 -1.460775 -2.081210
v -27.377514 -1.541550 -1.764615
v -27.376337 -1.544744 -1.762112
v -27.375894 -1.548582 -1.760896
v -27.371316 -1.549203 -1.764814
v -27.372618 -1.549254 -1.762328
v -27.374183 -1.549394 -1.761238
v -27.374627 -1.546265 -1.761845
v -27.375240 -1.544390 -1.762675
v -27.377006 -1.541400 -1.765042
v -27.373361 -1.546070 -1.762815
v -27.374229 -1.544216 -1.763518
v -27.376514 -1.541322 -1.765516
v -27.371578 -1.549197 -1.763933
v -27.372427 -1.546099 -1.764121
v -27.373413 -1.544252 -1.764565
v -27.376054 -1.541328 -1.766027
v -27.376279 -1.541315 -1.765768
v -27.373791 -1.544208 -1.764023
v -27.372843 -1.546056 -1.763438
v -27.372016 -1.549214 -1.763087
v -27.375840 -1.541362 -1.766292
v -27.373104 -1.544345 -1.765131
v -27.372123 -1.546192 -1.764834
v -27.414408 -1.455070 -2.080888
v -27.412723 -1.452755 -2.078023
v -27.410717 -1.451839 -2.074419
v -27.410717 -1.535300 -1.762941
v -27.412723 -1.537895 -1.760277
v -27.414408 -1.541332 -1.758954
v -27.418942 -1.455412 -2.076197
v -27.416194 -1.453017 -2.074433
v -27.412595 -1.451981 -2.072476
v -27.419257 -1.455792 -2.077330
v -27.417827 -1.455108 -2.079646
v -27.416321 -1.455262 -2.080815
v -27.414834 -1.453219 -2.078823
v -27.413666 -1.452346 -2.077256
v -27.411175 -1.451741 -2.073926
v -27.416030 -1.453072 -2.077761
v -27.414622 -1.452246 -2.076340
v -27.411649 -1.451729 -2.073428
v -27.418926 -1.455459 -2.078121
v -27.417034 -1.453385 -2.076547
v -27.415493 -1.452484 -2.075366
v -27.412127 -1.451813 -2.072941
v -27.411888 -1.451759 -2.073182
v -27.415074 -1.452324 -2.075854
v -27.416567 -1.453173 -2.077162
v -27.418444 -1.455223 -2.078908
v -27.412363 -1.451890 -2.072706
v -27.415868 -1.452718 -2.074888
v -27.417418 -1.453693 -2.075941
v -27.412595 -1.534451 -1.764694
v -27.416194 -1.536327 -1.763517
v -27.418942 -1.539283 -1.763187
v -27.415521 -1.541867 -1.758908
v -27.417827 -1.540744 -1.760048
v -27.418926 -1.540285 -1.761545
v -27.417034 -1.537702 -1.761871
v -27.415493 -1.536331 -1.762443
v -27.412127 -1.534538 -1.764208
v -27.416030 -1.538039 -1.760663
v -27.414622 -1.536613 -1.761481
v -27.411649 -1.534708 -1.763744
v -27.416321 -1.541462 -1.759113
v -27.414834 -1.538696 -1.759817
v -27.413666 -1.537157 -1.760737
v -27.411175 -1.534968 -1.763319
v -27.411410 -1.534828 -1.763526
v -27.414149 -1.536855 -1.761076
v -27.415445 -1.538333 -1.760185
v -27.417105 -1.541080 -1.759495
v -27.410943 -1.535129 -1.763124
v -27.413187 -1.537507 -1.760470
v -27.414222 -1.539111 -1.759565
v -27.413857 -1.479537 -1.970965
v -27.413857 -1.507559 -1.866383
v -27.418150 -1.482331 -1.971714
v -27.418150 -1.510353 -1.867132
v -27.785000 -1.907606 -2.223735
v -27.781340 -1.904070 -2.222788
v -27.785670 -1.902129 -2.230032
v -27.787500 -1.906485 -2.227917
v -27.782500 -1.902950 -2.226970
v -27.785670 -1.906959 -2.226150
v -27.828660 -1.904070 -2.222788
v -27.825000 -1.907606 -2.223735
v -27.827500 -1.902950 -2.226970
v -27.824330 -1.906959 -2.226150
v -27.824330 -1.902129 -2.230032
v -27.822500 -1.906485 -2.227917
v -27.781340 -2.001128 -1.860565
v -27.785000 -2.004663 -1.861513
v -27.782500 -2.002248 -1.856383
v -27.785670 -2.005310 -1.859098
v -27.785670 -2.003069 -1.853321
v -27.787500 -2.005784 -1.857330
v -27.825000 -2.004663 -1.861513
v -27.828660 -2.001128 -1.860565
v -27.824330 -2.005310 -1.859098
v -27.827500 -2.002248 -1.856383
v -27.824330 -2.003069 -1.853321
v -27.822500 -2.005784 -1.857330
vt 0.410777 0.015119 0.000000
vt 0.460560 0.015119 0.000000
vt 0.410668 0.030856 0.000000
vt 0.460668 0.030856 0.000000
vt 0.460668 0.055183 0.000000
vt 0.410986 0.000000 0.000000
vt 0.460351 -0.000000 0.000000
vt 0.410777 -0.015119 0.000000
vt 0.460560 -0.015119 0.000000
vt 0.460668 -0.030856 0.000000
vt 0.410668 -0.030856 0.000000
vt 0.410668 -0.055183 0.000000
vt 0.460668 -0.055183 0.000000
vt 0.410668 -0.079510 0.000000
vt 0.460668 -0.079510 0.000000
vt 0.410668 -0.103837 0.000000
vt 0.460668 -0.103837 0.000000
vt 0.410668 -0.128163 0.000000
vt 0.460668 -0.128163 0.000000
vt 0.410668 -0.152490 0.000000
vt 0.460668 -0.152490 0.000000
vt 0.410668 -0.176817 0.000000
vt 0.460668 -0.176817 0.000000
vt 0.410668 -0.201144 0.000000
vt 0.460668 -0.201144 0.000000
vt 0.410668 -0.225471 0.000000
vt 0.460668 -0.225471 0.000000
vt 0.410668 -0.249798 0.000000
vt 0.460668 -0.249798 0.000000
vt 0.410668 -0.274124 0.000000
vt 0.460668 -0.274124 0.000000
vt 0.410668 -0.298451 0.000000
vt 0.460668 -0.298451 0.000000
vt 0.410668 -0.322778 0.000000
vt 0.460668 -0.322778 0.000000
vt 0.410668 -0.347105 0.000000
vt 0.460668 -0.347105 0.000000
vt 0.410668 -0.371432 0.000000
vt 0.460668 -0.371432 0.000000
vt 0.410668 -0.395759 0.000000
vt 0.460668 -0.395759 0.000000
vt 0.410668 -0.420086 0.000000
vt 0.460668 -0.420086 0.000000
vt 0.410668 -0.444412 0.000000
vt 0.460668 -0.444412 0.000000
vt 0.410668 -0.468739 0.000000
vt 0.460668 -0.468739 0.000000
vt 0.410668 -0.493066 0.000000
vt 0.460668 -0.493066 0.000000
vt 0.410668 -0.517393 0.000000
vt 0.460668 -0.517393 0.000000
vt 0.410668 -0.541720 0.000000
vt 0.460668 -0.541720 0.000000
vt 0.410668 -0.566047 0.000000
vt 0.460668 -0.566047 0.000000
vt 0.410777 -0.581783 0.000000
vt 0.460560 -0.581783 0.000000
vt 0.460351 -0.596903 0.000000
vt 0.410986 -0.596903 0.000000
vt 0.460351 0.596903 0.000000
vt 0.410986 0.596903 0.000000
vt 0.460560 0.581783 0.000000
vt 0.410777 0.581783 0.000000
vt 0.410668 0.566047 0.000000
vt 0.460668 0.566047 0.000000
vt 0.410668 0.541720 0.000000
vt 0.460668 0.541720 0.000000
vt 0.410668 0.517393 0.000000
vt 0.460668 0.517393 0.000000
vt 0.410668 0.493066 0.000000
vt 0.460668 0.493066 0.000000
vt 0.410668 0.468739 0.000000
vt 0.460668 0.468739 0.000000
vt 0.410668 0.444412 0.000000
vt 0.460668 0.444412 0.000000
vt 0.410668 0.420086 0.000000
vt 0.460668 0.420086 0.000000
vt 0.410668 0.395759 0.000000
vt 0.460668 0.395759 0.000000
vt 0.410668 0.371432 0.000000
vt 0.460668 0.371432 0.000000
vt 0.410668 0.347105 0.000000
vt 0.460668 0.347105 0.000000
vt 0.410668 0.322778 0.000000
vt 0.460668 0.322778 0.000000
vt 0.410668 0.298451 0.000000
vt 0.460668 0.298451 0.000000
vt 0.410668 0.274124 0.000000
vt 0.460668 0.274124 0.000000
vt 0.410668 0.249798 0.000000
vt 0.460668 0.249798 0.000000
vt 0.410668 0.225471 0.000000
vt 0.460668 0.225471 0.000000
vt 0.410668 0.201144 0.000000
vt 0.460668 0.201144 0.000000
vt 0.410668 0.176817 0.000000
vt 0.460668 0.176817 0.000000
vt 0.410668 0.152490 0.000000
vt 0.460668 0.152490 0.000000
vt 0.410668 0.128163 0.000000
vt 0.460668 0.128163 0.000000
vt 0.410668 0.103837 0.000000
vt 0.460668 0.103837 0.000000
vt 0.410668 0.079510 0.000000
vt 0.460668 0.079510 0.000000
vt 0.410668 0.055183 0.000000
vt 0.324813 -0.540629 0.000000
vt 0.186667 -0.479074 0.000000
vt 0.324813 -0.555344 0.000000
vt 0.162406 -0.480629 0.000000
vt -0.000000 -0.555344 0.000000
vt 0.138146 -0.479074 0.000000
vt 0.000000 -0.540629 0.000000
vt 0.114283 -0.474433 0.000000
vt 0.091207 -0.466784 0.000000
vt 0.349906 -0.540629 0.000000
vt 0.275901 -0.443007 0.000000
vt 0.255515 -0.456251 0.000000
vt 0.233606 -0.466784 0.000000
vt 0.349906 -0.321349 0.000000
vt 0.344449 -0.345039 0.000000
vt 0.336012 -0.367838 0.000000
vt 0.324732 -0.389373 0.000000
vt 0.310795 -0.409292 0.000000
vt 0.294429 -0.427268 0.000000
vt 0.210530 -0.474433 0.000000
vt 0.069297 -0.456251 0.000000
vt 0.048912 -0.443007 0.000000
vt -0.025094 -0.540629 0.000000
vt 0.030384 -0.427268 0.000000
vt 0.014018 -0.409292 0.000000
vt 0.000081 -0.389373 0.000000
vt -0.011199 -0.367838 0.000000
vt -0.019636 -0.345039 0.000000
vt -0.025094 -0.321349 0.000000
vt -0.349906 -0.321349 0.000000
vt -0.349906 -0.540629 0.000000
vt -0.344449 -0.345039 0.000000
vt -0.336012 -0.367838 0.000000
vt -0.324732 -0.389373 0.000000
vt -0.310795 -0.409292 0.000000
vt -0.294429 -0.427268 0.000000
vt -0.275901 -0.443007 0.000000
vt -0.324813 -0.540629 0.000000
vt -0.255515 -0.456251 0.000000
vt -0.233606 -0.466784 0.000000
vt -0.210530 -0.474433 0.000000
vt -0.186667 -0.479074 0.000000
vt -0.324813 -0.555344 0.000000
vt -0.162406 -0.480629 0.000000
vt -0.000000 -0.555344 0.000000
vt -0.138146 -0.479074 0.000000
vt -0.000000 -0.540629 0.000000
vt -0.114283 -0.474433 0.000000
vt -0.091207 -0.466784 0.000000
vt -0.069297 -0.456251 0.000000
vt -0.048912 -0.443007 0.000000
vt 0.025094 -0.540629 0.000000
vt -0.030384 -0.427268 0.000000
vt -0.014018 -0.409292 0.000000
vt -0.000081 -0.389373 0.000000
vt 0.011199 -0.367838 0.000000
vt 0.019636 -0.345039 0.000000
vt 0.025094 -0.321349 0.000000
vt -0.532924 0.007854 0.000000
vt -0.266462 0.005236 0.000000
vt -0.000000 0.007854 0.000000
vt -0.213170 0.005236 0.000000
vt -0.159877 0.005236 0.000000
vt -0.159877 0.002618 0.000000
vt -0.106585 0.002618 0.000000
vt -0.000000 -0.000000 0.000000
vt -0.053292 0.002618 0.000000
vt -0.000000 0.002618 0.000000
vt -0.053292 0.005236 0.000000
vt -0.000000 0.005236 0.000000
vt -0.532924 0.005236 0.000000
vt -0.479632 0.005236 0.000000
vt -0.426340 0.005236 0.000000
vt -0.373047 0.005236 0.000000
vt -0.373047 0.002618 0.000000
vt -0.319755 0.002618 0.000000
vt -0.532924 -0.000000 0.000000
vt -0.266462 0.002618 0.000000
vt -0.213170 0.002618 0.000000
vt -0.479632 0.002618 0.000000
vt -0.532924 0.002618 0.000000
vt -0.426340 0.002618 0.000000
vt -0.319755 0.005236 0.000000
vt -0.106585 0.005236 0.000000
vt -0.532924 -0.000000 0.000000
vt -0.000000 -0.324813 0.000000
vt -0.532924 -0.324813 0.000000
vt -0.532924 0.000000 0.000000
vt -0.266462 -0.002618 0.000000
vt -0.000000 0.000000 0.000000
vt -0.213170 -0.002618 0.000000
vt -0.159877 -0.002618 0.000000
vt -0.159877 -0.005236 0.000000
vt -0.106585 -0.005236 0.000000
vt 0.000000 -0.007854 0.000000
vt -0.053292 -0.005236 0.000000
vt 0.000000 -0.005236 0.000000
vt -0.053292 -0.002618 0.000000
vt -0.000000 -0.002618 0.000000
vt -0.532924 -0.002618 0.000000
vt -0.479632 -0.002618 0.000000
vt -0.426340 -0.002618 0.000000
vt -0.373047 -0.002618 0.000000
vt -0.373047 -0.005236 0.000000
vt -0.319755 -0.005236 0.000000
vt -0.532924 -0.007854 0.000000
vt -0.266462 -0.005236 0.000000
vt -0.213170 -0.005236 0.000000
vt -0.479632 -0.005236 0.000000
vt -0.532924 -0.005236 0.000000
vt -0.426340 -0.005236 0.000000
vt -0.319755 -0.002618 0.000000
vt -0.106585 -0.002618 0.000000
vt 0.039261 0.007651 0.000000
vt -0.062676 0.530736 0.000000
vt 0.000000 0.000000 0.000000
vt -0.101937 0.523084 0.000000
vt -0.532924 -0.007854 0.000000
vt -0.266462 -0.010472 0.000000
vt -0.000000 -0.007854 0.000000
vt -0.213170 -0.010472 0.000000
vt -0.159877 -0.010472 0.000000
vt -0.159877 -0.013090 0.000000
vt -0.106585 -0.013090 0.000000
vt 0.000000 -0.015708 0.000000
vt -0.053292 -0.013090 0.000000
vt 0.000000 -0.013090 0.000000
vt -0.053292 -0.010472 0.000000
vt -0.000000 -0.010472 0.000000
vt -0.532924 -0.010472 0.000000
vt -0.479632 -0.010472 0.000000
vt -0.426340 -0.010472 0.000000
vt -0.373047 -0.010472 0.000000
vt -0.373047 -0.013090 0.000000
vt -0.319755 -0.013090 0.000000
vt -0.532924 -0.015708 0.000000
vt -0.266462 -0.013090 0.000000
vt -0.213170 -0.013090 0.000000
vt -0.479632 -0.013090 0.000000
vt -0.532924 -0.013090 0.000000
vt -0.426340 -0.013090 0.000000
vt -0.319755 -0.010472 0.000000
vt -0.106585 -0.010472 0.000000
vt -0.000000 -0.324813 0.000000
vt 0.532924 -0.324813 0.000000
vt 0.000000 0.000000 0.000000
vt 0.532924 -0.000000 0.000000
vt -0.532924 -0.015708 0.000000
vt -0.266462 -0.018326 0.000000
vt -0.000000 -0.015708 0.000000
vt -0.213170 -0.018326 0.000000
vt -0.159877 -0.018326 0.000000
vt -0.159877 -0.020944 0.000000
vt -0.106585 -0.020944 0.000000
vt 0.000000 -0.023562 0.000000
vt -0.053292 -0.020944 0.000000
vt -0.000000 -0.020944 0.000000
vt -0.053292 -0.018326 0.000000
vt -0.000000 -0.018326 0.000000
vt -0.532924 -0.018326 0.000000
vt -0.479632 -0.018326 0.000000
vt -0.426340 -0.018326 0.000000
vt -0.373047 -0.018326 0.000000
vt -0.373047 -0.020944 0.000000
vt -0.319755 -0.020944 0.000000
vt -0.532924 -0.023562 0.000000
vt -0.266462 -0.020944 0.000000
vt -0.213170 -0.020944 0.000000
vt -0.479632 -0.020944 0.000000
vt -0.532924 -0.020944 0.000000
vt -0.426340 -0.020944 0.000000
vt -0.319755 -0.018326 0.000000
vt -0.106585 -0.018326 0.000000
vt 0.101937 0.523084 0.000000
vt 0.062676 0.530736 0.000000
vt 0.000000 0.000000 0.000000
vt -0.039261 0.007651 0.000000
vt -0.007854 -0.000282 0.000000
vt -0.010472 -0.000282 0.000000
vt -0.007854 -0.001040 0.000000
vt -0.010472 -0.001040 0.000000
vt -0.007854 -0.001799 0.000000
vt -0.010472 -0.001799 0.000000
vt -0.007854 -0.002557 0.000000
vt -0.010472 -0.002557 0.000000
vt -0.013090 -0.001799 0.000000
vt -0.013090 -0.002557 0.000000
vt -0.015708 -0.001799 0.000000
vt -0.013090 -0.000282 0.000000
vt -0.013090 -0.001040 0.000000
vt -0.015708 -0.000282 0.000000
vt -0.015708 -0.001040 0.000000
vt 0.007854 -0.002557 0.000000
vt 0.010472 -0.002557 0.000000
vt 0.007854 -0.001799 0.000000
vt 0.010472 -0.001799 0.000000
vt 0.007854 -0.001040 0.000000
vt 0.010472 -0.001040 0.000000
vt 0.007854 -0.000282 0.000000
vt 0.010472 -0.000282 0.000000
vt 0.013090 -0.001040 0.000000
vt 0.013090 -0.000282 0.000000
vt 0.015708 -0.001040 0.000000
vt 0.013090 -0.002557 0.000000
vt 0.013090 -0.001799 0.000000
vt 0.015708 -0.002557 0.000000
vt 0.015708 -0.001799 0.000000
vt 0.000000 0.000000 0.000000
vt -0.006981 0.039386 0.000000
vt -0.011608 -0.000534 0.000000
vt -0.009533 0.039600 0.000000
vt -0.022967 0.001923 0.000000
vt -0.033317 0.007206 0.000000
vt -0.041969 0.014964 0.000000
vt -0.011645 0.041049 0.000000
vt -0.048346 0.024678 0.000000
vt -0.052023 0.035702 0.000000
vt -0.012762 0.043353 0.000000
vt 0.005236 -0.084754 0.000000
vt 0.007854 -0.084754 0.000000
vt 0.005236 -0.073981 0.000000
vt 0.007854 -0.072185 0.000000
vt 0.005236 -0.063208 0.000000
vt 0.007854 -0.059617 0.000000
vt 0.005236 -0.052434 0.000000
vt 0.007854 -0.047048 0.000000
vt 0.005236 -0.041661 0.000000
vt 0.007854 -0.034479 0.000000
vt 0.005236 -0.030888 0.000000
vt 0.007854 -0.021910 0.000000
vt 0.005236 -0.020115 0.000000
vt 0.007854 -0.009341 0.000000
vt 0.005236 -0.009341 0.000000
vt 0.002618 -0.009341 0.000000
vt 0.002618 -0.020115 0.000000
vt 0.002618 -0.030888 0.000000
vt 0.002618 -0.041661 0.000000
vt 0.002618 -0.052434 0.000000
vt 0.002618 -0.063208 0.000000
vt 0.002618 -0.073981 0.000000
vt 0.002618 -0.084754 0.000000
vt -0.000000 -0.073981 0.000000
vt -0.000000 -0.084754 0.000000
vt -0.000000 -0.009341 0.000000
vt -0.000000 -0.020115 0.000000
vt -0.000000 -0.030888 0.000000
vt -0.000000 -0.041661 0.000000
vt -0.000000 -0.052434 0.000000
vt -0.000000 -0.063208 0.000000
vt -0.162406 -0.087312 0.000000
vt 0.162406 -0.087312 0.000000
vt 0.000000 -0.076213 0.000000
vt 0.162406 -0.076213 0.000000
vt 0.000000 -0.065115 0.000000
vt 0.162406 -0.065115 0.000000
vt 0.000000 -0.054017 0.000000
vt 0.162406 -0.054017 0.000000
vt 0.000000 -0.042918 0.000000
vt 0.162406 -0.042918 0.000000
vt 0.000000 -0.031820 0.000000
vt 0.162406 -0.031820 0.000000
vt 0.000000 -0.020722 0.000000
vt 0.162406 -0.020722 0.000000
vt 0.162406 -0.009623 0.000000
vt -0.162406 -0.009623 0.000000
vt -0.162406 -0.020722 0.000000
vt -0.162406 -0.031820 0.000000
vt -0.162406 -0.042918 0.000000
vt -0.162406 -0.054017 0.000000
vt -0.162406 -0.065115 0.000000
vt -0.162406 -0.076213 0.000000
vt -0.002618 -0.084754 0.000000
vt 0.000000 -0.084754 0.000000
vt -0.002618 -0.073981 0.000000
vt 0.000000 -0.073981 0.000000
vt -0.002618 -0.063208 0.000000
vt 0.000000 -0.063208 0.000000
vt -0.002618 -0.052434 0.000000
vt 0.000000 -0.052434 0.000000
vt -0.002618 -0.041661 0.000000
vt -0.000000 -0.041661 0.000000
vt -0.002618 -0.030888 0.000000
vt 0.000000 -0.030888 0.000000
vt -0.002618 -0.020115 0.000000
vt -0.000000 -0.020115 0.000000
vt -0.002618 -0.009341 0.000000
vt 0.000000 -0.009341 0.000000
vt -0.005236 -0.009341 0.000000
vt -0.005236 -0.020115 0.000000
vt -0.005236 -0.030888 0.000000
vt -0.005236 -0.041661 0.000000
vt -0.005236 -0.052434 0.000000
vt -0.005236 -0.063208 0.000000
vt -0.005236 -0.073981 0.000000
vt -0.005236 -0.084754 0.000000
vt -0.007854 -0.084754 0.000000
vt -0.007854 -0.072185 0.000000
vt -0.007854 -0.059617 0.000000
vt -0.007854 -0.047048 0.000000
vt -0.007854 -0.034479 0.000000
vt -0.007854 -0.021910 0.000000
vt -0.007854 -0.009341 0.000000
vt 0.000000 -0.000000 0.000000
vt 0.011608 -0.000534 0.000000
vt 0.006981 0.039386 0.000000
vt 0.009533 0.039600 0.000000
vt 0.022967 0.001923 0.000000
vt 0.033317 0.007206 0.000000
vt 0.041969 0.014964 0.000000
vt 0.011645 0.041049 0.000000
vt 0.048346 0.024678 0.000000
vt 0.052023 0.035702 0.000000
vt 0.012762 0.043353 0.000000
vt -0.261658 0.005236 0.000000
vt -0.209326 0.005236 0.000000
vt -0.261658 0.007854 0.000000
vt -0.156995 0.005236 0.000000
vt -0.104663 0.005236 0.000000
vt -0.104663 0.002618 0.000000
vt -0.052332 0.002618 0.000000
vt -0.000000 0.000000 0.000000
vt 0.000000 0.002618 0.000000
vt -0.209326 0.002618 0.000000
vt -0.261658 0.002618 0.000000
vt -0.261658 0.000000 0.000000
vt -0.156995 0.002618 0.000000
vt -0.052332 0.005236 0.000000
vt -0.000000 0.005236 0.000000
vt 0.000000 0.007854 0.000000
vt -0.261658 -0.000000 0.000000
vt 0.000000 -0.324813 0.000000
vt -0.261658 -0.324813 0.000000
vt -0.261658 0.000000 0.000000
vt -0.104663 -0.002618 0.000000
vt -0.000000 0.000000 0.000000
vt -0.052332 -0.002618 0.000000
vt 0.000000 -0.002618 0.000000
vt -0.000000 -0.005236 0.000000
vt -0.052332 -0.005236 0.000000
vt -0.000000 -0.007854 0.000000
vt -0.104663 -0.005236 0.000000
vt -0.156995 -0.005236 0.000000
vt -0.156995 -0.002618 0.000000
vt -0.209326 -0.002618 0.000000
vt -0.261658 -0.002618 0.000000
vt -0.209326 -0.005236 0.000000
vt -0.261658 -0.005236 0.000000
vt -0.261658 -0.007854 0.000000
vt -0.006981 0.039386 0.000000
vt -0.264623 -0.006283 0.000000
vt 0.000000 -0.000000 0.000000
vt -0.257642 -0.045669 0.000000
vt -0.261658 -0.007854 0.000000
vt -0.104663 -0.010472 0.000000
vt 0.000000 -0.007854 0.000000
vt -0.052332 -0.010472 0.000000
vt 0.000000 -0.010472 0.000000
vt 0.000000 -0.013090 0.000000
vt -0.052332 -0.013090 0.000000
vt 0.000000 -0.015708 0.000000
vt -0.104663 -0.013090 0.000000
vt -0.156995 -0.013090 0.000000
vt -0.156995 -0.010472 0.000000
vt -0.209326 -0.010472 0.000000
vt -0.261658 -0.010472 0.000000
vt -0.209326 -0.013090 0.000000
vt -0.261658 -0.013090 0.000000
vt -0.261658 -0.015708 0.000000
vt -0.000000 -0.324813 0.000000
vt 0.261658 -0.324813 0.000000
vt -0.000000 -0.000000 0.000000
vt 0.261658 0.000000 0.000000
vt -0.261658 -0.015708 0.000000
vt -0.104663 -0.018326 0.000000
vt 0.000000 -0.015708 0.000000
vt -0.052332 -0.018326 0.000000
vt 0.000000 -0.018326 0.000000
vt 0.000000 -0.020944 0.000000
vt -0.052332 -0.020944 0.000000
vt 0.000000 -0.023562 0.000000
vt -0.104663 -0.020944 0.000000
vt -0.156995 -0.020944 0.000000
vt -0.156995 -0.018326 0.000000
vt -0.209326 -0.018326 0.000000
vt -0.261658 -0.018326 0.000000
vt -0.209326 -0.020944 0.000000
vt -0.261658 -0.020944 0.000000
vt -0.261658 -0.023562 0.000000
vt -0.045669 -0.257642 0.000000
vt -0.006283 -0.264623 0.000000
vt -0.000000 0.000000 0.000000
vt 0.039386 -0.006981 0.000000
vt -0.007854 -0.002557 0.000000
vt -0.010472 -0.002557 0.000000
vt -0.007854 -0.003238 0.000000
vt -0.010472 -0.003238 0.000000
vt -0.007854 -0.003920 0.000000
vt -0.010472 -0.003920 0.000000
vt -0.007854 -0.004601 0.000000
vt -0.010472 -0.004601 0.000000
vt -0.013090 -0.003920 0.000000
vt -0.013090 -0.004601 0.000000
vt -0.015708 -0.003920 0.000000
vt -0.013090 -0.002557 0.000000
vt -0.013090 -0.003238 0.000000
vt -0.015708 -0.002557 0.000000
vt -0.015708 -0.003238 0.000000
vt 0.007854 -0.004601 0.000000
vt 0.010472 -0.004601 0.000000
vt 0.007854 -0.003920 0.000000
vt 0.010472 -0.003920 0.000000
vt 0.007854 -0.003238 0.000000
vt 0.010472 -0.003238 0.000000
vt 0.007854 -0.002557 0.000000
vt 0.010472 -0.002557 0.000000
vt 0.013090 -0.003238 0.000000
vt 0.013090 -0.002557 0.000000
vt 0.015708 -0.003238 0.000000
vt 0.013090 -0.004601 0.000000
vt 0.013090 -0.003920 0.000000
vt 0.015708 -0.004601 0.000000
vt 0.015708 -0.003920 0.000000
vt -0.000000 0.000000 0.000000
vt -0.040000 0.000000 0.000000
vt -0.001211 -0.010371 0.000000
vt -0.040531 -0.002243 0.000000
vt -0.004780 -0.020184 0.000000
vt -0.010515 -0.028910 0.000000
vt -0.042012 -0.004009 0.000000
vt -0.018106 -0.036079 0.000000
vt -0.027145 -0.041306 0.000000
vt -0.044127 -0.004923 0.000000
vt -0.037146 -0.044309 0.000000
vt 0.005236 -0.152479 0.000000
vt 0.007854 -0.152479 0.000000
vt 0.005236 -0.141191 0.000000
vt 0.007854 -0.141191 0.000000
vt 0.005236 -0.129904 0.000000
vt 0.007854 -0.129904 0.000000
vt 0.005236 -0.118617 0.000000
vt 0.007854 -0.118617 0.000000
vt 0.005236 -0.107329 0.000000
vt 0.007854 -0.107329 0.000000
vt 0.005236 -0.096042 0.000000
vt 0.007854 -0.096042 0.000000
vt 0.005236 -0.084754 0.000000
vt 0.007854 -0.084754 0.000000
vt 0.002618 -0.084754 0.000000
vt 0.002618 -0.096042 0.000000
vt 0.002618 -0.107329 0.000000
vt 0.002618 -0.118617 0.000000
vt 0.002618 -0.129904 0.000000
vt 0.002618 -0.141191 0.000000
vt 0.002618 -0.152479 0.000000
vt -0.000000 -0.141191 0.000000
vt 0.000000 -0.152479 0.000000
vt 0.000000 -0.084754 0.000000
vt 0.000000 -0.096042 0.000000
vt -0.000000 -0.107329 0.000000
vt -0.000000 -0.118617 0.000000
vt -0.000000 -0.129904 0.000000
vt -0.162406 -0.157080 0.000000
vt 0.162406 -0.157080 0.000000
vt 0.000000 -0.145452 0.000000
vt 0.162406 -0.145452 0.000000
vt 0.000000 -0.133824 0.000000
vt 0.162406 -0.133824 0.000000
vt 0.000000 -0.122196 0.000000
vt 0.162406 -0.122196 0.000000
vt 0.000000 -0.110568 0.000000
vt 0.162406 -0.110568 0.000000
vt 0.000000 -0.098940 0.000000
vt 0.162406 -0.098940 0.000000
vt 0.162406 -0.087312 0.000000
vt -0.162406 -0.087312 0.000000
vt -0.162406 -0.098940 0.000000
vt -0.162406 -0.110568 0.000000
vt -0.162406 -0.122196 0.000000
vt -0.162406 -0.133824 0.000000
vt -0.162406 -0.145452 0.000000
vt -0.002618 -0.152479 0.000000
vt 0.000000 -0.152479 0.000000
vt -0.002618 -0.141191 0.000000
vt -0.000000 -0.141191 0.000000
vt -0.002618 -0.129904 0.000000
vt -0.000000 -0.129904 0.000000
vt -0.002618 -0.118617 0.000000
vt -0.000000 -0.118617 0.000000
vt -0.002618 -0.107329 0.000000
vt -0.000000 -0.107329 0.000000
vt -0.002618 -0.096042 0.000000
vt -0.000000 -0.096042 0.000000
vt -0.002618 -0.084754 0.000000
vt 0.000000 -0.084754 0.000000
vt -0.005236 -0.084754 0.000000
vt -0.005236 -0.096042 0.000000
vt -0.005236 -0.107329 0.000000
vt -0.005236 -0.118617 0.000000
vt -0.005236 -0.129904 0.000000
vt -0.005236 -0.141191 0.000000
vt -0.005236 -0.152479 0.000000
vt -0.007854 -0.141191 0.000000
vt -0.007854 -0.152479 0.000000
vt -0.007854 -0.084754 0.000000
vt -0.007854 -0.096042 0.000000
vt -0.007854 -0.107329 0.000000
vt -0.007854 -0.118617 0.000000
vt -0.007854 -0.129904 0.000000
vt 0.000000 0.000000 0.000000
vt 0.001211 -0.010371 0.000000
vt 0.040000 0.000000 0.000000
vt 0.040531 -0.002243 0.000000
vt 0.004780 -0.020184 0.000000
vt 0.010515 -0.028910 0.000000
vt 0.042012 -0.004009 0.000000
vt 0.018106 -0.036079 0.000000
vt 0.027145 -0.041306 0.000000
vt 0.037146 -0.044309 0.000000
vt 0.044127 -0.004923 0.000000
vt -0.555344 0.000000 0.000000
vt -0.540629 0.000000 0.000000
vt -0.555344 0.002618 0.000000
vt -0.545388 0.003545 0.000000
vt -0.555344 0.005236 0.000000
vt -0.547514 0.005518 0.000000
vt -0.555344 0.007854 0.000000
vt -0.549289 0.007854 0.000000
vt -0.025094 -0.010000 0.000000
vt 0.162406 -0.100629 0.000000
vt 0.349906 -0.010000 0.000000
vt 0.186667 -0.102184 0.000000
vt 0.210530 -0.106824 0.000000
vt -0.025094 -0.259908 0.000000
vt -0.019636 -0.236219 0.000000
vt -0.011199 -0.213420 0.000000
vt 0.000081 -0.191885 0.000000
vt 0.014018 -0.171966 0.000000
vt 0.030384 -0.153990 0.000000
vt 0.048912 -0.138251 0.000000
vt 0.069297 -0.125007 0.000000
vt 0.091207 -0.114474 0.000000
vt 0.114283 -0.106824 0.000000
vt 0.138146 -0.102184 0.000000
vt 0.233606 -0.114474 0.000000
vt 0.255515 -0.125007 0.000000
vt 0.275901 -0.138251 0.000000
vt 0.294429 -0.153990 0.000000
vt 0.310795 -0.171966 0.000000
vt 0.324732 -0.191885 0.000000
vt 0.336012 -0.213420 0.000000
vt 0.344449 -0.236219 0.000000
vt 0.349906 -0.259908 0.000000
vt -0.549289 -0.007854 0.000000
vt -0.547514 -0.005518 0.000000
vt -0.555344 -0.007854 0.000000
vt -0.555344 -0.005236 0.000000
vt -0.545388 -0.003545 0.000000
vt -0.555344 -0.002618 0.000000
vt -0.540629 0.000000 0.000000
vt -0.555344 0.000000 0.000000
vt -0.003264 -0.550477 0.000000
vt -0.005000 -0.550629 0.000000
vt -0.000000 -0.555344 0.000000
vt -0.035000 -0.550629 0.000000
vt -0.040000 -0.555344 0.000000
vt -0.036736 -0.550477 0.000000
vt -0.038420 -0.550026 0.000000
vt -0.040000 -0.549289 0.000000
vt -0.000000 -0.549289 0.000000
vt -0.001580 -0.550026 0.000000
vt -0.555344 -0.015708 0.000000
vt -0.540629 -0.015708 0.000000
vt -0.555344 -0.013090 0.000000
vt -0.545388 -0.012163 0.000000
vt -0.555344 -0.010472 0.000000
vt -0.547514 -0.010190 0.000000
vt -0.555344 -0.007854 0.000000
vt -0.549289 -0.007854 0.000000
vt -0.349906 -0.259908 0.000000
vt -0.344449 -0.236219 0.000000
vt -0.349906 -0.010000 0.000000
vt -0.336012 -0.213420 0.000000
vt -0.324732 -0.191885 0.000000
vt -0.310795 -0.171966 0.000000
vt -0.294429 -0.153990 0.000000
vt -0.275901 -0.138251 0.000000
vt -0.255515 -0.125007 0.000000
vt -0.233606 -0.114474 0.000000
vt -0.210530 -0.106824 0.000000
vt -0.186667 -0.102184 0.000000
vt -0.162406 -0.100629 0.000000
vt 0.025094 -0.010000 0.000000
vt -0.138146 -0.102184 0.000000
vt -0.114283 -0.106824 0.000000
vt -0.091207 -0.114474 0.000000
vt -0.069297 -0.125007 0.000000
vt -0.048912 -0.138251 0.000000
vt -0.030384 -0.153990 0.000000
vt -0.014018 -0.171966 0.000000
vt -0.000081 -0.191885 0.000000
vt 0.011199 -0.213420 0.000000
vt 0.019636 -0.236219 0.000000
vt 0.025094 -0.259908 0.000000
vt -0.549289 0.007854 0.000000
vt -0.547514 0.010190 0.000000
vt -0.555344 0.007854 0.000000
vt -0.555344 0.010472 0.000000
vt -0.545388 0.012163 0.000000
vt -0.555344 0.013090 0.000000
vt -0.540629 0.015708 0.000000
vt -0.555344 0.015708 0.000000
vt 0.036736 -0.550477 0.000000
vt 0.035000 -0.550629 0.000000
vt 0.040000 -0.555344 0.000000
vt 0.005000 -0.550629 0.000000
vt 0.000000 -0.555344 0.000000
vt 0.003264 -0.550477 0.000000
vt 0.001580 -0.550026 0.000000
vt 0.000000 -0.549289 0.000000
vt 0.040000 -0.549289 0.000000
vt 0.038420 -0.550026 0.000000
vt -0.319813 0.005000 0.000000
vt -0.005000 0.005000 0.000000
vt -0.319813 0.035000 0.000000
vt -0.005000 0.035000 0.000000
vt -0.025094 0.005000 0.000000
vt 0.349906 0.005000 0.000000
vt -0.025094 0.035000 0.000000
vt 0.349906 0.035000 0.000000
vt 0.540629 0.717656 0.000000
vt 0.010000 0.717656 0.000000
vt 0.540629 0.687656 0.000000
vt 0.010000 0.687656 0.000000
vt 0.364906 0.687656 0.000000
vt 0.385000 0.687656 0.000000
vt 0.364906 0.717656 0.000000
vt 0.385000 0.717656 0.000000
vt 0.010000 0.687656 0.000000
vt 0.030094 0.687656 0.000000
vt 0.010000 0.717656 0.000000
vt 0.030094 0.717656 0.000000
vt -0.010000 0.717656 0.000000
vt -0.540629 0.717656 0.000000
vt -0.010000 0.687656 0.000000
vt -0.540629 0.687656 0.000000
vt 0.229279 -0.015708 0.000000
vt 0.010000 -0.015708 0.000000
vt 0.244902 -0.017537 0.000000
vt 0.116126 -0.020944 0.000000
vt 0.222252 -0.020944 0.000000
vt 0.222252 -0.026180 0.000000
vt 0.328377 -0.026180 0.000000
vt 0.540629 -0.031416 0.000000
vt 0.434503 -0.026180 0.000000
vt 0.540629 -0.026180 0.000000
vt 0.434503 -0.020944 0.000000
vt 0.540629 -0.020944 0.000000
vt 0.540629 -0.015708 0.000000
vt 0.010000 -0.020944 0.000000
vt 0.116126 -0.026180 0.000000
vt 0.010000 -0.031416 0.000000
vt 0.010000 -0.026180 0.000000
vt 0.290721 -0.015708 0.000000
vt 0.328377 -0.020944 0.000000
vt 0.275098 -0.017537 0.000000
vt 0.260000 -0.018235 0.000000
vt -0.717656 -0.031416 0.000000
vt -0.687656 -0.031416 0.000000
vt -0.717656 -0.026180 0.000000
vt -0.687656 -0.026180 0.000000
vt -0.717656 -0.020944 0.000000
vt -0.687656 -0.020944 0.000000
vt -0.717656 -0.015708 0.000000
vt -0.687656 -0.015708 0.000000
vt -0.015708 -0.018512 0.000000
vt -0.010472 -0.022214 0.000000
vt -0.010472 -0.018512 0.000000
vt -0.005236 -0.022214 0.000000
vt -0.005236 -0.018512 0.000000
vt 0.000000 -0.022214 0.000000
vt -0.000000 -0.018512 0.000000
vt -0.005236 -0.014810 0.000000
vt -0.000000 -0.014810 0.000000
vt -0.005236 -0.011107 0.000000
vt 0.000000 -0.011107 0.000000
vt -0.010472 -0.011107 0.000000
vt -0.010472 -0.014810 0.000000
vt -0.015708 -0.011107 0.000000
vt -0.015708 -0.014810 0.000000
vt -0.540629 -0.031416 0.000000
vt -0.222252 -0.036652 0.000000
vt -0.010000 -0.031416 0.000000
vt -0.116126 -0.036652 0.000000
vt -0.010000 -0.036652 0.000000
vt -0.010000 -0.041888 0.000000
vt -0.116126 -0.041888 0.000000
vt -0.010000 -0.047124 0.000000
vt -0.222252 -0.041888 0.000000
vt -0.290629 -0.044597 0.000000
vt -0.328377 -0.041888 0.000000
vt -0.305727 -0.045295 0.000000
vt -0.434503 -0.041888 0.000000
vt -0.321349 -0.047124 0.000000
vt -0.540629 -0.047124 0.000000
vt -0.540629 -0.041888 0.000000
vt -0.540629 -0.036652 0.000000
vt -0.434503 -0.036652 0.000000
vt -0.328377 -0.036652 0.000000
vt -0.275531 -0.045295 0.000000
vt -0.259908 -0.047124 0.000000
vt -0.035000 -0.031416 0.000000
vt -0.005000 -0.031416 0.000000
vt -0.035000 -0.026180 0.000000
vt -0.005000 -0.026180 0.000000
vt -0.035000 -0.020944 0.000000
vt -0.005000 -0.020944 0.000000
vt -0.035000 -0.015708 0.000000
vt -0.005000 -0.015708 0.000000
vt 0.349906 0.005236 0.000000
vt 0.256156 0.005236 0.000000
vt 0.349906 -0.000000 0.000000
vt 0.162406 0.005236 0.000000
vt -0.025094 -0.000000 0.000000
vt 0.068656 0.005236 0.000000
vt -0.025094 0.005236 0.000000
vt -0.025094 0.010472 0.000000
vt 0.068656 0.010472 0.000000
vt -0.025094 0.015708 0.000000
vt 0.162406 0.010472 0.000000
vt 0.349906 0.015708 0.000000
vt 0.256156 0.010472 0.000000
vt 0.349906 0.010472 0.000000
vt -0.015708 -0.007405 0.000000
vt -0.010472 -0.011107 0.000000
vt -0.010472 -0.007405 0.000000
vt -0.005236 -0.011107 0.000000
vt -0.005236 -0.007405 0.000000
vt -0.000000 -0.011107 0.000000
vt 0.000000 -0.007405 0.000000
vt -0.005236 -0.003702 0.000000
vt 0.000000 -0.003702 0.000000
vt -0.005236 -0.000000 0.000000
vt 0.000000 0.000000 0.000000
vt -0.010472 0.000000 0.000000
vt -0.010472 -0.003702 0.000000
vt -0.015708 0.000000 0.000000
vt -0.015708 -0.003702 0.000000
vt -0.015708 -0.018512 0.000000
vt -0.010472 -0.022214 0.000000
vt -0.010472 -0.018512 0.000000
vt -0.005236 -0.022214 0.000000
vt -0.005236 -0.018512 0.000000
vt 0.000000 -0.022214 0.000000
vt 0.000000 -0.018512 0.000000
vt -0.005236 -0.014810 0.000000
vt -0.000000 -0.014810 0.000000
vt -0.005236 -0.011107 0.000000
vt -0.000000 -0.011107 0.000000
vt -0.010472 -0.011107 0.000000
vt -0.010472 -0.014810 0.000000
vt -0.015708 -0.011107 0.000000
vt -0.015708 -0.014810 0.000000
vt -0.010000 -0.031416 0.000000
vt -0.328377 -0.026180 0.000000
vt -0.540629 -0.031416 0.000000
vt -0.434503 -0.026180 0.000000
vt -0.540629 -0.026180 0.000000
vt -0.540629 -0.020944 0.000000
vt -0.434503 -0.020944 0.000000
vt -0.540629 -0.015708 0.000000
vt -0.275098 -0.017537 0.000000
vt -0.290721 -0.015708 0.000000
vt -0.010000 -0.026180 0.000000
vt -0.116126 -0.026180 0.000000
vt -0.222252 -0.026180 0.000000
vt -0.328377 -0.020944 0.000000
vt -0.116126 -0.020944 0.000000
vt -0.010000 -0.020944 0.000000
vt -0.010000 -0.015708 0.000000
vt -0.229279 -0.015708 0.000000
vt -0.244902 -0.017537 0.000000
vt -0.222252 -0.020944 0.000000
vt -0.260000 -0.018235 0.000000
vt -0.349906 -0.036652 0.000000
vt -0.256156 -0.036652 0.000000
vt -0.349906 -0.031416 0.000000
vt -0.162406 -0.036652 0.000000
vt 0.025094 -0.031416 0.000000
vt -0.068656 -0.036652 0.000000
vt 0.025094 -0.036652 0.000000
vt 0.025094 -0.041888 0.000000
vt -0.068656 -0.041888 0.000000
vt 0.025094 -0.047124 0.000000
vt -0.162406 -0.041888 0.000000
vt -0.349906 -0.047124 0.000000
vt -0.256156 -0.041888 0.000000
vt -0.349906 -0.041888 0.000000
vt -0.717656 0.015708 0.000000
vt -0.687656 0.015708 0.000000
vt -0.717656 0.020944 0.000000
vt -0.687656 0.020944 0.000000
vt -0.717656 0.026180 0.000000
vt -0.687656 0.026180 0.000000
vt -0.717656 0.031416 0.000000
vt -0.687656 0.031416 0.000000
vt -0.717656 -0.015708 0.000000
vt -0.687656 -0.015708 0.000000
vt -0.717656 -0.010472 0.000000
vt -0.687656 -0.010472 0.000000
vt -0.717656 -0.005236 0.000000
vt -0.687656 -0.005236 0.000000
vt -0.717656 0.000000 0.000000
vt -0.687656 0.000000 0.000000
vt -0.015708 -0.007405 0.000000
vt -0.010472 -0.011107 0.000000
vt -0.010472 -0.007405 0.000000
vt -0.005236 -0.011107 0.000000
vt -0.005236 -0.007405 0.000000
vt -0.000000 -0.011107 0.000000
vt -0.000000 -0.007405 0.000000
vt -0.005236 -0.003702 0.000000
vt 0.000000 -0.003702 0.000000
vt -0.005236 0.000000 0.000000
vt 0.000000 0.000000 0.000000
vt -0.010472 0.000000 0.000000
vt -0.010472 -0.003702 0.000000
vt -0.015708 0.000000 0.000000
vt -0.015708 -0.003702 0.000000
vt 0.321349 0.015708 0.000000
vt 0.540629 0.015708 0.000000
vt 0.305727 0.017537 0.000000
vt 0.434503 0.020944 0.000000
vt 0.328377 0.020944 0.000000
vt 0.328377 0.026180 0.000000
vt 0.222252 0.026180 0.000000
vt 0.010000 0.031416 0.000000
vt 0.116126 0.026180 0.000000
vt 0.010000 0.026180 0.000000
vt 0.116126 0.020944 0.000000
vt 0.010000 0.020944 0.000000
vt 0.275531 0.017537 0.000000
vt 0.010000 0.015708 0.000000
vt 0.259908 0.015708 0.000000
vt 0.540629 0.020944 0.000000
vt 0.434503 0.026180 0.000000
vt 0.540629 0.031416 0.000000
vt 0.540629 0.026180 0.000000
vt 0.222252 0.020944 0.000000
vt 0.290629 0.018235 0.000000
vt 0.003087 -0.005852 0.000000
vt 0.108271 -0.007161 0.000000
vt 0.005000 -0.001925 0.000000
vt 0.216542 -0.007161 0.000000
vt 0.321726 -0.005852 0.000000
vt 0.323348 -0.009779 0.000000
vt 0.216542 -0.012397 0.000000
vt 0.324432 -0.013706 0.000000
vt 0.324813 -0.017633 0.000000
vt 0.108271 -0.012397 0.000000
vt 0.000381 -0.013706 0.000000
vt 0.001464 -0.009779 0.000000
vt 0.000000 -0.017633 0.000000
vt 0.319813 -0.001925 0.000000
vt 0.076606 0.005359 0.000000
vt 0.076606 0.004019 0.000000
vt 0.080864 0.005356 0.000000
vt 0.080862 0.004019 0.000000
vt 0.085118 0.004019 0.000000
vt 0.074456 0.004019 0.000000
vt 0.072346 0.005356 0.000000
vt 0.071275 0.004019 0.000000
vt 0.068094 0.005359 0.000000
vt 0.068094 0.003531 0.000000
vt 0.071275 0.002679 0.000000
vt 0.068094 0.001828 0.000000
vt 0.071275 0.002010 0.000000
vt 0.071275 0.001340 0.000000
vt 0.074456 0.001340 0.000000
vt 0.074456 0.000670 0.000000
vt 0.076606 0.000670 0.000000
vt 0.076606 0.000000 0.000000
vt 0.080864 0.000003 0.000000
vt 0.071275 0.000670 0.000000
vt 0.068094 0.000000 0.000000
vt 0.072346 0.000003 0.000000
vt 0.080862 0.000670 0.000000
vt 0.085118 0.000003 0.000000
vt 0.085118 0.000670 0.000000
vt 0.080862 0.001340 0.000000
vt 0.085118 0.001340 0.000000
vt 0.080862 0.002010 0.000000
vt 0.085118 0.002010 0.000000
vt 0.080862 0.002679 0.000000
vt 0.085118 0.002679 0.000000
vt 0.074456 0.002679 0.000000
vt 0.074456 0.002010 0.000000
vt 0.076606 0.002679 0.000000
vt 0.076606 0.002010 0.000000
vt 0.076606 0.001340 0.000000
vt 0.072346 0.005356 0.000000
vt 0.068094 0.005359 0.000000
vt 0.071275 0.004019 0.000000
vt 0.068094 0.003531 0.000000
vt 0.071275 0.002679 0.000000
vt 0.068094 0.001828 0.000000
vt 0.071275 0.002010 0.000000
vt 0.071275 0.001340 0.000000
vt 0.074456 0.001340 0.000000
vt 0.074456 0.000670 0.000000
vt 0.076606 0.000670 0.000000
vt 0.076606 0.000000 0.000000
vt 0.080864 0.000003 0.000000
vt 0.071275 0.000670 0.000000
vt 0.068094 0.000000 0.000000
vt 0.072346 0.000003 0.000000
vt 0.080862 0.000670 0.000000
vt 0.085118 0.000003 0.000000
vt 0.076606 0.005359 0.000000
vt 0.076606 0.004019 0.000000
vt 0.080864 0.005356 0.000000
vt 0.080862 0.004019 0.000000
vt 0.085118 0.004019 0.000000
vt 0.074456 0.004019 0.000000
vt 0.085118 0.000670 0.000000
vt 0.080862 0.001340 0.000000
vt 0.085118 0.001340 0.000000
vt 0.080862 0.002010 0.000000
vt 0.085118 0.002010 0.000000
vt 0.080862 0.002679 0.000000
vt 0.085118 0.002679 0.000000
vt 0.074456 0.002679 0.000000
vt 0.074456 0.002010 0.000000
vt 0.076606 0.002679 0.000000
vt 0.076606 0.002010 0.000000
vt 0.076606 0.001340 0.000000
vt -0.005000 -0.000000 0.000000
vt -0.035000 -0.000000 0.000000
vt -0.003087 -0.003927 0.000000
vt -0.036913 -0.003927 0.000000
vt -0.038536 -0.007854 0.000000
vt -0.001464 -0.007854 0.000000
vt -0.039619 -0.011781 0.000000
vt -0.000381 -0.011781 0.000000
vt 0.000000 -0.015708 0.000000
vt -0.040000 -0.015708 0.000000
vt 0.000000 0.015708 0.000000
vt 0.040000 0.015708 0.000000
vt 0.000381 0.019635 0.000000
vt 0.039619 0.019635 0.000000
vt 0.038536 0.023562 0.000000
vt 0.001464 0.023562 0.000000
vt 0.036913 0.027489 0.000000
vt 0.003087 0.027489 0.000000
vt 0.005000 0.031416 0.000000
vt 0.035000 0.031416 0.000000
vt 0.076606 0.005359 0.000000
vt 0.076606 0.004019 0.000000
vt 0.080864 0.005356 0.000000
vt 0.080862 0.004019 0.000000
vt 0.085118 0.004019 0.000000
vt 0.074456 0.004019 0.000000
vt 0.072346 0.005356 0.000000
vt 0.071275 0.004019 0.000000
vt 0.068094 0.005359 0.000000
vt 0.068094 0.003531 0.000000
vt 0.071275 0.002679 0.000000
vt 0.068094 0.001828 0.000000
vt 0.071275 0.002010 0.000000
vt 0.071275 0.001340 0.000000
vt 0.074456 0.001340 0.000000
vt 0.074456 0.000670 0.000000
vt 0.076606 0.000670 0.000000
vt 0.076606 0.000000 0.000000
vt 0.080864 0.000003 0.000000
vt 0.071275 0.000670 0.000000
vt 0.068094 0.000000 0.000000
vt 0.072346 0.000003 0.000000
vt 0.080862 0.000670 0.000000
vt 0.085118 0.000003 0.000000
vt 0.085118 0.000670 0.000000
vt 0.080862 0.001340 0.000000
vt 0.085118 0.001340 0.000000
vt 0.080862 0.002010 0.000000
vt 0.085118 0.002010 0.000000
vt 0.080862 0.002679 0.000000
vt 0.085118 0.002679 0.000000
vt 0.074456 0.002679 0.000000
vt 0.074456 0.002010 0.000000
vt 0.076606 0.002679 0.000000
vt 0.076606 0.002010 0.000000
vt 0.076606 0.001340 0.000000
vt 0.072346 0.005356 0.000000
vt 0.068094 0.005359 0.000000
vt 0.071275 0.004019 0.000000
vt 0.068094 0.003531 0.000000
vt 0.071275 0.002679 0.000000
vt 0.068094 0.001828 0.000000
vt 0.071275 0.002010 0.000000
vt 0.071275 0.001340 0.000000
vt 0.074456 0.001340 0.000000
vt 0.074456 0.000670 0.000000
vt 0.076606 0.000670 0.000000
vt 0.076606 0.000000 0.000000
vt 0.080864 0.000003 0.000000
vt 0.071275 0.000670 0.000000
vt 0.068094 0.000000 0.000000
vt 0.072346 0.000003 0.000000
vt 0.080862 0.000670 0.000000
vt 0.085118 0.000003 0.000000
vt 0.076606 0.005359 0.000000
vt 0.076606 0.004019 0.000000
vt 0.080864 0.005356 0.000000
vt 0.080862 0.004019 0.000000
vt 0.085118 0.004019 0.000000
vt 0.074456 0.004019 0.000000
vt 0.085118 0.000670 0.000000
vt 0.080862 0.001340 0.000000
vt 0.085118 0.001340 0.000000
vt 0.080862 0.002010 0.000000
vt 0.085118 0.002010 0.000000
vt 0.080862 0.002679 0.000000
vt 0.085118 0.002679 0.000000
vt 0.074456 0.002679 0.000000
vt 0.074456 0.002010 0.000000
vt 0.076606 0.002679 0.000000
vt 0.076606 0.002010 0.000000
vt 0.076606 0.001340 0.000000
vt -0.321726 -0.033418 0.000000
vt -0.216542 -0.034727 0.000000
vt -0.319813 -0.029491 0.000000
vt -0.108271 -0.034727 0.000000
vt -0.003087 -0.033418 0.000000
vt -0.001464 -0.037345 0.000000
vt -0.108271 -0.039963 0.000000
vt -0.000381 -0.041272 0.000000
vt -0.000000 -0.045199 0.000000
vt -0.216542 -0.039963 0.000000
vt -0.324432 -0.041272 0.000000
vt -0.323348 -0.037345 0.000000
vt -0.324813 -0.045199 0.000000
vt -0.005000 -0.029491 0.000000
vt -0.030629 -0.023302 0.000000
vt -0.030094 -0.026180 0.000000
vt -0.010000 -0.026180 0.000000
vt -0.030094 -0.027925 0.000000
vt -0.010000 -0.031416 0.000000
vt -0.030094 -0.029671 0.000000
vt -0.030094 -0.031416 0.000000
vt -0.010000 -0.020944 0.000000
vt -0.031839 -0.020668 0.000000
vt -0.010000 -0.015708 0.000000
vt -0.035094 -0.015708 0.000000
vt 0.015708 0.018512 0.000000
vt 0.010472 0.022214 0.000000
vt 0.010472 0.018512 0.000000
vt 0.005236 0.022214 0.000000
vt 0.005236 0.018512 0.000000
vt 0.000000 0.022214 0.000000
vt -0.000000 0.018512 0.000000
vt 0.005236 0.014810 0.000000
vt 0.000000 0.014810 0.000000
vt 0.005236 0.011107 0.000000
vt -0.000000 0.011107 0.000000
vt 0.010472 0.011107 0.000000
vt 0.010472 0.014810 0.000000
vt 0.015708 0.011107 0.000000
vt 0.015708 0.014810 0.000000
vt 0.329813 0.027925 0.000000
vt 0.329813 0.026180 0.000000
vt 0.349906 0.026180 0.000000
vt 0.329277 0.023302 0.000000
vt 0.349906 0.020944 0.000000
vt 0.328068 0.020668 0.000000
vt 0.349906 0.015708 0.000000
vt 0.324813 0.015708 0.000000
vt 0.329813 0.029671 0.000000
vt 0.349906 0.031416 0.000000
vt 0.329813 0.031416 0.000000
vt 0.005236 -0.011107 0.000000
vt 0.000000 -0.011107 0.000000
vt 0.005236 -0.014810 0.000000
vt 0.000000 -0.014810 0.000000
vt 0.005236 -0.018512 0.000000
vt 0.000000 -0.018512 0.000000
vt 0.005236 -0.022214 0.000000
vt -0.000000 -0.022214 0.000000
vt 0.010472 -0.022214 0.000000
vt 0.010472 -0.018512 0.000000
vt 0.010472 -0.014810 0.000000
vt 0.010472 -0.011107 0.000000
vt 0.015708 -0.014810 0.000000
vt 0.015708 -0.022214 0.000000
vt 0.015708 -0.018512 0.000000
vt -0.364906 -0.027925 0.000000
vt -0.364906 -0.026180 0.000000
vt -0.385000 -0.026180 0.000000
vt -0.364371 -0.023302 0.000000
vt -0.385000 -0.020944 0.000000
vt -0.363161 -0.020668 0.000000
vt -0.385000 -0.015708 0.000000
vt -0.359906 -0.015708 0.000000
vt -0.385000 -0.031416 0.000000
vt -0.364906 -0.029671 0.000000
vt -0.364906 -0.031416 0.000000
vt 0.015708 0.007405 0.000000
vt 0.010472 0.011107 0.000000
vt 0.010472 0.007405 0.000000
vt 0.005236 0.011107 0.000000
vt 0.005236 0.007405 0.000000
vt -0.000000 0.011107 0.000000
vt -0.000000 0.007405 0.000000
vt 0.005236 0.003702 0.000000
vt 0.000000 0.003702 0.000000
vt 0.005236 0.000000 0.000000
vt 0.000000 0.000000 0.000000
vt 0.010472 0.000000 0.000000
vt 0.010472 0.003702 0.000000
vt 0.015708 0.000000 0.000000
vt 0.015708 0.003702 0.000000
vt -0.004464 0.023302 0.000000
vt -0.005000 0.026180 0.000000
vt -0.025094 0.026180 0.000000
vt -0.005000 0.027925 0.000000
vt -0.005000 0.029671 0.000000
vt -0.005000 0.031416 0.000000
vt -0.025094 0.031416 0.000000
vt -0.025094 0.020944 0.000000
vt -0.003255 0.020668 0.000000
vt -0.025094 0.015708 0.000000
vt -0.000000 0.015708 0.000000
vt 0.000000 -0.011107 0.000000
vt 0.005236 -0.011107 0.000000
vt -0.000000 -0.007405 0.000000
vt 0.005236 -0.007405 0.000000
vt 0.000000 -0.003702 0.000000
vt 0.005236 -0.003702 0.000000
vt 0.000000 0.000000 0.000000
vt 0.005236 0.000000 0.000000
vt 0.010472 -0.003702 0.000000
vt 0.010472 0.000000 0.000000
vt 0.015708 -0.003702 0.000000
vt 0.010472 -0.011107 0.000000
vt 0.010472 -0.007405 0.000000
vt 0.015708 -0.011107 0.000000
vt 0.015708 -0.007405 0.000000
vn 0.000000 0.181217 -0.983443
vn 0.000000 0.181217 -0.983443
vn 0.000000 0.099236 -0.995064
vn 0.000000 0.099236 -0.995064
vn 0.000000 -0.028633 -0.999590
vn 0.000000 0.258819 -0.965926
vn 0.000000 0.258819 -0.965926
vn 0.000000 0.334783 -0.942295
vn 0.000000 0.334783 -0.942295
vn 0.000000 0.411591 -0.911369
vn 0.000000 0.411591 -0.911369
vn 0.000000 0.524592 -0.851354
vn 0.000000 0.524592 -0.851354
vn 0.000000 0.629004 -0.777402
vn 0.000000 0.629004 -0.777402
vn 0.000000 0.723119 -0.690723
vn 0.000000 0.723119 -0.690723
vn 0.000000 0.805396 -0.592737
vn 0.000000 0.805396 -0.592737
vn 0.000000 0.874488 -0.485047
vn 0.000000 0.874488 -0.485047
vn 0.000000 0.929264 -0.369416
vn 0.000000 0.929264 -0.369416
vn 0.000000 0.968827 -0.247738
vn 0.000000 0.968827 -0.247738
vn 0.000000 0.992530 -0.122004
vn 0.000000 0.992530 -0.122004
vn 0.000000 0.999984 0.005727
vn 0.000000 0.999984 0.005727
vn 0.000000 0.991067 0.133365
vn 0.000000 0.991067 0.133365
vn 0.000000 0.965926 0.258819
vn 0.000000 0.965926 0.258819
vn 0.000000 0.924972 0.380036
vn 0.000000 0.924972 0.380036
vn 0.000000 0.868875 0.495032
vn 0.000000 0.868875 0.495032
vn 0.000000 0.798554 0.601923
vn 0.000000 0.798554 0.601923
vn 0.000000 0.715160 0.698961
vn 0.000000 0.715160 0.698961
vn 0.000000 0.620058 0.784556
vn 0.000000 0.620058 0.784556
vn 0.000000 0.514805 0.857307
vn 0.000000 0.514805 0.857307
vn 0.000000 0.401125 0.916023
vn 0.000000 0.401125 0.916023
vn -0.000000 0.280878 0.959744
vn -0.000000 0.280878 0.959744
vn -0.000000 0.156032 0.987752
vn -0.000000 0.156032 0.987752
vn -0.000000 0.028633 0.999590
vn -0.000000 0.028633 0.999590
vn -0.000000 -0.099236 0.995064
vn -0.000000 -0.099236 0.995064
vn -0.000000 -0.181217 0.983443
vn -0.000000 -0.181217 0.983443
vn -0.000000 -0.258819 0.965926
vn -0.000000 -0.258819 0.965926
vn -0.000000 -0.334783 0.942295
vn -0.000000 -0.334783 0.942295
vn -0.000000 -0.411591 0.911369
vn -0.000000 -0.411591 0.911369
vn -0.000000 -0.524592 0.851354
vn -0.000000 -0.524592 0.851354
vn -0.000000 -0.629004 0.777402
vn -0.000000 -0.629004 0.777402
vn -0.000000 -0.723119 0.690723
vn -0.000000 -0.723119 0.690723
vn -0.000000 -0.805396 0.592737
vn -0.000000 -0.805396 0.592737
vn -0.000000 -0.874488 0.485047
vn -0.000000 -0.874488 0.485047
vn -0.000000 -0.929264 0.369416
vn -0.000000 -0.929264 0.369416
vn -0.000000 -0.968827 0.247738
vn -0.000000 -0.968827 0.247738
vn -0.000000 -0.992530 0.122004
vn -0.000000 -0.992530 0.122004
vn -0.000000 -0.999984 -0.005727
vn -0.000000 -0.999984 -0.005727
vn -0.000000 -0.991067 -0.133365
vn -0.000000 -0.991067 -0.133365
vn -0.000000 -0.965926 -0.258819
vn -0.000000 -0.965926 -0.258819
vn -0.000000 -0.924972 -0.380036
vn -0.000000 -0.924972 -0.380036
vn -0.000000 -0.868875 -0.495032
vn -0.000000 -0.868875 -0.495032
vn -0.000000 -0.798554 -0.601923
vn -0.000000 -0.798554 -0.601923
vn -0.000000 -0.715160 -0.698961
vn -0.000000 -0.715160 -0.698961
vn -0.000000 -0.620058 -0.784556
vn -0.000000 -0.620058 -0.784556
vn -0.000000 -0.514805 -0.857307
vn -0.000000 -0.514805 -0.857307
vn -0.000000 -0.401125 -0.916023
vn -0.000000 -0.401125 -0.916023
vn 0.000000 -0.280878 -0.959744
vn 0.000000 -0.280878 -0.959744
vn 0.000000 -0.156032 -0.987752
vn 0.000000 -0.156032 -0.987752
vn 0.000000 -0.028633 -0.999590
vn 1.000000 -0.000000 0.000000
vn 1.000000 -0.000000 0.000000
vn 1.000000 -0.000000 0.000000
vn 1.000000 -0.000000 0.000000
vn 1.000000 -0.000000 0.000000
vn 1.000000 -0.000000 0.000000
vn 1.000000 -0.000000 0.000000
vn 1.000000 -0.000000 0.000000
vn 1.000000 -0.000000 0.000000
vn 1.000000 -0.000000 0.000000
vn 1.000000 -0.000000 0.000000
vn 1.000000 -0.000000 0.000000
vn 1.000000 -0.000000 0.000000
vn 1.000000 -0.000000 0.000000
vn 1.000000 -0.000000 0.000000
vn 1.000000 -0.000000 0.000000
vn 1.000000 -0.000000 0.000000
vn 1.000000 -0.000000 0.000000
vn 1.000000 -0.000000 0.000000
vn 1.000000 -0.000000 0.000000
vn 1.000000 -0.000000 0.000000
vn 1.000000 -0.000000 0.000000
vn 1.000000 -0.000000 0.000000
vn 1.000000 -0.000000 0.000000
vn 1.000000 -0.000000 0.000000
vn 1.000000 -0.000000 0.000000
vn 1.000000 -0.000000 0.000000
vn 1.000000 -0.000000 0.000000
vn 1.000000 -0.000000 0.000000
vn -1.000000 0.000000 -0.000000
vn -1.000000 0.000000 -0.000000
vn -1.000000 0.000000 -0.000000
vn -1.000000 0.000000 -0.000000
vn -1.000000 0.000000 -0.000000
vn -1.000000 0.000000 -0.000000
vn -1.000000 0.000000 -0.000000
vn -1.000000 0.000000 -0.000000
vn -1.000000 0.000000 -0.000000
vn -1.000000 0.000000 -0.000000
vn -1.000000 0.000000 -0.000000
vn -1.000000 0.000000 -0.000000
vn -1.000000 0.000000 -0.000000
vn -1.000000 0.000000 -0.000000
vn -1.000000 0.000000 -0.000000
vn -1.000000 0.000000 -0.000000
vn -1.000000 0.000000 -0.000000
vn -1.000000 0.000000 -0.000000
vn -1.000000 0.000000 -0.000000
vn -1.000000 0.000000 -0.000000
vn -1.000000 0.000000 -0.000000
vn -1.000000 0.000000 -0.000000
vn -1.000000 0.000000 -0.000000
vn -1.000000 0.000000 -0.000000
vn -1.000000 0.000000 -0.000000
vn -1.000000 0.000000 -0.000000
vn -1.000000 0.000000 -0.000000
vn -1.000000 0.000000 -0.000000
vn -1.000000 0.000000 -0.000000
vn -0.000000 -0.258819 0.965926
vn -0.490768 -0.131763 0.861270
vn -0.000000 -0.258819 0.965926
vn -0.490768 -0.131763 0.861270
vn -0.490768 -0.131763 0.861270
vn -0.850035 0.030598 0.525837
vn -0.850035 0.030598 0.525837
vn -0.981536 0.184761 0.049507
vn -0.850035 0.030598 0.525837
vn -0.850035 0.030598 0.525837
vn -0.490768 -0.131763 0.861270
vn -0.490768 -0.131763 0.861270
vn -0.490768 -0.131763 0.861270
vn -0.490768 -0.131763 0.861270
vn -0.490768 -0.131763 0.861270
vn -0.490768 -0.131763 0.861270
vn -0.850035 0.030598 0.525837
vn -0.850035 0.030598 0.525837
vn -0.981536 0.184761 0.049507
vn -0.850035 0.030598 0.525837
vn -0.850035 0.030598 0.525837
vn -0.850035 0.030598 0.525837
vn -0.850035 0.030598 0.525837
vn -0.850035 0.030598 0.525837
vn -0.490768 -0.131763 0.861270
vn -0.490768 -0.131763 0.861270
vn -0.981536 0.184761 0.049507
vn -0.981536 0.184761 0.049507
vn -0.850035 0.289418 -0.440089
vn -0.850035 0.289418 -0.440089
vn -0.850035 0.289418 -0.440089
vn -0.490768 0.316525 -0.811763
vn -0.490768 0.316525 -0.811763
vn 0.000000 0.258819 -0.965926
vn -0.490768 0.316525 -0.811763
vn -0.490768 0.316525 -0.811763
vn -0.850035 0.289418 -0.440089
vn -0.850035 0.289418 -0.440089
vn -0.850035 0.289418 -0.440089
vn -0.850035 0.289418 -0.440089
vn -0.850035 0.289418 -0.440089
vn -0.850035 0.289418 -0.440089
vn -0.490768 0.316525 -0.811763
vn -0.490768 0.316525 -0.811763
vn -0.000000 0.258819 -0.965926
vn -0.490768 0.316525 -0.811763
vn -0.490768 0.316525 -0.811763
vn -0.490768 0.316525 -0.811763
vn -0.490768 0.316525 -0.811763
vn -0.490768 0.316525 -0.811763
vn -0.850035 0.289418 -0.440089
vn -0.850035 0.289418 -0.440089
vn 0.000000 0.258819 -0.965926
vn 0.000000 0.258819 -0.965926
vn 0.490768 0.131763 -0.861270
vn 0.490768 0.131763 -0.861270
vn 0.490768 0.131763 -0.861270
vn 0.850035 -0.030598 -0.525837
vn 0.850035 -0.030598 -0.525837
vn 0.981536 -0.184761 -0.049507
vn 0.850035 -0.030598 -0.525837
vn 0.850035 -0.030598 -0.525837
vn 0.490768 0.131763 -0.861270
vn 0.490768 0.131763 -0.861270
vn 0.490768 0.131763 -0.861270
vn 0.490768 0.131763 -0.861270
vn 0.490768 0.131763 -0.861270
vn 0.490768 0.131763 -0.861270
vn 0.850035 -0.030598 -0.525837
vn 0.850035 -0.030598 -0.525837
vn 0.981536 -0.184761 -0.049507
vn 0.850035 -0.030598 -0.525837
vn 0.850035 -0.030598 -0.525837
vn 0.850035 -0.030598 -0.525837
vn 0.850035 -0.030598 -0.525837
vn 0.850035 -0.030598 -0.525837
vn 0.490768 0.131763 -0.861270
vn 0.490768 0.131763 -0.861270
vn 0.981536 -0.184761 -0.049507
vn 0.981536 -0.184761 -0.049507
vn 0.850035 -0.289418 0.440089
vn 0.850035 -0.289418 0.440089
vn 0.850035 -0.289418 0.440089
vn 0.490768 -0.316525 0.811763
vn 0.490768 -0.316525 0.811763
vn 0.000000 -0.258819 0.965926
vn 0.490768 -0.316525 0.811763
vn 0.490768 -0.316525 0.811763
vn 0.850035 -0.289418 0.440089
vn 0.850035 -0.289418 0.440089
vn 0.850035 -0.289418 0.440089
vn 0.850035 -0.289418 0.440089
vn 0.850035 -0.289418 0.440089
vn 0.850035 -0.289418 0.440089
vn 0.490768 -0.316525 0.811763
vn 0.490768 -0.316525 0.811763
vn 0.000000 -0.258819 0.965926
vn 0.490768 -0.316525 0.811763
vn 0.490768 -0.316525 0.811763
vn 0.490768 -0.316525 0.811763
vn 0.490768 -0.316525 0.811763
vn 0.490768 -0.316525 0.811763
vn 0.850035 -0.289418 0.440089
vn 0.850035 -0.289418 0.440089
vn -0.000000 -0.258819 0.965926
vn 0.000000 -0.258819 0.965926
vn -0.379055 0.090809 0.920908
vn 0.000000 -0.258819 0.965926
vn -0.167916 0.230770 0.958410
vn -0.000000 -0.258819 0.965926
vn 0.087268 0.251406 0.963939
vn -0.290838 0.658524 0.694089
vn 0.151152 0.694267 0.703666
vn -0.335831 0.909823 0.243802
vn -0.850035 0.030598 0.525837
vn -0.656542 0.416105 0.629133
vn -0.981536 0.184757 0.049521
vn -0.758110 0.629902 0.168798
vn -0.000000 0.258819 -0.965926
vn 0.087268 0.699694 -0.709093
vn 0.000000 0.258819 -0.965926
vn -0.167916 0.679057 -0.714623
vn 0.000000 0.258819 -0.965926
vn -0.379055 0.539097 -0.752125
vn -0.656542 0.674924 -0.336793
vn -0.758110 0.629910 0.168768
vn 0.151152 0.953086 -0.262259
vn -0.290838 0.917343 -0.271837
vn 0.174536 0.951104 0.254832
vn -0.335831 0.909831 0.243773
vn 0.000000 0.258819 -0.965926
vn 0.000000 0.258819 -0.965926
vn 0.000000 0.258819 -0.965926
vn 0.000000 0.258819 -0.965926
vn 0.000000 0.258819 -0.965926
vn 0.000000 0.258819 -0.965926
vn 0.000000 0.258819 -0.965926
vn -0.087268 -0.251406 -0.963939
vn 0.023258 -0.258296 -0.965786
vn 0.132642 -0.241515 -0.961289
vn 0.235518 -0.201884 -0.950670
vn 0.000000 0.258819 -0.965926
vn 0.326838 -0.141350 -0.934450
vn -0.000000 0.258819 -0.965926
vn 0.402121 -0.062882 -0.913425
vn -0.000000 0.258819 -0.965926
vn 0.457673 0.029669 -0.888626
vn 0.000000 0.258819 -0.965926
vn 0.792712 -0.207430 -0.573219
vn 0.696494 -0.367734 -0.616172
vn 0.566100 -0.503645 -0.652589
vn 0.407929 -0.608493 -0.680683
vn 0.229743 -0.677135 -0.699076
vn 0.040284 -0.706201 -0.706864
vn -0.151152 -0.694267 -0.703666
vn 0.046515 -0.964880 -0.258539
vn -0.174536 -0.951100 -0.254846
vn 0.915345 -0.388949 -0.104219
vn 0.804242 -0.574052 -0.153817
vn 0.653676 -0.730988 -0.195868
vn 0.471036 -0.852057 -0.228308
vn 0.265284 -0.931317 -0.249546
vn -0.174536 -0.951100 -0.254846
vn -0.174536 -0.951100 -0.254846
vn 0.046515 -0.964880 -0.258539
vn 0.265284 -0.931317 -0.249546
vn 0.471036 -0.852057 -0.228308
vn 0.653676 -0.730988 -0.195868
vn 0.804242 -0.574052 -0.153817
vn 0.915345 -0.388949 -0.104219
vn 0.915345 -0.388949 -0.104219
vn 0.804242 -0.574052 -0.153817
vn 0.653676 -0.730988 -0.195868
vn 0.471036 -0.852057 -0.228308
vn 0.265284 -0.931317 -0.249546
vn 0.046515 -0.964880 -0.258539
vn -0.151152 -0.953086 0.262259
vn 0.040284 -0.965020 0.259062
vn 0.229743 -0.935954 0.266850
vn 0.407929 -0.867312 0.285243
vn 0.566100 -0.762464 0.313337
vn 0.696494 -0.626553 0.349754
vn 0.792712 -0.466249 0.392707
vn 0.850035 -0.289418 0.440089
vn 0.490768 -0.316525 0.811763
vn 0.457673 -0.418618 0.784407
vn 0.402121 -0.511170 0.759608
vn 0.326838 -0.589638 0.738582
vn 0.235518 -0.650172 0.722362
vn 0.132642 -0.689802 0.711743
vn 0.023258 -0.706584 0.707247
vn -0.087268 -0.699694 0.709093
vn -0.000000 -0.258819 0.965926
vn -0.000000 -0.258819 0.965926
vn 0.000000 -0.258819 0.965926
vn 0.000000 -0.258819 0.965926
vn -0.000000 -0.258819 0.965926
vn -0.000000 -0.258819 0.965926
vn -0.000000 -0.258819 0.965926
vn -0.000000 -0.258819 0.965926
vn -0.000000 -0.258819 0.965926
vn -0.000000 -0.258819 0.965926
vn -0.000000 -0.258819 0.965926
vn 0.087268 0.251406 0.963939
vn 0.087268 0.251406 0.963939
vn 0.087268 0.251406 0.963939
vn 0.087268 0.251406 0.963939
vn 0.151152 0.694267 0.703666
vn 0.151152 0.694267 0.703666
vn 0.174536 0.951100 0.254846
vn 0.151152 0.694267 0.703666
vn 0.151152 0.694267 0.703666
vn 0.151152 0.694267 0.703666
vn 0.174536 0.951100 0.254846
vn 0.151152 0.694267 0.703666
vn 0.087268 0.251406 0.963939
vn 0.087268 0.251406 0.963939
vn -0.000000 -0.258819 0.965926
vn 0.174536 0.951100 0.254846
vn 0.174536 0.951100 0.254846
vn 0.151152 0.953086 -0.262259
vn 0.151152 0.953086 -0.262259
vn 0.151152 0.953086 -0.262259
vn 0.087268 0.699694 -0.709093
vn 0.087268 0.699694 -0.709093
vn -0.000000 0.258819 -0.965926
vn 0.087268 0.699694 -0.709093
vn 0.087268 0.699694 -0.709093
vn 0.151152 0.953086 -0.262259
vn 0.151152 0.953086 -0.262259
vn 0.151152 0.953086 -0.262259
vn 0.087268 0.699694 -0.709093
vn 0.087268 0.699694 -0.709093
vn 0.000000 0.258819 -0.965926
vn 0.000000 0.258819 -0.965926
vn -0.087268 -0.251406 -0.963939
vn -0.000000 0.258819 -0.965926
vn -0.087268 -0.251406 -0.963939
vn -0.087268 -0.251406 -0.963939
vn -0.151152 -0.694267 -0.703666
vn -0.151152 -0.694267 -0.703666
vn -0.174536 -0.951100 -0.254846
vn -0.151152 -0.694267 -0.703666
vn -0.151152 -0.694267 -0.703666
vn -0.087268 -0.251406 -0.963939
vn -0.087268 -0.251406 -0.963939
vn -0.151152 -0.694267 -0.703666
vn -0.174536 -0.951100 -0.254846
vn -0.151152 -0.953086 0.262259
vn -0.151152 -0.953086 0.262259
vn -0.151152 -0.953086 0.262259
vn -0.087268 -0.699694 0.709093
vn -0.087268 -0.699694 0.709093
vn -0.000000 -0.258819 0.965926
vn -0.087268 -0.699694 0.709093
vn -0.087268 -0.699694 0.709093
vn -0.151152 -0.953086 0.262259
vn -0.151152 -0.953086 0.262259
vn -0.087268 -0.699694 0.709093
vn -0.000000 -0.258819 0.965926
vn -0.000000 -0.258819 0.965926
vn -0.000000 -0.258819 0.965926
vn 0.087268 0.251406 0.963939
vn -0.000000 -0.258819 0.965926
vn 0.298820 0.163079 0.940272
vn -0.000000 -0.258819 0.965926
vn 0.446884 -0.007520 0.894560
vn 0.000000 -0.258819 0.965926
vn 0.500000 -0.224144 0.836516
vn 0.774025 0.245794 0.583498
vn 0.866025 -0.129410 0.482963
vn 0.893767 0.433243 0.116103
vn 0.151152 0.694267 0.703666
vn 0.517572 0.541279 0.662673
vn 0.174536 0.951096 0.254861
vn 0.597640 0.774441 0.207527
vn 0.000000 0.258819 -0.965926
vn 0.500000 0.224144 -0.836516
vn -0.000000 0.258819 -0.965926
vn 0.446884 0.440768 -0.778472
vn -0.000000 0.258819 -0.965926
vn 0.298820 0.611366 -0.732760
vn 0.087268 0.699694 -0.709093
vn 0.517572 0.800098 -0.303252
vn 0.151152 0.953086 -0.262259
vn 0.597640 0.774449 0.207497
vn 0.866025 0.129410 -0.482963
vn 0.774025 0.504613 -0.382428
vn 1.000000 0.000004 -0.000015
vn 0.893767 0.433251 0.116074
vn 0.000000 0.258819 -0.965926
vn 0.000000 0.258819 -0.965926
vn 0.000000 0.258819 -0.965926
vn 0.000000 0.258819 -0.965926
vn 0.000000 0.258819 -0.965926
vn 0.000000 0.258819 -0.965926
vn 0.000000 0.258819 -0.965926
vn 0.000000 0.258819 -0.965926
vn 0.000000 0.258819 -0.965926
vn -0.500000 0.224144 -0.836516
vn 0.000000 0.258819 -0.965926
vn -0.486540 0.112836 -0.866341
vn 0.000000 0.258819 -0.965926
vn -0.446884 0.007520 -0.894560
vn -0.000000 0.258819 -0.965926
vn -0.383167 -0.086132 -0.919654
vn -0.000000 0.258819 -0.965926
vn -0.298820 -0.163079 -0.940272
vn -0.198385 -0.219177 -0.955304
vn -0.087268 -0.251406 -0.963939
vn -0.151152 -0.694267 -0.703666
vn -0.343612 -0.638444 -0.688709
vn -0.517572 -0.541279 -0.662673
vn -0.663665 -0.408004 -0.626962
vn -0.774025 -0.245794 -0.583498
vn -0.842712 -0.063382 -0.534621
vn -0.866025 0.129410 -0.482963
vn -0.973080 -0.222617 -0.059650
vn -0.396769 -0.886641 -0.237575
vn -0.597640 -0.774445 -0.207512
vn -0.766334 -0.620552 -0.166276
vn -0.893767 -0.433247 -0.116088
vn -0.973080 -0.222617 -0.059650
vn -0.893767 -0.433247 -0.116088
vn -0.766334 -0.620552 -0.166276
vn -0.597640 -0.774445 -0.207512
vn -0.396769 -0.886641 -0.237575
vn -0.396769 -0.886641 -0.237575
vn -0.597640 -0.774445 -0.207512
vn -0.766334 -0.620552 -0.166276
vn -0.893767 -0.433247 -0.116088
vn -0.973080 -0.222617 -0.059650
vn -0.866025 -0.129410 0.482963
vn -0.842712 -0.322201 0.431305
vn -0.774025 -0.504613 0.382428
vn -0.663665 -0.666823 0.338963
vn -0.517572 -0.800098 0.303252
vn -0.343612 -0.897263 0.277217
vn -0.151152 -0.953086 0.262259
vn -0.087268 -0.699694 0.709093
vn -0.198385 -0.667464 0.717729
vn -0.298820 -0.611366 0.732760
vn -0.383167 -0.534420 0.753378
vn -0.446884 -0.440768 0.778472
vn -0.486540 -0.335452 0.806691
vn -0.500000 -0.224144 0.836516
vn 0.000000 -0.258819 0.965926
vn 0.000000 -0.258819 0.965926
vn 0.000000 -0.258819 0.965926
vn 0.000000 -0.258819 0.965926
vn -0.000000 -0.258819 0.965926
vn -0.000000 -0.258819 0.965926
vn -0.000000 -0.258819 0.965926
vn -0.000000 -0.258819 0.965926
vn -0.000000 -0.258819 0.965926
vn -0.000000 -0.258819 0.965926
vn -0.000000 -0.258819 0.965926
vn -0.000000 -0.258819 0.965926
vn 0.866025 -0.129410 0.482963
vn 0.758960 -0.168527 0.628951
vn 0.500000 -0.224144 0.836516
vn 0.450382 -0.231083 0.862413
vn 0.000000 -0.258819 0.965926
vn 0.000000 -0.258819 0.965926
vn 1.000000 -0.000000 0.000000
vn 1.000000 -0.000000 0.000000
vn 1.000000 -0.000000 0.000000
vn 1.000000 -0.000000 0.000000
vn 1.000000 -0.000000 0.000000
vn 1.000000 -0.000000 0.000000
vn 1.000000 -0.000000 0.000000
vn 1.000000 -0.000000 0.000000
vn 1.000000 -0.000000 0.000000
vn 1.000000 -0.000000 0.000000
vn 1.000000 -0.000000 0.000000
vn 1.000000 -0.000000 0.000000
vn 1.000000 -0.000000 0.000000
vn 1.000000 -0.000000 0.000000
vn 1.000000 -0.000000 0.000000
vn 1.000000 -0.000000 0.000000
vn 1.000000 -0.000000 0.000000
vn 1.000000 -0.000000 0.000000
vn 1.000000 -0.000000 0.000000
vn 1.000000 -0.000000 0.000000
vn 1.000000 -0.000000 0.000000
vn 1.000000 -0.000000 0.000000
vn 1.000000 -0.000000 0.000000
vn 1.000000 -0.000000 0.000000
vn 1.000000 -0.000000 0.000000
vn 0.000000 0.258819 -0.965926
vn 0.450382 0.231083 -0.862413
vn 0.000000 0.258819 -0.965926
vn 0.500000 0.224144 -0.836516
vn 0.758960 0.168527 -0.628951
vn 0.866025 0.129410 -0.482963
vn 0.000000 0.258819 -0.965926
vn 0.000000 0.258819 -0.965926
vn 0.000000 0.258819 -0.965926
vn 0.000000 0.258819 -0.965926
vn 0.000000 0.258819 -0.965926
vn 0.000000 0.258819 -0.965926
vn 0.000000 0.258819 -0.965926
vn 0.000000 0.258819 -0.965926
vn -0.866025 0.129410 -0.482963
vn -0.758960 0.168527 -0.628951
vn -0.500000 0.224144 -0.836516
vn -0.450382 0.231083 -0.862413
vn 0.000000 0.258819 -0.965926
vn 0.000000 0.258819 -0.965926
vn -1.000000 0.000000 -0.000000
vn -1.000000 0.000000 -0.000000
vn -1.000000 0.000000 -0.000000
vn -1.000000 0.000000 -0.000000
vn -1.000000 0.000000 -0.000000
vn -1.000000 0.000000 -0.000000
vn -1.000000 0.000000 -0.000000
vn -1.000000 0.000000 -0.000000
vn -1.000000 0.000000 -0.000000
vn -1.000000 0.000000 -0.000000
vn -1.000000 0.000000 -0.000000
vn -1.000000 0.000000 -0.000000
vn -1.000000 0.000000 -0.000000
vn -1.000000 0.000000 -0.000000
vn -1.000000 0.000000 -0.000000
vn -1.000000 0.000000 -0.000000
vn -1.000000 0.000000 -0.000000
vn -1.000000 0.000000 -0.000000
vn -1.000000 0.000000 -0.000000
vn -1.000000 0.000000 -0.000000
vn -1.000000 0.000000 -0.000000
vn -1.000000 0.000000 -0.000000
vn -1.000000 0.000000 -0.000000
vn -1.000000 0.000000 -0.000000
vn -1.000000 0.000000 -0.000000
vn 0.000000 -0.258819 0.965926
vn -0.450382 -0.231083 0.862413
vn 0.000000 -0.258819 0.965926
vn -0.500000 -0.224144 0.836516
vn -0.758960 -0.168527 0.628951
vn -0.866025 -0.129410 0.482963
vn -0.000000 -0.258819 0.965926
vn -0.000000 -0.258819 0.965926
vn -0.000000 -0.258819 0.965926
vn -0.000000 -0.258819 0.965926
vn -0.000000 -0.258819 0.965926
vn -0.000000 -0.258819 0.965926
vn -0.000000 -0.258819 0.965926
vn -0.000000 -0.258819 0.965926
vn 0.191279 0.948091 0.254040
vn 0.191279 0.948091 0.254040
vn 0.191279 0.948091 0.254040
vn 0.191279 0.948091 0.254040
vn 0.000000 0.965926 0.258819
vn 0.000000 0.965926 0.258819
vn 0.000000 0.965926 0.258819
vn 0.000000 0.965926 0.258819
vn -0.000000 -0.258819 0.965926
vn -0.000000 -0.258819 0.965926
vn -0.000000 -0.258819 0.965926
vn -0.000000 -0.258819 0.965926
vn -0.000000 -0.965926 -0.258819
vn -0.000000 -0.965926 -0.258819
vn -0.000000 -0.965926 -0.258819
vn -0.000000 -0.965926 -0.258819
vn -0.000000 -0.965926 -0.258819
vn -0.000000 -0.965926 -0.258819
vn -0.000000 -0.965926 -0.258819
vn -0.000000 -0.965926 -0.258819
vn 0.000000 0.258819 -0.965926
vn 0.000000 0.258819 -0.965926
vn 0.000000 0.258819 -0.965926
vn 0.000000 0.258819 -0.965926
vn 0.983314 0.047084 -0.175720
vn 0.866025 0.129410 -0.482963
vn 0.866025 0.129410 -0.482963
vn 0.500000 0.224144 -0.836516
vn 0.500000 0.224144 -0.836516
vn 0.500000 0.224144 -0.836516
vn 0.500000 0.224144 -0.836516
vn 0.866025 0.129410 -0.482963
vn 0.866025 0.129410 -0.482963
vn 0.866025 0.129410 -0.482963
vn 0.500000 0.224144 -0.836516
vn 0.500000 0.224144 -0.836516
vn 0.866025 0.129410 -0.482963
vn 0.983314 0.047084 -0.175720
vn 0.968246 0.064705 -0.241481
vn 0.000000 -0.258819 -0.965926
vn 0.000000 -0.258819 -0.965926
vn -0.000000 -0.707107 -0.707107
vn -0.000000 -0.707107 -0.707107
vn 0.500000 0.836516 0.224144
vn 0.433013 0.901221 -0.017338
vn 0.866025 0.482963 0.129410
vn 0.750000 0.595035 -0.288849
vn 0.866025 0.129410 -0.482963
vn 0.433013 0.677077 -0.595035
vn 0.500000 0.224144 -0.836516
vn 0.000000 0.707107 -0.707107
vn 0.000000 0.965926 -0.258819
vn 0.250000 0.948588 -0.194114
vn -0.500000 0.224144 -0.836516
vn -0.500000 0.224144 -0.836516
vn -0.500000 0.224144 -0.836516
vn -0.866025 0.129410 -0.482963
vn -0.866025 0.129410 -0.482963
vn -0.866025 0.129410 -0.482963
vn -0.968246 0.064705 -0.241481
vn -0.866025 0.129410 -0.482963
vn -0.983314 0.047084 -0.175720
vn -0.866025 0.129410 -0.482963
vn -0.866025 0.129410 -0.482963
vn -0.500000 0.224144 -0.836516
vn -0.500000 0.224144 -0.836516
vn -0.500000 0.224144 -0.836516
vn -0.983314 0.047084 -0.175720
vn 0.000000 0.965926 -0.258819
vn 0.000000 0.707107 -0.707107
vn 0.866025 0.482963 0.129410
vn 0.866025 0.482963 0.129410
vn 0.866025 0.482963 0.129410
vn 0.866025 0.482963 0.129410
vn 0.500000 0.836516 0.224144
vn 0.500000 0.836516 0.224144
vn 0.500000 0.836516 0.224144
vn 0.500000 0.836516 0.224144
vn -0.250000 0.948588 -0.194114
vn -0.433013 0.677077 -0.595035
vn -0.750000 0.595035 -0.288849
vn -0.866025 0.482963 0.129410
vn -0.500000 0.836516 0.224144
vn -0.433013 0.901221 -0.017338
vn 0.000000 0.707107 0.707107
vn 0.250000 0.724444 0.642402
vn 0.000000 0.258819 0.965926
vn 0.433013 0.288849 0.853854
vn 0.500000 -0.224144 0.836516
vn 0.750000 0.370891 0.547668
vn 0.866025 -0.129410 0.482963
vn 0.433013 0.771812 0.465625
vn 0.500000 -0.224144 0.836516
vn 0.500000 -0.224144 0.836516
vn 0.500000 -0.224144 0.836516
vn 0.866025 -0.129410 0.482963
vn 0.866025 -0.129410 0.482963
vn 0.983314 -0.047084 0.175720
vn 0.500000 -0.224144 0.836516
vn 0.500000 -0.224144 0.836516
vn 0.500000 -0.224144 0.836516
vn 0.866025 -0.129410 0.482963
vn 0.866025 -0.129410 0.482963
vn 0.866025 -0.129410 0.482963
vn 0.983314 -0.047084 0.175720
vn 0.866025 -0.129410 0.482963
vn 0.968246 -0.064705 0.241481
vn -0.500000 0.836516 0.224144
vn -0.500000 0.836516 0.224144
vn 0.000000 0.965926 0.258819
vn -0.500000 0.836516 0.224144
vn -0.500000 0.836516 0.224144
vn -0.500000 0.836516 0.224144
vn -0.866025 0.482963 0.129410
vn -0.866025 0.482963 0.129410
vn -0.866025 0.482963 0.129410
vn -0.866025 0.482963 0.129410
vn -0.866025 0.482963 0.129410
vn -0.000000 0.258819 0.965926
vn 0.000000 0.707107 0.707107
vn -0.000000 -0.965926 0.258819
vn -0.000000 -0.965926 0.258819
vn -0.000000 -0.707107 0.707107
vn -0.000000 -0.707107 0.707107
vn -0.250000 0.194114 0.948588
vn -0.433013 0.595035 0.677077
vn -0.750000 0.288849 0.595035
vn -0.866025 -0.129410 0.482963
vn -0.500000 -0.224144 0.836516
vn -0.433013 0.017338 0.901221
vn -0.983314 -0.047084 0.175720
vn -0.866025 -0.129410 0.482963
vn -0.866025 -0.129410 0.482963
vn -0.500000 -0.224144 0.836516
vn -0.500000 -0.224144 0.836516
vn -0.500000 -0.224144 0.836516
vn -0.866025 -0.129410 0.482963
vn -0.983314 -0.047084 0.175720
vn -0.866025 -0.129410 0.482963
vn -0.500000 -0.224144 0.836516
vn 0.000000 -0.258819 0.965926
vn -0.500000 -0.224144 0.836516
vn -0.866025 -0.129410 0.482963
vn -0.968246 -0.064705 0.241481
vn 0.552336 0.805216 0.215757
vn 0.656420 0.728690 0.195252
vn 0.656420 0.728690 0.195252
vn 0.552336 0.805216 0.215757
vn 0.829305 0.539755 0.144627
vn 0.945674 0.314037 0.084146
vn 0.980020 0.192121 0.051479
vn 0.945674 0.314037 0.084146
vn 0.980020 0.192121 0.051479
vn 0.829305 0.539755 0.144627
vn 0.829305 0.539755 0.144627
vn 0.719952 0.693406 -0.029268
vn 0.554673 0.802127 0.221203
vn 0.472009 0.871443 0.133401
vn 0.191291 0.948089 0.254036
vn 0.824560 0.552466 -0.121994
vn 0.980235 0.189368 0.057260
vn 0.923045 0.272950 -0.271085
vn 0.981536 -0.184761 -0.049507
vn 0.850176 -0.029898 -0.525649
vn 0.713086 0.423297 -0.558863
vn 0.490909 0.132464 -0.861082
vn 0.563819 0.476474 -0.674597
vn 0.396452 0.510931 -0.762742
vn 0.380440 0.753175 -0.536650
vn 0.241425 0.754825 -0.609880
vn 0.245534 0.863067 -0.441394
vn 0.135255 0.853414 -0.503379
vn 0.170560 0.975717 -0.137427
vn 0.221646 0.526361 -0.820864
vn 0.066808 0.602169 -0.795569
vn 0.223869 0.970091 -0.093843
vn 0.191278 0.948095 0.254024
vn 0.191280 0.948094 0.254026
vn 0.276693 0.959711 -0.048957
vn 0.191282 0.948093 0.254028
vn 0.328325 0.944559 -0.003443
vn 0.191285 0.948092 0.254030
vn 0.378346 0.924695 0.042357
vn 0.191287 0.948091 0.254032
vn 0.635428 0.690004 -0.346592
vn 0.513720 0.731715 -0.447978
vn 0.556904 0.804330 -0.207150
vn 0.459358 0.838979 -0.291726
vn 0.354570 0.858532 -0.370410
vn 0.066808 0.123709 0.990067
vn 0.396452 0.061108 0.916020
vn 0.490909 -0.315824 0.811951
vn 0.713086 0.087155 0.695638
vn 0.850176 -0.288717 0.440277
vn 0.834880 0.095791 0.542033
vn 0.923045 0.100840 0.371241
vn 0.824560 0.417453 0.381883
vn 0.886062 0.397396 0.238685
vn 0.781787 0.567202 0.259019
vn 0.829305 0.539755 0.144627
vn 0.554673 0.805264 0.209496
vn 0.975647 0.102300 0.194029
vn 0.981536 -0.184761 -0.049507
vn 0.980235 0.192628 0.045095
vn 0.514970 0.815166 0.265162
vn 0.191295 0.948088 0.254039
vn 0.135255 0.487389 0.862646
vn 0.354570 0.558305 0.750050
vn 0.170560 0.776282 0.606874
vn 0.276693 0.806655 0.522253
vn 0.191282 0.948087 0.254052
vn 0.380440 0.383944 0.841340
vn 0.191293 0.948088 0.254041
vn 0.472009 0.821392 0.320192
vn 0.191291 0.948088 0.254043
vn 0.426361 0.823687 0.373839
vn 0.191289 0.948087 0.254045
vn 0.378346 0.821987 0.425665
vn 0.191287 0.948087 0.254047
vn 0.635428 0.424265 0.645159
vn 0.740333 0.426793 0.519380
vn 0.556904 0.592995 0.581562
vn 0.644497 0.594683 0.480599
vn 0.719952 0.585874 0.372050
vn 0.176719 0.974967 -0.134941
vn 0.176719 0.974967 -0.134941
vn 0.135255 0.853414 -0.503379
vn 0.135255 0.853414 -0.503379
vn 0.073199 0.601936 -0.795182
vn 0.073199 0.601936 -0.795182
vn 0.073199 0.123701 0.989616
vn 0.073199 0.123701 0.989616
vn 0.135255 0.487389 0.862646
vn 0.135255 0.487389 0.862646
vn 0.176719 0.776876 0.604346
vn 0.176719 0.776876 0.604346
vn 0.135255 0.853414 -0.503379
vn -0.053233 0.935295 -0.349841
vn 0.182457 0.973477 -0.138027
vn 0.086883 0.995440 -0.039383
vn 0.191276 0.948094 0.254029
vn -0.131579 0.849556 -0.510825
vn 0.079169 0.599842 -0.796192
vn -0.256254 0.633794 -0.729821
vn -0.490626 0.317225 -0.811575
vn -0.561689 0.663257 -0.494566
vn -0.849893 0.290118 -0.439901
vn -0.686366 0.640329 -0.344790
vn -0.782847 0.594062 -0.185043
vn -0.575699 0.816047 -0.051367
vn -0.653892 0.753374 0.069663
vn -0.493683 0.860811 0.123616
vn -0.558796 0.801047 0.214640
vn -0.201656 0.944496 0.259351
vn -0.848293 0.528942 -0.024888
vn -0.981536 0.184761 0.049507
vn -0.834257 0.530923 0.148779
vn -0.155857 0.964810 0.211781
vn 0.191263 0.948094 0.254042
vn 0.191265 0.948094 0.254040
vn -0.108433 0.980703 0.162678
vn 0.191267 0.948094 0.254037
vn -0.060079 0.991820 0.112625
vn 0.191269 0.948094 0.254035
vn -0.011157 0.998014 0.062002
vn 0.191271 0.948094 0.254033
vn -0.372350 0.879705 -0.295761
vn -0.480885 0.859182 -0.174804
vn -0.244554 0.955194 -0.166726
vn -0.334937 0.939676 -0.069468
vn -0.418615 0.907727 0.028159
vn -0.834257 0.534183 0.136615
vn -0.981536 0.184761 0.049507
vn -0.782847 0.421951 0.457283
vn -0.849893 0.031299 0.526025
vn -0.561689 0.327115 0.759935
vn -0.490626 -0.131062 0.861457
vn -0.415305 0.259647 0.871840
vn -0.256254 0.183971 0.948941
vn -0.131579 0.480325 0.867165
vn -0.009255 0.395945 0.918228
vn 0.042571 0.564946 0.824029
vn 0.135255 0.487389 0.862646
vn 0.182457 0.774043 0.606274
vn -0.094291 0.104881 0.990005
vn -0.000000 -0.258819 0.965926
vn 0.079169 0.121382 0.989444
vn 0.135244 0.809884 0.570786
vn 0.191280 0.948086 0.254056
vn -0.558796 0.801047 0.214640
vn -0.418615 0.800194 0.429477
vn -0.201656 0.947633 0.247643
vn -0.108433 0.930652 0.349469
vn 0.191267 0.948092 0.254044
vn -0.575699 0.681033 0.452509
vn 0.191278 0.948087 0.254054
vn 0.086883 0.842384 0.531827
vn 0.191276 0.948088 0.254052
vn 0.037957 0.870948 0.489907
vn 0.191273 0.948089 0.254050
vn -0.011157 0.895306 0.445311
vn 0.191271 0.948090 0.254048
vn -0.372350 0.613966 0.695989
vn -0.254273 0.554259 0.792554
vn -0.244554 0.743859 0.621986
vn -0.149798 0.695380 0.702856
vn -0.053233 0.635069 0.770619
vn -0.198899 0.946627 0.253648
vn -0.325115 0.913451 0.244759
vn -0.325115 0.913451 0.244759
vn -0.198899 0.946627 0.253648
vn -0.558796 0.801047 0.214640
vn -0.754395 0.634053 0.169894
vn -0.833621 0.533516 0.142955
vn -0.754395 0.634053 0.169894
vn -0.833621 0.533516 0.142955
vn -0.558796 0.801047 0.214640
vn 0.725218 -0.665058 -0.178202
vn 0.500000 -0.836516 -0.224144
vn 0.500000 -0.836516 -0.224144
vn 0.342020 -0.907673 -0.243210
vn 0.173648 -0.951251 -0.254887
vn 0.866025 -0.482963 -0.129410
vn 0.879479 -0.459721 -0.123182
vn 0.250000 -0.724444 -0.642402
vn 0.433013 -0.288849 -0.853854
vn 0.750000 -0.370891 -0.547668
vn 0.433013 -0.771812 -0.465625
vn -0.342020 -0.907673 -0.243210
vn -0.500000 -0.836516 -0.224144
vn -0.500000 -0.836516 -0.224144
vn -0.725218 -0.665058 -0.178202
vn -0.866025 -0.482963 -0.129410
vn -0.879479 -0.459721 -0.123182
vn -0.173648 -0.951251 -0.254887
vn -0.750000 -0.370891 -0.547668
vn -0.433013 -0.288849 -0.853854
vn -0.500000 0.224144 -0.836516
vn -0.250000 -0.724444 -0.642402
vn -0.433013 -0.771812 -0.465625
vn 0.342020 -0.907673 -0.243210
vn 0.500000 -0.836516 -0.224144
vn 0.500000 -0.836516 -0.224144
vn 0.725218 -0.665058 -0.178202
vn 0.866025 -0.482963 -0.129410
vn 0.879479 -0.459721 -0.123182
vn 0.173648 -0.951251 -0.254887
vn 0.433013 -0.901221 0.017338
vn 0.750000 -0.595035 0.288849
vn 0.433013 -0.677077 0.595035
vn 0.250000 -0.948588 0.194114
vn -0.725218 -0.665058 -0.178202
vn -0.500000 -0.836516 -0.224144
vn -0.500000 -0.836516 -0.224144
vn -0.342020 -0.907673 -0.243210
vn -0.173648 -0.951251 -0.254887
vn -0.866025 -0.482963 -0.129410
vn -0.879479 -0.459721 -0.123182
vn -0.866025 -0.129410 0.482963
vn -0.750000 -0.595035 0.288849
vn -0.433013 -0.677077 0.595035
vn -0.250000 -0.948588 0.194114
vn -0.433013 -0.901221 0.017338
usemtl Opaque(202,209,238)
f 2/1/1 56/2/2 1/3/3
f 1/3/3 56/2/2 57/4/4
f 1/3/3 57/4/4 58/5/5
f 2/1/1 3/6/6 56/2/2
f 56/2/2 3/6/6 55/7/7
f 55/7/7 3/6/6 4/8/8
f 55/7/7 4/8/8 54/9/9
f 54/9/9 4/8/8 53/10/10
f 53/10/10 4/8/8 5/11/11
f 53/10/10 5/11/11 6/12/12
f 53/10/10 6/12/12 104/13/13
f 104/13/13 6/12/12 7/14/14
f 104/13/13 7/14/14 103/15/15
f 103/15/15 7/14/14 8/16/16
f 103/15/15 8/16/16 102/17/17
f 102/17/17 8/16/16 9/18/18
f 102/17/17 9/18/18 101/19/19
f 101/19/19 9/18/18 10/20/20
f 101/19/19 10/20/20 100/21/21
f 100/21/21 10/20/20 11/22/22
f 100/21/21 11/22/22 99/23/23
f 99/23/23 11/22/22 12/24/24
f 99/23/23 12/24/24 98/25/25
f 98/25/25 12/24/24 13/26/26
f 98/25/25 13/26/26 97/27/27
f 97/27/27 13/26/26 14/28/28
f 97/27/27 14/28/28 96/29/29
f 96/29/29 14/28/28 15/30/30
f 96/29/29 15/30/30 95/31/31
f 95/31/31 15/30/30 16/32/32
f 95/31/31 16/32/32 94/33/33
f 94/33/33 16/32/32 17/34/34
f 94/33/33 17/34/34 93/35/35
f 93/35/35 17/34/34 18/36/36
f 93/35/35 18/36/36 92/37/37
f 92/37/37 18/36/36 19/38/38
f 92/37/37 19/38/38 91/39/39
f 91/39/39 19/38/38 20/40/40
f 91/39/39 20/40/40 90/41/41
f 90/41/41 20/40/40 21/42/42
f 90/41/41 21/42/42 89/43/43
f 89/43/43 21/42/42 22/44/44
f 89/43/43 22/44/44 88/45/45
f 88/45/45 22/44/44 23/46/46
f 88/45/45 23/46/46 87/47/47
f 87/47/47 23/46/46 24/48/48
f 87/47/47 24/48/48 86/49/49
f 86/49/49 24/48/48 25/50/50
f 86/49/49 25/50/50 85/51/51
f 85/51/51 25/50/50 26/52/52
f 85/51/51 26/52/52 84/53/53
f 84/53/53 26/52/52 27/54/54
f 84/53/53 27/54/54 83/55/55
f 83/55/55 27/54/54 28/56/56
f 83/55/55 28/56/56 82/57/57
f 82/57/57 28/56/56 81/58/58
f 81/58/58 28/56/56 29/59/59
f 81/60/58 29/61/59 80/62/60
f 80/62/60 29/61/59 30/63/61
f 80/62/60 30/63/61 31/64/62
f 80/62/60 31/64/62 79/65/63
f 79/65/63 31/64/62 32/66/64
f 79/65/63 32/66/64 78/67/65
f 78/67/65 32/66/64 33/68/66
f 78/67/65 33/68/66 77/69/67
f 77/69/67 33/68/66 34/70/68
f 77/69/67 34/70/68 76/71/69
f 76/71/69 34/70/68 35/72/70
f 76/71/69 35/72/70 75/73/71
f 75/73/71 35/72/70 36/74/72
f 75/73/71 36/74/72 74/75/73
f 74/75/73 36/74/72 37/76/74
f 74/75/73 37/76/74 73/77/75
f 73/77/75 37/76/74 38/78/76
f 73/77/75 38/78/76 72/79/77
f 72/79/77 38/78/76 39/80/78
f 72/79/77 39/80/78 71/81/79
f 71/81/79 39/80/78 40/82/80
f 71/81/79 40/82/80 70/83/81
f 70/83/81 40/82/80 41/84/82
f 70/83/81 41/84/82 69/85/83
f 69/85/83 41/84/82 42/86/84
f 69/85/83 42/86/84 68/87/85
f 68/87/85 42/86/84 43/88/86
f 68/87/85 43/88/86 67/89/87
f 67/89/87 43/88/86 44/90/88
f 67/89/87 44/90/88 66/91/89
f 66/91/89 44/90/88 45/92/90
f 66/91/89 45/92/90 65/93/91
f 65/93/91 45/92/90 46/94/92
f 65/93/91 46/94/92 64/95/93
f 64/95/93 46/94/92 47/96/94
f 64/95/93 47/96/94 63/97/95
f 63/97/95 47/96/94 48/98/96
f 63/97/95 48/98/96 62/99/97
f 62/99/97 48/98/96 49/100/98
f 62/99/97 49/100/98 61/101/99
f 61/101/99 49/100/98 50/102/100
f 61/101/99 50/102/100 60/103/101
f 60/103/101 50/102/100 51/104/102
f 60/103/101 51/104/102 59/105/103
f 59/105/103 51/104/102 52/106/104
f 59/105/103 52/106/104 58/5/5
f 58/5/5 52/106/104 1/3/3
f 106/107/105 17/108/106 105/109/107
f 105/109/107 17/108/106 16/110/108
f 105/109/107 16/110/108 110/111/109
f 110/111/109 16/110/108 15/112/110
f 110/111/109 15/112/110 109/113/111
f 109/113/111 15/112/110 14/114/112
f 109/113/111 14/114/112 13/115/113
f 107/116/114 21/117/115 106/107/105
f 106/107/105 21/117/115 20/118/116
f 106/107/105 20/118/116 19/119/117
f 27/120/118 26/121/119 107/116/114
f 107/116/114 26/121/119 25/122/120
f 107/116/114 25/122/120 24/123/121
f 24/123/121 23/124/122 107/116/114
f 107/116/114 23/124/122 22/125/123
f 107/116/114 22/125/123 21/117/115
f 19/119/117 18/126/124 106/107/105
f 106/107/105 18/126/124 17/108/106
f 13/115/113 12/127/125 109/113/111
f 109/113/111 12/127/125 11/128/126
f 109/113/111 11/128/126 108/129/127
f 108/129/127 11/128/126 10/130/128
f 108/129/127 10/130/128 9/131/129
f 9/131/129 8/132/130 108/129/127
f 108/129/127 8/132/130 7/133/131
f 108/129/127 7/133/131 6/134/132
f 6/134/132 5/135/133 108/129/127
f 83/136/134 111/137/135 84/138/136
f 84/138/136 111/137/135 85/139/137
f 85/139/137 111/137/135 86/140/138
f 86/140/138 111/137/135 87/141/139
f 87/141/139 111/137/135 88/142/140
f 88/142/140 111/137/135 89/143/141
f 89/143/141 111/137/135 112/144/142
f 89/143/141 112/144/142 90/145/143
f 90/145/143 112/144/142 91/146/144
f 91/146/144 112/144/142 92/147/145
f 92/147/145 112/144/142 93/148/146
f 93/148/146 112/144/142 113/149/147
f 93/148/146 113/149/147 94/150/148
f 94/150/148 113/149/147 114/151/149
f 94/150/148 114/151/149 95/152/150
f 95/152/150 114/151/149 115/153/151
f 95/152/150 115/153/151 96/154/152
f 96/154/152 115/153/151 97/155/153
f 97/155/153 115/153/151 98/156/154
f 98/156/154 115/153/151 99/157/155
f 99/157/155 115/153/151 116/158/156
f 99/157/155 116/158/156 100/159/157
f 100/159/157 116/158/156 101/160/158
f 101/160/158 116/158/156 102/161/159
f 102/161/159 116/158/156 103/162/160
f 103/162/160 116/158/156 104/163/161
f 104/163/161 116/158/156 53/164/162
f 118/165/163 129/166/164 117/167/165
f 117/167/165 129/166/164 130/168/166
f 117/167/165 130/168/166 131/169/167
f 131/169/167 130/168/166 140/170/168
f 131/169/167 140/170/168 141/171/169
f 141/171/169 140/170/168 122/172/170
f 141/171/169 122/172/170 142/173/171
f 142/173/171 122/172/170 123/174/172
f 142/173/171 123/174/172 133/175/173
f 133/175/173 123/174/172 124/176/174
f 133/175/173 124/176/174 117/167/165
f 119/177/175 125/178/176 118/165/163
f 118/165/163 125/178/176 126/179/177
f 118/165/163 126/179/177 127/180/178
f 127/180/178 126/179/177 136/181/179
f 127/180/178 136/181/179 137/182/180
f 137/182/180 136/181/179 121/183/181
f 137/182/180 121/183/181 138/184/182
f 138/184/182 121/183/181 122/172/170
f 138/184/182 122/172/170 139/185/183
f 139/185/183 122/172/170 140/170/168
f 139/185/183 140/170/168 130/168/166
f 125/178/176 119/177/175 134/186/184
f 134/186/184 119/177/175 120/187/185
f 134/186/184 120/187/185 121/183/181
f 126/179/177 125/178/176 135/188/186
f 135/188/186 125/178/176 134/186/184
f 135/188/186 134/186/184 121/183/181
f 129/166/164 118/165/163 128/189/187
f 128/189/187 118/165/163 127/180/178
f 128/189/187 127/180/178 137/182/180
f 139/185/183 130/168/166 129/166/164
f 137/182/180 138/184/182 128/189/187
f 128/189/187 138/184/182 129/166/164
f 138/184/182 139/185/183 129/166/164
f 133/175/173 117/167/165 132/190/188
f 132/190/188 117/167/165 131/169/167
f 132/190/188 131/169/167 141/171/169
f 142/173/171 133/175/173 132/190/188
f 142/173/171 132/190/188 141/171/169
f 121/183/181 136/181/179 135/188/186
f 135/188/186 136/181/179 126/179/177
f 122/172/170 121/191/181 144/192/189
f 144/192/189 121/191/181 143/193/190
f 143/194/190 155/195/191 144/196/189
f 144/196/189 155/195/191 156/197/192
f 144/196/189 156/197/192 157/198/193
f 157/198/193 156/197/192 166/199/194
f 157/198/193 166/199/194 167/200/195
f 167/200/195 166/199/194 148/201/196
f 167/200/195 148/201/196 168/202/197
f 168/202/197 148/201/196 149/203/198
f 168/202/197 149/203/198 159/204/199
f 159/204/199 149/203/198 150/205/200
f 159/204/199 150/205/200 144/196/189
f 145/206/201 151/207/202 143/194/190
f 143/194/190 151/207/202 152/208/203
f 143/194/190 152/208/203 153/209/204
f 153/209/204 152/208/203 162/210/205
f 153/209/204 162/210/205 163/211/206
f 163/211/206 162/210/205 147/212/207
f 163/211/206 147/212/207 164/213/208
f 164/213/208 147/212/207 148/201/196
f 164/213/208 148/201/196 165/214/209
f 165/214/209 148/201/196 166/199/194
f 165/214/209 166/199/194 156/197/192
f 151/207/202 145/206/201 160/215/210
f 160/215/210 145/206/201 146/216/211
f 160/215/210 146/216/211 147/212/207
f 152/208/203 151/207/202 161/217/212
f 161/217/212 151/207/202 160/215/210
f 161/217/212 160/215/210 147/212/207
f 155/195/191 143/194/190 154/218/213
f 154/218/213 143/194/190 153/209/204
f 154/218/213 153/209/204 163/211/206
f 165/214/209 156/197/192 155/195/191
f 163/211/206 164/213/208 154/218/213
f 154/218/213 164/213/208 155/195/191
f 164/213/208 165/214/209 155/195/191
f 159/204/199 144/196/189 158/219/214
f 158/219/214 144/196/189 157/198/193
f 158/219/214 157/198/193 167/200/195
f 168/202/197 159/204/199 158/219/214
f 168/202/197 158/219/214 167/200/195
f 147/212/207 162/210/205 161/217/212
f 161/217/212 162/210/205 152/208/203
f 148/220/196 147/221/207 170/222/215
f 170/222/215 147/221/207 169/223/216
f 169/224/216 181/225/217 170/226/215
f 170/226/215 181/225/217 182/227/218
f 170/226/215 182/227/218 183/228/219
f 183/228/219 182/227/218 192/229/220
f 183/228/219 192/229/220 193/230/221
f 193/230/221 192/229/220 174/231/222
f 193/230/221 174/231/222 194/232/223
f 194/232/223 174/231/222 175/233/224
f 194/232/223 175/233/224 185/234/225
f 185/234/225 175/233/224 176/235/226
f 185/234/225 176/235/226 170/226/215
f 171/236/227 177/237/228 169/224/216
f 169/224/216 177/237/228 178/238/229
f 169/224/216 178/238/229 179/239/230
f 179/239/230 178/238/229 188/240/231
f 179/239/230 188/240/231 189/241/232
f 189/241/232 188/240/231 173/242/233
f 189/241/232 173/242/233 190/243/234
f 190/243/234 173/242/233 174/231/222
f 190/243/234 174/231/222 191/244/235
f 191/244/235 174/231/222 192/229/220
f 191/244/235 192/229/220 182/227/218
f 177/237/228 171/236/227 186/245/236
f 186/245/236 171/236/227 172/246/237
f 186/245/236 172/246/237 173/242/233
f 178/238/229 177/237/228 187/247/238
f 187/247/238 177/237/228 186/245/236
f 187/247/238 186/245/236 173/242/233
f 181/225/217 169/224/216 180/248/239
f 180/248/239 169/224/216 179/239/230
f 180/248/239 179/239/230 189/241/232
f 191/244/235 182/227/218 181/225/217
f 189/241/232 190/243/234 180/248/239
f 180/248/239 190/243/234 181/225/217
f 190/243/234 191/244/235 181/225/217
f 185/234/225 170/226/215 184/249/240
f 184/249/240 170/226/215 183/228/219
f 184/249/240 183/228/219 193/230/221
f 194/232/223 185/234/225 184/249/240
f 194/232/223 184/249/240 193/230/221
f 173/242/233 188/240/231 187/247/238
f 187/247/238 188/240/231 178/238/229
f 174/250/222 173/251/233 196/252/241
f 196/252/241 173/251/233 195/253/242
f 195/254/242 207/255/243 196/256/241
f 196/256/241 207/255/243 208/257/244
f 196/256/241 208/257/244 209/258/245
f 209/258/245 208/257/244 218/259/246
f 209/258/245 218/259/246 219/260/247
f 219/260/247 218/259/246 200/261/248
f 219/260/247 200/261/248 220/262/249
f 220/262/249 200/261/248 201/263/250
f 220/262/249 201/263/250 211/264/251
f 211/264/251 201/263/250 202/265/252
f 211/264/251 202/265/252 196/256/241
f 197/266/253 203/267/254 195/254/242
f 195/254/242 203/267/254 204/268/255
f 195/254/242 204/268/255 205/269/256
f 205/269/256 204/268/255 214/270/257
f 205/269/256 214/270/257 215/271/258
f 215/271/258 214/270/257 199/272/259
f 215/271/258 199/272/259 216/273/260
f 216/273/260 199/272/259 200/261/248
f 216/273/260 200/261/248 217/274/261
f 217/274/261 200/261/248 218/259/246
f 217/274/261 218/259/246 208/257/244
f 203/267/254 197/266/253 212/275/262
f 212/275/262 197/266/253 198/276/263
f 212/275/262 198/276/263 199/272/259
f 204/268/255 203/267/254 213/277/264
f 213/277/264 203/267/254 212/275/262
f 213/277/264 212/275/262 199/272/259
f 207/255/243 195/254/242 206/278/265
f 206/278/265 195/254/242 205/269/256
f 206/278/265 205/269/256 215/271/258
f 217/274/261 208/257/244 207/255/243
f 215/271/258 216/273/260 206/278/265
f 206/278/265 216/273/260 207/255/243
f 216/273/260 217/274/261 207/255/243
f 211/264/251 196/256/241 210/279/266
f 210/279/266 196/256/241 209/258/245
f 210/279/266 209/258/245 219/260/247
f 220/262/249 211/264/251 210/279/266
f 220/262/249 210/279/266 219/260/247
f 199/272/259 214/270/257 213/277/264
f 213/277/264 214/270/257 204/268/255
f 199/280/267 118/281/163 200/282/248
f 200/282/248 118/281/163 117/283/165
f 117/284/165 124/285/174 225/286/268
f 225/286/268 124/285/174 227/287/269
f 225/286/268 227/287/269 224/288/270
f 224/288/270 227/287/269 228/289/271
f 224/288/270 228/289/271 223/290/272
f 223/290/272 228/289/271 222/291/273
f 222/291/273 228/289/271 229/292/274
f 222/291/273 229/292/274 221/293/275
f 221/293/275 229/292/274 122/294/276
f 124/285/174 123/295/277 227/287/269
f 227/287/269 123/295/277 226/296/278
f 227/287/269 226/296/278 228/289/271
f 228/289/271 226/296/278 229/292/274
f 123/295/277 122/297/279 226/296/278
f 226/296/278 122/298/280 229/292/274
f 230/299/281 231/300/282 234/301/283
f 234/301/283 231/300/282 236/302/284
f 234/301/283 236/302/284 233/303/285
f 233/303/285 236/302/284 237/304/286
f 233/303/285 237/304/286 148/305/196
f 148/305/196 237/304/286 149/306/198
f 149/306/198 237/304/286 238/307/287
f 149/306/198 238/307/287 150/308/200
f 150/308/200 238/307/287 144/309/288
f 231/300/282 232/310/289 236/302/284
f 236/302/284 232/310/289 235/311/290
f 236/302/284 235/311/290 237/304/286
f 237/304/286 235/311/290 238/307/287
f 232/310/289 144/312/291 235/311/290
f 235/311/290 144/313/292 238/307/287
f 244/314/293 230/315/281 243/316/294
f 243/316/294 230/315/281 234/317/295
f 243/316/294 234/317/295 242/318/296
f 242/318/296 234/317/295 241/319/297
f 241/319/297 234/317/295 240/320/298
f 240/320/298 234/317/295 233/321/285
f 240/320/298 233/321/285 239/322/299
f 239/322/299 233/321/285 170/323/215
f 170/323/215 233/321/285 148/324/196
f 253/325/300 244/326/293 254/327/301
f 254/327/301 244/326/293 243/328/294
f 254/327/301 243/328/294 256/329/302
f 256/329/302 243/328/294 242/330/296
f 256/329/302 242/330/296 258/331/303
f 258/331/303 242/330/296 241/332/304
f 258/331/303 241/332/304 260/333/305
f 260/333/305 241/332/304 240/334/306
f 260/333/305 240/334/306 262/335/307
f 262/335/307 240/334/306 239/336/308
f 262/335/307 239/336/308 264/337/309
f 264/337/309 239/336/308 170/338/310
f 264/337/309 170/338/310 176/339/226
f 176/339/226 175/340/224 264/337/309
f 264/337/309 175/340/224 265/341/311
f 264/337/309 265/341/311 262/335/307
f 262/335/307 265/341/311 263/342/312
f 262/335/307 263/342/312 260/333/305
f 260/333/305 263/342/312 261/343/313
f 260/333/305 261/343/313 258/331/303
f 258/331/303 261/343/313 259/344/314
f 258/331/303 259/344/314 256/329/302
f 256/329/302 259/344/314 257/345/315
f 256/329/302 257/345/315 254/327/301
f 254/327/301 257/345/315 255/346/316
f 254/327/301 255/346/316 253/325/300
f 253/325/300 255/346/316 252/347/317
f 252/347/317 255/346/316 250/348/318
f 252/347/317 250/348/318 251/349/319
f 175/340/224 174/350/222 265/341/311
f 265/341/311 174/350/222 245/351/320
f 265/341/311 245/351/320 263/342/312
f 263/342/312 245/351/320 246/352/321
f 263/342/312 246/352/321 261/343/313
f 261/343/313 246/352/321 247/353/322
f 261/343/313 247/353/322 259/344/314
f 259/344/314 247/353/322 248/354/323
f 259/344/314 248/354/323 257/345/315
f 257/345/315 248/354/323 249/355/324
f 257/345/315 249/355/324 255/346/316
f 255/346/316 249/355/324 250/348/318
f 272/356/325 251/357/326 273/358/327
f 273/358/327 251/357/326 250/359/318
f 273/358/327 250/359/318 274/360/328
f 274/360/328 250/359/318 249/361/324
f 274/360/328 249/361/324 275/362/329
f 275/362/329 249/361/324 248/363/323
f 275/362/329 248/363/323 276/364/330
f 276/364/330 248/363/323 247/365/322
f 276/364/330 247/365/322 277/366/331
f 277/366/331 247/365/322 246/367/321
f 277/366/331 246/367/321 278/368/332
f 278/368/332 246/367/321 245/369/320
f 278/368/332 245/369/320 174/370/222
f 174/370/222 196/371/241 278/368/332
f 278/368/332 196/371/241 266/372/333
f 278/368/332 266/372/333 277/366/331
f 277/366/331 266/372/333 267/373/334
f 277/366/331 267/373/334 276/364/330
f 276/364/330 267/373/334 268/374/335
f 276/364/330 268/374/335 275/362/329
f 275/362/329 268/374/335 269/375/336
f 275/362/329 269/375/336 274/360/328
f 274/360/328 269/375/336 270/376/337
f 274/360/328 270/376/337 273/358/327
f 273/358/327 270/376/337 271/377/338
f 273/358/327 271/377/338 272/356/325
f 286/378/339 272/379/325 287/380/340
f 287/380/340 272/379/325 271/381/338
f 287/380/340 271/381/338 289/382/341
f 289/382/341 271/381/338 270/383/337
f 289/382/341 270/383/337 291/384/342
f 291/384/342 270/383/337 269/385/336
f 291/384/342 269/385/336 293/386/343
f 293/386/343 269/385/336 268/387/335
f 293/386/343 268/387/335 295/388/344
f 295/388/344 268/387/335 267/389/334
f 295/388/344 267/389/334 297/390/345
f 297/390/345 267/389/334 266/391/333
f 297/390/345 266/391/333 202/392/346
f 202/392/346 266/391/333 196/393/241
f 202/392/346 201/394/347 297/390/345
f 297/390/345 201/394/347 298/395/348
f 297/390/345 298/395/348 295/388/344
f 295/388/344 298/395/348 296/396/349
f 295/388/344 296/396/349 293/386/343
f 293/386/343 296/396/349 294/397/350
f 293/386/343 294/397/350 291/384/342
f 291/384/342 294/397/350 292/398/351
f 291/384/342 292/398/351 289/382/341
f 289/382/341 292/398/351 290/399/352
f 289/382/341 290/399/352 287/380/340
f 287/380/340 290/399/352 288/400/353
f 287/380/340 288/400/353 286/378/339
f 286/378/339 288/400/353 285/401/354
f 285/401/354 288/400/353 284/402/355
f 284/402/355 288/400/353 283/403/356
f 283/403/356 288/400/353 290/399/352
f 283/403/356 290/399/352 282/404/357
f 282/404/357 290/399/352 292/398/351
f 282/404/357 292/398/351 281/405/358
f 281/405/358 292/398/351 294/397/350
f 281/405/358 294/397/350 280/406/359
f 280/406/359 294/397/350 296/396/349
f 280/406/359 296/396/349 279/407/360
f 279/407/360 296/396/349 298/395/348
f 279/407/360 298/395/348 200/408/361
f 200/408/361 298/395/348 201/394/347
f 284/409/355 283/410/356 223/411/272
f 223/411/272 283/410/356 224/412/362
f 224/412/362 283/410/356 282/413/357
f 224/412/362 282/413/357 281/414/363
f 281/414/363 280/415/364 224/412/362
f 224/412/362 280/415/364 225/416/268
f 225/416/268 280/415/364 279/417/365
f 225/416/268 279/417/365 200/418/248
f 200/418/248 117/419/165 225/416/268
f 222/420/366 302/421/367 223/422/272
f 223/422/272 302/421/367 303/423/368
f 223/422/272 303/423/368 304/424/369
f 304/424/369 303/423/368 308/425/370
f 304/424/369 308/425/370 309/426/371
f 309/426/371 308/425/370 110/427/372
f 309/426/371 110/427/372 299/428/373
f 302/421/367 222/420/366 306/429/374
f 306/429/374 222/420/366 221/430/375
f 306/429/374 221/430/375 122/431/376
f 306/429/374 122/431/376 307/432/377
f 307/432/377 122/431/376 110/427/372
f 307/432/377 110/427/372 308/425/370
f 309/426/371 299/428/373 305/433/378
f 305/433/378 299/428/373 300/434/379
f 305/433/378 300/434/379 301/435/380
f 305/433/378 301/435/380 304/424/369
f 304/424/369 301/435/380 223/422/272
f 306/429/374 307/432/377 302/421/367
f 302/421/367 307/432/377 303/423/368
f 309/426/371 305/433/378 304/424/369
f 307/432/377 308/425/370 303/423/368
f 110/427/372 122/436/376 105/437/381
f 105/437/381 122/436/376 144/438/382
f 144/439/382 315/440/383 105/441/381
f 105/441/381 315/440/383 316/442/384
f 105/441/381 316/442/384 312/443/385
f 312/443/385 316/442/384 311/444/386
f 311/444/386 316/442/384 320/445/387
f 311/444/386 320/445/387 310/446/388
f 310/446/388 320/445/387 319/447/389
f 310/446/388 319/447/389 318/448/390
f 318/448/390 319/447/389 314/449/391
f 318/448/390 314/449/391 313/450/392
f 313/450/392 314/449/391 144/439/382
f 313/450/392 144/439/382 232/451/393
f 313/450/392 232/451/393 317/452/394
f 317/452/394 232/451/393 231/453/395
f 317/452/394 231/453/395 230/454/281
f 317/452/394 230/454/281 318/448/390
f 318/448/390 230/454/281 310/446/388
f 315/440/383 144/439/382 314/449/391
f 318/448/390 313/450/392 317/452/394
f 320/445/387 316/442/384 315/440/383
f 320/445/387 315/440/383 319/447/389
f 319/447/389 315/440/383 314/449/391
f 310/455/396 230/456/281 321/457/397
f 321/457/397 230/456/281 244/458/293
f 244/459/293 327/460/398 321/461/399
f 321/461/399 327/460/398 328/462/400
f 321/461/399 328/462/400 324/463/401
f 324/463/401 328/462/400 323/464/402
f 323/464/402 328/462/400 332/465/403
f 323/464/402 332/465/403 322/466/404
f 322/466/404 332/465/403 331/467/405
f 322/466/404 331/467/405 330/468/406
f 330/468/406 331/467/405 326/469/407
f 330/468/406 326/469/407 325/470/408
f 325/470/408 326/469/407 244/459/293
f 325/470/408 244/459/293 253/471/300
f 325/470/408 253/471/300 329/472/409
f 329/472/409 253/471/300 252/473/317
f 329/472/409 252/473/317 251/474/326
f 329/472/409 251/474/326 330/468/406
f 330/468/406 251/474/326 322/466/404
f 327/460/398 244/459/293 326/469/407
f 330/468/406 325/470/408 329/472/409
f 332/465/403 328/462/400 327/460/398
f 332/465/403 327/460/398 331/467/405
f 331/467/405 327/460/398 326/469/407
f 322/475/404 251/476/326 333/477/410
f 333/477/410 251/476/326 272/478/325
f 272/479/325 339/480/411 333/481/410
f 333/481/410 339/480/411 340/482/412
f 333/481/410 340/482/412 336/483/413
f 336/483/413 340/482/412 335/484/414
f 335/484/414 340/482/412 344/485/415
f 335/484/414 344/485/415 334/486/416
f 334/486/416 344/485/415 343/487/417
f 334/486/416 343/487/417 342/488/418
f 342/488/418 343/487/417 338/489/419
f 342/488/418 338/489/419 337/490/420
f 337/490/420 338/489/419 272/479/325
f 337/490/420 272/479/325 286/491/339
f 337/490/420 286/491/339 341/492/421
f 341/492/421 286/491/339 285/493/354
f 341/492/421 285/493/354 284/494/355
f 341/492/421 284/494/355 342/488/418
f 342/488/418 284/494/355 334/486/416
f 339/480/411 272/479/325 338/489/419
f 342/488/418 337/490/420 341/492/421
f 344/485/415 340/482/412 339/480/411
f 344/485/415 339/480/411 343/487/417
f 343/487/417 339/480/411 338/489/419
f 284/495/355 223/496/272 334/497/422
f 334/497/422 223/496/272 301/498/423
f 301/499/424 300/500/425 349/501/426
f 349/501/426 300/500/425 351/502/427
f 349/501/426 351/502/427 348/503/428
f 348/503/428 351/502/427 352/504/429
f 348/503/428 352/504/429 347/505/430
f 347/505/430 352/504/429 346/506/431
f 346/506/431 352/504/429 353/507/432
f 346/506/431 353/507/432 345/508/433
f 345/508/433 353/507/432 110/509/434
f 300/500/425 299/510/435 351/502/427
f 351/502/427 299/510/435 350/511/436
f 351/502/427 350/511/436 352/504/429
f 352/504/429 350/511/436 353/507/432
f 299/510/435 110/512/437 350/511/436
f 350/511/436 110/513/438 353/507/432
f 354/514/439 355/515/440 358/516/441
f 358/516/441 355/515/440 360/517/442
f 358/516/441 360/517/442 357/518/443
f 357/518/443 360/517/442 361/519/444
f 357/518/443 361/519/444 310/520/396
f 310/520/396 361/519/444 311/521/445
f 311/521/445 361/519/444 362/522/446
f 311/521/445 362/522/446 312/523/447
f 312/523/447 362/522/446 105/524/448
f 355/515/440 356/525/449 360/517/442
f 360/517/442 356/525/449 359/526/450
f 360/517/442 359/526/450 361/519/444
f 361/519/444 359/526/450 362/522/446
f 356/525/449 105/527/451 359/526/450
f 359/526/450 105/528/452 362/522/446
f 368/529/453 354/530/454 367/531/455
f 367/531/455 354/530/454 358/532/456
f 367/531/455 358/532/456 366/533/457
f 366/533/457 358/532/456 365/534/458
f 365/534/458 358/532/456 357/535/459
f 365/534/458 357/535/459 364/536/460
f 364/536/460 357/535/459 363/537/461
f 363/537/461 357/535/459 310/538/396
f 363/537/461 310/538/396 321/539/397
f 375/540/462 368/541/463 376/542/464
f 376/542/464 368/541/463 367/543/465
f 376/542/464 367/543/465 378/544/466
f 378/544/466 367/543/465 366/545/467
f 378/544/466 366/545/467 380/546/468
f 380/546/468 366/545/467 365/547/469
f 380/546/468 365/547/469 382/548/470
f 382/548/470 365/547/469 364/549/460
f 382/548/470 364/549/460 384/550/471
f 384/550/471 364/549/460 363/551/461
f 384/550/471 363/551/461 324/552/472
f 324/552/472 363/551/461 321/553/397
f 324/552/472 323/554/473 384/550/471
f 384/550/471 323/554/473 385/555/474
f 384/550/471 385/555/474 382/548/470
f 382/548/470 385/555/474 383/556/475
f 382/548/470 383/556/475 380/546/468
f 380/546/468 383/556/475 381/557/476
f 380/546/468 381/557/476 378/544/466
f 378/544/466 381/557/476 379/558/477
f 378/544/466 379/558/477 376/542/464
f 376/542/464 379/558/477 377/559/478
f 376/542/464 377/559/478 375/540/462
f 375/540/462 377/559/478 374/560/479
f 374/560/479 377/559/478 373/561/480
f 374/560/479 373/561/480 113/562/147
f 323/554/473 322/563/404 385/555/474
f 385/555/474 322/563/404 369/564/481
f 385/555/474 369/564/481 383/556/475
f 383/556/475 369/564/481 370/565/482
f 383/556/475 370/565/482 381/557/476
f 381/557/476 370/565/482 371/566/483
f 381/557/476 371/566/483 379/558/477
f 379/558/477 371/566/483 372/567/484
f 379/558/477 372/567/484 377/559/478
f 377/559/478 372/567/484 373/561/480
f 114/568/149 113/569/147 391/570/485
f 391/570/485 113/569/147 373/571/480
f 391/570/485 373/571/480 392/572/486
f 392/572/486 373/571/480 372/573/484
f 392/572/486 372/573/484 393/574/487
f 393/574/487 372/573/484 371/575/483
f 393/574/487 371/575/483 394/576/488
f 394/576/488 371/575/483 370/577/482
f 394/576/488 370/577/482 395/578/489
f 395/578/489 370/577/482 369/579/481
f 395/578/489 369/579/481 322/580/404
f 322/580/404 333/581/410 395/578/489
f 395/578/489 333/581/410 386/582/490
f 395/578/489 386/582/490 394/576/488
f 394/576/488 386/582/490 387/583/491
f 394/576/488 387/583/491 393/574/487
f 393/574/487 387/583/491 388/584/492
f 393/574/487 388/584/492 392/572/486
f 392/572/486 388/584/492 389/585/493
f 392/572/486 389/585/493 391/570/485
f 391/570/485 389/585/493 390/586/494
f 391/570/485 390/586/494 114/568/149
f 403/587/495 114/588/149 404/589/496
f 404/589/496 114/588/149 390/590/494
f 404/589/496 390/590/494 406/591/497
f 406/591/497 390/590/494 389/592/493
f 406/591/497 389/592/493 408/593/498
f 408/593/498 389/592/493 388/594/492
f 408/593/498 388/594/492 410/595/499
f 410/595/499 388/594/492 387/596/491
f 410/595/499 387/596/491 412/597/500
f 412/597/500 387/596/491 386/598/490
f 412/597/500 386/598/490 336/599/501
f 336/599/501 386/598/490 333/600/410
f 336/599/501 335/601/502 412/597/500
f 412/597/500 335/601/502 413/602/503
f 412/597/500 413/602/503 410/595/499
f 410/595/499 413/602/503 411/603/504
f 410/595/499 411/603/504 408/593/498
f 408/593/498 411/603/504 409/604/505
f 408/593/498 409/604/505 406/591/497
f 406/591/497 409/604/505 407/605/506
f 406/591/497 407/605/506 404/589/496
f 404/589/496 407/605/506 405/606/507
f 404/589/496 405/606/507 403/587/495
f 403/587/495 405/606/507 402/607/508
f 402/607/508 405/606/507 400/608/509
f 402/607/508 400/608/509 401/609/510
f 335/601/502 334/610/422 413/602/503
f 413/602/503 334/610/422 396/611/511
f 413/602/503 396/611/511 411/603/504
f 411/603/504 396/611/511 397/612/512
f 411/603/504 397/612/512 409/604/505
f 409/604/505 397/612/512 398/613/513
f 409/604/505 398/613/513 407/605/506
f 407/605/506 398/613/513 399/614/514
f 407/605/506 399/614/514 405/606/507
f 405/606/507 399/614/514 400/608/509
f 401/615/515 400/616/516 347/617/517
f 347/617/517 400/616/516 348/618/518
f 348/618/518 400/616/516 399/619/514
f 348/618/518 399/619/514 398/620/519
f 348/618/518 398/620/519 349/621/520
f 349/621/520 398/620/519 397/622/512
f 349/621/520 397/622/512 396/623/511
f 334/624/422 301/625/423 396/623/511
f 396/623/511 301/625/423 349/621/520
f 110/626/109 109/627/111 345/628/521
f 345/628/521 109/627/111 414/629/522
f 345/628/521 414/629/522 346/630/523
f 346/630/523 414/629/522 415/631/524
f 346/630/523 415/631/524 347/632/525
f 347/632/525 415/631/524 416/633/526
f 418/634/527 42/635/528 417/636/529
f 417/636/529 42/635/528 41/637/530
f 417/636/529 41/637/530 40/638/531
f 1/639/532 52/640/533 418/634/527
f 418/634/527 52/640/533 51/641/534
f 418/634/527 51/641/534 50/642/535
f 50/642/535 49/643/536 418/634/527
f 418/634/527 49/643/536 48/644/537
f 418/634/527 48/644/537 47/645/538
f 47/645/538 46/646/539 418/634/527
f 418/634/527 46/646/539 45/647/540
f 418/634/527 45/647/540 44/648/541
f 44/648/541 43/649/542 418/634/527
f 418/634/527 43/649/542 42/635/528
f 40/638/531 39/650/543 417/636/529
f 417/636/529 39/650/543 38/651/544
f 417/636/529 38/651/544 37/652/545
f 37/652/545 36/653/546 417/636/529
f 417/636/529 36/653/546 35/654/547
f 417/636/529 35/654/547 34/655/548
f 34/655/548 33/656/549 417/636/529
f 417/636/529 33/656/549 32/657/550
f 417/636/529 32/657/550 31/658/551
f 419/659/552 420/660/553 354/661/554
f 354/661/554 420/660/553 355/662/555
f 355/662/555 420/660/553 421/663/556
f 355/662/555 421/663/556 356/664/557
f 356/664/557 421/663/556 106/665/105
f 356/664/557 106/665/105 105/666/107
f 428/667/558 422/668/559 368/669/453
f 368/669/453 422/668/559 423/670/560
f 368/669/453 423/670/560 354/671/454
f 354/671/454 423/670/560 424/672/561
f 354/671/454 424/672/561 425/673/562
f 425/673/562 419/674/563 354/671/454
f 426/675/564 427/676/565 368/669/453
f 368/669/453 427/676/565 428/667/558
f 113/677/147 112/678/142 374/679/566
f 374/679/566 112/678/142 429/680/567
f 374/679/566 429/680/567 375/681/568
f 375/681/568 429/680/567 430/682/569
f 375/681/568 430/682/569 368/683/570
f 368/683/570 430/682/569 426/684/571
f 79/685/572 78/686/573 432/687/574
f 432/687/574 78/686/573 77/688/575
f 432/687/574 77/688/575 76/689/576
f 76/689/576 75/690/577 432/687/574
f 432/687/574 75/690/577 74/691/578
f 432/687/574 74/691/578 73/692/579
f 73/692/579 72/693/580 432/687/574
f 432/687/574 72/693/580 71/694/581
f 432/687/574 71/694/581 70/695/582
f 70/695/582 69/696/583 432/687/574
f 432/687/574 69/696/583 68/697/584
f 432/687/574 68/697/584 431/698/585
f 431/698/585 68/697/584 67/699/586
f 431/698/585 67/699/586 66/700/587
f 66/700/587 65/701/588 431/698/585
f 431/698/585 65/701/588 64/702/589
f 431/698/585 64/702/589 63/703/590
f 63/703/590 62/704/591 431/698/585
f 431/698/585 62/704/591 61/705/592
f 431/698/585 61/705/592 60/706/593
f 60/706/593 59/707/594 431/698/585
f 431/698/585 59/707/594 58/708/595
f 431/698/585 58/708/595 57/709/596
f 433/710/597 434/711/598 401/712/599
f 401/712/599 434/711/598 402/713/600
f 402/713/600 434/711/598 435/714/601
f 402/713/600 435/714/601 403/715/602
f 403/715/602 435/714/601 115/716/151
f 403/715/602 115/716/151 114/717/149
f 441/718/603 436/719/604 347/720/517
f 347/720/517 436/719/604 437/721/605
f 347/720/517 437/721/605 401/722/515
f 401/722/515 437/721/605 438/723/606
f 401/722/515 438/723/606 439/724/607
f 439/724/607 433/725/608 401/722/515
f 416/726/609 440/727/610 347/720/517
f 347/720/517 440/727/610 441/718/603
f 443/728/611 444/729/612 442/730/613
f 442/730/613 444/729/612 445/731/614
f 446/732/615 447/733/616 449/734/617
f 449/734/617 447/733/616 448/735/618
f 450/736/619 451/737/620 453/738/621
f 453/738/621 451/737/620 452/739/622
f 436/740/623 454/741/624 437/742/625
f 437/742/625 454/741/624 455/743/626
f 457/744/627 423/745/628 456/746/629
f 456/746/629 423/745/628 422/747/630
f 459/748/631 460/749/632 458/750/633
f 458/750/633 460/749/632 461/751/634
f 27/752/118 107/753/114 28/754/635
f 28/754/635 107/753/114 466/755/636
f 28/754/635 466/755/636 467/756/637
f 467/756/637 466/755/636 471/757/638
f 467/756/637 471/757/638 472/758/639
f 472/758/639 471/757/638 461/759/634
f 472/758/639 461/759/634 473/760/640
f 473/760/640 461/759/634 464/761/641
f 473/760/640 464/761/641 469/762/642
f 469/762/642 464/761/641 465/763/643
f 469/762/642 465/763/643 417/764/529
f 107/753/114 462/765/644 466/755/636
f 466/755/636 462/765/644 470/766/645
f 466/755/636 470/766/645 471/757/638
f 471/757/638 470/766/645 458/767/633
f 471/757/638 458/767/633 461/759/634
f 462/765/644 463/768/646 470/766/645
f 470/766/645 463/768/646 458/767/633
f 417/764/529 31/769/551 469/762/642
f 469/762/642 31/769/551 468/770/647
f 469/762/642 468/770/647 473/760/640
f 473/760/640 468/770/647 472/758/639
f 31/769/551 30/771/648 468/770/647
f 468/770/647 30/771/648 29/772/649
f 468/770/647 29/772/649 467/756/637
f 467/756/637 29/772/649 28/754/635
f 472/758/639 468/770/647 467/756/637
f 459/773/631 458/774/633 477/775/650
f 477/775/650 458/774/633 474/776/651
f 477/775/650 474/776/651 476/777/652
f 476/777/652 474/776/651 475/778/653
f 476/777/652 475/778/653 456/779/629
f 456/779/629 475/778/653 457/780/627
f 447/781/616 478/782/654 483/783/655
f 483/783/655 478/782/654 479/784/656
f 483/783/655 479/784/656 482/785/657
f 482/785/657 479/784/656 417/786/529
f 482/785/657 417/786/529 465/787/658
f 482/785/657 465/787/658 484/788/659
f 484/788/659 465/787/658 464/789/660
f 484/788/659 464/789/660 480/790/661
f 480/790/661 464/789/660 461/791/634
f 480/790/661 481/792/662 484/788/659
f 484/788/659 481/792/662 485/793/663
f 484/788/659 485/793/663 482/785/657
f 482/785/657 485/793/663 483/783/655
f 481/792/662 447/794/616 485/793/663
f 485/793/663 447/795/616 483/783/655
f 459/796/631 492/797/664 460/798/632
f 460/798/632 492/797/664 493/799/665
f 460/798/632 493/799/665 489/800/666
f 489/800/666 493/799/665 488/801/667
f 488/801/667 493/799/665 497/802/668
f 488/801/667 497/802/668 432/803/574
f 432/803/574 497/802/668 496/804/669
f 432/803/574 496/804/669 81/805/670
f 81/805/670 496/804/669 495/806/671
f 81/805/670 495/806/671 82/807/672
f 82/807/672 495/806/671 494/808/673
f 82/807/672 494/808/673 83/809/134
f 83/809/134 494/808/673 111/810/135
f 111/810/135 494/808/673 487/811/674
f 487/811/674 494/808/673 486/812/675
f 486/812/675 494/808/673 490/813/676
f 486/812/675 490/813/676 459/796/631
f 459/796/631 490/813/676 491/814/677
f 459/796/631 491/814/677 492/797/664
f 492/797/664 491/814/677 496/804/669
f 492/797/664 496/804/669 497/802/668
f 81/805/670 80/815/678 432/803/574
f 432/803/574 80/815/678 79/816/572
f 494/808/673 495/806/671 490/813/676
f 490/813/676 495/806/671 491/814/677
f 497/802/668 493/799/665 492/797/664
f 495/806/671 496/804/669 491/814/677
f 448/817/618 447/818/616 499/819/679
f 499/819/679 447/818/616 481/820/662
f 499/819/679 481/820/662 498/821/680
f 498/821/680 481/820/662 480/822/661
f 498/821/680 480/822/661 460/823/632
f 460/823/632 480/822/661 461/824/634
f 479/825/656 502/826/681 417/827/529
f 417/827/529 502/826/681 503/828/682
f 417/827/529 503/828/682 418/829/527
f 418/829/527 503/828/682 504/830/683
f 418/829/527 504/830/683 501/831/684
f 501/831/684 504/830/683 500/832/685
f 500/832/685 504/830/683 507/833/686
f 500/832/685 507/833/686 446/834/615
f 446/834/615 507/833/686 506/835/687
f 446/834/615 506/835/687 447/836/616
f 447/836/616 506/835/687 505/837/688
f 447/836/616 505/837/688 478/838/654
f 478/838/654 505/837/688 479/825/656
f 479/825/656 505/837/688 502/826/681
f 507/833/686 504/830/683 503/828/682
f 505/837/688 506/835/687 502/826/681
f 502/826/681 506/835/687 503/828/682
f 506/835/687 507/833/686 503/828/682
f 448/839/618 499/840/679 511/841/689
f 511/841/689 499/840/679 498/842/680
f 511/841/689 498/842/680 510/843/690
f 510/843/690 498/842/680 460/844/632
f 510/843/690 460/844/632 489/845/666
f 510/843/690 489/845/666 512/846/691
f 512/846/691 489/845/666 488/847/667
f 512/846/691 488/847/667 508/848/692
f 508/848/692 488/847/667 432/849/574
f 508/848/692 509/850/693 512/846/691
f 512/846/691 509/850/693 513/851/694
f 512/846/691 513/851/694 510/843/690
f 510/843/690 513/851/694 511/841/689
f 509/850/693 448/852/618 513/851/694
f 513/851/694 448/853/618 511/841/689
f 446/854/615 514/855/695 519/856/696
f 519/856/696 514/855/695 515/857/697
f 519/856/696 515/857/697 518/858/698
f 518/858/698 515/857/697 453/859/621
f 518/858/698 453/859/621 516/860/699
f 518/858/698 516/860/699 520/861/700
f 520/861/700 516/860/699 517/862/701
f 520/861/700 517/862/701 501/863/684
f 501/863/684 517/862/701 418/864/527
f 501/863/684 500/865/685 520/861/700
f 520/861/700 500/865/685 521/866/702
f 520/861/700 521/866/702 518/858/698
f 518/858/698 521/866/702 519/856/696
f 500/865/685 446/867/615 521/866/702
f 521/866/702 446/868/615 519/856/696
f 452/869/622 526/870/703 453/871/621
f 453/871/621 526/870/703 527/872/704
f 453/871/621 527/872/704 516/873/705
f 516/873/705 527/872/704 517/874/706
f 517/874/706 527/872/704 531/875/707
f 517/874/706 531/875/707 418/876/527
f 418/876/527 531/875/707 2/877/708
f 418/876/527 2/877/708 1/878/532
f 522/879/709 524/880/710 452/869/622
f 452/869/622 524/880/710 525/881/711
f 452/869/622 525/881/711 526/870/703
f 526/870/703 525/881/711 530/882/712
f 526/870/703 530/882/712 531/875/707
f 531/875/707 530/882/712 2/877/708
f 524/880/710 522/879/709 528/883/713
f 528/883/713 522/879/709 523/884/714
f 528/883/713 523/884/714 108/885/127
f 108/885/127 5/886/133 528/883/713
f 528/883/713 5/886/133 4/887/715
f 528/883/713 4/887/715 529/888/716
f 529/888/716 4/887/715 3/889/717
f 529/888/716 3/889/717 530/882/712
f 530/882/712 3/889/717 2/877/708
f 528/883/713 529/888/716 524/880/710
f 524/880/710 529/888/716 525/881/711
f 531/875/707 527/872/704 526/870/703
f 529/888/716 530/882/712 525/881/711
f 509/890/718 534/891/719 448/892/720
f 448/892/720 534/891/719 535/893/721
f 448/892/720 535/893/721 449/894/617
f 449/894/617 535/893/721 536/895/722
f 449/894/617 536/895/722 533/896/723
f 533/896/723 536/895/722 532/897/724
f 532/897/724 536/895/722 539/898/725
f 532/897/724 539/898/725 431/899/585
f 431/899/585 539/898/725 538/900/726
f 431/899/585 538/900/726 432/901/574
f 432/901/574 538/900/726 537/902/727
f 432/901/574 537/902/727 508/903/728
f 508/903/728 537/902/727 509/890/718
f 509/890/718 537/902/727 534/891/719
f 539/898/725 536/895/722 535/893/721
f 537/902/727 538/900/726 534/891/719
f 534/891/719 538/900/726 535/893/721
f 538/900/726 539/898/725 535/893/721
f 450/904/619 453/905/621 541/906/729
f 541/906/729 453/905/621 515/907/697
f 541/906/729 515/907/697 540/908/730
f 540/908/730 515/907/697 514/909/695
f 540/908/730 514/909/695 449/910/617
f 449/910/617 514/909/695 446/911/615
f 455/912/626 454/913/624 545/914/731
f 545/914/731 454/913/624 542/915/732
f 545/914/731 542/915/732 544/916/733
f 544/916/733 542/915/732 543/917/734
f 544/916/733 543/917/734 451/918/620
f 451/918/620 543/917/734 452/919/622
f 450/920/619 541/921/729 549/922/735
f 549/922/735 541/921/729 540/923/730
f 549/922/735 540/923/730 548/924/736
f 548/924/736 540/923/730 449/925/617
f 548/924/736 449/925/617 533/926/723
f 548/924/736 533/926/723 550/927/737
f 550/927/737 533/926/723 532/928/724
f 550/927/737 532/928/724 546/929/738
f 546/929/738 532/928/724 431/930/585
f 546/929/738 547/931/739 550/927/737
f 550/927/737 547/931/739 551/932/740
f 550/927/737 551/932/740 548/924/736
f 548/924/736 551/932/740 549/922/735
f 547/931/739 450/933/619 551/932/740
f 551/932/740 450/934/619 549/922/735
f 53/935/162 116/936/156 54/937/741
f 54/937/741 116/936/156 554/938/742
f 54/937/741 554/938/742 555/939/743
f 555/939/743 554/938/742 559/940/744
f 555/939/743 559/940/744 560/941/745
f 560/941/745 559/940/744 450/942/619
f 560/941/745 450/942/619 561/943/746
f 561/943/746 450/942/619 547/944/739
f 561/943/746 547/944/739 557/945/747
f 557/945/747 547/944/739 546/946/738
f 557/945/747 546/946/738 56/947/748
f 56/947/748 546/946/738 431/948/585
f 56/947/748 431/948/585 57/949/596
f 116/936/156 552/950/749 554/938/742
f 554/938/742 552/950/749 558/951/750
f 554/938/742 558/951/750 559/940/744
f 559/940/744 558/951/750 451/952/751
f 559/940/744 451/952/751 450/942/619
f 552/950/749 553/953/752 558/951/750
f 558/951/750 553/953/752 451/952/751
f 557/945/747 56/947/748 556/954/753
f 556/954/753 56/947/748 55/955/754
f 556/954/753 55/955/754 555/939/743
f 555/939/743 55/955/754 54/937/741
f 561/943/746 557/945/747 556/954/753
f 561/943/746 556/954/753 560/941/745
f 560/941/745 556/954/753 555/939/743
f 562/956/755 568/957/756 445/958/614
f 445/958/614 568/957/756 569/959/757
f 445/958/614 569/959/757 567/960/758
f 567/960/758 569/959/757 566/961/759
f 566/961/759 569/959/757 571/962/760
f 566/961/759 571/962/760 565/963/761
f 565/963/761 571/962/760 173/964/233
f 173/964/233 571/962/760 570/965/762
f 173/964/233 570/965/762 564/966/763
f 564/966/763 570/965/762 563/967/764
f 563/967/764 570/965/762 568/957/756
f 563/967/764 568/957/756 562/956/755
f 564/966/763 195/968/242 173/964/233
f 567/960/758 442/969/613 445/958/614
f 571/962/760 569/959/757 568/957/756
f 570/965/762 571/962/760 568/957/756
f 566/970/765 579/971/766 567/972/767
f 567/972/767 579/971/766 580/973/768
f 567/972/767 580/973/768 442/974/769
f 579/971/766 566/970/765 578/975/770
f 578/975/770 566/970/765 565/976/771
f 578/975/770 565/976/771 577/977/772
f 577/977/772 565/976/771 173/978/773
f 577/977/772 173/978/773 172/979/774
f 577/977/772 172/979/774 576/980/775
f 576/980/775 172/979/774 171/981/776
f 576/980/775 171/981/776 591/982/777
f 591/982/777 171/981/776 584/983/778
f 591/982/777 584/983/778 585/984/779
f 585/984/779 584/983/778 594/985/780
f 585/984/779 594/985/780 593/986/781
f 593/986/781 594/985/780 573/987/782
f 593/986/781 573/987/782 574/988/783
f 584/983/778 171/981/776 575/989/784
f 575/989/784 171/981/776 169/990/216
f 575/989/784 169/990/216 572/991/785
f 575/989/784 572/991/785 594/985/780
f 594/985/780 572/991/785 573/987/782
f 593/986/781 574/988/783 592/992/786
f 592/992/786 574/988/783 442/993/787
f 592/992/786 442/994/788 587/995/789
f 587/995/789 442/996/790 588/997/791
f 588/997/791 442/998/792 583/999/793
f 583/999/793 442/1000/794 580/973/768
f 578/975/770 577/977/772 581/1001/795
f 581/1001/795 577/977/772 576/980/775
f 581/1001/795 576/980/775 590/1002/796
f 590/1002/796 576/980/775 591/982/777
f 590/1002/796 591/982/777 585/984/779
f 583/999/793 580/973/768 579/971/766
f 579/971/766 578/975/770 582/1003/797
f 582/1003/797 578/975/770 581/1001/795
f 582/1003/797 581/1001/795 589/1004/798
f 589/1004/798 581/1001/795 590/1002/796
f 589/1004/798 590/1002/796 586/1005/799
f 586/1005/799 590/1002/796 585/984/779
f 586/1005/799 585/984/779 593/986/781
f 588/997/791 583/999/793 582/1003/797
f 582/1003/797 583/999/793 579/971/766
f 588/997/791 582/1003/797 589/1004/798
f 575/989/784 594/985/780 584/983/778
f 588/997/791 589/1004/798 587/995/789
f 587/995/789 589/1004/798 586/1005/799
f 587/995/789 586/1005/799 592/992/786
f 592/992/786 586/1005/799 593/986/781
f 597/1006/800 199/1007/267 600/1008/801
f 600/1008/801 199/1007/267 198/1009/802
f 600/1008/801 198/1009/802 599/1010/803
f 599/1010/803 198/1009/802 197/1011/804
f 599/1010/803 197/1011/804 614/1012/805
f 614/1012/805 197/1011/804 607/1013/806
f 614/1012/805 607/1013/806 608/1014/807
f 608/1014/807 607/1013/806 617/1015/808
f 608/1014/807 617/1015/808 616/1016/809
f 616/1016/809 617/1015/808 563/1017/810
f 616/1016/809 563/1017/810 562/1018/811
f 607/1013/806 197/1011/804 598/1019/812
f 598/1019/812 197/1011/804 195/1020/813
f 598/1019/812 195/1020/813 564/1021/814
f 598/1019/812 564/1021/814 617/1015/808
f 617/1015/808 564/1021/814 563/1017/810
f 616/1016/809 562/1018/811 615/1022/815
f 615/1022/815 562/1018/811 445/1023/816
f 596/1024/817 602/1025/818 595/1026/819
f 595/1026/819 602/1025/818 603/1027/820
f 595/1026/819 603/1027/820 445/1028/821
f 602/1025/818 596/1024/817 601/1029/822
f 601/1029/822 596/1024/817 597/1006/800
f 601/1029/822 597/1006/800 600/1008/801
f 615/1022/815 445/1030/823 610/1031/824
f 610/1031/824 445/1032/825 611/1033/826
f 611/1033/826 445/1034/827 606/1035/828
f 606/1035/828 445/1036/829 603/1027/820
f 601/1029/822 600/1008/801 604/1037/830
f 604/1037/830 600/1008/801 599/1010/803
f 604/1037/830 599/1010/803 613/1038/831
f 613/1038/831 599/1010/803 614/1012/805
f 613/1038/831 614/1012/805 608/1014/807
f 606/1035/828 603/1027/820 602/1025/818
f 602/1025/818 601/1029/822 605/1039/832
f 605/1039/832 601/1029/822 604/1037/830
f 605/1039/832 604/1037/830 612/1040/833
f 612/1040/833 604/1037/830 613/1038/831
f 612/1040/833 613/1038/831 609/1041/834
f 609/1041/834 613/1038/831 608/1014/807
f 609/1041/834 608/1014/807 616/1016/809
f 611/1033/826 606/1035/828 605/1039/832
f 605/1039/832 606/1035/828 602/1025/818
f 611/1033/826 605/1039/832 612/1040/833
f 598/1019/812 617/1015/808 607/1013/806
f 611/1033/826 612/1040/833 610/1031/824
f 610/1031/824 612/1040/833 609/1041/834
f 610/1031/824 609/1041/834 615/1022/815
f 615/1022/815 609/1041/834 616/1016/809
f 443/1042/611 442/1043/613 620/1044/835
f 620/1044/835 442/1043/613 574/1045/836
f 620/1044/835 574/1045/836 573/1046/837
f 620/1044/835 573/1046/837 619/1047/838
f 619/1047/838 573/1046/837 572/1048/839
f 619/1047/838 572/1048/839 618/1049/840
f 618/1049/840 572/1048/839 147/1050/207
f 147/1050/207 572/1048/839 169/1051/216
f 118/1052/163 199/1053/267 623/1054/841
f 623/1054/841 199/1053/267 597/1055/842
f 623/1054/841 597/1055/842 596/1056/843
f 623/1054/841 596/1056/843 622/1057/844
f 622/1057/844 596/1056/843 595/1058/845
f 622/1057/844 595/1058/845 621/1059/846
f 621/1059/846 595/1058/845 444/1060/612
f 444/1060/612 595/1058/845 445/1061/614
f 619/1062/847 631/1063/848 620/1064/849
f 620/1064/849 631/1063/848 632/1065/850
f 620/1064/849 632/1065/850 443/1066/851
f 631/1063/848 619/1062/847 630/1067/852
f 630/1067/852 619/1062/847 618/1068/853
f 630/1067/852 618/1068/853 629/1069/854
f 629/1069/854 618/1068/853 147/1070/207
f 629/1069/854 147/1070/207 146/1071/855
f 629/1069/854 146/1071/855 628/1072/856
f 628/1072/856 146/1071/855 145/1073/857
f 628/1072/856 145/1073/857 643/1074/858
f 643/1074/858 145/1073/857 636/1075/859
f 643/1074/858 636/1075/859 637/1076/860
f 637/1076/860 636/1075/859 646/1077/861
f 637/1076/860 646/1077/861 645/1078/862
f 645/1078/862 646/1077/861 625/1079/863
f 645/1078/862 625/1079/863 626/1080/864
f 636/1075/859 145/1073/857 627/1081/865
f 627/1081/865 145/1073/857 143/1082/866
f 627/1081/865 143/1082/866 624/1083/867
f 627/1081/865 624/1083/867 646/1077/861
f 646/1077/861 624/1083/867 625/1079/863
f 645/1078/862 626/1080/864 644/1084/868
f 644/1084/868 626/1080/864 443/1085/869
f 644/1084/868 443/1086/870 639/1087/871
f 639/1087/871 443/1088/872 640/1089/873
f 640/1089/873 443/1090/874 635/1091/875
f 635/1091/875 443/1092/876 632/1065/850
f 630/1067/852 629/1069/854 633/1093/877
f 633/1093/877 629/1069/854 628/1072/856
f 633/1093/877 628/1072/856 642/1094/878
f 642/1094/878 628/1072/856 643/1074/858
f 642/1094/878 643/1074/858 637/1076/860
f 635/1091/875 632/1065/850 631/1063/848
f 631/1063/848 630/1067/852 634/1095/879
f 634/1095/879 630/1067/852 633/1093/877
f 634/1095/879 633/1093/877 641/1096/880
f 641/1096/880 633/1093/877 642/1094/878
f 641/1096/880 642/1094/878 638/1097/881
f 638/1097/881 642/1094/878 637/1076/860
f 638/1097/881 637/1076/860 645/1078/862
f 640/1089/873 635/1091/875 634/1095/879
f 634/1095/879 635/1091/875 631/1063/848
f 640/1089/873 634/1095/879 641/1096/880
f 627/1081/865 646/1077/861 636/1075/859
f 640/1089/873 641/1096/880 639/1087/871
f 639/1087/871 641/1096/880 638/1097/881
f 639/1087/871 638/1097/881 644/1084/868
f 644/1084/868 638/1097/881 645/1078/862
f 649/1098/882 121/1099/883 652/1100/884
f 652/1100/884 121/1099/883 120/1101/885
f 652/1100/884 120/1101/885 651/1102/886
f 651/1102/886 120/1101/885 119/1103/887
f 651/1102/886 119/1103/887 666/1104/888
f 666/1104/888 119/1103/887 659/1105/889
f 666/1104/888 659/1105/889 660/1106/890
f 660/1106/890 659/1105/889 669/1107/891
f 660/1106/890 669/1107/891 668/1108/892
f 668/1108/892 669/1107/891 622/1109/893
f 668/1108/892 622/1109/893 621/1110/894
f 659/1105/889 119/1103/887 650/1111/895
f 650/1111/895 119/1103/887 118/1112/896
f 650/1111/895 118/1112/896 623/1113/897
f 650/1111/895 623/1113/897 669/1107/891
f 669/1107/891 623/1113/897 622/1109/893
f 668/1108/892 621/1110/894 667/1114/898
f 667/1114/898 621/1110/894 444/1115/899
f 648/1116/900 654/1117/901 647/1118/902
f 647/1118/902 654/1117/901 655/1119/903
f 647/1118/902 655/1119/903 444/1120/904
f 654/1117/901 648/1116/900 653/1121/905
f 653/1121/905 648/1116/900 649/1098/882
f 653/1121/905 649/1098/882 652/1100/884
f 667/1114/898 444/1122/906 662/1123/907
f 662/1123/907 444/1124/908 663/1125/909
f 663/1125/909 444/1126/910 658/1127/911
f 658/1127/911 444/1128/912 655/1119/903
f 653/1121/905 652/1100/884 656/1129/913
f 656/1129/913 652/1100/884 651/1102/886
f 656/1129/913 651/1102/886 665/1130/914
f 665/1130/914 651/1102/886 666/1104/888
f 665/1130/914 666/1104/888 660/1106/890
f 658/1127/911 655/1119/903 654/1117/901
f 654/1117/901 653/1121/905 657/1131/915
f 657/1131/915 653/1121/905 656/1129/913
f 657/1131/915 656/1129/913 664/1132/916
f 664/1132/916 656/1129/913 665/1130/914
f 664/1132/916 665/1130/914 661/1133/917
f 661/1133/917 665/1130/914 660/1106/890
f 661/1133/917 660/1106/890 668/1108/892
f 663/1125/909 658/1127/911 657/1131/915
f 657/1131/915 658/1127/911 654/1117/901
f 663/1125/909 657/1131/915 664/1132/916
f 650/1111/895 669/1107/891 659/1105/889
f 663/1125/909 664/1132/916 662/1123/907
f 662/1123/907 664/1132/916 661/1133/917
f 662/1123/907 661/1133/917 667/1114/898
f 667/1114/898 661/1133/917 668/1108/892
f 626/1134/918 670/1135/919 443/1136/611
f 443/1136/611 670/1135/919 671/1137/920
f 443/1136/611 671/1137/920 647/1138/921
f 647/1138/921 671/1137/920 648/1139/922
f 648/1139/922 671/1137/920 673/1140/923
f 648/1139/922 673/1140/923 649/1141/924
f 649/1141/924 673/1140/923 121/1142/181
f 121/1142/181 673/1140/923 672/1143/925
f 121/1142/181 672/1143/925 624/1144/926
f 624/1144/926 672/1143/925 625/1145/927
f 625/1145/927 672/1143/925 670/1135/919
f 625/1145/927 670/1135/919 626/1134/918
f 624/1144/926 143/1146/190 121/1142/181
f 647/1138/921 444/1147/612 443/1136/611
f 673/1140/923 671/1137/920 670/1135/919
f 672/1143/925 673/1140/923 670/1135/919
f 420/1148/928 419/1149/929 674/1150/930
f 674/1150/930 419/1149/929 425/1151/931
f 674/1150/930 425/1151/931 457/1152/627
f 457/1152/627 425/1151/931 424/1153/932
f 457/1152/627 424/1153/932 423/1154/628
f 674/1150/930 675/1155/933 420/1148/928
f 420/1148/928 675/1155/933 421/1156/934
f 421/1156/934 675/1155/933 107/1157/114
f 421/1156/934 107/1157/114 106/1158/105
f 457/1159/627 475/1160/653 677/1161/935
f 677/1161/935 475/1160/653 474/1162/651
f 677/1161/935 474/1162/651 676/1163/936
f 676/1163/936 474/1162/651 458/1164/633
f 676/1163/936 458/1164/633 463/1165/646
f 676/1163/936 463/1165/646 678/1166/937
f 678/1166/937 463/1165/646 462/1167/644
f 678/1166/937 462/1167/644 675/1168/933
f 675/1168/933 462/1167/644 107/1169/114
f 675/1168/933 674/1170/930 678/1166/937
f 678/1166/937 674/1170/930 679/1171/938
f 678/1166/937 679/1171/938 676/1163/936
f 676/1163/936 679/1171/938 677/1161/935
f 674/1170/930 457/1172/627 679/1171/938
f 679/1171/938 457/1173/627 677/1161/935
f 427/1174/939 426/1175/940 681/1176/941
f 681/1176/941 426/1175/940 430/1177/942
f 681/1176/941 430/1177/942 680/1178/943
f 680/1178/943 430/1177/942 429/1179/944
f 680/1178/943 429/1179/944 111/1180/135
f 111/1180/135 429/1179/944 112/1181/142
f 427/1174/939 681/1176/941 428/1182/945
f 428/1182/945 681/1176/941 456/1183/629
f 428/1182/945 456/1183/629 422/1184/630
f 680/1185/943 111/1186/135 682/1187/946
f 682/1187/946 111/1186/135 487/1188/674
f 682/1187/946 487/1188/674 684/1189/947
f 684/1189/947 487/1188/674 486/1190/948
f 684/1189/947 486/1190/948 477/1191/650
f 477/1191/650 486/1190/948 459/1192/631
f 477/1191/650 476/1193/652 684/1189/947
f 684/1189/947 476/1193/652 685/1194/949
f 684/1189/947 685/1194/949 682/1187/946
f 682/1187/946 685/1194/949 683/1195/950
f 682/1187/946 683/1195/950 680/1185/943
f 680/1185/943 683/1195/950 681/1196/941
f 681/1196/941 683/1195/950 456/1197/629
f 476/1193/652 456/1198/629 685/1194/949
f 685/1194/949 456/1199/629 683/1195/950
f 440/1200/951 416/1201/952 687/1202/953
f 687/1202/953 416/1201/952 415/1203/954
f 687/1202/953 415/1203/954 686/1204/955
f 686/1204/955 415/1203/954 414/1205/956
f 686/1204/955 414/1205/956 108/1206/127
f 108/1206/127 414/1205/956 109/1207/111
f 687/1202/953 454/1208/624 440/1200/951
f 440/1200/951 454/1208/624 441/1209/957
f 441/1209/957 454/1208/624 436/1210/623
f 454/1211/624 687/1212/953 689/1213/958
f 689/1213/958 687/1212/953 686/1214/955
f 689/1213/958 686/1214/955 688/1215/959
f 688/1215/959 686/1214/955 108/1216/127
f 688/1215/959 108/1216/127 523/1217/714
f 688/1215/959 523/1217/714 690/1218/960
f 690/1218/960 523/1217/714 522/1219/709
f 690/1218/960 522/1219/709 543/1220/734
f 543/1220/734 522/1219/709 452/1221/622
f 543/1220/734 542/1222/732 690/1218/960
f 690/1218/960 542/1222/732 691/1223/961
f 690/1218/960 691/1223/961 688/1215/959
f 688/1215/959 691/1223/961 689/1213/958
f 542/1222/732 454/1224/624 691/1223/961
f 691/1223/961 454/1225/624 689/1213/958
f 434/1226/962 433/1227/963 692/1228/964
f 692/1228/964 433/1227/963 439/1229/965
f 692/1228/964 439/1229/965 438/1230/966
f 437/1231/625 455/1232/626 438/1230/966
f 438/1230/966 455/1232/626 692/1228/964
f 692/1228/964 693/1233/967 434/1226/962
f 434/1226/962 693/1233/967 435/1234/968
f 435/1234/968 693/1233/967 116/1235/156
f 435/1234/968 116/1235/156 115/1236/151
f 116/1237/156 693/1238/967 552/1239/969
f 552/1239/969 693/1238/967 695/1240/970
f 552/1239/969 695/1240/970 553/1241/752
f 553/1241/752 695/1240/970 696/1242/971
f 553/1241/752 696/1242/971 451/1243/620
f 451/1243/620 696/1242/971 544/1244/733
f 544/1244/733 696/1242/971 697/1245/972
f 544/1244/733 697/1245/972 545/1246/731
f 545/1246/731 697/1245/972 455/1247/626
f 693/1238/967 692/1248/964 695/1240/970
f 695/1240/970 692/1248/964 694/1249/973
f 695/1240/970 694/1249/973 696/1242/971
f 696/1242/971 694/1249/973 697/1245/972
f 692/1248/964 455/1250/626 694/1249/973
f 694/1249/973 455/1251/626 697/1245/972
# 697 vertices
# 1251 texture params
# 973 normals
# 1394 facets

# 1 groups
