# WaveFront *.obj file (generated by Autodesk ATF)

mtllib body159_visual.mtl

g Body159

v -26.830000 -1.545776 -2.554857
v -26.830000 -1.533482 -2.549492
v -26.830000 -1.523315 -2.540743
v -26.830000 -1.516178 -2.529385
v -26.830000 -1.512706 -2.516428
v -26.830000 -1.513208 -2.503024
v -26.830000 -1.517638 -2.490363
v -26.830000 -1.525603 -2.479570
v -26.830000 -1.536396 -2.471605
v -26.830000 -1.549057 -2.467174
v -26.830000 -1.562462 -2.466673
v -26.830000 -1.575418 -2.470145
v -26.830000 -1.586776 -2.477281
v -26.830000 -1.595526 -2.487448
v -26.830000 -1.600890 -2.499743
v -26.830000 -1.602392 -2.513072
v -26.830000 -1.599898 -2.526252
v -26.830000 -1.593630 -2.538112
v -26.830000 -1.584145 -2.547597
v -26.830000 -1.572286 -2.553865
v -26.830000 -1.559106 -2.556358
v -26.805000 -1.552247 -2.530708
v -26.805000 -1.561141 -2.531041
v -26.805000 -1.569300 -2.527482
v -26.805000 -1.575106 -2.520735
v -26.805000 -1.577409 -2.512138
v -26.805000 -1.575754 -2.503392
v -26.805000 -1.570469 -2.496230
v -26.805000 -1.562600 -2.492071
v -26.805000 -1.553705 -2.491739
v -26.805000 -1.545547 -2.495298
v -26.805000 -1.539741 -2.502045
v -26.805000 -1.537437 -2.510642
v -26.805000 -1.539092 -2.519388
v -26.805000 -1.544377 -2.526549
v -26.820433 -1.568578 -2.469761
v -26.812322 -1.567175 -2.474996
v -26.806903 -1.565076 -2.482830
v -26.820433 -1.540189 -2.550891
v -26.812322 -1.542356 -2.545924
v -26.806903 -1.545600 -2.538490
v -26.806903 -1.554113 -2.540771
v -26.812322 -1.553205 -2.548831
v -26.820433 -1.552598 -2.554216
v -26.820433 -1.529312 -2.544056
v -26.812322 -1.532847 -2.539948
v -26.806903 -1.538137 -2.533801
v -26.820433 -1.520932 -2.534319
v -26.812322 -1.525521 -2.531436
v -26.806903 -1.532388 -2.527121
v -26.820433 -1.515795 -2.522544
v -26.812322 -1.521029 -2.521142
v -26.806903 -1.528864 -2.519042
v -26.820433 -1.514356 -2.509778
v -26.812322 -1.519772 -2.509981
v -26.806903 -1.527877 -2.510284
v -26.820433 -1.516745 -2.497156
v -26.812322 -1.521860 -2.498946
v -26.806903 -1.529515 -2.501624
v -26.820433 -1.522747 -2.485798
v -26.812322 -1.527108 -2.489016
v -26.806903 -1.533634 -2.493832
v -26.820433 -1.531831 -2.476714
v -26.812322 -1.535049 -2.481075
v -26.806903 -1.539866 -2.487600
v -26.820433 -1.543189 -2.470711
v -26.812322 -1.544979 -2.475827
v -26.806903 -1.547658 -2.483482
v -26.820433 -1.555812 -2.468323
v -26.812322 -1.556014 -2.473739
v -26.806903 -1.556318 -2.481843
v -26.820433 -1.580352 -2.474899
v -26.812322 -1.577469 -2.479487
v -26.806903 -1.573154 -2.486355
v -26.820433 -1.590090 -2.483278
v -26.812322 -1.585982 -2.486813
v -26.806903 -1.579834 -2.492104
v -26.820433 -1.596924 -2.494156
v -26.812322 -1.591957 -2.496323
v -26.806903 -1.584523 -2.499566
v -26.820433 -1.600249 -2.506565
v -26.812322 -1.594864 -2.507171
v -26.806903 -1.586804 -2.508079
v -26.820433 -1.599769 -2.519402
v -26.812322 -1.594444 -2.518395
v -26.806903 -1.586475 -2.516887
v -26.820433 -1.595526 -2.531528
v -26.812322 -1.590735 -2.528995
v -26.806903 -1.583564 -2.525206
v -26.820433 -1.587897 -2.541864
v -26.812322 -1.584065 -2.538032
v -26.806903 -1.578330 -2.532297
v -26.820433 -1.577561 -2.549493
v -26.812322 -1.575029 -2.544701
v -26.806903 -1.571239 -2.537531
v -26.820433 -1.565435 -2.553736
v -26.812322 -1.564428 -2.548411
v -26.806903 -1.562920 -2.540442
v -27.305000 -1.569070 -2.467923
v -27.305000 -1.581365 -2.473287
v -27.305000 -1.591532 -2.482037
v -27.305000 -1.598669 -2.493395
v -27.305000 -1.602140 -2.506351
v -27.305000 -1.601639 -2.519756
v -27.305000 -1.597208 -2.532417
v -27.305000 -1.589243 -2.543210
v -27.305000 -1.578450 -2.551175
v -27.305000 -1.565789 -2.555605
v -27.305000 -1.552385 -2.556107
v -27.305000 -1.539428 -2.552635
v -27.305000 -1.528070 -2.545499
v -27.305000 -1.519321 -2.535331
v -27.305000 -1.513957 -2.523037
v -27.305000 -1.512455 -2.509707
v -27.305000 -1.514948 -2.496527
v -27.305000 -1.521216 -2.484668
v -27.305000 -1.530701 -2.475183
v -27.305000 -1.542561 -2.468915
v -27.305000 -1.555741 -2.466421
v -27.067500 -1.545776 -2.554857
v -27.067500 -1.559106 -2.556358
v -27.067500 -1.572286 -2.553865
v -27.067500 -1.584145 -2.547597
v -27.067500 -1.593630 -2.538112
v -27.067500 -1.599898 -2.526252
v -27.067500 -1.602392 -2.513072
v -27.067500 -1.600890 -2.499743
v -27.067500 -1.595526 -2.487448
v -27.067500 -1.586776 -2.477281
v -27.067500 -1.575418 -2.470145
v -27.067500 -1.562462 -2.466673
v -27.067500 -1.549057 -2.467174
v -27.067500 -1.536396 -2.471605
v -27.067500 -1.525603 -2.479570
v -27.067500 -1.517638 -2.490363
v -27.067500 -1.513208 -2.503024
v -27.067500 -1.512706 -2.516428
v -27.067500 -1.516178 -2.529385
v -27.067500 -1.523315 -2.540743
v -27.067500 -1.533482 -2.549492
v -27.757500 -1.541247 -2.685641
v -27.756653 -1.526555 -2.683646
v -27.755000 -1.512130 -2.680427
v -27.756653 -1.498028 -2.676002
v -27.757500 -1.484307 -2.670384
v -27.757500 -1.460904 -2.657366
v -27.757500 -1.439761 -2.640930
v -27.757500 -1.421374 -2.621461
v -27.757500 -1.406172 -2.599414
v -27.757500 -1.394513 -2.575305
v -27.758023 -1.404477 -2.596434
v -27.758567 -1.417167 -2.616048
v -27.759122 -1.432356 -2.633796
v -27.759677 -1.449773 -2.649363
v -27.760223 -1.469109 -2.662471
v -27.760751 -1.490019 -2.672888
v -27.761250 -1.512130 -2.680427
v -27.779937 -1.512127 -2.680433
v -27.780000 -1.526282 -2.683505
v -27.780000 -1.541247 -2.685641
v -27.780000 -1.567038 -2.686126
v -27.780000 -1.592619 -2.682814
v -27.780000 -1.617436 -2.675778
v -27.780000 -1.640949 -2.665171
v -27.780000 -1.662647 -2.651222
v -27.780000 -1.682059 -2.634235
v -27.780000 -1.698763 -2.614580
v -27.780000 -1.712396 -2.592682
v -27.780000 -1.722662 -2.569018
v -27.780000 -1.729339 -2.544102
v -27.780000 -1.732280 -2.518475
v -27.780000 -1.731422 -2.492695
v -27.780000 -1.726783 -2.467320
v -27.780000 -1.718465 -2.442903
v -27.780000 -1.706649 -2.419975
v -27.780000 -1.691590 -2.399032
v -27.780000 -1.673616 -2.380530
v -27.780000 -1.653117 -2.364871
v -27.780000 -1.630540 -2.352396
v -27.780000 -1.616512 -2.346763
v -27.779875 -1.602717 -2.342353
v -27.780000 -1.588564 -2.339274
v -27.780000 -1.573599 -2.337139
v -27.780000 -1.547809 -2.336654
v -27.780000 -1.522227 -2.339966
v -27.780000 -1.497410 -2.347002
v -27.780000 -1.473897 -2.357610
v -27.780000 -1.452198 -2.371559
v -27.780000 -1.432786 -2.388546
v -27.780000 -1.416082 -2.408202
v -27.780000 -1.402449 -2.430100
v -27.780000 -1.392183 -2.453765
v -27.780000 -1.385507 -2.478681
v -27.780000 -1.382567 -2.504308
v -27.780000 -1.383425 -2.530089
v -27.780000 -1.388064 -2.555464
v -27.780000 -1.396383 -2.579881
v -27.780000 -1.408201 -2.602810
v -27.780000 -1.423261 -2.623753
v -27.780000 -1.441235 -2.642254
v -27.780000 -1.461735 -2.657912
v -27.779681 -1.484313 -2.670386
v -27.778926 -1.467332 -2.661418
v -27.778477 -1.451459 -2.650661
v -27.778022 -1.436842 -2.638217
v -27.777564 -1.423658 -2.624226
v -27.777112 -1.412114 -2.608910
v -27.776669 -1.402312 -2.592418
v -27.776241 -1.394359 -2.574912
v -27.775830 -1.388386 -2.556683
v -27.775342 -1.383924 -2.534259
v -27.774828 -1.382423 -2.511383
v -27.774294 -1.383920 -2.488554
v -27.773751 -1.388377 -2.466130
v -27.773206 -1.395744 -2.444421
v -27.772672 -1.405862 -2.423902
v -27.772156 -1.418564 -2.404886
v -27.771663 -1.433679 -2.387646
v -27.771170 -1.450870 -2.372568
v -27.770661 -1.469874 -2.359864
v -27.770128 -1.490434 -2.349719
v -27.769584 -1.512099 -2.342361
v -27.769040 -1.534544 -2.337892
v -27.768505 -1.557422 -2.336390
v -27.767989 -1.580249 -2.337885
v -27.767500 -1.602716 -2.342353
v -27.767011 -1.624413 -2.349719
v -27.766494 -1.644968 -2.359861
v -27.765959 -1.664011 -2.372595
v -27.765414 -1.681235 -2.387715
v -27.764871 -1.696298 -2.404906
v -27.764338 -1.708983 -2.423899
v -27.763822 -1.719112 -2.444445
v -27.763331 -1.726460 -2.466097
v -27.762843 -1.730923 -2.488523
v -27.762328 -1.732423 -2.511401
v -27.761794 -1.730927 -2.534223
v -27.761251 -1.726471 -2.556643
v -27.760706 -1.719105 -2.578353
v -27.760172 -1.708988 -2.598872
v -27.759656 -1.696286 -2.617889
v -27.759165 -1.681167 -2.635134
v -27.758775 -1.667518 -2.647420
v -27.758368 -1.652640 -2.658219
v -27.757945 -1.636707 -2.667400
v -27.757509 -1.620142 -2.674782
v -27.757500 -1.594500 -2.682417
v -27.757500 -1.567997 -2.686070
v -27.757500 -1.531276 -2.325799
v -27.757500 -1.517209 -2.328897
v -27.757500 -1.503435 -2.333069
v -27.757500 -1.490016 -2.338294
v -27.757500 -1.477035 -2.344542
v -27.757500 -1.464588 -2.351766
v -27.757500 -1.452731 -2.359932
v -27.757500 -1.440990 -2.369464
v -27.757500 -1.428060 -2.382027
v -27.757500 -1.415507 -2.397041
v -27.757500 -1.403494 -2.415344
v -27.757500 -1.393279 -2.436229
v -27.757500 -1.385864 -2.458221
v -27.757500 -1.381348 -2.481030
v -27.757500 -1.379823 -2.504255
v -27.757500 -1.381321 -2.527480
v -27.757500 -1.383532 -2.540675
v -27.757500 -1.387680 -2.556873
v -27.757500 -1.256807 -2.609425
v -27.757500 -1.346099 -2.276181
v -27.757500 -1.675556 -2.364458
v -27.757059 -1.672699 -2.362208
v -27.756403 -1.671382 -2.361198
v -27.755858 -1.670790 -2.360751
v -27.755505 -1.670575 -2.360589
v -27.755071 -1.670466 -2.360507
v -27.755000 -1.670112 -2.360411
v -27.755000 -1.853857 -2.409646
v -27.756250 -1.853771 -2.409969
v -27.757165 -1.853534 -2.410853
v -27.757500 -1.853210 -2.412061
v -27.757165 -1.696038 -2.368652
v -27.757165 -1.722287 -2.375686
v -27.757165 -1.748537 -2.382719
v -27.757165 -1.774786 -2.389753
v -27.757165 -1.801035 -2.396786
v -27.757165 -1.827284 -2.403820
v -27.756250 -1.696275 -2.367768
v -27.756250 -1.722524 -2.374802
v -27.756250 -1.748773 -2.381835
v -27.756250 -1.775023 -2.388869
v -27.756250 -1.801272 -2.395902
v -27.756250 -1.827521 -2.402936
v -27.757500 -1.694026 -2.381452
v -27.757500 -1.688123 -2.375516
v -27.757500 -1.681962 -2.369848
v -27.757500 -1.763918 -2.745305
v -27.757500 -1.633601 -2.669862
v -27.757500 -1.648069 -2.662836
v -27.757500 -1.656297 -2.657883
v -27.757500 -1.665515 -2.651621
v -27.757500 -1.674914 -2.644433
v -27.757500 -1.683216 -2.637183
v -27.757500 -1.694653 -2.625520
v -27.757500 -1.703428 -2.614924
v -27.757500 -1.716244 -2.595828
v -27.757500 -1.726466 -2.575445
v -27.757500 -1.734056 -2.553915
v -27.757500 -1.738887 -2.531563
v -27.757500 -1.740865 -2.508847
v -27.757500 -1.739976 -2.486046
v -27.757500 -1.736218 -2.463482
v -27.757500 -1.729541 -2.441100
v -27.757500 -1.720196 -2.419810
v -27.757500 -1.708294 -2.399820
v -27.755000 -1.548605 -2.327854
v -27.756757 -1.538620 -2.325925
v -27.757300 -1.534387 -2.325617
v -27.757165 -1.346423 -2.274973
v -27.756250 -1.346660 -2.274089
v -27.755000 -1.346746 -2.273766
v -27.756250 -1.523286 -2.321416
v -27.756250 -1.498053 -2.314655
v -27.756250 -1.472821 -2.307894
v -27.756250 -1.447589 -2.301133
v -27.756250 -1.422356 -2.294372
v -27.756250 -1.397124 -2.287611
v -27.756250 -1.371892 -2.280850
v -27.757165 -1.523049 -2.322300
v -27.757165 -1.497816 -2.315539
v -27.757165 -1.472584 -2.308778
v -27.757165 -1.447352 -2.302017
v -27.757165 -1.422120 -2.295256
v -27.757165 -1.396887 -2.288495
v -27.757165 -1.371655 -2.281734
v -27.750009 -1.636585 -2.351428
v -27.748750 -1.602717 -2.342353
v -27.750649 -1.575519 -2.335065
v -27.330000 -1.346746 -2.273766
v -27.330000 -1.853857 -2.409646
v -27.780000 -1.208510 -2.596484
v -27.780000 -1.297803 -2.263240
v -27.755000 -1.256160 -2.611840
v -27.756250 -1.256246 -2.611516
v -27.757165 -1.256483 -2.610632
v -27.757165 -1.486856 -2.672361
v -27.757165 -1.461259 -2.665502
v -27.757165 -1.435662 -2.658643
v -27.757165 -1.410065 -2.651785
v -27.757165 -1.384468 -2.644926
v -27.757165 -1.358871 -2.638067
v -27.757165 -1.333274 -2.631209
v -27.757165 -1.307677 -2.624350
v -27.757165 -1.282080 -2.617491
v -27.756250 -1.486620 -2.673245
v -27.756250 -1.461023 -2.666386
v -27.756250 -1.435425 -2.659527
v -27.756250 -1.409828 -2.652669
v -27.756250 -1.384231 -2.645810
v -27.756250 -1.358634 -2.638951
v -27.756250 -1.333037 -2.632092
v -27.756250 -1.307440 -2.625234
v -27.756250 -1.281843 -2.618375
v -27.330000 -1.202040 -2.620632
v -27.320433 -1.202532 -2.618794
v -27.312322 -1.203935 -2.613559
v -27.306903 -1.206034 -2.605725
v -27.305000 -1.208510 -2.596484
v -27.305000 -1.763918 -2.745305
v -27.306903 -1.761442 -2.754546
v -27.312322 -1.759342 -2.762380
v -27.320433 -1.757940 -2.767615
v -27.330000 -1.757447 -2.769453
v -27.320433 -1.387668 -2.668401
v -27.320433 -1.572804 -2.718008
v -27.312322 -1.389071 -2.663166
v -27.312322 -1.574207 -2.712773
v -27.306903 -1.391170 -2.655332
v -27.306903 -1.576306 -2.704939
v -27.305000 -1.297803 -2.263240
v -27.305000 -1.853210 -2.412061
v -27.306903 -1.300279 -2.253999
v -27.312322 -1.302378 -2.246164
v -27.320433 -1.303781 -2.240930
v -27.330000 -1.304273 -2.239092
v -27.330000 -1.859681 -2.387912
v -27.320433 -1.859188 -2.389751
v -27.312322 -1.857786 -2.394985
v -27.306903 -1.855686 -2.402820
v -27.306903 -1.485415 -2.303606
v -27.306903 -1.670551 -2.353213
v -27.312322 -1.487514 -2.295771
v -27.312322 -1.672650 -2.345378
v -27.320433 -1.488917 -2.290537
v -27.320433 -1.674052 -2.340144
v -27.755000 -1.304273 -2.239092
v -27.755000 -1.859681 -2.387912
v -27.780000 -1.853210 -2.412061
v -27.778097 -1.855686 -2.402820
v -27.772678 -1.857786 -2.394985
v -27.764567 -1.859188 -2.389751
v -27.764567 -1.303781 -2.240930
v -27.772678 -1.302378 -2.246164
v -27.778097 -1.300279 -2.253999
v -27.778097 -1.670551 -2.353213
v -27.778097 -1.485415 -2.303606
v -27.772678 -1.672650 -2.345378
v -27.772678 -1.487514 -2.295771
v -27.764567 -1.674052 -2.340144
v -27.764567 -1.488917 -2.290537
v -27.780000 -1.763918 -2.745305
v -27.779801 -1.502673 -2.677608
v -27.779715 -1.493392 -2.674255
v -27.778097 -1.206034 -2.605725
v -27.772678 -1.203935 -2.613559
v -27.764567 -1.202532 -2.618794
v -27.755000 -1.202040 -2.620632
v -27.755000 -1.757447 -2.769453
v -27.764567 -1.757940 -2.767615
v -27.772678 -1.759342 -2.762380
v -27.778097 -1.761442 -2.754546
v -27.778097 -1.391170 -2.655332
v -27.778097 -1.576306 -2.704939
v -27.772678 -1.389071 -2.663166
v -27.772678 -1.574207 -2.712773
v -27.764567 -1.387668 -2.668401
v -27.764567 -1.572804 -2.718008
v -27.327500 -1.763918 -2.745305
v -27.327835 -1.763594 -2.746512
v -27.328750 -1.763357 -2.747396
v -27.330000 -1.763271 -2.747720
v -27.755000 -1.763271 -2.747720
v -27.756250 -1.763357 -2.747396
v -27.757165 -1.763594 -2.746512
v -27.328750 -1.853771 -2.409969
v -27.327835 -1.853534 -2.410853
v -27.327500 -1.853210 -2.412061
v -27.327500 -1.256807 -2.609425
v -27.327835 -1.256483 -2.610632
v -27.328750 -1.256246 -2.611516
v -27.330000 -1.256160 -2.611840
v -27.327835 -1.283173 -2.617784
v -27.327835 -1.309863 -2.624936
v -27.327835 -1.336553 -2.632087
v -27.327835 -1.363243 -2.639239
v -27.327835 -1.389933 -2.646390
v -27.327835 -1.416623 -2.653542
v -27.327835 -1.443313 -2.660693
v -27.327835 -1.470004 -2.667845
v -27.327835 -1.496694 -2.674997
v -27.327835 -1.523384 -2.682148
v -27.327835 -1.550074 -2.689300
v -27.327835 -1.576764 -2.696451
v -27.327835 -1.603454 -2.703603
v -27.327835 -1.630144 -2.710755
v -27.327835 -1.656834 -2.717906
v -27.327835 -1.683524 -2.725058
v -27.327835 -1.710214 -2.732209
v -27.327835 -1.736904 -2.739361
v -27.328750 -1.282936 -2.618668
v -27.328750 -1.309626 -2.625819
v -27.328750 -1.336316 -2.632971
v -27.328750 -1.363006 -2.640123
v -27.328750 -1.389697 -2.647274
v -27.328750 -1.416387 -2.654426
v -27.328750 -1.443077 -2.661577
v -27.328750 -1.469767 -2.668729
v -27.328750 -1.496457 -2.675881
v -27.328750 -1.523147 -2.683032
v -27.328750 -1.549837 -2.690184
v -27.328750 -1.576527 -2.697335
v -27.328750 -1.603217 -2.704487
v -27.328750 -1.629907 -2.711638
v -27.328750 -1.656597 -2.718790
v -27.328750 -1.683287 -2.725942
v -27.328750 -1.709977 -2.733093
v -27.328750 -1.736667 -2.740245
v -27.756250 -1.537331 -2.686833
v -27.756250 -1.562445 -2.693562
v -27.756250 -1.587559 -2.700291
v -27.756250 -1.612673 -2.707021
v -27.756250 -1.637787 -2.713750
v -27.756250 -1.662901 -2.720479
v -27.756250 -1.688015 -2.727208
v -27.756250 -1.713129 -2.733938
v -27.756250 -1.738243 -2.740667
v -27.757165 -1.537567 -2.685949
v -27.757165 -1.562682 -2.692678
v -27.757165 -1.587796 -2.699407
v -27.757165 -1.612910 -2.706137
v -27.757165 -1.638024 -2.712866
v -27.757165 -1.663138 -2.719595
v -27.757165 -1.688252 -2.726325
v -27.757165 -1.713366 -2.733054
v -27.757165 -1.738480 -2.739783
v -27.328750 -1.346660 -2.274089
v -27.327835 -1.346423 -2.274973
v -27.327500 -1.346099 -2.276181
v -27.328750 -1.373350 -2.281241
v -27.328750 -1.400040 -2.288392
v -27.328750 -1.426730 -2.295544
v -27.328750 -1.453420 -2.302696
v -27.328750 -1.480110 -2.309847
v -27.328750 -1.506800 -2.316999
v -27.328750 -1.533490 -2.324150
v -27.328750 -1.560180 -2.331302
v -27.328750 -1.586870 -2.338454
v -27.328750 -1.613560 -2.345605
v -27.328750 -1.640250 -2.352757
v -27.328750 -1.666940 -2.359908
v -27.328750 -1.693630 -2.367060
v -27.328750 -1.720320 -2.374211
v -27.328750 -1.747010 -2.381363
v -27.328750 -1.773700 -2.388515
v -27.328750 -1.800390 -2.395666
v -27.328750 -1.827081 -2.402818
v -27.327835 -1.373113 -2.282125
v -27.327835 -1.399803 -2.289276
v -27.327835 -1.426493 -2.296428
v -27.327835 -1.453183 -2.303580
v -27.327835 -1.479873 -2.310731
v -27.327835 -1.506563 -2.317883
v -27.327835 -1.533253 -2.325034
v -27.327835 -1.559943 -2.332186
v -27.327835 -1.586633 -2.339337
v -27.327835 -1.613323 -2.346489
v -27.327835 -1.640013 -2.353641
v -27.327835 -1.666703 -2.360792
v -27.327835 -1.693393 -2.367944
v -27.327835 -1.720083 -2.375095
v -27.327835 -1.746774 -2.382247
v -27.327835 -1.773464 -2.389398
v -27.327835 -1.800154 -2.396550
v -27.327835 -1.826844 -2.403702
v -27.758083 -1.674544 -2.363650
v -27.758651 -1.652948 -2.348850
v -27.759191 -1.629932 -2.337359
v -27.759688 -1.606219 -2.329282
v -27.760161 -1.582768 -2.324570
v -27.760674 -1.558284 -2.322860
v -27.761215 -1.533352 -2.324401
v -27.761771 -1.508628 -2.329282
v -27.762327 -1.484775 -2.337418
v -27.762868 -1.462413 -2.348549
v -27.763381 -1.442064 -2.362271
v -27.763854 -1.424111 -2.378078
v -27.764328 -1.408305 -2.396030
v -27.764841 -1.394582 -2.416380
v -27.765382 -1.383451 -2.438741
v -27.765938 -1.375316 -2.462594
v -27.766493 -1.370435 -2.487319
v -27.767034 -1.368894 -2.512250
v -27.767547 -1.370603 -2.536735
v -27.768021 -1.375316 -2.560185
v -27.768494 -1.382960 -2.582851
v -27.769007 -1.393722 -2.604910
v -27.769548 -1.407522 -2.625730
v -27.770104 -1.424111 -2.644702
v -27.770660 -1.443083 -2.661291
v -27.771201 -1.463904 -2.675092
v -27.771714 -1.485962 -2.685853
v -27.772188 -1.508628 -2.693497
v -27.769063 -1.508628 -2.693497
v -27.768589 -1.485962 -2.685853
v -27.768076 -1.463904 -2.675092
v -27.767535 -1.443083 -2.661291
v -27.766979 -1.424111 -2.644702
v -27.766423 -1.407522 -2.625730
v -27.765882 -1.393722 -2.604910
v -27.765369 -1.382960 -2.582851
v -27.764896 -1.375316 -2.560185
v -27.764422 -1.370603 -2.536735
v -27.763909 -1.368894 -2.512250
v -27.763368 -1.370435 -2.487319
v -27.762813 -1.375316 -2.462594
v -27.762257 -1.383451 -2.438741
v -27.761716 -1.394582 -2.416380
v -27.761203 -1.408305 -2.396030
v -27.760729 -1.424111 -2.378078
v -27.760256 -1.442064 -2.362271
v -27.759743 -1.462413 -2.348549
v -27.759202 -1.484775 -2.337418
v -27.758646 -1.508628 -2.329282
v -27.758090 -1.533352 -2.324401
v -27.757549 -1.558284 -2.322860
v -27.757036 -1.582768 -2.324570
v -27.756563 -1.606219 -2.329282
v -27.756219 -1.622885 -2.334588
v -27.755853 -1.639313 -2.341572
v -27.755469 -1.655257 -2.350230
v -27.761512 -1.685984 -2.382901
v -27.759901 -1.725666 -2.442604
v -27.760957 -1.701942 -2.401156
v -27.760416 -1.715246 -2.421228
v -27.759430 -1.732991 -2.464347
v -27.758956 -1.737535 -2.486955
v -27.758443 -1.739183 -2.510560
v -27.757902 -1.737697 -2.534596
v -27.762069 -1.667658 -2.366871
v -27.762610 -1.647585 -2.353567
v -27.763123 -1.626318 -2.343191
v -27.764070 -1.581858 -2.331278
v -27.763596 -1.604466 -2.335822
v -27.764583 -1.558253 -2.329630
v -27.765124 -1.534217 -2.331116
v -27.765680 -1.510364 -2.335826
v -27.766235 -1.487384 -2.343665
v -27.766776 -1.465825 -2.354396
v -27.767289 -1.446206 -2.367626
v -27.768237 -1.413659 -2.400173
v -27.767763 -1.428898 -2.382865
v -27.768749 -1.400430 -2.419792
v -27.769291 -1.389698 -2.441350
v -27.769847 -1.381850 -2.464364
v -27.770402 -1.377149 -2.488183
v -27.770943 -1.375664 -2.512219
v -27.771456 -1.377312 -2.535825
v -27.772403 -1.389225 -2.580285
v -27.771930 -1.381855 -2.558433
v -27.772916 -1.399600 -2.601551
v -27.773457 -1.412905 -2.621624
v -27.774013 -1.428898 -2.639915
v -27.774571 -1.447277 -2.655975
v -27.775110 -1.467262 -2.669213
v -27.775623 -1.488529 -2.679588
v -27.752311 -1.620534 -2.340935
v -27.761462 -1.389223 -2.580285
v -27.760988 -1.381854 -2.558434
v -27.760514 -1.377310 -2.535825
v -27.760001 -1.375662 -2.512219
v -27.759460 -1.377148 -2.488183
v -27.758905 -1.381854 -2.464346
v -27.758349 -1.389697 -2.441350
v -27.757808 -1.400428 -2.419791
v -27.753641 -1.558253 -2.329629
v -27.753128 -1.581858 -2.331277
v -27.752655 -1.604467 -2.335820
v -27.751945 -1.636374 -2.347669
v -27.761975 -1.399599 -2.601552
v -27.762516 -1.412903 -2.621625
v -27.763071 -1.428897 -2.639916
v -27.763627 -1.447188 -2.655910
v -27.764168 -1.467261 -2.669214
v -27.764681 -1.488528 -2.679590
vt 0.000000 0.011273 0.000000
vt -0.009817 0.005637 0.000000
vt 0.000000 -0.000000 0.000000
vt -0.009817 -0.005637 0.000000
vt 0.000000 -0.011273 0.000000
vt -0.009817 -0.016910 0.000000
vt 0.000000 -0.022546 0.000000
vt -0.009817 -0.028183 0.000000
vt -0.000000 -0.033819 0.000000
vt -0.009817 -0.039456 0.000000
vt -0.000000 -0.045093 0.000000
vt -0.009817 -0.050729 0.000000
vt -0.000000 -0.056366 0.000000
vt -0.009817 -0.062002 0.000000
vt -0.000000 -0.067639 0.000000
vt -0.009817 -0.073275 0.000000
vt -0.000000 -0.078912 0.000000
vt -0.009817 -0.084548 0.000000
vt -0.000000 -0.090185 0.000000
vt -0.009817 -0.095822 0.000000
vt -0.000000 -0.101458 0.000000
vt -0.009817 -0.107095 0.000000
vt -0.000000 -0.112731 0.000000
vt -0.009817 -0.118368 0.000000
vt -0.000000 -0.124004 0.000000
vt -0.000000 0.112731 0.000000
vt -0.009817 0.118368 0.000000
vt -0.009817 0.107095 0.000000
vt -0.000000 0.101458 0.000000
vt -0.009817 0.095822 0.000000
vt -0.000000 0.090185 0.000000
vt -0.009817 0.084548 0.000000
vt 0.000000 0.078912 0.000000
vt -0.009817 0.073275 0.000000
vt 0.000000 0.067639 0.000000
vt -0.009817 0.062002 0.000000
vt 0.000000 0.056366 0.000000
vt -0.009817 0.050729 0.000000
vt 0.000000 0.045093 0.000000
vt -0.009817 0.039456 0.000000
vt 0.000000 0.033819 0.000000
vt -0.009817 0.028183 0.000000
vt 0.000000 0.022546 0.000000
vt -0.009817 0.016910 0.000000
vt -0.039270 -0.016910 0.000000
vt -0.029452 -0.005637 0.000000
vt -0.039270 0.000000 0.000000
vt -0.029452 0.005637 0.000000
vt -0.039270 0.016910 0.000000
vt -0.029452 0.016910 0.000000
vt -0.029452 0.028183 0.000000
vt -0.019635 0.016910 0.000000
vt -0.019635 0.028183 0.000000
vt -0.039270 -0.033819 0.000000
vt -0.029452 -0.028183 0.000000
vt -0.029452 -0.016910 0.000000
vt -0.019635 -0.016910 0.000000
vt -0.019635 -0.005637 0.000000
vt -0.029452 -0.039456 0.000000
vt -0.039270 -0.050729 0.000000
vt -0.029452 -0.050729 0.000000
vt -0.029452 -0.062002 0.000000
vt -0.019635 -0.062002 0.000000
vt -0.019635 -0.073275 0.000000
vt -0.039270 -0.067639 0.000000
vt -0.029452 -0.073275 0.000000
vt -0.019635 -0.084548 0.000000
vt -0.039270 -0.084548 0.000000
vt -0.029452 -0.084548 0.000000
vt -0.019635 -0.095822 0.000000
vt -0.029452 -0.095822 0.000000
vt -0.039270 -0.101458 0.000000
vt -0.029452 -0.107095 0.000000
vt -0.039270 -0.118368 0.000000
vt -0.029452 -0.118368 0.000000
vt -0.029452 0.118368 0.000000
vt -0.039270 0.118368 0.000000
vt -0.029452 0.107095 0.000000
vt -0.019635 0.107095 0.000000
vt -0.019635 0.095822 0.000000
vt -0.039270 0.101458 0.000000
vt -0.029452 0.095822 0.000000
vt -0.019635 0.084548 0.000000
vt -0.039270 0.084548 0.000000
vt -0.029452 0.084548 0.000000
vt -0.019635 0.073275 0.000000
vt -0.029452 0.073275 0.000000
vt -0.039270 0.067639 0.000000
vt -0.029452 0.062002 0.000000
vt -0.039270 0.050729 0.000000
vt -0.029452 0.050729 0.000000
vt -0.029452 0.039456 0.000000
vt -0.019635 0.039456 0.000000
vt -0.039270 0.033819 0.000000
vt -0.019635 0.118368 0.000000
vt -0.019635 -0.118368 0.000000
vt -0.019635 -0.107095 0.000000
vt -0.019635 0.005637 0.000000
vt -0.019635 0.050729 0.000000
vt -0.019635 0.062002 0.000000
vt -0.019635 -0.050729 0.000000
vt -0.019635 -0.039456 0.000000
vt -0.019635 -0.028183 0.000000
vt -0.025000 -0.127908 0.000000
vt -0.262500 -0.127908 0.000000
vt -0.025000 -0.141372 0.000000
vt -0.262500 -0.141372 0.000000
vt -0.025000 0.141372 0.000000
vt -0.262500 0.141372 0.000000
vt -0.025000 0.127908 0.000000
vt -0.262500 0.127908 0.000000
vt -0.025000 0.114444 0.000000
vt -0.262500 0.114444 0.000000
vt -0.025000 0.100980 0.000000
vt -0.262500 0.100980 0.000000
vt -0.025000 0.087516 0.000000
vt -0.262500 0.087516 0.000000
vt -0.025000 0.074052 0.000000
vt -0.262500 0.074052 0.000000
vt -0.025000 0.060588 0.000000
vt -0.262500 0.060588 0.000000
vt -0.025000 0.047124 0.000000
vt -0.262500 0.047124 0.000000
vt -0.025000 0.033660 0.000000
vt -0.262500 0.033660 0.000000
vt -0.025000 0.020196 0.000000
vt -0.262500 0.020196 0.000000
vt -0.025000 0.006732 0.000000
vt -0.262500 0.006732 0.000000
vt -0.025000 -0.006732 0.000000
vt -0.262500 -0.006732 0.000000
vt -0.025000 -0.020196 0.000000
vt -0.262500 -0.020196 0.000000
vt -0.025000 -0.033660 0.000000
vt -0.262500 -0.033660 0.000000
vt -0.025000 -0.047124 0.000000
vt -0.262500 -0.047124 0.000000
vt -0.025000 -0.060588 0.000000
vt -0.262500 -0.060588 0.000000
vt -0.025000 -0.074052 0.000000
vt -0.262500 -0.074052 0.000000
vt -0.025000 -0.087516 0.000000
vt -0.262500 -0.087516 0.000000
vt -0.025000 -0.100980 0.000000
vt -0.262500 -0.100980 0.000000
vt -0.025000 -0.114444 0.000000
vt -0.262500 -0.114444 0.000000
vt -0.500000 -0.013464 0.000000
vt -0.500000 0.000000 0.000000
vt -0.500000 0.013464 0.000000
vt -0.500000 0.026928 0.000000
vt -0.500000 0.040392 0.000000
vt -0.500000 0.053856 0.000000
vt -0.500000 0.067320 0.000000
vt -0.500000 0.080784 0.000000
vt -0.500000 0.094248 0.000000
vt -0.500000 0.107712 0.000000
vt -0.500000 0.121176 0.000000
vt -0.500000 0.134640 0.000000
vt -0.500000 0.148104 0.000000
vt -0.500000 -0.134640 0.000000
vt -0.500000 -0.121176 0.000000
vt -0.500000 -0.107712 0.000000
vt -0.500000 -0.094248 0.000000
vt -0.500000 -0.080784 0.000000
vt -0.500000 -0.067320 0.000000
vt -0.500000 -0.053856 0.000000
vt -0.500000 -0.040392 0.000000
vt -0.500000 -0.026928 0.000000
vt 0.451753 -0.534994 0.000000
vt 0.475100 -0.520163 0.000000
vt 0.452600 -0.520163 0.000000
vt 0.475100 -0.494345 0.000000
vt 0.452600 -0.493383 0.000000
vt 0.475100 -0.468526 0.000000
vt 0.452600 -0.466604 0.000000
vt 0.475100 -0.442708 0.000000
vt 0.452609 -0.439824 0.000000
vt 0.453045 -0.421682 0.000000
vt 0.475100 -0.416890 0.000000
vt 0.453468 -0.403284 0.000000
vt 0.475100 -0.391072 0.000000
vt 0.453875 -0.384892 0.000000
vt 0.475100 -0.365253 0.000000
vt 0.454265 -0.366519 0.000000
vt 0.454756 -0.343568 0.000000
vt 0.475100 -0.339435 0.000000
vt 0.455272 -0.320683 0.000000
vt 0.475100 -0.313617 0.000000
vt 0.455806 -0.297790 0.000000
vt 0.475100 -0.287798 0.000000
vt 0.456351 -0.274848 0.000000
vt 0.475100 -0.261980 0.000000
vt 0.456894 -0.251973 0.000000
vt 0.475100 -0.236162 0.000000
vt 0.457428 -0.229086 0.000000
vt 0.475100 -0.210344 0.000000
vt 0.457943 -0.206142 0.000000
vt 0.475100 -0.184525 0.000000
vt 0.458431 -0.183260 0.000000
vt 0.458922 -0.160379 0.000000
vt 0.475100 -0.158707 0.000000
vt 0.459438 -0.137456 0.000000
vt 0.475100 -0.132889 0.000000
vt 0.459971 -0.114599 0.000000
vt 0.475100 -0.107071 0.000000
vt 0.460514 -0.091727 0.000000
vt 0.475100 -0.081252 0.000000
vt 0.461059 -0.068791 0.000000
vt 0.475100 -0.055434 0.000000
vt 0.461594 -0.045867 0.000000
vt 0.475100 -0.029616 0.000000
vt 0.462111 -0.022929 0.000000
vt 0.475100 -0.014491 0.000000
vt 0.462600 0.000001 0.000000
vt 0.474975 0.000000 0.000000
vt 0.475100 0.014491 0.000000
vt 0.450100 -0.549779 0.000000
vt 0.456350 -0.549779 0.000000
vt 0.475100 -0.535288 0.000000
vt 0.450100 0.549779 0.000000
vt 0.451753 0.534994 0.000000
vt 0.456350 0.549779 0.000000
vt 0.455851 0.526400 0.000000
vt 0.452600 0.520163 0.000000
vt 0.455323 0.503022 0.000000
vt 0.452600 0.493357 0.000000
vt 0.454777 0.479644 0.000000
vt 0.452600 0.466551 0.000000
vt 0.454222 0.456267 0.000000
vt 0.452600 0.439745 0.000000
vt 0.453667 0.432889 0.000000
vt 0.452600 0.412939 0.000000
vt 0.453123 0.409512 0.000000
vt 0.452600 0.386133 0.000000
vt 0.475037 -0.549779 0.000000
vt 0.463089 0.022924 0.000000
vt 0.475100 0.029616 0.000000
vt 0.463605 0.045816 0.000000
vt 0.475100 0.055434 0.000000
vt 0.464140 0.068760 0.000000
vt 0.475100 0.081253 0.000000
vt 0.464684 0.091661 0.000000
vt 0.475100 0.107072 0.000000
vt 0.465228 0.114559 0.000000
vt 0.475100 0.132890 0.000000
vt 0.465761 0.137501 0.000000
vt 0.475100 0.158709 0.000000
vt 0.466270 0.160377 0.000000
vt 0.475100 0.184528 0.000000
vt 0.466763 0.183260 0.000000
vt 0.467256 0.206204 0.000000
vt 0.475100 0.210346 0.000000
vt 0.467772 0.229089 0.000000
vt 0.475100 0.236165 0.000000
vt 0.468306 0.251983 0.000000
vt 0.475100 0.261984 0.000000
vt 0.468851 0.274924 0.000000
vt 0.475100 0.287802 0.000000
vt 0.469394 0.297803 0.000000
vt 0.475100 0.313621 0.000000
vt 0.469928 0.320697 0.000000
vt 0.475100 0.339439 0.000000
vt 0.470442 0.343639 0.000000
vt 0.475100 0.365258 0.000000
vt 0.470930 0.366519 0.000000
vt 0.471341 0.385712 0.000000
vt 0.475100 0.391077 0.000000
vt 0.471769 0.404949 0.000000
vt 0.475100 0.416895 0.000000
vt 0.472212 0.424143 0.000000
vt 0.475100 0.442714 0.000000
vt 0.472664 0.443332 0.000000
vt 0.473122 0.462566 0.000000
vt 0.475100 0.468533 0.000000
vt 0.473577 0.481772 0.000000
vt 0.475100 0.494351 0.000000
vt 0.474026 0.500957 0.000000
vt 0.474781 0.520170 0.000000
vt -0.000000 -0.796146 0.000000
vt 0.006634 -0.783360 0.000000
vt -0.000000 -0.604437 0.000000
vt 0.014228 -0.771135 0.000000
vt 0.022748 -0.759526 0.000000
vt 0.032143 -0.748604 0.000000
vt 0.042343 -0.738451 0.000000
vt 0.053299 -0.729111 0.000000
vt 0.065546 -0.720238 0.000000
vt 0.081027 -0.711000 0.000000
vt 0.098778 -0.702760 0.000000
vt 0.119567 -0.695894 0.000000
vt 0.142383 -0.691432 0.000000
vt 0.165546 -0.689962 0.000000
vt 0.345000 -0.604437 0.000000
vt 0.188746 -0.691503 0.000000
vt 0.211574 -0.696041 0.000000
vt 0.233621 -0.703500 0.000000
vt 0.245794 -0.709050 0.000000
vt 0.260366 -0.717249 0.000000
vt 0.276402 -0.728620 0.000000
vt 0.296671 -0.746122 0.000000
vt 0.314032 -0.766511 0.000000
vt 0.328079 -0.789311 0.000000
vt 0.338483 -0.813987 0.000000
vt 0.345000 -0.839962 0.000000
vt 0.942173 0.002406 0.000000
vt 0.966385 0.002618 0.000000
vt 0.945515 0.003927 0.000000
vt 0.993560 0.002618 0.000000
vt 1.020736 0.002618 0.000000
vt 1.020736 0.001309 0.000000
vt 1.047911 0.001309 0.000000
vt 1.129437 0.000000 0.000000
vt 1.075086 0.001309 0.000000
vt 1.102261 0.001309 0.000000
vt 1.075086 0.002618 0.000000
vt 1.102261 0.002618 0.000000
vt 1.129437 0.003927 0.000000
vt 1.129437 0.002618 0.000000
vt 1.129437 0.001309 0.000000
vt 0.966385 0.001309 0.000000
vt 0.940639 0.001490 0.000000
vt 0.939952 0.000876 0.000000
vt 0.939702 0.000509 0.000000
vt 0.993560 0.001309 0.000000
vt 0.939576 0.000071 0.000000
vt 0.939210 0.000000 0.000000
vt 1.047911 0.002618 0.000000
vt 0.025683 -0.986291 0.000000
vt 0.011634 -0.967755 0.000000
vt -0.000000 -1.129437 0.000000
vt 0.007428 -0.960516 0.000000
vt 0.003548 -0.953098 0.000000
vt -0.000000 -0.945515 0.000000
vt 0.345000 -1.129437 0.000000
vt 0.167860 -1.051057 0.000000
vt 0.145020 -1.049938 0.000000
vt 0.122565 -1.045970 0.000000
vt 0.345000 -0.898911 0.000000
vt 0.338491 -0.924861 0.000000
vt 0.328103 -0.949515 0.000000
vt 0.314092 -0.972308 0.000000
vt 0.305856 -0.984034 0.000000
vt 0.295325 -0.996191 0.000000
vt 0.288411 -1.002857 0.000000
vt 0.279976 -1.010140 0.000000
vt 0.270601 -1.017358 0.000000
vt 0.261450 -1.023501 0.000000
vt 0.247224 -1.031529 0.000000
vt 0.234718 -1.037263 0.000000
vt 0.212955 -1.044700 0.000000
vt 0.190621 -1.049298 0.000000
vt 0.100771 -1.039210 0.000000
vt 0.079949 -1.029740 0.000000
vt 0.060058 -1.017497 0.000000
vt 0.041912 -1.002960 0.000000
vt 0.803273 0.001948 0.000000
vt 0.787293 0.001309 0.000000
vt 0.813416 0.000000 0.000000
vt 0.761171 0.001309 0.000000
vt 0.735049 0.001309 0.000000
vt 0.735049 0.002618 0.000000
vt 0.708926 0.002618 0.000000
vt 0.604437 0.003927 0.000000
vt 0.682804 0.002618 0.000000
vt 0.656681 0.002618 0.000000
vt 0.682804 0.001309 0.000000
vt 0.656681 0.001309 0.000000
vt 0.604437 0.000000 0.000000
vt 0.630559 0.001309 0.000000
vt 0.604437 0.001309 0.000000
vt 0.604437 0.002618 0.000000
vt 0.630559 0.002618 0.000000
vt 0.787293 0.002618 0.000000
vt 0.799104 0.002919 0.000000
vt 0.761171 0.002618 0.000000
vt 0.796146 0.003927 0.000000
vt 0.708926 0.001309 0.000000
vt 0.425000 -1.129437 0.000000
vt 0.425000 -0.939210 0.000000
vt 0.000000 -1.129437 0.000000
vt 0.420009 -0.904500 0.000000
vt 0.418750 -0.869437 0.000000
vt 0.000000 -0.604437 0.000000
vt 0.420649 -0.841279 0.000000
vt 0.425000 -0.813416 0.000000
vt 0.425000 -0.604437 0.000000
vt -0.000001 0.289468 0.000000
vt 0.006205 0.314505 0.000000
vt -0.000000 0.575000 0.000000
vt 0.016023 0.338359 0.000000
vt 0.029242 0.360510 0.000000
vt 0.045573 0.380477 0.000000
vt 0.064662 0.397826 0.000000
vt 0.086094 0.412181 0.000000
vt 0.109404 0.423229 0.000000
vt 0.134084 0.430731 0.000000
vt 0.159599 0.434524 0.000000
vt 0.185394 0.434524 0.000000
vt 0.345000 0.575000 0.000000
vt 0.210909 0.430733 0.000000
vt 0.235590 0.423232 0.000000
vt 0.258900 0.412184 0.000000
vt 0.280332 0.397830 0.000000
vt 0.299422 0.380482 0.000000
vt 0.315754 0.360515 0.000000
vt 0.328973 0.338365 0.000000
vt 0.338793 0.314512 0.000000
vt 0.345000 0.289475 0.000000
vt 0.839962 0.003927 0.000000
vt 0.710437 0.005236 0.000000
vt 0.604437 0.003927 0.000000
vt 0.683937 0.005236 0.000000
vt 0.657437 0.005236 0.000000
vt 0.657437 0.006545 0.000000
vt 0.630937 0.006545 0.000000
vt 0.604437 0.007854 0.000000
vt 0.604437 0.006545 0.000000
vt 0.854670 0.006048 0.000000
vt 0.842937 0.005236 0.000000
vt 0.816437 0.005236 0.000000
vt 0.789937 0.005236 0.000000
vt 0.789937 0.006545 0.000000
vt 0.763437 0.006545 0.000000
vt 0.869437 0.007854 0.000000
vt 0.736937 0.006545 0.000000
vt 0.710437 0.006545 0.000000
vt 0.683937 0.006545 0.000000
vt 0.842937 0.006545 0.000000
vt 0.816437 0.006545 0.000000
vt 0.630937 0.005236 0.000000
vt 0.604437 0.005236 0.000000
vt 0.763437 0.005236 0.000000
vt 0.736937 0.005236 0.000000
vt -0.575000 -0.009817 0.000000
vt -0.383333 -0.009817 0.000000
vt -0.575000 -0.000000 0.000000
vt -0.191667 -0.009817 0.000000
vt -0.000000 0.000000 0.000000
vt 0.000000 -0.009817 0.000000
vt -0.000000 -0.019635 0.000000
vt -0.191667 -0.019635 0.000000
vt -0.000000 -0.029452 0.000000
vt -0.191667 -0.029452 0.000000
vt -0.000000 -0.039270 0.000000
vt -0.383333 -0.029452 0.000000
vt -0.575000 -0.039270 0.000000
vt -0.575000 -0.029452 0.000000
vt -0.575000 -0.019635 0.000000
vt -0.383333 -0.019635 0.000000
vt -0.345000 0.575000 0.000000
vt -0.175863 0.304874 0.000000
vt -0.000000 0.575000 0.000000
vt -0.162487 0.303872 0.000000
vt -0.150000 0.298971 0.000000
vt -0.345000 -0.000000 0.000000
vt -0.217500 0.260000 0.000000
vt -0.215501 0.273264 0.000000
vt -0.209681 0.285349 0.000000
vt -0.000000 0.000000 0.000000
vt -0.175863 0.215126 0.000000
vt -0.188940 0.218111 0.000000
vt -0.200557 0.224818 0.000000
vt -0.128003 0.266707 0.000000
vt -0.128003 0.253293 0.000000
vt -0.131956 0.240475 0.000000
vt -0.200557 0.295182 0.000000
vt -0.188940 0.301889 0.000000
vt -0.139513 0.290608 0.000000
vt -0.131956 0.279525 0.000000
vt -0.139513 0.229392 0.000000
vt -0.150000 0.221029 0.000000
vt -0.162487 0.216128 0.000000
vt -0.209681 0.234651 0.000000
vt -0.215501 0.246736 0.000000
vt -0.575000 -0.049087 0.000000
vt -0.383333 -0.049087 0.000000
vt -0.575000 -0.039270 0.000000
vt -0.191667 -0.049087 0.000000
vt 0.000000 -0.039270 0.000000
vt -0.000000 -0.049087 0.000000
vt -0.000000 -0.058905 0.000000
vt -0.191667 -0.058905 0.000000
vt -0.000000 -0.068722 0.000000
vt -0.191667 -0.068722 0.000000
vt 0.000000 -0.078540 0.000000
vt -0.383333 -0.068722 0.000000
vt -0.575000 -0.078540 0.000000
vt -0.575000 -0.068722 0.000000
vt -0.575000 -0.058905 0.000000
vt -0.383333 -0.058905 0.000000
vt 0.425000 0.575000 0.000000
vt -0.000000 0.575000 0.000000
vt 0.425000 0.000000 0.000000
vt -0.000000 0.000000 0.000000
vt -0.289475 0.039270 0.000000
vt -0.274467 0.041078 0.000000
vt -0.575000 0.039270 0.000000
vt -0.575000 0.049087 0.000000
vt -0.383333 0.049087 0.000000
vt -0.575000 0.058905 0.000000
vt -0.383333 0.058905 0.000000
vt -0.575000 0.068722 0.000000
vt -0.383333 0.068722 0.000000
vt -0.575000 0.078540 0.000000
vt -0.191667 0.068722 0.000000
vt 0.000000 0.078540 0.000000
vt -0.000000 0.068722 0.000000
vt 0.000000 0.058905 0.000000
vt -0.191667 0.058905 0.000000
vt 0.000000 0.049087 0.000000
vt -0.191667 0.049087 0.000000
vt -0.000000 0.039270 0.000000
vt -0.260000 0.041774 0.000000
vt -0.245533 0.041078 0.000000
vt -0.230525 0.039270 0.000000
vt 0.345000 0.230525 0.000000
vt 0.338793 0.205488 0.000000
vt 0.345000 0.000000 0.000000
vt 0.328974 0.181636 0.000000
vt 0.315755 0.159486 0.000000
vt 0.299423 0.139519 0.000000
vt 0.280334 0.122171 0.000000
vt 0.258901 0.107817 0.000000
vt 0.235592 0.096769 0.000000
vt 0.210912 0.089268 0.000000
vt 0.185397 0.085476 0.000000
vt 0.159603 0.085476 0.000000
vt -0.000000 0.000000 0.000000
vt 0.134088 0.089268 0.000000
vt 0.109408 0.096769 0.000000
vt 0.086099 0.107817 0.000000
vt 0.064666 0.122171 0.000000
vt 0.045577 0.139519 0.000000
vt 0.029245 0.159486 0.000000
vt 0.016026 0.181636 0.000000
vt 0.006207 0.205488 0.000000
vt -0.000000 0.230525 0.000000
vt -0.230525 0.039270 0.000000
vt -0.245534 0.037462 0.000000
vt -0.000000 0.039270 0.000000
vt -0.191667 0.029452 0.000000
vt 0.000000 0.029452 0.000000
vt 0.000000 0.019635 0.000000
vt -0.191667 0.019635 0.000000
vt -0.000000 0.009817 0.000000
vt -0.191667 0.009817 0.000000
vt 0.000000 0.000000 0.000000
vt -0.383333 0.009817 0.000000
vt -0.575000 -0.000000 0.000000
vt -0.575000 0.009817 0.000000
vt -0.575000 0.019635 0.000000
vt -0.383333 0.019635 0.000000
vt -0.575000 0.029452 0.000000
vt -0.383333 0.029452 0.000000
vt -0.575000 0.039270 0.000000
vt -0.289468 0.039269 0.000000
vt -0.279697 0.037867 0.000000
vt -0.269864 0.037033 0.000000
vt -0.260001 0.036765 0.000000
vt -0.575000 -0.425000 0.000000
vt -0.000000 -0.425000 0.000000
vt -0.575000 -0.000000 0.000000
vt -0.000000 0.000000 0.000000
vt -0.025000 0.425000 0.000000
vt -0.025000 0.000000 0.000000
vt -0.002500 0.000000 0.000000
vt -0.023097 -0.009567 0.000000
vt -0.002165 -0.001250 0.000000
vt -0.017678 -0.017678 0.000000
vt -0.009567 -0.023097 0.000000
vt -0.001250 -0.002165 0.000000
vt -0.000000 -0.025000 0.000000
vt -0.000000 -0.002500 0.000000
vt 0.345000 -0.025000 0.000000
vt 0.345000 -0.002500 0.000000
vt 0.346250 -0.002165 0.000000
vt 0.354567 -0.023097 0.000000
vt 0.347165 -0.001250 0.000000
vt 0.362678 -0.017678 0.000000
vt 0.368097 -0.009567 0.000000
vt 0.347500 -0.000000 0.000000
vt 0.370000 -0.000000 0.000000
vt 0.347500 0.425000 0.000000
vt 0.370000 0.425000 0.000000
vt 0.368097 0.434567 0.000000
vt 0.347165 0.426250 0.000000
vt 0.362678 0.442678 0.000000
vt 0.354567 0.448097 0.000000
vt 0.346250 0.427165 0.000000
vt 0.345000 0.450000 0.000000
vt 0.345000 0.427500 0.000000
vt 0.000000 0.450000 0.000000
vt 0.000000 0.427500 0.000000
vt -0.001250 0.427165 0.000000
vt -0.009567 0.448097 0.000000
vt -0.002165 0.426250 0.000000
vt -0.017678 0.442678 0.000000
vt -0.023097 0.434567 0.000000
vt -0.002500 0.425000 0.000000
vt 0.009567 -0.023097 0.000000
vt 0.025000 0.000000 0.000000
vt 0.000000 -0.025000 0.000000
vt 0.000000 0.450000 0.000000
vt -0.345000 0.450000 0.000000
vt 0.017678 -0.017678 0.000000
vt 0.023097 -0.009567 0.000000
vt 0.025000 0.425000 0.000000
vt 0.009567 0.448097 0.000000
vt 0.017678 0.442678 0.000000
vt 0.023097 0.434567 0.000000
vt -0.354567 0.448097 0.000000
vt -0.370000 0.425000 0.000000
vt -0.370000 0.000000 0.000000
vt -0.345000 -0.025000 0.000000
vt -0.354567 -0.023097 0.000000
vt -0.362678 -0.017678 0.000000
vt -0.368097 -0.009567 0.000000
vt -0.362678 0.442678 0.000000
vt -0.368097 0.434567 0.000000
vt 0.604437 -0.005236 0.000000
vt 0.632068 -0.005236 0.000000
vt 0.604437 -0.003927 0.000000
vt 0.659700 -0.005236 0.000000
vt 0.687331 -0.005236 0.000000
vt 0.687331 -0.006545 0.000000
vt 0.714963 -0.006545 0.000000
vt 0.604437 -0.007854 0.000000
vt 0.742595 -0.006545 0.000000
vt 0.770226 -0.006545 0.000000
vt 0.742595 -0.005236 0.000000
vt 0.770226 -0.005236 0.000000
vt 0.797858 -0.005236 0.000000
vt 0.825489 -0.005236 0.000000
vt 0.825489 -0.006545 0.000000
vt 0.853121 -0.006545 0.000000
vt 1.129437 -0.007854 0.000000
vt 0.632068 -0.006545 0.000000
vt 0.604437 -0.006545 0.000000
vt 1.129437 -0.006545 0.000000
vt 1.101805 -0.006545 0.000000
vt 1.074173 -0.006545 0.000000
vt 1.046542 -0.006545 0.000000
vt 1.046542 -0.005236 0.000000
vt 1.018910 -0.005236 0.000000
vt 1.129437 -0.003927 0.000000
vt 0.991279 -0.005236 0.000000
vt 0.963647 -0.005236 0.000000
vt 0.991279 -0.006545 0.000000
vt 0.963647 -0.006545 0.000000
vt 0.936016 -0.006545 0.000000
vt 0.908384 -0.006545 0.000000
vt 0.908384 -0.005236 0.000000
vt 0.880752 -0.005236 0.000000
vt 1.101805 -0.005236 0.000000
vt 1.129437 -0.005236 0.000000
vt 0.659700 -0.006545 0.000000
vt 0.714963 -0.005236 0.000000
vt 0.797858 -0.006545 0.000000
vt 0.853121 -0.005236 0.000000
vt 0.880752 -0.006545 0.000000
vt 0.936016 -0.005236 0.000000
vt 1.018910 -0.006545 0.000000
vt 1.074173 -0.005236 0.000000
vt -0.604437 -0.000000 0.000000
vt -0.869437 -0.000000 0.000000
vt -0.604437 -0.425000 0.000000
vt -1.129437 -0.425000 0.000000
vt -1.129437 0.000000 0.000000
vt 0.869437 -0.007854 0.000000
vt 0.999437 -0.009163 0.000000
vt 1.129437 -0.007854 0.000000
vt 1.025437 -0.009163 0.000000
vt 1.051437 -0.009163 0.000000
vt 1.051437 -0.010472 0.000000
vt 1.077437 -0.010472 0.000000
vt 1.129437 -0.011781 0.000000
vt 1.103437 -0.010472 0.000000
vt 1.129437 -0.010472 0.000000
vt 1.103437 -0.009163 0.000000
vt 1.129437 -0.009163 0.000000
vt 0.884203 -0.009660 0.000000
vt 0.895437 -0.009163 0.000000
vt 0.921437 -0.009163 0.000000
vt 0.947437 -0.009163 0.000000
vt 0.947437 -0.010472 0.000000
vt 0.973437 -0.010472 0.000000
vt 0.898911 -0.011781 0.000000
vt 0.999437 -0.010472 0.000000
vt 1.025437 -0.010472 0.000000
vt 0.895437 -0.010472 0.000000
vt 0.921437 -0.010472 0.000000
vt 0.973437 -0.009163 0.000000
vt 1.077437 -0.009163 0.000000
vt 0.604437 -0.001309 0.000000
vt 0.632068 -0.001309 0.000000
vt 0.604437 0.000000 0.000000
vt 0.659700 -0.001309 0.000000
vt 0.687331 -0.001309 0.000000
vt 0.687331 -0.002618 0.000000
vt 0.714963 -0.002618 0.000000
vt 0.604437 -0.003927 0.000000
vt 0.742595 -0.002618 0.000000
vt 0.770226 -0.002618 0.000000
vt 0.742595 -0.001309 0.000000
vt 0.770226 -0.001309 0.000000
vt 0.797858 -0.001309 0.000000
vt 0.825489 -0.001309 0.000000
vt 0.825489 -0.002618 0.000000
vt 0.853121 -0.002618 0.000000
vt 1.129437 -0.003927 0.000000
vt 0.632068 -0.002618 0.000000
vt 0.604437 -0.002618 0.000000
vt 1.129437 -0.002618 0.000000
vt 1.101805 -0.002618 0.000000
vt 1.074173 -0.002618 0.000000
vt 1.046542 -0.002618 0.000000
vt 1.046542 -0.001309 0.000000
vt 1.018910 -0.001309 0.000000
vt 1.129437 0.000000 0.000000
vt 0.991279 -0.001309 0.000000
vt 0.963647 -0.001309 0.000000
vt 0.991279 -0.002618 0.000000
vt 0.963647 -0.002618 0.000000
vt 0.936016 -0.002618 0.000000
vt 0.908384 -0.002618 0.000000
vt 0.908384 -0.001309 0.000000
vt 0.880752 -0.001309 0.000000
vt 1.101805 -0.001309 0.000000
vt 1.129437 -0.001309 0.000000
vt 0.659700 -0.002618 0.000000
vt 0.714963 -0.001309 0.000000
vt 0.797858 -0.002618 0.000000
vt 0.853121 -0.001309 0.000000
vt 0.880752 -0.002618 0.000000
vt 0.936016 -0.001309 0.000000
vt 1.018910 -0.002618 0.000000
vt 1.074173 -0.001309 0.000000
vt 0.345000 -0.604437 0.000000
vt 0.000000 -0.604437 0.000000
vt 0.345000 -1.129437 0.000000
vt 0.000000 -1.129437 0.000000
vt -0.002165 -0.001250 0.000000
vt -0.001250 -0.002165 0.000000
vt -0.002500 0.000000 0.000000
vt -0.000000 -0.002500 0.000000
vt -0.000000 0.427500 0.000000
vt 0.345000 -0.002500 0.000000
vt 0.345000 0.427500 0.000000
vt 0.347500 0.000000 0.000000
vt 0.347500 0.425000 0.000000
vt 0.346250 -0.002165 0.000000
vt 0.347165 -0.001250 0.000000
vt 0.347165 0.426250 0.000000
vt 0.346250 0.427165 0.000000
vt -0.002500 0.425000 0.000000
vt -0.001250 0.427165 0.000000
vt -0.002165 0.426250 0.000000
vt 0.018019 0.008678 0.000000
vt -0.018019 0.008678 0.000000
vt 0.020000 0.000000 0.000000
vt -0.020000 0.000000 0.000000
vt 0.018019 -0.008678 0.000000
vt -0.018019 -0.008678 0.000000
vt 0.012470 -0.015637 0.000000
vt -0.012470 -0.015637 0.000000
vt 0.004450 -0.019499 0.000000
vt -0.004450 -0.019499 0.000000
vt -0.012470 0.015637 0.000000
vt 0.012470 0.015637 0.000000
vt -0.004450 0.019499 0.000000
vt 0.004450 0.019499 0.000000
vt 0.015554 -0.520422 0.000000
vt 0.015120 -0.520286 0.000000
vt 0.015156 -0.538785 0.000000
vt 0.014767 -0.520017 0.000000
vt 0.011974 -0.541475 0.000000
vt 0.014222 -0.519275 0.000000
vt 0.013566 -0.517616 0.000000
vt 0.012542 -0.515274 0.000000
vt 0.013125 -0.513979 0.000000
vt 0.013125 -0.505606 0.000000
vt 0.013125 -0.497233 0.000000
vt 0.013125 -0.488861 0.000000
vt 0.014772 -0.556935 0.000000
vt 0.011434 -0.567221 0.000000
vt 0.014406 -0.574793 0.000000
vt 0.010937 -0.592290 0.000000
vt 0.014062 -0.592290 0.000000
vt 0.013589 -0.616225 0.000000
vt 0.010464 -0.616225 0.000000
vt 0.013076 -0.640787 0.000000
vt 0.009951 -0.640787 0.000000
vt 0.012535 -0.665784 0.000000
vt 0.009410 -0.665784 0.000000
vt 0.011979 -0.691005 0.000000
vt 0.008854 -0.691005 0.000000
vt 0.011423 -0.716225 0.000000
vt 0.008298 -0.716225 0.000000
vt 0.010882 -0.741222 0.000000
vt 0.007757 -0.741222 0.000000
vt 0.010369 -0.765784 0.000000
vt 0.007244 -0.765784 0.000000
vt 0.009896 -0.789720 0.000000
vt 0.006771 -0.789720 0.000000
vt 0.009422 -0.813655 0.000000
vt 0.006297 -0.813655 0.000000
vt 0.008909 -0.838217 0.000000
vt 0.005784 -0.838217 0.000000
vt 0.008368 -0.863214 0.000000
vt 0.005243 -0.863214 0.000000
vt 0.007812 -0.888434 0.000000
vt 0.004687 -0.888434 0.000000
vt 0.007257 -0.913655 0.000000
vt 0.004132 -0.913655 0.000000
vt 0.006716 -0.938652 0.000000
vt 0.003591 -0.938652 0.000000
vt 0.006203 -0.963214 0.000000
vt 0.003078 -0.963214 0.000000
vt 0.005729 -0.987149 0.000000
vt 0.002604 -0.987149 0.000000
vt 0.005256 -1.011085 0.000000
vt 0.002131 -1.011085 0.000000
vt 0.004743 -1.035646 0.000000
vt 0.001618 -1.035646 0.000000
vt 0.004202 -1.060644 0.000000
vt 0.001077 -1.060644 0.000000
vt 0.003646 -1.085864 0.000000
vt 0.000521 -1.085864 0.000000
vt 0.003090 -1.111085 0.000000
vt -0.000035 -1.111085 0.000000
vt 0.002549 -1.136082 0.000000
vt -0.000576 -1.136082 0.000000
vt 0.002036 -1.160644 0.000000
vt -0.001089 -1.160644 0.000000
vt 0.001562 -1.184579 0.000000
vt -0.001562 -1.184579 0.000000
vt 0.014599 0.700920 0.000000
vt 0.007807 0.698234 0.000000
vt 0.015625 0.678651 0.000000
vt 0.007807 0.674207 0.000000
vt 0.015625 0.653450 0.000000
vt 0.007807 0.650080 0.000000
vt 0.015625 0.628250 0.000000
vt 0.007807 0.626003 0.000000
vt 0.015625 0.603049 0.000000
vt 0.007807 0.601926 0.000000
vt 0.015625 0.577849 0.000000
vt 0.007807 0.577849 0.000000
vt 0.015625 0.553772 0.000000
vt 0.007807 0.553772 0.000000
vt 0.015625 0.529695 0.000000
vt 0.007807 0.529695 0.000000
vt 0.015625 0.505618 0.000000
vt 0.007807 0.505618 0.000000
vt 0.015625 0.481541 0.000000
vt 0.007807 0.481525 0.000000
vt 0.015625 0.457464 0.000000
vt 0.007807 0.457464 0.000000
vt 0.015625 0.433387 0.000000
vt 0.007807 0.433387 0.000000
vt 0.015625 0.409310 0.000000
vt 0.007807 0.409310 0.000000
vt 0.015625 0.385233 0.000000
vt 0.007807 0.385233 0.000000
vt 0.015625 0.361156 0.000000
vt 0.007807 0.361156 0.000000
vt 0.015625 0.337079 0.000000
vt 0.007807 0.337079 0.000000
vt 0.015625 0.313001 0.000000
vt 0.007807 0.313001 0.000000
vt 0.015625 0.288924 0.000000
vt 0.007807 0.288906 0.000000
vt 0.015625 0.264847 0.000000
vt 0.007807 0.264847 0.000000
vt 0.015625 0.240770 0.000000
vt 0.007807 0.240770 0.000000
vt 0.015625 0.216693 0.000000
vt 0.007807 0.216693 0.000000
vt 0.015625 0.192616 0.000000
vt 0.007807 0.192616 0.000000
vt 0.015625 0.168539 0.000000
vt 0.007807 0.168539 0.000000
vt 0.015625 0.144462 0.000000
vt 0.007807 0.144462 0.000000
vt 0.015625 0.120385 0.000000
vt 0.007807 0.120385 0.000000
vt 0.015625 0.096308 0.000000
vt 0.007807 0.096308 0.000000
vt 0.015625 0.072231 0.000000
vt 0.007807 0.072121 0.000000
vt 0.015625 0.048154 0.000000
vt 0.007807 0.048154 0.000000
vt 0.015625 0.024077 0.000000
vt 0.007807 0.024077 0.000000
vt 0.015625 0.000000 0.000000
vt -0.000001 0.010784 0.000000
vt 0.000038 0.000002 0.000000
vt 0.007807 0.722311 0.000000
vt 0.013587 0.723510 0.000000
vt 0.007807 0.746509 0.000000
vt 0.012606 0.746584 0.000000
vt 0.011666 0.770465 0.000000
vt 0.007807 0.770465 0.000000
vt 0.010743 0.793961 0.000000
vt 0.007807 0.794542 0.000000
vt 0.009768 0.816917 0.000000
vt 0.007807 0.818619 0.000000
vt 0.008754 0.839570 0.000000
vt 0.007807 0.842696 0.000000
vt 0.007713 0.862183 0.000000
vt -0.000000 0.843206 0.000000
vt -0.000000 0.866731 0.000000
vt 0.006665 0.884834 0.000000
vt -0.000000 0.890324 0.000000
vt 0.005626 0.907717 0.000000
vt -0.000000 0.914071 0.000000
vt 0.004604 0.931254 0.000000
vt -0.000000 0.938222 0.000000
vt 0.004023 0.945632 0.000000
vt 0.000001 0.963082 0.000000
vt 0.003343 0.963082 0.000000
vt 0.002881 0.974928 0.000000
vt 0.000001 0.983042 0.000000
vt 0.002373 0.987486 0.000000
vt 0.001976 0.999186 0.000000
vt -0.000000 1.002581 0.000000
vt 0.001662 1.009186 0.000000
vt -0.000000 1.021804 0.000000
vt 0.000897 1.025811 0.000000
vt 0.000019 1.040554 0.000000
vt -0.000000 0.819466 0.000000
vt 0.000001 0.795253 0.000000
vt 0.000001 0.770465 0.000000
vt -0.000000 0.745680 0.000000
vt -0.000000 0.721488 0.000000
vt -0.000000 0.697779 0.000000
vt -0.000000 0.674257 0.000000
vt -0.000000 0.650669 0.000000
vt -0.000000 0.626892 0.000000
vt -0.000000 0.602686 0.000000
vt -0.000000 0.577848 0.000000
vt -0.000000 0.553018 0.000000
vt -0.000000 0.528859 0.000000
vt -0.000000 0.505060 0.000000
vt -0.000000 0.481508 0.000000
vt -0.000000 0.457960 0.000000
vt 0.000001 0.434162 0.000000
vt 0.000004 0.410020 0.000000
vt 0.000002 0.385233 0.000000
vt -0.000000 0.360379 0.000000
vt -0.000000 0.336229 0.000000
vt -0.000000 0.312482 0.000000
vt -0.000000 0.288889 0.000000
vt -0.000000 0.265360 0.000000
vt -0.000000 0.241612 0.000000
vt 0.000002 0.217401 0.000000
vt 0.000001 0.192616 0.000000
vt -0.000000 0.171777 0.000000
vt -0.000000 0.151366 0.000000
vt -0.000000 0.131340 0.000000
vt -0.000000 0.111533 0.000000
vt -0.000000 0.091772 0.000000
vt -0.000000 0.072012 0.000000
vt -0.000000 0.052127 0.000000
vt -0.000010 0.031934 0.000000
vt -0.000010 0.021422 0.000000
vt 0.015625 0.146867 0.000000
vt 0.015625 0.171661 0.000000
vt 0.007816 0.168869 0.000000
vt 0.014784 0.192993 0.000000
vt 0.007816 0.192994 0.000000
vt 0.014080 0.211102 0.000000
vt 0.007816 0.217118 0.000000
vt 0.013505 0.225275 0.000000
vt 0.007816 0.241242 0.000000
vt 0.012457 0.249415 0.000000
vt 0.007816 0.265366 0.000000
vt 0.011383 0.273084 0.000000
vt 0.007816 0.289491 0.000000
vt 0.010302 0.296465 0.000000
vt 0.007816 0.313615 0.000000
vt 0.009235 0.319741 0.000000
vt 0.000000 0.337739 0.000000
vt 0.007816 0.337739 0.000000
vt 0.008194 0.343192 0.000000
vt 0.000000 0.361863 0.000000
vt 0.007252 0.365579 0.000000
vt 0.006451 0.385987 0.000000
vt 0.000000 0.385987 0.000000
vt 0.005726 0.404737 0.000000
vt 0.000000 0.410112 0.000000
vt 0.005094 0.420106 0.000000
vt 0.000000 0.434236 0.000000
vt 0.004474 0.434491 0.000000
vt 0.003842 0.448679 0.000000
vt 0.000000 0.458360 0.000000
vt 0.003203 0.462737 0.000000
vt 0.002560 0.476688 0.000000
vt 0.000000 0.482484 0.000000
vt 0.001918 0.490572 0.000000
vt 0.000000 0.506608 0.000000
vt 0.001279 0.504450 0.000000
vt 0.001543 0.507450 0.000000
vt 0.002444 0.511494 0.000000
vt 0.005524 0.521127 0.000000
vt 0.000000 0.530733 0.000000
vt 0.007816 0.530733 0.000000
vt 0.000000 0.554857 0.000000
vt 0.007816 0.554857 0.000000
vt 0.000000 0.578981 0.000000
vt 0.007816 0.578981 0.000000
vt 0.000000 0.596684 0.000000
vt 0.007816 0.596684 0.000000
vt 0.000000 0.614387 0.000000
vt 0.007816 0.614387 0.000000
vt 0.000000 0.632090 0.000000
vt 0.000156 0.649465 0.000000
vt 0.000000 0.649792 0.000000
vt 0.013026 0.548774 0.000000
vt 0.015625 0.578981 0.000000
vt 0.011609 0.616278 0.000000
vt 0.000000 0.313615 0.000000
vt 0.000000 0.289491 0.000000
vt 0.000000 0.265366 0.000000
vt 0.000000 0.241242 0.000000
vt 0.000000 0.217118 0.000000
vt 0.000000 0.192994 0.000000
vt 0.000000 0.168869 0.000000
vt 0.007816 0.144745 0.000000
vt 0.015625 0.122533 0.000000
vt 0.007816 0.120621 0.000000
vt 0.015625 0.098433 0.000000
vt 0.007816 0.096497 0.000000
vt 0.015625 0.074351 0.000000
vt 0.007816 0.072373 0.000000
vt 0.015625 0.050070 0.000000
vt 0.007816 0.048248 0.000000
vt 0.015625 0.025366 0.000000
vt 0.007816 0.024124 0.000000
vt 0.015625 0.000000 0.000000
vt 0.000000 0.000000 0.000000
vt 0.000000 0.024124 0.000000
vt 0.000000 0.048248 0.000000
vt 0.000000 0.072373 0.000000
vt 0.000000 0.096497 0.000000
vt 0.000000 0.120621 0.000000
vt 0.000000 0.144745 0.000000
vt 0.001562 0.000000 0.000000
vt 0.009312 0.013525 0.000000
vt -0.001562 -0.000000 0.000000
vt -0.009375 0.013532 0.000000
vn -0.000000 0.532032 -0.846724
vn 0.382683 0.369452 -0.846793
vn -0.000000 0.258819 -0.965926
vn 0.382683 0.103442 -0.918070
vn -0.000000 -0.037391 -0.999301
vn 0.382683 -0.171760 -0.907773
vn -0.000000 -0.330279 -0.943883
vn 0.382683 -0.431700 -0.816816
vn 0.000000 -0.593820 -0.804598
vn 0.382683 -0.653281 -0.653281
vn 0.000000 -0.804598 -0.593820
vn 0.382683 -0.816816 -0.431700
vn 0.000000 -0.943883 -0.330279
vn 0.382683 -0.907773 -0.171760
vn 0.000000 -0.999301 -0.037391
vn 0.382683 -0.918070 0.103442
vn 0.000000 -0.965926 0.258819
vn 0.382683 -0.846793 0.369452
vn 0.000000 -0.846724 0.532032
vn 0.382683 -0.700275 0.602635
vn 0.000000 -0.652287 0.757972
vn 0.382683 -0.491534 0.782271
vn 0.000000 -0.399892 0.916562
vn 0.382683 -0.239118 0.892399
vn 0.000000 -0.111964 0.993712
vn 0.382683 0.034545 0.923233
vn 0.000000 0.185912 0.982566
vn 0.382683 0.305138 0.872034
vn 0.000000 0.467269 0.884115
vn 0.382683 0.548618 0.743351
vn -0.000000 0.707107 0.707107
vn 0.382683 0.743351 0.548618
vn -0.000000 0.884115 0.467269
vn 0.382683 0.872034 0.305138
vn -0.000000 0.982566 0.185912
vn 0.382683 0.923233 0.034545
vn -0.000000 0.993712 -0.111964
vn 0.382683 0.892399 -0.239118
vn -0.000000 0.916562 -0.399892
vn 0.382683 0.782271 -0.491534
vn -0.000000 0.757972 -0.652287
vn 0.382683 0.602635 -0.700275
vn 1.000000 -0.000000 0.000000
vn 0.923880 0.042847 -0.380277
vn 1.000000 -0.000000 0.000000
vn 0.923880 0.153032 -0.350753
vn 1.000000 -0.000000 0.000000
vn 0.923880 0.249620 -0.290063
vn 0.923880 0.324027 -0.203600
vn 0.707107 0.461237 -0.535967
vn 0.707107 0.598724 -0.376203
vn 1.000000 -0.000000 -0.000000
vn 0.923880 -0.178816 -0.338336
vn 0.923880 -0.071145 -0.376012
vn 0.707107 -0.131459 -0.694779
vn 0.707107 0.079171 -0.702661
vn 0.923880 -0.270598 -0.270598
vn 1.000000 -0.000000 0.000000
vn 0.923880 -0.338336 -0.178816
vn 0.923880 -0.376012 -0.071145
vn 0.707107 -0.694779 -0.131459
vn 0.707107 -0.702661 0.079171
vn 1.000000 -0.000000 0.000000
vn 0.923880 -0.380277 0.042847
vn 0.707107 -0.648107 0.282766
vn 1.000000 -0.000000 0.000000
vn 0.923880 -0.350753 0.153032
vn 0.707107 -0.535967 0.461237
vn 0.923880 -0.290063 0.249620
vn 1.000000 -0.000000 0.000000
vn 0.923880 -0.203600 0.324027
vn 1.000000 -0.000000 0.000000
vn 0.923880 -0.099046 0.369644
vn 0.923880 0.014309 0.382416
vn 0.707107 0.026440 0.706612
vn 0.707107 0.233543 0.667426
vn 1.000000 0.000000 0.000000
vn 0.923880 0.126392 0.361209
vn 0.707107 0.419894 0.568937
vn 1.000000 0.000000 0.000000
vn 0.923880 0.227245 0.307906
vn 0.707107 0.568937 0.419894
vn 0.923880 0.307906 0.227245
vn 1.000000 0.000000 0.000000
vn 0.923880 0.361209 0.126392
vn 1.000000 -0.000000 0.000000
vn 0.923880 0.382416 0.014309
vn 0.923880 0.369644 -0.099046
vn 0.707107 0.683013 -0.183013
vn 1.000000 -0.000000 0.000000
vn 0.707107 -0.183013 0.683013
vn 0.707107 -0.376203 0.598724
vn 0.707107 0.282766 -0.648107
vn 0.707107 0.706612 0.026440
vn 0.707107 0.667426 0.233543
vn 0.707107 -0.625164 -0.330409
vn 0.707107 -0.500000 -0.500000
vn 0.707107 -0.330409 -0.625164
vn 0.000000 -0.037391 -0.999301
vn 0.000000 0.258819 -0.965926
vn 0.000000 0.532032 -0.846724
vn 0.000000 0.757972 -0.652287
vn 0.000000 0.916562 -0.399892
vn 0.000000 0.993712 -0.111964
vn 0.000000 0.982566 0.185912
vn 0.000000 0.884115 0.467269
vn 0.000000 0.707107 0.707107
vn -0.000000 0.467269 0.884115
vn -0.000000 0.185912 0.982566
vn -0.000000 -0.111964 0.993712
vn -0.000000 -0.399892 0.916562
vn -0.000000 -0.652287 0.757972
vn -0.000000 -0.846724 0.532032
vn -0.000000 -0.965926 0.258819
vn -0.000000 -0.999301 -0.037391
vn -0.000000 -0.943883 -0.330279
vn -0.000000 -0.804598 -0.593820
vn -0.000000 -0.593820 -0.804598
vn 0.000000 -0.330279 -0.943883
vn -0.000000 -0.532032 0.846724
vn -0.000000 -0.258819 0.965926
vn -0.000000 0.037391 0.999301
vn -0.000000 0.330279 0.943883
vn 0.000000 0.593820 0.804598
vn 0.000000 0.804598 0.593820
vn 0.000000 0.943883 0.330279
vn 0.000000 0.999301 0.037391
vn 0.000000 0.965926 -0.258819
vn 0.000000 0.846724 -0.532032
vn 0.000000 0.652287 -0.757972
vn 0.000000 0.399892 -0.916562
vn 0.000000 0.111964 -0.993712
vn 0.000000 -0.185912 -0.982566
vn 0.000000 -0.467269 -0.884115
vn -0.000000 -0.707107 -0.707107
vn -0.000000 -0.884115 -0.467269
vn -0.000000 -0.982566 -0.185912
vn -0.000000 -0.993712 0.111964
vn -0.000000 -0.916562 0.399892
vn -0.000000 -0.757972 0.652287
vn -0.000000 -0.176390 0.984320
vn -0.000000 -0.092435 0.995719
vn -0.000000 -0.092435 0.995719
vn -0.000000 0.054939 0.998490
vn -0.000000 0.060423 0.998173
vn -0.000000 0.201118 0.979567
vn -0.000000 0.211868 0.977298
vn -0.000000 0.342928 0.939362
vn -0.000000 0.358361 0.933583
vn -0.000000 0.453049 0.891485
vn -0.000000 0.477288 0.878747
vn -0.000000 0.544098 0.839022
vn 0.000000 0.601277 0.799041
vn 0.000000 0.629111 0.777315
vn 0.000000 0.712203 0.701974
vn 0.000000 0.707107 0.707107
vn 0.000000 0.793504 0.608565
vn 0.000000 0.807655 0.589655
vn 0.000000 0.866086 0.499895
vn 0.000000 0.885560 0.464526
vn 0.000000 0.923895 0.382645
vn 0.000000 0.944224 0.329304
vn 0.000000 0.965987 0.258591
vn 0.000000 0.982374 0.186927
vn 0.000000 0.991452 0.130473
vn 0.000000 0.999180 0.040489
vn 0.000000 1.000000 0.000065
vn 0.000000 0.994277 -0.106829
vn 0.000000 0.991427 -0.130665
vn 0.000000 0.967773 -0.251826
vn 0.000000 0.965926 -0.258819
vn 0.000000 0.923938 -0.382542
vn 0.000000 0.920242 -0.391351
vn 0.000000 0.866056 -0.499946
vn 0.000000 0.852717 -0.522374
vn 0.000000 0.793568 -0.608481
vn 0.000000 0.766665 -0.642047
vn 0.000000 0.707498 -0.706715
vn 0.000000 0.663957 -0.747771
vn 0.000000 0.609071 -0.793116
vn 0.000000 0.546823 -0.837248
vn 0.000000 0.500257 -0.865877
vn 0.000000 0.417809 -0.908535
vn 0.000000 0.382797 -0.923833
vn 0.000000 0.337823 -0.941210
vn 0.000000 0.258816 -0.965927
vn 0.000000 0.258819 -0.965926
vn 0.000000 0.178041 -0.984023
vn -0.000000 -0.258819 0.965926
vn -0.000000 -0.258819 0.965926
vn -0.000000 -0.178043 0.984023
vn -0.000000 -0.339402 0.940641
vn -0.000000 -0.385170 0.922846
vn -0.000000 -0.417809 0.908535
vn -0.000000 -0.504654 0.863322
vn -0.000000 -0.551539 0.834149
vn -0.000000 -0.615143 0.788415
vn -0.000000 -0.672355 0.740229
vn -0.000000 -0.714671 0.699461
vn -0.000000 -0.777425 0.628975
vn -0.000000 -0.801464 0.598044
vn -0.000000 -0.864291 0.502993
vn -0.000000 -0.873976 0.485968
vn -0.000000 -0.930917 0.365231
vn -0.000000 -0.258823 0.965925
vn 0.000000 0.130433 -0.991457
vn 0.000000 0.092435 -0.995719
vn 0.000000 -0.000009 -1.000000
vn 0.000000 -0.054941 -0.998490
vn 0.000000 -0.130741 -0.991417
vn 0.000000 -0.201122 -0.979566
vn 0.000000 -0.258994 -0.965879
vn 0.000000 -0.342934 -0.939359
vn 0.000000 -0.382798 -0.923832
vn 0.000000 -0.477295 -0.878743
vn 0.000000 -0.500280 -0.865864
vn -0.000000 -0.601285 -0.799034
vn -0.000000 -0.608874 -0.793267
vn -0.000000 -0.712212 -0.701965
vn -0.000000 -0.707107 -0.707106
vn -0.000000 -0.793482 -0.608594
vn -0.000000 -0.807664 -0.589643
vn -0.000000 -0.866066 -0.499930
vn -0.000000 -0.885567 -0.464511
vn -0.000000 -0.923881 -0.382679
vn -0.000000 -0.944230 -0.329286
vn -0.000000 -0.965978 -0.258626
vn -0.000000 -0.982378 -0.186906
vn -0.000000 -0.991449 -0.130492
vn -0.000000 -0.999181 -0.040466
vn -0.000000 -1.000000 -0.000039
vn -0.000000 -0.994275 0.106854
vn -0.000000 -0.991425 0.130679
vn -0.000000 -0.967766 0.251852
vn -0.000000 -0.965926 0.258819
vn -0.000000 -0.931795 0.362986
vn -0.000000 -0.920230 0.391378
vn -0.000000 -0.886348 0.463019
vn -0.000000 -0.852700 0.522400
vn -0.000000 -0.830339 0.557259
vn -0.000000 -0.766644 0.642072
vn -0.000000 -0.764371 0.644777
vn -0.000000 -0.689036 0.724728
vn -0.000000 -0.663930 0.747794
vn -0.000000 -0.605512 0.795836
vn -0.000000 -0.546792 0.837269
vn -0.000000 -0.514807 0.857306
vn -0.000000 -0.417773 0.908552
vn 1.000000 -0.000000 0.000000
vn 1.000000 -0.000000 0.000000
vn 1.000000 -0.000000 0.000000
vn 1.000000 -0.000000 0.000000
vn 1.000000 -0.000000 0.000000
vn 1.000000 -0.000000 0.000000
vn 1.000000 -0.000000 0.000000
vn 1.000000 -0.000000 0.000000
vn 1.000000 -0.000000 0.000000
vn 1.000000 -0.000000 0.000000
vn 1.000000 -0.000000 0.000000
vn 1.000000 -0.000000 0.000000
vn 1.000000 -0.000000 0.000000
vn 1.000000 -0.000000 0.000000
vn 1.000000 -0.000000 0.000000
vn 1.000000 -0.000000 0.000000
vn 1.000000 -0.000000 0.000000
vn 1.000000 -0.000000 0.000000
vn 1.000000 -0.000000 0.000000
vn 1.000000 -0.000000 0.000000
vn 1.000000 -0.000000 0.000000
vn 1.000000 -0.000000 0.000000
vn 1.000000 -0.000000 0.000000
vn 1.000000 -0.000000 0.000000
vn 1.000000 -0.000000 0.000000
vn 1.000000 -0.000000 0.000000
vn 0.820456 0.147969 -0.552229
vn 0.866025 0.129410 -0.482963
vn 1.000000 0.000000 -0.000000
vn 0.866025 0.129410 -0.482963
vn 0.866025 0.129410 -0.482963
vn 0.500000 0.224144 -0.836516
vn 0.500000 0.224144 -0.836516
vn 0.000000 0.258819 -0.965926
vn 0.500000 0.224144 -0.836516
vn 0.500000 0.224144 -0.836516
vn 0.866025 0.129410 -0.482963
vn 0.866025 0.129410 -0.482963
vn 1.000000 -0.000000 0.000000
vn 0.866025 0.129410 -0.482963
vn 0.500000 0.224144 -0.836516
vn 0.500000 0.224144 -0.836516
vn 0.561302 0.214201 -0.799411
vn 0.343254 0.243094 -0.907239
vn 0.202098 0.253478 -0.945994
vn 0.500000 0.224144 -0.836516
vn 0.028206 0.258716 -0.965542
vn 0.000000 0.258819 -0.965926
vn 0.866025 0.129410 -0.482963
vn 1.000000 -0.000000 0.000000
vn 1.000000 -0.000000 0.000000
vn 1.000000 -0.000000 0.000000
vn 1.000000 -0.000000 0.000000
vn 1.000000 -0.000000 0.000000
vn 1.000000 -0.000000 0.000000
vn 1.000000 -0.000000 0.000000
vn 1.000000 -0.000000 0.000000
vn 1.000000 -0.000000 0.000000
vn 1.000000 -0.000000 0.000000
vn 1.000000 -0.000000 0.000000
vn 1.000000 -0.000000 0.000000
vn 1.000000 -0.000000 0.000000
vn 1.000000 -0.000000 0.000000
vn 1.000000 -0.000000 0.000000
vn 1.000000 -0.000000 0.000000
vn 1.000000 -0.000000 0.000000
vn 1.000000 -0.000000 0.000000
vn 1.000000 -0.000000 0.000000
vn 1.000000 -0.000000 0.000000
vn 1.000000 -0.000000 0.000000
vn 1.000000 -0.000000 0.000000
vn 1.000000 -0.000000 0.000000
vn 1.000000 -0.000000 0.000000
vn 1.000000 -0.000000 0.000000
vn 1.000000 -0.000000 0.000000
vn 1.000000 -0.000000 0.000000
vn 0.702815 0.184117 -0.687134
vn 0.500000 0.224144 -0.836516
vn 0.000000 0.258819 -0.965926
vn 0.500000 0.224144 -0.836516
vn 0.500000 0.224144 -0.836516
vn 0.866025 0.129410 -0.482963
vn 0.866025 0.129410 -0.482963
vn 0.866025 0.129410 -0.482963
vn 0.866025 0.129410 -0.482963
vn 0.500000 0.224144 -0.836516
vn 0.500000 0.224144 -0.836516
vn 0.000000 0.258819 -0.965926
vn 0.500000 0.224144 -0.836516
vn 0.500000 0.224144 -0.836516
vn 0.866025 0.129410 -0.482963
vn 0.866025 0.129410 -0.482963
vn 0.866025 0.129410 -0.482963
vn 0.919870 0.101515 -0.378858
vn 0.866025 0.129410 -0.482963
vn 0.500000 0.224144 -0.836516
vn 0.000000 0.258819 -0.965926
vn 0.000000 0.258819 -0.965926
vn 0.000000 0.258819 -0.965926
vn 0.000000 0.258819 -0.965926
vn 0.000000 0.258819 -0.965926
vn 0.000000 0.258819 -0.965926
vn 0.000000 0.258819 -0.965926
vn 0.000000 0.258819 -0.965926
vn 0.000000 0.258819 -0.965926
vn -1.000000 0.000000 -0.000000
vn -1.000000 0.000000 -0.000000
vn -1.000000 0.000000 -0.000000
vn -1.000000 0.000000 -0.000000
vn -1.000000 0.000000 -0.000000
vn -1.000000 0.000000 -0.000000
vn -1.000000 0.000000 -0.000000
vn -1.000000 0.000000 -0.000000
vn -1.000000 0.000000 -0.000000
vn -1.000000 0.000000 -0.000000
vn -1.000000 0.000000 -0.000000
vn -1.000000 0.000000 -0.000000
vn -1.000000 0.000000 -0.000000
vn -1.000000 0.000000 -0.000000
vn -1.000000 0.000000 -0.000000
vn -1.000000 0.000000 -0.000000
vn -1.000000 0.000000 -0.000000
vn -1.000000 0.000000 -0.000000
vn -1.000000 0.000000 -0.000000
vn -1.000000 0.000000 -0.000000
vn -1.000000 0.000000 -0.000000
vn -1.000000 0.000000 -0.000000
vn 0.866025 -0.129410 0.482963
vn 1.000000 -0.000000 0.000000
vn 0.866025 -0.129410 0.482963
vn 0.866025 -0.129410 0.482963
vn 0.500000 -0.224144 0.836516
vn 0.500000 -0.224144 0.836516
vn -0.000000 -0.258819 0.965926
vn 0.500000 -0.224144 0.836516
vn 0.661046 -0.194204 0.724778
vn 0.866025 -0.129410 0.482963
vn 0.866025 -0.129410 0.482963
vn 0.866025 -0.129410 0.482963
vn 0.500000 -0.224144 0.836516
vn 0.500000 -0.224144 0.836516
vn -0.000000 -0.258819 0.965926
vn 0.500000 -0.224144 0.836516
vn 0.500000 -0.224144 0.836516
vn 0.500000 -0.224144 0.836516
vn 0.500000 -0.224144 0.836516
vn 0.500000 -0.224144 0.836516
vn 0.866025 -0.129410 0.482963
vn 0.866025 -0.129410 0.482963
vn 0.866025 -0.129410 0.482963
vn 0.866025 -0.129410 0.482963
vn 0.382683 0.239118 -0.892399
vn 0.382683 0.239118 -0.892399
vn 0.000000 0.258819 -0.965926
vn 0.382683 0.239118 -0.892399
vn -0.000000 0.258819 -0.965926
vn 0.382683 0.239118 -0.892399
vn 0.707107 0.183013 -0.683013
vn 0.707107 0.183013 -0.683013
vn 0.923880 0.099046 -0.369644
vn 0.923880 0.099046 -0.369644
vn 1.000000 -0.000000 -0.000000
vn 0.923880 0.099046 -0.369644
vn 1.000000 -0.000000 0.000000
vn 0.923880 0.099046 -0.369644
vn 0.707107 0.183013 -0.683013
vn 0.707107 0.183013 -0.683013
vn 1.000000 -0.000000 0.000000
vn 1.000000 -0.000000 0.000000
vn 1.000000 -0.000000 0.000000
vn 1.000000 -0.000000 0.000000
vn 1.000000 -0.000000 0.000000
vn 1.000000 -0.000000 0.000000
vn 1.000000 -0.000000 0.000000
vn 1.000000 -0.000000 0.000000
vn 1.000000 -0.000000 0.000000
vn 1.000000 -0.000000 0.000000
vn 1.000000 -0.000000 0.000000
vn 1.000000 -0.000000 0.000000
vn 1.000000 -0.000000 0.000000
vn 1.000000 -0.000000 0.000000
vn 1.000000 -0.000000 0.000000
vn 1.000000 -0.000000 0.000000
vn 1.000000 -0.000000 0.000000
vn 1.000000 -0.000000 0.000000
vn 1.000000 -0.000000 0.000000
vn 1.000000 -0.000000 0.000000
vn 1.000000 -0.000000 0.000000
vn 1.000000 -0.000000 0.000000
vn 1.000000 -0.000000 0.000000
vn 0.923880 -0.099046 0.369644
vn 0.923880 -0.099046 0.369644
vn 0.923880 -0.099046 0.369644
vn 0.923880 -0.099046 0.369644
vn 0.707107 -0.183013 0.683013
vn 0.707107 -0.183013 0.683013
vn 0.382683 -0.239118 0.892399
vn 0.382683 -0.239118 0.892399
vn 0.000000 -0.258819 0.965926
vn 0.382683 -0.239118 0.892399
vn -0.000000 -0.258819 0.965926
vn 0.382683 -0.239118 0.892399
vn 0.707107 -0.183013 0.683013
vn 0.707107 -0.183013 0.683013
vn -0.000000 -0.258819 0.965926
vn -0.000000 -0.258819 0.965926
vn -0.997387 -0.018698 0.069781
vn -0.923880 -0.099046 0.369644
vn -0.923880 -0.099046 0.369644
vn -0.707107 -0.183013 0.683013
vn -0.707107 -0.183013 0.683013
vn -0.382683 -0.239118 0.892399
vn -0.382683 -0.239118 0.892399
vn -0.382683 -0.239118 0.892399
vn -0.382683 -0.239118 0.892399
vn -0.707107 -0.183013 0.683013
vn -0.707107 -0.183013 0.683013
vn -0.923880 -0.099046 0.369644
vn -0.923880 -0.099046 0.369644
vn -1.000000 0.000000 -0.000000
vn -0.994987 -0.025882 0.096593
vn -0.997387 -0.018698 0.069781
vn -1.000000 0.000000 -0.000000
vn -1.000000 0.000000 -0.000000
vn -1.000000 0.000000 -0.000000
vn -1.000000 0.000000 -0.000000
vn -1.000000 0.000000 -0.000000
vn -1.000000 0.000000 -0.000000
vn -1.000000 0.000000 -0.000000
vn -1.000000 0.000000 -0.000000
vn -1.000000 0.000000 -0.000000
vn -1.000000 0.000000 -0.000000
vn -1.000000 0.000000 -0.000000
vn -1.000000 0.000000 -0.000000
vn -1.000000 0.000000 -0.000000
vn -1.000000 0.000000 -0.000000
vn -1.000000 0.000000 -0.000000
vn -1.000000 0.000000 -0.000000
vn -1.000000 0.000000 -0.000000
vn -1.000000 0.000000 -0.000000
vn -1.000000 0.000000 -0.000000
vn -1.000000 0.000000 -0.000000
vn -1.000000 0.000000 -0.000000
vn -0.997387 0.018698 -0.069782
vn -0.923880 0.099046 -0.369644
vn -0.923880 0.099046 -0.369644
vn -0.707107 0.183013 -0.683013
vn -0.707107 0.183013 -0.683013
vn -0.382683 0.239118 -0.892399
vn -0.382683 0.239118 -0.892399
vn 0.000000 0.258819 -0.965926
vn -0.382683 0.239118 -0.892399
vn 0.000000 0.258819 -0.965926
vn -0.382683 0.239118 -0.892399
vn -0.707107 0.183013 -0.683013
vn -0.707107 0.183013 -0.683013
vn -0.923880 0.099046 -0.369644
vn -0.923880 0.099046 -0.369644
vn -1.000000 0.000012 -0.000046
vn -0.998425 0.014518 -0.054183
vn -0.996001 0.023124 -0.086301
vn -0.994985 0.025889 -0.096619
vn -0.000000 -0.965926 -0.258819
vn -0.000000 -0.965926 -0.258819
vn -0.000000 -0.965926 -0.258819
vn -0.000000 -0.965926 -0.258819
vn -0.000000 -0.965926 -0.258819
vn -0.000000 -0.965926 -0.258819
vn -0.000000 -0.965926 -0.258819
vn -0.000000 -0.965926 -0.258819
vn -0.000000 -0.965926 -0.258819
vn -0.000000 -0.965926 -0.258819
vn -0.000000 -0.965926 -0.258819
vn -0.000000 -0.965926 -0.258819
vn -0.000000 -0.965926 -0.258819
vn -0.000000 -0.965926 -0.258819
vn -0.000000 -0.965926 -0.258819
vn -0.000000 -0.965926 -0.258819
vn -0.000000 -0.965926 -0.258819
vn -0.000000 -0.965926 -0.258819
vn -0.000000 -0.965926 -0.258819
vn -0.000000 -0.965926 -0.258819
vn -0.000000 -0.965926 -0.258819
vn -0.000000 -0.965926 -0.258819
vn -0.000000 -0.965926 -0.258819
vn -0.000000 -0.965926 -0.258819
vn -0.000000 -0.965926 -0.258819
vn -0.000000 -0.965926 -0.258819
vn -0.000000 -0.965926 -0.258819
vn -0.000000 -0.965926 -0.258819
vn -0.000000 -0.965926 -0.258819
vn -0.000000 -0.965926 -0.258819
vn -0.000000 -0.965926 -0.258819
vn -0.000000 -0.965926 -0.258819
vn -0.000000 -0.965926 -0.258819
vn -0.000000 -0.965926 -0.258819
vn -0.000000 -0.965926 -0.258819
vn -0.000000 -0.965926 -0.258819
vn 0.000000 0.965926 0.258819
vn 0.000000 0.965926 0.258819
vn 0.000000 0.965926 0.258819
vn 0.000000 0.965926 0.258819
vn 0.000000 0.965926 0.258819
vn 0.000000 0.965926 0.258819
vn 0.000000 0.965926 0.258819
vn 0.000000 0.965926 0.258819
vn 0.000000 0.965926 0.258819
vn 0.000000 0.965926 0.258819
vn 0.000000 0.965926 0.258819
vn 0.000000 0.965926 0.258819
vn 0.000000 0.965926 0.258819
vn 0.000000 0.965926 0.258819
vn 0.000000 0.965926 0.258819
vn 0.000000 0.965926 0.258819
vn 0.000000 0.965926 0.258819
vn 0.000000 0.965926 0.258819
vn 0.000000 0.965926 0.258819
vn 0.000000 0.965926 0.258819
vn -0.866025 -0.129410 0.482963
vn -0.866025 -0.129410 0.482963
vn -1.000000 0.000000 -0.000000
vn -0.866025 -0.129410 0.482963
vn -0.866025 -0.129410 0.482963
vn -0.500000 -0.224144 0.836516
vn -0.500000 -0.224144 0.836516
vn -0.000000 -0.258819 0.965926
vn -0.500000 -0.224144 0.836516
vn -0.500000 -0.224144 0.836516
vn -0.866025 -0.129410 0.482963
vn -0.866025 -0.129410 0.482963
vn -0.866025 -0.129410 0.482963
vn -0.866025 -0.129410 0.482963
vn -0.500000 -0.224144 0.836516
vn -0.500000 -0.224144 0.836516
vn -0.000000 -0.258819 0.965926
vn -0.500000 -0.224144 0.836516
vn -0.500000 -0.224144 0.836516
vn -0.500000 -0.224144 0.836516
vn -0.500000 -0.224144 0.836516
vn -0.500000 -0.224144 0.836516
vn -0.500000 -0.224144 0.836516
vn -0.866025 -0.129410 0.482963
vn -0.866025 -0.129410 0.482963
vn -1.000000 0.000000 -0.000000
vn -0.866025 -0.129410 0.482963
vn -0.866025 -0.129410 0.482963
vn -0.500000 -0.224144 0.836516
vn -0.500000 -0.224144 0.836516
vn -0.500000 -0.224144 0.836516
vn -0.500000 -0.224144 0.836516
vn -0.866025 -0.129410 0.482963
vn -0.866025 -0.129410 0.482963
vn -0.866025 -0.129410 0.482963
vn -0.866025 -0.129410 0.482963
vn -0.500000 -0.224144 0.836516
vn -0.866025 -0.129410 0.482963
vn -0.500000 -0.224144 0.836516
vn -0.866025 -0.129410 0.482963
vn -0.500000 -0.224144 0.836516
vn -0.866025 -0.129410 0.482963
vn -0.500000 -0.224144 0.836516
vn -0.866025 -0.129410 0.482963
vn -0.000000 -0.258819 0.965926
vn -0.000000 -0.258819 0.965926
vn -0.000000 -0.258819 0.965926
vn 0.500000 -0.224144 0.836516
vn 0.500000 -0.224144 0.836516
vn 0.500000 -0.224144 0.836516
vn 0.866025 -0.129410 0.482963
vn 0.866025 -0.129410 0.482963
vn 0.866025 -0.129410 0.482963
vn 0.866025 -0.129410 0.482963
vn 0.500000 -0.224144 0.836516
vn 0.500000 -0.224144 0.836516
vn 0.661046 -0.194204 0.724778
vn 0.500000 -0.224144 0.836516
vn 0.500000 -0.224144 0.836516
vn 0.500000 -0.224144 0.836516
vn 0.866025 -0.129410 0.482963
vn 0.866025 -0.129410 0.482963
vn 1.000000 -0.000000 0.000000
vn 0.866025 -0.129410 0.482963
vn 0.866025 -0.129410 0.482963
vn 0.866025 -0.129410 0.482963
vn 0.866025 -0.129410 0.482963
vn 0.500000 -0.224144 0.836516
vn 0.500000 -0.224144 0.836516
vn -0.500000 0.224144 -0.836516
vn -0.500000 0.224144 -0.836516
vn 0.000000 0.258819 -0.965926
vn -0.500000 0.224144 -0.836516
vn -0.500000 0.224144 -0.836516
vn -0.866025 0.129410 -0.482963
vn -0.866025 0.129410 -0.482963
vn -1.000000 0.000000 -0.000000
vn -0.866025 0.129410 -0.482963
vn -0.866025 0.129410 -0.482963
vn -0.500000 0.224144 -0.836516
vn -0.500000 0.224144 -0.836516
vn -0.500000 0.224144 -0.836516
vn -0.500000 0.224144 -0.836516
vn -0.866025 0.129410 -0.482963
vn -0.866025 0.129410 -0.482963
vn -1.000000 0.000000 -0.000000
vn -0.866025 0.129410 -0.482963
vn -0.866025 0.129410 -0.482963
vn -0.866025 0.129410 -0.482963
vn -0.866025 0.129410 -0.482963
vn -0.866025 0.129410 -0.482963
vn -0.866025 0.129410 -0.482963
vn -0.500000 0.224144 -0.836516
vn -0.500000 0.224144 -0.836516
vn 0.000000 0.258819 -0.965926
vn -0.500000 0.224144 -0.836516
vn -0.500000 0.224144 -0.836516
vn -0.866025 0.129410 -0.482963
vn -0.866025 0.129410 -0.482963
vn -0.866025 0.129410 -0.482963
vn -0.866025 0.129410 -0.482963
vn -0.500000 0.224144 -0.836516
vn -0.500000 0.224144 -0.836516
vn -0.500000 0.224144 -0.836516
vn -0.500000 0.224144 -0.836516
vn -0.866025 0.129410 -0.482963
vn -0.500000 0.224144 -0.836516
vn -0.866025 0.129410 -0.482963
vn -0.500000 0.224144 -0.836516
vn -0.866025 0.129410 -0.482963
vn -0.500000 0.224144 -0.836516
vn -0.866025 0.129410 -0.482963
vn -0.500000 0.224144 -0.836516
vn -1.000000 0.000000 -0.000000
vn -0.000000 -0.965926 -0.258819
vn -0.000000 -0.965926 -0.258819
vn -0.000000 -0.965926 -0.258819
vn -0.000000 -0.965926 -0.258819
vn -0.000000 -0.965926 -0.258819
vn -0.000000 -0.965926 -0.258819
vn -0.000000 -0.965926 -0.258819
vn -0.000000 -0.965926 -0.258819
vn -0.000000 -0.965926 -0.258819
vn -0.000000 -0.965926 -0.258819
vn -0.000000 -0.965926 -0.258819
vn -0.000000 -0.965926 -0.258819
vn -0.000000 -0.965926 -0.258819
vn -0.000000 -0.965926 -0.258819
vn -0.000000 -0.965926 -0.258819
vn -0.000000 -0.965926 -0.258819
vn 0.000000 0.599594 -0.800304
vn 0.000000 0.600171 -0.799871
vn 0.000000 0.518927 -0.854818
vn 0.000000 0.601314 -0.799013
vn 0.000000 0.506677 -0.862136
vn 0.000000 0.604453 -0.796641
vn 0.000000 0.611441 -0.791290
vn 0.000000 0.621224 -0.783633
vn 0.000000 0.626592 -0.779347
vn 0.000000 0.660573 -0.750762
vn 0.000000 0.693252 -0.720695
vn 0.000000 0.724563 -0.689208
vn 0.000000 0.434358 -0.900740
vn 0.000000 0.384595 -0.923085
vn 0.000000 0.347217 -0.937785
vn 0.000000 0.258819 -0.965926
vn 0.000000 0.258819 -0.965926
vn 0.000000 0.134433 -0.990923
vn 0.000000 0.134433 -0.990923
vn 0.000000 0.004564 -0.999990
vn 0.000000 0.004564 -0.999990
vn 0.000000 -0.127675 -0.991816
vn 0.000000 -0.127675 -0.991816
vn 0.000000 -0.258819 -0.965926
vn 0.000000 -0.258819 -0.965926
vn -0.000000 -0.385338 -0.922775
vn -0.000000 -0.385338 -0.922775
vn -0.000000 -0.503947 -0.863735
vn -0.000000 -0.503947 -0.863735
vn -0.000000 -0.611884 -0.790948
vn -0.000000 -0.611884 -0.790948
vn -0.000000 -0.707107 -0.707107
vn -0.000000 -0.707107 -0.707107
vn -0.000000 -0.790948 -0.611884
vn -0.000000 -0.790948 -0.611884
vn -0.000000 -0.863735 -0.503947
vn -0.000000 -0.863735 -0.503947
vn -0.000000 -0.922775 -0.385338
vn -0.000000 -0.922775 -0.385338
vn -0.000000 -0.965926 -0.258819
vn -0.000000 -0.965926 -0.258819
vn -0.000000 -0.991816 -0.127675
vn -0.000000 -0.991816 -0.127675
vn -0.000000 -0.999990 0.004564
vn -0.000000 -0.999990 0.004564
vn -0.000000 -0.990923 0.134433
vn -0.000000 -0.990923 0.134433
vn -0.000000 -0.965926 0.258819
vn -0.000000 -0.965926 0.258819
vn -0.000000 -0.925381 0.379039
vn -0.000000 -0.925381 0.379039
vn -0.000000 -0.868298 0.496043
vn -0.000000 -0.868298 0.496043
vn -0.000000 -0.795100 0.606478
vn -0.000000 -0.795100 0.606478
vn -0.000000 -0.707107 0.707107
vn -0.000000 -0.707107 0.707107
vn -0.000000 -0.606478 0.795100
vn -0.000000 -0.606478 0.795100
vn -0.000000 -0.496043 0.868298
vn -0.000000 -0.496043 0.868298
vn -0.000000 -0.379039 0.925381
vn -0.000000 -0.379039 0.925381
vn -0.000000 -0.258819 0.965926
vn -0.000000 -0.258819 0.965926
vn 0.865869 0.413249 -0.281951
vn 0.865858 0.409403 -0.287540
vn 0.865867 0.375400 -0.330680
vn 0.865855 0.367613 -0.339347
vn 0.865869 0.325452 -0.379936
vn 0.865858 0.318821 -0.385543
vn 0.865877 0.269264 -0.421609
vn 0.865867 0.264603 -0.424571
vn 0.865890 0.208602 -0.454665
vn 0.865880 0.206430 -0.455673
vn 0.865906 0.145400 -0.478607
vn 0.865897 0.145994 -0.478443
vn 0.865890 0.084697 -0.493011
vn 0.865880 0.085347 -0.492917
vn 0.865878 0.020743 -0.499825
vn 0.865867 0.021430 -0.499816
vn 0.865870 -0.045016 -0.498240
vn 0.865858 -0.044315 -0.498324
vn 0.865867 -0.110902 -0.487827
vn 0.865855 -0.110256 -0.487995
vn 0.865870 -0.175134 -0.468613
vn 0.865858 -0.174479 -0.468879
vn 0.865878 -0.235985 -0.441097
vn 0.865867 -0.235388 -0.441438
vn 0.865890 -0.291933 -0.406213
vn 0.865880 -0.291410 -0.406610
vn 0.865906 -0.341786 -0.365224
vn 0.865897 -0.341346 -0.365657
vn 0.865890 -0.384612 -0.319855
vn 0.865880 -0.384205 -0.320371
vn 0.865878 -0.422490 -0.267876
vn 0.865867 -0.422138 -0.268467
vn 0.865870 -0.453997 -0.210135
vn 0.865858 -0.453718 -0.210784
vn 0.865867 -0.477922 -0.147870
vn 0.865855 -0.477745 -0.148509
vn 0.865870 -0.493397 -0.082636
vn 0.865858 -0.493301 -0.083336
vn 0.865878 -0.499994 -0.016180
vn 0.865867 -0.499991 -0.016867
vn 0.865890 -0.497757 0.049715
vn 0.865880 -0.497840 0.049063
vn 0.865906 -0.487186 0.113383
vn 0.865897 -0.487341 0.112786
vn 0.865890 -0.469309 0.173156
vn 0.865880 -0.469552 0.172546
vn 0.865878 -0.443233 0.231949
vn 0.865867 -0.443568 0.231349
vn 0.865870 -0.408981 0.288105
vn 0.865858 -0.409403 0.287540
vn 0.865867 -0.367020 0.339957
vn 0.865855 -0.367519 0.339449
vn 0.865870 -0.318264 0.385977
vn 0.865858 -0.318586 0.385737
vn 0.865878 -0.264009 0.424917
vn 0.865867 -0.264603 0.424571
vn 0.865890 -0.205824 0.455928
vn 0.865880 -0.206430 0.455673
vn 0.865906 -0.145400 0.478607
vn 0.865879 -0.173883 0.469062
vn 0.865887 -0.146636 0.478264
vn 0.865867 0.443568 -0.231349
vn 0.865876 0.444810 -0.228918
vn 0.865880 0.469662 -0.172246
vn 0.865887 0.469578 -0.172442
vn 0.865902 0.487263 -0.113086
vn 0.865897 0.487341 -0.112786
vn 0.865885 0.497649 -0.050884
vn 0.865880 0.497840 -0.049063
vn 0.865870 0.500125 0.011991
vn 0.865867 0.499991 0.016867
vn 0.865860 0.494685 0.074650
vn 0.865858 0.493301 0.083336
vn 0.865855 0.481368 0.136310
vn 0.865844 0.492956 0.085487
vn 0.865841 0.477560 0.149182
vn 0.865855 0.460430 0.195704
vn 0.865844 0.454030 0.210166
vn 0.865860 0.432225 0.251928
vn 0.865854 0.423002 0.267145
vn 0.865871 0.396856 0.304587
vn 0.865868 0.385088 0.319342
vn 0.865879 0.372621 0.333776
vn 0.865887 0.340872 0.366122
vn 0.865892 0.341079 0.365919
vn 0.865882 0.317274 0.386763
vn 0.865872 0.299858 0.400439
vn 0.865872 0.290299 0.407421
vn 0.865864 0.263671 0.425155
vn 0.865859 0.255543 0.430100
vn 0.865858 0.239869 0.439036
vn 0.865849 0.208498 0.454790
vn 0.865849 0.198406 0.459282
vn 0.865843 0.160007 0.474039
vn 0.865854 0.499900 0.019946
vn 0.865868 0.498112 -0.046438
vn 0.865887 0.487507 -0.112143
vn 0.865868 0.469171 -0.173640
vn 0.865854 0.442898 -0.232678
vn 0.865845 0.409137 -0.287958
vn 0.865841 0.368243 -0.338697
vn 0.865844 0.320683 -0.384026
vn 0.865854 0.267323 -0.422890
vn 0.865868 0.208961 -0.454541
vn 0.865887 0.146633 -0.478265
vn 0.865868 0.084089 -0.493154
vn 0.865854 0.019909 -0.499901
vn 0.865844 -0.045093 -0.498277
vn 0.865841 -0.109557 -0.488176
vn 0.865844 -0.172477 -0.469643
vn 0.865854 -0.232850 -0.442807
vn 0.865868 -0.289274 -0.408158
vn 0.865887 -0.340872 -0.366122
vn 0.865868 -0.385076 -0.319356
vn 0.865854 -0.422992 -0.267162
vn 0.865844 -0.454023 -0.210183
vn 0.865841 -0.477555 -0.149199
vn 0.865844 -0.492954 -0.085496
vn 0.865854 -0.499900 -0.019933
vn 0.865868 -0.498111 0.046446
vn 0.865887 -0.487507 0.112143
vn 0.865871 -0.472666 0.163873
vn 0.865858 -0.452196 0.214030
vn 0.865848 -0.426356 0.261777
vn 0.865843 -0.395349 0.306619
vn 0.865841 -0.359380 0.348087
vn 0.865845 -0.318950 0.385466
vn 0.865852 -0.274500 0.418270
vn 0.865864 -0.226397 0.446122
vn 0.865871 -0.200498 0.458332
vn -0.865855 -0.427268 0.260263
vn -0.865871 -0.458474 0.200173
vn -0.865880 -0.455673 0.206430
vn -0.865889 -0.478284 0.146564
vn -0.865897 -0.478442 0.145995
vn -0.865875 -0.489881 0.101373
vn -0.865880 -0.492917 0.085347
vn -0.865867 -0.496093 0.064552
vn -0.865867 -0.499816 0.021430
vn -0.865856 -0.500294 -0.000282
vn -0.865858 -0.498324 -0.044315
vn -0.865850 -0.496046 -0.065127
vn -0.865855 -0.488005 -0.110212
vn -0.865851 -0.483436 -0.128811
vn -0.865858 -0.468879 -0.174480
vn -0.865857 -0.462722 -0.190208
vn -0.865878 -0.441097 -0.235985
vn -0.865867 -0.441438 -0.235388
vn -0.865869 -0.434189 -0.248498
vn -0.865890 -0.406213 -0.291933
vn -0.865883 -0.400635 -0.299562
vn -0.865899 -0.365579 -0.341425
vn -0.865906 -0.365224 -0.341786
vn -0.865887 -0.330919 -0.375144
vn -0.865890 -0.319855 -0.384612
vn -0.865878 -0.299437 -0.400740
vn -0.865878 -0.267876 -0.422490
vn -0.865871 -0.267628 -0.422661
vn -0.865867 -0.234230 -0.442053
vn -0.865870 -0.210135 -0.453997
vn -0.865864 -0.199394 -0.458826
vn -0.865863 -0.163380 -0.472851
vn -0.865867 -0.147870 -0.477922
vn -0.865864 -0.126413 -0.484044
vn -0.865870 -0.082636 -0.493397
vn -0.865867 -0.088661 -0.492355
vn -0.865868 -0.080462 -0.493760
vn -0.865867 -0.069430 -0.495432
vn -0.865866 -0.043158 -0.498411
vn -0.865878 -0.016180 -0.499994
vn -0.865867 -0.016867 -0.499991
vn -0.865890 0.049715 -0.497757
vn -0.865880 0.049063 -0.497840
vn -0.865906 0.113383 -0.487186
vn -0.865897 0.112786 -0.487341
vn -0.865894 0.157276 -0.474859
vn -0.865885 0.156667 -0.475078
vn -0.865884 0.200871 -0.458144
vn -0.865873 0.200262 -0.458430
vn -0.865876 0.243529 -0.436982
vn -0.865870 0.283833 -0.411957
vn -0.865870 0.284584 -0.411438
vn -0.865869 0.032115 -0.499239
vn -0.865887 0.112143 -0.487507
vn -0.865867 0.204565 -0.456539
vn -0.865870 -0.468613 -0.175134
vn -0.865867 -0.487827 -0.110902
vn -0.865870 -0.498240 -0.045016
vn -0.865878 -0.499825 0.020743
vn -0.865890 -0.493011 0.084697
vn -0.865906 -0.478607 0.145400
vn -0.865890 -0.455928 0.205824
vn -0.865867 -0.424571 0.264603
vn -0.865845 -0.388448 0.315310
vn -0.865858 -0.385543 0.318821
vn -0.865841 -0.342841 0.364388
vn -0.865855 -0.339449 0.367519
vn -0.865844 -0.291376 0.406711
vn -0.865858 -0.287540 0.409403
vn -0.865853 -0.235061 0.441639
vn -0.865867 -0.231349 0.443568
vn -0.865868 -0.174953 0.468683
vn -0.865880 -0.172546 0.469552
vn -0.865887 -0.112143 0.487507
vn -0.865906 -0.113383 0.487186
vn -0.865890 -0.173156 0.469309
vn -0.865878 -0.231949 0.443233
vn -0.865870 -0.288105 0.408981
vn -0.865867 -0.339957 0.367020
vn -0.865870 -0.385977 0.318264
vn -0.865878 -0.424917 0.264009
vn 0.000000 0.965926 0.258819
vn 0.000000 0.965926 0.258819
vn 0.000000 0.965926 0.258819
vn 0.000000 0.965926 0.258819
usemtl Opaque(202,209,238)
f 2/1/1 39/2/2 1/3/3
f 1/3/3 39/2/2 44/4/4
f 1/3/3 44/4/4 21/5/5
f 21/5/5 44/4/4 96/6/6
f 21/5/5 96/6/6 20/7/7
f 20/7/7 96/6/6 93/8/8
f 20/7/7 93/8/8 19/9/9
f 19/9/9 93/8/8 90/10/10
f 19/9/9 90/10/10 18/11/11
f 18/11/11 90/10/10 87/12/12
f 18/11/11 87/12/12 17/13/13
f 17/13/13 87/12/12 84/14/14
f 17/13/13 84/14/14 16/15/15
f 16/15/15 84/14/14 81/16/16
f 16/15/15 81/16/16 15/17/17
f 15/17/17 81/16/16 78/18/18
f 15/17/17 78/18/18 14/19/19
f 14/19/19 78/18/18 75/20/20
f 14/19/19 75/20/20 13/21/21
f 13/21/21 75/20/20 72/22/22
f 13/21/21 72/22/22 12/23/23
f 12/23/23 72/22/22 36/24/24
f 12/23/23 36/24/24 11/25/25
f 11/26/25 36/27/24 69/28/26
f 11/26/25 69/28/26 10/29/27
f 10/29/27 69/28/26 66/30/28
f 10/29/27 66/30/28 9/31/29
f 9/31/29 66/30/28 63/32/30
f 9/31/29 63/32/30 8/33/31
f 8/33/31 63/32/30 60/34/32
f 8/33/31 60/34/32 7/35/33
f 7/35/33 60/34/32 57/36/34
f 7/35/33 57/36/34 6/37/35
f 6/37/35 57/36/34 54/38/36
f 6/37/35 54/38/36 5/39/37
f 5/39/37 54/38/36 51/40/38
f 5/39/37 51/40/38 4/41/39
f 4/41/39 51/40/38 48/42/40
f 4/41/39 48/42/40 3/43/41
f 3/43/41 48/42/40 45/44/42
f 3/43/41 45/44/42 2/1/1
f 2/1/1 45/44/42 39/2/2
f 23/45/43 42/46/44 22/47/45
f 22/47/45 42/46/44 41/48/46
f 22/47/45 41/48/46 35/49/47
f 35/49/47 41/48/46 47/50/48
f 35/49/47 47/50/48 50/51/49
f 50/51/49 47/50/48 46/52/50
f 50/51/49 46/52/50 49/53/51
f 49/53/51 46/52/50 45/44/42
f 49/53/51 45/44/42 48/42/40
f 24/54/52 95/55/53 23/45/43
f 23/45/43 95/55/53 98/56/54
f 23/45/43 98/56/54 42/46/44
f 42/46/44 98/56/54 97/57/55
f 42/46/44 97/57/55 43/58/56
f 43/58/56 97/57/55 96/6/6
f 43/58/56 96/6/6 44/4/4
f 95/55/53 24/54/52 92/59/57
f 92/59/57 24/54/52 25/60/58
f 92/59/57 25/60/58 89/61/59
f 89/61/59 25/60/58 86/62/60
f 89/61/59 86/62/60 85/63/61
f 85/63/61 86/62/60 82/64/62
f 85/63/61 82/64/62 81/16/16
f 81/16/16 82/64/62 78/18/18
f 25/60/58 26/65/63 86/62/60
f 86/62/60 26/65/63 83/66/64
f 86/62/60 83/66/64 82/64/62
f 82/64/62 83/66/64 79/67/65
f 82/64/62 79/67/65 78/18/18
f 78/18/18 79/67/65 75/20/20
f 26/65/63 27/68/66 83/66/64
f 83/66/64 27/68/66 80/69/67
f 83/66/64 80/69/67 79/67/65
f 79/67/65 80/69/67 76/70/68
f 79/67/65 76/70/68 75/20/20
f 75/20/20 76/70/68 72/22/22
f 80/69/67 27/68/66 77/71/69
f 77/71/69 27/68/66 28/72/70
f 77/71/69 28/72/70 74/73/71
f 74/73/71 28/72/70 29/74/72
f 74/73/71 29/74/72 38/75/73
f 38/76/73 29/77/72 71/78/74
f 38/76/73 71/78/74 70/79/75
f 70/79/75 71/78/74 67/80/76
f 70/79/75 67/80/76 66/30/28
f 66/30/28 67/80/76 63/32/30
f 29/77/72 30/81/77 71/78/74
f 71/78/74 30/81/77 68/82/78
f 71/78/74 68/82/78 67/80/76
f 67/80/76 68/82/78 64/83/79
f 67/80/76 64/83/79 63/32/30
f 63/32/30 64/83/79 60/34/32
f 30/81/77 31/84/80 68/82/78
f 68/82/78 31/84/80 65/85/81
f 68/82/78 65/85/81 64/83/79
f 64/83/79 65/85/81 61/86/82
f 64/83/79 61/86/82 60/34/32
f 60/34/32 61/86/82 57/36/34
f 65/85/81 31/84/80 62/87/83
f 62/87/83 31/84/80 32/88/84
f 62/87/83 32/88/84 59/89/85
f 59/89/85 32/88/84 33/90/86
f 59/89/85 33/90/86 56/91/87
f 56/91/87 33/90/86 53/92/88
f 56/91/87 53/92/88 52/93/89
f 52/93/89 53/92/88 49/53/51
f 52/93/89 49/53/51 48/42/40
f 33/90/86 34/94/90 53/92/88
f 53/92/88 34/94/90 50/51/49
f 53/92/88 50/51/49 49/53/51
f 34/94/90 35/49/47 50/51/49
f 36/27/24 37/95/91 69/28/26
f 69/28/26 37/95/91 70/79/75
f 69/28/26 70/79/75 66/30/28
f 74/73/71 38/75/73 37/96/91
f 37/95/91 38/76/73 70/79/75
f 37/96/91 36/24/24 73/97/92
f 73/97/92 36/24/24 72/22/22
f 73/97/92 72/22/22 76/70/68
f 43/58/56 44/4/4 40/98/93
f 40/98/93 44/4/4 39/2/2
f 40/98/93 39/2/2 46/52/50
f 46/52/50 39/2/2 45/44/42
f 42/46/44 43/58/56 41/48/46
f 41/48/46 43/58/56 40/98/93
f 41/48/46 40/98/93 47/50/48
f 47/50/48 40/98/93 46/52/50
f 48/42/40 51/40/38 52/93/89
f 52/93/89 51/40/38 55/99/94
f 52/93/89 55/99/94 56/91/87
f 56/91/87 55/99/94 59/89/85
f 51/40/38 54/38/36 55/99/94
f 55/99/94 54/38/36 58/100/95
f 55/99/94 58/100/95 59/89/85
f 59/89/85 58/100/95 62/87/83
f 54/38/36 57/36/34 58/100/95
f 58/100/95 57/36/34 61/86/82
f 58/100/95 61/86/82 62/87/83
f 62/87/83 61/86/82 65/85/81
f 77/71/69 74/73/71 73/97/92
f 73/97/92 74/73/71 37/96/91
f 77/71/69 73/97/92 76/70/68
f 80/69/67 77/71/69 76/70/68
f 81/16/16 84/14/14 85/63/61
f 85/63/61 84/14/14 88/101/96
f 85/63/61 88/101/96 89/61/59
f 89/61/59 88/101/96 92/59/57
f 84/14/14 87/12/12 88/101/96
f 88/101/96 87/12/12 91/102/97
f 88/101/96 91/102/97 92/59/57
f 92/59/57 91/102/97 95/55/53
f 87/12/12 90/10/10 91/102/97
f 91/102/97 90/10/10 94/103/98
f 91/102/97 94/103/98 95/55/53
f 95/55/53 94/103/98 98/56/54
f 90/10/10 93/8/8 94/103/98
f 94/103/98 93/8/8 97/57/55
f 94/103/98 97/57/55 98/56/54
f 96/6/6 97/57/55 93/8/8
f 21/104/5 121/105/99 1/106/3
f 1/106/3 121/105/99 120/107/100
f 1/108/3 120/109/100 2/110/1
f 2/110/1 120/109/100 140/111/101
f 2/110/1 140/111/101 3/112/41
f 3/112/41 140/111/101 139/113/102
f 3/112/41 139/113/102 4/114/39
f 4/114/39 139/113/102 138/115/103
f 4/114/39 138/115/103 5/116/37
f 5/116/37 138/115/103 137/117/104
f 5/116/37 137/117/104 6/118/35
f 6/118/35 137/117/104 136/119/105
f 6/118/35 136/119/105 7/120/33
f 7/120/33 136/119/105 135/121/106
f 7/120/33 135/121/106 8/122/31
f 8/122/31 135/121/106 134/123/107
f 8/122/31 134/123/107 9/124/29
f 9/124/29 134/123/107 133/125/108
f 9/124/29 133/125/108 10/126/27
f 10/126/27 133/125/108 132/127/109
f 10/126/27 132/127/109 11/128/25
f 11/128/25 132/127/109 131/129/110
f 11/128/25 131/129/110 12/130/23
f 12/130/23 131/129/110 130/131/111
f 12/130/23 130/131/111 13/132/21
f 13/132/21 130/131/111 129/133/112
f 13/132/21 129/133/112 14/134/19
f 14/134/19 129/133/112 128/135/113
f 14/134/19 128/135/113 15/136/17
f 15/136/17 128/135/113 127/137/114
f 15/136/17 127/137/114 16/138/15
f 16/138/15 127/137/114 126/139/115
f 16/138/15 126/139/115 17/140/13
f 17/140/13 126/139/115 125/141/116
f 17/140/13 125/141/116 18/142/11
f 18/142/11 125/141/116 124/143/117
f 18/142/11 124/143/117 19/144/9
f 19/144/9 124/143/117 123/145/118
f 19/144/9 123/145/118 20/146/7
f 20/146/7 123/145/118 122/147/119
f 20/146/7 122/147/119 21/104/5
f 21/104/5 122/147/119 121/105/99
f 100/148/120 130/131/111 99/149/121
f 99/149/121 130/131/111 131/129/110
f 99/149/121 131/129/110 119/150/122
f 119/150/122 131/129/110 132/127/109
f 119/150/122 132/127/109 118/151/123
f 118/151/123 132/127/109 133/125/108
f 118/151/123 133/125/108 117/152/124
f 117/152/124 133/125/108 134/123/107
f 117/152/124 134/123/107 116/153/125
f 116/153/125 134/123/107 135/121/106
f 116/153/125 135/121/106 115/154/126
f 115/154/126 135/121/106 136/119/105
f 115/154/126 136/119/105 114/155/127
f 114/155/127 136/119/105 137/117/104
f 114/155/127 137/117/104 113/156/128
f 113/156/128 137/117/104 138/115/103
f 113/156/128 138/115/103 112/157/129
f 112/157/129 138/115/103 139/113/102
f 112/157/129 139/113/102 111/158/130
f 111/158/130 139/113/102 140/111/101
f 111/158/130 140/111/101 110/159/131
f 110/159/131 140/111/101 120/109/100
f 110/159/131 120/109/100 109/160/132
f 109/161/132 120/107/100 121/105/99
f 109/161/132 121/105/99 108/162/133
f 108/162/133 121/105/99 122/147/119
f 108/162/133 122/147/119 107/163/134
f 107/163/134 122/147/119 123/145/118
f 107/163/134 123/145/118 106/164/135
f 106/164/135 123/145/118 124/143/117
f 106/164/135 124/143/117 105/165/136
f 105/165/136 124/143/117 125/141/116
f 105/165/136 125/141/116 104/166/137
f 104/166/137 125/141/116 126/139/115
f 104/166/137 126/139/115 103/167/138
f 103/167/138 126/139/115 127/137/114
f 103/167/138 127/137/114 102/168/139
f 102/168/139 127/137/114 128/135/113
f 102/168/139 128/135/113 101/169/140
f 101/169/140 128/135/113 129/133/112
f 101/169/140 129/133/112 100/148/120
f 100/148/120 129/133/112 130/131/111
f 142/170/141 160/171/142 141/172/143
f 141/172/143 160/171/142 161/173/144
f 141/172/143 161/173/144 248/174/145
f 248/174/145 161/173/144 162/175/146
f 248/174/145 162/175/146 247/176/147
f 247/176/147 162/175/146 163/177/148
f 247/176/147 163/177/148 246/178/149
f 246/178/149 163/177/148 245/179/150
f 245/179/150 163/177/148 164/180/151
f 245/179/150 164/180/151 244/181/152
f 244/181/152 164/180/151 165/182/153
f 244/181/152 165/182/153 243/183/154
f 243/183/154 165/182/153 166/184/155
f 243/183/154 166/184/155 242/185/156
f 242/185/156 166/184/155 241/186/157
f 241/186/157 166/184/155 167/187/158
f 241/186/157 167/187/158 240/188/159
f 240/188/159 167/187/158 168/189/160
f 240/188/159 168/189/160 239/190/161
f 239/190/161 168/189/160 169/191/162
f 239/190/161 169/191/162 238/192/163
f 238/192/163 169/191/162 170/193/164
f 238/192/163 170/193/164 237/194/165
f 237/194/165 170/193/164 171/195/166
f 237/194/165 171/195/166 236/196/167
f 236/196/167 171/195/166 172/197/168
f 236/196/167 172/197/168 235/198/169
f 235/198/169 172/197/168 173/199/170
f 235/198/169 173/199/170 234/200/171
f 234/200/171 173/199/170 233/201/172
f 233/201/172 173/199/170 174/202/173
f 233/201/172 174/202/173 232/203/174
f 232/203/174 174/202/173 175/204/175
f 232/203/174 175/204/175 231/205/176
f 231/205/176 175/204/175 176/206/177
f 231/205/176 176/206/177 230/207/178
f 230/207/178 176/206/177 177/208/179
f 230/207/178 177/208/179 229/209/180
f 229/209/180 177/208/179 178/210/181
f 229/209/180 178/210/181 228/211/182
f 228/211/182 178/210/181 179/212/183
f 228/211/182 179/212/183 227/213/184
f 227/213/184 179/212/183 180/214/185
f 227/213/184 180/214/185 226/215/186
f 226/215/186 180/214/185 181/216/187
f 226/215/186 181/216/187 182/217/188
f 143/218/189 157/219/190 142/170/141
f 142/170/141 157/219/190 159/220/191
f 142/170/141 159/220/191 160/171/142
f 143/221/189 144/222/192 157/223/190
f 157/223/190 144/222/192 156/224/193
f 156/224/193 144/222/192 145/225/194
f 156/224/193 145/225/194 155/226/195
f 155/226/195 145/225/194 146/227/196
f 155/226/195 146/227/196 154/228/197
f 154/228/197 146/227/196 147/229/198
f 154/228/197 147/229/198 153/230/199
f 153/230/199 147/229/198 148/231/200
f 153/230/199 148/231/200 152/232/201
f 152/232/201 148/231/200 149/233/202
f 152/232/201 149/233/202 151/234/203
f 151/234/203 149/233/202 150/235/204
f 157/219/190 158/236/205 159/220/191
f 226/215/186 182/217/188 225/237/206
f 225/237/206 182/217/188 183/238/207
f 225/237/206 183/238/207 224/239/208
f 224/239/208 183/238/207 184/240/209
f 224/239/208 184/240/209 223/241/210
f 223/241/210 184/240/209 185/242/211
f 223/241/210 185/242/211 222/243/212
f 222/243/212 185/242/211 186/244/213
f 222/243/212 186/244/213 221/245/214
f 221/245/214 186/244/213 187/246/215
f 221/245/214 187/246/215 220/247/216
f 220/247/216 187/246/215 188/248/217
f 220/247/216 188/248/217 219/249/218
f 219/249/218 188/248/217 189/250/219
f 219/249/218 189/250/219 218/251/220
f 218/251/220 189/250/219 217/252/221
f 217/252/221 189/250/219 190/253/222
f 217/252/221 190/253/222 216/254/223
f 216/254/223 190/253/222 191/255/224
f 216/254/223 191/255/224 215/256/225
f 215/256/225 191/255/224 192/257/226
f 215/256/225 192/257/226 214/258/227
f 214/258/227 192/257/226 193/259/228
f 214/258/227 193/259/228 213/260/229
f 213/260/229 193/259/228 194/261/230
f 213/260/229 194/261/230 212/262/231
f 212/262/231 194/261/230 195/263/232
f 212/262/231 195/263/232 211/264/233
f 211/264/233 195/263/232 196/265/234
f 211/264/233 196/265/234 210/266/235
f 210/266/235 196/265/234 209/267/236
f 209/267/236 196/265/234 197/268/237
f 209/267/236 197/268/237 208/269/238
f 208/269/238 197/268/237 198/270/239
f 208/269/238 198/270/239 207/271/240
f 207/271/240 198/270/239 199/272/241
f 207/271/240 199/272/241 206/273/242
f 206/273/242 199/272/241 205/274/243
f 205/274/243 199/272/241 200/275/244
f 205/274/243 200/275/244 204/276/245
f 204/276/245 200/275/244 201/277/246
f 204/276/245 201/277/246 203/278/247
f 203/278/247 201/277/246 202/279/248
f 249/280/249 250/281/250 268/282/251
f 268/282/251 250/281/250 251/283/252
f 268/282/251 251/283/252 252/284/253
f 252/284/253 253/285/254 268/282/251
f 268/282/251 253/285/254 254/286/255
f 268/282/251 254/286/255 255/287/256
f 255/287/256 256/288/257 268/282/251
f 268/282/251 256/288/257 257/289/258
f 268/282/251 257/289/258 258/290/259
f 258/290/259 259/291/260 268/282/251
f 268/282/251 259/291/260 260/292/261
f 268/282/251 260/292/261 261/293/262
f 268/282/251 261/293/262 267/294/263
f 267/294/263 261/293/262 262/295/264
f 267/294/263 262/295/264 263/296/265
f 263/296/265 264/297/266 267/294/263
f 267/294/263 264/297/266 265/298/267
f 267/294/263 265/298/267 266/299/268
f 266/299/268 150/300/269 267/294/263
f 267/294/263 150/300/269 149/301/270
f 267/294/263 149/301/270 148/302/271
f 148/302/271 147/303/272 267/294/263
f 267/294/263 147/303/272 146/304/273
f 267/294/263 146/304/273 145/305/274
f 270/306/275 280/307/276 269/308/277
f 269/308/277 280/307/276 281/309/278
f 269/308/277 281/309/278 282/310/279
f 282/310/279 281/309/278 288/311/280
f 282/310/279 288/311/280 289/312/281
f 289/312/281 288/311/280 276/313/282
f 289/312/281 276/313/282 290/314/283
f 290/314/283 276/313/282 291/315/284
f 290/314/283 291/315/284 284/316/285
f 284/316/285 291/315/284 285/317/286
f 284/316/285 285/317/286 279/318/287
f 279/318/287 285/317/286 278/319/288
f 278/319/288 285/317/286 277/320/289
f 277/320/289 285/317/286 291/315/284
f 277/320/289 291/315/284 276/313/282
f 280/307/276 270/306/275 286/321/290
f 286/321/290 270/306/275 271/322/291
f 286/321/290 271/322/291 272/323/292
f 272/323/292 273/324/293 286/321/290
f 286/321/290 273/324/293 287/325/294
f 286/321/290 287/325/294 280/307/276
f 280/307/276 287/325/294 281/309/278
f 274/326/295 276/313/282 273/324/293
f 273/324/293 276/313/282 288/311/280
f 273/324/293 288/311/280 287/325/294
f 287/325/294 288/311/280 281/309/278
f 274/326/295 275/327/296 276/313/282
f 284/316/285 279/318/287 283/328/297
f 283/328/297 279/318/287 269/308/277
f 283/328/297 269/308/277 282/310/279
f 290/314/283 284/316/285 283/328/297
f 290/314/283 283/328/297 289/312/281
f 289/312/281 283/328/297 282/310/279
f 313/329/298 292/330/299 279/331/287
f 279/331/287 292/330/299 293/332/300
f 279/331/287 293/332/300 294/333/301
f 294/333/301 269/334/302 279/331/287
f 295/335/303 306/336/304 279/331/287
f 279/331/287 306/336/304 307/337/305
f 279/331/287 307/337/305 308/338/306
f 141/339/307 248/340/308 295/335/303
f 295/335/303 248/340/308 247/341/309
f 295/335/303 247/341/309 246/342/310
f 246/342/310 296/343/311 295/335/303
f 295/335/303 296/343/311 297/344/312
f 295/335/303 297/344/312 298/345/313
f 298/345/313 299/346/314 295/335/303
f 295/335/303 299/346/314 300/347/315
f 295/335/303 300/347/315 301/348/316
f 301/348/316 302/349/317 295/335/303
f 295/335/303 302/349/317 303/350/318
f 295/335/303 303/350/318 304/351/319
f 304/351/319 305/352/320 295/335/303
f 295/335/303 305/352/320 306/336/304
f 308/338/306 309/353/321 279/331/287
f 279/331/287 309/353/321 310/354/322
f 279/331/287 310/354/322 311/355/323
f 311/355/323 312/356/324 279/331/287
f 279/331/287 312/356/324 313/329/298
f 315/357/325 320/358/326 314/359/327
f 314/359/327 320/358/326 321/360/328
f 314/359/327 321/360/328 322/361/329
f 322/361/329 321/360/328 329/362/330
f 322/361/329 329/362/330 330/363/331
f 330/363/331 329/362/330 268/364/251
f 330/363/331 268/364/251 331/365/332
f 331/365/332 268/364/251 332/366/333
f 331/365/332 332/366/333 324/367/334
f 324/367/334 332/366/333 325/368/335
f 324/367/334 325/368/335 319/369/336
f 319/369/336 325/368/335 326/370/337
f 319/369/336 326/370/337 318/371/338
f 318/371/338 326/370/337 317/372/339
f 317/372/339 326/370/337 333/373/340
f 317/372/339 333/373/340 268/364/251
f 268/364/251 333/373/340 332/366/333
f 320/358/326 315/357/325 327/374/341
f 327/374/341 315/357/325 316/375/342
f 327/374/341 316/375/342 328/376/343
f 328/376/343 316/375/342 329/362/330
f 328/376/343 329/362/330 321/360/328
f 249/377/249 268/364/251 316/375/342
f 316/375/342 268/364/251 329/362/330
f 324/367/334 319/369/336 323/378/344
f 323/378/344 319/369/336 314/359/327
f 323/378/344 314/359/327 322/361/329
f 328/376/343 321/360/328 320/358/326
f 327/374/341 328/376/343 320/358/326
f 331/365/332 324/367/334 323/378/344
f 331/365/332 323/378/344 330/363/331
f 330/363/331 323/378/344 322/361/329
f 333/373/340 326/370/337 325/368/335
f 333/373/340 325/368/335 332/366/333
f 276/379/345 275/380/346 338/381/347
f 338/381/347 275/380/346 334/382/348
f 338/381/347 334/382/348 335/383/349
f 338/381/347 335/383/349 337/384/350
f 337/384/350 335/383/349 336/385/351
f 337/384/350 336/385/351 314/386/352
f 314/386/352 319/387/353 337/384/350
f 202/388/354 201/389/355 339/390/356
f 339/390/356 201/389/355 200/391/357
f 339/390/356 200/391/357 199/392/358
f 199/392/358 198/393/359 339/390/356
f 339/390/356 198/393/359 197/394/360
f 339/390/356 197/394/360 196/395/361
f 196/395/361 195/396/362 339/390/356
f 339/390/356 195/396/362 194/397/363
f 339/390/356 194/397/363 193/398/364
f 193/398/364 192/399/365 339/390/356
f 339/390/356 192/399/365 340/400/366
f 340/400/366 192/399/365 191/401/367
f 340/400/366 191/401/367 190/402/368
f 190/402/368 189/403/369 340/400/366
f 340/400/366 189/403/369 188/404/370
f 340/400/366 188/404/370 187/405/371
f 187/405/371 186/406/372 340/400/366
f 340/400/366 186/406/372 185/407/373
f 340/400/366 185/407/373 184/408/374
f 184/408/374 183/409/375 340/400/366
f 145/410/274 349/411/376 267/412/377
f 267/412/377 349/411/376 350/413/378
f 267/412/377 350/413/378 351/414/379
f 351/414/379 350/413/378 360/415/380
f 351/414/379 360/415/380 361/416/381
f 361/416/381 360/415/380 341/417/382
f 361/416/381 341/417/382 342/418/383
f 144/419/384 344/420/385 145/410/274
f 145/410/274 344/420/385 345/421/386
f 145/410/274 345/421/386 346/422/387
f 346/422/387 345/421/386 355/423/388
f 346/422/387 355/423/388 356/424/389
f 356/424/389 355/423/388 143/425/390
f 356/424/389 143/425/390 357/426/391
f 357/426/391 143/425/390 341/417/382
f 357/426/391 341/417/382 358/427/392
f 358/427/392 341/417/382 359/428/393
f 358/427/392 359/428/393 349/411/376
f 349/411/376 359/428/393 350/413/378
f 344/420/385 144/419/384 353/429/394
f 353/429/394 144/419/384 143/425/390
f 353/429/394 143/425/390 354/430/395
f 354/430/395 143/425/390 355/423/388
f 354/430/395 355/423/388 345/421/386
f 361/416/381 342/418/383 352/431/396
f 352/431/396 342/418/383 343/432/397
f 352/431/396 343/432/397 267/412/377
f 354/430/395 345/421/386 344/420/385
f 353/429/394 354/430/395 344/420/385
f 346/422/387 347/433/398 145/410/274
f 145/410/274 347/433/398 348/434/399
f 145/410/274 348/434/399 349/411/376
f 349/411/376 348/434/399 358/427/392
f 346/422/387 356/424/389 347/433/398
f 347/433/398 356/424/389 357/426/391
f 347/433/398 357/426/391 348/434/399
f 348/434/399 357/426/391 358/427/392
f 352/431/396 267/412/377 351/414/379
f 360/415/380 350/413/378 359/428/393
f 361/416/381 352/431/396 351/414/379
f 341/417/382 360/415/380 359/428/393
f 363/435/400 372/436/401 362/437/402
f 362/437/402 372/436/401 373/438/403
f 362/437/402 373/438/403 371/439/404
f 371/439/404 373/438/403 370/440/405
f 370/440/405 373/438/403 369/441/406
f 369/441/406 373/438/403 375/442/407
f 369/441/406 375/442/407 368/443/408
f 368/443/408 375/442/407 377/444/409
f 368/443/408 377/444/409 367/445/410
f 367/445/410 377/444/409 376/446/411
f 367/445/410 376/446/411 366/447/412
f 366/447/412 376/446/411 365/448/413
f 365/448/413 376/446/411 364/449/414
f 364/449/414 376/446/411 374/450/415
f 364/449/414 374/450/415 363/435/400
f 363/435/400 374/450/415 372/436/401
f 375/442/407 373/438/403 372/436/401
f 375/442/407 372/436/401 374/450/415
f 377/444/409 375/442/407 374/450/415
f 377/444/409 374/450/415 376/446/411
f 378/451/416 115/452/417 366/453/412
f 366/453/412 115/452/417 114/454/418
f 366/453/412 114/454/418 113/455/419
f 379/456/420 99/457/421 378/451/416
f 378/451/416 99/457/421 119/458/422
f 378/451/416 119/458/422 118/459/423
f 367/460/410 104/461/424 379/456/420
f 379/456/420 104/461/424 103/462/425
f 379/456/420 103/462/425 102/463/426
f 366/453/412 110/464/427 367/460/410
f 367/460/410 110/464/427 109/465/428
f 367/460/410 109/465/428 108/466/429
f 118/459/423 117/467/430 378/451/416
f 378/451/416 117/467/430 116/468/431
f 378/451/416 116/468/431 115/452/417
f 113/455/419 112/469/432 366/453/412
f 366/453/412 112/469/432 111/470/433
f 366/453/412 111/470/433 110/464/427
f 108/466/429 107/471/434 367/460/410
f 367/460/410 107/471/434 106/472/435
f 367/460/410 106/472/435 105/473/436
f 105/473/436 104/461/424 367/460/410
f 102/463/426 101/474/437 379/456/420
f 379/456/420 101/474/437 100/475/438
f 379/456/420 100/475/438 99/457/421
f 380/476/439 388/477/440 378/478/416
f 378/478/416 388/477/440 389/479/441
f 378/478/416 389/479/441 379/480/420
f 379/480/420 389/479/441 387/481/442
f 387/481/442 389/479/441 386/482/443
f 386/482/443 389/479/441 391/483/444
f 386/482/443 391/483/444 385/484/445
f 385/484/445 391/483/444 393/485/446
f 385/484/445 393/485/446 384/486/447
f 384/486/447 393/485/446 392/487/448
f 384/486/447 392/487/448 383/488/449
f 383/488/449 392/487/448 382/489/450
f 382/489/450 392/487/448 381/490/451
f 381/490/451 392/487/448 390/491/452
f 381/490/451 390/491/452 380/476/439
f 380/476/439 390/491/452 388/477/440
f 391/483/444 389/479/441 388/477/440
f 391/483/444 388/477/440 390/491/452
f 393/485/446 391/483/444 390/491/452
f 393/485/446 390/491/452 392/487/448
f 383/492/449 394/493/453 384/494/447
f 384/494/447 394/493/453 395/495/454
f 183/496/375 182/497/455 340/498/366
f 340/498/366 182/497/455 402/499/456
f 402/499/456 182/497/455 404/500/457
f 402/499/456 404/500/457 401/501/458
f 401/501/458 404/500/457 406/502/459
f 401/501/458 406/502/459 400/503/460
f 400/503/460 406/502/459 408/504/461
f 400/503/460 408/504/461 394/505/453
f 394/505/453 408/504/461 407/506/462
f 394/505/453 407/506/462 395/507/454
f 395/507/454 407/506/462 399/508/463
f 399/508/463 407/506/462 398/509/464
f 398/509/464 407/506/462 405/510/465
f 398/509/464 405/510/465 397/511/466
f 397/511/466 405/510/465 403/512/467
f 397/511/466 403/512/467 396/513/468
f 396/513/468 403/512/467 181/514/469
f 396/513/468 181/514/469 180/515/470
f 182/497/455 181/514/469 404/500/457
f 404/500/457 181/514/469 403/512/467
f 404/500/457 403/512/467 406/502/459
f 406/502/459 403/512/467 405/510/465
f 406/502/459 405/510/465 408/504/461
f 408/504/461 405/510/465 407/506/462
f 180/515/470 179/516/471 396/513/468
f 179/517/471 178/518/472 396/519/468
f 396/519/468 178/518/472 177/520/473
f 396/519/468 177/520/473 176/521/474
f 176/521/474 175/522/475 396/519/468
f 396/519/468 175/522/475 174/523/476
f 396/519/468 174/523/476 173/524/477
f 173/524/477 172/525/478 396/519/468
f 396/519/468 172/525/478 171/526/479
f 396/519/468 171/526/479 170/527/480
f 170/527/480 169/528/481 396/519/468
f 396/519/468 169/528/481 409/529/482
f 409/529/482 169/528/481 168/530/483
f 409/529/482 168/530/483 167/531/484
f 167/531/484 166/532/485 409/529/482
f 409/529/482 166/532/485 165/533/486
f 409/529/482 165/533/486 164/534/487
f 164/534/487 163/535/488 409/529/482
f 409/529/482 163/535/488 162/536/489
f 409/529/482 162/536/489 161/537/490
f 161/537/490 160/538/491 409/529/482
f 160/539/491 159/540/492 409/541/482
f 409/541/482 159/540/492 421/542/493
f 409/541/482 421/542/493 419/543/494
f 419/543/494 421/542/493 418/544/495
f 418/544/495 421/542/493 423/545/496
f 418/544/495 423/545/496 417/546/497
f 417/546/497 423/545/496 425/547/498
f 417/546/497 425/547/498 416/548/499
f 416/548/499 425/547/498 424/549/500
f 416/548/499 424/549/500 415/550/501
f 415/550/501 424/549/500 414/551/502
f 414/551/502 424/549/500 413/552/503
f 413/552/503 424/549/500 422/553/504
f 413/552/503 422/553/504 412/554/505
f 412/554/505 422/553/504 420/555/506
f 412/554/505 420/555/506 339/556/356
f 339/556/356 420/555/506 202/557/507
f 202/557/507 420/555/506 411/558/508
f 411/558/508 420/555/506 410/559/509
f 410/559/509 420/555/506 158/560/510
f 158/560/510 420/555/506 421/542/493
f 158/560/510 421/542/493 159/540/492
f 423/545/496 421/542/493 420/555/506
f 423/545/496 420/555/506 422/553/504
f 425/547/498 423/545/496 422/553/504
f 425/547/498 422/553/504 424/549/500
f 362/561/402 371/562/404 415/563/501
f 415/563/501 371/562/404 416/564/499
f 416/565/511 371/566/512 429/567/513
f 429/567/513 371/566/512 370/568/514
f 429/567/513 370/568/514 428/569/515
f 428/569/515 370/568/514 369/570/516
f 428/569/515 369/570/516 368/571/517
f 428/569/515 368/571/517 427/572/518
f 427/572/518 368/571/517 367/573/519
f 427/572/518 367/573/519 426/574/520
f 426/574/520 367/573/519 379/575/521
f 426/574/520 379/575/521 435/576/522
f 435/576/522 379/575/521 434/577/523
f 434/577/523 379/575/521 387/578/524
f 434/577/523 387/578/524 433/579/525
f 433/579/525 387/578/524 386/580/526
f 433/579/525 386/580/526 385/581/527
f 433/579/525 385/581/527 338/582/528
f 338/582/528 385/581/527 384/583/529
f 338/582/528 384/583/529 276/584/530
f 276/584/530 384/583/529 395/585/531
f 276/584/530 395/585/531 399/586/532
f 276/584/530 399/586/532 277/587/533
f 277/587/533 399/586/532 398/588/534
f 277/587/533 398/588/534 397/589/535
f 277/587/533 397/589/535 278/590/536
f 278/590/536 397/589/535 396/591/537
f 278/590/536 396/591/537 279/592/538
f 279/592/538 396/591/537 409/593/539
f 279/592/538 409/593/539 295/594/540
f 295/594/540 409/593/539 432/595/541
f 432/595/541 409/593/539 419/596/542
f 432/595/541 419/596/542 431/597/543
f 431/597/543 419/596/542 418/598/544
f 431/597/543 418/598/544 417/599/545
f 431/597/543 417/599/545 430/600/546
f 430/600/546 417/599/545 416/565/511
f 430/600/546 416/565/511 429/567/513
f 365/601/547 362/602/548 366/603/549
f 366/603/549 362/602/548 339/604/550
f 366/603/549 339/604/550 340/605/551
f 365/601/547 364/606/552 362/602/548
f 362/602/548 364/606/552 363/607/553
f 362/602/548 415/608/554 339/604/550
f 339/604/550 415/608/554 412/609/555
f 412/609/555 415/608/554 413/610/556
f 413/610/556 415/608/554 414/611/557
f 402/612/558 394/613/559 340/605/551
f 340/605/551 394/613/559 383/614/560
f 340/605/551 383/614/560 378/615/561
f 378/615/561 383/614/560 380/616/562
f 380/616/562 383/614/560 381/617/563
f 381/617/563 383/614/560 382/618/564
f 402/612/558 401/619/565 394/613/559
f 394/613/559 401/619/565 400/620/566
f 378/615/561 366/603/549 340/605/551
f 437/621/567 440/622/568 436/623/569
f 436/623/569 440/622/568 441/624/570
f 436/623/569 441/624/570 442/625/571
f 442/625/571 441/624/570 460/626/572
f 442/625/571 460/626/572 461/627/573
f 461/627/573 460/626/572 439/628/574
f 461/627/573 439/628/574 462/629/575
f 462/629/575 439/628/574 463/630/576
f 462/629/575 463/630/576 444/631/577
f 444/631/577 463/630/576 445/632/578
f 444/631/577 445/632/578 436/623/569
f 436/623/569 445/632/578 446/633/579
f 436/623/569 446/633/579 447/634/580
f 447/634/580 446/633/579 465/635/581
f 447/634/580 465/635/581 466/636/582
f 466/636/582 465/635/581 439/628/574
f 466/636/582 439/628/574 429/637/583
f 440/622/568 437/621/567 458/638/584
f 458/638/584 437/621/567 438/639/585
f 458/638/584 438/639/585 439/628/574
f 428/640/586 475/641/587 429/637/583
f 429/637/583 475/641/587 474/642/588
f 429/637/583 474/642/588 473/643/589
f 473/643/589 474/642/588 455/644/590
f 473/643/589 455/644/590 454/645/591
f 454/645/591 455/644/590 426/646/592
f 454/645/591 426/646/592 453/647/593
f 453/647/593 426/646/592 452/648/594
f 453/647/593 452/648/594 471/649/595
f 471/649/595 452/648/594 470/650/596
f 471/649/595 470/650/596 429/637/583
f 429/637/583 470/650/596 469/651/597
f 429/637/583 469/651/597 468/652/598
f 468/652/598 469/651/597 450/653/599
f 468/652/598 450/653/599 449/654/600
f 449/654/600 450/653/599 426/646/592
f 449/654/600 426/646/592 436/623/569
f 475/641/587 428/640/586 457/655/601
f 457/655/601 428/640/586 427/656/602
f 457/655/601 427/656/602 426/646/592
f 441/624/570 440/622/568 459/657/603
f 459/657/603 440/622/568 458/638/584
f 459/657/603 458/638/584 439/628/574
f 444/631/577 436/623/569 443/658/604
f 443/658/604 436/623/569 442/625/571
f 443/658/604 442/625/571 461/627/573
f 462/629/575 444/631/577 443/658/604
f 462/629/575 443/658/604 461/627/573
f 446/633/579 445/632/578 464/659/605
f 464/659/605 445/632/578 463/630/576
f 464/659/605 463/630/576 439/628/574
f 449/654/600 436/623/569 448/660/606
f 448/660/606 436/623/569 447/634/580
f 448/660/606 447/634/580 466/636/582
f 449/654/600 448/660/606 467/661/607
f 467/661/607 448/660/606 466/636/582
f 467/661/607 466/636/582 429/637/583
f 452/648/594 426/646/592 451/662/608
f 451/662/608 426/646/592 450/653/599
f 451/662/608 450/653/599 469/651/597
f 470/650/596 452/648/594 451/662/608
f 470/650/596 451/662/608 469/651/597
f 454/645/591 453/647/593 472/663/609
f 472/663/609 453/647/593 471/649/595
f 472/663/609 471/649/595 429/637/583
f 457/655/601 426/646/592 456/664/610
f 456/664/610 426/646/592 455/644/590
f 456/664/610 455/644/590 474/642/588
f 475/641/587 457/655/601 456/664/610
f 475/641/587 456/664/610 474/642/588
f 439/628/574 460/626/572 459/657/603
f 459/657/603 460/626/572 441/624/570
f 439/628/574 465/635/581 464/659/605
f 464/659/605 465/635/581 446/633/579
f 429/637/583 468/652/598 467/661/607
f 467/661/607 468/652/598 449/654/600
f 429/637/583 473/643/589 472/663/609
f 472/663/609 473/643/589 454/645/591
f 341/665/611 143/666/189 439/667/612
f 439/667/612 143/666/189 429/668/583
f 429/668/583 143/666/189 430/669/613
f 143/670/390 480/671/614 430/672/613
f 430/672/613 480/671/614 481/673/615
f 430/672/613 481/673/615 482/674/616
f 482/674/616 481/673/615 491/675/617
f 482/674/616 491/675/617 492/676/618
f 492/676/618 491/675/617 295/677/303
f 492/676/618 295/677/303 493/678/619
f 493/678/619 295/677/303 432/679/620
f 493/678/619 432/679/620 484/680/621
f 484/680/621 432/679/620 431/681/622
f 484/680/621 431/681/622 430/672/613
f 142/682/623 476/683/624 143/670/390
f 143/670/390 476/683/624 477/684/625
f 143/670/390 477/684/625 478/685/626
f 478/685/626 477/684/625 487/686/627
f 478/685/626 487/686/627 488/687/628
f 488/687/628 487/686/627 141/688/629
f 488/687/628 141/688/629 489/689/630
f 489/689/630 141/688/629 490/690/631
f 489/689/630 490/690/631 480/671/614
f 480/671/614 490/690/631 481/673/615
f 476/683/624 142/682/623 485/691/632
f 485/691/632 142/682/623 141/688/629
f 485/691/632 141/688/629 486/692/633
f 486/692/633 141/688/629 487/686/627
f 486/692/633 487/686/627 477/684/625
f 141/688/629 295/677/303 490/690/631
f 490/690/631 295/677/303 491/675/617
f 490/690/631 491/675/617 481/673/615
f 486/692/633 477/684/625 476/683/624
f 485/691/632 486/692/633 476/683/624
f 480/671/614 143/670/390 479/693/634
f 479/693/634 143/670/390 478/685/626
f 479/693/634 478/685/626 488/687/628
f 489/689/630 480/671/614 479/693/634
f 489/689/630 479/693/634 488/687/628
f 484/680/621 430/672/613 483/694/635
f 483/694/635 430/672/613 482/674/616
f 483/694/635 482/674/616 492/676/618
f 493/678/619 484/680/621 483/694/635
f 493/678/619 483/694/635 492/676/618
f 494/695/636 497/696/637 337/697/638
f 337/697/638 497/696/637 498/698/639
f 337/697/638 498/698/639 499/699/640
f 499/699/640 498/698/639 517/700/641
f 499/699/640 517/700/641 518/701/642
f 518/701/642 517/700/641 496/702/643
f 518/701/642 496/702/643 519/703/644
f 519/703/644 496/702/643 520/704/645
f 519/703/644 520/704/645 501/705/646
f 501/705/646 520/704/645 502/706/647
f 501/705/646 502/706/647 337/697/638
f 337/697/638 502/706/647 503/707/648
f 337/697/638 503/707/648 504/708/649
f 504/708/649 503/707/648 522/709/650
f 504/708/649 522/709/650 523/710/651
f 523/710/651 522/709/650 496/702/643
f 523/710/651 496/702/643 435/711/652
f 497/696/637 494/695/636 515/712/653
f 515/712/653 494/695/636 495/713/654
f 515/712/653 495/713/654 496/702/643
f 434/714/655 532/715/656 435/711/652
f 435/711/652 532/715/656 531/716/657
f 435/711/652 531/716/657 530/717/658
f 530/717/658 531/716/657 512/718/659
f 530/717/658 512/718/659 511/719/660
f 511/719/660 512/718/659 338/720/661
f 511/719/660 338/720/661 510/721/662
f 510/721/662 338/720/661 509/722/663
f 510/721/662 509/722/663 528/723/664
f 528/723/664 509/722/663 527/724/665
f 528/723/664 527/724/665 435/711/652
f 435/711/652 527/724/665 526/725/666
f 435/711/652 526/725/666 525/726/667
f 525/726/667 526/725/666 507/727/668
f 525/726/667 507/727/668 506/728/669
f 506/728/669 507/727/668 338/720/661
f 506/728/669 338/720/661 337/697/638
f 532/715/656 434/714/655 514/729/670
f 514/729/670 434/714/655 433/730/671
f 514/729/670 433/730/671 338/720/661
f 498/698/639 497/696/637 516/731/672
f 516/731/672 497/696/637 515/712/653
f 516/731/672 515/712/653 496/702/643
f 501/705/646 337/697/638 500/732/673
f 500/732/673 337/697/638 499/699/640
f 500/732/673 499/699/640 518/701/642
f 519/703/644 501/705/646 500/732/673
f 519/703/644 500/732/673 518/701/642
f 503/707/648 502/706/647 521/733/674
f 521/733/674 502/706/647 520/704/645
f 521/733/674 520/704/645 496/702/643
f 506/728/669 337/697/638 505/734/675
f 505/734/675 337/697/638 504/708/649
f 505/734/675 504/708/649 523/710/651
f 506/728/669 505/734/675 524/735/676
f 524/735/676 505/734/675 523/710/651
f 524/735/676 523/710/651 435/711/652
f 509/722/663 338/720/661 508/736/677
f 508/736/677 338/720/661 507/727/668
f 508/736/677 507/727/668 526/725/666
f 527/724/665 509/722/663 508/736/677
f 527/724/665 508/736/677 526/725/666
f 511/719/660 510/721/662 529/737/678
f 529/737/678 510/721/662 528/723/664
f 529/737/678 528/723/664 435/711/652
f 514/729/670 338/720/661 513/738/679
f 513/738/679 338/720/661 512/718/659
f 513/738/679 512/718/659 531/716/657
f 532/715/656 514/729/670 513/738/679
f 532/715/656 513/738/679 531/716/657
f 496/702/643 517/700/641 516/731/672
f 516/731/672 517/700/641 498/698/639
f 496/702/643 522/709/650 521/733/674
f 521/733/674 522/709/650 503/707/648
f 435/711/652 525/726/667 524/735/676
f 524/735/676 525/726/667 506/728/669
f 435/711/652 530/717/658 529/737/678
f 529/737/678 530/717/658 511/719/660
f 496/739/643 436/740/569 435/741/680
f 435/741/680 436/740/569 426/742/592
f 438/743/681 437/744/682 439/745/683
f 439/745/683 437/744/682 436/746/684
f 439/745/683 436/746/684 267/747/685
f 267/747/685 436/746/684 496/748/686
f 267/747/685 496/748/686 268/749/687
f 268/749/687 496/748/686 337/750/688
f 268/749/687 337/750/688 319/751/689
f 496/748/686 495/752/690 337/750/688
f 337/750/688 495/752/690 494/753/691
f 318/754/692 317/755/693 319/751/689
f 319/751/689 317/755/693 268/749/687
f 439/745/683 267/747/685 341/756/694
f 341/756/694 267/747/685 343/757/695
f 341/756/694 343/757/695 342/758/696
f 35/759/47 30/760/77 22/761/45
f 22/761/45 30/760/77 29/762/72
f 22/761/45 29/762/72 23/763/43
f 23/763/43 29/762/72 28/764/70
f 23/763/43 28/764/70 24/765/52
f 24/765/52 28/764/70 27/766/66
f 24/765/52 27/766/66 25/767/58
f 25/767/58 27/766/66 26/768/63
f 30/760/77 35/759/47 31/769/80
f 31/769/80 35/759/47 34/770/90
f 31/769/80 34/770/90 32/771/84
f 32/771/84 34/770/90 33/772/86
f 274/773/697 273/774/698 588/775/699
f 588/775/699 273/774/698 272/776/700
f 588/775/699 272/776/700 534/777/701
f 534/777/701 272/776/700 271/778/702
f 534/777/701 271/778/702 270/779/703
f 534/777/701 270/779/703 533/780/704
f 533/780/704 270/779/703 269/781/705
f 533/780/704 269/781/705 294/782/706
f 294/782/706 293/783/707 533/780/704
f 533/780/704 293/783/707 292/784/708
f 588/775/699 534/777/701 587/785/709
f 587/785/709 534/777/701 535/786/710
f 587/785/709 535/786/710 586/787/711
f 586/787/711 535/786/710 536/788/712
f 586/787/711 536/788/712 585/789/713
f 585/789/713 536/788/712 584/790/714
f 584/790/714 536/788/712 537/791/715
f 584/790/714 537/791/715 583/792/716
f 583/792/716 537/791/715 538/793/717
f 583/792/716 538/793/717 582/794/718
f 582/794/718 538/793/717 539/795/719
f 582/794/718 539/795/719 581/796/720
f 581/796/720 539/795/719 540/797/721
f 581/796/720 540/797/721 580/798/722
f 580/798/722 540/797/721 541/799/723
f 580/798/722 541/799/723 579/800/724
f 579/800/724 541/799/723 542/801/725
f 579/800/724 542/801/725 578/802/726
f 578/802/726 542/801/725 543/803/727
f 578/802/726 543/803/727 577/804/728
f 577/804/728 543/803/727 544/805/729
f 577/804/728 544/805/729 576/806/730
f 576/806/730 544/805/729 545/807/731
f 576/806/730 545/807/731 575/808/732
f 575/808/732 545/807/731 546/809/733
f 575/808/732 546/809/733 574/810/734
f 574/810/734 546/809/733 547/811/735
f 574/810/734 547/811/735 573/812/736
f 573/812/736 547/811/735 548/813/737
f 573/812/736 548/813/737 572/814/738
f 572/814/738 548/813/737 549/815/739
f 572/814/738 549/815/739 571/816/740
f 571/816/740 549/815/739 550/817/741
f 571/816/740 550/817/741 570/818/742
f 570/818/742 550/817/741 551/819/743
f 570/818/742 551/819/743 569/820/744
f 569/820/744 551/819/743 552/821/745
f 569/820/744 552/821/745 568/822/746
f 568/822/746 552/821/745 553/823/747
f 568/822/746 553/823/747 567/824/748
f 567/824/748 553/823/747 554/825/749
f 567/824/748 554/825/749 566/826/750
f 566/826/750 554/825/749 555/827/751
f 566/826/750 555/827/751 565/828/752
f 565/828/752 555/827/751 556/829/753
f 565/828/752 556/829/753 564/830/754
f 564/830/754 556/829/753 557/831/755
f 564/830/754 557/831/755 563/832/756
f 563/832/756 557/831/755 558/833/757
f 563/832/756 558/833/757 562/834/758
f 562/834/758 558/833/757 559/835/759
f 562/834/758 559/835/759 561/836/760
f 561/836/760 559/835/759 560/837/761
f 313/838/762 591/839/763 292/840/764
f 292/840/764 591/839/763 589/841/765
f 292/840/764 589/841/765 533/842/766
f 533/842/766 589/841/765 597/843/767
f 533/842/766 597/843/767 534/844/768
f 534/844/768 597/843/767 598/845/769
f 534/844/768 598/845/769 535/846/770
f 535/846/770 598/845/769 599/847/771
f 535/846/770 599/847/771 536/848/772
f 536/848/772 599/847/771 601/849/773
f 536/848/772 601/849/773 537/850/774
f 537/850/774 601/849/773 600/851/775
f 537/850/774 600/851/775 538/852/776
f 538/852/776 600/851/775 602/853/777
f 538/852/776 602/853/777 539/854/778
f 539/854/778 602/853/777 603/855/779
f 539/854/778 603/855/779 540/856/780
f 540/856/780 603/855/779 604/857/781
f 540/856/780 604/857/781 541/858/782
f 541/858/782 604/857/781 605/859/783
f 541/858/782 605/859/783 542/860/784
f 542/860/784 605/859/783 606/861/785
f 542/860/784 606/861/785 543/862/786
f 543/862/786 606/861/785 607/863/787
f 543/862/786 607/863/787 544/864/788
f 544/864/788 607/863/787 609/865/789
f 544/864/788 609/865/789 545/866/790
f 545/866/790 609/865/789 608/867/791
f 545/866/790 608/867/791 546/868/792
f 546/868/792 608/867/791 610/869/793
f 546/868/792 610/869/793 547/870/794
f 547/870/794 610/869/793 611/871/795
f 547/870/794 611/871/795 548/872/796
f 548/872/796 611/871/795 612/873/797
f 548/872/796 612/873/797 549/874/798
f 549/874/798 612/873/797 613/875/799
f 549/874/798 613/875/799 550/876/800
f 550/876/800 613/875/799 614/877/801
f 550/876/800 614/877/801 551/878/802
f 551/878/802 614/877/801 615/879/803
f 551/878/802 615/879/803 552/880/804
f 552/880/804 615/879/803 617/881/805
f 552/880/804 617/881/805 553/882/806
f 553/882/806 617/881/805 616/883/807
f 553/882/806 616/883/807 554/884/808
f 554/884/808 616/883/807 618/885/809
f 554/884/808 618/885/809 555/886/810
f 555/886/810 618/885/809 619/887/811
f 555/886/810 619/887/811 556/888/812
f 556/888/812 619/887/811 620/889/813
f 556/888/812 620/889/813 557/890/814
f 557/890/814 620/889/813 621/891/815
f 557/890/814 621/891/815 558/892/816
f 558/892/816 621/891/815 622/893/817
f 558/892/816 622/893/817 559/894/818
f 559/894/818 622/893/817 623/895/819
f 559/894/818 623/895/819 560/896/820
f 560/896/820 623/895/819 410/897/821
f 560/896/820 410/897/821 158/898/822
f 591/839/763 313/838/762 592/899/823
f 592/899/823 313/838/762 312/900/824
f 592/899/823 312/900/824 590/901/825
f 590/901/825 312/900/824 311/902/826
f 590/901/825 311/902/826 310/903/827
f 590/901/825 310/903/827 593/904/828
f 593/904/828 310/903/827 309/905/829
f 593/904/828 309/905/829 594/906/830
f 594/906/830 309/905/829 308/907/831
f 594/906/830 308/907/831 595/908/832
f 595/908/832 308/907/831 307/909/833
f 595/908/832 307/909/833 596/910/834
f 596/910/834 307/909/833 306/911/835
f 596/910/834 306/911/835 237/912/836
f 237/912/836 306/911/835 238/913/837
f 238/913/837 306/911/835 305/914/838
f 238/913/837 305/914/838 239/915/839
f 239/915/839 305/914/838 304/916/840
f 239/915/839 304/916/840 240/917/841
f 240/917/841 304/916/840 303/918/842
f 240/917/841 303/918/842 241/919/843
f 241/919/843 303/918/842 302/920/844
f 241/919/843 302/920/844 242/921/845
f 242/921/845 302/920/844 301/922/846
f 242/921/845 301/922/846 300/923/847
f 242/921/845 300/923/847 243/924/848
f 243/924/848 300/923/847 299/925/849
f 243/924/848 299/925/849 298/926/850
f 243/924/848 298/926/850 244/927/851
f 244/927/851 298/926/850 297/928/852
f 244/927/851 297/928/852 245/929/853
f 245/929/853 297/928/852 296/930/854
f 245/929/853 296/930/854 246/931/855
f 237/912/836 236/932/856 596/910/834
f 596/910/834 236/932/856 595/908/832
f 236/932/856 235/933/857 595/908/832
f 595/908/832 235/933/857 594/906/830
f 235/933/857 234/934/858 594/906/830
f 594/906/830 234/934/858 593/904/828
f 593/904/828 234/934/858 590/901/825
f 590/901/825 234/934/858 233/935/859
f 590/901/825 233/935/859 592/899/823
f 592/899/823 233/935/859 232/936/860
f 592/899/823 232/936/860 591/839/763
f 591/839/763 232/936/860 231/937/861
f 591/839/763 231/937/861 589/841/765
f 589/841/765 231/937/861 230/938/862
f 589/841/765 230/938/862 229/939/863
f 589/841/765 229/939/863 597/843/767
f 597/843/767 229/939/863 228/940/864
f 597/843/767 228/940/864 598/845/769
f 598/845/769 228/940/864 227/941/865
f 598/845/769 227/941/865 599/847/771
f 599/847/771 227/941/865 226/942/866
f 599/847/771 226/942/866 601/849/773
f 601/849/773 226/942/866 600/851/775
f 226/942/866 225/943/867 600/851/775
f 600/851/775 225/943/867 602/853/777
f 225/943/867 224/944/868 602/853/777
f 602/853/777 224/944/868 603/855/779
f 224/944/868 223/945/869 603/855/779
f 603/855/779 223/945/869 604/857/781
f 223/945/869 222/946/870 604/857/781
f 604/857/781 222/946/870 221/947/871
f 604/857/781 221/947/871 605/859/783
f 605/859/783 221/947/871 220/948/872
f 605/859/783 220/948/872 606/861/785
f 606/861/785 220/948/872 219/949/873
f 606/861/785 219/949/873 607/863/787
f 607/863/787 219/949/873 218/950/874
f 607/863/787 218/950/874 609/865/789
f 609/865/789 218/950/874 608/867/791
f 218/950/874 217/951/875 608/867/791
f 608/867/791 217/951/875 610/869/793
f 217/951/875 216/952/876 610/869/793
f 610/869/793 216/952/876 611/871/795
f 216/952/876 215/953/877 611/871/795
f 611/871/795 215/953/877 612/873/797
f 215/953/877 214/954/878 612/873/797
f 612/873/797 214/954/878 213/955/879
f 612/873/797 213/955/879 613/875/799
f 613/875/799 213/955/879 212/956/880
f 613/875/799 212/956/880 614/877/801
f 614/877/801 212/956/880 211/957/881
f 614/877/801 211/957/881 615/879/803
f 615/879/803 211/957/881 210/958/882
f 615/879/803 210/958/882 617/881/805
f 617/881/805 210/958/882 209/959/883
f 617/881/805 209/959/883 616/883/807
f 616/883/807 209/959/883 208/960/884
f 616/883/807 208/960/884 618/885/809
f 618/885/809 208/960/884 207/961/885
f 618/885/809 207/961/885 619/887/811
f 619/887/811 207/961/885 206/962/886
f 619/887/811 206/962/886 620/889/813
f 620/889/813 206/962/886 205/963/887
f 620/889/813 205/963/887 621/891/815
f 621/891/815 205/963/887 204/964/888
f 621/891/815 204/964/888 203/965/889
f 621/891/815 203/965/889 622/893/817
f 622/893/817 203/965/889 202/966/890
f 622/893/817 202/966/890 623/895/819
f 623/895/819 202/966/890 411/967/891
f 623/895/819 411/967/891 410/897/821
f 151/968/892 150/969/893 625/970/894
f 625/970/894 150/969/893 266/971/895
f 625/970/894 266/971/895 626/972/896
f 626/972/896 266/971/895 265/973/897
f 626/972/896 265/973/897 627/974/898
f 627/974/898 265/973/897 264/975/899
f 627/974/898 264/975/899 628/976/900
f 628/976/900 264/975/899 263/977/901
f 628/976/900 263/977/901 629/978/902
f 629/978/902 263/977/901 262/979/903
f 629/978/902 262/979/903 630/980/904
f 630/980/904 262/979/903 261/981/905
f 630/980/904 261/981/905 631/982/906
f 631/982/906 261/981/905 260/983/907
f 631/982/906 260/983/907 575/984/908
f 575/984/908 260/983/907 632/985/909
f 575/984/908 632/985/909 259/986/910
f 259/986/910 632/985/909 260/983/907
f 575/984/908 259/986/910 576/987/911
f 576/987/911 259/986/910 258/988/912
f 576/987/911 258/988/912 257/989/913
f 576/987/911 257/989/913 577/990/914
f 577/990/914 257/989/913 256/991/915
f 577/990/914 256/991/915 578/992/916
f 578/992/916 256/991/915 255/993/917
f 578/992/916 255/993/917 579/994/918
f 579/994/918 255/993/917 254/995/919
f 579/994/918 254/995/919 253/996/920
f 579/994/918 253/996/920 580/997/921
f 580/997/921 253/996/920 252/998/922
f 580/997/921 252/998/922 251/999/923
f 580/997/921 251/999/923 581/1000/924
f 581/1000/924 251/999/923 250/1001/925
f 581/1000/924 250/1001/925 582/1002/926
f 582/1002/926 250/1001/925 249/1003/927
f 582/1002/926 249/1003/927 316/1004/928
f 316/1004/928 315/1005/929 582/1002/926
f 582/1002/926 315/1005/929 314/1006/930
f 582/1002/926 314/1006/930 583/1007/931
f 583/1007/931 314/1006/930 633/1008/932
f 583/1007/931 633/1008/932 584/1009/933
f 584/1009/933 633/1008/932 634/1010/934
f 584/1009/933 634/1010/934 585/1011/935
f 585/1011/935 634/1010/934 635/1012/936
f 585/1011/935 635/1012/936 586/1013/937
f 586/1013/937 635/1012/936 624/1014/938
f 586/1013/937 624/1014/938 587/1015/939
f 587/1015/939 624/1014/938 636/1016/940
f 587/1015/939 636/1016/940 588/1017/941
f 588/1017/941 636/1016/940 275/1018/942
f 588/1017/941 275/1018/942 274/1019/943
f 314/1006/930 336/1020/944 633/1008/932
f 633/1008/932 336/1020/944 634/1010/934
f 336/1020/944 335/1021/945 634/1010/934
f 634/1010/934 335/1021/945 635/1012/936
f 635/1012/936 335/1021/945 624/1014/938
f 624/1014/938 335/1021/945 334/1022/946
f 624/1014/938 334/1022/946 636/1016/940
f 636/1016/940 334/1022/946 275/1018/942
f 575/984/908 574/1023/947 631/982/906
f 631/982/906 574/1023/947 630/980/904
f 574/1023/947 573/1024/948 630/980/904
f 630/980/904 573/1024/948 629/978/902
f 573/1024/948 572/1025/949 629/978/902
f 629/978/902 572/1025/949 628/976/900
f 572/1025/949 571/1026/950 628/976/900
f 628/976/900 571/1026/950 627/974/898
f 571/1026/950 570/1027/951 627/974/898
f 627/974/898 570/1027/951 569/1028/952
f 627/974/898 569/1028/952 626/972/896
f 626/972/896 569/1028/952 568/1029/953
f 626/972/896 568/1029/953 625/970/894
f 625/970/894 568/1029/953 637/1030/954
f 625/970/894 637/1030/954 151/968/892
f 151/968/892 637/1030/954 152/1031/955
f 152/1031/955 637/1030/954 638/1032/956
f 152/1031/955 638/1032/956 153/1033/957
f 153/1033/957 638/1032/956 639/1034/958
f 153/1033/957 639/1034/958 154/1035/959
f 154/1035/959 639/1034/958 640/1036/960
f 154/1035/959 640/1036/960 155/1037/961
f 155/1037/961 640/1036/960 641/1038/962
f 155/1037/961 641/1038/962 156/1039/963
f 156/1039/963 641/1038/962 642/1040/964
f 156/1039/963 642/1040/964 157/1041/965
f 157/1041/965 642/1040/964 561/1042/966
f 561/1042/966 642/1040/964 562/1043/967
f 562/1043/967 642/1040/964 563/1044/968
f 563/1044/968 642/1040/964 641/1038/962
f 563/1044/968 641/1038/962 564/1045/969
f 564/1045/969 641/1038/962 640/1036/960
f 564/1045/969 640/1036/960 565/1046/970
f 565/1046/970 640/1036/960 639/1034/958
f 565/1046/970 639/1034/958 566/1047/971
f 566/1047/971 639/1034/958 638/1032/956
f 566/1047/971 638/1032/956 567/1048/972
f 567/1048/972 638/1032/956 637/1030/954
f 567/1048/972 637/1030/954 568/1029/953
f 560/1049/973 158/1050/974 561/1051/975
f 561/1051/975 158/1050/974 157/1052/976
# 642 vertices
# 1052 texture params
# 976 normals
# 1284 facets

# 1 groups
