# WaveFront *.obj file (generated by Autodesk ATF)

mtllib body1_visual.mtl

g Body1

v -30.600000 5.973383 -4.479207
v -30.600000 5.572322 -4.983409
v -30.600000 5.128844 -5.450737
v -30.600000 4.646323 -5.877636
v -30.600000 4.128432 -6.260856
v -30.650000 4.156391 -6.302307
v -30.650000 4.677789 -5.916493
v -30.650000 5.163577 -5.486704
v -30.650000 5.610058 -5.016212
v -30.650000 6.013833 -4.508596
v -31.270000 5.077917 4.293527
v -31.270000 4.981036 4.192891
v -31.270000 4.852514 4.138159
v -31.270000 4.712823 4.138051
v -31.270000 4.584216 4.192582
v -31.270000 4.487178 4.293068
v -31.270000 4.437168 4.423500
v -31.270000 4.442152 4.563102
v -31.270000 4.501335 4.689636
v -31.270000 4.605291 4.782946
v -31.240000 4.609359 4.776012
v -31.218038 4.620472 4.757070
v -31.210000 4.635653 4.731195
v -31.210000 4.541136 4.641971
v -31.210000 4.495085 4.520423
v -31.210000 4.506752 4.390969
v -31.210000 4.573793 4.279614
v -31.210000 4.682741 4.208728
v -31.210000 4.811709 4.192550
v -31.210000 4.934789 4.234330
v -31.210000 5.027258 4.325676
v -31.218038 5.052587 4.309602
v -31.240000 5.071130 4.297834
v -31.240000 4.976474 4.199510
v -31.218038 4.964011 4.217592
v -31.240000 4.850904 4.146035
v -31.218038 4.846504 4.167551
v -31.240000 4.714421 4.145929
v -31.218038 4.718787 4.167452
v -31.240000 4.588767 4.199208
v -31.218038 4.601203 4.217309
v -31.240000 4.493959 4.297385
v -31.218038 4.512483 4.309182
v -31.240000 4.445097 4.424822
v -31.218038 4.466760 4.428434
v -31.240000 4.449966 4.561218
v -31.218038 4.471316 4.556070
v -31.240000 4.507791 4.684846
v -31.218038 4.525427 4.671758
v -31.210000 5.075335 4.378681
v -31.210000 5.138420 4.412464
v -31.210000 5.209185 4.423103
v -31.229856 5.267066 4.366300
v -31.270000 5.319654 4.309356
v -31.270000 5.263611 4.351044
v -31.270000 5.194766 4.362833
v -31.270000 5.128046 4.342167
v -31.218038 5.112741 4.367970
v -31.240000 5.123945 4.349081
v -31.218038 5.192806 4.392769
v -31.240000 5.194241 4.370854
v -31.240000 5.266775 4.358434
v -31.270000 6.712920 0.461667
v -31.270000 6.575389 0.437196
v -31.270000 6.439242 0.468461
v -31.270000 6.326166 0.550481
v -31.270000 6.254173 0.670192
v -31.270000 6.234732 0.808523
v -31.270000 6.270939 0.943440
v -31.270000 6.357027 1.053451
v -31.270000 6.479282 1.121032
v -31.270000 6.618230 1.135417
v -31.240000 6.617446 1.127417
v -31.218038 6.615303 1.105561
v -31.210000 6.612375 1.075704
v -31.210000 6.483464 1.059076
v -31.210000 6.374765 0.987810
v -31.210000 6.308112 0.876222
v -31.210000 6.296897 0.746728
v -31.210000 6.343371 0.625342
v -31.210000 6.438200 0.536448
v -31.210000 6.562332 0.497904
v -31.210000 6.690832 0.517453
v -31.218038 6.701876 0.489560
v -31.240000 6.709961 0.469141
v -31.240000 6.575589 0.445232
v -31.218038 6.576134 0.467187
v -31.240000 6.442568 0.475779
v -31.218038 6.451656 0.495772
v -31.240000 6.332089 0.555915
v -31.218038 6.348272 0.570762
v -31.240000 6.261750 0.672876
v -31.218038 6.282450 0.680211
v -31.240000 6.242755 0.808031
v -31.218038 6.264675 0.806686
v -31.240000 6.278131 0.939849
v -31.218038 6.297779 0.930038
v -31.240000 6.362241 1.047333
v -31.218038 6.376488 1.030620
v -31.240000 6.481689 1.113362
v -31.218038 6.488264 1.092408
v -31.270000 5.853482 -3.609990
v -31.270000 5.724404 -3.578498
v -31.270000 5.616363 -3.501165
v -31.270000 5.544930 -3.389136
v -31.270000 5.520398 -3.258555
v -31.270000 5.546304 -3.128240
v -31.270000 5.618913 -3.016970
v -31.270000 5.727763 -2.940780
v -31.270000 5.857166 -2.910649
v -31.270000 5.988476 -2.930920
v -31.270000 6.102769 -2.998671
v -31.240000 6.097432 -3.004682
v -31.218038 6.082851 -3.021105
v -31.210000 6.062933 -3.043538
v -31.210000 5.956563 -2.983497
v -31.210000 5.834907 -2.972578
v -31.210000 5.719546 -3.012720
v -31.210000 5.630945 -3.096800
v -31.210000 5.584824 -3.209903
v -31.210000 5.589363 -3.331965
v -31.210000 5.643757 -3.441330
v -31.210000 5.738358 -3.518598
v -31.210000 5.856382 -3.550060
v -31.218038 5.854932 -3.580025
v -31.240000 5.853871 -3.601961
v -31.240000 5.714700 -3.564861
v -31.218038 5.724699 -3.545308
v -31.240000 5.603149 -3.473749
v -31.218038 5.620312 -3.460047
v -31.240000 5.539008 -3.344788
v -31.218038 5.560291 -3.339368
v -31.240000 5.533656 -3.200856
v -31.218038 5.555282 -3.204680
v -31.240000 5.588042 -3.067487
v -31.218038 5.606175 -3.079876
v -31.240000 5.692517 -2.968341
v -31.218038 5.703941 -2.987098
v -31.240000 5.828548 -2.921007
v -31.218038 5.831236 -2.942804
v -31.240000 5.972003 -2.933882
v -31.218038 5.965477 -2.954852
v -31.270000 2.644282 -6.338493
v -31.270000 2.580561 -6.221905
v -31.270000 2.564885 -6.089968
v -31.270000 2.599514 -5.961695
v -31.270000 2.679456 -5.855571
v -31.270000 2.793193 -5.786889
v -31.270000 2.924332 -5.765547
v -31.270000 3.053978 -5.794621
v -31.270000 3.163445 -5.869920
v -31.270000 3.236960 -5.980594
v -31.270000 3.263929 -6.110693
v -31.240000 3.255891 -6.110801
v -31.218038 3.233931 -6.111096
v -31.210000 3.203934 -6.111499
v -31.210000 3.176610 -5.992449
v -31.210000 3.102690 -5.895210
v -31.210000 2.995290 -5.837031
v -31.210000 2.873462 -5.828235
v -31.210000 2.758818 -5.870382
v -31.210000 2.671697 -5.955994
v -31.210000 2.627553 -6.069884
v -31.210000 2.634220 -6.191847
v -31.210000 2.690512 -6.300247
v -31.218038 2.667397 -6.319370
v -31.240000 2.650475 -6.333369
v -31.240000 2.584096 -6.205546
v -31.218038 2.605281 -6.199756
v -31.240000 2.576236 -6.061729
v -31.218038 2.597925 -6.065176
v -31.240000 2.628288 -5.927433
v -31.218038 2.646635 -5.939504
v -31.240000 2.731020 -5.826481
v -31.218038 2.742769 -5.845036
v -31.240000 2.866205 -5.776783
v -31.218038 2.869272 -5.798529
v -31.240000 3.009863 -5.787155
v -31.218038 3.003704 -5.808235
v -31.240000 3.136507 -5.855758
v -31.218038 3.122214 -5.872432
v -31.240000 3.223670 -5.970420
v -31.218038 3.203780 -5.979731
v -31.270000 -1.505278 -6.709363
v -31.270000 -1.486052 -6.571001
v -31.270000 -1.414245 -6.451179
v -31.270000 -1.301297 -6.368983
v -31.270000 -1.165198 -6.337506
v -31.270000 -1.027630 -6.361763
v -31.270000 -0.910504 -6.437890
v -31.270000 -0.832480 -6.553760
v -31.270000 -0.805986 -6.690915
v -31.270000 -0.835242 -6.827508
v -31.240000 -0.842608 -6.824290
v -31.218038 -0.862733 -6.815498
v -31.210000 -0.890224 -6.803487
v -31.210000 -0.866202 -6.675747
v -31.210000 -0.900390 -6.550345
v -31.210000 -0.985920 -6.452473
v -31.210000 -1.105610 -6.401790
v -31.210000 -1.235417 -6.408480
v -31.210000 -1.349263 -6.471197
v -31.210000 -1.424279 -6.577343
v -31.210000 -1.445396 -6.705595
v -31.218038 -1.475337 -6.707479
v -31.240000 -1.497255 -6.708858
v -31.240000 -1.478470 -6.573674
v -31.218038 -1.457759 -6.580977
v -31.240000 -1.408313 -6.456604
v -31.218038 -1.392107 -6.471425
v -31.240000 -1.297959 -6.376296
v -31.218038 -1.288840 -6.396274
v -31.240000 -1.164986 -6.345542
v -31.218038 -1.164407 -6.367496
v -31.240000 -1.030577 -6.369242
v -31.218038 -1.038630 -6.389674
v -31.240000 -0.916142 -6.443620
v -31.218038 -0.931544 -6.459275
v -31.240000 -0.839910 -6.556829
v -31.218038 -0.860208 -6.565213
v -31.240000 -0.814024 -6.690834
v -31.218038 -0.835985 -6.690613
v -31.270000 -5.080333 -4.570353
v -31.270000 -4.983452 -4.469717
v -31.270000 -4.854930 -4.414986
v -31.270000 -4.715239 -4.414877
v -31.270000 -4.586631 -4.469409
v -31.270000 -4.489594 -4.569894
v -31.270000 -4.439584 -4.700326
v -31.270000 -4.444568 -4.839928
v -31.270000 -4.503751 -4.966462
v -31.270000 -4.607707 -5.059772
v -31.240000 -4.611775 -5.052839
v -31.218038 -4.622888 -5.033896
v -31.210000 -4.638069 -5.008021
v -31.210000 -4.543551 -4.918797
v -31.210000 -4.497501 -4.797249
v -31.210000 -4.509168 -4.667795
v -31.210000 -4.576209 -4.556440
v -31.210000 -4.685157 -4.485554
v -31.210000 -4.814125 -4.469376
v -31.210000 -4.937205 -4.511157
v -31.210000 -5.029673 -4.602503
v -31.218038 -5.055003 -4.586428
v -31.240000 -5.073546 -4.574660
v -31.240000 -4.978890 -4.476336
v -31.218038 -4.966426 -4.494418
v -31.240000 -4.853320 -4.422861
v -31.218038 -4.848920 -4.444377
v -31.240000 -4.716837 -4.422755
v -31.218038 -4.721203 -4.444278
v -31.240000 -4.591183 -4.476034
v -31.218038 -4.603619 -4.494136
v -31.240000 -4.496374 -4.574212
v -31.218038 -4.514899 -4.586008
v -31.240000 -4.447513 -4.701648
v -31.218038 -4.469175 -4.705260
v -31.240000 -4.452382 -4.838044
v -31.218038 -4.473732 -4.832896
v -31.240000 -4.510207 -4.961672
v -31.218038 -4.527843 -4.948584
v -31.210000 -4.741785 -5.186438
v -31.210000 -4.728683 -5.116087
v -31.210000 -4.692719 -5.054220
v -31.270000 -4.658067 -5.108172
v -31.270000 -4.681049 -5.174130
v -31.270000 -4.671670 -5.243345
v -31.270000 -4.631963 -5.300809
v -31.229856 -4.687037 -5.246266
v -31.218038 -4.710898 -5.171126
v -31.240000 -4.689047 -5.173325
v -31.240000 -4.679165 -5.246250
v -31.218038 -4.683320 -5.091976
v -31.240000 -4.664833 -5.103832
v -31.210000 -6.803570 -1.435909
v -31.210000 -6.751619 -1.386695
v -31.210000 -6.686159 -1.357783
v -31.210000 -6.614791 -1.352530
v -31.218038 -6.617719 -1.382387
v -31.240000 -6.619862 -1.404244
v -31.270000 -6.620646 -1.412244
v -31.270000 -6.689837 -1.421799
v -31.270000 -6.747199 -1.461652
v -31.270000 -6.780295 -1.523161
v -31.270000 -6.781948 -1.592989
v -31.229856 -6.794444 -1.516492
v -31.218038 -6.769582 -1.441677
v -31.240000 -6.753197 -1.456300
v -31.240000 -6.788066 -1.521105
v -31.218038 -6.700748 -1.393854
v -31.240000 -6.692760 -1.414311
v -31.270000 -6.341920 2.670429
v -31.237903 -6.315438 2.724271
v -31.210000 -6.267084 2.810218
v -31.210000 -6.196127 2.819497
v -31.210000 -6.126174 2.804411
v -31.210000 -6.065349 2.766712
v -31.218038 -6.085267 2.744278
v -31.240000 -6.099848 2.727856
v -31.270000 -6.105185 2.721845
v -31.270000 -6.166778 2.754783
v -31.270000 -6.236610 2.756258
v -31.270000 -6.299539 2.725949
v -31.240000 -6.304617 2.732180
v -31.218038 -6.242977 2.785575
v -31.240000 -6.238316 2.764113
v -31.218038 -6.159179 2.783805
v -31.240000 -6.164742 2.762559
v -31.210000 -2.729367 6.226551
v -31.229856 -2.657458 6.264046
v -31.270000 -2.587051 6.296464
v -31.270000 -2.644017 6.256046
v -31.270000 -2.676503 6.194213
v -31.270000 -2.677466 6.124372
v -31.270000 -2.646697 6.061667
v -31.240000 -2.652891 6.056543
v -31.218038 -2.669813 6.042544
v -31.210000 -2.692928 6.023421
v -31.210000 -2.728481 6.085525
v -31.210000 -2.741117 6.155962
v -31.240000 -2.684294 6.196192
v -31.218038 -2.705580 6.201600
v -31.240000 -2.650067 6.261339
v -31.240000 -2.685309 6.122609
v -31.218038 -2.706735 6.117790
v -31.210000 1.442980 6.428769
v -31.210000 1.450721 6.499910
v -31.210000 1.481900 6.564321
v -31.210000 1.532897 6.614523
v -31.229856 1.613112 6.602590
v -31.270000 1.689127 6.587432
v -31.270000 1.619284 6.588217
v -31.270000 1.556657 6.557288
v -31.270000 1.514826 6.501352
v -31.270000 1.502862 6.432537
v -31.240000 1.494839 6.432032
v -31.218038 1.472921 6.430653
v -31.218038 1.487278 6.513231
v -31.240000 1.507445 6.504535
v -31.218038 1.537475 6.580355
v -31.240000 1.551517 6.563469
v -31.240000 1.617500 6.596055
v -31.600000 -4.557104 -5.146023
v -31.600000 -4.573891 -5.162157
v -31.600000 -4.581551 -5.184143
v -31.600000 -4.578425 -5.207215
v -31.600000 -4.565190 -5.226369
v -31.500000 -4.631963 -5.300809
v -31.500000 -4.671670 -5.243345
v -31.500000 -4.681049 -5.174130
v -31.500000 -4.658067 -5.108172
v -31.500000 -4.607707 -5.059772
v -31.500000 -4.503751 -4.966462
v -31.500000 -4.444568 -4.839928
v -31.500000 -4.439584 -4.700326
v -31.500000 -4.489594 -4.569894
v -31.500000 -4.586631 -4.469409
v -31.500000 -4.715239 -4.414877
v -31.500000 -4.854930 -4.414986
v -31.500000 -4.983452 -4.469717
v -31.500000 -5.080333 -4.570353
v -31.600000 -5.164766 -4.516771
v -31.600000 -5.054882 -4.397940
v -31.600000 -4.910063 -4.325672
v -31.600000 -4.749042 -4.309316
v -31.600000 -4.592649 -4.350987
v -31.600000 -4.461115 -4.445295
v -31.600000 -4.371454 -4.580040
v -31.600000 -4.335267 -4.737793
v -31.600000 -4.357233 -4.898145
v -31.600000 -4.434511 -5.040354
v -31.600000 -6.630405 -1.511766
v -31.600000 -6.653469 -1.514952
v -31.600000 -6.672589 -1.528236
v -31.600000 -6.683621 -1.548739
v -31.600000 -6.684172 -1.572015
v -31.500000 -6.781948 -1.592989
v -31.500000 -6.780295 -1.523161
v -31.500000 -6.747199 -1.461652
v -31.500000 -6.689837 -1.421799
v -31.500000 -6.620646 -1.412244
v -31.500000 -6.481698 -1.397858
v -31.500000 -6.359443 -1.330277
v -31.500000 -6.273355 -1.220266
v -31.500000 -6.237148 -1.085349
v -31.500000 -6.256589 -0.947018
v -31.500000 -6.328581 -0.827307
v -31.500000 -6.441658 -0.745287
v -31.500000 -6.577805 -0.714022
v -31.500000 -6.715336 -0.738493
v -31.600000 -6.752149 -0.645516
v -31.600000 -6.593403 -0.613967
v -31.600000 -6.433764 -0.640624
v -31.600000 -6.293881 -0.722037
v -31.600000 -6.191850 -0.847675
v -31.600000 -6.140870 -1.001286
v -31.600000 -6.147535 -1.162999
v -31.600000 -6.210983 -1.311893
v -31.600000 -6.323006 -1.428710
v -31.600000 -6.469114 -1.498336
v -31.600000 -6.171578 2.647065
v -31.600000 -6.192109 2.658045
v -31.600000 -6.215386 2.658536
v -31.600000 -6.236362 2.648433
v -31.600000 -6.250490 2.629927
v -31.500000 -6.341920 2.670429
v -31.500000 -6.299539 2.725949
v -31.500000 -6.236610 2.756258
v -31.500000 -6.166778 2.754783
v -31.500000 -6.105185 2.721845
v -31.500000 -5.990892 2.654094
v -31.500000 -5.859582 2.633823
v -31.500000 -5.730178 2.663954
v -31.500000 -5.621329 2.740144
v -31.500000 -5.548720 2.851414
v -31.500000 -5.522814 2.981729
v -31.500000 -5.547346 3.112310
v -31.500000 -5.618779 3.224339
v -31.500000 -5.726819 3.301672
v -31.500000 -5.855898 3.333164
v -31.600000 -5.851067 3.433047
v -31.600000 -5.699419 3.398826
v -31.600000 -5.568465 3.315046
v -31.600000 -5.473834 3.191704
v -31.600000 -5.426820 3.043522
v -31.600000 -5.433035 2.888185
v -31.600000 -5.491737 2.744232
v -31.600000 -5.595919 2.628845
v -31.600000 -5.733148 2.555794
v -31.600000 -5.887045 2.533798
v -31.600000 -6.039243 2.565482
v -31.600000 5.242929 4.245221
v -31.600000 5.224248 4.259117
v -31.600000 5.201300 4.263047
v -31.600000 5.179060 4.256158
v -31.600000 5.162350 4.239945
v -31.500000 5.077917 4.293527
v -31.500000 5.128046 4.342167
v -31.500000 5.194766 4.362833
v -31.500000 5.263611 4.351044
v -31.500000 5.319654 4.309356
v -31.500000 4.605291 4.782946
v -31.500000 4.501335 4.689636
v -31.500000 4.442152 4.563102
v -31.500000 4.437168 4.423500
v -31.500000 4.487178 4.293068
v -31.500000 4.584216 4.192582
v -31.500000 4.712823 4.138051
v -31.500000 4.852514 4.138159
v -31.500000 4.981036 4.192891
v -31.600000 5.052467 4.121114
v -31.600000 4.907647 4.048846
v -31.600000 4.746626 4.032489
v -31.600000 4.590233 4.074161
v -31.600000 4.458699 4.168469
v -31.600000 4.369039 4.303214
v -31.600000 4.332851 4.460966
v -31.600000 4.354817 4.621319
v -31.600000 4.432095 4.763528
v -31.600000 4.554688 4.869197
v -31.600000 -4.102888 5.942578
v -31.600000 -4.617273 5.561953
v -31.600000 -5.096527 5.137944
v -31.600000 -5.537003 4.673780
v -31.600000 -5.935348 4.172992
v -31.500000 -6.016249 4.231770
v -31.500000 -5.612474 4.739386
v -31.500000 -5.165993 5.209878
v -31.500000 -4.680205 5.639667
v -31.500000 -4.158807 6.025481
v -31.600000 1.664753 6.490448
v -31.600000 1.641472 6.490710
v -31.600000 1.620596 6.480400
v -31.600000 1.606653 6.461755
v -31.600000 1.602664 6.438816
v -31.500000 1.502862 6.432537
v -31.500000 1.514826 6.501352
v -31.500000 1.556657 6.557288
v -31.500000 1.619284 6.588217
v -31.500000 1.689127 6.587432
v -31.500000 0.832826 6.550682
v -31.500000 0.803570 6.414089
v -31.500000 0.830065 6.276934
v -31.500000 0.908089 6.161064
v -31.500000 1.025214 6.084937
v -31.500000 1.162782 6.060680
v -31.500000 1.298881 6.092157
v -31.500000 1.411829 6.174353
v -31.500000 1.483636 6.294175
v -31.600000 1.583614 6.278092
v -31.600000 1.508930 6.134503
v -31.600000 1.388276 6.026625
v -31.600000 1.237257 5.968412
v -31.600000 1.075411 5.967395
v -31.600000 0.923673 6.023705
v -31.600000 0.801672 6.130059
v -31.600000 0.725190 6.272698
v -31.600000 0.704121 6.433170
v -31.600000 0.741190 6.590717
v -31.500000 -3.266344 5.833867
v -31.500000 -3.239376 5.703768
v -31.500000 -3.165861 5.593094
v -31.500000 -3.056393 5.517795
v -31.500000 -2.926748 5.488721
v -31.500000 -2.795608 5.510063
v -31.500000 -2.681872 5.578745
v -31.500000 -2.601929 5.684869
v -31.500000 -2.567301 5.813142
v -31.500000 -2.582976 5.945079
v -31.500000 -2.646697 6.061667
v -31.600000 -2.569646 6.125410
v -31.600000 -2.492732 5.990309
v -31.600000 -2.466378 5.837097
v -31.600000 -2.493732 5.684062
v -31.600000 -2.571528 5.549466
v -31.600000 -2.690481 5.449374
v -31.600000 -2.836394 5.395732
v -31.600000 -2.991853 5.394942
v -31.600000 -3.138304 5.447098
v -31.600000 -3.258268 5.545976
v -31.600000 -3.337428 5.679774
v -31.600000 -3.366335 5.832524
v -31.600000 -2.549764 6.203675
v -31.600000 -2.568753 6.190203
v -31.600000 -2.579582 6.169592
v -31.600000 -2.579903 6.146311
v -31.500000 -2.677466 6.124372
v -31.500000 -2.676503 6.194213
v -31.500000 -2.644017 6.256046
v -31.500000 -2.587051 6.296464
v -31.270000 2.675051 -6.401198
v -31.270000 2.674087 -6.471039
v -31.270000 2.641601 -6.532872
v -31.270000 2.584635 -6.573290
v -31.500000 2.584635 -6.573290
v -31.500000 2.641601 -6.532872
v -31.500000 2.674087 -6.471039
v -31.500000 2.675051 -6.401198
v -31.500000 2.644282 -6.338493
v -31.270000 -1.517242 -6.778178
v -31.270000 -1.559073 -6.834114
v -31.270000 -1.621699 -6.865043
v -31.270000 -1.691542 -6.864258
v -31.500000 -1.691542 -6.864258
v -31.500000 -1.621699 -6.865043
v -31.500000 -1.559073 -6.834114
v -31.500000 -1.517242 -6.778178
v -31.500000 -1.505278 -6.709363
v -31.270000 -5.130461 -4.618993
v -31.270000 -5.197182 -4.639659
v -31.270000 -5.266027 -4.627870
v -31.270000 -5.322070 -4.586182
v -31.500000 -5.322070 -4.586182
v -31.500000 -5.266027 -4.627870
v -31.500000 -5.197182 -4.639659
v -31.500000 -5.130461 -4.618993
v -30.610000 -6.701109 -0.945223
v -30.610000 -6.626408 -0.903815
v -30.610000 -6.541010 -0.905306
v -30.610000 -6.467800 -0.949296
v -30.610000 -6.426392 -1.023997
v -30.610000 -6.427882 -1.109394
v -30.610000 -6.471872 -1.182605
v -30.610000 -6.546573 -1.224013
v -30.610000 -6.631971 -1.222522
v -30.610000 -6.705182 -1.178533
v -30.610000 -6.746589 -1.103831
v -30.610000 -6.745099 -1.018434
v -30.600000 -6.708056 -0.938030
v -30.600000 -6.754711 -1.015678
v -30.600000 -6.756292 -1.106251
v -30.600000 -6.712375 -1.185479
v -30.600000 -6.634727 -1.232135
v -30.600000 -6.544154 -1.233716
v -30.600000 -6.464925 -1.189799
v -30.600000 -6.418270 -1.112151
v -30.600000 -6.416689 -1.021578
v -30.600000 -6.460606 -0.942349
v -30.600000 -6.538254 -0.895693
v -30.600000 -6.628827 -0.894112
v -31.200000 -6.471872 -1.182605
v -31.200000 -6.427882 -1.109394
v -31.200000 -6.426392 -1.023997
v -31.200000 -6.467800 -0.949296
v -31.200000 -6.541010 -0.905306
v -31.200000 -6.626408 -0.903815
v -31.200000 -6.701109 -0.945223
v -31.200000 -6.745099 -1.018434
v -31.200000 -6.746589 -1.103831
v -31.200000 -6.705182 -1.178533
v -31.200000 -6.631971 -1.222522
v -31.200000 -6.546573 -1.224013
v -31.210000 -6.464925 -1.189799
v -31.210000 -6.544154 -1.233716
v -31.210000 -6.634727 -1.232135
v -31.210000 -6.712375 -1.185479
v -31.210000 -6.756292 -1.106251
v -31.210000 -6.754711 -1.015678
v -31.210000 -6.708056 -0.938030
v -31.210000 -6.628827 -0.894112
v -31.210000 -6.538254 -0.895693
v -31.210000 -6.460606 -0.942349
v -31.210000 -6.416689 -1.021578
v -31.210000 -6.418270 -1.112151
v -30.610000 -5.987428 3.102264
v -30.610000 -5.912727 3.143672
v -30.610000 -5.827329 3.142181
v -30.610000 -5.754118 3.098191
v -30.610000 -5.712711 3.023490
v -30.610000 -5.714201 2.938093
v -30.610000 -5.758191 2.864882
v -30.610000 -5.832892 2.823474
v -30.610000 -5.918290 2.824965
v -30.610000 -5.991500 2.868954
v -30.610000 -6.032908 2.943656
v -30.610000 -6.031418 3.029053
v -30.600000 -5.994375 3.109457
v -30.600000 -6.041030 3.031809
v -30.600000 -6.042611 2.941236
v -30.600000 -5.998694 2.862008
v -30.600000 -5.921046 2.815352
v -30.600000 -5.830473 2.813771
v -30.600000 -5.751244 2.857688
v -30.600000 -5.704589 2.935336
v -30.600000 -5.703008 3.025909
v -30.600000 -5.746925 3.105138
v -30.600000 -5.824573 3.151794
v -30.600000 -5.915146 3.153375
v -31.200000 -5.758191 2.864882
v -31.200000 -5.714201 2.938093
v -31.200000 -5.712711 3.023490
v -31.200000 -5.754118 3.098191
v -31.200000 -5.827329 3.142181
v -31.200000 -5.912727 3.143672
v -31.200000 -5.987428 3.102264
v -31.200000 -6.031418 3.029053
v -31.200000 -6.032908 2.943656
v -31.200000 -5.991500 2.868954
v -31.200000 -5.918290 2.824965
v -31.200000 -5.832892 2.823474
v -31.210000 -5.751244 2.857688
v -31.210000 -5.830473 2.813771
v -31.210000 -5.921046 2.815352
v -31.210000 -5.998694 2.862008
v -31.210000 -6.042611 2.941236
v -31.210000 -6.041030 3.031809
v -31.210000 -5.994375 3.109457
v -31.210000 -5.915146 3.153375
v -31.210000 -5.824573 3.151794
v -31.210000 -5.746925 3.105138
v -31.210000 -5.703008 3.025909
v -31.210000 -5.704589 2.935336
v -30.610000 -3.030995 5.957258
v -30.610000 -2.956293 5.998666
v -30.610000 -2.870896 5.997176
v -30.610000 -2.797685 5.953186
v -30.610000 -2.756277 5.878484
v -30.610000 -2.757768 5.793087
v -30.610000 -2.801757 5.719876
v -30.610000 -2.876459 5.678469
v -30.610000 -2.961856 5.679959
v -30.610000 -3.035067 5.723949
v -30.610000 -3.076475 5.798650
v -30.610000 -3.074984 5.884048
v -30.600000 -3.037941 5.964452
v -30.600000 -3.084597 5.886804
v -30.600000 -3.086178 5.796231
v -30.600000 -3.042261 5.717002
v -30.600000 -2.964613 5.670347
v -30.600000 -2.874040 5.668766
v -30.600000 -2.794811 5.712683
v -30.600000 -2.748155 5.790331
v -30.600000 -2.746574 5.880904
v -30.600000 -2.790492 5.960133
v -30.600000 -2.868140 6.006788
v -30.600000 -2.958712 6.008369
v -31.200000 -2.801757 5.719876
v -31.200000 -2.757768 5.793087
v -31.200000 -2.756277 5.878484
v -31.200000 -2.797685 5.953186
v -31.200000 -2.870896 5.997176
v -31.200000 -2.956293 5.998666
v -31.200000 -3.030995 5.957258
v -31.200000 -3.074984 5.884048
v -31.200000 -3.076475 5.798650
v -31.200000 -3.035067 5.723949
v -31.200000 -2.961856 5.679959
v -31.200000 -2.876459 5.678469
v -31.210000 -2.794811 5.712683
v -31.210000 -2.874040 5.668766
v -31.210000 -2.964613 5.670347
v -31.210000 -3.042261 5.717002
v -31.210000 -3.086178 5.796231
v -31.210000 -3.084597 5.886804
v -31.210000 -3.037941 5.964452
v -31.210000 -2.958712 6.008369
v -31.210000 -2.868140 6.006788
v -31.210000 -2.790492 5.960133
v -31.210000 -2.746574 5.880904
v -31.210000 -2.748155 5.790331
v -30.610000 1.038934 6.529250
v -30.610000 1.113635 6.570657
v -30.610000 1.199033 6.569167
v -30.610000 1.272244 6.525177
v -30.610000 1.313651 6.450476
v -30.610000 1.312161 6.365078
v -30.610000 1.268171 6.291867
v -30.610000 1.193470 6.250460
v -30.610000 1.108072 6.251950
v -30.610000 1.034861 6.295940
v -30.610000 0.993454 6.370641
v -30.610000 0.994944 6.456039
v -30.600000 1.031987 6.536443
v -30.600000 0.985332 6.458795
v -30.600000 0.983751 6.368222
v -30.600000 1.027668 6.288993
v -30.600000 1.105316 6.242338
v -30.600000 1.195889 6.240757
v -30.600000 1.275118 6.284674
v -30.600000 1.321773 6.362322
v -30.600000 1.323354 6.452895
v -30.600000 1.279437 6.532124
v -30.600000 1.201789 6.578779
v -30.600000 1.111216 6.580360
v -31.200000 1.268171 6.291867
v -31.200000 1.312161 6.365078
v -31.200000 1.313651 6.450476
v -31.200000 1.272244 6.525177
v -31.200000 1.199033 6.569167
v -31.200000 1.113635 6.570657
v -31.200000 1.038934 6.529250
v -31.200000 0.994944 6.456039
v -31.200000 0.993454 6.370641
v -31.200000 1.034861 6.295940
v -31.200000 1.108072 6.251950
v -31.200000 1.193470 6.250460
v -31.210000 1.275118 6.284674
v -31.210000 1.195889 6.240757
v -31.210000 1.105316 6.242338
v -31.210000 1.027668 6.288993
v -31.210000 0.983751 6.368222
v -31.210000 0.985332 6.458795
v -31.210000 1.031987 6.536443
v -31.210000 1.111216 6.580360
v -31.210000 1.201789 6.578779
v -31.210000 1.279437 6.532124
v -31.210000 1.323354 6.452895
v -31.210000 1.321773 6.362322
v -30.610000 4.667783 4.599756
v -30.610000 4.742485 4.641164
v -30.610000 4.827882 4.639673
v -30.610000 4.901093 4.595684
v -30.610000 4.942501 4.520982
v -30.610000 4.941010 4.435585
v -30.610000 4.897020 4.362374
v -30.610000 4.822319 4.320966
v -30.610000 4.736922 4.322457
v -30.610000 4.663711 4.366446
v -30.610000 4.622303 4.441148
v -30.610000 4.623794 4.526545
v -30.600000 4.660837 4.606950
v -30.600000 4.614181 4.529302
v -30.600000 4.612600 4.438729
v -30.600000 4.656517 4.359500
v -30.600000 4.734165 4.312844
v -30.600000 4.824738 4.311263
v -30.600000 4.903967 4.355181
v -30.600000 4.950623 4.432829
v -30.600000 4.952204 4.523401
v -30.600000 4.908286 4.602630
v -30.600000 4.830638 4.649286
v -30.600000 4.740065 4.650867
v -31.200000 4.897020 4.362374
v -31.200000 4.941010 4.435585
v -31.200000 4.942501 4.520982
v -31.200000 4.901093 4.595684
v -31.200000 4.827882 4.639673
v -31.200000 4.742485 4.641164
v -31.200000 4.667783 4.599756
v -31.200000 4.623794 4.526545
v -31.200000 4.622303 4.441148
v -31.200000 4.663711 4.366446
v -31.200000 4.736922 4.322457
v -31.200000 4.822319 4.320966
v -31.210000 4.903967 4.355181
v -31.210000 4.824738 4.311263
v -31.210000 4.734165 4.312844
v -31.210000 4.656517 4.359500
v -31.210000 4.612600 4.438729
v -31.210000 4.614181 4.529302
v -31.210000 4.660837 4.606950
v -31.210000 4.740065 4.650867
v -31.210000 4.830638 4.649286
v -31.210000 4.908286 4.602630
v -31.210000 4.952204 4.523401
v -31.210000 4.950623 4.432829
v -30.610000 6.469456 0.905779
v -30.610000 6.544158 0.947187
v -30.610000 6.629555 0.945696
v -30.610000 6.702766 0.901707
v -30.610000 6.744174 0.827005
v -30.610000 6.742683 0.741608
v -30.610000 6.698693 0.668397
v -30.610000 6.623992 0.626989
v -30.610000 6.538595 0.628480
v -30.610000 6.465384 0.672469
v -30.610000 6.423976 0.747171
v -30.610000 6.425467 0.832568
v -30.600000 6.462510 0.912973
v -30.600000 6.415854 0.835325
v -30.600000 6.414273 0.744752
v -30.600000 6.458190 0.665523
v -30.600000 6.535838 0.618867
v -30.600000 6.626411 0.617286
v -30.600000 6.705640 0.661204
v -30.600000 6.752296 0.738852
v -30.600000 6.753876 0.829424
v -30.600000 6.709959 0.908653
v -30.600000 6.632311 0.955309
v -30.600000 6.541738 0.956890
v -31.200000 6.698693 0.668397
v -31.200000 6.742683 0.741608
v -31.200000 6.744174 0.827005
v -31.200000 6.702766 0.901707
v -31.200000 6.629555 0.945696
v -31.200000 6.544158 0.947187
v -31.200000 6.469456 0.905779
v -31.200000 6.425467 0.832568
v -31.200000 6.423976 0.747171
v -31.200000 6.465384 0.672469
v -31.200000 6.538595 0.628480
v -31.200000 6.623992 0.626989
v -31.210000 6.705640 0.661204
v -31.210000 6.626411 0.617286
v -31.210000 6.535838 0.618867
v -31.210000 6.458190 0.665523
v -31.210000 6.414273 0.744752
v -31.210000 6.415854 0.835325
v -31.210000 6.462510 0.912973
v -31.210000 6.541738 0.956890
v -31.210000 6.632311 0.955309
v -31.210000 6.709959 0.908653
v -31.210000 6.753876 0.829424
v -31.210000 6.752296 0.738852
v -30.610000 5.755775 -3.141708
v -30.610000 5.830476 -3.100300
v -30.610000 5.915874 -3.101791
v -30.610000 5.989085 -3.145780
v -30.610000 6.030492 -3.220482
v -30.610000 6.029002 -3.305879
v -30.610000 5.985012 -3.379090
v -30.610000 5.910311 -3.420498
v -30.610000 5.824913 -3.419007
v -30.610000 5.751703 -3.375018
v -30.610000 5.710295 -3.300316
v -30.610000 5.711785 -3.214919
v -30.600000 5.748828 -3.134514
v -30.600000 5.702173 -3.212162
v -30.600000 5.700592 -3.302735
v -30.600000 5.744509 -3.381964
v -30.600000 5.822157 -3.428620
v -30.600000 5.912730 -3.430201
v -30.600000 5.991959 -3.386283
v -30.600000 6.038614 -3.308635
v -30.600000 6.040195 -3.218063
v -30.600000 5.996278 -3.138834
v -30.600000 5.918630 -3.092178
v -30.600000 5.828057 -3.090597
v -31.200000 5.985012 -3.379090
v -31.200000 6.029002 -3.305879
v -31.200000 6.030492 -3.220482
v -31.200000 5.989085 -3.145780
v -31.200000 5.915874 -3.101791
v -31.200000 5.830476 -3.100300
v -31.200000 5.755775 -3.141708
v -31.200000 5.711785 -3.214919
v -31.200000 5.710295 -3.300316
v -31.200000 5.751703 -3.375018
v -31.200000 5.824913 -3.419007
v -31.200000 5.910311 -3.420498
v -31.210000 5.991959 -3.386283
v -31.210000 5.912730 -3.430201
v -31.210000 5.822157 -3.428620
v -31.210000 5.744509 -3.381964
v -31.210000 5.700592 -3.302735
v -31.210000 5.702173 -3.212162
v -31.210000 5.748828 -3.134514
v -31.210000 5.828057 -3.090597
v -31.210000 5.918630 -3.092178
v -31.210000 5.996278 -3.138834
v -31.210000 6.040195 -3.218063
v -31.210000 6.038614 -3.308635
v -30.610000 2.799342 -5.996702
v -30.610000 2.874043 -5.955295
v -30.610000 2.959440 -5.956785
v -30.610000 3.032651 -6.000775
v -30.610000 3.074059 -6.075476
v -30.610000 3.072568 -6.160874
v -30.610000 3.028579 -6.234085
v -30.610000 2.953877 -6.275492
v -30.610000 2.868480 -6.274002
v -30.610000 2.795269 -6.230012
v -30.610000 2.753861 -6.155311
v -30.610000 2.755352 -6.069913
v -30.600000 2.792395 -5.989509
v -30.600000 2.745739 -6.067157
v -30.600000 2.744158 -6.157730
v -30.600000 2.788076 -6.236959
v -30.600000 2.865724 -6.283614
v -30.600000 2.956297 -6.285195
v -30.600000 3.035525 -6.241278
v -30.600000 3.082181 -6.163630
v -30.600000 3.083762 -6.073057
v -30.600000 3.039845 -5.993828
v -30.600000 2.962197 -5.947173
v -30.600000 2.871624 -5.945592
v -31.200000 3.028579 -6.234085
v -31.200000 3.072568 -6.160874
v -31.200000 3.074059 -6.075476
v -31.200000 3.032651 -6.000775
v -31.200000 2.959440 -5.956785
v -31.200000 2.874043 -5.955295
v -31.200000 2.799342 -5.996702
v -31.200000 2.755352 -6.069913
v -31.200000 2.753861 -6.155311
v -31.200000 2.795269 -6.230012
v -31.200000 2.868480 -6.274002
v -31.200000 2.953877 -6.275492
v -31.210000 3.035525 -6.241278
v -31.210000 2.956297 -6.285195
v -31.210000 2.865724 -6.283614
v -31.210000 2.788076 -6.236959
v -31.210000 2.744158 -6.157730
v -31.210000 2.745739 -6.067157
v -31.210000 2.792395 -5.989509
v -31.210000 2.871624 -5.945592
v -31.210000 2.962197 -5.947173
v -31.210000 3.039845 -5.993828
v -31.210000 3.083762 -6.073057
v -31.210000 3.082181 -6.163630
v -30.610000 -1.270587 -6.568694
v -30.610000 -1.195885 -6.527286
v -30.610000 -1.110488 -6.528776
v -30.610000 -1.037277 -6.572766
v -30.610000 -0.995870 -6.647468
v -30.610000 -0.997360 -6.732865
v -30.610000 -1.041350 -6.806076
v -30.610000 -1.116051 -6.847483
v -30.610000 -1.201448 -6.845993
v -30.610000 -1.274659 -6.802003
v -30.610000 -1.316067 -6.727302
v -30.610000 -1.314576 -6.641904
v -30.600000 -1.277534 -6.561500
v -30.600000 -1.324189 -6.639148
v -30.600000 -1.325770 -6.729721
v -30.600000 -1.281853 -6.808950
v -30.600000 -1.204205 -6.855605
v -30.600000 -1.113632 -6.857186
v -30.600000 -1.034403 -6.813269
v -30.600000 -0.987748 -6.735621
v -30.600000 -0.986167 -6.645048
v -30.600000 -1.030084 -6.565819
v -30.600000 -1.107732 -6.519164
v -30.600000 -1.198305 -6.517583
v -31.200000 -1.041350 -6.806076
v -31.200000 -0.997360 -6.732865
v -31.200000 -0.995870 -6.647468
v -31.200000 -1.037277 -6.572766
v -31.200000 -1.110488 -6.528776
v -31.200000 -1.195885 -6.527286
v -31.200000 -1.270587 -6.568694
v -31.200000 -1.314576 -6.641904
v -31.200000 -1.316067 -6.727302
v -31.200000 -1.274659 -6.802003
v -31.200000 -1.201448 -6.845993
v -31.200000 -1.116051 -6.847483
v -31.210000 -1.034403 -6.813269
v -31.210000 -1.113632 -6.857186
v -31.210000 -1.204205 -6.855605
v -31.210000 -1.281853 -6.808950
v -31.210000 -1.325770 -6.729721
v -31.210000 -1.324189 -6.639148
v -31.210000 -1.277534 -6.561500
v -31.210000 -1.198305 -6.517583
v -31.210000 -1.107732 -6.519164
v -31.210000 -1.030084 -6.565819
v -31.210000 -0.986167 -6.645048
v -31.210000 -0.987748 -6.735621
v -31.270000 -6.481698 -1.397858
v -31.270000 -6.359443 -1.330277
v -31.270000 -6.273355 -1.220266
v -31.270000 -6.237148 -1.085349
v -31.270000 -6.256589 -0.947018
v -31.270000 -6.328581 -0.827307
v -31.270000 -6.441658 -0.745287
v -31.270000 -6.577805 -0.714022
v -31.270000 -6.715336 -0.738493
v -31.270000 -5.990892 2.654094
v -31.270000 -5.859582 2.633823
v -31.270000 -5.730178 2.663954
v -31.270000 -5.621329 2.740144
v -31.270000 -5.548720 2.851414
v -31.270000 -5.522814 2.981729
v -31.270000 -5.547346 3.112310
v -31.270000 -5.618779 3.224339
v -31.270000 -5.726819 3.301672
v -31.270000 -5.855898 3.333164
v -31.270000 -3.266344 5.833867
v -31.270000 -3.239376 5.703768
v -31.270000 -3.165861 5.593094
v -31.270000 -3.056393 5.517795
v -31.270000 -2.926748 5.488721
v -31.270000 -2.795608 5.510063
v -31.270000 -2.681872 5.578745
v -31.270000 -2.601929 5.684869
v -31.270000 -2.567301 5.813142
v -31.270000 -2.582976 5.945079
v -31.270000 0.832826 6.550682
v -31.270000 0.803570 6.414089
v -31.270000 0.830065 6.276934
v -31.270000 0.908089 6.161064
v -31.270000 1.025214 6.084937
v -31.270000 1.162782 6.060680
v -31.270000 1.298881 6.092157
v -31.270000 1.411829 6.174353
v -31.270000 1.483636 6.294175
v -30.610000 -4.899436 -4.639200
v -30.610000 -4.824735 -4.597792
v -30.610000 -4.739337 -4.599283
v -30.610000 -4.666127 -4.643273
v -30.610000 -4.624719 -4.717974
v -30.610000 -4.626209 -4.803371
v -30.610000 -4.670199 -4.876582
v -30.610000 -4.744900 -4.917990
v -30.610000 -4.830298 -4.916499
v -30.610000 -4.903509 -4.872510
v -30.610000 -4.944916 -4.797808
v -30.610000 -4.943426 -4.712411
v -30.600000 -4.906383 -4.632007
v -30.600000 -4.953038 -4.709655
v -30.600000 -4.954619 -4.800228
v -30.600000 -4.910702 -4.879456
v -30.600000 -4.833054 -4.926112
v -30.600000 -4.742481 -4.927693
v -30.600000 -4.663252 -4.883776
v -30.600000 -4.616597 -4.806128
v -30.600000 -4.615016 -4.715555
v -30.600000 -4.658933 -4.636326
v -30.600000 -4.736581 -4.589670
v -30.600000 -4.827154 -4.588089
v -31.200000 -4.670199 -4.876582
v -31.200000 -4.626209 -4.803371
v -31.200000 -4.624719 -4.717974
v -31.200000 -4.666127 -4.643273
v -31.200000 -4.739337 -4.599283
v -31.200000 -4.824735 -4.597792
v -31.200000 -4.899436 -4.639200
v -31.200000 -4.943426 -4.712411
v -31.200000 -4.944916 -4.797808
v -31.200000 -4.903509 -4.872510
v -31.200000 -4.830298 -4.916499
v -31.200000 -4.744900 -4.917990
v -31.210000 -4.663252 -4.883776
v -31.210000 -4.742481 -4.927693
v -31.210000 -4.833054 -4.926112
v -31.210000 -4.910702 -4.879456
v -31.210000 -4.954619 -4.800228
v -31.210000 -4.953038 -4.709655
v -31.210000 -4.906383 -4.632007
v -31.210000 -4.827154 -4.588089
v -31.210000 -4.736581 -4.589670
v -31.210000 -4.658933 -4.636326
v -31.210000 -4.615016 -4.715555
v -31.210000 -4.616597 -4.806128
v -31.500000 4.156391 -6.302307
v -31.500000 4.677789 -5.916493
v -31.500000 5.163577 -5.486704
v -31.500000 5.610058 -5.016212
v -31.500000 6.013833 -4.508596
v -31.600000 2.567231 -6.402236
v -31.600000 2.577487 -6.423138
v -31.600000 2.577166 -6.446418
v -31.600000 2.566337 -6.467029
v -31.600000 2.547348 -6.480501
v -31.600000 2.026993 -6.665558
v -31.600000 1.493396 -6.808000
v -31.600000 0.950040 -6.906895
v -31.600000 0.400474 -6.961600
v -31.600000 -0.151715 -6.971756
v -31.600000 -0.702921 -6.937297
v -31.600000 -0.724888 -6.929580
v -31.600000 -0.740978 -6.912753
v -31.600000 -0.747704 -6.890463
v -31.600000 -0.743606 -6.867544
v -31.600000 -0.706537 -6.709996
v -31.600000 -0.727606 -6.549524
v -31.600000 -0.804088 -6.406885
v -31.600000 -0.926089 -6.300532
v -31.600000 -1.077827 -6.244221
v -31.600000 -1.239673 -6.245238
v -31.600000 -1.390691 -6.303451
v -31.600000 -1.511346 -6.411329
v -31.600000 -1.586029 -6.554918
v -31.600000 -1.605080 -6.715642
v -31.600000 -1.609068 -6.738581
v -31.600000 -1.623012 -6.757226
v -31.600000 -1.643887 -6.767536
v -31.600000 -1.667168 -6.767274
v -31.600000 -2.196918 -6.611131
v -31.600000 -2.712333 -6.412728
v -31.600000 -3.210046 -6.173360
v -31.600000 -3.686809 -5.894590
v -31.600000 -4.139509 -5.578238
v -31.600000 -5.181476 -4.532984
v -31.600000 -5.203716 -4.539873
v -31.600000 -5.226664 -4.535943
v -31.600000 -5.245345 -4.522047
v -31.600000 -5.582143 -4.084346
v -31.600000 -5.882504 -3.620881
v -31.600000 -6.144465 -3.134680
v -31.600000 -6.366318 -2.628916
v -31.600000 -6.546612 -2.106891
v -31.600000 -6.775197 -0.648811
v -31.600000 -6.797238 -0.641312
v -31.600000 -6.813494 -0.624644
v -31.600000 -6.820440 -0.602421
v -31.600000 -6.835641 -0.050348
v -31.600000 -6.806220 0.501150
v -31.600000 -6.732369 1.048472
v -31.600000 -6.614571 1.588045
v -31.600000 -6.453594 2.116347
v -31.600000 -5.874877 3.440419
v -31.600000 -5.892170 3.458371
v -31.600000 -5.898648 3.482440
v -31.600000 -5.906999 3.575832
v -31.600000 -5.929798 3.666783
v -31.600000 -5.966489 3.753071
v -31.600000 -6.009291 3.893672
v -31.600000 -5.998421 4.040242
v -31.600000 -3.968018 6.000980
v -31.600000 -3.821158 6.006727
v -31.600000 -3.682136 5.959045
v -31.600000 -3.597181 5.919365
v -31.600000 -3.507082 5.893406
v -31.600000 -3.414038 5.881800
v -31.600000 -3.390209 5.874487
v -31.600000 -3.372872 5.856578
v -31.600000 -2.029409 6.388732
v -31.600000 -1.495812 6.531173
v -31.600000 -0.952456 6.630069
v -31.600000 -0.402890 6.684774
v -31.600000 0.149299 6.694930
v -31.600000 0.700505 6.660471
v -31.600000 0.722472 6.652754
v -31.600000 0.738562 6.635927
v -31.600000 0.745288 6.613637
v -31.600000 2.194503 6.334305
v -31.600000 2.709917 6.135902
v -31.600000 3.207630 5.896534
v -31.600000 3.684393 5.617764
v -31.600000 4.137093 5.301412
v -31.600000 4.562774 4.949543
v -31.600000 4.576009 4.930388
v -31.600000 4.579136 4.907317
v -31.600000 4.571475 4.885331
v -31.600000 5.579728 3.807520
v -31.600000 5.880088 3.344055
v -31.600000 6.142049 2.857854
v -31.600000 6.363902 2.352090
v -31.600000 6.544196 1.830065
v -31.600000 6.681756 1.295189
v -31.600000 6.681205 1.271913
v -31.600000 6.670173 1.251410
v -31.600000 6.651053 1.238125
v -31.600000 6.627989 1.234940
v -31.600000 6.466698 1.221510
v -31.600000 6.320590 1.151884
v -31.600000 6.208567 1.035067
v -31.600000 6.145119 0.886172
v -31.600000 6.138454 0.724460
v -31.600000 6.189435 0.570849
v -31.600000 6.291466 0.445211
v -31.600000 6.431348 0.363798
v -31.600000 6.590988 0.337141
v -31.600000 6.749733 0.368689
v -31.600000 6.772781 0.371985
v -31.600000 6.794823 0.364485
v -31.600000 6.811078 0.347817
v -31.600000 6.818024 0.325595
v -31.600000 6.833225 -0.226478
v -31.600000 6.803804 -0.777976
v -31.600000 6.729953 -1.325298
v -31.600000 6.612155 -1.864872
v -31.600000 6.451178 -2.393173
v -31.600000 6.248074 -2.906753
v -31.600000 6.233947 -2.925259
v -31.600000 6.212970 -2.935362
v -31.600000 6.189693 -2.934871
v -31.600000 6.169162 -2.923891
v -31.600000 6.036827 -2.842308
v -31.600000 5.884629 -2.810624
v -31.600000 5.730732 -2.832620
v -31.600000 5.593503 -2.905671
v -31.600000 5.489321 -3.021059
v -31.600000 5.430620 -3.165011
v -31.600000 5.424405 -3.320348
v -31.600000 5.471418 -3.468530
v -31.600000 5.566049 -3.591872
v -31.600000 5.697003 -3.675653
v -31.600000 5.848651 -3.709873
v -31.600000 5.872462 -3.717245
v -31.600000 5.889754 -3.735197
v -31.600000 5.896232 -3.759267
v -31.600000 5.904583 -3.852659
v -31.600000 5.927382 -3.943609
v -31.600000 5.964073 -4.029897
v -31.600000 6.006875 -4.170498
v -31.600000 5.996005 -4.317068
v -31.600000 5.932932 -4.449818
v -31.600000 5.534587 -4.950606
v -31.600000 5.094111 -5.414771
v -31.600000 4.614857 -5.838779
v -31.600000 4.100472 -6.219404
v -31.600000 3.965602 -6.277806
v -31.600000 3.818742 -6.283554
v -31.600000 3.679720 -6.235871
v -31.600000 3.594765 -6.196191
v -31.600000 3.504666 -6.170232
v -31.600000 3.411622 -6.158626
v -31.600000 3.387793 -6.151313
v -31.600000 3.370456 -6.133404
v -31.600000 3.363920 -6.109350
v -31.600000 3.335012 -5.956600
v -31.600000 3.255853 -5.822802
v -31.600000 3.135888 -5.723925
v -31.600000 2.989437 -5.671768
v -31.600000 2.833978 -5.672558
v -31.600000 2.688065 -5.726200
v -31.600000 2.569112 -5.826292
v -31.600000 2.491316 -5.960888
v -31.600000 2.463963 -6.113924
v -31.600000 2.490316 -6.267135
v -30.600000 -6.010833 3.729970
v -30.600000 -5.954867 3.558576
v -30.600000 -5.957335 3.378294
v -30.600000 -6.017970 3.208496
v -30.600000 -6.306903 2.625902
v -30.600000 -6.539581 2.018647
v -30.600000 -6.713928 1.392147
v -30.600000 -6.828389 0.751994
v -30.600000 -6.881943 0.103896
v -30.600000 -6.874111 -0.546363
v -30.600000 -6.804965 -1.192982
v -30.600000 -6.675120 -1.830194
v -30.600000 -6.485735 -2.452313
v -30.600000 -6.238500 -3.053788
v -30.600000 -5.935620 -3.629255
v -30.600000 -5.579798 -4.173579
v -30.600000 -5.174207 -4.681904
v -30.600000 -4.722466 -5.149695
v -30.600000 -4.228606 -5.572779
v -30.600000 -3.697031 -5.947382
v -30.600000 -3.132485 -6.270160
v -30.600000 -2.540005 -6.538236
v -30.600000 -1.924874 -6.749217
v -30.600000 -1.292583 -6.901221
v -30.600000 -0.648770 -6.992893
v -30.600000 0.000820 -7.023413
v -30.600000 0.650391 -6.992510
v -30.600000 1.294150 -6.900460
v -30.600000 1.926352 -6.748083
v -30.600000 2.541358 -6.536740
v -30.600000 3.133681 -6.268315
v -30.600000 3.305491 -6.213643
v -30.600000 3.485750 -6.217469
v -30.600000 3.655086 -6.279381
v -30.600000 3.811486 -6.333024
v -30.600000 3.976703 -6.326558
v -30.600000 6.044340 -4.329864
v -30.600000 6.056569 -4.164973
v -30.600000 6.008417 -4.006796
v -30.600000 5.952451 -3.835402
v -30.600000 5.954919 -3.655120
v -30.600000 6.015554 -3.485322
v -30.600000 6.304487 -2.902728
v -30.600000 6.537165 -2.295473
v -30.600000 6.711512 -1.668974
v -30.600000 6.825973 -1.028820
v -30.600000 6.879527 -0.380722
v -30.600000 6.871696 0.269537
v -30.600000 6.802549 0.916156
v -30.600000 6.672704 1.553368
v -30.600000 6.483319 2.175486
v -30.600000 6.236084 2.776962
v -30.600000 5.933204 3.352429
v -30.600000 5.577382 3.896753
v -30.600000 5.171791 4.405078
v -30.600000 4.720050 4.872869
v -30.600000 4.226190 5.295953
v -30.600000 3.694615 5.670555
v -30.600000 3.130070 5.993334
v -30.600000 2.537589 6.261410
v -30.600000 1.922459 6.472391
v -30.600000 1.290167 6.624395
v -30.600000 0.646354 6.716066
v -30.600000 -0.003236 6.746587
v -30.600000 -0.652807 6.715684
v -30.600000 -1.296566 6.623633
v -30.600000 -1.928768 6.471257
v -30.600000 -2.543774 6.259914
v -30.600000 -3.136096 5.991489
v -30.600000 -3.307907 5.936817
v -30.600000 -3.488165 5.940642
v -30.600000 -3.657501 6.002555
v -30.600000 -3.813901 6.056198
v -30.600000 -3.979118 6.049732
v -30.600000 -4.130848 5.984029
v -30.600000 -4.648739 5.600810
v -30.600000 -5.131260 5.173911
v -30.600000 -5.574738 4.706583
v -30.600000 -5.975798 4.202381
v -30.600000 -6.046756 4.053037
v -30.600000 -6.058984 3.888147
v -31.500000 -6.055176 3.706869
v -30.650000 -6.055176 3.706869
v -30.650000 -6.101462 3.837014
v -30.650000 -6.110371 3.974856
v -30.650000 -6.081226 4.109877
v -30.650000 -6.016249 4.231770
v -31.500000 -6.081226 4.109877
v -31.500000 -6.110371 3.974856
v -31.500000 -6.101462 3.837014
v -31.200000 -6.061664 3.232802
v -30.650000 -6.061664 3.232802
v -30.650000 -6.006542 3.387164
v -30.650000 -6.004298 3.551057
v -31.500000 -6.024601 3.634962
v -31.500000 -6.005601 3.559170
v -31.500000 -5.998642 3.481344
v -31.270000 -5.998642 3.481344
v -31.223509 -6.001918 3.418450
v -31.206857 -6.007166 3.383764
v -31.200000 -6.015640 3.346482
v -31.200000 -6.027855 3.307372
v -31.200000 -6.043231 3.269394
v -31.200000 3.156447 -6.312831
v -30.650000 3.156447 -6.312831
v -30.650000 2.559822 -6.583205
v -30.650000 1.940350 -6.796084
v -30.650000 1.303557 -6.949567
v -30.650000 0.655123 -7.042285
v -30.650000 0.000834 -7.073413
v -30.650000 -0.653473 -7.042671
v -30.650000 -1.301961 -6.950334
v -30.650000 -1.938844 -6.797226
v -30.650000 -2.558442 -6.584713
v -30.650000 -3.155225 -6.314690
v -30.650000 -3.723871 -5.989567
v -30.650000 -4.259306 -5.612244
v -30.650000 -4.756753 -5.186088
v -30.650000 -5.211774 -4.714899
v -30.650000 -5.620310 -4.202883
v -30.650000 -5.978717 -3.654606
v -30.650000 -6.283796 -3.074960
v -30.650000 -6.532827 -2.469117
v -30.650000 -6.723587 -1.842480
v -30.650000 -6.854375 -1.200641
v -30.650000 -6.924024 -0.549325
v -30.650000 -6.931912 0.105656
v -30.650000 -6.877969 0.758460
v -30.650000 -6.762677 1.403263
v -30.650000 -6.587063 2.034312
v -30.650000 -6.352696 2.645977
v -31.200000 -6.136299 3.094988
v -31.200000 -6.207800 2.955522
v -31.200000 -6.276132 2.814476
v -31.209982 -6.298879 2.765647
v -31.232552 -6.318677 2.722322
v -31.500000 -6.547996 2.149335
v -31.500000 -6.711328 1.613305
v -31.500000 -6.830850 1.065837
v -31.500000 -6.905781 0.510507
v -31.500000 -6.935632 -0.049060
v -31.500000 -6.920209 -0.609210
v -31.270000 -6.920209 -0.609210
v -31.223165 -6.914788 -0.683057
v -31.200000 -6.907655 -0.767071
v -31.200000 -6.883522 -0.991626
v -31.200000 -6.852091 -1.215275
v -31.200000 -6.813393 -1.437783
v -31.223165 -6.797092 -1.520508
v -31.500000 -6.642375 -2.135691
v -31.500000 -6.459443 -2.665353
v -31.500000 -6.234345 -3.178517
v -31.500000 -5.968550 -3.671832
v -31.500000 -5.663796 -4.142077
v -31.223165 -5.274278 -4.642740
v -31.200000 -5.219125 -4.706516
v -31.200000 -5.067612 -4.874000
v -31.200000 -4.910725 -5.036461
v -31.200000 -4.748631 -5.193727
v -31.223165 -4.686818 -5.251072
v -31.500000 -4.200054 -5.657825
v -31.500000 -3.740731 -5.978806
v -31.500000 -3.256993 -6.261655
v -31.500000 -2.751998 -6.504525
v -31.500000 -2.229043 -6.705831
v -31.223165 -1.619634 -6.881923
v -31.200000 -1.537528 -6.901101
v -31.200000 -1.316507 -6.947540
v -31.200000 -1.094090 -6.986758
v -31.200000 -0.870515 -7.018713
v -31.223165 -0.786801 -7.028774
v -31.270000 -0.713188 -7.036769
v -31.500000 -0.713188 -7.036769
v -31.500000 -0.153917 -7.071732
v -31.500000 0.406351 -7.061427
v -31.500000 0.963958 -7.005922
v -31.500000 1.515263 -6.905580
v -31.500000 2.056667 -6.761054
v -31.223165 2.653193 -6.545314
v -31.200000 2.730891 -6.512569
v -31.200000 2.874236 -6.449201
v -31.200000 3.016112 -6.382611
v -31.500000 3.630451 -6.322892
v -30.650000 3.630451 -6.322892
v -30.650000 3.476509 -6.266607
v -30.650000 3.312638 -6.263129
v -31.200000 3.193660 -6.295686
v -31.200000 3.232151 -6.281645
v -31.200000 3.271664 -6.270803
v -31.206857 3.309219 -6.263635
v -31.223509 3.344066 -6.259601
v -31.270000 3.407036 -6.258521
v -31.500000 3.407036 -6.258521
v -31.500000 3.484573 -6.268192
v -31.500000 3.559656 -6.289825
v -30.650000 4.032304 -6.362990
v -30.650000 3.896349 -6.387406
v -30.650000 3.758901 -6.373691
v -31.500000 3.758901 -6.373691
v -31.500000 3.896349 -6.387406
v -31.500000 4.032304 -6.362990
v -31.500000 6.052760 -3.983695
v -30.650000 6.052760 -3.983695
v -30.650000 6.099046 -4.113840
v -30.650000 6.107956 -4.251682
v -30.650000 6.078810 -4.386703
v -31.500000 6.078810 -4.386703
v -31.500000 6.107956 -4.251682
v -31.500000 6.099046 -4.113840
v -31.200000 6.059249 -3.509628
v -30.650000 6.059249 -3.509628
v -30.650000 6.004126 -3.663990
v -30.650000 6.001883 -3.827883
v -31.500000 6.022185 -3.911789
v -31.500000 6.003185 -3.835996
v -31.500000 5.996226 -3.758170
v -31.270000 5.996226 -3.758170
v -31.223509 5.999503 -3.695276
v -31.206857 6.004751 -3.660590
v -31.200000 6.013224 -3.623308
v -31.200000 6.025439 -3.584198
v -31.200000 6.040815 -3.546220
v -31.200000 -3.158863 6.036005
v -30.650000 -3.158863 6.036005
v -30.650000 -2.562238 6.306379
v -30.650000 -1.942766 6.519257
v -30.650000 -1.305973 6.672741
v -30.650000 -0.657539 6.765459
v -30.650000 -0.003250 6.796587
v -30.650000 0.651057 6.765845
v -30.650000 1.299545 6.673508
v -30.650000 1.936429 6.520400
v -30.650000 2.556026 6.307887
v -30.650000 3.152810 6.037864
v -30.650000 3.721455 5.712741
v -30.650000 4.256890 5.335418
v -30.650000 4.754337 4.909262
v -30.650000 5.209358 4.438073
v -30.650000 5.617894 3.926057
v -30.650000 5.976301 3.377780
v -30.650000 6.281380 2.798134
v -30.650000 6.530411 2.192290
v -30.650000 6.721171 1.565654
v -30.650000 6.851959 0.923815
v -30.650000 6.921608 0.272499
v -30.650000 6.929496 -0.382482
v -30.650000 6.875553 -1.035286
v -30.650000 6.760261 -1.680089
v -30.650000 6.584648 -2.311138
v -30.650000 6.350280 -2.922803
v -31.200000 6.133883 -3.371814
v -31.200000 6.205385 -3.232348
v -31.200000 6.273716 -3.091303
v -31.223165 6.309153 -3.014795
v -31.270000 6.339504 -2.947255
v -31.500000 6.339504 -2.947255
v -31.500000 6.545580 -2.426161
v -31.500000 6.708912 -1.890131
v -31.500000 6.828434 -1.342663
v -31.500000 6.903365 -0.787333
v -31.500000 6.933216 -0.227766
v -31.500000 6.917793 0.332384
v -31.270000 6.917793 0.332384
v -31.223165 6.912372 0.406231
v -31.200000 6.905239 0.490245
v -31.200000 6.881107 0.714800
v -31.200000 6.849675 0.938449
v -31.200000 6.810977 1.160957
v -31.223165 6.794676 1.243682
v -31.270000 6.779532 1.316163
v -31.500000 6.779532 1.316163
v -31.500000 6.639959 1.858865
v -31.500000 6.457027 2.388527
v -31.500000 6.231929 2.901691
v -31.500000 5.966135 3.395006
v -31.500000 5.661380 3.865251
v -31.223165 5.271862 4.365914
v -31.200000 5.216709 4.429690
v -31.200000 5.065196 4.597173
v -31.200000 4.908309 4.759635
v -31.200000 4.746215 4.916901
v -31.223165 4.684402 4.974246
v -31.270000 4.629547 5.023983
v -31.500000 4.629547 5.023983
v -31.500000 4.197639 5.380999
v -31.500000 3.738316 5.701980
v -31.500000 3.254577 5.984828
v -31.500000 2.749582 6.227699
v -31.500000 2.226627 6.429005
v -31.223165 1.617218 6.605097
v -31.200000 1.535112 6.624275
v -31.200000 1.314091 6.670714
v -31.200000 1.091674 6.709932
v -31.200000 0.868099 6.741887
v -31.223165 0.784385 6.751947
v -31.270000 0.710772 6.759943
v -31.500000 0.710772 6.759943
v -31.500000 0.151501 6.794905
v -31.500000 -0.408767 6.784601
v -31.500000 -0.966373 6.729096
v -31.500000 -1.517679 6.628753
v -31.500000 -2.059083 6.484228
v -31.223165 -2.655609 6.268488
v -31.200000 -2.733307 6.235743
v -31.200000 -2.876652 6.172375
v -31.200000 -3.018528 6.105785
v -31.500000 -3.632867 6.046066
v -30.650000 -3.632867 6.046066
v -30.650000 -3.478925 5.989781
v -30.650000 -3.315054 5.986303
v -31.200000 -3.196075 6.018860
v -31.200000 -3.234567 6.004819
v -31.200000 -3.274080 5.993976
v -31.206857 -3.311634 5.986809
v -31.223509 -3.346482 5.982775
v -31.270000 -3.409452 5.981695
v -31.500000 -3.409452 5.981695
v -31.500000 -3.486989 5.991366
v -31.500000 -3.562071 6.012999
v -30.650000 -4.158807 6.025481
v -30.650000 -4.034720 6.086164
v -30.650000 -3.898765 6.110580
v -30.650000 -3.761317 6.096865
v -31.500000 -3.761317 6.096865
v -31.500000 -3.898765 6.110580
v -31.500000 -4.034720 6.086164
v -30.650000 -5.612474 4.739386
v -30.650000 -5.165993 5.209878
v -30.650000 -4.680205 5.639667
v -31.210000 -4.903645 -5.029398
v -31.210000 -5.060306 -4.867171
v -31.210000 -5.211601 -4.699929
v -31.210000 -5.140836 -4.689290
v -31.210000 -5.077751 -4.655507
v -31.210000 -0.907281 -6.872985
v -31.210000 -0.900013 -6.944176
v -31.210000 -0.869261 -7.008792
v -31.210000 -1.092514 -6.976883
v -31.210000 -1.314610 -6.937722
v -31.210000 -1.535313 -6.891349
v -31.210000 -1.484316 -6.841147
v -31.210000 -1.453137 -6.776736
v -31.500000 -0.835242 -6.827508
v -31.500000 -1.486052 -6.571001
v -31.500000 -1.414245 -6.451179
v -31.500000 -1.301297 -6.368983
v -31.500000 -1.165198 -6.337506
v -31.500000 -1.027630 -6.361763
v -31.500000 -0.910504 -6.437890
v -31.500000 -0.832480 -6.553760
v -31.500000 -0.805986 -6.690915
v -31.210000 3.212070 -6.166632
v -31.210000 3.234422 -6.217684
v -31.210000 3.269415 -6.261059
v -31.210000 3.229112 -6.272118
v -31.210000 3.189851 -6.286440
v -31.210000 3.151893 -6.303928
v -31.210000 3.011761 -6.373607
v -31.210000 2.870089 -6.440101
v -31.210000 2.726951 -6.503377
v -31.210000 2.738701 -6.432788
v -31.210000 2.726065 -6.362351
v -31.500000 3.263929 -6.110693
v -31.500000 2.580561 -6.221905
v -31.500000 2.564885 -6.089968
v -31.500000 2.599514 -5.961695
v -31.500000 2.679456 -5.855571
v -31.500000 2.793193 -5.786889
v -31.500000 2.924332 -5.765547
v -31.500000 3.053978 -5.794621
v -31.500000 3.163445 -5.869920
v -31.500000 3.236960 -5.980594
v -31.210000 6.264668 -3.087045
v -31.210000 6.196435 -3.227887
v -31.210000 6.125037 -3.367152
v -31.210000 6.050510 -3.504767
v -31.210000 6.031707 -3.542091
v -31.210000 6.016024 -3.580829
v -31.210000 6.003565 -3.620721
v -31.210000 5.961438 -3.584235
v -31.210000 5.911197 -3.560116
v -31.210000 6.123759 -3.081237
v -31.210000 6.193711 -3.096323
v -31.500000 6.102769 -2.998671
v -31.500000 5.853482 -3.609990
v -31.500000 5.724404 -3.578498
v -31.500000 5.616363 -3.501165
v -31.500000 5.544930 -3.389136
v -31.500000 5.520398 -3.258555
v -31.500000 5.546304 -3.128240
v -31.500000 5.618913 -3.016970
v -31.500000 5.727763 -2.940780
v -31.500000 5.857166 -2.910649
v -31.500000 5.988476 -2.930920
v -31.210000 6.683743 1.080957
v -31.210000 6.749203 1.109869
v -31.210000 6.801154 1.159083
v -31.210000 6.839796 0.936896
v -31.210000 6.871183 0.713569
v -31.210000 6.895281 0.489339
v -31.210000 6.831777 0.522326
v -31.210000 6.760883 0.532075
v -31.500000 6.618230 1.135417
v -31.500000 6.712920 0.461667
v -31.500000 6.575389 0.437196
v -31.500000 6.439242 0.468461
v -31.500000 6.326166 0.550481
v -31.500000 6.254173 0.670192
v -31.500000 6.234732 0.808523
v -31.500000 6.270939 0.943440
v -31.500000 6.357027 1.053451
v -31.500000 6.479282 1.121032
v -31.210000 4.690303 4.777394
v -31.210000 4.726267 4.839260
v -31.210000 4.739369 4.909611
v -31.210000 4.901229 4.752572
v -31.210000 5.057890 4.590345
v -31.210000 0.887808 6.526661
v -31.210000 0.904866 6.596159
v -31.210000 0.897597 6.667350
v -31.210000 0.866845 6.731966
v -31.210000 1.090098 6.700057
v -31.210000 1.312194 6.660896
v -31.210000 1.421864 6.300517
v -31.210000 1.346847 6.194371
v -31.210000 1.233001 6.131654
v -31.210000 1.103194 6.124964
v -31.210000 0.983504 6.175647
v -31.210000 0.897974 6.273519
v -31.210000 0.863786 6.398921
v -31.210000 -3.206350 5.834673
v -31.210000 -3.214486 5.889806
v -31.210000 -3.236838 5.940858
v -31.210000 -3.271831 5.984233
v -31.210000 -3.231528 5.995292
v -31.210000 -3.192267 6.009614
v -31.210000 -3.154309 6.027102
v -31.210000 -3.014177 6.096781
v -31.210000 -2.872505 6.163275
v -31.210000 -2.636635 5.915021
v -31.210000 -2.629969 5.793057
v -31.210000 -2.674112 5.679167
v -31.210000 -2.761234 5.593555
v -31.210000 -2.875878 5.551409
v -31.210000 -2.997706 5.560205
v -31.210000 -3.105106 5.618383
v -31.210000 -3.179025 5.715623
v -31.210000 -6.198851 2.951061
v -31.210000 -6.127453 3.090325
v -31.210000 -6.052926 3.227941
v -31.210000 -6.034123 3.265265
v -31.210000 -6.018440 3.304003
v -31.210000 -6.005981 3.343895
v -31.210000 -5.963854 3.307409
v -31.210000 -5.913613 3.283289
v -31.210000 -5.858797 3.273234
v -31.210000 -5.740773 3.241771
v -31.210000 -5.646173 3.164504
v -31.210000 -5.591779 3.055138
v -31.210000 -5.587239 2.933077
v -31.210000 -5.633361 2.819974
v -31.210000 -5.721961 2.735894
v -31.210000 -5.837323 2.695752
v -31.210000 -5.958979 2.706671
v -31.210000 -6.842212 -1.213723
v -31.210000 -6.873598 -0.990395
v -31.210000 -6.897696 -0.766165
v -31.210000 -6.834192 -0.799152
v -31.210000 -6.763299 -0.808901
v -31.210000 -6.693248 -0.794280
v -31.210000 -6.564748 -0.774730
v -31.210000 -6.440615 -0.813274
v -31.210000 -6.345787 -0.902168
v -31.210000 -6.299313 -1.023554
v -31.210000 -6.310528 -1.153048
v -31.210000 -6.377181 -1.264636
v -31.210000 -6.485880 -1.335902
v -31.270000 -0.779087 -7.013619
v -31.270000 -0.827359 -6.963135
v -31.270000 -0.847535 -6.896266
v -31.500000 -0.847535 -6.896266
v -31.500000 -0.827359 -6.963135
v -31.500000 -0.779087 -7.013619
v -31.270000 3.335550 -6.236581
v -31.270000 3.283539 -6.182854
v -31.500000 3.283539 -6.182854
v -31.500000 3.335550 -6.236581
v -31.270000 5.924915 -3.632107
v -31.270000 5.976794 -3.685961
v -31.500000 5.976794 -3.685961
v -31.500000 5.924915 -3.632107
v -31.270000 6.297123 -3.002775
v -31.270000 6.234194 -3.033084
v -31.270000 6.164362 -3.031609
v -31.500000 6.164362 -3.031609
v -31.500000 6.234194 -3.033084
v -31.500000 6.297123 -3.002775
v -31.270000 6.782064 0.471553
v -31.270000 6.848189 0.449055
v -31.270000 6.896957 0.399051
v -31.500000 6.896957 0.399051
v -31.500000 6.848189 0.449055
v -31.500000 6.782064 0.471553
v -31.270000 6.777879 1.246335
v -31.270000 6.744783 1.184826
v -31.270000 6.687421 1.144973
v -31.500000 6.687421 1.144973
v -31.500000 6.744783 1.184826
v -31.500000 6.777879 1.246335
v -31.270000 4.669254 4.966519
v -31.270000 4.678633 4.897304
v -31.270000 4.655651 4.831346
v -31.500000 4.655651 4.831346
v -31.500000 4.678633 4.897304
v -31.500000 4.669254 4.966519
v -31.270000 0.776671 6.736792
v -31.270000 0.824943 6.686309
v -31.270000 0.845119 6.619439
v -31.500000 0.845119 6.619439
v -31.500000 0.824943 6.686309
v -31.500000 0.776671 6.736792
v -31.270000 -3.337966 5.959754
v -31.270000 -3.285954 5.906028
v -31.500000 -3.285954 5.906028
v -31.500000 -3.337966 5.959754
v -31.270000 -5.927331 3.355280
v -31.270000 -5.979209 3.409135
v -31.500000 -5.979209 3.409135
v -31.500000 -5.927331 3.355280
v -31.270000 -6.784480 -0.748379
v -31.270000 -6.850605 -0.725881
v -31.270000 -6.899373 -0.675877
v -31.500000 -6.899373 -0.675877
v -31.500000 -6.850605 -0.725881
v -31.500000 -6.784480 -0.748379
v -31.229856 0.787387 6.748188
v -31.218038 0.860317 6.538672
v -31.240000 0.840192 6.547464
v -31.240000 0.853144 6.619906
v -31.218038 0.875069 6.621180
v -31.240000 0.831886 6.690359
v -31.218038 0.850857 6.701424
v -31.240000 0.781028 6.743548
v -31.218038 0.833569 6.413787
v -31.240000 0.811608 6.414008
v -31.218038 0.857792 6.288387
v -31.240000 0.837494 6.280003
v -31.218038 0.929128 6.182449
v -31.240000 0.913726 6.166794
v -31.218038 1.036214 6.112848
v -31.240000 1.028161 6.092416
v -31.218038 1.161991 6.090670
v -31.240000 1.162570 6.068716
v -31.218038 1.286424 6.119448
v -31.240000 1.295543 6.099470
v -31.218038 1.389691 6.194599
v -31.240000 1.405897 6.179778
v -31.218038 1.455343 6.304151
v -31.240000 1.476055 6.296848
v -31.230150 -3.342332 5.979490
v -31.218038 -3.236347 5.834270
v -31.240000 -3.258307 5.833975
v -31.240000 -3.270238 5.892127
v -31.218038 -3.249937 5.900503
v -31.240000 -3.302783 5.941775
v -31.218038 -3.287004 5.957050
v -31.240000 -3.351349 5.975913
v -31.218038 -3.206196 5.702904
v -31.240000 -3.226086 5.693594
v -31.218038 -3.124630 5.595606
v -31.240000 -3.138922 5.578931
v -31.218038 -3.006119 5.531409
v -31.240000 -3.012278 5.510329
v -31.218038 -2.871688 5.521703
v -31.240000 -2.868621 5.499957
v -31.218038 -2.745184 5.568209
v -31.240000 -2.733436 5.549655
v -31.218038 -2.649051 5.662678
v -31.240000 -2.630704 5.650607
v -31.218038 -2.600341 5.788349
v -31.240000 -2.578652 5.784903
v -31.218038 -2.607697 5.922930
v -31.240000 -2.586512 5.928720
v -31.218038 -5.857348 3.303199
v -31.240000 -5.856287 3.325135
v -31.218038 -5.967893 2.678026
v -31.240000 -5.974419 2.657056
v -31.218038 -5.833652 2.665978
v -31.240000 -5.830964 2.644181
v -31.218038 -5.706357 2.710272
v -31.240000 -5.694933 2.691515
v -31.218038 -5.608591 2.803050
v -31.240000 -5.590457 2.790661
v -31.218038 -5.557698 2.927854
v -31.240000 -5.536072 2.924030
v -31.218038 -5.562706 3.062542
v -31.240000 -5.541424 3.067961
v -31.218038 -5.622728 3.183221
v -31.240000 -5.605565 3.196922
v -31.218038 -5.727115 3.268482
v -31.240000 -5.717116 3.288035
v -31.230150 -5.998781 3.414187
v -31.218038 -5.923067 3.319092
v -31.240000 -5.913987 3.339089
v -31.218038 -5.978286 3.358110
v -31.240000 -5.962469 3.373346
v -31.240000 -5.994891 3.423074
v -31.218038 -6.704292 -0.766386
v -31.240000 -6.712376 -0.745967
v -31.218038 -6.490680 -1.369234
v -31.240000 -6.484105 -1.390188
v -31.218038 -6.378904 -1.307446
v -31.240000 -6.364657 -1.324160
v -31.218038 -6.300195 -1.206865
v -31.240000 -6.280547 -1.216675
v -31.218038 -6.267091 -1.083512
v -31.240000 -6.245171 -1.084857
v -31.218038 -6.284866 -0.957037
v -31.240000 -6.264166 -0.949702
v -31.218038 -6.350688 -0.847588
v -31.240000 -6.334505 -0.832741
v -31.218038 -6.454072 -0.772598
v -31.240000 -6.444984 -0.752605
v -31.218038 -6.578549 -0.744013
v -31.240000 -6.578004 -0.722058
v -31.229856 -6.911135 -0.686188
v -31.218038 -6.787265 -0.778249
v -31.240000 -6.785226 -0.756383
v -31.218038 -6.866615 -0.751252
v -31.240000 -6.854895 -0.732679
v -31.240000 -6.906276 -0.679996
v -31.229856 -5.269482 -4.643126
v -31.218038 -5.115157 -4.644796
v -31.240000 -5.126361 -4.625907
v -31.218038 -5.195221 -4.669595
v -31.240000 -5.196656 -4.647681
v -31.240000 -5.269191 -4.635260
v -31.229856 -0.789802 -7.025014
v -31.240000 -0.855560 -6.896732
v -31.218038 -0.877485 -6.898006
v -31.240000 -0.834302 -6.967185
v -31.218038 -0.853273 -6.978250
v -31.240000 -0.783444 -7.020374
v -31.229856 -1.615528 -6.879416
v -31.218038 -1.489694 -6.790057
v -31.240000 -1.509861 -6.781361
v -31.218038 -1.539891 -6.857181
v -31.240000 -1.553933 -6.840295
v -31.240000 -1.619916 -6.872881
v -31.230150 3.339916 -6.256316
v -31.240000 3.267822 -6.168954
v -31.218038 3.247521 -6.177330
v -31.240000 3.300367 -6.218601
v -31.218038 3.284588 -6.233877
v -31.240000 3.348933 -6.252740
v -31.229856 2.655042 -6.540873
v -31.218038 2.704320 -6.394617
v -31.240000 2.682893 -6.399435
v -31.218038 2.703164 -6.478426
v -31.240000 2.681878 -6.473018
v -31.240000 2.647651 -6.538165
v -31.229856 6.304650 -3.016488
v -31.240000 6.162326 -3.039386
v -31.218038 6.156763 -3.060631
v -31.240000 6.235900 -3.040939
v -31.218038 6.240561 -3.062401
v -31.240000 6.302202 -3.009007
v -31.230150 5.996365 -3.691013
v -31.218038 5.920651 -3.595918
v -31.240000 5.911571 -3.615915
v -31.218038 5.975870 -3.634936
v -31.240000 5.960053 -3.650172
v -31.240000 5.992476 -3.699900
v -31.229856 6.792028 1.239666
v -31.240000 6.690345 1.137485
v -31.218038 6.698332 1.117028
v -31.240000 6.750781 1.179474
v -31.218038 6.767166 1.164851
v -31.240000 6.785650 1.244279
v -31.229856 6.908719 0.409362
v -31.218038 6.784849 0.501423
v -31.240000 6.782810 0.479557
v -31.218038 6.864199 0.474426
v -31.240000 6.852479 0.455853
v -31.240000 6.903860 0.403169
v -31.229856 4.684621 4.969440
v -31.240000 4.662418 4.827006
v -31.218038 4.680904 4.815150
v -31.240000 4.686631 4.896499
v -31.218038 4.708482 4.894300
v -31.240000 4.676749 4.969423
v -31.208591 2.700198 -6.521548
v -31.218001 2.672133 -6.534736
v -31.243361 2.624928 -6.556274
v -31.258356 2.601903 -6.566195
v -31.226512 2.654118 -6.543092
v -31.236298 2.636518 -6.551107
v -31.222074 2.663061 -6.538959
v -31.247018 2.619160 -6.558805
v -31.211175 2.690751 -6.526002
v -31.214345 2.681361 -6.530416
v -31.206656 2.709698 -6.517061
v -31.206707 3.288955 -6.262770
v -31.208705 3.298097 -6.261503
v -31.218268 3.324879 -6.258871
v -31.214582 3.316123 -6.259562
v -31.236659 3.358708 -6.257564
v -31.258538 3.391106 -6.257916
v -31.226830 3.341991 -6.257959
v -31.231608 3.350391 -6.257704
v -31.211368 3.307195 -6.260433
v -31.209959 3.302657 -6.260943
v -31.205444 3.279775 -6.264242
v -31.247337 3.375045 -6.257579
v -31.241916 3.366921 -6.257527
v -31.254763 3.385773 -6.257772
v -31.206653 6.278948 -3.070280
v -31.211172 6.288543 -3.051656
v -31.217999 6.297922 -3.033353
v -31.243360 6.321093 -2.986929
v -31.258355 6.331811 -2.964264
v -31.226510 6.306901 -3.015641
v -31.236297 6.315525 -2.998332
v -31.222072 6.302459 -3.024435
v -31.247017 6.323824 -2.981252
v -31.212690 6.290921 -3.047028
v -31.214343 6.293282 -3.042425
v -31.208589 6.283763 -3.060942
v -31.209803 6.286157 -3.056293
v -31.205430 6.274093 -3.079685
v -31.206709 6.004591 -3.640308
v -31.211370 6.001620 -3.658455
v -31.208707 6.003006 -3.649400
v -31.218270 5.999442 -3.676074
v -31.236660 5.996955 -3.709837
v -31.264253 5.996170 -3.750206
v -31.247338 5.996401 -3.726164
v -31.268563 5.996206 -3.756180
v -31.214584 6.000438 -3.667347
v -31.226831 5.997933 -3.693144
v -31.231610 5.997385 -3.701530
v -31.222369 5.998613 -3.684665
v -31.267125 5.996190 -3.754189
v -31.258539 5.996177 -3.742227
v -31.241917 5.996632 -3.718044
v -31.209961 6.002288 -3.653938
v -31.207621 6.003774 -3.644857
v -31.205446 6.006383 -3.631185
v -31.206653 6.802853 1.181040
v -31.211172 6.799669 1.201747
v -31.217999 6.796498 1.222067
v -31.243360 6.787956 1.273244
v -31.258355 6.783306 1.297881
v -31.226510 6.793352 1.241674
v -31.236297 6.790155 1.260747
v -31.222072 6.794926 1.231949
v -31.247017 6.786829 1.279442
v -31.212690 6.798872 1.206888
v -31.214343 6.798077 1.212000
v -31.208589 6.801260 1.191425
v -31.209803 6.800464 1.196593
v -31.205430 6.804453 1.170577
v -31.206656 6.902963 0.468701
v -31.211175 6.905611 0.447919
v -31.209806 6.904955 0.453092
v -31.218001 6.908164 0.427512
v -31.243361 6.914061 0.375963
v -31.258356 6.916381 0.350998
v -31.226512 6.910545 0.407797
v -31.236298 6.912729 0.388582
v -31.222074 6.909377 0.417580
v -31.247018 6.914686 0.369694
v -31.212692 6.906262 0.442757
v -31.214345 6.906907 0.437624
v -31.208591 6.904295 0.458279
v -31.205432 6.901618 0.479199
v -31.206653 4.727838 4.928373
v -31.211172 4.713091 4.943254
v -31.217999 4.698582 4.957829
v -31.243360 4.661590 4.994212
v -31.258355 4.643347 5.011410
v -31.226510 4.684512 4.971843
v -31.236297 4.670714 4.985394
v -31.222072 4.691502 4.964900
v -31.247017 4.657035 4.998564
v -31.212690 4.709424 4.946946
v -31.214343 4.705776 4.950614
v -31.208589 4.720445 4.935838
v -31.209803 4.716764 4.939552
v -31.205430 4.735282 4.920850
v -31.206656 5.227531 4.410922
v -31.211175 5.241889 4.395665
v -31.209806 5.238317 4.399465
v -31.218001 5.255949 4.380657
v -31.243361 5.291019 4.342419
v -31.258356 5.307571 4.323586
v -31.226512 5.269463 4.366107
v -31.236298 5.282525 4.351845
v -31.222074 5.262768 4.373335
v -31.247018 5.295209 4.337715
v -31.212692 5.245450 4.391873
v -31.214345 5.248989 4.388099
v -31.208591 5.234734 4.403274
v -31.205432 5.220272 4.418625
v -31.206653 0.846488 6.740366
v -31.211172 0.825811 6.743737
v -31.217999 0.805506 6.747001
v -31.243360 0.754193 6.754692
v -31.258355 0.729325 6.757882
v -31.226510 0.785886 6.750068
v -31.236297 0.766758 6.752921
v -31.222072 0.795622 6.748560
v -31.247017 0.747951 6.755535
v -31.212690 0.820675 6.744569
v -31.214343 0.815567 6.745392
v -31.208589 0.836119 6.742061
v -31.209803 0.830958 6.742901
v -31.205430 0.856933 6.738655
v -31.206656 1.554899 6.615452
v -31.211175 1.575482 6.611548
v -31.209806 1.570359 6.612523
v -31.218001 1.595678 6.607671
v -31.243361 1.646527 6.597349
v -31.258356 1.670987 6.591842
v -31.226512 1.615164 6.603843
v -31.236298 1.634114 6.599982
v -31.222074 1.605500 6.605755
v -31.247018 1.652682 6.596006
v -31.212692 1.580592 6.610573
v -31.214345 1.585673 6.609600
v -31.208591 1.565221 6.613498
v -31.205432 1.544499 6.617417
v -31.208590 -2.702614 6.244723
v -31.218000 -2.674548 6.257910
v -31.243360 -2.627344 6.279448
v -31.258356 -2.604318 6.289369
v -31.226511 -2.656534 6.266266
v -31.236297 -2.638934 6.274282
v -31.222073 -2.665477 6.262133
v -31.247018 -2.621575 6.281979
v -31.211174 -2.693167 6.249176
v -31.214344 -2.683776 6.253590
v -31.206655 -2.712114 6.240236
v -31.206707 -3.291371 5.985944
v -31.208705 -3.300513 5.984677
v -31.218268 -3.327295 5.982045
v -31.214582 -3.318538 5.982736
v -31.236659 -3.361124 5.980738
v -31.258538 -3.393521 5.981090
v -31.226830 -3.344407 5.981132
v -31.231608 -3.352807 5.980877
v -31.211368 -3.309611 5.983607
v -31.209959 -3.305073 5.984117
v -31.205444 -3.282191 5.987416
v -31.247337 -3.377461 5.980753
v -31.241916 -3.369337 5.980700
v -31.254763 -3.388189 5.980946
v -31.206654 -6.281363 2.793454
v -31.218000 -6.300337 2.756527
v -31.211173 -6.290959 2.774830
v -31.222073 -6.304874 2.747609
v -31.243360 -6.323508 2.710103
v -31.258356 -6.334227 2.687438
v -31.236297 -6.317941 2.721506
v -31.226511 -6.309317 2.738815
v -31.214343 -6.295698 2.765599
v -31.247017 -6.326239 2.704426
v -31.208590 -6.286178 2.784116
v -31.206709 -6.007007 3.363482
v -31.211370 -6.004036 3.381629
v -31.208707 -6.005422 3.372574
v -31.214584 -6.002853 3.390521
v -31.236660 -5.999371 3.433011
v -31.258539 -5.998593 3.465401
v -31.226831 -6.000349 3.416317
v -31.231610 -5.999801 3.424704
v -31.218270 -6.001858 3.399248
v -31.247338 -5.998817 3.449338
v -31.254764 -5.998635 3.460067
v -31.241917 -5.999047 3.441218
v -31.209961 -6.004704 3.377112
v -31.205446 -6.008799 3.354359
v -31.208589 -6.803675 -1.468251
v -31.217999 -6.798914 -1.498893
v -31.243360 -6.790372 -1.550070
v -31.258355 -6.785722 -1.574707
v -31.226510 -6.795768 -1.518500
v -31.236297 -6.792570 -1.537573
v -31.222072 -6.797342 -1.508775
v -31.247017 -6.789245 -1.556268
v -31.211172 -6.802085 -1.478573
v -31.214343 -6.800493 -1.488827
v -31.206653 -6.805268 -1.457866
v -31.208591 -6.906710 -0.735106
v -31.218001 -6.910580 -0.704338
v -31.243361 -6.916477 -0.652789
v -31.258356 -6.918797 -0.627824
v -31.226512 -6.912961 -0.684624
v -31.236298 -6.915145 -0.665408
v -31.222074 -6.911793 -0.694406
v -31.247018 -6.917101 -0.646521
v -31.211175 -6.908027 -0.724745
v -31.214345 -6.909323 -0.714450
v -31.206656 -6.905379 -0.745527
v -31.206653 -4.730254 -5.205199
v -31.211172 -4.715507 -5.220080
v -31.217999 -4.700998 -5.234656
v -31.243360 -4.664006 -5.271038
v -31.258355 -4.645762 -5.288236
v -31.226510 -4.686927 -5.248669
v -31.236297 -4.673130 -5.262220
v -31.222072 -4.693918 -5.241726
v -31.247017 -4.659451 -5.275390
v -31.212690 -4.711840 -5.223772
v -31.214343 -4.708192 -5.227440
v -31.208589 -4.722861 -5.212665
v -31.209803 -4.719180 -5.216378
v -31.205430 -4.737698 -5.197676
v -31.206656 -5.229947 -4.687749
v -31.211175 -5.244304 -4.672492
v -31.209806 -5.240733 -4.676292
v -31.218001 -5.258365 -4.657483
v -31.243361 -5.293435 -4.619245
v -31.258356 -5.309986 -4.600412
v -31.226512 -5.271879 -4.642933
v -31.236298 -5.284940 -4.628671
v -31.222074 -5.265184 -4.650161
v -31.247018 -5.297625 -4.614541
v -31.212692 -5.247866 -4.668699
v -31.214345 -5.251404 -4.664925
v -31.208591 -5.237150 -4.680100
v -31.205432 -5.222688 -4.695451
v -31.206653 -0.848904 -7.017193
v -31.211172 -0.828227 -7.020563
v -31.217999 -0.807922 -7.023827
v -31.243360 -0.756609 -7.031518
v -31.258355 -0.731741 -7.034708
v -31.226510 -0.788302 -7.026894
v -31.236297 -0.769174 -7.029747
v -31.222072 -0.798038 -7.025386
v -31.247017 -0.750367 -7.032361
v -31.212690 -0.823091 -7.021395
v -31.214343 -0.817983 -7.022218
v -31.208589 -0.838535 -7.018887
v -31.209803 -0.833374 -7.019727
v -31.205430 -0.859349 -7.015481
v -31.206656 -1.557314 -6.892279
v -31.211175 -1.577898 -6.888374
v -31.209806 -1.572774 -6.889349
v -31.218001 -1.598094 -6.884497
v -31.243361 -1.648943 -6.874175
v -31.258356 -1.673403 -6.868668
v -31.226512 -1.617580 -6.880669
v -31.236298 -1.636530 -6.876808
v -31.222074 -1.607915 -6.882582
v -31.247018 -1.655098 -6.872832
v -31.212692 -1.583008 -6.887399
v -31.214345 -1.588089 -6.886426
v -31.208591 -1.567637 -6.890324
v -31.205432 -1.546914 -6.894243
vt -0.070711 -1.293289 0.000000
vt 0.000000 -1.293289 0.000000
vt -0.070711 -0.646644 0.000000
vt 0.000000 -0.646644 0.000000
vt -0.070711 -0.000000 0.000000
vt 0.000000 -0.000000 0.000000
vt -0.070711 0.646644 0.000000
vt 0.000000 0.646644 0.000000
vt -0.070711 1.293289 0.000000
vt 0.000000 1.293289 0.000000
vt 0.031416 -0.965440 0.000000
vt 0.000000 -0.965440 0.000000
vt 0.031416 -1.099014 0.000000
vt 0.000000 -1.099014 0.000000
vt 0.031416 -1.232588 0.000000
vt 0.000000 -1.232588 0.000000
vt 0.031416 -1.366162 0.000000
vt 0.000000 -1.366162 0.000000
vt 0.031416 -1.499736 0.000000
vt 0.000000 -1.499736 0.000000
vt 0.031416 -1.633309 0.000000
vt 0.000000 -1.633309 0.000000
vt 0.031416 -1.766883 0.000000
vt -0.000000 -1.766883 0.000000
vt 0.031416 -1.900457 0.000000
vt -0.000000 -1.900457 0.000000
vt 0.031416 -2.034031 0.000000
vt -0.000000 -2.034031 0.000000
vt 0.031416 -2.167605 0.000000
vt -0.000000 -2.167605 0.000000
vt 0.062832 -2.167605 0.000000
vt 0.062832 -2.034031 0.000000
vt 0.062832 -1.900457 0.000000
vt 0.062832 -1.766883 0.000000
vt 0.062832 -1.633309 0.000000
vt 0.062832 -1.499736 0.000000
vt 0.062832 -1.366162 0.000000
vt 0.062832 -1.232588 0.000000
vt 0.062832 -1.099014 0.000000
vt 0.062832 -0.965440 0.000000
vt 0.094248 -0.965440 0.000000
vt 0.094248 -1.115711 0.000000
vt 0.094248 -1.265982 0.000000
vt 0.094248 -1.416252 0.000000
vt 0.094248 -1.566523 0.000000
vt 0.094248 -1.716793 0.000000
vt 0.094248 -1.867064 0.000000
vt 0.094248 -2.017334 0.000000
vt 0.094248 -2.167605 0.000000
vt 0.094248 0.039777 0.000000
vt 0.094248 -0.017606 0.000000
vt 0.125664 0.039777 0.000000
vt 0.125664 -0.038977 0.000000
vt 0.157080 -0.038977 0.000000
vt 0.157080 -0.117730 0.000000
vt 0.188496 -0.117730 0.000000
vt 0.188496 -0.196483 0.000000
vt 0.157080 -0.196483 0.000000
vt 0.188496 -0.275237 0.000000
vt 0.144518 -0.193618 0.000000
vt 0.125664 -0.117730 0.000000
vt 0.094248 -0.132373 0.000000
vt 0.094248 -0.074990 0.000000
vt 0.188496 -0.038977 0.000000
vt 0.157080 0.039777 0.000000
vt 0.188496 0.039777 0.000000
vt 0.031416 0.914387 0.000000
vt 0.000000 0.914387 0.000000
vt 0.031416 0.780813 0.000000
vt 0.000000 0.780813 0.000000
vt 0.031416 0.647239 0.000000
vt 0.000000 0.647239 0.000000
vt 0.031416 0.513665 0.000000
vt 0.000000 0.513665 0.000000
vt 0.031416 0.380091 0.000000
vt 0.000000 0.380091 0.000000
vt 0.031416 0.246518 0.000000
vt -0.000000 0.246518 0.000000
vt 0.031416 0.112944 0.000000
vt -0.000000 0.112944 0.000000
vt 0.031416 -0.020630 0.000000
vt -0.000000 -0.020630 0.000000
vt 0.031416 -0.154204 0.000000
vt -0.000000 -0.154204 0.000000
vt 0.031416 -0.287778 0.000000
vt -0.000000 -0.287778 0.000000
vt 0.062832 -0.287778 0.000000
vt 0.062832 -0.154204 0.000000
vt 0.062832 -0.020630 0.000000
vt 0.062832 0.112944 0.000000
vt 0.062832 0.246518 0.000000
vt 0.062832 0.380091 0.000000
vt 0.062832 0.513665 0.000000
vt 0.062832 0.647239 0.000000
vt 0.062832 0.780813 0.000000
vt 0.062832 0.914387 0.000000
vt 0.094248 0.914387 0.000000
vt 0.094248 0.764116 0.000000
vt 0.094248 0.613846 0.000000
vt 0.094248 0.463575 0.000000
vt 0.094248 0.313305 0.000000
vt 0.094248 0.163034 0.000000
vt 0.094248 0.012763 0.000000
vt 0.094248 -0.137507 0.000000
vt 0.094248 -0.287778 0.000000
vt 0.000000 0.772995 0.000000
vt 0.000000 0.646031 0.000000
vt 0.031416 0.772995 0.000000
vt 0.031416 0.631924 0.000000
vt 0.062832 0.631924 0.000000
vt 0.062832 0.490852 0.000000
vt 0.094248 0.490852 0.000000
vt 0.094248 0.349781 0.000000
vt 0.062832 0.349781 0.000000
vt 0.094248 0.208710 0.000000
vt 0.062832 0.208710 0.000000
vt 0.094248 0.067638 0.000000
vt 0.062832 0.067638 0.000000
vt 0.094248 -0.073433 0.000000
vt 0.062832 -0.073433 0.000000
vt 0.094248 -0.214505 0.000000
vt 0.062832 -0.214505 0.000000
vt 0.094248 -0.355576 0.000000
vt 0.062832 -0.355576 0.000000
vt 0.094248 -0.496647 0.000000
vt 0.062832 -0.496647 0.000000
vt 0.031416 -0.355576 0.000000
vt 0.031416 -0.496647 0.000000
vt -0.000000 -0.369683 0.000000
vt -0.000000 -0.496647 0.000000
vt 0.000000 0.519067 0.000000
vt 0.031416 0.490852 0.000000
vt 0.000000 0.392102 0.000000
vt 0.031416 0.349781 0.000000
vt -0.000000 0.265138 0.000000
vt 0.031416 0.208710 0.000000
vt -0.000000 0.138174 0.000000
vt 0.031416 0.067638 0.000000
vt -0.000000 0.011210 0.000000
vt 0.031416 -0.073433 0.000000
vt -0.000000 -0.115755 0.000000
vt 0.031416 -0.214505 0.000000
vt -0.000000 -0.242719 0.000000
vt 0.094248 0.631924 0.000000
vt 0.062832 0.772995 0.000000
vt 0.094248 0.772995 0.000000
vt 0.000000 0.496647 0.000000
vt 0.000000 0.369683 0.000000
vt 0.031416 0.496647 0.000000
vt 0.031416 0.355576 0.000000
vt 0.062832 0.355576 0.000000
vt 0.062832 0.214505 0.000000
vt 0.094248 0.214505 0.000000
vt 0.094248 0.073433 0.000000
vt 0.062832 0.073433 0.000000
vt 0.094248 -0.067638 0.000000
vt 0.062832 -0.067638 0.000000
vt 0.094248 -0.208710 0.000000
vt 0.062832 -0.208710 0.000000
vt 0.094248 -0.349781 0.000000
vt 0.062832 -0.349781 0.000000
vt 0.094248 -0.490852 0.000000
vt 0.062832 -0.490852 0.000000
vt 0.094248 -0.631924 0.000000
vt 0.062832 -0.631924 0.000000
vt 0.094248 -0.772995 0.000000
vt 0.062832 -0.772995 0.000000
vt 0.031416 -0.631924 0.000000
vt 0.031416 -0.772995 0.000000
vt -0.000000 -0.646031 0.000000
vt 0.000000 -0.772995 0.000000
vt -0.000000 0.242719 0.000000
vt 0.031416 0.214505 0.000000
vt -0.000000 0.115755 0.000000
vt 0.031416 0.073433 0.000000
vt -0.000000 -0.011210 0.000000
vt 0.031416 -0.067638 0.000000
vt -0.000000 -0.138174 0.000000
vt 0.031416 -0.208710 0.000000
vt -0.000000 -0.265138 0.000000
vt 0.031416 -0.349781 0.000000
vt -0.000000 -0.392102 0.000000
vt 0.031416 -0.490852 0.000000
vt -0.000000 -0.519067 0.000000
vt 0.094248 0.355576 0.000000
vt 0.062832 0.496647 0.000000
vt 0.094248 0.496647 0.000000
vt 0.031416 0.287778 0.000000
vt -0.000000 0.287778 0.000000
vt 0.031416 0.154204 0.000000
vt -0.000000 0.154204 0.000000
vt 0.031416 0.020630 0.000000
vt -0.000000 0.020630 0.000000
vt 0.031416 -0.112944 0.000000
vt -0.000000 -0.112944 0.000000
vt 0.031416 -0.246518 0.000000
vt -0.000000 -0.246518 0.000000
vt 0.031416 -0.380091 0.000000
vt -0.000000 -0.380091 0.000000
vt 0.031416 -0.513665 0.000000
vt -0.000000 -0.513665 0.000000
vt 0.031416 -0.647239 0.000000
vt -0.000000 -0.647239 0.000000
vt 0.031416 -0.780813 0.000000
vt 0.000000 -0.780813 0.000000
vt 0.031416 -0.914387 0.000000
vt 0.000000 -0.914387 0.000000
vt 0.062832 -0.914387 0.000000
vt 0.062832 -0.780813 0.000000
vt 0.062832 -0.647239 0.000000
vt 0.062832 -0.513665 0.000000
vt 0.062832 -0.380091 0.000000
vt 0.062832 -0.246518 0.000000
vt 0.062832 -0.112944 0.000000
vt 0.062832 0.020630 0.000000
vt 0.062832 0.154204 0.000000
vt 0.062832 0.287778 0.000000
vt 0.094248 0.287778 0.000000
vt 0.094248 0.137507 0.000000
vt 0.094248 -0.012763 0.000000
vt 0.094248 -0.163034 0.000000
vt 0.094248 -0.313305 0.000000
vt 0.094248 -0.463575 0.000000
vt 0.094248 -0.613846 0.000000
vt 0.094248 -0.764116 0.000000
vt 0.094248 -0.914387 0.000000
vt 0.031416 0.078908 0.000000
vt -0.000000 0.078908 0.000000
vt 0.031416 -0.054666 0.000000
vt -0.000000 -0.054666 0.000000
vt 0.031416 -0.188240 0.000000
vt -0.000000 -0.188240 0.000000
vt 0.031416 -0.321813 0.000000
vt -0.000000 -0.321813 0.000000
vt 0.031416 -0.455387 0.000000
vt -0.000000 -0.455387 0.000000
vt 0.031416 -0.588961 0.000000
vt -0.000000 -0.588961 0.000000
vt 0.031416 -0.722535 0.000000
vt 0.000000 -0.722535 0.000000
vt 0.031416 -0.856109 0.000000
vt 0.000000 -0.856109 0.000000
vt 0.031416 -0.989682 0.000000
vt 0.000000 -0.989682 0.000000
vt 0.031416 -1.123256 0.000000
vt 0.000000 -1.123256 0.000000
vt 0.062832 -1.123256 0.000000
vt 0.062832 -0.989682 0.000000
vt 0.062832 -0.856109 0.000000
vt 0.062832 -0.722535 0.000000
vt 0.062832 -0.588961 0.000000
vt 0.062832 -0.455387 0.000000
vt 0.062832 -0.321813 0.000000
vt 0.062832 -0.188240 0.000000
vt 0.062832 -0.054666 0.000000
vt 0.062832 0.078908 0.000000
vt 0.094248 0.078908 0.000000
vt 0.094248 -0.071363 0.000000
vt 0.094248 -0.221633 0.000000
vt 0.094248 -0.371904 0.000000
vt 0.094248 -0.522174 0.000000
vt 0.094248 -0.672445 0.000000
vt 0.094248 -0.822715 0.000000
vt 0.094248 -0.972986 0.000000
vt 0.094248 -1.123256 0.000000
vt 0.144518 0.193618 0.000000
vt 0.094248 0.132373 0.000000
vt 0.125664 0.117730 0.000000
vt 0.094248 0.074990 0.000000
vt 0.125664 0.038977 0.000000
vt 0.094248 0.017606 0.000000
vt 0.125664 -0.039777 0.000000
vt 0.094248 -0.039777 0.000000
vt 0.157080 -0.039777 0.000000
vt 0.157080 0.038977 0.000000
vt 0.157080 0.117730 0.000000
vt 0.157080 0.196483 0.000000
vt 0.188496 0.275237 0.000000
vt 0.188496 0.196483 0.000000
vt 0.188496 0.117730 0.000000
vt 0.188496 0.038977 0.000000
vt 0.188496 -0.039777 0.000000
vt 0.144518 0.088328 0.000000
vt 0.094248 0.027083 0.000000
vt 0.125664 0.012440 0.000000
vt 0.094248 -0.030300 0.000000
vt 0.125664 -0.066313 0.000000
vt 0.094248 -0.087683 0.000000
vt 0.125664 -0.145066 0.000000
vt 0.094248 -0.145066 0.000000
vt 0.157080 -0.145066 0.000000
vt 0.157080 -0.066313 0.000000
vt 0.157080 0.012440 0.000000
vt 0.157080 0.091194 0.000000
vt 0.188496 0.169947 0.000000
vt 0.188496 0.091194 0.000000
vt 0.188496 0.012440 0.000000
vt 0.188496 -0.066313 0.000000
vt 0.188496 -0.145066 0.000000
vt -0.188496 0.064658 0.000000
vt -0.222363 -0.000000 0.000000
vt -0.188496 -0.014096 0.000000
vt -0.219911 -0.014096 0.000000
vt -0.188496 -0.092849 0.000000
vt -0.219911 -0.092849 0.000000
vt -0.188496 -0.171603 0.000000
vt -0.219911 -0.171603 0.000000
vt -0.188496 -0.250356 0.000000
vt -0.219911 -0.250356 0.000000
vt -0.251327 -0.171603 0.000000
vt -0.251327 -0.250356 0.000000
vt -0.282743 -0.192973 0.000000
vt -0.282743 -0.250356 0.000000
vt -0.251327 -0.092849 0.000000
vt -0.282743 -0.078206 0.000000
vt -0.282743 -0.135590 0.000000
vt 0.094248 0.135590 0.000000
vt 0.094248 0.078206 0.000000
vt 0.125664 0.092849 0.000000
vt 0.144518 0.016962 0.000000
vt 0.157080 0.014096 0.000000
vt 0.188496 -0.064658 0.000000
vt 0.188496 0.014096 0.000000
vt 0.157080 0.092849 0.000000
vt 0.188496 0.092849 0.000000
vt 0.157080 0.171603 0.000000
vt 0.188496 0.171603 0.000000
vt 0.157080 0.250356 0.000000
vt 0.188496 0.250356 0.000000
vt 0.125664 0.250356 0.000000
vt 0.125664 0.171603 0.000000
vt 0.094248 0.250356 0.000000
vt 0.094248 0.192973 0.000000
vt 0.094248 0.145066 0.000000
vt 0.094248 0.087683 0.000000
vt 0.125664 0.145066 0.000000
vt 0.125664 0.066313 0.000000
vt 0.157080 0.066313 0.000000
vt 0.157080 -0.012440 0.000000
vt 0.188496 -0.012440 0.000000
vt 0.188496 -0.091194 0.000000
vt 0.157080 -0.091194 0.000000
vt 0.188496 -0.169947 0.000000
vt 0.144518 -0.088328 0.000000
vt 0.125664 -0.012440 0.000000
vt 0.094248 -0.027083 0.000000
vt 0.094248 0.030300 0.000000
vt 0.188496 0.066313 0.000000
vt 0.157080 0.145066 0.000000
vt 0.188496 0.145066 0.000000
vt -0.141421 -0.023737 0.000000
vt -0.000000 -0.023737 0.000000
vt -0.141421 0.023259 0.000000
vt -0.000000 0.023259 0.000000
vt -0.141421 0.070256 0.000000
vt 0.000000 0.070256 0.000000
vt -0.141421 0.117252 0.000000
vt -0.000000 0.117252 0.000000
vt -0.141421 0.164248 0.000000
vt 0.000000 0.164248 0.000000
vt -0.000000 0.094948 0.000000
vt -0.141421 0.094948 0.000000
vt 0.000000 -0.049705 0.000000
vt -0.141421 -0.065778 0.000000
vt 0.000000 -0.194359 0.000000
vt -0.141421 -0.226504 0.000000
vt -0.000000 -0.339012 0.000000
vt -0.141421 -0.387230 0.000000
vt -0.000000 -0.483665 0.000000
vt -0.141421 -0.547956 0.000000
vt 0.000000 -0.628319 0.000000
vt -0.141421 -0.708681 0.000000
vt 0.000000 -0.772972 0.000000
vt -0.141421 -0.869407 0.000000
vt -0.000000 -0.917625 0.000000
vt -0.141421 -1.030133 0.000000
vt 0.000000 -1.062278 0.000000
vt -0.141421 -1.190859 0.000000
vt 0.000000 -1.206932 0.000000
vt -0.141421 -1.351585 0.000000
vt -0.000000 -1.351585 0.000000
vt -0.141421 -0.086569 0.000000
vt -0.000000 -0.086569 0.000000
vt -0.141421 -0.039572 0.000000
vt -0.000000 -0.039572 0.000000
vt -0.141421 0.007424 0.000000
vt -0.000000 0.007424 0.000000
vt -0.141421 0.054420 0.000000
vt -0.000000 0.054420 0.000000
vt -0.141421 0.101416 0.000000
vt 0.000000 0.101416 0.000000
vt 0.141421 0.346275 0.000000
vt -0.000000 0.346275 0.000000
vt 0.141421 0.201622 0.000000
vt 0.000000 0.185549 0.000000
vt 0.141421 0.056969 0.000000
vt 0.000000 0.024823 0.000000
vt 0.141421 -0.087685 0.000000
vt -0.000000 -0.135902 0.000000
vt 0.141421 -0.232338 0.000000
vt -0.000000 -0.296628 0.000000
vt 0.141421 -0.376991 0.000000
vt -0.000000 -0.457354 0.000000
vt 0.141421 -0.521644 0.000000
vt 0.000000 -0.618080 0.000000
vt 0.141421 -0.666298 0.000000
vt 0.000000 -0.778806 0.000000
vt 0.141421 -0.810951 0.000000
vt -0.000000 -0.939532 0.000000
vt 0.141421 -0.955604 0.000000
vt 0.000000 -1.100257 0.000000
vt 0.141421 -1.100257 0.000000
vt -0.141421 -0.149401 0.000000
vt 0.000000 -0.149401 0.000000
vt -0.141421 -0.102404 0.000000
vt 0.000000 -0.102404 0.000000
vt -0.141421 -0.055408 0.000000
vt 0.000000 -0.055408 0.000000
vt -0.141421 -0.008412 0.000000
vt 0.000000 -0.008412 0.000000
vt -0.141421 0.038585 0.000000
vt 0.000000 0.038585 0.000000
vt 0.141421 0.597603 0.000000
vt 0.000000 0.597603 0.000000
vt 0.141421 0.458718 0.000000
vt -0.000000 0.444830 0.000000
vt 0.141421 0.319834 0.000000
vt -0.000000 0.292057 0.000000
vt 0.141421 0.180950 0.000000
vt 0.000000 0.139284 0.000000
vt 0.141421 0.042065 0.000000
vt 0.000000 -0.013488 0.000000
vt 0.141421 -0.096819 0.000000
vt 0.000000 -0.166261 0.000000
vt 0.141421 -0.235703 0.000000
vt 0.000000 -0.319034 0.000000
vt 0.141421 -0.374587 0.000000
vt 0.000000 -0.471806 0.000000
vt 0.141421 -0.513472 0.000000
vt -0.000000 -0.624579 0.000000
vt 0.141421 -0.652356 0.000000
vt -0.000000 -0.777352 0.000000
vt 0.141421 -0.791240 0.000000
vt -0.000000 -0.930125 0.000000
vt 0.141421 -0.930125 0.000000
vt -0.141421 -0.164248 0.000000
vt -0.000000 -0.164248 0.000000
vt -0.141421 -0.117252 0.000000
vt 0.000000 -0.117252 0.000000
vt -0.141421 -0.070256 0.000000
vt -0.000000 -0.070256 0.000000
vt -0.141421 -0.023259 0.000000
vt 0.000000 -0.023259 0.000000
vt -0.141421 0.023737 0.000000
vt -0.000000 0.023737 0.000000
vt 0.141421 -1.161689 0.000000
vt -0.000000 -1.161689 0.000000
vt 0.141421 -1.306343 0.000000
vt -0.000000 -1.322415 0.000000
vt 0.141421 -1.450996 0.000000
vt -0.000000 -1.483141 0.000000
vt 0.141421 -1.595649 0.000000
vt 0.000000 -1.643867 0.000000
vt 0.141421 -1.740302 0.000000
vt -0.000000 -1.804593 0.000000
vt 0.141421 -1.884956 0.000000
vt -0.000000 -1.965319 0.000000
vt 0.141421 -2.029609 0.000000
vt -0.000000 -2.126044 0.000000
vt 0.141421 -2.174262 0.000000
vt 0.000000 -2.286770 0.000000
vt 0.141421 -2.318915 0.000000
vt 0.000000 -2.447496 0.000000
vt 0.141421 -2.463569 0.000000
vt -0.000000 -2.608222 0.000000
vt 0.141421 -2.608222 0.000000
vt -0.000000 -1.288926 0.000000
vt 0.141421 -1.288926 0.000000
vt 0.000000 -0.644463 0.000000
vt 0.141421 -0.644463 0.000000
vt -0.000000 0.000000 0.000000
vt 0.141421 0.000000 0.000000
vt -0.000000 0.644463 0.000000
vt 0.141421 0.644463 0.000000
vt -0.000000 1.288926 0.000000
vt 0.141421 1.288926 0.000000
vt -0.141421 -0.101416 0.000000
vt 0.000000 -0.101416 0.000000
vt -0.141421 -0.054420 0.000000
vt -0.000000 -0.054420 0.000000
vt -0.141421 -0.007424 0.000000
vt 0.000000 -0.007424 0.000000
vt -0.141421 0.039572 0.000000
vt -0.000000 0.039572 0.000000
vt -0.141421 0.086569 0.000000
vt 0.000000 0.086569 0.000000
vt 0.141421 1.100257 0.000000
vt 0.000000 1.100257 0.000000
vt 0.141421 0.955604 0.000000
vt -0.000000 0.939532 0.000000
vt 0.141421 0.810951 0.000000
vt -0.000000 0.778806 0.000000
vt 0.141421 0.666298 0.000000
vt 0.000000 0.618080 0.000000
vt 0.141421 0.521644 0.000000
vt -0.000000 0.457354 0.000000
vt 0.141421 0.376991 0.000000
vt -0.000000 0.296628 0.000000
vt 0.141421 0.232338 0.000000
vt 0.000000 0.135902 0.000000
vt 0.141421 0.087685 0.000000
vt -0.000000 -0.024823 0.000000
vt 0.141421 -0.056969 0.000000
vt -0.000000 -0.185549 0.000000
vt 0.141421 -0.201622 0.000000
vt 0.000000 -0.346275 0.000000
vt 0.141421 -0.346275 0.000000
vt 0.141421 0.930125 0.000000
vt 0.000000 0.930125 0.000000
vt 0.141421 0.791240 0.000000
vt -0.000000 0.777352 0.000000
vt 0.141421 0.652356 0.000000
vt 0.000000 0.624579 0.000000
vt 0.141421 0.513472 0.000000
vt -0.000000 0.471806 0.000000
vt 0.141421 0.374587 0.000000
vt -0.000000 0.319034 0.000000
vt 0.141421 0.235703 0.000000
vt -0.000000 0.166261 0.000000
vt 0.141421 0.096819 0.000000
vt -0.000000 0.013488 0.000000
vt 0.141421 -0.042065 0.000000
vt 0.000000 -0.139284 0.000000
vt 0.141421 -0.180950 0.000000
vt -0.000000 -0.292057 0.000000
vt 0.141421 -0.319834 0.000000
vt 0.000000 -0.444830 0.000000
vt 0.141421 -0.458718 0.000000
vt -0.000000 -0.597603 0.000000
vt 0.141421 -0.597603 0.000000
vt -0.141421 -0.038585 0.000000
vt -0.000000 -0.038585 0.000000
vt -0.141421 0.008412 0.000000
vt -0.000000 0.008412 0.000000
vt -0.141421 0.055408 0.000000
vt -0.000000 0.055408 0.000000
vt -0.141421 0.102404 0.000000
vt -0.000000 0.102404 0.000000
vt -0.141421 0.149401 0.000000
vt 0.000000 0.149401 0.000000
vt -0.330000 -0.035605 0.000000
vt -0.100000 -0.035605 0.000000
vt -0.330000 0.034889 0.000000
vt -0.100000 0.034889 0.000000
vt -0.330000 0.105384 0.000000
vt -0.100000 0.105384 0.000000
vt -0.330000 0.175878 0.000000
vt -0.100000 0.175878 0.000000
vt -0.330000 0.246373 0.000000
vt -0.100000 0.246373 0.000000
vt -0.330000 -0.129853 0.000000
vt -0.100000 -0.129853 0.000000
vt -0.330000 -0.059359 0.000000
vt -0.100000 -0.059359 0.000000
vt -0.330000 0.011136 0.000000
vt -0.100000 0.011136 0.000000
vt -0.330000 0.081630 0.000000
vt -0.100000 0.081630 0.000000
vt -0.330000 0.152125 0.000000
vt -0.100000 0.152125 0.000000
vt -0.330000 -0.224101 0.000000
vt -0.100000 -0.224101 0.000000
vt -0.330000 -0.153606 0.000000
vt -0.100000 -0.153606 0.000000
vt -0.330000 -0.083112 0.000000
vt -0.100000 -0.083112 0.000000
vt -0.330000 -0.012618 0.000000
vt -0.100000 -0.012618 0.000000
vt -0.330000 0.057877 0.000000
vt -0.100000 0.057877 0.000000
vt 0.100000 -0.224101 0.000000
vt 0.330000 -0.224101 0.000000
vt 0.100000 -0.153606 0.000000
vt 0.330000 -0.153606 0.000000
vt 0.100000 -0.083112 0.000000
vt 0.330000 -0.083112 0.000000
vt 0.100000 -0.012618 0.000000
vt 0.330000 -0.012618 0.000000
vt 0.100000 0.057877 0.000000
vt 0.330000 0.057877 0.000000
vt 0.100000 -0.129853 0.000000
vt 0.330000 -0.129853 0.000000
vt 0.100000 -0.059359 0.000000
vt 0.330000 -0.059359 0.000000
vt 0.100000 0.011136 0.000000
vt 0.330000 0.011136 0.000000
vt 0.100000 0.081630 0.000000
vt 0.330000 0.081630 0.000000
vt 0.100000 0.152125 0.000000
vt 0.330000 0.152125 0.000000
vt 0.100000 -0.035605 0.000000
vt 0.330000 -0.035605 0.000000
vt 0.100000 0.034889 0.000000
vt 0.330000 0.034889 0.000000
vt 0.100000 0.105384 0.000000
vt 0.330000 0.105384 0.000000
vt 0.100000 0.175878 0.000000
vt 0.330000 0.175878 0.000000
vt 0.100000 0.246373 0.000000
vt 0.330000 0.246373 0.000000
vt -0.014142 -0.089012 0.000000
vt -0.000000 -0.089012 0.000000
vt -0.014142 0.000000 0.000000
vt 0.000000 0.000000 0.000000
vt -0.014142 0.089012 0.000000
vt -0.000000 0.089012 0.000000
vt -0.014142 0.178024 0.000000
vt 0.000000 0.178024 0.000000
vt -0.014142 0.267035 0.000000
vt -0.000000 0.267035 0.000000
vt -0.014142 0.356047 0.000000
vt 0.000000 0.356047 0.000000
vt -0.014142 0.445059 0.000000
vt -0.000000 0.445059 0.000000
vt -0.014142 0.534071 0.000000
vt -0.000000 0.534071 0.000000
vt -0.014142 -0.534071 0.000000
vt -0.000000 -0.534071 0.000000
vt -0.014142 -0.445059 0.000000
vt -0.000000 -0.445059 0.000000
vt -0.014142 -0.356047 0.000000
vt 0.000000 -0.356047 0.000000
vt -0.014142 -0.267035 0.000000
vt -0.000000 -0.267035 0.000000
vt -0.014142 -0.178024 0.000000
vt 0.000000 -0.178024 0.000000
vt -0.000000 -0.089012 0.000000
vt 0.014142 -0.089012 0.000000
vt -0.000000 0.000000 0.000000
vt 0.014142 0.000000 0.000000
vt -0.000000 0.089012 0.000000
vt 0.014142 0.089012 0.000000
vt -0.000000 0.178024 0.000000
vt 0.014142 0.178024 0.000000
vt -0.000000 0.267035 0.000000
vt 0.014142 0.267035 0.000000
vt -0.000000 0.356047 0.000000
vt 0.014142 0.356047 0.000000
vt -0.000000 0.445059 0.000000
vt 0.014142 0.445059 0.000000
vt 0.000000 0.534071 0.000000
vt 0.014142 0.534071 0.000000
vt 0.000000 -0.534071 0.000000
vt 0.014142 -0.534071 0.000000
vt -0.000000 -0.445059 0.000000
vt 0.014142 -0.445059 0.000000
vt -0.000000 -0.356047 0.000000
vt 0.014142 -0.356047 0.000000
vt 0.000000 -0.267035 0.000000
vt 0.014142 -0.267035 0.000000
vt -0.000000 -0.178024 0.000000
vt 0.014142 -0.178024 0.000000
vt -0.014142 -0.089012 0.000000
vt -0.000000 -0.089012 0.000000
vt -0.014142 0.000000 0.000000
vt 0.000000 0.000000 0.000000
vt -0.014142 0.089012 0.000000
vt -0.000000 0.089012 0.000000
vt -0.014142 0.178024 0.000000
vt 0.000000 0.178024 0.000000
vt -0.014142 0.267035 0.000000
vt -0.000000 0.267035 0.000000
vt -0.014142 0.356047 0.000000
vt 0.000000 0.356047 0.000000
vt -0.014142 0.445059 0.000000
vt -0.000000 0.445059 0.000000
vt -0.014142 0.534071 0.000000
vt -0.000000 0.534071 0.000000
vt -0.014142 -0.534071 0.000000
vt -0.000000 -0.534071 0.000000
vt -0.014142 -0.445059 0.000000
vt -0.000000 -0.445059 0.000000
vt -0.014142 -0.356047 0.000000
vt 0.000000 -0.356047 0.000000
vt -0.014142 -0.267035 0.000000
vt -0.000000 -0.267035 0.000000
vt -0.014142 -0.178024 0.000000
vt 0.000000 -0.178024 0.000000
vt -0.000000 -0.089012 0.000000
vt 0.014142 -0.089012 0.000000
vt -0.000000 0.000000 0.000000
vt 0.014142 0.000000 0.000000
vt -0.000000 0.089012 0.000000
vt 0.014142 0.089012 0.000000
vt -0.000000 0.178024 0.000000
vt 0.014142 0.178024 0.000000
vt -0.000000 0.267035 0.000000
vt 0.014142 0.267035 0.000000
vt -0.000000 0.356047 0.000000
vt 0.014142 0.356047 0.000000
vt -0.000000 0.445059 0.000000
vt 0.014142 0.445059 0.000000
vt 0.000000 0.534071 0.000000
vt 0.014142 0.534071 0.000000
vt 0.000000 -0.534071 0.000000
vt 0.014142 -0.534071 0.000000
vt -0.000000 -0.445059 0.000000
vt 0.014142 -0.445059 0.000000
vt 0.000000 -0.356047 0.000000
vt 0.014142 -0.356047 0.000000
vt 0.000000 -0.267035 0.000000
vt 0.014142 -0.267035 0.000000
vt -0.000000 -0.178024 0.000000
vt 0.014142 -0.178024 0.000000
vt -0.014142 -0.089012 0.000000
vt 0.000000 -0.089012 0.000000
vt -0.014142 0.000000 0.000000
vt 0.000000 -0.000000 0.000000
vt -0.014142 0.089012 0.000000
vt 0.000000 0.089012 0.000000
vt -0.014142 0.178024 0.000000
vt -0.000000 0.178024 0.000000
vt -0.014142 0.267035 0.000000
vt -0.000000 0.267035 0.000000
vt -0.014142 0.356047 0.000000
vt -0.000000 0.356047 0.000000
vt -0.014142 0.445059 0.000000
vt 0.000000 0.445059 0.000000
vt -0.014142 0.534071 0.000000
vt -0.000000 0.534071 0.000000
vt -0.014142 -0.534071 0.000000
vt -0.000000 -0.534071 0.000000
vt -0.014142 -0.445059 0.000000
vt 0.000000 -0.445059 0.000000
vt -0.014142 -0.356047 0.000000
vt -0.000000 -0.356047 0.000000
vt -0.014142 -0.267035 0.000000
vt -0.000000 -0.267035 0.000000
vt -0.014142 -0.178024 0.000000
vt -0.000000 -0.178024 0.000000
vt -0.000000 -0.089012 0.000000
vt 0.014142 -0.089012 0.000000
vt -0.000000 0.000000 0.000000
vt 0.014142 0.000000 0.000000
vt -0.000000 0.089012 0.000000
vt 0.014142 0.089012 0.000000
vt -0.000000 0.178024 0.000000
vt 0.014142 0.178024 0.000000
vt 0.000000 0.267035 0.000000
vt 0.014142 0.267035 0.000000
vt -0.000000 0.356047 0.000000
vt 0.014142 0.356047 0.000000
vt 0.000000 0.445059 0.000000
vt 0.014142 0.445059 0.000000
vt 0.000000 0.534071 0.000000
vt 0.014142 0.534071 0.000000
vt 0.000000 -0.534071 0.000000
vt 0.014142 -0.534071 0.000000
vt -0.000000 -0.445059 0.000000
vt 0.014142 -0.445059 0.000000
vt -0.000000 -0.356047 0.000000
vt 0.014142 -0.356047 0.000000
vt 0.000000 -0.267035 0.000000
vt 0.014142 -0.267035 0.000000
vt -0.000000 -0.178024 0.000000
vt 0.014142 -0.178024 0.000000
vt -0.014142 -0.089012 0.000000
vt 0.000000 -0.089012 0.000000
vt -0.014142 0.000000 0.000000
vt 0.000000 0.000000 0.000000
vt -0.014142 0.089012 0.000000
vt 0.000000 0.089012 0.000000
vt -0.014142 0.178024 0.000000
vt -0.000000 0.178024 0.000000
vt -0.014142 0.267035 0.000000
vt -0.000000 0.267035 0.000000
vt -0.014142 0.356047 0.000000
vt -0.000000 0.356047 0.000000
vt -0.014142 0.445059 0.000000
vt 0.000000 0.445059 0.000000
vt -0.014142 0.534071 0.000000
vt -0.000000 0.534071 0.000000
vt -0.014142 -0.534071 0.000000
vt -0.000000 -0.534071 0.000000
vt -0.014142 -0.445059 0.000000
vt 0.000000 -0.445059 0.000000
vt -0.014142 -0.356047 0.000000
vt -0.000000 -0.356047 0.000000
vt -0.014142 -0.267035 0.000000
vt -0.000000 -0.267035 0.000000
vt -0.014142 -0.178024 0.000000
vt -0.000000 -0.178024 0.000000
vt -0.000000 -0.089012 0.000000
vt 0.014142 -0.089012 0.000000
vt -0.000000 0.000000 0.000000
vt 0.014142 0.000000 0.000000
vt -0.000000 0.089012 0.000000
vt 0.014142 0.089012 0.000000
vt -0.000000 0.178024 0.000000
vt 0.014142 0.178024 0.000000
vt 0.000000 0.267035 0.000000
vt 0.014142 0.267035 0.000000
vt -0.000000 0.356047 0.000000
vt 0.014142 0.356047 0.000000
vt -0.000000 0.445059 0.000000
vt 0.014142 0.445059 0.000000
vt 0.000000 0.534071 0.000000
vt 0.014142 0.534071 0.000000
vt 0.000000 -0.534071 0.000000
vt 0.014142 -0.534071 0.000000
vt -0.000000 -0.445059 0.000000
vt 0.014142 -0.445059 0.000000
vt -0.000000 -0.356047 0.000000
vt 0.014142 -0.356047 0.000000
vt 0.000000 -0.267035 0.000000
vt 0.014142 -0.267035 0.000000
vt -0.000000 -0.178024 0.000000
vt 0.014142 -0.178024 0.000000
vt -0.014142 -0.089012 0.000000
vt 0.000000 -0.089012 0.000000
vt -0.014142 0.000000 0.000000
vt 0.000000 0.000000 0.000000
vt -0.014142 0.089012 0.000000
vt 0.000000 0.089012 0.000000
vt -0.014142 0.178024 0.000000
vt 0.000000 0.178024 0.000000
vt -0.014142 0.267035 0.000000
vt -0.000000 0.267035 0.000000
vt -0.014142 0.356047 0.000000
vt 0.000000 0.356047 0.000000
vt -0.014142 0.445059 0.000000
vt 0.000000 0.445059 0.000000
vt -0.014142 0.534071 0.000000
vt -0.000000 0.534071 0.000000
vt -0.014142 -0.534071 0.000000
vt -0.000000 -0.534071 0.000000
vt -0.014142 -0.445059 0.000000
vt 0.000000 -0.445059 0.000000
vt -0.014142 -0.356047 0.000000
vt 0.000000 -0.356047 0.000000
vt -0.014142 -0.267035 0.000000
vt -0.000000 -0.267035 0.000000
vt -0.014142 -0.178024 0.000000
vt 0.000000 -0.178024 0.000000
vt -0.000000 -0.089012 0.000000
vt 0.014142 -0.089012 0.000000
vt -0.000000 -0.000000 0.000000
vt 0.014142 -0.000000 0.000000
vt -0.000000 0.089012 0.000000
vt 0.014142 0.089012 0.000000
vt -0.000000 0.178024 0.000000
vt 0.014142 0.178024 0.000000
vt 0.000000 0.267035 0.000000
vt 0.014142 0.267035 0.000000
vt -0.000000 0.356047 0.000000
vt 0.014142 0.356047 0.000000
vt -0.000000 0.445059 0.000000
vt 0.014142 0.445059 0.000000
vt 0.000000 0.534071 0.000000
vt 0.014142 0.534071 0.000000
vt 0.000000 -0.534071 0.000000
vt 0.014142 -0.534071 0.000000
vt -0.000000 -0.445059 0.000000
vt 0.014142 -0.445059 0.000000
vt -0.000000 -0.356047 0.000000
vt 0.014142 -0.356047 0.000000
vt 0.000000 -0.267035 0.000000
vt 0.014142 -0.267035 0.000000
vt -0.000000 -0.178024 0.000000
vt 0.014142 -0.178024 0.000000
vt -0.014142 -0.089012 0.000000
vt -0.000000 -0.089012 0.000000
vt -0.014142 -0.000000 0.000000
vt 0.000000 0.000000 0.000000
vt -0.014142 0.089012 0.000000
vt -0.000000 0.089012 0.000000
vt -0.014142 0.178024 0.000000
vt 0.000000 0.178024 0.000000
vt -0.014142 0.267035 0.000000
vt -0.000000 0.267035 0.000000
vt -0.014142 0.356047 0.000000
vt 0.000000 0.356047 0.000000
vt -0.014142 0.445059 0.000000
vt -0.000000 0.445059 0.000000
vt -0.014142 0.534071 0.000000
vt -0.000000 0.534071 0.000000
vt -0.014142 -0.534071 0.000000
vt -0.000000 -0.534071 0.000000
vt -0.014142 -0.445059 0.000000
vt 0.000000 -0.445059 0.000000
vt -0.014142 -0.356047 0.000000
vt 0.000000 -0.356047 0.000000
vt -0.014142 -0.267035 0.000000
vt -0.000000 -0.267035 0.000000
vt -0.014142 -0.178024 0.000000
vt 0.000000 -0.178024 0.000000
vt -0.000000 -0.089012 0.000000
vt 0.014142 -0.089012 0.000000
vt 0.000000 0.000000 0.000000
vt 0.014142 0.000000 0.000000
vt -0.000000 0.089012 0.000000
vt 0.014142 0.089012 0.000000
vt -0.000000 0.178024 0.000000
vt 0.014142 0.178024 0.000000
vt -0.000000 0.267035 0.000000
vt 0.014142 0.267035 0.000000
vt -0.000000 0.356047 0.000000
vt 0.014142 0.356047 0.000000
vt -0.000000 0.445059 0.000000
vt 0.014142 0.445059 0.000000
vt 0.000000 0.534071 0.000000
vt 0.014142 0.534071 0.000000
vt 0.000000 -0.534071 0.000000
vt 0.014142 -0.534071 0.000000
vt -0.000000 -0.445059 0.000000
vt 0.014142 -0.445059 0.000000
vt -0.000000 -0.356047 0.000000
vt 0.014142 -0.356047 0.000000
vt 0.000000 -0.267035 0.000000
vt 0.014142 -0.267035 0.000000
vt -0.000000 -0.178024 0.000000
vt 0.014142 -0.178024 0.000000
vt -0.014142 -0.089012 0.000000
vt -0.000000 -0.089012 0.000000
vt -0.014142 0.000000 0.000000
vt 0.000000 0.000000 0.000000
vt -0.014142 0.089012 0.000000
vt -0.000000 0.089012 0.000000
vt -0.014142 0.178024 0.000000
vt 0.000000 0.178024 0.000000
vt -0.014142 0.267035 0.000000
vt -0.000000 0.267035 0.000000
vt -0.014142 0.356047 0.000000
vt 0.000000 0.356047 0.000000
vt -0.014142 0.445059 0.000000
vt -0.000000 0.445059 0.000000
vt -0.014142 0.534071 0.000000
vt -0.000000 0.534071 0.000000
vt -0.014142 -0.534071 0.000000
vt -0.000000 -0.534071 0.000000
vt -0.014142 -0.445059 0.000000
vt -0.000000 -0.445059 0.000000
vt -0.014142 -0.356047 0.000000
vt 0.000000 -0.356047 0.000000
vt -0.014142 -0.267035 0.000000
vt -0.000000 -0.267035 0.000000
vt -0.014142 -0.178024 0.000000
vt 0.000000 -0.178024 0.000000
vt -0.000000 -0.089012 0.000000
vt 0.014142 -0.089012 0.000000
vt 0.000000 0.000000 0.000000
vt 0.014142 -0.000000 0.000000
vt -0.000000 0.089012 0.000000
vt 0.014142 0.089012 0.000000
vt -0.000000 0.178024 0.000000
vt 0.014142 0.178024 0.000000
vt -0.000000 0.267035 0.000000
vt 0.014142 0.267035 0.000000
vt -0.000000 0.356047 0.000000
vt 0.014142 0.356047 0.000000
vt -0.000000 0.445059 0.000000
vt 0.014142 0.445059 0.000000
vt 0.000000 0.534071 0.000000
vt 0.014142 0.534071 0.000000
vt 0.000000 -0.534071 0.000000
vt 0.014142 -0.534071 0.000000
vt -0.000000 -0.445059 0.000000
vt 0.014142 -0.445059 0.000000
vt 0.000000 -0.356047 0.000000
vt 0.014142 -0.356047 0.000000
vt 0.000000 -0.267035 0.000000
vt 0.014142 -0.267035 0.000000
vt -0.000000 -0.178024 0.000000
vt 0.014142 -0.178024 0.000000
vt -0.014142 -0.089012 0.000000
vt 0.000000 -0.089012 0.000000
vt -0.014142 -0.000000 0.000000
vt 0.000000 -0.000000 0.000000
vt -0.014142 0.089012 0.000000
vt 0.000000 0.089012 0.000000
vt -0.014142 0.178024 0.000000
vt -0.000000 0.178024 0.000000
vt -0.014142 0.267035 0.000000
vt -0.000000 0.267035 0.000000
vt -0.014142 0.356047 0.000000
vt -0.000000 0.356047 0.000000
vt -0.014142 0.445059 0.000000
vt 0.000000 0.445059 0.000000
vt -0.014142 0.534071 0.000000
vt -0.000000 0.534071 0.000000
vt -0.014142 -0.534071 0.000000
vt -0.000000 -0.534071 0.000000
vt -0.014142 -0.445059 0.000000
vt 0.000000 -0.445059 0.000000
vt -0.014142 -0.356047 0.000000
vt -0.000000 -0.356047 0.000000
vt -0.014142 -0.267035 0.000000
vt -0.000000 -0.267035 0.000000
vt -0.014142 -0.178024 0.000000
vt -0.000000 -0.178024 0.000000
vt -0.000000 -0.089012 0.000000
vt 0.014142 -0.089012 0.000000
vt -0.000000 0.000000 0.000000
vt 0.014142 0.000000 0.000000
vt -0.000000 0.089012 0.000000
vt 0.014142 0.089012 0.000000
vt -0.000000 0.178024 0.000000
vt 0.014142 0.178024 0.000000
vt 0.000000 0.267035 0.000000
vt 0.014142 0.267035 0.000000
vt -0.000000 0.356047 0.000000
vt 0.014142 0.356047 0.000000
vt 0.000000 0.445059 0.000000
vt 0.014142 0.445059 0.000000
vt 0.000000 0.534071 0.000000
vt 0.014142 0.534071 0.000000
vt 0.000000 -0.534071 0.000000
vt 0.014142 -0.534071 0.000000
vt -0.000000 -0.445059 0.000000
vt 0.014142 -0.445059 0.000000
vt -0.000000 -0.356047 0.000000
vt 0.014142 -0.356047 0.000000
vt 0.000000 -0.267035 0.000000
vt 0.014142 -0.267035 0.000000
vt -0.000000 -0.178024 0.000000
vt 0.014142 -0.178024 0.000000
vt -0.014142 -0.089012 0.000000
vt 0.000000 -0.089012 0.000000
vt -0.014142 -0.000000 0.000000
vt 0.000000 -0.000000 0.000000
vt -0.014142 0.089012 0.000000
vt 0.000000 0.089012 0.000000
vt -0.014142 0.178024 0.000000
vt -0.000000 0.178024 0.000000
vt -0.014142 0.267035 0.000000
vt -0.000000 0.267035 0.000000
vt -0.014142 0.356047 0.000000
vt -0.000000 0.356047 0.000000
vt -0.014142 0.445059 0.000000
vt 0.000000 0.445059 0.000000
vt -0.014142 0.534071 0.000000
vt -0.000000 0.534071 0.000000
vt -0.014142 -0.534071 0.000000
vt -0.000000 -0.534071 0.000000
vt -0.014142 -0.445059 0.000000
vt -0.000000 -0.445059 0.000000
vt -0.014142 -0.356047 0.000000
vt -0.000000 -0.356047 0.000000
vt -0.014142 -0.267035 0.000000
vt -0.000000 -0.267035 0.000000
vt -0.014142 -0.178024 0.000000
vt -0.000000 -0.178024 0.000000
vt -0.000000 -0.089012 0.000000
vt 0.014142 -0.089012 0.000000
vt 0.000000 -0.000000 0.000000
vt 0.014142 -0.000000 0.000000
vt -0.000000 0.089012 0.000000
vt 0.014142 0.089012 0.000000
vt -0.000000 0.178024 0.000000
vt 0.014142 0.178024 0.000000
vt 0.000000 0.267035 0.000000
vt 0.014142 0.267035 0.000000
vt -0.000000 0.356047 0.000000
vt 0.014142 0.356047 0.000000
vt -0.000000 0.445059 0.000000
vt 0.014142 0.445059 0.000000
vt 0.000000 0.534071 0.000000
vt 0.014142 0.534071 0.000000
vt 0.000000 -0.534071 0.000000
vt 0.014142 -0.534071 0.000000
vt -0.000000 -0.445059 0.000000
vt 0.014142 -0.445059 0.000000
vt -0.000000 -0.356047 0.000000
vt 0.014142 -0.356047 0.000000
vt 0.000000 -0.267035 0.000000
vt 0.014142 -0.267035 0.000000
vt -0.000000 -0.178024 0.000000
vt 0.014142 -0.178024 0.000000
vt -0.990000 0.431969 0.000000
vt -0.400000 0.431969 0.000000
vt -0.990000 0.518363 0.000000
vt -0.400000 0.518363 0.000000
vt -0.990000 -0.518363 0.000000
vt -0.400000 -0.518363 0.000000
vt -0.990000 -0.431969 0.000000
vt -0.400000 -0.431969 0.000000
vt -0.990000 -0.345575 0.000000
vt -0.400000 -0.345575 0.000000
vt -0.990000 -0.259181 0.000000
vt -0.400000 -0.259181 0.000000
vt -0.990000 -0.172788 0.000000
vt -0.400000 -0.172788 0.000000
vt -0.990000 -0.086394 0.000000
vt -0.400000 -0.086394 0.000000
vt -0.990000 -0.000000 0.000000
vt -0.400000 0.000000 0.000000
vt -0.990000 0.086394 0.000000
vt -0.400000 0.086394 0.000000
vt -0.990000 0.172788 0.000000
vt -0.400000 0.172788 0.000000
vt -0.990000 0.259181 0.000000
vt -0.400000 0.259181 0.000000
vt -0.990000 0.345575 0.000000
vt -0.400000 0.345575 0.000000
vt -0.100000 0.302991 0.000000
vt -0.330000 0.302991 0.000000
vt -0.100000 0.162356 0.000000
vt -0.330000 0.162356 0.000000
vt -0.100000 0.021721 0.000000
vt -0.330000 0.021721 0.000000
vt -0.100000 -0.118915 0.000000
vt -0.330000 -0.118915 0.000000
vt -0.100000 -0.259550 0.000000
vt -0.330000 -0.259550 0.000000
vt -0.100000 -0.400185 0.000000
vt -0.330000 -0.400185 0.000000
vt -0.100000 -0.540820 0.000000
vt -0.330000 -0.540820 0.000000
vt -0.100000 -0.681455 0.000000
vt -0.330000 -0.681455 0.000000
vt -0.100000 -0.822090 0.000000
vt -0.330000 -0.822090 0.000000
vt -0.100000 -0.962725 0.000000
vt -0.330000 -0.962725 0.000000
vt -0.990000 0.431969 0.000000
vt -0.400000 0.431969 0.000000
vt -0.990000 0.518363 0.000000
vt -0.400000 0.518363 0.000000
vt -0.990000 -0.518363 0.000000
vt -0.400000 -0.518363 0.000000
vt -0.990000 -0.431969 0.000000
vt -0.400000 -0.431969 0.000000
vt -0.990000 -0.345575 0.000000
vt -0.400000 -0.345575 0.000000
vt -0.990000 -0.259181 0.000000
vt -0.400000 -0.259181 0.000000
vt -0.990000 -0.172788 0.000000
vt -0.400000 -0.172788 0.000000
vt -0.990000 -0.086394 0.000000
vt -0.400000 -0.086394 0.000000
vt -0.990000 -0.000000 0.000000
vt -0.400000 0.000000 0.000000
vt -0.990000 0.086394 0.000000
vt -0.400000 0.086394 0.000000
vt -0.990000 0.172788 0.000000
vt -0.400000 0.172788 0.000000
vt -0.990000 0.259181 0.000000
vt -0.400000 0.259181 0.000000
vt -0.990000 0.345575 0.000000
vt -0.400000 0.345575 0.000000
vt -0.100000 0.522902 0.000000
vt -0.330000 0.522902 0.000000
vt -0.100000 0.389226 0.000000
vt -0.330000 0.389226 0.000000
vt -0.330000 0.255550 0.000000
vt -0.100000 0.255550 0.000000
vt -0.330000 0.121874 0.000000
vt -0.100000 0.121874 0.000000
vt -0.330000 -0.011802 0.000000
vt -0.100000 -0.011802 0.000000
vt -0.330000 -0.145478 0.000000
vt -0.100000 -0.145478 0.000000
vt -0.330000 -0.279155 0.000000
vt -0.100000 -0.279155 0.000000
vt -0.330000 -0.412831 0.000000
vt -0.100000 -0.412831 0.000000
vt -0.330000 -0.546507 0.000000
vt -0.100000 -0.546507 0.000000
vt -0.330000 -0.680183 0.000000
vt -0.100000 -0.680183 0.000000
vt -0.100000 -0.813859 0.000000
vt -0.330000 -0.813859 0.000000
vt -0.990000 0.431969 0.000000
vt -0.400000 0.431969 0.000000
vt -0.990000 0.518363 0.000000
vt -0.400000 0.518363 0.000000
vt -0.990000 -0.518363 0.000000
vt -0.400000 -0.518363 0.000000
vt -0.990000 -0.431969 0.000000
vt -0.400000 -0.431969 0.000000
vt -0.990000 -0.345575 0.000000
vt -0.400000 -0.345575 0.000000
vt -0.990000 -0.259181 0.000000
vt -0.400000 -0.259181 0.000000
vt -0.990000 -0.172788 0.000000
vt -0.400000 -0.172788 0.000000
vt -0.990000 -0.086394 0.000000
vt -0.400000 -0.086394 0.000000
vt -0.990000 0.000000 0.000000
vt -0.400000 0.000000 0.000000
vt -0.990000 0.086394 0.000000
vt -0.400000 0.086394 0.000000
vt -0.990000 0.172788 0.000000
vt -0.400000 0.172788 0.000000
vt -0.990000 0.259181 0.000000
vt -0.400000 0.259181 0.000000
vt -0.990000 0.345575 0.000000
vt -0.400000 0.345575 0.000000
vt -0.100000 0.813859 0.000000
vt -0.330000 0.813859 0.000000
vt -0.100000 0.680183 0.000000
vt -0.330000 0.680183 0.000000
vt -0.330000 0.546507 0.000000
vt -0.100000 0.546507 0.000000
vt -0.330000 0.412831 0.000000
vt -0.100000 0.412831 0.000000
vt -0.330000 0.279155 0.000000
vt -0.100000 0.279155 0.000000
vt -0.330000 0.145478 0.000000
vt -0.100000 0.145478 0.000000
vt -0.330000 0.011802 0.000000
vt -0.100000 0.011802 0.000000
vt -0.330000 -0.121874 0.000000
vt -0.100000 -0.121874 0.000000
vt -0.330000 -0.255550 0.000000
vt -0.100000 -0.255550 0.000000
vt -0.330000 -0.389226 0.000000
vt -0.100000 -0.389226 0.000000
vt -0.100000 -0.522902 0.000000
vt -0.330000 -0.522902 0.000000
vt -0.990000 0.431969 0.000000
vt -0.400000 0.431969 0.000000
vt -0.990000 0.518363 0.000000
vt -0.400000 0.518363 0.000000
vt -0.990000 -0.518363 0.000000
vt -0.400000 -0.518363 0.000000
vt -0.990000 -0.431969 0.000000
vt -0.400000 -0.431969 0.000000
vt -0.990000 -0.345575 0.000000
vt -0.400000 -0.345575 0.000000
vt -0.990000 -0.259181 0.000000
vt -0.400000 -0.259181 0.000000
vt -0.990000 -0.172788 0.000000
vt -0.400000 -0.172788 0.000000
vt -0.990000 -0.086394 0.000000
vt -0.400000 -0.086394 0.000000
vt -0.990000 0.000000 0.000000
vt -0.400000 0.000000 0.000000
vt -0.990000 0.086394 0.000000
vt -0.400000 0.086394 0.000000
vt -0.990000 0.172788 0.000000
vt -0.400000 0.172788 0.000000
vt -0.990000 0.259181 0.000000
vt -0.400000 0.259181 0.000000
vt -0.990000 0.345575 0.000000
vt -0.400000 0.345575 0.000000
vt -0.100000 0.962725 0.000000
vt -0.330000 0.962725 0.000000
vt -0.100000 0.822090 0.000000
vt -0.330000 0.822090 0.000000
vt -0.100000 0.681455 0.000000
vt -0.330000 0.681455 0.000000
vt -0.100000 0.540820 0.000000
vt -0.330000 0.540820 0.000000
vt -0.100000 0.400185 0.000000
vt -0.330000 0.400185 0.000000
vt -0.100000 0.259550 0.000000
vt -0.330000 0.259550 0.000000
vt -0.100000 0.118915 0.000000
vt -0.330000 0.118915 0.000000
vt -0.100000 -0.021721 0.000000
vt -0.330000 -0.021721 0.000000
vt -0.100000 -0.162356 0.000000
vt -0.330000 -0.162356 0.000000
vt -0.100000 -0.302991 0.000000
vt -0.330000 -0.302991 0.000000
vt -0.990000 0.431969 0.000000
vt -0.400000 0.431969 0.000000
vt -0.990000 0.518363 0.000000
vt -0.400000 0.518363 0.000000
vt -0.990000 -0.518363 0.000000
vt -0.400000 -0.518363 0.000000
vt -0.990000 -0.431969 0.000000
vt -0.400000 -0.431969 0.000000
vt -0.990000 -0.345575 0.000000
vt -0.400000 -0.345575 0.000000
vt -0.990000 -0.259181 0.000000
vt -0.400000 -0.259181 0.000000
vt -0.990000 -0.172788 0.000000
vt -0.400000 -0.172788 0.000000
vt -0.990000 -0.086394 0.000000
vt -0.400000 -0.086394 0.000000
vt -0.990000 -0.000000 0.000000
vt -0.400000 -0.000000 0.000000
vt -0.990000 0.086394 0.000000
vt -0.400000 0.086394 0.000000
vt -0.990000 0.172788 0.000000
vt -0.400000 0.172788 0.000000
vt -0.990000 0.259181 0.000000
vt -0.400000 0.259181 0.000000
vt -0.990000 0.345575 0.000000
vt -0.400000 0.345575 0.000000
vt -0.100000 -1.016478 0.000000
vt -0.330000 -1.016478 0.000000
vt -0.100000 -1.157113 0.000000
vt -0.330000 -1.157113 0.000000
vt -0.100000 -1.297748 0.000000
vt -0.330000 -1.297748 0.000000
vt -0.100000 -1.438383 0.000000
vt -0.330000 -1.438383 0.000000
vt -0.100000 -1.579019 0.000000
vt -0.330000 -1.579019 0.000000
vt -0.100000 -1.719654 0.000000
vt -0.330000 -1.719654 0.000000
vt -0.100000 -1.860289 0.000000
vt -0.330000 -1.860289 0.000000
vt -0.100000 -2.000924 0.000000
vt -0.330000 -2.000924 0.000000
vt -0.100000 -2.141559 0.000000
vt -0.330000 -2.141559 0.000000
vt -0.100000 -2.282194 0.000000
vt -0.330000 -2.282194 0.000000
vt -0.990000 0.431969 0.000000
vt -0.400000 0.431969 0.000000
vt -0.990000 0.518363 0.000000
vt -0.400000 0.518363 0.000000
vt -0.990000 -0.518363 0.000000
vt -0.400000 -0.518363 0.000000
vt -0.990000 -0.431969 0.000000
vt -0.400000 -0.431969 0.000000
vt -0.990000 -0.345575 0.000000
vt -0.400000 -0.345575 0.000000
vt -0.990000 -0.259181 0.000000
vt -0.400000 -0.259181 0.000000
vt -0.990000 -0.172788 0.000000
vt -0.400000 -0.172788 0.000000
vt -0.990000 -0.086394 0.000000
vt -0.400000 -0.086394 0.000000
vt -0.990000 -0.000000 0.000000
vt -0.400000 0.000000 0.000000
vt -0.990000 0.086394 0.000000
vt -0.400000 0.086394 0.000000
vt -0.990000 0.172788 0.000000
vt -0.400000 0.172788 0.000000
vt -0.990000 0.259181 0.000000
vt -0.400000 0.259181 0.000000
vt -0.990000 0.345575 0.000000
vt -0.400000 0.345575 0.000000
vt -0.990000 0.431969 0.000000
vt -0.400000 0.431969 0.000000
vt -0.990000 0.518363 0.000000
vt -0.400000 0.518363 0.000000
vt -0.990000 -0.518363 0.000000
vt -0.400000 -0.518363 0.000000
vt -0.990000 -0.431969 0.000000
vt -0.400000 -0.431969 0.000000
vt -0.990000 -0.345575 0.000000
vt -0.400000 -0.345575 0.000000
vt -0.990000 -0.259181 0.000000
vt -0.400000 -0.259181 0.000000
vt -0.990000 -0.172788 0.000000
vt -0.400000 -0.172788 0.000000
vt -0.990000 -0.086394 0.000000
vt -0.400000 -0.086394 0.000000
vt -0.990000 -0.000000 0.000000
vt -0.400000 0.000000 0.000000
vt -0.990000 0.086394 0.000000
vt -0.400000 0.086394 0.000000
vt -0.990000 0.172788 0.000000
vt -0.400000 0.172788 0.000000
vt -0.990000 0.259181 0.000000
vt -0.400000 0.259181 0.000000
vt -0.990000 0.345575 0.000000
vt -0.400000 0.345575 0.000000
vt -0.990000 0.431969 0.000000
vt -0.400000 0.431969 0.000000
vt -0.990000 0.518363 0.000000
vt -0.400000 0.518363 0.000000
vt -0.990000 -0.518363 0.000000
vt -0.400000 -0.518363 0.000000
vt -0.990000 -0.431969 0.000000
vt -0.400000 -0.431969 0.000000
vt -0.990000 -0.345575 0.000000
vt -0.400000 -0.345575 0.000000
vt -0.990000 -0.259181 0.000000
vt -0.400000 -0.259181 0.000000
vt -0.990000 -0.172788 0.000000
vt -0.400000 -0.172788 0.000000
vt -0.990000 -0.086394 0.000000
vt -0.400000 -0.086394 0.000000
vt -0.990000 0.000000 0.000000
vt -0.400000 0.000000 0.000000
vt -0.990000 0.086394 0.000000
vt -0.400000 0.086394 0.000000
vt -0.990000 0.172788 0.000000
vt -0.400000 0.172788 0.000000
vt -0.990000 0.259181 0.000000
vt -0.400000 0.259181 0.000000
vt -0.990000 0.345575 0.000000
vt -0.400000 0.345575 0.000000
vt -0.990000 0.431969 0.000000
vt -0.400000 0.431969 0.000000
vt -0.990000 0.518363 0.000000
vt -0.400000 0.518363 0.000000
vt -0.990000 -0.518363 0.000000
vt -0.400000 -0.518363 0.000000
vt -0.990000 -0.431969 0.000000
vt -0.400000 -0.431969 0.000000
vt -0.990000 -0.345575 0.000000
vt -0.400000 -0.345575 0.000000
vt -0.990000 -0.259181 0.000000
vt -0.400000 -0.259181 0.000000
vt -0.990000 -0.172788 0.000000
vt -0.400000 -0.172788 0.000000
vt -0.990000 -0.086394 0.000000
vt -0.400000 -0.086394 0.000000
vt -0.990000 0.000000 0.000000
vt -0.400000 -0.000000 0.000000
vt -0.990000 0.086394 0.000000
vt -0.400000 0.086394 0.000000
vt -0.990000 0.172788 0.000000
vt -0.400000 0.172788 0.000000
vt -0.990000 0.259181 0.000000
vt -0.400000 0.259181 0.000000
vt -0.990000 0.345575 0.000000
vt -0.400000 0.345575 0.000000
vt -0.014142 -0.089012 0.000000
vt 0.000000 -0.089012 0.000000
vt -0.014142 -0.000000 0.000000
vt -0.000000 -0.000000 0.000000
vt -0.014142 0.089012 0.000000
vt 0.000000 0.089012 0.000000
vt -0.014142 0.178024 0.000000
vt 0.000000 0.178024 0.000000
vt -0.014142 0.267035 0.000000
vt -0.000000 0.267035 0.000000
vt -0.014142 0.356047 0.000000
vt 0.000000 0.356047 0.000000
vt -0.014142 0.445059 0.000000
vt 0.000000 0.445059 0.000000
vt -0.014142 0.534071 0.000000
vt -0.000000 0.534071 0.000000
vt -0.014142 -0.534071 0.000000
vt -0.000000 -0.534071 0.000000
vt -0.014142 -0.445059 0.000000
vt 0.000000 -0.445059 0.000000
vt -0.014142 -0.356047 0.000000
vt 0.000000 -0.356047 0.000000
vt -0.014142 -0.267035 0.000000
vt -0.000000 -0.267035 0.000000
vt -0.014142 -0.178024 0.000000
vt 0.000000 -0.178024 0.000000
vt -0.000000 -0.089012 0.000000
vt 0.014142 -0.089012 0.000000
vt 0.000000 -0.000000 0.000000
vt 0.014142 -0.000000 0.000000
vt -0.000000 0.089012 0.000000
vt 0.014142 0.089012 0.000000
vt -0.000000 0.178024 0.000000
vt 0.014142 0.178024 0.000000
vt 0.000000 0.267035 0.000000
vt 0.014142 0.267035 0.000000
vt -0.000000 0.356047 0.000000
vt 0.014142 0.356047 0.000000
vt -0.000000 0.445059 0.000000
vt 0.014142 0.445059 0.000000
vt 0.000000 0.534071 0.000000
vt 0.014142 0.534071 0.000000
vt 0.000000 -0.534071 0.000000
vt 0.014142 -0.534071 0.000000
vt -0.000000 -0.445059 0.000000
vt 0.014142 -0.445059 0.000000
vt -0.000000 -0.356047 0.000000
vt 0.014142 -0.356047 0.000000
vt 0.000000 -0.267035 0.000000
vt 0.014142 -0.267035 0.000000
vt -0.000000 -0.178024 0.000000
vt 0.014142 -0.178024 0.000000
vt -0.990000 0.431969 0.000000
vt -0.400000 0.431969 0.000000
vt -0.990000 0.518363 0.000000
vt -0.400000 0.518363 0.000000
vt -0.990000 -0.518363 0.000000
vt -0.400000 -0.518363 0.000000
vt -0.990000 -0.431969 0.000000
vt -0.400000 -0.431969 0.000000
vt -0.990000 -0.345575 0.000000
vt -0.400000 -0.345575 0.000000
vt -0.990000 -0.259181 0.000000
vt -0.400000 -0.259181 0.000000
vt -0.990000 -0.172788 0.000000
vt -0.400000 -0.172788 0.000000
vt -0.990000 -0.086394 0.000000
vt -0.400000 -0.086394 0.000000
vt -0.990000 -0.000000 0.000000
vt -0.400000 -0.000000 0.000000
vt -0.990000 0.086394 0.000000
vt -0.400000 0.086394 0.000000
vt -0.990000 0.172788 0.000000
vt -0.400000 0.172788 0.000000
vt -0.990000 0.259181 0.000000
vt -0.400000 0.259181 0.000000
vt -0.990000 0.345575 0.000000
vt -0.400000 0.345575 0.000000
vt -0.100000 0.083079 0.000000
vt -0.330000 0.083079 0.000000
vt -0.100000 -0.057556 0.000000
vt -0.330000 -0.057556 0.000000
vt -0.100000 -0.198191 0.000000
vt -0.330000 -0.198191 0.000000
vt -0.100000 -0.338826 0.000000
vt -0.330000 -0.338826 0.000000
vt -0.100000 -0.479461 0.000000
vt -0.330000 -0.479461 0.000000
vt -0.100000 -0.620096 0.000000
vt -0.330000 -0.620096 0.000000
vt -0.100000 -0.760731 0.000000
vt -0.330000 -0.760731 0.000000
vt -0.100000 -0.901366 0.000000
vt -0.330000 -0.901366 0.000000
vt -0.100000 -1.042002 0.000000
vt -0.330000 -1.042002 0.000000
vt -0.100000 -1.182637 0.000000
vt -0.330000 -1.182637 0.000000
vt -0.900000 -1.297652 0.000000
vt -0.050000 -1.297652 0.000000
vt -0.900000 -0.648826 0.000000
vt -0.050000 -0.648826 0.000000
vt -0.900000 -0.000000 0.000000
vt -0.050000 -0.000000 0.000000
vt -0.900000 0.648826 0.000000
vt -0.050000 0.648826 0.000000
vt -0.900000 1.297652 0.000000
vt -0.050000 1.297652 0.000000
vt 13.283669 0.827076 0.000000
vt 13.300192 0.843478 0.000000
vt 13.261508 0.819934 0.000000
vt 13.307496 0.865586 0.000000
vt 13.303997 0.888604 0.000000
vt 13.110895 0.781413 0.000000
vt 13.075646 1.391467 0.000000
vt 12.982378 0.693940 0.000000
vt 12.891295 0.567956 0.000000
vt 12.807442 1.874253 0.000000
vt 12.501135 2.333809 0.000000
vt 12.158726 2.767135 0.000000
vt 10.922938 3.248287 0.000000
vt 10.761685 3.262168 0.000000
vt 12.848516 0.418496 0.000000
vt 12.859148 0.263399 0.000000
vt 10.615773 3.332202 0.000000
vt 3.327236 3.332202 0.000000
vt 6.971504 4.516297 0.000000
vt 3.438932 3.449331 0.000000
vt 6.812293 4.545403 0.000000
vt 3.501963 3.598403 0.000000
vt 6.673678 4.628955 0.000000
vt 4.859373 4.816768 0.000000
vt 5.391091 4.966073 0.000000
vt 6.573589 4.756146 0.000000
vt 5.933127 5.071961 0.000000
vt 6.524974 4.910522 0.000000
vt 6.481943 5.133742 0.000000
vt 6.534122 5.072113 0.000000
vt 6.534178 5.095395 0.000000
vt 11.078673 3.292356 0.000000
vt 11.782449 3.171401 0.000000
vt 11.208743 3.388673 0.000000
vt 11.374761 3.543969 0.000000
vt 11.296323 3.524780 0.000000
vt 11.309963 3.543649 0.000000
vt 11.330669 3.554295 0.000000
vt 11.353951 3.554410 0.000000
vt 10.504076 3.449331 0.000000
vt 7.130715 4.545403 0.000000
vt 10.441045 3.598403 0.000000
vt 7.269331 4.628955 0.000000
vt 9.083635 4.816768 0.000000
vt 8.551917 4.966073 0.000000
vt 9.601563 4.625022 0.000000
vt 10.434832 3.760133 0.000000
vt 10.102319 4.392087 0.000000
vt 10.486242 3.913601 0.000000
vt 10.582634 4.119483 0.000000
vt 10.588624 4.038954 0.000000
vt 10.602354 4.057757 0.000000
vt 10.606080 4.080739 0.000000
vt 10.598995 4.102917 0.000000
vt 7.369419 4.756146 0.000000
vt 8.009881 5.071961 0.000000
vt 7.418034 4.910522 0.000000
vt 7.461065 5.133742 0.000000
vt 7.408886 5.072113 0.000000
vt 7.408830 5.095395 0.000000
vt 7.419324 5.116179 0.000000
vt 7.438093 5.129957 0.000000
vt 6.523684 5.116179 0.000000
vt 6.504916 5.129957 0.000000
vt 4.341445 4.625022 0.000000
vt 3.508176 3.760133 0.000000
vt 3.840689 4.392087 0.000000
vt 3.456766 3.913601 0.000000
vt 3.360374 4.119483 0.000000
vt 3.354385 4.038954 0.000000
vt 3.340654 4.057757 0.000000
vt 3.336928 4.080739 0.000000
vt 3.344013 4.102917 0.000000
vt 1.083860 0.263399 0.000000
vt 3.181323 3.262168 0.000000
vt 1.094492 0.418496 0.000000
vt 1.441873 2.333809 0.000000
vt 1.051714 0.567956 0.000000
vt 1.135566 1.874253 0.000000
vt 0.867362 1.391467 0.000000
vt 3.020070 3.248287 0.000000
vt 1.784283 2.767135 0.000000
vt 2.864335 3.292356 0.000000
vt 2.160560 3.171401 0.000000
vt 2.734265 3.388673 0.000000
vt 2.568247 3.543969 0.000000
vt 2.646686 3.524780 0.000000
vt 2.633046 3.543649 0.000000
vt 2.612340 3.554295 0.000000
vt 2.589057 3.554410 0.000000
vt 0.639011 0.888604 0.000000
vt 0.832113 0.781413 0.000000
vt 0.960630 0.693940 0.000000
vt 0.681500 0.819934 0.000000
vt 0.635512 0.865586 0.000000
vt 0.642816 0.843478 0.000000
vt 0.659340 0.827076 0.000000
vt 1.021087 0.121175 0.000000
vt 1.083860 -3.630805 0.000000
vt 12.859148 -3.630805 0.000000
vt 12.921921 -3.488581 0.000000
vt 12.921921 0.121175 0.000000
vt 13.029344 0.008798 0.000000
vt 13.029344 -3.376204 0.000000
vt 13.168595 -0.060319 0.000000
vt 13.168595 -3.307087 0.000000
vt 14.306504 -1.683703 0.000000
vt 14.278592 -2.322990 0.000000
vt 13.323056 -3.289478 0.000000
vt 14.195069 -2.957412 0.000000
vt 13.474291 -3.325480 0.000000
vt 13.827078 -3.305063 0.000000
vt 13.745816 -3.351842 0.000000
vt 13.604251 -3.410794 0.000000
vt 13.672834 -3.410710 0.000000
vt 13.651020 -3.422771 0.000000
vt 13.626094 -3.422801 0.000000
vt 1.021087 -3.488581 0.000000
vt 0.913665 0.008798 0.000000
vt 0.913665 -3.376204 0.000000
vt 0.774413 -0.060319 0.000000
vt 0.774413 -3.307087 0.000000
vt -0.363496 -1.683703 0.000000
vt -0.335584 -2.322990 0.000000
vt -0.335584 -1.044416 0.000000
vt 0.619952 -0.077928 0.000000
vt -0.252061 -0.409994 0.000000
vt 0.468717 -0.041926 0.000000
vt 0.115930 -0.062343 0.000000
vt 0.197192 -0.015564 0.000000
vt 0.338757 0.043388 0.000000
vt 0.270174 0.043304 0.000000
vt 0.291988 0.055365 0.000000
vt 0.316914 0.055395 0.000000
vt 0.028372 -0.095891 0.000000
vt -0.200383 -0.272407 0.000000
vt -0.102500 -0.162772 0.000000
vt 0.619952 -3.289478 0.000000
vt -0.252061 -2.957412 0.000000
vt 0.468717 -3.325480 0.000000
vt 0.115930 -3.305063 0.000000
vt 0.197192 -3.351842 0.000000
vt 0.028372 -3.271515 0.000000
vt -0.200383 -3.094999 0.000000
vt -0.102500 -3.204634 0.000000
vt 0.338757 -3.410794 0.000000
vt 0.270174 -3.410710 0.000000
vt 0.291988 -3.422771 0.000000
vt 0.316914 -3.422801 0.000000
vt 1.094492 -3.785902 0.000000
vt 3.181323 -6.629574 0.000000
vt 3.327236 -6.699608 0.000000
vt 10.615773 -6.699608 0.000000
vt 6.971504 -7.883703 0.000000
vt 10.504076 -6.816737 0.000000
vt 7.130715 -7.912809 0.000000
vt 10.441045 -6.965809 0.000000
vt 7.269331 -7.996361 0.000000
vt 9.083635 -8.184174 0.000000
vt 8.551917 -8.333479 0.000000
vt 7.369419 -8.123552 0.000000
vt 8.009881 -8.439367 0.000000
vt 7.418034 -8.277928 0.000000
vt 7.461065 -8.501148 0.000000
vt 7.408886 -8.439519 0.000000
vt 7.408830 -8.462801 0.000000
vt 1.441873 -5.701215 0.000000
vt 1.051714 -3.935362 0.000000
vt 1.135566 -5.241659 0.000000
vt 0.867362 -4.758873 0.000000
vt 0.960630 -4.061346 0.000000
vt 0.832113 -4.148819 0.000000
vt 0.639011 -4.256010 0.000000
vt 0.681500 -4.187340 0.000000
vt 0.635512 -4.232992 0.000000
vt 0.642816 -4.210885 0.000000
vt 0.659340 -4.194482 0.000000
vt 3.020070 -6.615693 0.000000
vt 1.784283 -6.134541 0.000000
vt 2.864335 -6.659762 0.000000
vt 2.160560 -6.538807 0.000000
vt 2.734265 -6.756079 0.000000
vt 2.568247 -6.911375 0.000000
vt 2.646686 -6.892186 0.000000
vt 2.633046 -6.911055 0.000000
vt 2.612340 -6.921701 0.000000
vt 2.589057 -6.921816 0.000000
vt 3.438932 -6.816737 0.000000
vt 6.812293 -7.912809 0.000000
vt 3.501963 -6.965809 0.000000
vt 6.673678 -7.996361 0.000000
vt 4.859373 -8.184174 0.000000
vt 5.391091 -8.333479 0.000000
vt 4.341445 -7.992428 0.000000
vt 3.508176 -7.127539 0.000000
vt 3.840689 -7.759493 0.000000
vt 3.456766 -7.281007 0.000000
vt 3.360374 -7.486889 0.000000
vt 3.354385 -7.406360 0.000000
vt 3.344013 -7.470323 0.000000
vt 3.336928 -7.448145 0.000000
vt 3.340654 -7.425163 0.000000
vt 6.573589 -8.123552 0.000000
vt 5.933127 -8.439367 0.000000
vt 6.524974 -8.277928 0.000000
vt 6.481943 -8.501148 0.000000
vt 6.534122 -8.439519 0.000000
vt 6.534178 -8.462801 0.000000
vt 6.523684 -8.483585 0.000000
vt 6.504916 -8.497363 0.000000
vt 7.419324 -8.483585 0.000000
vt 7.438093 -8.497363 0.000000
vt 9.601563 -7.992428 0.000000
vt 10.434832 -7.127539 0.000000
vt 10.102319 -7.759493 0.000000
vt 10.486242 -7.281007 0.000000
vt 10.582634 -7.486889 0.000000
vt 10.588624 -7.406360 0.000000
vt 10.598995 -7.470323 0.000000
vt 10.606080 -7.448145 0.000000
vt 10.602354 -7.425163 0.000000
vt 10.761685 -6.629574 0.000000
vt 12.848516 -3.785902 0.000000
vt 12.501135 -5.701215 0.000000
vt 12.891295 -3.935362 0.000000
vt 12.807442 -5.241659 0.000000
vt 13.075646 -4.758873 0.000000
vt 10.922938 -6.615693 0.000000
vt 12.158726 -6.134541 0.000000
vt 11.078673 -6.659762 0.000000
vt 11.782449 -6.538807 0.000000
vt 11.208743 -6.756079 0.000000
vt 11.374761 -6.911375 0.000000
vt 11.296323 -6.892186 0.000000
vt 11.309963 -6.911055 0.000000
vt 11.330669 -6.921701 0.000000
vt 11.353951 -6.921816 0.000000
vt 13.303997 -4.256010 0.000000
vt 13.110895 -4.148819 0.000000
vt 12.982378 -4.061346 0.000000
vt 13.261508 -4.187340 0.000000
vt 13.307496 -4.232992 0.000000
vt 13.300192 -4.210885 0.000000
vt 13.283669 -4.194482 0.000000
vt 13.914636 -3.271515 0.000000
vt 14.143391 -3.094999 0.000000
vt 14.045508 -3.204634 0.000000
vt 14.278592 -1.044416 0.000000
vt 13.323056 -0.077928 0.000000
vt 14.195069 -0.409994 0.000000
vt 13.474291 -0.041926 0.000000
vt 13.827078 -0.062343 0.000000
vt 13.745816 -0.015564 0.000000
vt 13.914636 -0.095891 0.000000
vt 14.143391 -0.272407 0.000000
vt 14.045508 -0.162772 0.000000
vt 13.604251 0.043388 0.000000
vt 13.672834 0.043304 0.000000
vt 13.651020 0.055365 0.000000
vt 13.626094 0.055395 0.000000
vt -0.176353 0.030856 0.000000
vt 0.301301 -0.401311 0.000000
vt -0.014186 -0.047945 0.000000
vt 0.243164 -0.246526 0.000000
vt 0.133046 -0.123187 0.000000
vt -0.304324 0.157866 0.000000
vt -0.646978 0.196260 0.000000
vt 0.385394 -1.040058 0.000000
vt -0.384345 0.319435 0.000000
vt -0.495424 0.283760 0.000000
vt -0.559478 0.219706 0.000000
vt -0.602718 0.931980 0.000000
vt -0.495424 0.458760 0.000000
vt -0.471978 0.371260 0.000000
vt -0.877910 1.521189 0.000000
vt -0.798533 0.458760 0.000000
vt -0.734478 0.522814 0.000000
vt -0.646978 0.546260 0.000000
vt -0.821978 0.371260 0.000000
vt -1.207464 2.081807 0.000000
vt -3.150232 3.544706 0.000000
vt -1.588441 2.608832 0.000000
vt -3.062732 3.521260 0.000000
vt -2.017441 3.097561 0.000000
vt -2.975232 3.544706 0.000000
vt -2.490639 3.543636 0.000000
vt -2.911178 3.608760 0.000000
vt -2.887732 3.696260 0.000000
vt -2.911178 3.783760 0.000000
vt -3.003811 3.943076 0.000000
vt -2.975232 3.847814 0.000000
vt -3.062732 3.871260 0.000000
vt -3.150232 3.847814 0.000000
vt -3.552381 4.292317 0.000000
vt -3.214287 3.783760 0.000000
vt -3.237732 3.696260 0.000000
vt -4.131453 4.588245 0.000000
vt -3.214287 3.608760 0.000000
vt -4.735862 4.828219 0.000000
vt -6.884004 4.814743 0.000000
vt -5.360217 5.010098 0.000000
vt -5.998946 5.132260 0.000000
vt -6.646351 5.193615 0.000000
vt -6.796504 4.966297 0.000000
vt -6.819950 4.878797 0.000000
vt -7.296657 5.193615 0.000000
vt -6.971504 5.141297 0.000000
vt -6.884004 5.117851 0.000000
vt -6.819950 5.053797 0.000000
vt -7.944063 5.132260 0.000000
vt -7.146504 4.966297 0.000000
vt -7.123059 5.053797 0.000000
vt -7.059004 5.117851 0.000000
vt -8.582792 5.010098 0.000000
vt -7.059004 4.814743 0.000000
vt -7.123059 4.878797 0.000000
vt -9.207146 4.828219 0.000000
vt -10.728722 3.608760 0.000000
vt -6.971504 4.791297 0.000000
vt -10.792776 3.544706 0.000000
vt -0.798533 0.283760 0.000000
vt -9.811555 4.588245 0.000000
vt -10.705276 3.696260 0.000000
vt -10.390628 4.292317 0.000000
vt -10.728722 3.783760 0.000000
vt -10.792776 3.847814 0.000000
vt -10.939197 3.943076 0.000000
vt -10.880276 3.871260 0.000000
vt -10.967776 3.847814 0.000000
vt -11.031830 3.783760 0.000000
vt -11.452370 3.543636 0.000000
vt -11.055276 3.696260 0.000000
vt -11.031830 3.608760 0.000000
vt -10.967776 3.544706 0.000000
vt -11.925567 3.097561 0.000000
vt -10.880276 3.521260 0.000000
vt -12.354568 2.608832 0.000000
vt -12.735544 2.081807 0.000000
vt -13.121030 0.371260 0.000000
vt -13.065098 1.521189 0.000000
vt -13.144475 0.458760 0.000000
vt -13.340290 0.931980 0.000000
vt -13.208530 0.522814 0.000000
vt -13.296030 0.546260 0.000000
vt -13.383530 0.522814 0.000000
vt -13.447584 0.458760 0.000000
vt -13.558663 0.319435 0.000000
vt -13.471030 0.371260 0.000000
vt -13.447584 0.283760 0.000000
vt -13.638685 0.157866 0.000000
vt -13.383530 0.219706 0.000000
vt -13.296030 0.196260 0.000000
vt -13.766655 0.030856 0.000000
vt -14.328402 -1.040058 0.000000
vt -14.244309 -0.401311 0.000000
vt -13.928822 -0.047945 0.000000
vt -14.186172 -0.246526 0.000000
vt -14.076054 -0.123187 0.000000
vt -13.208530 0.219706 0.000000
vt -14.356504 -1.683703 0.000000
vt -13.208530 -3.587112 0.000000
vt -14.328402 -2.327348 0.000000
vt -13.296030 -3.563666 0.000000
vt -13.766655 -3.398262 0.000000
vt -13.638685 -3.525272 0.000000
vt -14.244309 -2.966095 0.000000
vt -13.928822 -3.319461 0.000000
vt -14.186172 -3.120880 0.000000
vt -14.076054 -3.244219 0.000000
vt -13.558663 -3.686841 0.000000
vt -13.447584 -3.651166 0.000000
vt -13.383530 -3.587112 0.000000
vt -13.340290 -4.299386 0.000000
vt -13.447584 -3.826166 0.000000
vt -13.471030 -3.738666 0.000000
vt -13.065098 -4.888595 0.000000
vt -13.144475 -3.826166 0.000000
vt -13.208530 -3.890220 0.000000
vt -13.296030 -3.913666 0.000000
vt -13.121030 -3.738666 0.000000
vt -12.735544 -5.449213 0.000000
vt -10.792776 -6.912112 0.000000
vt -12.354568 -5.976238 0.000000
vt -10.880276 -6.888666 0.000000
vt -11.925567 -6.464967 0.000000
vt -10.967776 -6.912112 0.000000
vt -11.452370 -6.911042 0.000000
vt -11.031830 -6.976166 0.000000
vt -11.055276 -7.063666 0.000000
vt -11.031830 -7.151166 0.000000
vt -10.939197 -7.310482 0.000000
vt -10.967776 -7.215220 0.000000
vt -10.880276 -7.238666 0.000000
vt -10.792776 -7.215220 0.000000
vt -10.390628 -7.659723 0.000000
vt -10.728722 -7.151166 0.000000
vt -10.705276 -7.063666 0.000000
vt -9.811555 -7.955651 0.000000
vt -10.728722 -6.976166 0.000000
vt -9.207146 -8.195625 0.000000
vt -7.059004 -8.182149 0.000000
vt -8.582792 -8.377504 0.000000
vt -7.944063 -8.499666 0.000000
vt -7.296657 -8.561021 0.000000
vt -7.146504 -8.333703 0.000000
vt -7.123059 -8.246203 0.000000
vt -6.646351 -8.561021 0.000000
vt -6.971504 -8.508703 0.000000
vt -7.059004 -8.485257 0.000000
vt -7.123059 -8.421203 0.000000
vt -5.998946 -8.499666 0.000000
vt -6.796504 -8.333703 0.000000
vt -6.819950 -8.421203 0.000000
vt -6.884004 -8.485257 0.000000
vt -5.360217 -8.377504 0.000000
vt -6.884004 -8.182149 0.000000
vt -6.819950 -8.246203 0.000000
vt -4.735862 -8.195625 0.000000
vt -3.214287 -6.976166 0.000000
vt -6.971504 -8.158703 0.000000
vt -3.150232 -6.912112 0.000000
vt -13.144475 -3.651166 0.000000
vt -4.131453 -7.955651 0.000000
vt -3.237732 -7.063666 0.000000
vt -3.552381 -7.659723 0.000000
vt -3.214287 -7.151166 0.000000
vt -3.150232 -7.215220 0.000000
vt -3.003811 -7.310482 0.000000
vt -3.062732 -7.238666 0.000000
vt -2.975232 -7.215220 0.000000
vt -2.911178 -7.151166 0.000000
vt -2.490639 -6.911042 0.000000
vt -2.887732 -7.063666 0.000000
vt -2.911178 -6.976166 0.000000
vt -2.975232 -6.912112 0.000000
vt -2.017441 -6.464967 0.000000
vt -3.062732 -6.888666 0.000000
vt -1.588441 -5.976238 0.000000
vt -1.207464 -5.449213 0.000000
vt -0.821978 -3.738666 0.000000
vt -0.877910 -4.888595 0.000000
vt -0.798533 -3.826166 0.000000
vt -0.602718 -4.299386 0.000000
vt -0.734478 -3.890220 0.000000
vt -0.646978 -3.913666 0.000000
vt -0.559478 -3.890220 0.000000
vt -0.495424 -3.826166 0.000000
vt -0.384345 -3.686841 0.000000
vt -0.471978 -3.738666 0.000000
vt -0.495424 -3.651166 0.000000
vt -0.304324 -3.525272 0.000000
vt -0.559478 -3.587112 0.000000
vt -0.646978 -3.563666 0.000000
vt -0.176353 -3.398262 0.000000
vt 0.385394 -2.327348 0.000000
vt 0.301301 -2.966095 0.000000
vt -0.014186 -3.319461 0.000000
vt 0.243164 -3.120880 0.000000
vt 0.133046 -3.244219 0.000000
vt -0.734478 -3.587112 0.000000
vt 0.413496 -1.683703 0.000000
vt -0.734478 0.219706 0.000000
vt -0.798533 -3.651166 0.000000
vt -13.144475 0.283760 0.000000
vt -0.559478 0.522814 0.000000
vt -13.383530 -3.890220 0.000000
vt -0.900000 0.929236 0.000000
vt -0.050000 0.929236 0.000000
vt -0.900000 1.067810 0.000000
vt -0.050000 1.067810 0.000000
vt -0.900000 1.206383 0.000000
vt -0.050000 1.206383 0.000000
vt -0.900000 1.344956 0.000000
vt -0.050000 1.344956 0.000000
vt -0.900000 1.483530 0.000000
vt -0.050000 1.483530 0.000000
vt 0.600000 -0.147606 0.000000
vt 0.050000 -0.147606 0.000000
vt 0.600000 -0.188590 0.000000
vt 0.600000 -0.229574 0.000000
vt 0.050000 -0.312257 0.000000
vt 0.600000 -0.270559 0.000000
vt 0.606857 -0.308801 0.000000
vt 0.623509 -0.343889 0.000000
vt 0.670000 -0.406909 0.000000
vt 0.050000 -0.476909 0.000000
vt 0.900000 -0.406909 0.000000
vt 0.900000 -0.485126 0.000000
vt 0.900000 -0.563343 0.000000
vt 0.050000 -0.641560 0.000000
vt 0.900000 -0.641560 0.000000
vt -0.600000 2.047292 0.000000
vt -0.050000 2.047292 0.000000
vt -0.600000 2.204022 0.000000
vt -0.600000 2.360751 0.000000
vt -0.050000 2.702565 0.000000
vt -0.600000 2.517481 0.000000
vt -0.623165 2.601797 0.000000
vt -0.670000 2.675844 0.000000
vt -0.900000 2.675844 0.000000
vt -0.900000 3.236359 0.000000
vt -0.050000 3.357838 0.000000
vt -0.900000 3.796874 0.000000
vt -0.050000 4.013110 0.000000
vt -0.900000 4.357389 0.000000
vt -0.050000 4.668383 0.000000
vt -0.900000 4.917904 0.000000
vt -0.050000 5.323655 0.000000
vt -0.900000 5.478419 0.000000
vt -0.050000 5.978928 0.000000
vt -0.900000 6.038934 0.000000
vt -0.670000 6.038934 0.000000
vt -0.623165 6.112981 0.000000
vt -0.600000 6.197297 0.000000
vt -0.050000 6.634201 0.000000
vt -0.600000 6.423155 0.000000
vt -0.600000 6.649012 0.000000
vt -0.600000 6.874870 0.000000
vt -0.623165 6.959186 0.000000
vt -0.050000 7.289473 0.000000
vt -0.670000 7.033233 0.000000
vt -0.900000 7.593748 0.000000
vt -0.900000 7.033233 0.000000
vt -0.050000 7.944746 0.000000
vt -0.900000 8.154263 0.000000
vt -0.050000 8.600018 0.000000
vt -0.900000 8.714778 0.000000
vt -0.050000 9.255291 0.000000
vt -0.900000 9.275293 0.000000
vt -0.900000 9.835808 0.000000
vt -0.050000 9.910564 0.000000
vt -0.900000 10.396323 0.000000
vt -0.670000 10.396323 0.000000
vt -0.050000 10.565836 0.000000
vt -0.623165 10.470370 0.000000
vt -0.600000 10.554686 0.000000
vt -0.600000 10.780544 0.000000
vt -0.600000 11.006401 0.000000
vt -0.050000 11.221109 0.000000
vt -0.600000 11.232259 0.000000
vt -0.623165 11.316575 0.000000
vt -0.670000 11.390622 0.000000
vt -0.050000 11.876381 0.000000
vt -0.900000 11.951137 0.000000
vt -0.050000 12.531654 0.000000
vt -0.900000 12.511652 0.000000
vt -0.900000 13.072167 0.000000
vt -0.050000 13.186927 0.000000
vt -0.900000 13.632682 0.000000
vt -0.050000 13.842199 0.000000
vt -0.900000 14.193197 0.000000
vt -0.050000 14.497472 0.000000
vt -0.900000 14.753712 0.000000
vt -0.670000 14.753712 0.000000
vt -0.623165 14.827759 0.000000
vt -0.600000 14.912075 0.000000
vt -0.050000 15.152744 0.000000
vt -0.600000 15.137933 0.000000
vt -0.600000 15.363790 0.000000
vt -0.600000 15.589648 0.000000
vt -0.050000 15.808017 0.000000
vt -0.623165 15.673964 0.000000
vt -0.670000 15.748011 0.000000
vt -0.900000 15.748011 0.000000
vt -0.900000 16.308526 0.000000
vt -0.050000 16.463290 0.000000
vt -0.900000 16.869041 0.000000
vt -0.050000 17.118562 0.000000
vt -0.900000 17.429556 0.000000
vt -0.050000 17.773835 0.000000
vt -0.900000 17.990071 0.000000
vt -0.050000 18.429107 0.000000
vt -0.900000 18.550586 0.000000
vt -0.050000 19.084380 0.000000
vt -0.900000 19.111101 0.000000
vt -0.670000 19.111101 0.000000
vt -0.632552 19.167962 0.000000
vt -0.609982 19.215596 0.000000
vt -0.600000 19.269464 0.000000
vt -0.600000 19.426194 0.000000
vt -0.050000 19.739653 0.000000
vt -0.600000 19.582923 0.000000
vt -0.600000 19.739653 0.000000
vt -0.900000 11.390622 0.000000
vt 0.900000 -0.929236 0.000000
vt 0.050000 -0.929236 0.000000
vt 0.900000 -1.007453 0.000000
vt 0.050000 -1.093888 0.000000
vt 0.900000 -1.085670 0.000000
vt 0.900000 -1.163887 0.000000
vt 0.670000 -1.163887 0.000000
vt 0.050000 -1.258539 0.000000
vt 0.623509 -1.226908 0.000000
vt 0.606857 -1.261996 0.000000
vt 0.600000 -1.300238 0.000000
vt 0.600000 -1.341222 0.000000
vt 0.050000 -1.423191 0.000000
vt 0.600000 -1.382206 0.000000
vt 0.600000 -1.423191 0.000000
vt -0.900000 0.087266 0.000000
vt -0.050000 0.087266 0.000000
vt -0.900000 0.225840 0.000000
vt -0.050000 0.225840 0.000000
vt -0.900000 0.364413 0.000000
vt -0.050000 0.364413 0.000000
vt -0.900000 0.502987 0.000000
vt -0.050000 0.502987 0.000000
vt -0.900000 0.641560 0.000000
vt -0.050000 0.641560 0.000000
vt -0.900000 -0.641560 0.000000
vt -0.050000 -0.641560 0.000000
vt -0.900000 -0.502987 0.000000
vt -0.050000 -0.502987 0.000000
vt -0.900000 -0.364413 0.000000
vt -0.050000 -0.364413 0.000000
vt -0.900000 -0.225840 0.000000
vt -0.050000 -0.225840 0.000000
vt -0.900000 -0.087266 0.000000
vt -0.050000 -0.087266 0.000000
vt 0.600000 1.423191 0.000000
vt 0.050000 1.423191 0.000000
vt 0.600000 1.382206 0.000000
vt 0.600000 1.341222 0.000000
vt 0.050000 1.258539 0.000000
vt 0.600000 1.300238 0.000000
vt 0.606857 1.261996 0.000000
vt 0.623509 1.226908 0.000000
vt 0.670000 1.163887 0.000000
vt 0.050000 1.093888 0.000000
vt 0.900000 1.163887 0.000000
vt 0.900000 1.085670 0.000000
vt 0.900000 1.007453 0.000000
vt 0.050000 0.929236 0.000000
vt 0.900000 0.929236 0.000000
vt -0.600000 -19.739653 0.000000
vt -0.050000 -19.739653 0.000000
vt -0.600000 -19.582923 0.000000
vt -0.600000 -19.426194 0.000000
vt -0.050000 -19.084380 0.000000
vt -0.600000 -19.269464 0.000000
vt -0.623165 -19.185148 0.000000
vt -0.670000 -19.111101 0.000000
vt -0.900000 -19.111101 0.000000
vt -0.900000 -18.550586 0.000000
vt -0.050000 -18.429107 0.000000
vt -0.900000 -17.990071 0.000000
vt -0.050000 -17.773835 0.000000
vt -0.900000 -17.429556 0.000000
vt -0.050000 -17.118562 0.000000
vt -0.900000 -16.869041 0.000000
vt -0.050000 -16.463290 0.000000
vt -0.900000 -16.308526 0.000000
vt -0.050000 -15.808017 0.000000
vt -0.900000 -15.748011 0.000000
vt -0.670000 -15.748011 0.000000
vt -0.623165 -15.673964 0.000000
vt -0.600000 -15.589648 0.000000
vt -0.050000 -15.152744 0.000000
vt -0.600000 -15.363790 0.000000
vt -0.600000 -15.137933 0.000000
vt -0.600000 -14.912075 0.000000
vt -0.623165 -14.827759 0.000000
vt -0.050000 -14.497472 0.000000
vt -0.670000 -14.753712 0.000000
vt -0.900000 -14.193197 0.000000
vt -0.900000 -14.753712 0.000000
vt -0.050000 -13.842199 0.000000
vt -0.900000 -13.632682 0.000000
vt -0.050000 -13.186927 0.000000
vt -0.900000 -13.072167 0.000000
vt -0.050000 -12.531654 0.000000
vt -0.900000 -12.511652 0.000000
vt -0.900000 -11.951137 0.000000
vt -0.050000 -11.876381 0.000000
vt -0.900000 -11.390622 0.000000
vt -0.670000 -11.390622 0.000000
vt -0.050000 -11.221109 0.000000
vt -0.623165 -11.316575 0.000000
vt -0.600000 -11.232259 0.000000
vt -0.600000 -11.006401 0.000000
vt -0.600000 -10.780544 0.000000
vt -0.050000 -10.565836 0.000000
vt -0.600000 -10.554686 0.000000
vt -0.623165 -10.470370 0.000000
vt -0.670000 -10.396323 0.000000
vt -0.050000 -9.910564 0.000000
vt -0.900000 -9.835808 0.000000
vt -0.050000 -9.255291 0.000000
vt -0.900000 -9.275293 0.000000
vt -0.900000 -8.714778 0.000000
vt -0.050000 -8.600018 0.000000
vt -0.900000 -8.154263 0.000000
vt -0.050000 -7.944746 0.000000
vt -0.900000 -7.593748 0.000000
vt -0.050000 -7.289473 0.000000
vt -0.900000 -7.033233 0.000000
vt -0.670000 -7.033233 0.000000
vt -0.623165 -6.959186 0.000000
vt -0.600000 -6.874870 0.000000
vt -0.050000 -6.634201 0.000000
vt -0.600000 -6.649012 0.000000
vt -0.600000 -6.423155 0.000000
vt -0.600000 -6.197297 0.000000
vt -0.050000 -5.978928 0.000000
vt -0.623165 -6.112981 0.000000
vt -0.670000 -6.038934 0.000000
vt -0.900000 -6.038934 0.000000
vt -0.900000 -5.478419 0.000000
vt -0.050000 -5.323655 0.000000
vt -0.900000 -4.917904 0.000000
vt -0.050000 -4.668383 0.000000
vt -0.900000 -4.357389 0.000000
vt -0.050000 -4.013110 0.000000
vt -0.900000 -3.796874 0.000000
vt -0.050000 -3.357838 0.000000
vt -0.900000 -3.236359 0.000000
vt -0.050000 -2.702565 0.000000
vt -0.900000 -2.675844 0.000000
vt -0.670000 -2.675844 0.000000
vt -0.623165 -2.601797 0.000000
vt -0.600000 -2.517481 0.000000
vt -0.600000 -2.360751 0.000000
vt -0.050000 -2.047292 0.000000
vt -0.600000 -2.204022 0.000000
vt -0.600000 -2.047292 0.000000
vt -0.900000 -10.396323 0.000000
vt 0.900000 0.641560 0.000000
vt 0.050000 0.641560 0.000000
vt 0.900000 0.563343 0.000000
vt 0.050000 0.476909 0.000000
vt 0.900000 0.485126 0.000000
vt 0.900000 0.406909 0.000000
vt 0.670000 0.406909 0.000000
vt 0.050000 0.312257 0.000000
vt 0.623509 0.343889 0.000000
vt 0.606857 0.308801 0.000000
vt 0.600000 0.270559 0.000000
vt 0.600000 0.229574 0.000000
vt 0.050000 0.147606 0.000000
vt 0.600000 0.188590 0.000000
vt 0.600000 0.147606 0.000000
vt -0.900000 -1.483530 0.000000
vt -0.050000 -1.483530 0.000000
vt -0.900000 -1.344956 0.000000
vt -0.050000 -1.344956 0.000000
vt -0.900000 -1.206383 0.000000
vt -0.050000 -1.206383 0.000000
vt -0.900000 -1.067810 0.000000
vt -0.050000 -1.067810 0.000000
vt -0.900000 -0.929236 0.000000
vt -0.050000 -0.929236 0.000000
vt -0.900000 22.060089 0.000000
vt -0.050000 22.060089 0.000000
vt -0.900000 22.708915 0.000000
vt -0.050000 22.708915 0.000000
vt -0.900000 23.357741 0.000000
vt -0.050000 23.357741 0.000000
vt -0.900000 24.006568 0.000000
vt -0.050000 24.006568 0.000000
vt -0.900000 24.655394 0.000000
vt -0.050000 24.655394 0.000000
vt 0.442138 0.139597 0.000000
vt 0.316554 0.087500 0.000000
vt 0.446868 0.068193 0.000000
vt 0.340000 -0.000000 0.000000
vt 0.448343 -0.061778 0.000000
vt 0.316554 -0.087500 0.000000
vt 0.392899 -0.179338 0.000000
vt 0.252500 -0.151554 0.000000
vt 0.291673 -0.260872 0.000000
vt 0.165000 -0.175000 0.000000
vt 0.165000 -0.290000 0.000000
vt 0.038327 -0.260872 0.000000
vt 0.077500 -0.151554 0.000000
vt -0.062899 -0.179338 0.000000
vt 0.013446 -0.087500 0.000000
vt -0.118343 -0.061778 0.000000
vt -0.010000 0.000000 0.000000
vt -0.116868 0.068193 0.000000
vt 0.013446 0.087500 0.000000
vt -0.112138 0.139597 0.000000
vt 0.077500 0.151554 0.000000
vt -0.131659 0.208444 0.000000
vt 0.052239 0.274082 0.000000
vt -0.173163 0.266738 0.000000
vt 0.252500 0.151554 0.000000
vt 0.461659 0.208444 0.000000
vt 0.277761 0.274082 0.000000
vt 0.503163 0.266738 0.000000
vt 0.165000 0.175000 0.000000
vt 0.471262 -0.049961 0.000000
vt 0.340000 -0.000000 0.000000
vt 0.433119 -0.110509 0.000000
vt 0.316554 -0.087500 0.000000
vt 0.357918 -0.216524 0.000000
vt 0.252500 -0.151554 0.000000
vt 0.243962 -0.279043 0.000000
vt 0.165000 -0.175000 0.000000
vt 0.114144 -0.285506 0.000000
vt 0.077500 -0.151554 0.000000
vt -0.005458 -0.234615 0.000000
vt 0.013446 -0.087500 0.000000
vt -0.090817 -0.136593 0.000000
vt -0.124786 -0.011132 0.000000
vt -0.010000 0.000000 0.000000
vt -0.100542 0.116566 0.000000
vt 0.013446 0.087500 0.000000
vt -0.022954 0.220847 0.000000
vt 0.077500 0.151554 0.000000
vt 0.022844 0.275834 0.000000
vt 0.165000 0.175000 0.000000
vt 0.234876 0.288016 0.000000
vt 0.252500 0.151554 0.000000
vt 0.417327 0.155458 0.000000
vt 0.316554 0.087500 0.000000
vt 0.527522 -0.005737 0.000000
vt 0.595365 0.017029 0.000000
vt 0.048205 0.414563 0.000000
vt 0.047518 0.343006 0.000000
vt -0.100000 -0.136832 0.000000
vt -0.330000 -0.136832 0.000000
vt -0.100000 -0.277467 0.000000
vt -0.330000 -0.277467 0.000000
vt -0.100000 -0.418102 0.000000
vt -0.330000 -0.418102 0.000000
vt -0.100000 -0.558738 0.000000
vt -0.330000 -0.558738 0.000000
vt -0.100000 -0.699373 0.000000
vt -0.330000 -0.699373 0.000000
vt -0.100000 -0.840008 0.000000
vt -0.330000 -0.840008 0.000000
vt -0.100000 -0.980643 0.000000
vt -0.330000 -0.980643 0.000000
vt -0.100000 -1.121278 0.000000
vt -0.330000 -1.121278 0.000000
vt -0.100000 -1.261913 0.000000
vt -0.330000 -1.261913 0.000000
vt -0.100000 -1.402548 0.000000
vt -0.330000 -1.402548 0.000000
vt 0.408943 -0.178849 0.000000
vt 0.316554 -0.087500 0.000000
vt 0.363631 -0.211295 0.000000
vt 0.252500 -0.151554 0.000000
vt 0.259013 -0.274339 0.000000
vt 0.165000 -0.175000 0.000000
vt 0.137716 -0.288714 0.000000
vt 0.077500 -0.151554 0.000000
vt 0.021260 -0.251870 0.000000
vt -0.069697 -0.170345 0.000000
vt 0.013446 -0.087500 0.000000
vt -0.119018 -0.058599 0.000000
vt -0.010000 0.000000 0.000000
vt -0.117953 0.063541 0.000000
vt 0.013446 0.087500 0.000000
vt -0.066692 0.174410 0.000000
vt 0.077500 0.151554 0.000000
vt 0.025672 0.254338 0.000000
vt 0.142753 0.289145 0.000000
vt 0.165000 0.175000 0.000000
vt 0.212124 0.306712 0.000000
vt 0.252500 0.151554 0.000000
vt 0.368100 0.257119 0.000000
vt 0.316554 0.087500 0.000000
vt 0.418681 0.109018 0.000000
vt 0.340000 0.000000 0.000000
vt 0.465903 -0.040188 0.000000
vt 0.479690 -0.079640 0.000000
vt 0.461193 -0.159464 0.000000
vt 0.516702 -0.154505 0.000000
vt 0.496661 -0.117832 0.000000
vt 0.314185 0.404039 0.000000
vt 0.271569 0.346552 0.000000
vt -0.100000 -0.285698 0.000000
vt -0.330000 -0.285698 0.000000
vt -0.100000 -0.419375 0.000000
vt -0.330000 -0.419375 0.000000
vt -0.330000 -0.553051 0.000000
vt -0.100000 -0.553051 0.000000
vt -0.330000 -0.686727 0.000000
vt -0.100000 -0.686727 0.000000
vt -0.330000 -0.820403 0.000000
vt -0.100000 -0.820403 0.000000
vt -0.330000 -0.954079 0.000000
vt -0.100000 -0.954079 0.000000
vt -0.330000 -1.087755 0.000000
vt -0.100000 -1.087755 0.000000
vt -0.330000 -1.221431 0.000000
vt -0.100000 -1.221431 0.000000
vt -0.330000 -1.355107 0.000000
vt -0.100000 -1.355107 0.000000
vt -0.330000 -1.488784 0.000000
vt -0.100000 -1.488784 0.000000
vt -0.100000 -1.622460 0.000000
vt -0.330000 -1.622460 0.000000
vt 0.314185 -0.404039 0.000000
vt 0.368100 -0.257119 0.000000
vt 0.271569 -0.346552 0.000000
vt 0.212124 -0.306712 0.000000
vt 0.252500 -0.151554 0.000000
vt 0.165000 -0.175000 0.000000
vt 0.316554 -0.087500 0.000000
vt 0.418681 -0.109018 0.000000
vt 0.340000 -0.000000 0.000000
vt 0.465903 0.040188 0.000000
vt 0.316554 0.087500 0.000000
vt 0.479690 0.079640 0.000000
vt 0.408943 0.178849 0.000000
vt 0.461193 0.159464 0.000000
vt 0.496661 0.117832 0.000000
vt 0.516702 0.154505 0.000000
vt 0.363631 0.211295 0.000000
vt 0.252500 0.151554 0.000000
vt 0.259013 0.274339 0.000000
vt 0.165000 0.175000 0.000000
vt 0.137716 0.288714 0.000000
vt 0.077500 0.151554 0.000000
vt 0.021260 0.251870 0.000000
vt -0.069697 0.170345 0.000000
vt 0.013446 0.087500 0.000000
vt -0.119018 0.058599 0.000000
vt -0.010000 -0.000000 0.000000
vt -0.117953 -0.063541 0.000000
vt 0.013446 -0.087500 0.000000
vt -0.066692 -0.174410 0.000000
vt 0.077500 -0.151554 0.000000
vt 0.025672 -0.254338 0.000000
vt 0.142753 -0.289145 0.000000
vt -0.100000 -0.576655 0.000000
vt -0.330000 -0.576655 0.000000
vt -0.100000 -0.710331 0.000000
vt -0.330000 -0.710331 0.000000
vt -0.330000 -0.844007 0.000000
vt -0.100000 -0.844007 0.000000
vt -0.330000 -0.977684 0.000000
vt -0.100000 -0.977684 0.000000
vt -0.330000 -1.111360 0.000000
vt -0.100000 -1.111360 0.000000
vt -0.330000 -1.245036 0.000000
vt -0.100000 -1.245036 0.000000
vt -0.330000 -1.378712 0.000000
vt -0.100000 -1.378712 0.000000
vt -0.330000 -1.512388 0.000000
vt -0.100000 -1.512388 0.000000
vt -0.330000 -1.646064 0.000000
vt -0.100000 -1.646064 0.000000
vt -0.330000 -1.779740 0.000000
vt -0.100000 -1.779740 0.000000
vt -0.100000 -1.913416 0.000000
vt -0.330000 -1.913416 0.000000
vt 0.022844 -0.275834 0.000000
vt 0.077500 -0.151554 0.000000
vt -0.022954 -0.220847 0.000000
vt 0.013446 -0.087500 0.000000
vt -0.100542 -0.116566 0.000000
vt -0.010000 0.000000 0.000000
vt -0.124786 0.011132 0.000000
vt 0.013446 0.087500 0.000000
vt -0.090817 0.136593 0.000000
vt -0.005458 0.234615 0.000000
vt 0.077500 0.151554 0.000000
vt 0.114144 0.285506 0.000000
vt 0.165000 0.175000 0.000000
vt 0.243962 0.279043 0.000000
vt 0.252500 0.151554 0.000000
vt 0.357918 0.216524 0.000000
vt 0.316554 0.087500 0.000000
vt 0.433119 0.110509 0.000000
vt 0.340000 0.000000 0.000000
vt 0.471262 0.049961 0.000000
vt 0.417327 -0.155458 0.000000
vt 0.527522 0.005737 0.000000
vt 0.595365 -0.017029 0.000000
vt 0.047518 -0.343006 0.000000
vt 0.234876 -0.288016 0.000000
vt 0.165000 -0.175000 0.000000
vt 0.048205 -0.414563 0.000000
vt 0.252500 -0.151554 0.000000
vt 0.316554 -0.087500 0.000000
vt -0.100000 -0.796567 0.000000
vt -0.330000 -0.796567 0.000000
vt -0.100000 -0.937202 0.000000
vt -0.330000 -0.937202 0.000000
vt -0.100000 -1.077837 0.000000
vt -0.330000 -1.077837 0.000000
vt -0.100000 -1.218472 0.000000
vt -0.330000 -1.218472 0.000000
vt -0.100000 -1.359107 0.000000
vt -0.330000 -1.359107 0.000000
vt -0.100000 -1.499742 0.000000
vt -0.330000 -1.499742 0.000000
vt -0.100000 -1.640377 0.000000
vt -0.330000 -1.640377 0.000000
vt -0.100000 -1.781012 0.000000
vt -0.330000 -1.781012 0.000000
vt -0.100000 -1.921648 0.000000
vt -0.330000 -1.921648 0.000000
vt -0.100000 -2.062283 0.000000
vt -0.330000 -2.062283 0.000000
vt -0.112138 -0.139597 0.000000
vt 0.013446 -0.087500 0.000000
vt -0.116868 -0.068193 0.000000
vt -0.010000 -0.000000 0.000000
vt -0.118343 0.061778 0.000000
vt 0.013446 0.087500 0.000000
vt -0.062899 0.179338 0.000000
vt 0.077500 0.151554 0.000000
vt 0.038327 0.260872 0.000000
vt 0.165000 0.175000 0.000000
vt 0.165000 0.290000 0.000000
vt 0.291673 0.260872 0.000000
vt 0.252500 0.151554 0.000000
vt 0.392899 0.179338 0.000000
vt 0.316554 0.087500 0.000000
vt 0.448343 0.061778 0.000000
vt 0.340000 -0.000000 0.000000
vt 0.446868 -0.068193 0.000000
vt 0.316554 -0.087500 0.000000
vt 0.442138 -0.139597 0.000000
vt 0.252500 -0.151554 0.000000
vt 0.461659 -0.208444 0.000000
vt 0.277761 -0.274082 0.000000
vt 0.503163 -0.266738 0.000000
vt 0.077500 -0.151554 0.000000
vt -0.131659 -0.208444 0.000000
vt 0.052239 -0.274082 0.000000
vt -0.173163 -0.266738 0.000000
vt 0.165000 -0.175000 0.000000
vt -0.141262 0.049961 0.000000
vt -0.010000 0.000000 0.000000
vt -0.103119 0.110509 0.000000
vt 0.013446 0.087500 0.000000
vt -0.027918 0.216524 0.000000
vt 0.077500 0.151554 0.000000
vt 0.086038 0.279043 0.000000
vt 0.165000 0.175000 0.000000
vt 0.215856 0.285506 0.000000
vt 0.252500 0.151554 0.000000
vt 0.335458 0.234615 0.000000
vt 0.316554 0.087500 0.000000
vt 0.420817 0.136593 0.000000
vt 0.454786 0.011132 0.000000
vt 0.340000 0.000000 0.000000
vt 0.430542 -0.116566 0.000000
vt 0.316554 -0.087500 0.000000
vt 0.352954 -0.220847 0.000000
vt 0.252500 -0.151554 0.000000
vt 0.307156 -0.275834 0.000000
vt 0.165000 -0.175000 0.000000
vt 0.095124 -0.288016 0.000000
vt 0.077500 -0.151554 0.000000
vt -0.087327 -0.155458 0.000000
vt 0.013446 -0.087500 0.000000
vt -0.197522 0.005737 0.000000
vt -0.265365 -0.017029 0.000000
vt 0.281795 -0.414563 0.000000
vt 0.282482 -0.343006 0.000000
vt -0.078943 0.178849 0.000000
vt 0.013446 0.087500 0.000000
vt -0.033631 0.211295 0.000000
vt 0.077500 0.151554 0.000000
vt 0.070987 0.274339 0.000000
vt 0.165000 0.175000 0.000000
vt 0.192284 0.288714 0.000000
vt 0.252500 0.151554 0.000000
vt 0.308740 0.251870 0.000000
vt 0.399697 0.170345 0.000000
vt 0.316554 0.087500 0.000000
vt 0.449018 0.058599 0.000000
vt 0.340000 0.000000 0.000000
vt 0.447953 -0.063541 0.000000
vt 0.316554 -0.087500 0.000000
vt 0.396692 -0.174410 0.000000
vt 0.252500 -0.151554 0.000000
vt 0.304328 -0.254338 0.000000
vt 0.187247 -0.289145 0.000000
vt 0.165000 -0.175000 0.000000
vt 0.117876 -0.306712 0.000000
vt 0.077500 -0.151554 0.000000
vt -0.038100 -0.257119 0.000000
vt 0.013446 -0.087500 0.000000
vt -0.088681 -0.109018 0.000000
vt -0.010000 -0.000000 0.000000
vt -0.135903 0.040188 0.000000
vt -0.149690 0.079640 0.000000
vt -0.131193 0.159464 0.000000
vt -0.186702 0.154505 0.000000
vt -0.166661 0.117832 0.000000
vt 0.015815 -0.404039 0.000000
vt 0.058431 -0.346552 0.000000
vt 0.015815 0.404039 0.000000
vt -0.038100 0.257119 0.000000
vt 0.058431 0.346552 0.000000
vt 0.117876 0.306712 0.000000
vt 0.077500 0.151554 0.000000
vt 0.165000 0.175000 0.000000
vt 0.013446 0.087500 0.000000
vt -0.088681 0.109018 0.000000
vt -0.010000 -0.000000 0.000000
vt -0.135903 -0.040188 0.000000
vt 0.013446 -0.087500 0.000000
vt -0.149690 -0.079640 0.000000
vt -0.078943 -0.178849 0.000000
vt -0.131193 -0.159464 0.000000
vt -0.166661 -0.117832 0.000000
vt -0.186702 -0.154505 0.000000
vt -0.033631 -0.211295 0.000000
vt 0.077500 -0.151554 0.000000
vt 0.070987 -0.274339 0.000000
vt 0.165000 -0.175000 0.000000
vt 0.192284 -0.288714 0.000000
vt 0.252500 -0.151554 0.000000
vt 0.308740 -0.251870 0.000000
vt 0.399697 -0.170345 0.000000
vt 0.316554 -0.087500 0.000000
vt 0.449018 -0.058599 0.000000
vt 0.340000 0.000000 0.000000
vt 0.447953 0.063541 0.000000
vt 0.316554 0.087500 0.000000
vt 0.396692 0.174410 0.000000
vt 0.252500 0.151554 0.000000
vt 0.304328 0.254338 0.000000
vt 0.187247 0.289145 0.000000
vt 0.307156 0.275834 0.000000
vt 0.252500 0.151554 0.000000
vt 0.352954 0.220847 0.000000
vt 0.316554 0.087500 0.000000
vt 0.430542 0.116566 0.000000
vt 0.340000 -0.000000 0.000000
vt 0.454786 -0.011132 0.000000
vt 0.316554 -0.087500 0.000000
vt 0.420817 -0.136593 0.000000
vt 0.335458 -0.234615 0.000000
vt 0.252500 -0.151554 0.000000
vt 0.215856 -0.285506 0.000000
vt 0.165000 -0.175000 0.000000
vt 0.086038 -0.279043 0.000000
vt 0.077500 -0.151554 0.000000
vt -0.027918 -0.216524 0.000000
vt 0.013446 -0.087500 0.000000
vt -0.103119 -0.110509 0.000000
vt -0.010000 -0.000000 0.000000
vt -0.141262 -0.049961 0.000000
vt -0.087327 0.155458 0.000000
vt -0.197522 -0.005737 0.000000
vt -0.265365 0.017029 0.000000
vt 0.282482 0.343006 0.000000
vt 0.095124 0.288016 0.000000
vt 0.165000 0.175000 0.000000
vt 0.281795 0.414563 0.000000
vt 0.077500 0.151554 0.000000
vt 0.013446 0.087500 0.000000
vt -0.100000 0.340620 0.000000
vt -0.330000 0.340620 0.000000
vt -0.100000 0.270126 0.000000
vt -0.330000 0.270126 0.000000
vt -0.100000 0.199631 0.000000
vt -0.330000 0.199631 0.000000
vt -0.100000 0.129137 0.000000
vt -0.330000 0.129137 0.000000
vt -0.100000 0.058642 0.000000
vt -0.330000 0.058642 0.000000
vt 0.100000 0.122073 0.000000
vt 0.330000 0.122073 0.000000
vt 0.100000 0.197647 0.000000
vt 0.330000 0.197647 0.000000
vt 0.100000 0.273222 0.000000
vt 0.330000 0.273222 0.000000
vt 0.100000 0.348797 0.000000
vt 0.330000 0.348797 0.000000
vt -0.100000 -0.122442 0.000000
vt -0.330000 -0.122442 0.000000
vt -0.100000 -0.198017 0.000000
vt -0.330000 -0.198017 0.000000
vt -0.100000 -0.273591 0.000000
vt -0.330000 -0.273591 0.000000
vt -0.100000 -0.349166 0.000000
vt -0.330000 -0.349166 0.000000
vt -0.100000 -0.413362 0.000000
vt -0.330000 -0.413362 0.000000
vt -0.100000 -0.483856 0.000000
vt -0.330000 -0.483856 0.000000
vt -0.100000 -0.554351 0.000000
vt -0.330000 -0.554351 0.000000
vt -0.100000 -0.624845 0.000000
vt -0.330000 -0.624845 0.000000
vt -0.100000 -0.695340 0.000000
vt -0.330000 -0.695340 0.000000
vt 0.100000 -0.412597 0.000000
vt 0.330000 -0.412597 0.000000
vt 0.100000 -0.342102 0.000000
vt 0.330000 -0.342102 0.000000
vt 0.100000 -0.271608 0.000000
vt 0.330000 -0.271608 0.000000
vt 0.100000 -0.201113 0.000000
vt 0.330000 -0.201113 0.000000
vt 0.100000 -0.130619 0.000000
vt 0.330000 -0.130619 0.000000
vt -0.100000 -0.319114 0.000000
vt -0.330000 -0.319114 0.000000
vt -0.100000 -0.389609 0.000000
vt -0.330000 -0.389609 0.000000
vt -0.100000 -0.460103 0.000000
vt -0.330000 -0.460103 0.000000
vt -0.100000 -0.530598 0.000000
vt -0.330000 -0.530598 0.000000
vt -0.100000 -0.601092 0.000000
vt -0.330000 -0.601092 0.000000
vt 0.100000 0.435633 0.000000
vt 0.330000 0.435633 0.000000
vt 0.100000 0.506128 0.000000
vt 0.330000 0.506128 0.000000
vt 0.100000 0.576622 0.000000
vt 0.330000 0.576622 0.000000
vt 0.100000 0.647117 0.000000
vt 0.330000 0.647117 0.000000
vt 0.100000 0.717611 0.000000
vt 0.330000 0.717611 0.000000
vt -0.100000 -0.224866 0.000000
vt -0.330000 -0.224866 0.000000
vt -0.100000 -0.295361 0.000000
vt -0.330000 -0.295361 0.000000
vt -0.100000 -0.365855 0.000000
vt -0.330000 -0.365855 0.000000
vt -0.100000 -0.436350 0.000000
vt -0.330000 -0.436350 0.000000
vt -0.100000 -0.506844 0.000000
vt -0.330000 -0.506844 0.000000
vt 0.100000 0.341386 0.000000
vt 0.330000 0.341386 0.000000
vt 0.100000 0.411880 0.000000
vt 0.330000 0.411880 0.000000
vt 0.100000 0.482375 0.000000
vt 0.330000 0.482375 0.000000
vt 0.100000 0.552869 0.000000
vt 0.330000 0.552869 0.000000
vt 0.100000 0.623364 0.000000
vt 0.330000 0.623364 0.000000
vt -0.100000 -0.130619 0.000000
vt -0.330000 -0.130619 0.000000
vt -0.100000 -0.201113 0.000000
vt -0.330000 -0.201113 0.000000
vt -0.100000 -0.271608 0.000000
vt -0.330000 -0.271608 0.000000
vt -0.100000 -0.342102 0.000000
vt -0.330000 -0.342102 0.000000
vt -0.100000 -0.412597 0.000000
vt -0.330000 -0.412597 0.000000
vt 0.100000 0.247138 0.000000
vt 0.330000 0.247138 0.000000
vt 0.100000 0.317632 0.000000
vt 0.330000 0.317632 0.000000
vt 0.100000 0.388127 0.000000
vt 0.330000 0.388127 0.000000
vt 0.100000 0.458621 0.000000
vt 0.330000 0.458621 0.000000
vt 0.100000 0.529116 0.000000
vt 0.330000 0.529116 0.000000
vt 0.100000 -0.349166 0.000000
vt 0.330000 -0.349166 0.000000
vt 0.100000 -0.273591 0.000000
vt 0.330000 -0.273591 0.000000
vt 0.100000 -0.198017 0.000000
vt 0.330000 -0.198017 0.000000
vt 0.100000 -0.122442 0.000000
vt 0.330000 -0.122442 0.000000
vt -0.100000 0.348797 0.000000
vt -0.330000 0.348797 0.000000
vt -0.100000 0.273222 0.000000
vt -0.330000 0.273222 0.000000
vt -0.100000 0.197647 0.000000
vt -0.330000 0.197647 0.000000
vt -0.100000 0.122073 0.000000
vt -0.330000 0.122073 0.000000
vt 0.100000 0.058642 0.000000
vt 0.330000 0.058642 0.000000
vt 0.100000 0.129137 0.000000
vt 0.330000 0.129137 0.000000
vt 0.100000 0.199631 0.000000
vt 0.330000 0.199631 0.000000
vt 0.100000 0.270126 0.000000
vt 0.330000 0.270126 0.000000
vt 0.100000 0.340620 0.000000
vt 0.330000 0.340620 0.000000
vt -0.000000 -5.995394 0.000000
vt 0.141421 -5.995394 0.000000
vt -0.000000 -5.438921 0.000000
vt 0.141421 -5.438921 0.000000
vt -0.000000 -4.882447 0.000000
vt 0.141421 -4.882447 0.000000
vt -0.000000 -4.325973 0.000000
vt 0.141421 -4.325973 0.000000
vt 0.000000 -3.769499 0.000000
vt 0.141421 -3.769499 0.000000
vt 0.000000 -3.213025 0.000000
vt 0.141421 -3.213025 0.000000
vt -0.000000 -2.656552 0.000000
vt 0.141421 -2.656552 0.000000
vt 0.000000 -0.087079 0.000000
vt -0.141421 -0.087079 0.000000
vt 0.000000 -0.134075 0.000000
vt -0.141421 -0.134075 0.000000
vt -0.000000 -0.181072 0.000000
vt -0.141421 -0.181072 0.000000
vt 0.000000 -0.228068 0.000000
vt -0.141421 -0.228068 0.000000
vt -0.000000 -0.275064 0.000000
vt -0.141421 -0.275064 0.000000
vt -0.141421 -0.232531 0.000000
vt 0.000000 -0.232531 0.000000
vt -0.141421 -0.182148 0.000000
vt -0.000000 -0.182148 0.000000
vt -0.141421 -0.131765 0.000000
vt 0.000000 -0.131765 0.000000
vt -0.141421 -0.081382 0.000000
vt -0.000000 -0.081382 0.000000
vt -0.000000 0.447600 0.000000
vt 0.141421 0.447600 0.000000
vt -0.000000 0.533639 0.000000
vt 0.141421 0.533639 0.000000
vt 0.141421 0.619678 0.000000
vt 0.141421 0.705716 0.000000
vt -0.000000 0.705716 0.000000
vt -0.000000 0.619678 0.000000
vt 0.141421 -6.982525 0.000000
vt -0.000000 -6.982525 0.000000
vt 0.141421 -7.538999 0.000000
vt 0.000000 -7.538999 0.000000
vt 0.141421 -8.095472 0.000000
vt 0.000000 -8.095472 0.000000
vt 0.141421 -8.651946 0.000000
vt 0.000000 -8.651946 0.000000
vt 0.141421 -9.208420 0.000000
vt 0.000000 -9.208420 0.000000
vt 0.141421 -9.764894 0.000000
vt -0.000000 -9.764894 0.000000
vt 0.141421 -10.321368 0.000000
vt -0.000000 -10.321368 0.000000
vt 0.000000 -0.577404 0.000000
vt 0.141421 -0.577404 0.000000
vt 0.000000 -0.452688 0.000000
vt 0.141421 -0.411116 0.000000
vt 0.000000 -0.327972 0.000000
vt 0.141421 -0.244828 0.000000
vt 0.000000 -0.203256 0.000000
vt 0.141421 -0.078540 0.000000
vt -0.000000 -0.078540 0.000000
vt -0.000000 -0.149911 0.000000
vt -0.141421 -0.149911 0.000000
vt -0.000000 -0.196907 0.000000
vt -0.141421 -0.196907 0.000000
vt 0.000000 -0.243904 0.000000
vt -0.141421 -0.243904 0.000000
vt -0.000000 -0.290900 0.000000
vt -0.141421 -0.290900 0.000000
vt -0.000000 -0.337896 0.000000
vt -0.141421 -0.337896 0.000000
vt -0.000000 0.078540 0.000000
vt 0.141421 0.078540 0.000000
vt 0.000000 0.203256 0.000000
vt 0.141421 0.244828 0.000000
vt 0.000000 0.327972 0.000000
vt 0.141421 0.411116 0.000000
vt -0.000000 0.452688 0.000000
vt 0.141421 0.577404 0.000000
vt -0.000000 0.577404 0.000000
vt -0.000000 -0.705716 0.000000
vt 0.141421 -0.705716 0.000000
vt 0.000000 -0.619678 0.000000
vt 0.141421 -0.619678 0.000000
vt 0.141421 -0.533639 0.000000
vt 0.141421 -0.447600 0.000000
vt 0.000000 -0.447600 0.000000
vt 0.000000 -0.533639 0.000000
vt 0.141421 -11.308498 0.000000
vt -0.000000 -11.308498 0.000000
vt 0.141421 -11.864972 0.000000
vt 0.000000 -11.864972 0.000000
vt 0.141421 -12.421445 0.000000
vt -0.000000 -12.421445 0.000000
vt 0.141421 -12.977919 0.000000
vt -0.000000 -12.977919 0.000000
vt 0.141421 -13.534393 0.000000
vt -0.000000 -13.534393 0.000000
vt 0.141421 -14.090867 0.000000
vt 0.000000 -14.090867 0.000000
vt 0.141421 -14.647341 0.000000
vt -0.000000 -14.647341 0.000000
vt -0.141421 0.081382 0.000000
vt -0.000000 0.081382 0.000000
vt -0.141421 0.131765 0.000000
vt 0.000000 0.131765 0.000000
vt -0.141421 0.182148 0.000000
vt 0.000000 0.182148 0.000000
vt -0.141421 0.232531 0.000000
vt 0.000000 0.232531 0.000000
vt 0.000000 -0.212743 0.000000
vt -0.141421 -0.212743 0.000000
vt 0.000000 -0.259739 0.000000
vt -0.141421 -0.259739 0.000000
vt 0.000000 -0.306735 0.000000
vt -0.141421 -0.306735 0.000000
vt 0.000000 -0.353732 0.000000
vt -0.141421 -0.353732 0.000000
vt -0.000000 -0.400728 0.000000
vt -0.141421 -0.400728 0.000000
vt 0.141421 -0.910362 0.000000
vt 0.000000 -0.910362 0.000000
vt 0.141421 -1.055015 0.000000
vt -0.000000 -1.071088 0.000000
vt 0.141421 -1.199668 0.000000
vt -0.000000 -1.231814 0.000000
vt 0.141421 -1.344322 0.000000
vt -0.000000 -1.392539 0.000000
vt 0.141421 -1.488975 0.000000
vt 0.000000 -1.553265 0.000000
vt 0.141421 -1.633628 0.000000
vt 0.000000 -1.713991 0.000000
vt 0.141421 -1.778281 0.000000
vt -0.000000 -1.874717 0.000000
vt 0.141421 -1.922935 0.000000
vt 0.000000 -2.035443 0.000000
vt 0.141421 -2.067588 0.000000
vt -0.000000 -2.196169 0.000000
vt 0.141421 -2.212241 0.000000
vt 0.000000 -2.356894 0.000000
vt 0.141421 -2.356894 0.000000
vt -0.000000 -0.039095 0.000000
vt -0.141421 -0.039095 0.000000
vt -0.000000 -0.086091 0.000000
vt -0.141421 -0.086091 0.000000
vt 0.000000 -0.133088 0.000000
vt -0.141421 -0.133088 0.000000
vt 0.000000 -0.180084 0.000000
vt -0.141421 -0.180084 0.000000
vt 0.000000 -0.227080 0.000000
vt -0.141421 -0.227080 0.000000
vt -0.000000 2.656552 0.000000
vt 0.141421 2.656552 0.000000
vt -0.000000 3.213025 0.000000
vt 0.141421 3.213025 0.000000
vt 0.000000 3.769499 0.000000
vt 0.141421 3.769499 0.000000
vt 0.000000 4.325973 0.000000
vt 0.141421 4.325973 0.000000
vt 0.000000 4.882447 0.000000
vt 0.141421 4.882447 0.000000
vt 0.000000 5.438921 0.000000
vt 0.141421 5.438921 0.000000
vt 0.000000 5.995394 0.000000
vt 0.141421 5.995394 0.000000
vt 0.141421 -15.634471 0.000000
vt -0.000000 -15.634471 0.000000
vt 0.141421 -16.190945 0.000000
vt -0.000000 -16.190945 0.000000
vt 0.141421 -16.747419 0.000000
vt -0.000000 -16.747419 0.000000
vt 0.141421 -17.303892 0.000000
vt -0.000000 -17.303892 0.000000
vt 0.141421 -17.860366 0.000000
vt 0.000000 -17.860366 0.000000
vt 0.141421 -18.416840 0.000000
vt -0.000000 -18.416840 0.000000
vt 0.141421 -18.973314 0.000000
vt -0.000000 -18.973314 0.000000
vt -0.141421 0.087079 0.000000
vt -0.000000 0.087079 0.000000
vt -0.141421 0.134075 0.000000
vt -0.000000 0.134075 0.000000
vt -0.141421 0.181072 0.000000
vt -0.000000 0.181072 0.000000
vt -0.141421 0.228068 0.000000
vt -0.000000 0.228068 0.000000
vt -0.141421 0.275064 0.000000
vt -0.000000 0.275064 0.000000
vt 0.000000 -0.275575 0.000000
vt -0.141421 -0.275575 0.000000
vt -0.000000 -0.322571 0.000000
vt -0.141421 -0.322571 0.000000
vt 0.000000 -0.369567 0.000000
vt -0.141421 -0.369567 0.000000
vt -0.000000 -0.416564 0.000000
vt -0.141421 -0.416564 0.000000
vt 0.000000 -0.463560 0.000000
vt -0.141421 -0.463560 0.000000
vt 0.141421 -0.659034 0.000000
vt 0.000000 -0.659034 0.000000
vt 0.141421 -0.797919 0.000000
vt -0.000000 -0.811807 0.000000
vt 0.141421 -0.936803 0.000000
vt -0.000000 -0.964580 0.000000
vt 0.141421 -1.075687 0.000000
vt 0.000000 -1.117353 0.000000
vt 0.141421 -1.214572 0.000000
vt 0.000000 -1.270125 0.000000
vt 0.141421 -1.353456 0.000000
vt 0.000000 -1.422898 0.000000
vt 0.141421 -1.492340 0.000000
vt 0.000000 -1.575671 0.000000
vt 0.141421 -1.631224 0.000000
vt -0.000000 -1.728443 0.000000
vt 0.141421 -1.770109 0.000000
vt 0.000000 -1.881216 0.000000
vt 0.141421 -1.908993 0.000000
vt -0.000000 -2.033989 0.000000
vt 0.141421 -2.047877 0.000000
vt 0.000000 -2.186762 0.000000
vt 0.141421 -2.186762 0.000000
vt 0.000000 -0.081628 0.000000
vt -0.141421 -0.081628 0.000000
vt -0.000000 -0.132011 0.000000
vt -0.141421 -0.132011 0.000000
vt -0.000000 -0.182394 0.000000
vt -0.141421 -0.182394 0.000000
vt 0.000000 -0.232777 0.000000
vt -0.141421 -0.232777 0.000000
vt -0.000000 6.982525 0.000000
vt 0.141421 6.982525 0.000000
vt -0.000000 7.538999 0.000000
vt 0.141421 7.538999 0.000000
vt -0.000000 8.095472 0.000000
vt 0.141421 8.095472 0.000000
vt -0.000000 8.651946 0.000000
vt 0.141421 8.651946 0.000000
vt 0.000000 9.208420 0.000000
vt 0.141421 9.208420 0.000000
vt -0.000000 9.764894 0.000000
vt 0.141421 9.764894 0.000000
vt 0.000000 10.321368 0.000000
vt 0.141421 10.321368 0.000000
vt 0.141421 1.280276 0.000000
vt -0.000000 1.280276 0.000000
vt 0.141421 1.194237 0.000000
vt -0.000000 1.194237 0.000000
vt -0.000000 1.108198 0.000000
vt -0.000000 1.022160 0.000000
vt 0.141421 1.022160 0.000000
vt 0.141421 1.108198 0.000000
vt -0.141421 0.149911 0.000000
vt 0.000000 0.149911 0.000000
vt -0.141421 0.196907 0.000000
vt 0.000000 0.196907 0.000000
vt -0.141421 0.243904 0.000000
vt 0.000000 0.243904 0.000000
vt -0.141421 0.290900 0.000000
vt 0.000000 0.290900 0.000000
vt -0.141421 0.337896 0.000000
vt -0.000000 0.337896 0.000000
vt 0.000000 -0.836313 0.000000
vt -0.000000 -0.961029 0.000000
vt 0.141421 -0.836313 0.000000
vt 0.141421 -1.002601 0.000000
vt -0.000000 -1.085745 0.000000
vt 0.141421 -1.168889 0.000000
vt -0.000000 -1.210461 0.000000
vt 0.141421 -1.335177 0.000000
vt -0.000000 -1.335177 0.000000
vt 0.141421 -21.911736 0.000000
vt -0.000000 -21.911736 0.000000
vt 0.141421 -22.556199 0.000000
vt -0.000000 -22.556199 0.000000
vt 0.141421 -23.200662 0.000000
vt -0.000000 -23.200662 0.000000
vt 0.141421 -23.845125 0.000000
vt -0.000000 -23.845125 0.000000
vt 0.141421 -24.489587 0.000000
vt -0.000000 -24.489587 0.000000
vt -0.000000 1.335177 0.000000
vt -0.000000 1.210461 0.000000
vt 0.141421 1.335177 0.000000
vt 0.141421 1.168889 0.000000
vt -0.000000 1.085745 0.000000
vt 0.141421 1.002601 0.000000
vt 0.000000 0.961029 0.000000
vt 0.141421 0.836313 0.000000
vt 0.000000 0.836313 0.000000
vt -0.000000 11.308498 0.000000
vt 0.141421 11.308498 0.000000
vt -0.000000 11.864972 0.000000
vt 0.141421 11.864972 0.000000
vt -0.000000 12.421445 0.000000
vt 0.141421 12.421445 0.000000
vt -0.000000 12.977919 0.000000
vt 0.141421 12.977919 0.000000
vt -0.000000 13.534393 0.000000
vt 0.141421 13.534393 0.000000
vt 0.000000 14.090867 0.000000
vt 0.141421 14.090867 0.000000
vt 0.000000 14.647341 0.000000
vt 0.141421 14.647341 0.000000
vt 0.141421 -1.022160 0.000000
vt 0.000000 -1.022160 0.000000
vt 0.141421 -1.108198 0.000000
vt -0.000000 -1.108198 0.000000
vt 0.000000 -1.194237 0.000000
vt 0.000000 -1.280276 0.000000
vt 0.141421 -1.280276 0.000000
vt 0.141421 -1.194237 0.000000
vt -0.141421 0.212743 0.000000
vt 0.000000 0.212743 0.000000
vt -0.141421 0.259739 0.000000
vt -0.000000 0.259739 0.000000
vt -0.141421 0.306735 0.000000
vt 0.000000 0.306735 0.000000
vt -0.141421 0.353732 0.000000
vt -0.000000 0.353732 0.000000
vt -0.141421 0.400728 0.000000
vt 0.000000 0.400728 0.000000
vt -0.000000 0.232777 0.000000
vt -0.141421 0.232777 0.000000
vt 0.000000 0.182394 0.000000
vt -0.141421 0.182394 0.000000
vt -0.000000 0.132011 0.000000
vt -0.141421 0.132011 0.000000
vt -0.000000 0.081628 0.000000
vt -0.141421 0.081628 0.000000
vt 0.141421 0.910362 0.000000
vt 0.141421 1.055015 0.000000
vt 0.000000 0.910362 0.000000
vt -0.000000 1.071088 0.000000
vt 0.141421 1.199668 0.000000
vt 0.000000 1.231814 0.000000
vt 0.141421 1.344322 0.000000
vt -0.000000 1.392539 0.000000
vt 0.141421 1.488975 0.000000
vt -0.000000 1.553265 0.000000
vt 0.141421 1.633628 0.000000
vt -0.000000 1.713991 0.000000
vt 0.141421 1.778281 0.000000
vt 0.000000 1.874717 0.000000
vt 0.141421 1.922935 0.000000
vt 0.000000 2.035443 0.000000
vt 0.141421 2.067588 0.000000
vt -0.000000 2.196169 0.000000
vt 0.141421 2.212241 0.000000
vt -0.000000 2.356894 0.000000
vt 0.141421 2.356894 0.000000
vt 0.141421 -0.326512 0.000000
vt 0.000000 -0.326512 0.000000
vt 0.141421 -0.465397 0.000000
vt -0.000000 -0.479285 0.000000
vt 0.141421 -0.604281 0.000000
vt -0.000000 -0.632058 0.000000
vt 0.141421 -0.743165 0.000000
vt 0.000000 -0.784831 0.000000
vt 0.141421 -0.882050 0.000000
vt -0.000000 -0.937603 0.000000
vt 0.141421 -1.020934 0.000000
vt -0.000000 -1.090376 0.000000
vt 0.141421 -1.159818 0.000000
vt 0.000000 -1.243149 0.000000
vt 0.141421 -1.298702 0.000000
vt -0.000000 -1.395921 0.000000
vt 0.141421 -1.437587 0.000000
vt 0.000000 -1.548694 0.000000
vt 0.141421 -1.576471 0.000000
vt -0.000000 -1.701467 0.000000
vt 0.141421 -1.715355 0.000000
vt -0.000000 -1.854240 0.000000
vt 0.141421 -1.854240 0.000000
vt -0.141421 0.039095 0.000000
vt -0.000000 0.039095 0.000000
vt -0.141421 0.086091 0.000000
vt -0.000000 0.086091 0.000000
vt -0.141421 0.133088 0.000000
vt 0.000000 0.133088 0.000000
vt -0.141421 0.180084 0.000000
vt 0.000000 0.180084 0.000000
vt -0.141421 0.227080 0.000000
vt -0.000000 0.227080 0.000000
vt -0.000000 -0.164759 0.000000
vt -0.141421 -0.164759 0.000000
vt 0.000000 -0.211755 0.000000
vt -0.141421 -0.211755 0.000000
vt -0.000000 -0.258751 0.000000
vt -0.141421 -0.258751 0.000000
vt 0.000000 -0.305748 0.000000
vt -0.141421 -0.305748 0.000000
vt 0.000000 -0.352744 0.000000
vt -0.141421 -0.352744 0.000000
vt -0.000000 15.634471 0.000000
vt 0.141421 15.634471 0.000000
vt -0.000000 16.190945 0.000000
vt 0.141421 16.190945 0.000000
vt -0.000000 16.747419 0.000000
vt 0.141421 16.747419 0.000000
vt -0.000000 17.303892 0.000000
vt 0.141421 17.303892 0.000000
vt 0.000000 17.860366 0.000000
vt 0.141421 17.860366 0.000000
vt -0.000000 18.416840 0.000000
vt 0.141421 18.416840 0.000000
vt 0.000000 18.973314 0.000000
vt 0.141421 18.973314 0.000000
vt -0.219911 -0.460935 0.000000
vt -0.188496 -0.460935 0.000000
vt -0.219911 -0.382182 0.000000
vt -0.188496 -0.382182 0.000000
vt -0.219911 -0.303428 0.000000
vt -0.188496 -0.303428 0.000000
vt -0.219911 -0.224675 0.000000
vt -0.188496 -0.224675 0.000000
vt -0.188496 -0.145922 0.000000
vt -0.232473 -0.227541 0.000000
vt -0.251327 -0.303428 0.000000
vt -0.282743 -0.288786 0.000000
vt -0.282743 -0.346169 0.000000
vt -0.251327 -0.382182 0.000000
vt -0.282743 -0.403552 0.000000
vt -0.251327 -0.460935 0.000000
vt -0.282743 -0.460935 0.000000
vt -0.000000 0.129962 0.000000
vt 0.031416 0.129962 0.000000
vt -0.000000 0.263536 0.000000
vt 0.031416 0.263536 0.000000
vt 0.000000 0.397109 0.000000
vt 0.031416 0.397109 0.000000
vt 0.000000 0.530683 0.000000
vt 0.031416 0.530683 0.000000
vt 0.000000 0.664257 0.000000
vt 0.031416 0.664257 0.000000
vt 0.000000 0.797831 0.000000
vt 0.031416 0.797831 0.000000
vt 0.000000 0.931405 0.000000
vt 0.031416 0.931405 0.000000
vt 0.000000 1.064978 0.000000
vt 0.031416 1.064978 0.000000
vt 0.000000 1.198552 0.000000
vt 0.031416 1.198552 0.000000
vt 0.000000 1.332126 0.000000
vt 0.031416 1.332126 0.000000
vt 0.062832 1.198552 0.000000
vt 0.062832 1.332126 0.000000
vt 0.094248 1.332126 0.000000
vt 0.094248 1.181855 0.000000
vt 0.062832 1.064978 0.000000
vt 0.094248 1.031585 0.000000
vt 0.062832 0.931405 0.000000
vt 0.094248 0.881314 0.000000
vt 0.062832 0.797831 0.000000
vt 0.094248 0.731044 0.000000
vt 0.062832 0.664257 0.000000
vt 0.094248 0.580773 0.000000
vt 0.062832 0.530683 0.000000
vt 0.094248 0.430503 0.000000
vt 0.062832 0.397109 0.000000
vt 0.094248 0.280232 0.000000
vt 0.062832 0.263536 0.000000
vt 0.094248 0.129962 0.000000
vt 0.062832 0.129962 0.000000
vt -0.219911 -0.389661 0.000000
vt -0.188496 -0.389661 0.000000
vt -0.219911 -0.326339 0.000000
vt -0.188496 -0.305232 0.000000
vt -0.219911 -0.263018 0.000000
vt -0.188496 -0.220803 0.000000
vt -0.219911 -0.199696 0.000000
vt -0.188496 -0.136375 0.000000
vt -0.232078 -0.206546 0.000000
vt -0.282743 -0.255853 0.000000
vt -0.251327 -0.263018 0.000000
vt -0.282743 -0.300455 0.000000
vt -0.251327 -0.326339 0.000000
vt -0.282743 -0.345058 0.000000
vt -0.251327 -0.389661 0.000000
vt -0.282743 -0.389661 0.000000
vt -0.000000 0.271353 0.000000
vt 0.031416 0.271353 0.000000
vt 0.000000 0.398318 0.000000
vt 0.031416 0.412425 0.000000
vt 0.000000 0.525282 0.000000
vt 0.031416 0.553496 0.000000
vt 0.000000 0.652246 0.000000
vt 0.031416 0.694567 0.000000
vt 0.000000 0.779210 0.000000
vt 0.031416 0.835639 0.000000
vt 0.000000 0.906174 0.000000
vt 0.031416 0.976710 0.000000
vt 0.000000 1.033139 0.000000
vt 0.031416 1.117782 0.000000
vt 0.000000 1.160103 0.000000
vt 0.031416 1.258853 0.000000
vt 0.000000 1.287067 0.000000
vt 0.031416 1.399924 0.000000
vt -0.000000 1.414031 0.000000
vt 0.031416 1.540996 0.000000
vt -0.000000 1.540996 0.000000
vt 0.062832 0.271353 0.000000
vt 0.062832 0.412425 0.000000
vt 0.062832 0.553496 0.000000
vt 0.062832 0.694567 0.000000
vt 0.062832 0.835639 0.000000
vt 0.062832 0.976710 0.000000
vt 0.062832 1.117782 0.000000
vt 0.062832 1.258853 0.000000
vt 0.062832 1.399924 0.000000
vt 0.062832 1.540996 0.000000
vt 0.094248 1.399924 0.000000
vt 0.094248 1.540996 0.000000
vt 0.094248 0.271353 0.000000
vt 0.094248 0.412425 0.000000
vt 0.094248 0.553496 0.000000
vt 0.094248 0.694567 0.000000
vt 0.094248 0.835639 0.000000
vt 0.094248 0.976710 0.000000
vt 0.094248 1.117782 0.000000
vt 0.094248 1.258853 0.000000
vt 0.000000 0.547701 0.000000
vt 0.031416 0.547701 0.000000
vt 0.000000 0.674665 0.000000
vt 0.031416 0.688773 0.000000
vt 0.000000 0.801630 0.000000
vt 0.031416 0.829844 0.000000
vt 0.000000 0.928594 0.000000
vt 0.031416 0.970915 0.000000
vt 0.000000 1.055558 0.000000
vt 0.031416 1.111987 0.000000
vt 0.000000 1.182522 0.000000
vt 0.031416 1.253058 0.000000
vt 0.000000 1.309486 0.000000
vt 0.031416 1.394129 0.000000
vt -0.000000 1.436451 0.000000
vt 0.031416 1.535201 0.000000
vt -0.000000 1.563415 0.000000
vt 0.031416 1.676272 0.000000
vt -0.000000 1.690379 0.000000
vt 0.031416 1.817343 0.000000
vt -0.000000 1.817343 0.000000
vt 0.062832 0.547701 0.000000
vt 0.062832 0.688773 0.000000
vt 0.062832 0.829844 0.000000
vt 0.062832 0.970915 0.000000
vt 0.062832 1.111987 0.000000
vt 0.062832 1.253058 0.000000
vt 0.062832 1.394129 0.000000
vt 0.062832 1.535201 0.000000
vt 0.062832 1.676272 0.000000
vt 0.062832 1.817343 0.000000
vt 0.094248 1.676272 0.000000
vt 0.094248 1.817343 0.000000
vt 0.094248 0.547701 0.000000
vt 0.094248 0.688773 0.000000
vt 0.094248 0.829844 0.000000
vt 0.094248 0.970915 0.000000
vt 0.094248 1.111987 0.000000
vt 0.094248 1.253058 0.000000
vt 0.094248 1.394129 0.000000
vt 0.094248 1.535201 0.000000
vt 0.094248 0.389661 0.000000
vt 0.094248 0.345058 0.000000
vt 0.125664 0.389661 0.000000
vt 0.125664 0.326339 0.000000
vt 0.157080 0.326339 0.000000
vt 0.157080 0.263018 0.000000
vt 0.188496 0.305232 0.000000
vt 0.188496 0.220803 0.000000
vt 0.157080 0.199696 0.000000
vt 0.188496 0.136375 0.000000
vt 0.144913 0.206546 0.000000
vt 0.125664 0.263018 0.000000
vt 0.094248 0.255853 0.000000
vt 0.094248 0.300455 0.000000
vt 0.188496 0.389661 0.000000
vt 0.157080 0.389661 0.000000
vt 0.000000 0.756571 0.000000
vt 0.031416 0.756571 0.000000
vt 0.000000 0.890145 0.000000
vt 0.031416 0.890145 0.000000
vt 0.000000 1.023718 0.000000
vt 0.031416 1.023718 0.000000
vt 0.000000 1.157292 0.000000
vt 0.031416 1.157292 0.000000
vt 0.000000 1.290866 0.000000
vt 0.031416 1.290866 0.000000
vt -0.000000 1.424440 0.000000
vt 0.031416 1.424440 0.000000
vt -0.000000 1.558014 0.000000
vt 0.031416 1.558014 0.000000
vt -0.000000 1.691587 0.000000
vt 0.031416 1.691587 0.000000
vt -0.000000 1.825161 0.000000
vt 0.031416 1.825161 0.000000
vt -0.000000 1.958735 0.000000
vt 0.031416 1.958735 0.000000
vt 0.062832 1.825161 0.000000
vt 0.062832 1.958735 0.000000
vt 0.094248 1.958735 0.000000
vt 0.094248 1.808464 0.000000
vt 0.062832 1.691587 0.000000
vt 0.094248 1.658194 0.000000
vt 0.062832 1.558014 0.000000
vt 0.094248 1.507923 0.000000
vt 0.062832 1.424440 0.000000
vt 0.094248 1.357653 0.000000
vt 0.062832 1.290866 0.000000
vt 0.094248 1.207382 0.000000
vt 0.062832 1.157292 0.000000
vt 0.094248 1.057112 0.000000
vt 0.062832 1.023718 0.000000
vt 0.094248 0.906841 0.000000
vt 0.062832 0.890145 0.000000
vt 0.094248 0.756571 0.000000
vt 0.062832 0.756571 0.000000
vt 0.094248 0.460935 0.000000
vt 0.094248 0.403552 0.000000
vt 0.125664 0.460935 0.000000
vt 0.125664 0.382182 0.000000
vt 0.157080 0.382182 0.000000
vt 0.157080 0.303428 0.000000
vt 0.188496 0.303428 0.000000
vt 0.188496 0.224675 0.000000
vt 0.157080 0.224675 0.000000
vt 0.188496 0.145922 0.000000
vt 0.144518 0.227541 0.000000
vt 0.125664 0.303428 0.000000
vt 0.094248 0.288786 0.000000
vt 0.094248 0.346169 0.000000
vt 0.188496 0.382182 0.000000
vt 0.157080 0.460935 0.000000
vt 0.188496 0.460935 0.000000
vt 0.094248 -0.486671 0.000000
vt 0.094248 -0.544054 0.000000
vt 0.125664 -0.486671 0.000000
vt 0.125664 -0.565425 0.000000
vt 0.157080 -0.565425 0.000000
vt 0.157080 -0.644178 0.000000
vt 0.188496 -0.644178 0.000000
vt 0.188496 -0.722931 0.000000
vt 0.157080 -0.722931 0.000000
vt 0.188496 -0.801685 0.000000
vt 0.144518 -0.720065 0.000000
vt 0.125664 -0.644178 0.000000
vt 0.094248 -0.658821 0.000000
vt 0.094248 -0.601438 0.000000
vt 0.188496 -0.565425 0.000000
vt 0.157080 -0.486671 0.000000
vt 0.188496 -0.486671 0.000000
vt -0.219911 0.065513 0.000000
vt -0.188496 0.065513 0.000000
vt -0.219911 0.144266 0.000000
vt -0.188496 0.144266 0.000000
vt -0.219911 0.223020 0.000000
vt -0.188496 0.223020 0.000000
vt -0.219911 0.301773 0.000000
vt -0.188496 0.301773 0.000000
vt -0.188496 0.380526 0.000000
vt -0.232473 0.298907 0.000000
vt -0.251327 0.223020 0.000000
vt -0.282743 0.237662 0.000000
vt -0.282743 0.180279 0.000000
vt -0.251327 0.144266 0.000000
vt -0.282743 0.122896 0.000000
vt -0.251327 0.065513 0.000000
vt -0.282743 0.065513 0.000000
vt 0.094248 -0.381382 0.000000
vt 0.094248 -0.438765 0.000000
vt 0.125664 -0.381382 0.000000
vt 0.125664 -0.460135 0.000000
vt 0.157080 -0.460135 0.000000
vt 0.157080 -0.538888 0.000000
vt 0.188496 -0.538888 0.000000
vt 0.188496 -0.617642 0.000000
vt 0.157080 -0.617642 0.000000
vt 0.188496 -0.696395 0.000000
vt 0.144518 -0.614776 0.000000
vt 0.125664 -0.538888 0.000000
vt 0.094248 -0.553531 0.000000
vt 0.094248 -0.496148 0.000000
vt 0.188496 -0.460135 0.000000
vt 0.157080 -0.381382 0.000000
vt 0.188496 -0.381382 0.000000
vt -0.219911 0.136787 0.000000
vt -0.188496 0.136787 0.000000
vt -0.219911 0.200109 0.000000
vt -0.188496 0.221216 0.000000
vt -0.219911 0.263430 0.000000
vt -0.188496 0.305645 0.000000
vt -0.219911 0.326752 0.000000
vt -0.188496 0.390073 0.000000
vt -0.232078 0.319902 0.000000
vt -0.282743 0.270595 0.000000
vt -0.251327 0.263430 0.000000
vt -0.282743 0.225993 0.000000
vt -0.251327 0.200109 0.000000
vt -0.282743 0.181390 0.000000
vt -0.251327 0.136787 0.000000
vt -0.282743 0.136787 0.000000
vt 0.094248 -0.276092 0.000000
vt 0.094248 -0.333475 0.000000
vt 0.125664 -0.276092 0.000000
vt 0.125664 -0.354845 0.000000
vt 0.157080 -0.354845 0.000000
vt 0.157080 -0.433599 0.000000
vt 0.188496 -0.433599 0.000000
vt 0.188496 -0.512352 0.000000
vt 0.157080 -0.512352 0.000000
vt 0.188496 -0.591106 0.000000
vt 0.144518 -0.509486 0.000000
vt 0.125664 -0.433599 0.000000
vt 0.094248 -0.448242 0.000000
vt 0.094248 -0.390858 0.000000
vt 0.188496 -0.354845 0.000000
vt 0.157080 -0.276092 0.000000
vt 0.188496 -0.276092 0.000000
vt -0.219911 0.276092 0.000000
vt -0.188496 0.276092 0.000000
vt -0.219911 0.354845 0.000000
vt -0.188496 0.354845 0.000000
vt -0.219911 0.433599 0.000000
vt -0.188496 0.433599 0.000000
vt -0.219911 0.512352 0.000000
vt -0.188496 0.512352 0.000000
vt -0.188496 0.591106 0.000000
vt -0.232473 0.509486 0.000000
vt -0.251327 0.433599 0.000000
vt -0.282743 0.448242 0.000000
vt -0.282743 0.390858 0.000000
vt -0.251327 0.354845 0.000000
vt -0.282743 0.333475 0.000000
vt -0.251327 0.276092 0.000000
vt -0.282743 0.276092 0.000000
vt 0.094248 -0.136787 0.000000
vt 0.094248 -0.181390 0.000000
vt 0.125664 -0.136787 0.000000
vt 0.125664 -0.200109 0.000000
vt 0.157080 -0.200109 0.000000
vt 0.157080 -0.263430 0.000000
vt 0.188496 -0.221216 0.000000
vt 0.188496 -0.305645 0.000000
vt 0.157080 -0.326752 0.000000
vt 0.188496 -0.390073 0.000000
vt 0.144913 -0.319902 0.000000
vt 0.125664 -0.263430 0.000000
vt 0.094248 -0.270595 0.000000
vt 0.094248 -0.225993 0.000000
vt 0.188496 -0.136787 0.000000
vt 0.157080 -0.136787 0.000000
vt -0.219911 0.381382 0.000000
vt -0.188496 0.381382 0.000000
vt -0.219911 0.460135 0.000000
vt -0.188496 0.460135 0.000000
vt -0.219911 0.538888 0.000000
vt -0.188496 0.538888 0.000000
vt -0.219911 0.617642 0.000000
vt -0.188496 0.617642 0.000000
vt -0.188496 0.696395 0.000000
vt -0.232473 0.614776 0.000000
vt -0.251327 0.538888 0.000000
vt -0.282743 0.553531 0.000000
vt -0.282743 0.496148 0.000000
vt -0.251327 0.460135 0.000000
vt -0.282743 0.438765 0.000000
vt -0.251327 0.381382 0.000000
vt -0.282743 0.381382 0.000000
vt 0.094248 -0.065513 0.000000
vt 0.094248 -0.122896 0.000000
vt 0.125664 -0.065513 0.000000
vt 0.125664 -0.144266 0.000000
vt 0.157080 -0.144266 0.000000
vt 0.157080 -0.223020 0.000000
vt 0.188496 -0.223020 0.000000
vt 0.188496 -0.301773 0.000000
vt 0.157080 -0.301773 0.000000
vt 0.188496 -0.380526 0.000000
vt 0.144518 -0.298907 0.000000
vt 0.125664 -0.223020 0.000000
vt 0.094248 -0.237662 0.000000
vt 0.094248 -0.180279 0.000000
vt 0.188496 -0.144266 0.000000
vt 0.157080 -0.065513 0.000000
vt 0.188496 -0.065513 0.000000
vt -0.219911 0.486671 0.000000
vt -0.188496 0.486671 0.000000
vt -0.219911 0.565425 0.000000
vt -0.188496 0.565425 0.000000
vt -0.219911 0.644178 0.000000
vt -0.188496 0.644178 0.000000
vt -0.219911 0.722931 0.000000
vt -0.188496 0.722931 0.000000
vt -0.188496 0.801685 0.000000
vt -0.232473 0.720066 0.000000
vt -0.251327 0.644178 0.000000
vt -0.282743 0.658821 0.000000
vt -0.282743 0.601438 0.000000
vt -0.251327 0.565425 0.000000
vt -0.282743 0.544054 0.000000
vt -0.251327 0.486671 0.000000
vt -0.282743 0.486671 0.000000
vt 0.008241 0.086583 0.000000
vt 0.004118 0.032468 0.000000
vt 0.008241 0.000000 0.000000
vt 0.004118 0.021646 0.000000
vt 0.000000 0.000000 0.000000
vt 0.004118 0.043291 0.000000
vt 0.004118 0.054114 0.000000
vt 0.004118 0.064937 0.000000
vt -0.000000 0.086583 0.000000
vt 0.004118 0.075760 0.000000
vt 0.004118 0.086583 0.000000
vt 0.004118 0.108228 0.000000
vt 0.004118 0.122659 0.000000
vt 0.004118 0.129874 0.000000
vt 0.004118 0.151520 0.000000
vt 0.008241 0.173165 0.000000
vt -0.000000 0.173165 0.000000
vt 0.000000 19.255571 0.000000
vt 0.014142 19.255571 0.000000
vt -0.000000 19.412188 0.000000
vt 0.014142 19.412188 0.000000
vt -0.000000 19.568804 0.000000
vt 0.014142 19.568804 0.000000
vt -0.000000 19.725421 0.000000
vt 0.014142 19.725421 0.000000
vt -0.000000 -1.437422 0.000000
vt 0.014142 -1.437422 0.000000
vt 0.000000 -1.396028 0.000000
vt 0.014142 -1.396028 0.000000
vt -0.000000 -1.354634 0.000000
vt 0.014142 -1.354634 0.000000
vt -0.000000 -1.313240 0.000000
vt 0.014142 -1.313240 0.000000
vt 0.008493 0.000000 0.000000
vt 0.004246 0.009668 0.000000
vt 0.000000 0.000000 0.000000
vt 0.004246 0.019336 0.000000
vt 0.000000 0.038672 0.000000
vt 0.004246 0.029004 0.000000
vt 0.004246 0.033838 0.000000
vt 0.004246 0.038672 0.000000
vt 0.008493 0.077343 0.000000
vt 0.004246 0.048340 0.000000
vt 0.004246 0.058008 0.000000
vt 0.000000 0.077343 0.000000
vt 0.004246 0.077343 0.000000
vt 0.004246 0.087011 0.000000
vt 0.004246 0.096679 0.000000
vt 0.004246 0.106347 0.000000
vt 0.004246 0.116015 0.000000
vt 0.004246 0.128906 0.000000
vt 0.004246 0.135351 0.000000
vt 0.008493 0.154687 0.000000
vt 0.000000 0.154687 0.000000
vt 0.008241 0.086583 0.000000
vt 0.004120 0.043291 0.000000
vt 0.008241 0.000000 0.000000
vt 0.004120 0.037880 0.000000
vt 0.004120 0.032468 0.000000
vt 0.000000 0.000000 0.000000
vt 0.004120 0.021646 0.000000
vt 0.004120 0.010823 0.000000
vt 0.008241 0.173165 0.000000
vt 0.004120 0.151520 0.000000
vt 0.004120 0.129874 0.000000
vt 0.004120 0.122659 0.000000
vt 0.000000 0.086583 0.000000
vt 0.004120 0.108228 0.000000
vt 0.004120 0.086583 0.000000
vt 0.004120 0.075760 0.000000
vt 0.004120 0.064937 0.000000
vt 0.004120 0.054114 0.000000
vt 0.004120 0.048703 0.000000
vt 0.000000 0.173165 0.000000
vt 0.014142 -19.255571 0.000000
vt -0.000000 -19.255571 0.000000
vt 0.014142 -19.412188 0.000000
vt -0.000000 -19.412188 0.000000
vt 0.014142 -19.568804 0.000000
vt -0.000000 -19.568804 0.000000
vt 0.014142 -19.725421 0.000000
vt -0.000000 -19.725421 0.000000
vt 0.014142 1.437422 0.000000
vt -0.000000 1.437422 0.000000
vt 0.014142 1.396028 0.000000
vt -0.000000 1.396028 0.000000
vt 0.014142 1.354634 0.000000
vt -0.000000 1.354634 0.000000
vt 0.014142 1.313240 0.000000
vt -0.000000 1.313240 0.000000
vt 0.008493 0.038672 0.000000
vt 0.004244 0.019336 0.000000
vt 0.008493 0.000000 0.000000
vt 0.004244 0.009668 0.000000
vt 0.000000 0.000000 0.000000
vt 0.004244 0.024170 0.000000
vt 0.004244 0.029004 0.000000
vt 0.004244 0.033838 0.000000
vt 0.004244 0.038672 0.000000
vt -0.000000 0.077343 0.000000
vt 0.004244 0.048340 0.000000
vt 0.004244 0.058008 0.000000
vt 0.008493 0.077343 0.000000
vt 0.004244 0.067676 0.000000
vt 0.004244 0.077343 0.000000
vt 0.004244 0.087011 0.000000
vt 0.004244 0.096679 0.000000
vt 0.004244 0.106347 0.000000
vt 0.004244 0.116015 0.000000
vt 0.004244 0.135351 0.000000
vt 0.004244 0.145019 0.000000
vt 0.004244 0.149853 0.000000
vt 0.004244 0.152270 0.000000
vt -0.000000 0.154687 0.000000
vt 0.008493 0.154687 0.000000
vt 0.008241 0.086583 0.000000
vt 0.004120 0.043291 0.000000
vt 0.008241 0.000000 0.000000
vt 0.004120 0.037880 0.000000
vt 0.004120 0.032468 0.000000
vt 0.000000 0.000000 0.000000
vt 0.004120 0.021646 0.000000
vt 0.004120 0.010823 0.000000
vt 0.008241 0.173165 0.000000
vt 0.004120 0.151520 0.000000
vt 0.004120 0.129874 0.000000
vt 0.004120 0.122659 0.000000
vt 0.000000 0.086583 0.000000
vt 0.004120 0.108228 0.000000
vt 0.004120 0.086583 0.000000
vt 0.004120 0.075760 0.000000
vt 0.004120 0.064937 0.000000
vt 0.004120 0.054114 0.000000
vt 0.004120 0.048703 0.000000
vt 0.000000 0.173165 0.000000
vt 0.014142 -14.901324 0.000000
vt -0.000000 -14.901324 0.000000
vt 0.014142 -15.127019 0.000000
vt -0.000000 -15.127019 0.000000
vt 0.014142 -15.352713 0.000000
vt -0.000000 -15.352713 0.000000
vt 0.014142 -15.578408 0.000000
vt 0.000000 -15.578408 0.000000
vt 0.008241 0.086583 0.000000
vt 0.004118 0.032468 0.000000
vt 0.008241 0.000000 0.000000
vt 0.004118 0.021646 0.000000
vt 0.004118 0.010823 0.000000
vt 0.000000 0.000000 0.000000
vt 0.008241 0.173165 0.000000
vt 0.004118 0.151520 0.000000
vt 0.004118 0.129874 0.000000
vt 0.004118 0.122659 0.000000
vt -0.000000 0.086583 0.000000
vt 0.004118 0.108228 0.000000
vt 0.004118 0.086583 0.000000
vt 0.004118 0.075760 0.000000
vt 0.004118 0.064937 0.000000
vt 0.004118 0.054114 0.000000
vt 0.004118 0.048703 0.000000
vt 0.004118 0.043291 0.000000
vt 0.004118 0.037880 0.000000
vt -0.000000 0.173165 0.000000
vt 0.008241 0.086583 0.000000
vt 0.004120 0.043291 0.000000
vt 0.008241 0.000000 0.000000
vt 0.004120 0.037880 0.000000
vt 0.004120 0.032468 0.000000
vt 0.000000 0.000000 0.000000
vt 0.004120 0.021646 0.000000
vt 0.004120 0.010823 0.000000
vt 0.008241 0.173165 0.000000
vt 0.004120 0.151520 0.000000
vt 0.004120 0.129874 0.000000
vt 0.004120 0.122659 0.000000
vt 0.000000 0.086583 0.000000
vt 0.004120 0.108228 0.000000
vt 0.004120 0.086583 0.000000
vt 0.004120 0.075760 0.000000
vt 0.004120 0.064937 0.000000
vt 0.004120 0.054114 0.000000
vt 0.004120 0.048703 0.000000
vt 0.000000 0.173165 0.000000
vt 0.014142 -10.547076 0.000000
vt -0.000000 -10.547076 0.000000
vt 0.014142 -10.772771 0.000000
vt 0.000000 -10.772771 0.000000
vt 0.014142 -10.998466 0.000000
vt 0.000000 -10.998466 0.000000
vt 0.014142 -11.224161 0.000000
vt 0.000000 -11.224161 0.000000
vt 0.008241 0.086583 0.000000
vt 0.004118 0.032468 0.000000
vt 0.008241 0.000000 0.000000
vt 0.004118 0.021646 0.000000
vt 0.004118 0.010823 0.000000
vt 0.000000 0.000000 0.000000
vt 0.008241 0.173165 0.000000
vt 0.004118 0.151520 0.000000
vt 0.004118 0.129874 0.000000
vt 0.004118 0.122659 0.000000
vt 0.000000 0.086583 0.000000
vt 0.004118 0.108228 0.000000
vt 0.004118 0.086583 0.000000
vt 0.004118 0.075760 0.000000
vt 0.004118 0.064937 0.000000
vt 0.004118 0.054114 0.000000
vt 0.004118 0.048703 0.000000
vt 0.004118 0.043291 0.000000
vt 0.004118 0.037880 0.000000
vt 0.000000 0.173165 0.000000
vt 0.008241 0.086583 0.000000
vt 0.004120 0.043291 0.000000
vt 0.008241 0.000000 0.000000
vt 0.004120 0.037880 0.000000
vt 0.004120 0.032468 0.000000
vt 0.000000 0.000000 0.000000
vt 0.004120 0.021646 0.000000
vt 0.004120 0.010823 0.000000
vt 0.008241 0.173165 0.000000
vt 0.004120 0.151520 0.000000
vt 0.004120 0.129874 0.000000
vt 0.004120 0.122659 0.000000
vt 0.000000 0.086583 0.000000
vt 0.004120 0.108228 0.000000
vt 0.004120 0.086583 0.000000
vt 0.004120 0.075760 0.000000
vt 0.004120 0.064937 0.000000
vt 0.004120 0.054114 0.000000
vt 0.004120 0.048703 0.000000
vt 0.000000 0.173165 0.000000
vt 0.014142 -6.192829 0.000000
vt -0.000000 -6.192829 0.000000
vt 0.014142 -6.418524 0.000000
vt 0.000000 -6.418524 0.000000
vt 0.014142 -6.644218 0.000000
vt 0.000000 -6.644218 0.000000
vt 0.014142 -6.869913 0.000000
vt 0.000000 -6.869913 0.000000
vt 0.008241 0.086583 0.000000
vt 0.004118 0.032468 0.000000
vt 0.008241 0.000000 0.000000
vt 0.004118 0.021646 0.000000
vt 0.004118 0.010823 0.000000
vt 0.000000 0.000000 0.000000
vt 0.008241 0.173165 0.000000
vt 0.004118 0.151520 0.000000
vt 0.004118 0.129874 0.000000
vt 0.004118 0.122659 0.000000
vt -0.000000 0.086583 0.000000
vt 0.004118 0.108228 0.000000
vt 0.004118 0.086583 0.000000
vt 0.004118 0.075760 0.000000
vt 0.004118 0.064937 0.000000
vt 0.004118 0.054114 0.000000
vt 0.004118 0.048703 0.000000
vt 0.004118 0.043291 0.000000
vt 0.004118 0.037880 0.000000
vt -0.000000 0.173165 0.000000
vt 0.008241 0.086583 0.000000
vt 0.004119 0.032468 0.000000
vt 0.008241 0.000000 0.000000
vt 0.004119 0.021646 0.000000
vt 0.000000 0.000000 0.000000
vt 0.004119 0.043291 0.000000
vt 0.004119 0.054114 0.000000
vt 0.004119 0.064937 0.000000
vt -0.000000 0.086583 0.000000
vt 0.004119 0.075760 0.000000
vt 0.004119 0.086583 0.000000
vt 0.004119 0.108228 0.000000
vt 0.004119 0.122659 0.000000
vt 0.004119 0.129874 0.000000
vt 0.004119 0.151520 0.000000
vt 0.008241 0.173165 0.000000
vt -0.000000 0.173165 0.000000
vt -0.000000 -2.515666 0.000000
vt 0.014142 -2.515666 0.000000
vt -0.000000 -2.359049 0.000000
vt 0.014142 -2.359049 0.000000
vt 0.000000 -2.202433 0.000000
vt 0.014142 -2.202433 0.000000
vt -0.000000 -2.045816 0.000000
vt 0.014142 -2.045816 0.000000
vt -0.000000 0.149082 0.000000
vt 0.014142 0.149082 0.000000
vt 0.000000 0.190476 0.000000
vt 0.014142 0.190476 0.000000
vt 0.000000 0.231870 0.000000
vt 0.014142 0.231870 0.000000
vt -0.000000 0.273264 0.000000
vt 0.014142 0.273264 0.000000
vt 0.008493 0.000000 0.000000
vt 0.004246 0.009668 0.000000
vt 0.000000 0.000000 0.000000
vt 0.004246 0.019336 0.000000
vt 0.000000 0.038672 0.000000
vt 0.004246 0.029004 0.000000
vt 0.004246 0.033838 0.000000
vt 0.004246 0.038672 0.000000
vt 0.008493 0.077343 0.000000
vt 0.004246 0.048340 0.000000
vt 0.004246 0.058008 0.000000
vt 0.000000 0.077343 0.000000
vt 0.004246 0.077343 0.000000
vt 0.004246 0.087011 0.000000
vt 0.004246 0.096679 0.000000
vt 0.004246 0.106347 0.000000
vt 0.004246 0.116015 0.000000
vt 0.004246 0.128906 0.000000
vt 0.004246 0.135351 0.000000
vt 0.008493 0.154687 0.000000
vt 0.000000 0.154687 0.000000
vt 0.008241 0.173165 0.000000
vt 0.004121 0.151520 0.000000
vt 0.008241 0.105974 0.000000
vt 0.004121 0.129874 0.000000
vt 0.004121 0.122659 0.000000
vt 0.000001 0.105970 0.000000
vt 0.004121 0.108228 0.000000
vt 0.004121 0.086583 0.000000
vt 0.004121 0.075760 0.000000
vt 0.004121 0.064937 0.000000
vt 0.000000 0.053879 0.000000
vt 0.004121 0.054114 0.000000
vt 0.004121 0.043291 0.000000
vt 0.008241 -0.000000 0.000000
vt 0.004121 0.032468 0.000000
vt 0.004121 0.021646 0.000000
vt 0.000000 0.000000 0.000000
vt 0.000001 0.173165 0.000000
vt 0.014142 2.515666 0.000000
vt 0.000000 2.515666 0.000000
vt 0.014142 2.359049 0.000000
vt -0.000000 2.359049 0.000000
vt 0.014142 2.202433 0.000000
vt 0.000000 2.202433 0.000000
vt 0.014142 2.045816 0.000000
vt 0.000000 2.045816 0.000000
vt 0.014142 -0.149082 0.000000
vt 0.000000 -0.149082 0.000000
vt 0.014142 -0.190476 0.000000
vt 0.000000 -0.190476 0.000000
vt 0.014142 -0.231870 0.000000
vt -0.000000 -0.231870 0.000000
vt 0.014142 -0.273264 0.000000
vt 0.000000 -0.273264 0.000000
vt 0.008493 0.038672 0.000000
vt 0.004244 0.019336 0.000000
vt 0.008493 0.000000 0.000000
vt 0.004244 0.009668 0.000000
vt 0.000000 0.000000 0.000000
vt 0.004244 0.029004 0.000000
vt 0.004244 0.033838 0.000000
vt 0.004244 0.038672 0.000000
vt -0.000000 0.077343 0.000000
vt 0.004244 0.048340 0.000000
vt 0.004244 0.058008 0.000000
vt 0.008493 0.077343 0.000000
vt 0.004244 0.077343 0.000000
vt 0.004244 0.087011 0.000000
vt 0.004244 0.096679 0.000000
vt 0.004244 0.106347 0.000000
vt 0.004244 0.116015 0.000000
vt 0.004244 0.128906 0.000000
vt 0.004244 0.135351 0.000000
vt -0.000000 0.154687 0.000000
vt 0.008493 0.154687 0.000000
vt 0.008241 0.086583 0.000000
vt 0.004120 0.043291 0.000000
vt 0.008241 0.000000 0.000000
vt 0.004120 0.032468 0.000000
vt 0.004120 0.021646 0.000000
vt 0.000000 0.000000 0.000000
vt 0.008241 0.173165 0.000000
vt 0.004120 0.151520 0.000000
vt 0.004120 0.129874 0.000000
vt 0.004120 0.122659 0.000000
vt 0.000000 0.086583 0.000000
vt 0.004120 0.108228 0.000000
vt 0.004120 0.086583 0.000000
vt 0.004120 0.075760 0.000000
vt 0.004120 0.064937 0.000000
vt 0.004120 0.054114 0.000000
vt 0.000000 0.173165 0.000000
vt 0.014142 6.869913 0.000000
vt 0.000000 6.869913 0.000000
vt 0.014142 6.644218 0.000000
vt 0.000000 6.644218 0.000000
vt 0.014142 6.418524 0.000000
vt 0.000000 6.418524 0.000000
vt 0.014142 6.192829 0.000000
vt 0.000000 6.192829 0.000000
vt 0.008241 0.086583 0.000000
vt 0.004118 0.032468 0.000000
vt 0.008241 0.000000 0.000000
vt 0.004118 0.021646 0.000000
vt 0.000000 0.000000 0.000000
vt 0.004118 0.043291 0.000000
vt 0.004118 0.054114 0.000000
vt 0.004118 0.064937 0.000000
vt 0.000000 0.086583 0.000000
vt 0.004118 0.075760 0.000000
vt 0.004118 0.086583 0.000000
vt 0.004118 0.108228 0.000000
vt 0.004118 0.122659 0.000000
vt 0.004118 0.129874 0.000000
vt 0.004118 0.151520 0.000000
vt 0.008241 0.173165 0.000000
vt 0.000000 0.173165 0.000000
vt 0.008241 0.086583 0.000000
vt 0.004120 0.043291 0.000000
vt 0.008241 0.000000 0.000000
vt 0.004120 0.037880 0.000000
vt 0.004120 0.032468 0.000000
vt 0.000000 0.000000 0.000000
vt 0.004120 0.021646 0.000000
vt 0.004120 0.010823 0.000000
vt 0.008241 0.173165 0.000000
vt 0.004120 0.151520 0.000000
vt 0.004120 0.129874 0.000000
vt 0.004120 0.122659 0.000000
vt 0.000000 0.086583 0.000000
vt 0.004120 0.108228 0.000000
vt 0.004120 0.086583 0.000000
vt 0.004120 0.075760 0.000000
vt 0.004120 0.064937 0.000000
vt 0.004120 0.054114 0.000000
vt 0.004120 0.048703 0.000000
vt 0.000000 0.173165 0.000000
vt 0.014142 11.224161 0.000000
vt 0.000000 11.224161 0.000000
vt 0.014142 10.998466 0.000000
vt -0.000000 10.998466 0.000000
vt 0.014142 10.772771 0.000000
vt -0.000000 10.772771 0.000000
vt 0.014142 10.547076 0.000000
vt -0.000000 10.547076 0.000000
vt 0.008241 0.086583 0.000000
vt 0.004118 0.032468 0.000000
vt 0.008241 0.000000 0.000000
vt 0.004118 0.021646 0.000000
vt 0.004118 0.010823 0.000000
vt 0.000000 0.000000 0.000000
vt 0.008241 0.173165 0.000000
vt 0.004118 0.151520 0.000000
vt 0.004118 0.129874 0.000000
vt 0.004118 0.122659 0.000000
vt 0.000000 0.086583 0.000000
vt 0.004118 0.108228 0.000000
vt 0.004118 0.086583 0.000000
vt 0.004118 0.075760 0.000000
vt 0.004118 0.064937 0.000000
vt 0.004118 0.054114 0.000000
vt 0.004118 0.048703 0.000000
vt 0.004118 0.043291 0.000000
vt 0.004118 0.037880 0.000000
vt 0.000000 0.173165 0.000000
vt 0.008241 0.086583 0.000000
vt 0.004120 0.043291 0.000000
vt 0.008241 0.000000 0.000000
vt 0.004120 0.037880 0.000000
vt 0.004120 0.032468 0.000000
vt 0.000000 0.000000 0.000000
vt 0.004120 0.021646 0.000000
vt 0.004120 0.010823 0.000000
vt 0.008241 0.173165 0.000000
vt 0.004120 0.151520 0.000000
vt 0.004120 0.129874 0.000000
vt 0.004120 0.122659 0.000000
vt 0.000000 0.086583 0.000000
vt 0.004120 0.108228 0.000000
vt 0.004120 0.086583 0.000000
vt 0.004120 0.075760 0.000000
vt 0.004120 0.064937 0.000000
vt 0.004120 0.054114 0.000000
vt 0.004120 0.048703 0.000000
vt 0.000000 0.173165 0.000000
vt 0.014142 15.578408 0.000000
vt 0.000000 15.578408 0.000000
vt 0.014142 15.352713 0.000000
vt -0.000000 15.352713 0.000000
vt 0.014142 15.127019 0.000000
vt -0.000000 15.127019 0.000000
vt 0.014142 14.901324 0.000000
vt -0.000000 14.901324 0.000000
vt 0.008241 0.086583 0.000000
vt 0.004118 0.032468 0.000000
vt 0.008241 0.000000 0.000000
vt 0.004118 0.021646 0.000000
vt 0.004118 0.010823 0.000000
vt 0.000000 0.000000 0.000000
vt 0.008241 0.173165 0.000000
vt 0.004118 0.151520 0.000000
vt 0.004118 0.129874 0.000000
vt 0.004118 0.122659 0.000000
vt -0.000000 0.086583 0.000000
vt 0.004118 0.108228 0.000000
vt 0.004118 0.086583 0.000000
vt 0.004118 0.075760 0.000000
vt 0.004118 0.064937 0.000000
vt 0.004118 0.054114 0.000000
vt 0.004118 0.048703 0.000000
vt 0.004118 0.043291 0.000000
vt 0.004118 0.037880 0.000000
vt -0.000000 0.173165 0.000000
vt -0.000000 -2.039912 0.000000
vt -0.070711 -2.039912 0.000000
vt 0.000000 -2.692822 0.000000
vt -0.070711 -2.692822 0.000000
vt 0.000000 -3.345733 0.000000
vt -0.070711 -3.345733 0.000000
vt -0.000000 -3.998643 0.000000
vt -0.070711 -3.998643 0.000000
vt -0.000000 -4.651554 0.000000
vt -0.070711 -4.651554 0.000000
vt -0.000000 -5.304464 0.000000
vt -0.070711 -5.304464 0.000000
vt -0.000000 -5.957375 0.000000
vt -0.070711 -5.957375 0.000000
vt 0.000000 -6.610285 0.000000
vt -0.070711 -6.610285 0.000000
vt -0.000000 -7.263195 0.000000
vt -0.070711 -7.263195 0.000000
vt -0.000000 -7.916106 0.000000
vt -0.070711 -7.916106 0.000000
vt -0.000000 -8.569016 0.000000
vt -0.070711 -8.569016 0.000000
vt -0.000000 -9.221927 0.000000
vt -0.070711 -9.221927 0.000000
vt -0.000000 -9.874837 0.000000
vt -0.070711 -9.874837 0.000000
vt -0.000000 -10.527747 0.000000
vt -0.070711 -10.527747 0.000000
vt -0.000000 -11.180658 0.000000
vt -0.070711 -11.180658 0.000000
vt -0.000000 -11.833568 0.000000
vt -0.070711 -11.833568 0.000000
vt 0.000000 -12.486479 0.000000
vt -0.070711 -12.486479 0.000000
vt -0.000000 -13.139389 0.000000
vt -0.070711 -13.139389 0.000000
vt -0.000000 -13.792299 0.000000
vt -0.070711 -13.792299 0.000000
vt -0.000000 -14.445210 0.000000
vt -0.070711 -14.445210 0.000000
vt -0.000000 -15.098120 0.000000
vt -0.070711 -15.098120 0.000000
vt -0.000000 -15.751031 0.000000
vt -0.070711 -15.751031 0.000000
vt -0.000000 -16.403941 0.000000
vt -0.070711 -16.403941 0.000000
vt -0.000000 -17.056852 0.000000
vt -0.070711 -17.056852 0.000000
vt -0.000000 -17.709762 0.000000
vt -0.070711 -17.709762 0.000000
vt -0.000000 -18.362672 0.000000
vt -0.070711 -18.362672 0.000000
vt -0.000000 -19.015583 0.000000
vt -0.070711 -19.015583 0.000000
vt -0.000000 -19.668493 0.000000
vt -0.070711 -19.668493 0.000000
vt -0.000000 1.494350 0.000000
vt -0.070711 1.494350 0.000000
vt 0.000000 1.321466 0.000000
vt -0.070711 1.321466 0.000000
vt -0.000000 1.148582 0.000000
vt -0.070711 1.148582 0.000000
vt -0.000000 0.975698 0.000000
vt -0.070711 0.975698 0.000000
vt -0.070711 0.154986 0.000000
vt -0.000000 0.154986 0.000000
vt -0.070711 0.327870 0.000000
vt 0.000000 0.327870 0.000000
vt -0.070711 0.500754 0.000000
vt -0.000000 0.500754 0.000000
vt -0.070711 0.673638 0.000000
vt 0.000000 0.673638 0.000000
vt -0.070711 -0.882774 0.000000
vt -0.070711 -1.014419 0.000000
vt 0.000000 -0.882774 0.000000
vt -0.000000 -1.058301 0.000000
vt -0.070711 -1.146064 0.000000
vt 0.000000 -1.233827 0.000000
vt -0.070711 -1.277709 0.000000
vt 0.000000 -1.409353 0.000000
vt -0.070711 -1.409353 0.000000
vt -0.070711 -0.609482 0.000000
vt 0.000000 -0.609482 0.000000
vt -0.070711 -0.477837 0.000000
vt -0.000000 -0.433956 0.000000
vt -0.070711 -0.346193 0.000000
vt -0.000000 -0.258429 0.000000
vt -0.070711 -0.214548 0.000000
vt 0.000000 -0.082903 0.000000
vt -0.070711 -0.082903 0.000000
vt 0.000000 -21.985913 0.000000
vt -0.070711 -21.985913 0.000000
vt -0.000000 -22.632557 0.000000
vt -0.070711 -22.632557 0.000000
vt -0.000000 -23.279202 0.000000
vt -0.070711 -23.279202 0.000000
vt -0.000000 -23.925846 0.000000
vt -0.070711 -23.925846 0.000000
vt -0.000000 -24.572491 0.000000
vt -0.070711 -24.572491 0.000000
vt -0.070711 1.409353 0.000000
vt -0.070711 1.277709 0.000000
vt -0.000000 1.409353 0.000000
vt -0.000000 1.233827 0.000000
vt -0.070711 1.146064 0.000000
vt -0.000000 1.058301 0.000000
vt -0.070711 1.014419 0.000000
vt 0.000000 0.882774 0.000000
vt -0.070711 0.882774 0.000000
vt -0.070711 0.082903 0.000000
vt 0.000000 0.082903 0.000000
vt -0.070711 0.214548 0.000000
vt 0.000000 0.258429 0.000000
vt -0.070711 0.346193 0.000000
vt 0.000000 0.433956 0.000000
vt -0.070711 0.477837 0.000000
vt -0.000000 0.609482 0.000000
vt -0.070711 0.609482 0.000000
vt -0.000000 -0.975698 0.000000
vt -0.070711 -0.975698 0.000000
vt -0.000000 -1.148582 0.000000
vt -0.070711 -1.148582 0.000000
vt -0.000000 -1.321466 0.000000
vt -0.070711 -1.321466 0.000000
vt 0.000000 -1.494350 0.000000
vt -0.070711 -1.494350 0.000000
vt -0.070711 -0.673638 0.000000
vt 0.000000 -0.673638 0.000000
vt -0.070711 -0.500754 0.000000
vt -0.000000 -0.500754 0.000000
vt -0.070711 -0.327870 0.000000
vt -0.000000 -0.327870 0.000000
vt -0.070711 -0.154986 0.000000
vt -0.000000 -0.154986 0.000000
vt -0.000000 19.668493 0.000000
vt -0.070711 19.668493 0.000000
vt 0.000000 19.015583 0.000000
vt -0.070711 19.015583 0.000000
vt -0.000000 18.362672 0.000000
vt -0.070711 18.362672 0.000000
vt -0.000000 17.709762 0.000000
vt -0.070711 17.709762 0.000000
vt 0.000000 17.056852 0.000000
vt -0.070711 17.056852 0.000000
vt -0.000000 16.403941 0.000000
vt -0.070711 16.403941 0.000000
vt 0.000000 15.751031 0.000000
vt -0.070711 15.751031 0.000000
vt 0.000000 15.098120 0.000000
vt -0.070711 15.098120 0.000000
vt -0.000000 14.445210 0.000000
vt -0.070711 14.445210 0.000000
vt -0.000000 13.792299 0.000000
vt -0.070711 13.792299 0.000000
vt 0.000000 13.139389 0.000000
vt -0.070711 13.139389 0.000000
vt 0.000000 12.486479 0.000000
vt -0.070711 12.486479 0.000000
vt -0.000000 11.833568 0.000000
vt -0.070711 11.833568 0.000000
vt 0.000000 11.180658 0.000000
vt -0.070711 11.180658 0.000000
vt 0.000000 10.527747 0.000000
vt -0.070711 10.527747 0.000000
vt 0.000000 9.874837 0.000000
vt -0.070711 9.874837 0.000000
vt -0.000000 9.221927 0.000000
vt -0.070711 9.221927 0.000000
vt -0.000000 8.569016 0.000000
vt -0.070711 8.569016 0.000000
vt -0.000000 7.916106 0.000000
vt -0.070711 7.916106 0.000000
vt -0.000000 7.263195 0.000000
vt -0.070711 7.263195 0.000000
vt -0.000000 6.610285 0.000000
vt -0.070711 6.610285 0.000000
vt -0.000000 5.957375 0.000000
vt -0.070711 5.957375 0.000000
vt -0.000000 5.304464 0.000000
vt -0.070711 5.304464 0.000000
vt -0.000000 4.651554 0.000000
vt -0.070711 4.651554 0.000000
vt 0.000000 3.998643 0.000000
vt -0.070711 3.998643 0.000000
vt 0.000000 3.345733 0.000000
vt -0.070711 3.345733 0.000000
vt -0.000000 2.692822 0.000000
vt -0.070711 2.692822 0.000000
vt -0.000000 2.039912 0.000000
vt -0.070711 2.039912 0.000000
vn 0.707107 0.572061 -0.415627
vn 0.707107 0.572061 -0.415627
vn 0.707107 0.533660 -0.463904
vn 0.707107 0.533660 -0.463904
vn 0.707107 0.491198 -0.508650
vn 0.707107 0.491198 -0.508650
vn 0.707107 0.444997 -0.549525
vn 0.707107 0.444997 -0.549525
vn 0.707107 0.395409 -0.586218
vn 0.707107 0.395409 -0.586218
vn -0.500000 -0.731212 0.464036
vn -0.000000 -0.844330 0.535823
vn -0.500000 -0.491493 0.713046
vn -0.000000 -0.567527 0.823355
vn -0.500000 -0.173483 0.848471
vn -0.000000 -0.200321 0.979730
vn -0.500000 0.172163 0.848740
vn -0.000000 0.198796 0.980041
vn -0.500000 0.490383 0.713810
vn -0.000000 0.566246 0.824236
vn -0.500000 0.730489 0.465173
vn -0.000000 0.843496 0.537136
vn -0.500000 0.854232 0.142437
vn 0.000000 0.986382 0.164472
vn -0.500000 0.841900 -0.202988
vn 0.000000 0.972143 -0.234391
vn -0.500000 0.695459 -0.516079
vn 0.000000 0.803047 -0.595916
vn -0.500000 0.438235 -0.746961
vn 0.000000 0.506030 -0.862516
vn -0.866025 0.253015 -0.431258
vn -0.866025 0.401523 -0.297958
vn -0.866025 0.486071 -0.117195
vn -0.866025 0.493191 0.082236
vn -0.866025 0.421748 0.268568
vn -0.866025 0.283123 0.412118
vn -0.866025 0.099398 0.490020
vn -0.866025 -0.100160 0.489865
vn -0.866025 -0.283764 0.411677
vn -0.866025 -0.422165 0.267911
vn -1.000000 0.000000 -0.000000
vn -1.000000 0.000000 -0.000000
vn -1.000000 0.000000 -0.000000
vn -1.000000 0.000000 0.000000
vn -1.000000 0.000000 0.000000
vn -1.000000 0.000000 0.000000
vn -1.000000 0.000000 -0.000000
vn -1.000000 -0.000000 0.000000
vn -1.000000 -0.000000 0.000000
vn -1.000000 -0.000000 0.000000
vn -0.866025 -0.255072 0.430045
vn -0.500000 -0.441797 0.744859
vn -0.500000 -0.056587 0.864175
vn -0.000000 -0.065341 0.997863
vn -0.000000 0.393628 0.919270
vn -0.500000 0.340892 0.796111
vn -0.000000 0.767248 0.641351
vn -0.669074 0.280816 0.688100
vn -0.866025 -0.032671 0.498931
vn -1.000000 -0.000000 -0.000000
vn -1.000000 0.000000 -0.000000
vn -0.000000 -0.510143 0.860090
vn -0.500000 -0.318809 0.805209
vn -0.000000 -0.368129 0.929775
vn -0.500000 0.021492 0.865759
vn -0.000000 0.024816 0.999692
vn -0.500000 0.358369 0.788398
vn -0.000000 0.413808 0.910364
vn -0.500000 0.638160 0.585451
vn -0.000000 0.736883 0.676020
vn -0.500000 0.816295 0.289244
vn -0.000000 0.942577 0.333990
vn -0.500000 0.864400 -0.053038
vn 0.000000 0.998123 -0.061243
vn -0.500000 0.774810 -0.386871
vn 0.000000 0.894674 -0.446720
vn -0.500000 0.561798 -0.659077
vn 0.000000 0.648708 -0.761037
vn -0.500000 0.259294 -0.826297
vn 0.000000 0.299407 -0.954125
vn -0.500000 -0.084513 -0.861892
vn 0.000000 -0.097588 -0.995227
vn -0.866025 -0.048794 -0.497613
vn -0.866025 0.149704 -0.477063
vn -0.866025 0.324354 -0.380519
vn -0.866025 0.447337 -0.223360
vn -0.866025 0.499061 -0.030621
vn -0.866025 0.471288 0.166995
vn -0.866025 0.368442 0.338010
vn -0.866025 0.206904 0.455182
vn -0.866025 0.012408 0.499846
vn -0.866025 -0.184064 0.464887
vn -1.000000 0.000000 -0.000000
vn -1.000000 -0.000000 -0.000000
vn -1.000000 -0.000000 -0.000000
vn -1.000000 0.000000 0.000000
vn -1.000000 -0.000000 -0.000000
vn -1.000000 -0.000000 0.000000
vn -1.000000 -0.000000 0.000000
vn -1.000000 -0.000000 0.000000
vn -1.000000 0.000000 0.000000
vn -0.000000 0.048317 0.998832
vn -0.000000 0.417114 0.908854
vn -0.500000 0.041844 0.865014
vn -0.500000 0.394298 0.771057
vn -0.866025 0.227648 0.445170
vn -0.866025 0.390752 0.311950
vn -1.000000 -0.000000 -0.000000
vn -1.000000 0.000000 0.000000
vn -0.866025 0.484536 0.123389
vn -1.000000 0.000000 -0.000000
vn -0.866025 0.492362 -0.087061
vn -1.000000 0.000000 -0.000000
vn -0.866025 0.412842 -0.282067
vn -1.000000 0.000000 -0.000000
vn -0.866025 0.260083 -0.427033
vn -1.000000 -0.000000 0.000000
vn -0.866025 0.061184 -0.496242
vn -1.000000 -0.000000 -0.000000
vn -0.866025 -0.148569 -0.477417
vn -1.000000 -0.000000 -0.000000
vn -0.866025 -0.331965 -0.373898
vn -0.500000 -0.257328 -0.826911
vn -0.500000 -0.574980 -0.647609
vn 0.000000 -0.337378 -0.941369
vn 0.000000 -0.663930 -0.747795
vn -0.000000 0.725802 0.687903
vn -0.500000 0.676803 0.540313
vn -0.000000 0.929897 0.367821
vn -0.500000 0.839241 0.213716
vn 0.000000 0.999986 -0.005267
vn -0.500000 0.852796 -0.150795
vn 0.000000 0.925970 -0.377596
vn -0.500000 0.715063 -0.488554
vn 0.000000 0.718516 -0.695511
vn -0.500000 0.450476 -0.739643
vn 0.000000 0.407517 -0.913197
vn -0.500000 0.105974 -0.859517
vn 0.000000 0.037793 -0.999286
vn -1.000000 -0.000000 -0.000000
vn -0.866025 0.024159 0.499416
vn -1.000000 0.000000 0.000000
vn -0.000000 0.770510 0.637428
vn -0.000000 0.952570 0.304319
vn -0.500000 0.667281 0.552028
vn -0.500000 0.835388 0.228313
vn -0.866025 0.482312 0.131816
vn -0.866025 0.493805 -0.078465
vn -1.000000 -0.000000 0.000000
vn -1.000000 -0.000000 0.000000
vn -0.866025 0.417696 -0.274827
vn -1.000000 -0.000000 0.000000
vn -0.866025 0.267487 -0.422434
vn -1.000000 -0.000000 0.000000
vn -0.866025 0.069825 -0.495100
vn -1.000000 -0.000000 -0.000000
vn -0.866025 -0.140224 -0.479935
vn -1.000000 -0.000000 -0.000000
vn -0.866025 -0.325397 -0.379627
vn -1.000000 -0.000000 -0.000000
vn -0.866025 -0.452844 -0.211973
vn -1.000000 -0.000000 -0.000000
vn -0.866025 -0.499955 -0.006715
vn -0.500000 -0.784348 -0.367148
vn -0.500000 -0.865947 -0.011630
vn 0.000000 -0.922857 -0.385142
vn -0.000000 -0.999910 -0.013429
vn 0.000000 0.997358 -0.072645
vn -0.500000 0.855295 -0.135906
vn 0.000000 0.898419 -0.439139
vn -0.500000 0.723471 -0.476015
vn 0.000000 0.670011 -0.742351
vn -0.500000 0.463301 -0.731678
vn 0.000000 0.345050 -0.938584
vn -0.500000 0.120941 -0.857539
vn 0.000000 -0.029635 -0.999561
vn -0.500000 -0.242875 -0.831271
vn 0.000000 -0.400050 -0.916493
vn -0.500000 -0.563604 -0.657534
vn 0.000000 -0.712814 -0.701353
vn -1.000000 -0.000000 -0.000000
vn -0.866025 0.385255 0.318714
vn -1.000000 -0.000000 -0.000000
vn -0.500000 0.864316 0.054382
vn 0.000000 0.998026 0.062795
vn -0.500000 0.816744 -0.287974
vn 0.000000 0.943095 -0.332524
vn -0.500000 0.639069 -0.584457
vn 0.000000 0.737934 -0.674873
vn -0.500000 0.359595 -0.787840
vn 0.000000 0.415224 -0.909719
vn -0.500000 0.022838 -0.865724
vn 0.000000 0.026371 -0.999652
vn -0.500000 -0.317556 -0.805704
vn 0.000000 -0.366682 -0.930346
vn -0.500000 -0.607365 -0.617339
vn 0.000000 -0.701325 -0.712841
vn -0.500000 -0.800425 -0.330636
vn 0.000000 -0.924251 -0.381785
vn -0.500000 -0.865981 0.008736
vn -0.000000 -0.999949 0.010088
vn -0.500000 -0.793592 0.346716
vn -0.000000 -0.916361 0.400353
vn -0.866025 -0.458180 0.200177
vn -0.866025 -0.499975 0.005044
vn -0.866025 -0.462126 -0.190893
vn -0.866025 -0.350663 -0.356421
vn -0.866025 -0.183341 -0.465173
vn -0.866025 0.013186 -0.499826
vn -0.866025 0.207612 -0.454860
vn -0.866025 0.368967 -0.337437
vn -0.866025 0.471547 -0.166262
vn -0.866025 0.499013 0.031398
vn -1.000000 0.000000 0.000000
vn -1.000000 -0.000000 0.000000
vn -1.000000 -0.000000 0.000000
vn -1.000000 0.000000 -0.000000
vn -1.000000 0.000000 0.000000
vn -1.000000 0.000000 0.000000
vn -1.000000 0.000000 0.000000
vn -1.000000 0.000000 0.000000
vn -1.000000 -0.000000 0.000000
vn -0.500000 0.731212 -0.464036
vn 0.000000 0.844330 -0.535823
vn -0.500000 0.491493 -0.713046
vn 0.000000 0.567527 -0.823355
vn -0.500000 0.173483 -0.848471
vn 0.000000 0.200321 -0.979730
vn -0.500000 -0.172163 -0.848740
vn 0.000000 -0.198796 -0.980041
vn -0.500000 -0.490383 -0.713810
vn 0.000000 -0.566246 -0.824236
vn -0.500000 -0.730489 -0.465173
vn 0.000000 -0.843496 -0.537136
vn -0.500000 -0.854232 -0.142437
vn -0.000000 -0.986382 -0.164472
vn -0.500000 -0.841900 0.202988
vn -0.000000 -0.972143 0.234391
vn -0.500000 -0.695459 0.516079
vn -0.000000 -0.803047 0.595916
vn -0.500000 -0.438235 0.746961
vn -0.000000 -0.506030 0.862516
vn -0.866025 -0.253015 0.431258
vn -0.866025 -0.401523 0.297958
vn -0.866025 -0.486071 0.117195
vn -0.866025 -0.493191 -0.082236
vn -0.866025 -0.421748 -0.268568
vn -0.866025 -0.283123 -0.412118
vn -0.866025 -0.099398 -0.490020
vn -0.866025 0.100160 -0.489865
vn -0.866025 0.283764 -0.411677
vn -0.866025 0.422165 -0.267911
vn -1.000000 -0.000000 0.000000
vn -1.000000 -0.000000 0.000000
vn -1.000000 -0.000000 0.000000
vn -1.000000 -0.000000 -0.000000
vn -1.000000 -0.000000 -0.000000
vn -1.000000 -0.000000 -0.000000
vn -1.000000 -0.000000 0.000000
vn -1.000000 0.000000 -0.000000
vn -1.000000 0.000000 -0.000000
vn -0.669074 -0.697481 -0.256631
vn -1.000000 0.000000 -0.000000
vn -0.866025 -0.497487 0.050063
vn -1.000000 -0.000000 0.000000
vn -0.866025 -0.420881 0.269924
vn -1.000000 0.000000 -0.000000
vn -0.500000 -0.728987 0.467523
vn -0.500000 -0.861673 0.086712
vn -0.500000 -0.807523 -0.312901
vn -0.000000 -0.667737 -0.744397
vn -0.000000 -0.932447 -0.361307
vn -0.000000 -0.994975 0.100126
vn -0.000000 -0.841762 0.539849
vn -0.669074 -0.715118 0.202350
vn -1.000000 -0.000000 0.000000
vn -0.866025 -0.373049 0.332918
vn -1.000000 -0.000000 0.000000
vn -0.866025 -0.181842 0.465761
vn -1.000000 -0.000000 0.000000
vn -0.866025 0.048794 0.497613
vn -1.000000 -0.000000 -0.000000
vn -0.500000 0.084513 0.861892
vn -0.500000 -0.314960 0.806722
vn -0.500000 -0.646140 0.576630
vn -0.500000 -0.837218 0.221508
vn -0.000000 -0.977756 -0.209744
vn -0.000000 -0.966736 0.255776
vn -0.000000 -0.746099 0.665835
vn -0.000000 -0.363684 0.931522
vn -0.000000 0.097588 0.995227
vn 0.000000 -0.914306 0.405024
vn -0.534954 -0.586904 0.607757
vn 0.000000 -0.631765 0.775160
vn -0.500000 -0.547124 0.671308
vn 0.000000 -0.212238 0.977218
vn -0.500000 -0.183804 0.846296
vn 0.000000 0.253308 0.967386
vn -0.500000 0.219371 0.837781
vn 0.000000 0.663930 0.747795
vn -0.500000 0.574980 0.647609
vn -0.866025 0.126654 0.483693
vn -0.866025 0.331965 0.373898
vn -1.000000 -0.000000 -0.000000
vn -1.000000 0.000000 0.000000
vn -0.866025 -0.106119 0.488609
vn -1.000000 -0.000000 0.000000
vn -1.000000 -0.000000 -0.000000
vn -1.000000 0.000000 0.000000
vn -1.000000 0.000000 -0.000000
vn -0.866025 -0.484608 0.123107
vn -0.669072 -0.567647 0.479708
vn -0.500000 -0.651805 0.570220
vn -0.000000 -0.372869 0.927884
vn -0.000000 -0.752640 0.658433
vn -0.500000 -0.839365 0.213227
vn -0.000000 -0.969216 0.246213
vn -0.500000 -0.844926 -0.190000
vn -0.000000 -0.975637 -0.219393
vn -0.500000 -0.667281 -0.552028
vn -0.000000 -0.770510 -0.637428
vn -0.866025 -0.385255 -0.318714
vn -0.866025 -0.487818 -0.109696
vn -1.000000 -0.000000 -0.000000
vn -1.000000 0.000000 0.000000
vn -1.000000 -0.000000 -0.000000
vn -1.000000 -0.000000 0.000000
vn -0.866025 -0.499013 -0.031398
vn -0.866025 -0.459131 0.197986
vn -0.500000 -0.795239 0.342922
vn -0.500000 -0.553729 0.665871
vn -0.000000 -0.639391 0.768881
vn -0.000000 -0.221881 0.975074
vn -0.500000 -0.192155 0.844439
vn -0.000000 0.243740 0.969841
vn -0.669074 -0.177270 0.721744
vn -0.866025 -0.319696 0.384441
vn -1.000000 -0.000000 0.000000
vn -1.000000 0.000000 -0.000000
vn -0.000000 -0.918262 0.395973
vn -0.500000 -0.864316 -0.054382
vn -0.000000 -0.998026 -0.062795
vn -0.707107 -0.357817 0.609891
vn -0.707107 -0.357817 0.609891
vn -0.707107 -0.595216 0.381731
vn -0.707107 -0.595216 0.381731
vn -0.707107 -0.703553 0.070800
vn -0.707107 -0.703553 0.070800
vn -0.707107 -0.659340 -0.255482
vn -0.707107 -0.659340 -0.255482
vn -0.707107 -0.472161 -0.526368
vn -0.707107 -0.472161 -0.526368
vn -0.707107 -0.550454 0.443847
vn -0.707107 -0.567840 0.421376
vn -0.707107 -0.671885 0.220387
vn -0.707107 -0.687409 0.165739
vn -0.707107 -0.706401 -0.031582
vn -0.707107 -0.697477 -0.116299
vn -0.707107 -0.649538 -0.279466
vn -0.707107 -0.596442 -0.379812
vn -0.707107 -0.508650 -0.491198
vn -0.707107 -0.400396 -0.582823
vn -0.707107 -0.301964 -0.639389
vn -0.707107 -0.140570 -0.692994
vn -0.707107 -0.056216 -0.704869
vn -0.707107 0.141648 -0.692774
vn -0.707107 0.196804 -0.679167
vn -0.707107 0.401302 -0.582200
vn -0.707107 0.424366 -0.565609
vn -0.707107 0.597032 -0.378884
vn -0.707107 0.597032 -0.378884
vn -0.707107 0.069005 0.703732
vn -0.707107 0.069005 0.703732
vn -0.707107 -0.257164 0.658686
vn -0.707107 -0.257164 0.658686
vn -0.707107 -0.527571 0.470817
vn -0.707107 -0.527571 0.470817
vn -0.707107 -0.683586 0.180861
vn -0.707107 -0.683586 0.180861
vn -0.707107 -0.691378 -0.148312
vn -0.707107 -0.691378 -0.148312
vn -0.707107 -0.184440 0.682629
vn -0.707107 -0.211713 0.674669
vn -0.707107 -0.414026 0.573221
vn -0.707107 -0.458706 0.538134
vn -0.707107 -0.590054 0.389662
vn -0.707107 -0.632630 0.315879
vn -0.707107 -0.689753 0.155696
vn -0.707107 -0.705779 0.043305
vn -0.707107 -0.700225 -0.098410
vn -0.707107 -0.666502 -0.236167
vn -0.707107 -0.620117 -0.339786
vn -0.707107 -0.521055 -0.478018
vn -0.707107 -0.459791 -0.537208
vn -0.707107 -0.292607 -0.643725
vn -0.707107 -0.239986 -0.665136
vn -0.707107 -0.017548 -0.706889
vn -0.707107 0.010863 -0.707023
vn -0.707107 0.260306 -0.657450
vn -0.707107 0.260306 -0.657450
vn -0.707107 0.469469 0.528771
vn -0.707107 0.469469 0.528771
vn -0.707107 0.179116 0.684045
vn -0.707107 0.179116 0.684045
vn -0.707107 -0.150075 0.690997
vn -0.707107 -0.150075 0.690997
vn -0.707107 -0.446725 0.548121
vn -0.707107 -0.446725 0.548121
vn -0.707107 -0.646512 0.286395
vn -0.707107 -0.646512 0.286395
vn -0.707107 0.261526 0.656966
vn -0.707107 0.238562 0.665649
vn -0.707107 0.022369 0.706753
vn -0.707107 -0.026724 0.706602
vn -0.707107 -0.219457 0.672189
vn -0.707107 -0.288158 0.645728
vn -0.707107 -0.435091 0.557401
vn -0.707107 -0.508067 0.491800
vn -0.707107 -0.598798 0.376087
vn -0.707107 -0.654760 0.267001
vn -0.707107 -0.691038 0.149888
vn -0.707107 -0.707097 0.003724
vn -0.707107 -0.700804 -0.094201
vn -0.707107 -0.657536 -0.260089
vn -0.707107 -0.626930 -0.327046
vn -0.707107 -0.513220 -0.486421
vn -0.707107 -0.478232 -0.520859
vn -0.707107 -0.294944 -0.642657
vn -0.707107 -0.272457 -0.652508
vn -0.707107 -0.034166 -0.706281
vn -0.707107 -0.034166 -0.706281
vn -0.707107 0.542526 0.453504
vn -0.707107 0.542526 0.453504
vn -0.707107 0.278337 0.650022
vn -0.707107 0.278337 0.650022
vn -0.707107 -0.046203 0.705596
vn -0.707107 -0.046203 0.705596
vn -0.707107 -0.360726 0.608175
vn -0.707107 -0.360726 0.608175
vn -0.707107 -0.597032 0.378884
vn -0.707107 -0.597032 0.378884
vn -0.707107 0.357817 -0.609891
vn -0.707107 0.357817 -0.609891
vn -0.707107 0.550454 -0.443847
vn -0.707107 0.567840 -0.421376
vn -0.707107 0.671885 -0.220387
vn -0.707107 0.687409 -0.165739
vn -0.707107 0.706401 0.031582
vn -0.707107 0.697477 0.116299
vn -0.707107 0.649538 0.279466
vn -0.707107 0.596442 0.379812
vn -0.707107 0.508650 0.491198
vn -0.707107 0.400396 0.582823
vn -0.707107 0.301964 0.639389
vn -0.707107 0.140570 0.692994
vn -0.707107 0.056216 0.704869
vn -0.707107 -0.141648 0.692774
vn -0.707107 -0.196804 0.679167
vn -0.707107 -0.401302 0.582200
vn -0.707107 -0.424366 0.565609
vn -0.707107 -0.395409 0.586218
vn -0.707107 -0.395409 0.586218
vn -0.707107 -0.444997 0.549525
vn -0.707107 -0.444997 0.549525
vn -0.707107 -0.491198 0.508650
vn -0.707107 -0.491198 0.508650
vn -0.707107 -0.533660 0.463904
vn -0.707107 -0.533660 0.463904
vn -0.707107 -0.572061 0.415627
vn -0.707107 -0.572061 0.415627
vn -0.707107 0.172350 0.685781
vn -0.707107 0.172350 0.685781
vn -0.707107 -0.156894 0.689481
vn -0.707107 -0.156894 0.689481
vn -0.707107 -0.452118 0.543681
vn -0.707107 -0.452118 0.543681
vn -0.707107 -0.649310 0.279995
vn -0.707107 -0.649310 0.279995
vn -0.707107 -0.705711 -0.044403
vn -0.707107 -0.705711 -0.044403
vn -0.707107 0.647965 -0.283093
vn -0.707107 0.647965 -0.283093
vn -0.707107 0.706214 -0.035531
vn -0.707107 0.707071 -0.007133
vn -0.707107 0.673107 0.216627
vn -0.707107 0.653544 0.269963
vn -0.707107 0.552927 0.440763
vn -0.707107 0.495912 0.504055
vn -0.707107 0.361221 0.607881
vn -0.707107 0.259283 0.657854
vn -0.707107 0.122788 0.696364
vn -0.707107 -0.018647 0.706861
vn -0.707107 -0.131529 0.694766
vn -0.707107 -0.293608 0.643269
vn -0.707107 -0.368832 0.603294
vn -0.707107 -0.521798 0.477207
vn -0.707107 -0.558422 0.433779
vn -0.707107 -0.666869 0.235130
vn -0.707107 -0.675776 0.208151
vn -0.707107 0.707043 0.009496
vn -0.707107 0.707043 0.009496
vn -0.707107 0.661619 0.249519
vn -0.707107 0.652559 0.272336
vn -0.707107 0.537232 0.459763
vn -0.707107 0.504036 0.495931
vn -0.707107 0.348727 0.615134
vn -0.707107 0.282878 0.648059
vn -0.707107 0.118601 0.697090
vn -0.707107 0.020955 0.706796
vn -0.707107 -0.125679 0.695848
vn -0.707107 -0.243987 0.663679
vn -0.707107 -0.354960 0.611558
vn -0.707107 -0.473770 0.524921
vn -0.707107 -0.541877 0.454279
vn -0.707107 -0.635278 0.310518
vn -0.707107 -0.664121 0.242782
vn -0.707107 -0.705239 0.051367
vn -0.707107 -0.707103 0.002310
vn -0.707107 -0.673569 -0.215186
vn -0.707107 -0.665693 -0.238439
vn -0.707107 -0.544833 -0.450729
vn -0.707107 -0.544833 -0.450729
vn -0.707107 -0.263658 0.656113
vn -0.707107 -0.263658 0.656113
vn -0.707107 -0.532197 0.465582
vn -0.707107 -0.532197 0.465582
vn -0.707107 -0.685339 0.174099
vn -0.707107 -0.685339 0.174099
vn -0.707107 -0.689879 -0.155134
vn -0.707107 -0.689879 -0.155134
vn 0.000000 -0.506030 0.862516
vn 0.000000 -0.841762 0.539849
vn 0.000000 -0.994975 0.100126
vn -0.000000 -0.932447 -0.361307
vn -0.000000 -0.667737 -0.744397
vn 0.000000 0.097588 0.995227
vn 0.000000 -0.363684 0.931522
vn 0.000000 -0.746099 0.665835
vn 0.000000 -0.966736 0.255776
vn 0.000000 -0.977756 -0.209744
vn 0.000000 0.663930 0.747795
vn 0.000000 0.253308 0.967386
vn 0.000000 -0.212238 0.977218
vn 0.000000 -0.631765 0.775160
vn 0.000000 -0.914306 0.405024
vn 0.000000 0.770510 0.637428
vn 0.000000 0.975637 0.219393
vn 0.000000 0.975637 0.219393
vn -0.000000 0.969216 -0.246213
vn -0.000000 0.969216 -0.246213
vn -0.000000 0.752640 -0.658433
vn -0.000000 0.752640 -0.658433
vn -0.000000 0.372869 -0.927884
vn -0.000000 0.372869 -0.927884
vn -0.000000 0.998026 0.062795
vn -0.000000 0.918262 -0.395973
vn -0.000000 0.918262 -0.395973
vn -0.000000 0.639391 -0.768881
vn -0.000000 0.639391 -0.768881
vn -0.000000 0.221881 -0.975074
vn -0.000000 0.221881 -0.975074
vn -0.000000 -0.243740 -0.969841
vn -0.000000 -0.243740 -0.969841
vn -0.000000 0.844330 -0.535823
vn -0.000000 0.510143 -0.860090
vn -0.000000 0.510143 -0.860090
vn -0.000000 0.065341 -0.997863
vn -0.000000 0.065341 -0.997863
vn -0.000000 -0.393628 -0.919270
vn -0.000000 -0.393628 -0.919270
vn -0.000000 -0.767248 -0.641351
vn -0.000000 -0.767248 -0.641351
vn 0.707107 0.171065 -0.686103
vn 0.707107 0.171065 -0.686103
vn 0.707107 0.491198 -0.508650
vn 0.707107 0.491198 -0.508650
vn 0.707107 0.679715 -0.194905
vn 0.707107 0.679715 -0.194905
vn 0.707107 0.686103 0.171065
vn 0.707107 0.686103 0.171065
vn 0.707107 0.508650 0.491198
vn 0.707107 0.508650 0.491198
vn 0.707107 0.194905 0.679715
vn 0.707107 0.194905 0.679715
vn 0.707107 -0.171065 0.686103
vn 0.707107 -0.171065 0.686103
vn 0.707107 -0.491198 0.508650
vn 0.707107 -0.491198 0.508650
vn 0.707107 -0.679715 0.194905
vn 0.707107 -0.679715 0.194905
vn 0.707107 -0.686103 -0.171065
vn 0.707107 -0.686103 -0.171065
vn 0.707107 -0.508650 -0.491198
vn 0.707107 -0.508650 -0.491198
vn 0.707107 -0.194905 -0.679715
vn 0.707107 -0.194905 -0.679715
vn -0.707107 -0.679715 0.194905
vn -0.707107 -0.679715 0.194905
vn -0.707107 -0.491198 0.508650
vn -0.707107 -0.491198 0.508650
vn -0.707107 -0.171065 0.686103
vn -0.707107 -0.171065 0.686103
vn -0.707107 0.194905 0.679715
vn -0.707107 0.194905 0.679715
vn -0.707107 0.508650 0.491198
vn -0.707107 0.508650 0.491198
vn -0.707107 0.686103 0.171065
vn -0.707107 0.686103 0.171065
vn -0.707107 0.679715 -0.194905
vn -0.707107 0.679715 -0.194905
vn -0.707107 0.491198 -0.508650
vn -0.707107 0.491198 -0.508650
vn -0.707107 0.171065 -0.686103
vn -0.707107 0.171065 -0.686103
vn -0.707107 -0.194905 -0.679715
vn -0.707107 -0.194905 -0.679715
vn -0.707107 -0.508650 -0.491198
vn -0.707107 -0.508650 -0.491198
vn -0.707107 -0.686103 -0.171065
vn -0.707107 -0.686103 -0.171065
vn 0.707107 0.171065 -0.686103
vn 0.707107 0.171065 -0.686103
vn 0.707107 0.491198 -0.508650
vn 0.707107 0.491198 -0.508650
vn 0.707107 0.679715 -0.194905
vn 0.707107 0.679715 -0.194905
vn 0.707107 0.686103 0.171065
vn 0.707107 0.686103 0.171065
vn 0.707107 0.508650 0.491198
vn 0.707107 0.508650 0.491198
vn 0.707107 0.194905 0.679715
vn 0.707107 0.194905 0.679715
vn 0.707107 -0.171065 0.686103
vn 0.707107 -0.171065 0.686103
vn 0.707107 -0.491198 0.508650
vn 0.707107 -0.491198 0.508650
vn 0.707107 -0.679715 0.194905
vn 0.707107 -0.679715 0.194905
vn 0.707107 -0.686103 -0.171065
vn 0.707107 -0.686103 -0.171065
vn 0.707107 -0.508650 -0.491198
vn 0.707107 -0.508650 -0.491198
vn 0.707107 -0.194905 -0.679715
vn 0.707107 -0.194905 -0.679715
vn -0.707107 -0.679715 0.194905
vn -0.707107 -0.679715 0.194905
vn -0.707107 -0.491198 0.508650
vn -0.707107 -0.491198 0.508650
vn -0.707107 -0.171065 0.686103
vn -0.707107 -0.171065 0.686103
vn -0.707107 0.194905 0.679715
vn -0.707107 0.194905 0.679715
vn -0.707107 0.508650 0.491198
vn -0.707107 0.508650 0.491198
vn -0.707107 0.686103 0.171065
vn -0.707107 0.686103 0.171065
vn -0.707107 0.679715 -0.194905
vn -0.707107 0.679715 -0.194905
vn -0.707107 0.491198 -0.508650
vn -0.707107 0.491198 -0.508650
vn -0.707107 0.171065 -0.686103
vn -0.707107 0.171065 -0.686103
vn -0.707107 -0.194905 -0.679715
vn -0.707107 -0.194905 -0.679715
vn -0.707107 -0.508650 -0.491198
vn -0.707107 -0.508650 -0.491198
vn -0.707107 -0.686103 -0.171065
vn -0.707107 -0.686103 -0.171065
vn 0.707107 0.171065 -0.686103
vn 0.707107 0.171065 -0.686103
vn 0.707107 0.491198 -0.508650
vn 0.707107 0.491198 -0.508650
vn 0.707107 0.679715 -0.194905
vn 0.707107 0.679715 -0.194905
vn 0.707107 0.686103 0.171065
vn 0.707107 0.686103 0.171065
vn 0.707107 0.508650 0.491198
vn 0.707107 0.508650 0.491198
vn 0.707107 0.194905 0.679715
vn 0.707107 0.194905 0.679715
vn 0.707107 -0.171065 0.686103
vn 0.707107 -0.171065 0.686103
vn 0.707107 -0.491198 0.508650
vn 0.707107 -0.491198 0.508650
vn 0.707107 -0.679715 0.194905
vn 0.707107 -0.679715 0.194905
vn 0.707107 -0.686103 -0.171065
vn 0.707107 -0.686103 -0.171065
vn 0.707107 -0.508650 -0.491198
vn 0.707107 -0.508650 -0.491198
vn 0.707107 -0.194905 -0.679715
vn 0.707107 -0.194905 -0.679715
vn -0.707107 -0.679715 0.194905
vn -0.707107 -0.679715 0.194905
vn -0.707107 -0.491198 0.508650
vn -0.707107 -0.491198 0.508650
vn -0.707107 -0.171065 0.686103
vn -0.707107 -0.171065 0.686103
vn -0.707107 0.194905 0.679715
vn -0.707107 0.194905 0.679715
vn -0.707107 0.508650 0.491198
vn -0.707107 0.508650 0.491198
vn -0.707107 0.686103 0.171065
vn -0.707107 0.686103 0.171065
vn -0.707107 0.679715 -0.194905
vn -0.707107 0.679715 -0.194905
vn -0.707107 0.491198 -0.508650
vn -0.707107 0.491198 -0.508650
vn -0.707107 0.171065 -0.686103
vn -0.707107 0.171065 -0.686103
vn -0.707107 -0.194905 -0.679715
vn -0.707107 -0.194905 -0.679715
vn -0.707107 -0.508650 -0.491198
vn -0.707107 -0.508650 -0.491198
vn -0.707107 -0.686103 -0.171065
vn -0.707107 -0.686103 -0.171065
vn 0.707107 0.171065 -0.686103
vn 0.707107 0.171065 -0.686103
vn 0.707107 0.491198 -0.508650
vn 0.707107 0.491198 -0.508650
vn 0.707107 0.679715 -0.194905
vn 0.707107 0.679715 -0.194905
vn 0.707107 0.686103 0.171065
vn 0.707107 0.686103 0.171065
vn 0.707107 0.508650 0.491198
vn 0.707107 0.508650 0.491198
vn 0.707107 0.194905 0.679715
vn 0.707107 0.194905 0.679715
vn 0.707107 -0.171065 0.686103
vn 0.707107 -0.171065 0.686103
vn 0.707107 -0.491198 0.508650
vn 0.707107 -0.491198 0.508650
vn 0.707107 -0.679715 0.194905
vn 0.707107 -0.679715 0.194905
vn 0.707107 -0.686103 -0.171065
vn 0.707107 -0.686103 -0.171065
vn 0.707107 -0.508650 -0.491198
vn 0.707107 -0.508650 -0.491198
vn 0.707107 -0.194905 -0.679715
vn 0.707107 -0.194905 -0.679715
vn -0.707107 -0.679715 0.194905
vn -0.707107 -0.679715 0.194905
vn -0.707107 -0.491198 0.508650
vn -0.707107 -0.491198 0.508650
vn -0.707107 -0.171065 0.686103
vn -0.707107 -0.171065 0.686103
vn -0.707107 0.194905 0.679715
vn -0.707107 0.194905 0.679715
vn -0.707107 0.508650 0.491198
vn -0.707107 0.508650 0.491198
vn -0.707107 0.686103 0.171065
vn -0.707107 0.686103 0.171065
vn -0.707107 0.679715 -0.194905
vn -0.707107 0.679715 -0.194905
vn -0.707107 0.491198 -0.508650
vn -0.707107 0.491198 -0.508650
vn -0.707107 0.171065 -0.686103
vn -0.707107 0.171065 -0.686103
vn -0.707107 -0.194905 -0.679715
vn -0.707107 -0.194905 -0.679715
vn -0.707107 -0.508650 -0.491198
vn -0.707107 -0.508650 -0.491198
vn -0.707107 -0.686103 -0.171065
vn -0.707107 -0.686103 -0.171065
vn 0.707107 0.171065 -0.686103
vn 0.707107 0.171065 -0.686103
vn 0.707107 0.491198 -0.508650
vn 0.707107 0.491198 -0.508650
vn 0.707107 0.679715 -0.194905
vn 0.707107 0.679715 -0.194905
vn 0.707107 0.686103 0.171065
vn 0.707107 0.686103 0.171065
vn 0.707107 0.508650 0.491198
vn 0.707107 0.508650 0.491198
vn 0.707107 0.194905 0.679715
vn 0.707107 0.194905 0.679715
vn 0.707107 -0.171065 0.686103
vn 0.707107 -0.171065 0.686103
vn 0.707107 -0.491198 0.508650
vn 0.707107 -0.491198 0.508650
vn 0.707107 -0.679715 0.194905
vn 0.707107 -0.679715 0.194905
vn 0.707107 -0.686103 -0.171065
vn 0.707107 -0.686103 -0.171065
vn 0.707107 -0.508650 -0.491198
vn 0.707107 -0.508650 -0.491198
vn 0.707107 -0.194905 -0.679715
vn 0.707107 -0.194905 -0.679715
vn -0.707107 -0.679715 0.194905
vn -0.707107 -0.679715 0.194905
vn -0.707107 -0.491198 0.508650
vn -0.707107 -0.491198 0.508650
vn -0.707107 -0.171065 0.686103
vn -0.707107 -0.171065 0.686103
vn -0.707107 0.194905 0.679715
vn -0.707107 0.194905 0.679715
vn -0.707107 0.508650 0.491198
vn -0.707107 0.508650 0.491198
vn -0.707107 0.686103 0.171065
vn -0.707107 0.686103 0.171065
vn -0.707107 0.679715 -0.194905
vn -0.707107 0.679715 -0.194905
vn -0.707107 0.491198 -0.508650
vn -0.707107 0.491198 -0.508650
vn -0.707107 0.171065 -0.686103
vn -0.707107 0.171065 -0.686103
vn -0.707107 -0.194905 -0.679715
vn -0.707107 -0.194905 -0.679715
vn -0.707107 -0.508650 -0.491198
vn -0.707107 -0.508650 -0.491198
vn -0.707107 -0.686103 -0.171065
vn -0.707107 -0.686103 -0.171065
vn 0.707107 0.171065 -0.686103
vn 0.707107 0.171065 -0.686103
vn 0.707107 0.491198 -0.508650
vn 0.707107 0.491198 -0.508650
vn 0.707107 0.679715 -0.194905
vn 0.707107 0.679715 -0.194905
vn 0.707107 0.686103 0.171065
vn 0.707107 0.686103 0.171065
vn 0.707107 0.508650 0.491198
vn 0.707107 0.508650 0.491198
vn 0.707107 0.194905 0.679715
vn 0.707107 0.194905 0.679715
vn 0.707107 -0.171065 0.686103
vn 0.707107 -0.171065 0.686103
vn 0.707107 -0.491198 0.508650
vn 0.707107 -0.491198 0.508650
vn 0.707107 -0.679715 0.194905
vn 0.707107 -0.679715 0.194905
vn 0.707107 -0.686103 -0.171065
vn 0.707107 -0.686103 -0.171065
vn 0.707107 -0.508650 -0.491198
vn 0.707107 -0.508650 -0.491198
vn 0.707107 -0.194905 -0.679715
vn 0.707107 -0.194905 -0.679715
vn -0.707107 -0.679715 0.194905
vn -0.707107 -0.679715 0.194905
vn -0.707107 -0.491198 0.508650
vn -0.707107 -0.491198 0.508650
vn -0.707107 -0.171065 0.686103
vn -0.707107 -0.171065 0.686103
vn -0.707107 0.194905 0.679715
vn -0.707107 0.194905 0.679715
vn -0.707107 0.508650 0.491198
vn -0.707107 0.508650 0.491198
vn -0.707107 0.686103 0.171065
vn -0.707107 0.686103 0.171065
vn -0.707107 0.679715 -0.194905
vn -0.707107 0.679715 -0.194905
vn -0.707107 0.491198 -0.508650
vn -0.707107 0.491198 -0.508650
vn -0.707107 0.171065 -0.686103
vn -0.707107 0.171065 -0.686103
vn -0.707107 -0.194905 -0.679715
vn -0.707107 -0.194905 -0.679715
vn -0.707107 -0.508650 -0.491198
vn -0.707107 -0.508650 -0.491198
vn -0.707107 -0.686103 -0.171065
vn -0.707107 -0.686103 -0.171065
vn 0.707107 0.171065 -0.686103
vn 0.707107 0.171065 -0.686103
vn 0.707107 0.491198 -0.508650
vn 0.707107 0.491198 -0.508650
vn 0.707107 0.679715 -0.194905
vn 0.707107 0.679715 -0.194905
vn 0.707107 0.686103 0.171065
vn 0.707107 0.686103 0.171065
vn 0.707107 0.508650 0.491198
vn 0.707107 0.508650 0.491198
vn 0.707107 0.194905 0.679715
vn 0.707107 0.194905 0.679715
vn 0.707107 -0.171065 0.686103
vn 0.707107 -0.171065 0.686103
vn 0.707107 -0.491198 0.508650
vn 0.707107 -0.491198 0.508650
vn 0.707107 -0.679715 0.194905
vn 0.707107 -0.679715 0.194905
vn 0.707107 -0.686103 -0.171065
vn 0.707107 -0.686103 -0.171065
vn 0.707107 -0.508650 -0.491198
vn 0.707107 -0.508650 -0.491198
vn 0.707107 -0.194905 -0.679715
vn 0.707107 -0.194905 -0.679715
vn -0.707107 -0.679715 0.194905
vn -0.707107 -0.679715 0.194905
vn -0.707107 -0.491198 0.508650
vn -0.707107 -0.491198 0.508650
vn -0.707107 -0.171065 0.686103
vn -0.707107 -0.171065 0.686103
vn -0.707107 0.194905 0.679715
vn -0.707107 0.194905 0.679715
vn -0.707107 0.508650 0.491198
vn -0.707107 0.508650 0.491198
vn -0.707107 0.686103 0.171065
vn -0.707107 0.686103 0.171065
vn -0.707107 0.679715 -0.194905
vn -0.707107 0.679715 -0.194905
vn -0.707107 0.491198 -0.508650
vn -0.707107 0.491198 -0.508650
vn -0.707107 0.171065 -0.686103
vn -0.707107 0.171065 -0.686103
vn -0.707107 -0.194905 -0.679715
vn -0.707107 -0.194905 -0.679715
vn -0.707107 -0.508650 -0.491198
vn -0.707107 -0.508650 -0.491198
vn -0.707107 -0.686103 -0.171065
vn -0.707107 -0.686103 -0.171065
vn 0.707107 0.171065 -0.686103
vn 0.707107 0.171065 -0.686103
vn 0.707107 0.491198 -0.508650
vn 0.707107 0.491198 -0.508650
vn 0.707107 0.679715 -0.194905
vn 0.707107 0.679715 -0.194905
vn 0.707107 0.686103 0.171065
vn 0.707107 0.686103 0.171065
vn 0.707107 0.508650 0.491198
vn 0.707107 0.508650 0.491198
vn 0.707107 0.194905 0.679715
vn 0.707107 0.194905 0.679715
vn 0.707107 -0.171065 0.686103
vn 0.707107 -0.171065 0.686103
vn 0.707107 -0.491198 0.508650
vn 0.707107 -0.491198 0.508650
vn 0.707107 -0.679715 0.194905
vn 0.707107 -0.679715 0.194905
vn 0.707107 -0.686103 -0.171065
vn 0.707107 -0.686103 -0.171065
vn 0.707107 -0.508650 -0.491198
vn 0.707107 -0.508650 -0.491198
vn 0.707107 -0.194905 -0.679715
vn 0.707107 -0.194905 -0.679715
vn -0.707107 -0.679715 0.194905
vn -0.707107 -0.679715 0.194905
vn -0.707107 -0.491198 0.508650
vn -0.707107 -0.491198 0.508650
vn -0.707107 -0.171065 0.686103
vn -0.707107 -0.171065 0.686103
vn -0.707107 0.194905 0.679715
vn -0.707107 0.194905 0.679715
vn -0.707107 0.508650 0.491198
vn -0.707107 0.508650 0.491198
vn -0.707107 0.686103 0.171065
vn -0.707107 0.686103 0.171065
vn -0.707107 0.679715 -0.194905
vn -0.707107 0.679715 -0.194905
vn -0.707107 0.491198 -0.508650
vn -0.707107 0.491198 -0.508650
vn -0.707107 0.171065 -0.686103
vn -0.707107 0.171065 -0.686103
vn -0.707107 -0.194905 -0.679715
vn -0.707107 -0.194905 -0.679715
vn -0.707107 -0.508650 -0.491198
vn -0.707107 -0.508650 -0.491198
vn -0.707107 -0.686103 -0.171065
vn -0.707107 -0.686103 -0.171065
vn 0.707107 0.171065 -0.686103
vn 0.707107 0.171065 -0.686103
vn 0.707107 0.491198 -0.508650
vn 0.707107 0.491198 -0.508650
vn 0.707107 0.679715 -0.194905
vn 0.707107 0.679715 -0.194905
vn 0.707107 0.686103 0.171065
vn 0.707107 0.686103 0.171065
vn 0.707107 0.508650 0.491198
vn 0.707107 0.508650 0.491198
vn 0.707107 0.194905 0.679715
vn 0.707107 0.194905 0.679715
vn 0.707107 -0.171065 0.686103
vn 0.707107 -0.171065 0.686103
vn 0.707107 -0.491198 0.508650
vn 0.707107 -0.491198 0.508650
vn 0.707107 -0.679715 0.194905
vn 0.707107 -0.679715 0.194905
vn 0.707107 -0.686103 -0.171065
vn 0.707107 -0.686103 -0.171065
vn 0.707107 -0.508650 -0.491198
vn 0.707107 -0.508650 -0.491198
vn 0.707107 -0.194905 -0.679715
vn 0.707107 -0.194905 -0.679715
vn -0.707107 -0.679715 0.194905
vn -0.707107 -0.679715 0.194905
vn -0.707107 -0.491198 0.508650
vn -0.707107 -0.491198 0.508650
vn -0.707107 -0.171065 0.686103
vn -0.707107 -0.171065 0.686103
vn -0.707107 0.194905 0.679715
vn -0.707107 0.194905 0.679715
vn -0.707107 0.508650 0.491198
vn -0.707107 0.508650 0.491198
vn -0.707107 0.686103 0.171065
vn -0.707107 0.686103 0.171065
vn -0.707107 0.679715 -0.194905
vn -0.707107 0.679715 -0.194905
vn -0.707107 0.491198 -0.508650
vn -0.707107 0.491198 -0.508650
vn -0.707107 0.171065 -0.686103
vn -0.707107 0.171065 -0.686103
vn -0.707107 -0.194905 -0.679715
vn -0.707107 -0.194905 -0.679715
vn -0.707107 -0.508650 -0.491198
vn -0.707107 -0.508650 -0.491198
vn -0.707107 -0.686103 -0.171065
vn -0.707107 -0.686103 -0.171065
vn -0.000000 0.961262 -0.275637
vn -0.000000 0.961262 -0.275637
vn -0.000000 0.694658 -0.719340
vn -0.000000 0.694658 -0.719340
vn -0.000000 0.241922 -0.970296
vn -0.000000 0.241922 -0.970296
vn -0.000000 -0.275637 -0.961262
vn -0.000000 -0.275637 -0.961262
vn -0.000000 -0.719340 -0.694658
vn -0.000000 -0.719340 -0.694658
vn -0.000000 -0.970296 -0.241922
vn -0.000000 -0.970296 -0.241922
vn 0.000000 -0.961262 0.275637
vn 0.000000 -0.961262 0.275637
vn 0.000000 -0.694658 0.719340
vn 0.000000 -0.694658 0.719340
vn 0.000000 -0.241922 0.970296
vn 0.000000 -0.241922 0.970296
vn 0.000000 0.275637 0.961262
vn 0.000000 0.275637 0.961262
vn 0.000000 0.719340 0.694658
vn 0.000000 0.719340 0.694658
vn 0.000000 0.970296 0.241922
vn 0.000000 0.970296 0.241922
vn 0.000000 -0.299407 0.954125
vn 0.000000 -0.299407 0.954125
vn 0.000000 -0.648708 0.761037
vn 0.000000 -0.648708 0.761037
vn 0.000000 -0.894674 0.446720
vn 0.000000 -0.894674 0.446720
vn 0.000000 -0.998123 0.061243
vn 0.000000 -0.998123 0.061243
vn -0.000000 -0.942577 -0.333990
vn -0.000000 -0.942577 -0.333990
vn -0.000000 -0.736883 -0.676020
vn -0.000000 -0.736883 -0.676020
vn -0.000000 -0.413808 -0.910364
vn -0.000000 -0.413808 -0.910364
vn -0.000000 -0.024816 -0.999692
vn -0.000000 -0.024816 -0.999692
vn -0.000000 0.368129 -0.929775
vn -0.000000 0.368129 -0.929775
vn -0.000000 0.961262 -0.275637
vn -0.000000 0.961262 -0.275637
vn -0.000000 0.694658 -0.719340
vn -0.000000 0.694658 -0.719340
vn -0.000000 0.241922 -0.970296
vn -0.000000 0.241922 -0.970296
vn -0.000000 -0.275637 -0.961262
vn -0.000000 -0.275637 -0.961262
vn -0.000000 -0.719340 -0.694658
vn -0.000000 -0.719340 -0.694658
vn -0.000000 -0.970296 -0.241922
vn -0.000000 -0.970296 -0.241922
vn 0.000000 -0.961262 0.275637
vn 0.000000 -0.961262 0.275637
vn 0.000000 -0.694658 0.719340
vn 0.000000 -0.694658 0.719340
vn 0.000000 -0.241922 0.970296
vn 0.000000 -0.241922 0.970296
vn 0.000000 0.275637 0.961262
vn 0.000000 0.275637 0.961262
vn 0.000000 0.719340 0.694658
vn 0.000000 0.719340 0.694658
vn 0.000000 0.970296 0.241922
vn 0.000000 0.970296 0.241922
vn 0.000000 0.337378 0.941369
vn 0.000000 0.337378 0.941369
vn 0.000000 -0.037793 0.999286
vn 0.000000 -0.037793 0.999286
vn 0.000000 -0.407517 0.913197
vn 0.000000 -0.407517 0.913197
vn 0.000000 -0.718516 0.695511
vn 0.000000 -0.718516 0.695511
vn 0.000000 -0.925970 0.377596
vn 0.000000 -0.925970 0.377596
vn 0.000000 -0.999986 0.005267
vn 0.000000 -0.999986 0.005267
vn -0.000000 -0.929897 -0.367821
vn -0.000000 -0.929897 -0.367821
vn -0.000000 -0.725802 -0.687903
vn -0.000000 -0.725802 -0.687903
vn -0.000000 -0.417114 -0.908854
vn -0.000000 -0.417114 -0.908854
vn -0.000000 -0.048317 -0.998832
vn -0.000000 -0.048317 -0.998832
vn -0.000000 0.961262 -0.275637
vn -0.000000 0.961262 -0.275637
vn -0.000000 0.694658 -0.719340
vn -0.000000 0.694658 -0.719340
vn -0.000000 0.241922 -0.970296
vn -0.000000 0.241922 -0.970296
vn -0.000000 -0.275637 -0.961262
vn -0.000000 -0.275637 -0.961262
vn -0.000000 -0.719340 -0.694658
vn -0.000000 -0.719340 -0.694658
vn -0.000000 -0.970296 -0.241922
vn -0.000000 -0.970296 -0.241922
vn 0.000000 -0.961262 0.275637
vn 0.000000 -0.961262 0.275637
vn 0.000000 -0.694658 0.719340
vn 0.000000 -0.694658 0.719340
vn 0.000000 -0.241922 0.970296
vn 0.000000 -0.241922 0.970296
vn 0.000000 0.275637 0.961262
vn 0.000000 0.275637 0.961262
vn 0.000000 0.719340 0.694658
vn 0.000000 0.719340 0.694658
vn 0.000000 0.970296 0.241922
vn 0.000000 0.970296 0.241922
vn -0.000000 0.999910 0.013429
vn -0.000000 0.999910 0.013429
vn 0.000000 0.922857 0.385142
vn 0.000000 0.922857 0.385142
vn 0.000000 0.712814 0.701353
vn 0.000000 0.712814 0.701353
vn 0.000000 0.400050 0.916493
vn 0.000000 0.400050 0.916493
vn 0.000000 0.029635 0.999561
vn 0.000000 0.029635 0.999561
vn 0.000000 -0.345050 0.938584
vn 0.000000 -0.345050 0.938584
vn 0.000000 -0.670011 0.742351
vn 0.000000 -0.670011 0.742351
vn 0.000000 -0.898419 0.439139
vn 0.000000 -0.898419 0.439139
vn 0.000000 -0.997358 0.072645
vn 0.000000 -0.997358 0.072645
vn -0.000000 -0.952570 -0.304319
vn -0.000000 -0.952570 -0.304319
vn -0.000000 -0.770510 -0.637428
vn -0.000000 0.961262 -0.275637
vn -0.000000 0.961262 -0.275637
vn -0.000000 0.694658 -0.719340
vn -0.000000 0.694658 -0.719340
vn -0.000000 0.241922 -0.970296
vn -0.000000 0.241922 -0.970296
vn -0.000000 -0.275637 -0.961262
vn -0.000000 -0.275637 -0.961262
vn -0.000000 -0.719340 -0.694658
vn -0.000000 -0.719340 -0.694658
vn -0.000000 -0.970296 -0.241922
vn -0.000000 -0.970296 -0.241922
vn 0.000000 -0.961262 0.275637
vn 0.000000 -0.961262 0.275637
vn 0.000000 -0.694658 0.719340
vn 0.000000 -0.694658 0.719340
vn 0.000000 -0.241922 0.970296
vn 0.000000 -0.241922 0.970296
vn 0.000000 0.275637 0.961262
vn 0.000000 0.275637 0.961262
vn 0.000000 0.719340 0.694658
vn 0.000000 0.719340 0.694658
vn 0.000000 0.970296 0.241922
vn 0.000000 0.970296 0.241922
vn -0.000000 0.916361 -0.400353
vn -0.000000 0.916361 -0.400353
vn -0.000000 0.999949 -0.010088
vn -0.000000 0.999949 -0.010088
vn 0.000000 0.924251 0.381785
vn 0.000000 0.924251 0.381785
vn 0.000000 0.701325 0.712841
vn 0.000000 0.701325 0.712841
vn 0.000000 0.366682 0.930346
vn 0.000000 0.366682 0.930346
vn 0.000000 -0.026371 0.999652
vn 0.000000 -0.026371 0.999652
vn 0.000000 -0.415224 0.909719
vn 0.000000 -0.415224 0.909719
vn 0.000000 -0.737934 0.674873
vn 0.000000 -0.737934 0.674873
vn 0.000000 -0.943095 0.332524
vn 0.000000 -0.943095 0.332524
vn 0.000000 -0.998026 -0.062795
vn -0.000000 0.961262 -0.275637
vn -0.000000 0.961262 -0.275637
vn -0.000000 0.694658 -0.719340
vn -0.000000 0.694658 -0.719340
vn -0.000000 0.241922 -0.970296
vn -0.000000 0.241922 -0.970296
vn -0.000000 -0.275637 -0.961262
vn -0.000000 -0.275637 -0.961262
vn -0.000000 -0.719340 -0.694658
vn -0.000000 -0.719340 -0.694658
vn -0.000000 -0.970296 -0.241922
vn -0.000000 -0.970296 -0.241922
vn 0.000000 -0.961262 0.275637
vn 0.000000 -0.961262 0.275637
vn 0.000000 -0.694658 0.719340
vn 0.000000 -0.694658 0.719340
vn 0.000000 -0.241922 0.970296
vn 0.000000 -0.241922 0.970296
vn 0.000000 0.275637 0.961262
vn 0.000000 0.275637 0.961262
vn 0.000000 0.719340 0.694658
vn 0.000000 0.719340 0.694658
vn 0.000000 0.970296 0.241922
vn 0.000000 0.970296 0.241922
vn -0.000000 0.506030 -0.862516
vn -0.000000 0.803047 -0.595916
vn -0.000000 0.972143 -0.234391
vn -0.000000 0.986382 0.164472
vn 0.000000 0.843496 0.537136
vn 0.000000 0.566246 0.824236
vn 0.000000 0.198796 0.980041
vn 0.000000 -0.200321 0.979730
vn 0.000000 -0.567527 0.823355
vn 0.000000 -0.844330 0.535823
vn -0.000000 0.961262 -0.275637
vn -0.000000 0.961262 -0.275637
vn -0.000000 0.694658 -0.719340
vn -0.000000 0.694658 -0.719340
vn -0.000000 0.241922 -0.970296
vn -0.000000 0.241922 -0.970296
vn -0.000000 -0.275637 -0.961262
vn -0.000000 -0.275637 -0.961262
vn -0.000000 -0.719340 -0.694658
vn -0.000000 -0.719340 -0.694658
vn -0.000000 -0.970296 -0.241922
vn -0.000000 -0.970296 -0.241922
vn 0.000000 -0.961262 0.275637
vn 0.000000 -0.961262 0.275637
vn 0.000000 -0.694658 0.719340
vn 0.000000 -0.694658 0.719340
vn 0.000000 -0.241922 0.970296
vn 0.000000 -0.241922 0.970296
vn 0.000000 0.275637 0.961262
vn 0.000000 0.275637 0.961262
vn 0.000000 0.719340 0.694658
vn 0.000000 0.719340 0.694658
vn 0.000000 0.970296 0.241922
vn 0.000000 0.970296 0.241922
vn -0.000000 0.961262 -0.275637
vn -0.000000 0.961262 -0.275637
vn -0.000000 0.694658 -0.719340
vn -0.000000 0.694658 -0.719340
vn -0.000000 0.241922 -0.970296
vn -0.000000 0.241922 -0.970296
vn -0.000000 -0.275637 -0.961262
vn -0.000000 -0.275637 -0.961262
vn -0.000000 -0.719340 -0.694658
vn -0.000000 -0.719340 -0.694658
vn -0.000000 -0.970296 -0.241922
vn -0.000000 -0.970296 -0.241922
vn 0.000000 -0.961262 0.275637
vn 0.000000 -0.961262 0.275637
vn 0.000000 -0.694658 0.719340
vn 0.000000 -0.694658 0.719340
vn 0.000000 -0.241922 0.970296
vn 0.000000 -0.241922 0.970296
vn 0.000000 0.275637 0.961262
vn 0.000000 0.275637 0.961262
vn 0.000000 0.719340 0.694658
vn 0.000000 0.719340 0.694658
vn 0.000000 0.970296 0.241922
vn 0.000000 0.970296 0.241922
vn -0.000000 0.961262 -0.275637
vn -0.000000 0.961262 -0.275637
vn -0.000000 0.694658 -0.719340
vn -0.000000 0.694658 -0.719340
vn -0.000000 0.241922 -0.970296
vn -0.000000 0.241922 -0.970296
vn -0.000000 -0.275637 -0.961262
vn -0.000000 -0.275637 -0.961262
vn -0.000000 -0.719340 -0.694658
vn -0.000000 -0.719340 -0.694658
vn -0.000000 -0.970296 -0.241922
vn -0.000000 -0.970296 -0.241922
vn 0.000000 -0.961262 0.275637
vn 0.000000 -0.961262 0.275637
vn 0.000000 -0.694658 0.719340
vn 0.000000 -0.694658 0.719340
vn 0.000000 -0.241922 0.970296
vn 0.000000 -0.241922 0.970296
vn 0.000000 0.275637 0.961262
vn 0.000000 0.275637 0.961262
vn 0.000000 0.719340 0.694658
vn 0.000000 0.719340 0.694658
vn 0.000000 0.970296 0.241922
vn 0.000000 0.970296 0.241922
vn -0.000000 0.961262 -0.275637
vn -0.000000 0.961262 -0.275637
vn -0.000000 0.694658 -0.719340
vn -0.000000 0.694658 -0.719340
vn -0.000000 0.241922 -0.970296
vn -0.000000 0.241922 -0.970296
vn -0.000000 -0.275637 -0.961262
vn -0.000000 -0.275637 -0.961262
vn -0.000000 -0.719340 -0.694658
vn -0.000000 -0.719340 -0.694658
vn -0.000000 -0.970296 -0.241922
vn -0.000000 -0.970296 -0.241922
vn 0.000000 -0.961262 0.275637
vn 0.000000 -0.961262 0.275637
vn 0.000000 -0.694658 0.719340
vn 0.000000 -0.694658 0.719340
vn 0.000000 -0.241922 0.970296
vn 0.000000 -0.241922 0.970296
vn 0.000000 0.275637 0.961262
vn 0.000000 0.275637 0.961262
vn 0.000000 0.719340 0.694658
vn 0.000000 0.719340 0.694658
vn 0.000000 0.970296 0.241922
vn 0.000000 0.970296 0.241922
vn 0.707107 0.171065 -0.686103
vn 0.707107 0.171065 -0.686103
vn 0.707107 0.491198 -0.508650
vn 0.707107 0.491198 -0.508650
vn 0.707107 0.679715 -0.194905
vn 0.707107 0.679715 -0.194905
vn 0.707107 0.686103 0.171065
vn 0.707107 0.686103 0.171065
vn 0.707107 0.508650 0.491198
vn 0.707107 0.508650 0.491198
vn 0.707107 0.194905 0.679715
vn 0.707107 0.194905 0.679715
vn 0.707107 -0.171065 0.686103
vn 0.707107 -0.171065 0.686103
vn 0.707107 -0.491198 0.508650
vn 0.707107 -0.491198 0.508650
vn 0.707107 -0.679715 0.194905
vn 0.707107 -0.679715 0.194905
vn 0.707107 -0.686103 -0.171065
vn 0.707107 -0.686103 -0.171065
vn 0.707107 -0.508650 -0.491198
vn 0.707107 -0.508650 -0.491198
vn 0.707107 -0.194905 -0.679715
vn 0.707107 -0.194905 -0.679715
vn -0.707107 -0.679715 0.194905
vn -0.707107 -0.679715 0.194905
vn -0.707107 -0.491198 0.508650
vn -0.707107 -0.491198 0.508650
vn -0.707107 -0.171065 0.686103
vn -0.707107 -0.171065 0.686103
vn -0.707107 0.194905 0.679715
vn -0.707107 0.194905 0.679715
vn -0.707107 0.508650 0.491198
vn -0.707107 0.508650 0.491198
vn -0.707107 0.686103 0.171065
vn -0.707107 0.686103 0.171065
vn -0.707107 0.679715 -0.194905
vn -0.707107 0.679715 -0.194905
vn -0.707107 0.491198 -0.508650
vn -0.707107 0.491198 -0.508650
vn -0.707107 0.171065 -0.686103
vn -0.707107 0.171065 -0.686103
vn -0.707107 -0.194905 -0.679715
vn -0.707107 -0.194905 -0.679715
vn -0.707107 -0.508650 -0.491198
vn -0.707107 -0.508650 -0.491198
vn -0.707107 -0.686103 -0.171065
vn -0.707107 -0.686103 -0.171065
vn -0.000000 0.961262 -0.275637
vn -0.000000 0.961262 -0.275637
vn -0.000000 0.694658 -0.719340
vn -0.000000 0.694658 -0.719340
vn -0.000000 0.241922 -0.970296
vn -0.000000 0.241922 -0.970296
vn -0.000000 -0.275637 -0.961262
vn -0.000000 -0.275637 -0.961262
vn -0.000000 -0.719340 -0.694658
vn -0.000000 -0.719340 -0.694658
vn -0.000000 -0.970296 -0.241922
vn -0.000000 -0.970296 -0.241922
vn 0.000000 -0.961262 0.275637
vn 0.000000 -0.961262 0.275637
vn 0.000000 -0.694658 0.719340
vn 0.000000 -0.694658 0.719340
vn 0.000000 -0.241922 0.970296
vn 0.000000 -0.241922 0.970296
vn 0.000000 0.275637 0.961262
vn 0.000000 0.275637 0.961262
vn 0.000000 0.719340 0.694658
vn 0.000000 0.719340 0.694658
vn 0.000000 0.970296 0.241922
vn 0.000000 0.970296 0.241922
vn 0.000000 -0.803047 0.595916
vn 0.000000 -0.972143 0.234391
vn 0.000000 -0.986382 -0.164472
vn -0.000000 -0.843496 -0.537136
vn -0.000000 -0.566246 -0.824236
vn -0.000000 -0.198796 -0.980041
vn -0.000000 0.200321 -0.979730
vn -0.000000 0.567527 -0.823355
vn -0.000000 0.809017 -0.587785
vn -0.000000 0.809017 -0.587785
vn -0.000000 0.754710 -0.656059
vn -0.000000 0.754710 -0.656059
vn -0.000000 0.694658 -0.719340
vn -0.000000 0.694658 -0.719340
vn -0.000000 0.629320 -0.777146
vn -0.000000 0.629320 -0.777146
vn -0.000000 0.559193 -0.829038
vn -0.000000 0.559193 -0.829038
vn -1.000000 -0.000000 0.000000
vn -1.000000 -0.000000 0.000000
vn -1.000000 -0.000000 0.000000
vn -1.000000 -0.000000 0.000000
vn -1.000000 -0.000000 0.000000
vn -1.000000 -0.000000 0.000000
vn -1.000000 -0.000000 0.000000
vn -1.000000 -0.000000 0.000000
vn -1.000000 -0.000000 0.000000
vn -1.000000 -0.000000 0.000000
vn -1.000000 -0.000000 0.000000
vn -1.000000 -0.000000 0.000000
vn -1.000000 -0.000000 0.000000
vn -1.000000 -0.000000 0.000000
vn -1.000000 -0.000000 0.000000
vn -1.000000 -0.000000 0.000000
vn -1.000000 -0.000000 0.000000
vn -1.000000 -0.000000 0.000000
vn -1.000000 -0.000000 0.000000
vn -1.000000 -0.000000 0.000000
vn -1.000000 -0.000000 0.000000
vn -1.000000 -0.000000 0.000000
vn -1.000000 -0.000000 0.000000
vn -1.000000 -0.000000 0.000000
vn -1.000000 -0.000000 0.000000
vn -1.000000 -0.000000 0.000000
vn -1.000000 -0.000000 0.000000
vn -1.000000 -0.000000 0.000000
vn -1.000000 -0.000000 0.000000
vn -1.000000 -0.000000 0.000000
vn -1.000000 -0.000000 0.000000
vn -1.000000 -0.000000 0.000000
vn -1.000000 -0.000000 0.000000
vn -1.000000 -0.000000 0.000000
vn -1.000000 -0.000000 0.000000
vn -1.000000 -0.000000 0.000000
vn -1.000000 -0.000000 0.000000
vn -1.000000 -0.000000 0.000000
vn -1.000000 -0.000000 0.000000
vn -1.000000 -0.000000 0.000000
vn -1.000000 -0.000000 0.000000
vn -1.000000 -0.000000 0.000000
vn -1.000000 -0.000000 0.000000
vn -1.000000 -0.000000 0.000000
vn -1.000000 -0.000000 0.000000
vn -1.000000 -0.000000 0.000000
vn -1.000000 -0.000000 0.000000
vn -1.000000 -0.000000 0.000000
vn -1.000000 -0.000000 0.000000
vn -1.000000 -0.000000 0.000000
vn -1.000000 -0.000000 0.000000
vn -1.000000 -0.000000 0.000000
vn -1.000000 -0.000000 0.000000
vn -1.000000 -0.000000 0.000000
vn -1.000000 -0.000000 0.000000
vn -1.000000 -0.000000 0.000000
vn -1.000000 -0.000000 0.000000
vn -1.000000 -0.000000 0.000000
vn -1.000000 -0.000000 0.000000
vn -1.000000 -0.000000 0.000000
vn -1.000000 -0.000000 0.000000
vn -1.000000 -0.000000 0.000000
vn -1.000000 -0.000000 0.000000
vn -1.000000 -0.000000 0.000000
vn -1.000000 -0.000000 0.000000
vn -1.000000 -0.000000 0.000000
vn -1.000000 -0.000000 0.000000
vn -1.000000 -0.000000 0.000000
vn -1.000000 -0.000000 0.000000
vn -1.000000 -0.000000 0.000000
vn -1.000000 -0.000000 0.000000
vn -1.000000 -0.000000 0.000000
vn -1.000000 -0.000000 0.000000
vn -1.000000 -0.000000 0.000000
vn -1.000000 -0.000000 0.000000
vn -1.000000 -0.000000 0.000000
vn -1.000000 -0.000000 0.000000
vn -1.000000 -0.000000 0.000000
vn -1.000000 -0.000000 0.000000
vn -1.000000 -0.000000 0.000000
vn -1.000000 -0.000000 0.000000
vn -1.000000 -0.000000 0.000000
vn -1.000000 -0.000000 0.000000
vn -1.000000 -0.000000 0.000000
vn -1.000000 -0.000000 0.000000
vn -1.000000 -0.000000 0.000000
vn -1.000000 -0.000000 0.000000
vn -1.000000 -0.000000 0.000000
vn -1.000000 -0.000000 0.000000
vn -1.000000 -0.000000 0.000000
vn -1.000000 -0.000000 0.000000
vn -1.000000 -0.000000 0.000000
vn -1.000000 -0.000000 0.000000
vn -1.000000 -0.000000 0.000000
vn -1.000000 -0.000000 0.000000
vn -1.000000 -0.000000 0.000000
vn -1.000000 -0.000000 0.000000
vn -1.000000 -0.000000 0.000000
vn -1.000000 -0.000000 0.000000
vn -1.000000 -0.000000 0.000000
vn -1.000000 -0.000000 0.000000
vn -1.000000 -0.000000 0.000000
vn -1.000000 -0.000000 0.000000
vn -1.000000 -0.000000 0.000000
vn -1.000000 -0.000000 0.000000
vn -1.000000 -0.000000 0.000000
vn -1.000000 -0.000000 0.000000
vn -1.000000 -0.000000 0.000000
vn -1.000000 -0.000000 0.000000
vn -1.000000 -0.000000 0.000000
vn -1.000000 -0.000000 0.000000
vn -1.000000 -0.000000 0.000000
vn -1.000000 -0.000000 0.000000
vn -1.000000 -0.000000 0.000000
vn -1.000000 -0.000000 0.000000
vn -1.000000 -0.000000 0.000000
vn -1.000000 -0.000000 0.000000
vn -1.000000 -0.000000 0.000000
vn -1.000000 -0.000000 0.000000
vn -1.000000 -0.000000 0.000000
vn -1.000000 -0.000000 0.000000
vn -1.000000 -0.000000 0.000000
vn -1.000000 -0.000000 0.000000
vn -1.000000 -0.000000 0.000000
vn -1.000000 -0.000000 0.000000
vn -1.000000 -0.000000 0.000000
vn -1.000000 -0.000000 0.000000
vn -1.000000 -0.000000 0.000000
vn -1.000000 -0.000000 0.000000
vn -1.000000 -0.000000 0.000000
vn -1.000000 -0.000000 0.000000
vn -1.000000 -0.000000 0.000000
vn -1.000000 -0.000000 0.000000
vn -1.000000 -0.000000 0.000000
vn -1.000000 -0.000000 0.000000
vn -1.000000 -0.000000 0.000000
vn -1.000000 -0.000000 0.000000
vn -1.000000 -0.000000 0.000000
vn -1.000000 -0.000000 0.000000
vn -1.000000 -0.000000 0.000000
vn -1.000000 -0.000000 0.000000
vn -1.000000 -0.000000 0.000000
vn -1.000000 -0.000000 0.000000
vn -1.000000 -0.000000 0.000000
vn -1.000000 -0.000000 0.000000
vn -1.000000 -0.000000 0.000000
vn -1.000000 -0.000000 0.000000
vn -1.000000 -0.000000 0.000000
vn -1.000000 -0.000000 0.000000
vn -1.000000 -0.000000 0.000000
vn -1.000000 -0.000000 0.000000
vn -1.000000 -0.000000 0.000000
vn -1.000000 -0.000000 0.000000
vn -1.000000 -0.000000 0.000000
vn -1.000000 -0.000000 0.000000
vn -1.000000 -0.000000 0.000000
vn -1.000000 -0.000000 0.000000
vn -1.000000 -0.000000 0.000000
vn -1.000000 -0.000000 0.000000
vn -1.000000 -0.000000 0.000000
vn -1.000000 -0.000000 0.000000
vn -1.000000 -0.000000 0.000000
vn -1.000000 -0.000000 0.000000
vn -1.000000 -0.000000 0.000000
vn -1.000000 -0.000000 0.000000
vn -1.000000 -0.000000 0.000000
vn -1.000000 -0.000000 0.000000
vn -1.000000 -0.000000 0.000000
vn -1.000000 -0.000000 0.000000
vn -1.000000 -0.000000 0.000000
vn -1.000000 -0.000000 0.000000
vn -1.000000 -0.000000 0.000000
vn -1.000000 -0.000000 0.000000
vn -1.000000 -0.000000 0.000000
vn -1.000000 -0.000000 0.000000
vn -1.000000 -0.000000 0.000000
vn -1.000000 -0.000000 0.000000
vn -1.000000 -0.000000 0.000000
vn -1.000000 -0.000000 0.000000
vn -1.000000 -0.000000 0.000000
vn -1.000000 -0.000000 0.000000
vn -1.000000 -0.000000 0.000000
vn -1.000000 -0.000000 0.000000
vn -1.000000 -0.000000 0.000000
vn -1.000000 -0.000000 0.000000
vn -1.000000 -0.000000 0.000000
vn -1.000000 -0.000000 0.000000
vn -1.000000 -0.000000 0.000000
vn -1.000000 -0.000000 0.000000
vn -1.000000 -0.000000 0.000000
vn -1.000000 -0.000000 0.000000
vn -1.000000 -0.000000 0.000000
vn -1.000000 -0.000000 0.000000
vn -1.000000 -0.000000 0.000000
vn -1.000000 -0.000000 0.000000
vn -1.000000 -0.000000 0.000000
vn -1.000000 -0.000000 0.000000
vn -1.000000 -0.000000 0.000000
vn -1.000000 -0.000000 0.000000
vn -1.000000 -0.000000 0.000000
vn -1.000000 -0.000000 0.000000
vn -1.000000 -0.000000 0.000000
vn -1.000000 -0.000000 0.000000
vn -1.000000 -0.000000 0.000000
vn -1.000000 -0.000000 0.000000
vn -1.000000 -0.000000 0.000000
vn -1.000000 -0.000000 0.000000
vn -1.000000 -0.000000 0.000000
vn -1.000000 -0.000000 0.000000
vn -1.000000 -0.000000 0.000000
vn -1.000000 -0.000000 0.000000
vn -1.000000 -0.000000 0.000000
vn -1.000000 -0.000000 0.000000
vn -1.000000 -0.000000 0.000000
vn -1.000000 -0.000000 0.000000
vn -1.000000 -0.000000 0.000000
vn -1.000000 -0.000000 0.000000
vn -1.000000 -0.000000 0.000000
vn -1.000000 -0.000000 0.000000
vn -1.000000 -0.000000 0.000000
vn -1.000000 -0.000000 0.000000
vn -1.000000 -0.000000 0.000000
vn -1.000000 -0.000000 0.000000
vn -1.000000 -0.000000 0.000000
vn -1.000000 -0.000000 0.000000
vn -1.000000 -0.000000 0.000000
vn -1.000000 -0.000000 0.000000
vn -1.000000 -0.000000 0.000000
vn -1.000000 -0.000000 0.000000
vn -1.000000 -0.000000 0.000000
vn -1.000000 -0.000000 0.000000
vn -1.000000 -0.000000 0.000000
vn -1.000000 -0.000000 0.000000
vn -1.000000 -0.000000 0.000000
vn -1.000000 -0.000000 0.000000
vn -1.000000 -0.000000 0.000000
vn -1.000000 -0.000000 0.000000
vn -1.000000 -0.000000 0.000000
vn -1.000000 -0.000000 0.000000
vn -1.000000 -0.000000 0.000000
vn -1.000000 -0.000000 0.000000
vn -1.000000 -0.000000 0.000000
vn -1.000000 -0.000000 0.000000
vn -1.000000 -0.000000 0.000000
vn -1.000000 -0.000000 0.000000
vn -1.000000 -0.000000 0.000000
vn -1.000000 -0.000000 0.000000
vn -1.000000 -0.000000 0.000000
vn -1.000000 -0.000000 0.000000
vn -1.000000 -0.000000 0.000000
vn -1.000000 -0.000000 0.000000
vn -1.000000 -0.000000 0.000000
vn -1.000000 -0.000000 0.000000
vn -1.000000 -0.000000 0.000000
vn -1.000000 -0.000000 0.000000
vn -1.000000 -0.000000 0.000000
vn -1.000000 -0.000000 0.000000
vn -1.000000 -0.000000 0.000000
vn -1.000000 -0.000000 0.000000
vn -1.000000 -0.000000 0.000000
vn 1.000000 0.000000 -0.000000
vn 1.000000 0.000000 -0.000000
vn 1.000000 0.000000 -0.000000
vn 1.000000 0.000000 -0.000000
vn 1.000000 0.000000 -0.000000
vn 1.000000 0.000000 -0.000000
vn 1.000000 0.000000 -0.000000
vn 1.000000 0.000000 -0.000000
vn 1.000000 0.000000 -0.000000
vn 1.000000 0.000000 -0.000000
vn 1.000000 0.000000 -0.000000
vn 1.000000 0.000000 -0.000000
vn 1.000000 0.000000 -0.000000
vn 1.000000 0.000000 -0.000000
vn 1.000000 0.000000 -0.000000
vn 1.000000 0.000000 -0.000000
vn 1.000000 0.000000 -0.000000
vn 1.000000 0.000000 -0.000000
vn 1.000000 0.000000 -0.000000
vn 1.000000 0.000000 -0.000000
vn 1.000000 0.000000 -0.000000
vn 1.000000 0.000000 -0.000000
vn 1.000000 0.000000 -0.000000
vn 1.000000 0.000000 -0.000000
vn 1.000000 0.000000 -0.000000
vn 1.000000 0.000000 -0.000000
vn 1.000000 0.000000 -0.000000
vn 1.000000 0.000000 -0.000000
vn 1.000000 0.000000 -0.000000
vn 1.000000 0.000000 -0.000000
vn 1.000000 0.000000 -0.000000
vn 1.000000 0.000000 -0.000000
vn 1.000000 0.000000 -0.000000
vn 1.000000 0.000000 -0.000000
vn 1.000000 0.000000 -0.000000
vn 1.000000 0.000000 -0.000000
vn 1.000000 0.000000 -0.000000
vn 1.000000 0.000000 -0.000000
vn 1.000000 0.000000 -0.000000
vn 1.000000 0.000000 -0.000000
vn 1.000000 0.000000 -0.000000
vn 1.000000 0.000000 -0.000000
vn 1.000000 0.000000 -0.000000
vn 1.000000 0.000000 -0.000000
vn 1.000000 0.000000 -0.000000
vn 1.000000 0.000000 -0.000000
vn 1.000000 0.000000 -0.000000
vn 1.000000 0.000000 -0.000000
vn 1.000000 0.000000 -0.000000
vn 1.000000 0.000000 -0.000000
vn 1.000000 0.000000 -0.000000
vn 1.000000 0.000000 -0.000000
vn 1.000000 0.000000 -0.000000
vn 1.000000 0.000000 -0.000000
vn 1.000000 0.000000 -0.000000
vn 1.000000 0.000000 -0.000000
vn 1.000000 0.000000 -0.000000
vn 1.000000 0.000000 -0.000000
vn 1.000000 0.000000 -0.000000
vn 1.000000 0.000000 -0.000000
vn 1.000000 0.000000 -0.000000
vn 1.000000 0.000000 -0.000000
vn 1.000000 0.000000 -0.000000
vn 1.000000 0.000000 -0.000000
vn 1.000000 0.000000 -0.000000
vn 1.000000 0.000000 -0.000000
vn 1.000000 0.000000 -0.000000
vn 1.000000 0.000000 -0.000000
vn 1.000000 0.000000 -0.000000
vn 1.000000 0.000000 -0.000000
vn 1.000000 0.000000 -0.000000
vn 1.000000 0.000000 -0.000000
vn 1.000000 0.000000 -0.000000
vn 1.000000 0.000000 -0.000000
vn 1.000000 0.000000 -0.000000
vn 1.000000 0.000000 -0.000000
vn 1.000000 0.000000 -0.000000
vn 1.000000 0.000000 -0.000000
vn 1.000000 0.000000 -0.000000
vn 1.000000 0.000000 -0.000000
vn 1.000000 0.000000 -0.000000
vn 1.000000 0.000000 -0.000000
vn 1.000000 0.000000 -0.000000
vn 1.000000 0.000000 -0.000000
vn 1.000000 0.000000 -0.000000
vn 1.000000 0.000000 -0.000000
vn 1.000000 0.000000 -0.000000
vn 1.000000 0.000000 -0.000000
vn 1.000000 0.000000 -0.000000
vn 1.000000 0.000000 -0.000000
vn 1.000000 0.000000 -0.000000
vn 1.000000 0.000000 -0.000000
vn 1.000000 0.000000 -0.000000
vn 1.000000 0.000000 -0.000000
vn 1.000000 0.000000 -0.000000
vn 1.000000 0.000000 -0.000000
vn 1.000000 0.000000 -0.000000
vn 1.000000 0.000000 -0.000000
vn 1.000000 0.000000 -0.000000
vn 1.000000 0.000000 -0.000000
vn 1.000000 0.000000 -0.000000
vn 1.000000 0.000000 -0.000000
vn 1.000000 0.000000 -0.000000
vn 1.000000 0.000000 -0.000000
vn 1.000000 0.000000 -0.000000
vn 1.000000 0.000000 -0.000000
vn 1.000000 0.000000 -0.000000
vn 1.000000 0.000000 -0.000000
vn 1.000000 0.000000 -0.000000
vn 1.000000 0.000000 -0.000000
vn 1.000000 0.000000 -0.000000
vn 1.000000 0.000000 -0.000000
vn 1.000000 0.000000 -0.000000
vn 1.000000 0.000000 -0.000000
vn 1.000000 0.000000 -0.000000
vn 1.000000 0.000000 -0.000000
vn 1.000000 0.000000 -0.000000
vn 1.000000 0.000000 -0.000000
vn 1.000000 0.000000 -0.000000
vn 1.000000 0.000000 -0.000000
vn 1.000000 0.000000 -0.000000
vn 1.000000 0.000000 -0.000000
vn 1.000000 0.000000 -0.000000
vn 1.000000 0.000000 -0.000000
vn 1.000000 0.000000 -0.000000
vn 1.000000 0.000000 -0.000000
vn 1.000000 0.000000 -0.000000
vn 1.000000 0.000000 -0.000000
vn 1.000000 0.000000 -0.000000
vn 1.000000 0.000000 -0.000000
vn 1.000000 0.000000 -0.000000
vn 1.000000 0.000000 -0.000000
vn 1.000000 0.000000 -0.000000
vn 1.000000 0.000000 -0.000000
vn 1.000000 0.000000 -0.000000
vn 1.000000 0.000000 -0.000000
vn 1.000000 0.000000 -0.000000
vn 1.000000 0.000000 -0.000000
vn 1.000000 0.000000 -0.000000
vn 1.000000 0.000000 -0.000000
vn 1.000000 0.000000 -0.000000
vn 1.000000 0.000000 -0.000000
vn 1.000000 0.000000 -0.000000
vn 1.000000 0.000000 -0.000000
vn 1.000000 0.000000 -0.000000
vn 1.000000 0.000000 -0.000000
vn 1.000000 0.000000 -0.000000
vn 1.000000 0.000000 -0.000000
vn 1.000000 0.000000 -0.000000
vn 1.000000 0.000000 -0.000000
vn 1.000000 0.000000 -0.000000
vn 1.000000 0.000000 -0.000000
vn 1.000000 0.000000 -0.000000
vn 1.000000 0.000000 -0.000000
vn 1.000000 0.000000 -0.000000
vn 1.000000 0.000000 -0.000000
vn 1.000000 0.000000 -0.000000
vn 1.000000 0.000000 -0.000000
vn 1.000000 0.000000 -0.000000
vn 1.000000 0.000000 -0.000000
vn 1.000000 0.000000 -0.000000
vn 1.000000 0.000000 -0.000000
vn 1.000000 0.000000 -0.000000
vn 1.000000 0.000000 -0.000000
vn 1.000000 0.000000 -0.000000
vn 1.000000 0.000000 -0.000000
vn 1.000000 0.000000 -0.000000
vn 1.000000 0.000000 -0.000000
vn 1.000000 0.000000 -0.000000
vn 1.000000 0.000000 -0.000000
vn 1.000000 0.000000 -0.000000
vn 1.000000 0.000000 -0.000000
vn 1.000000 0.000000 -0.000000
vn 1.000000 0.000000 -0.000000
vn 1.000000 0.000000 -0.000000
vn 1.000000 0.000000 -0.000000
vn 1.000000 0.000000 -0.000000
vn 1.000000 0.000000 -0.000000
vn 1.000000 0.000000 -0.000000
vn 1.000000 0.000000 -0.000000
vn 1.000000 0.000000 -0.000000
vn 1.000000 0.000000 -0.000000
vn 1.000000 0.000000 -0.000000
vn 1.000000 0.000000 -0.000000
vn 1.000000 0.000000 -0.000000
vn 1.000000 0.000000 -0.000000
vn 1.000000 0.000000 -0.000000
vn 1.000000 0.000000 -0.000000
vn 1.000000 0.000000 -0.000000
vn 1.000000 0.000000 -0.000000
vn 1.000000 0.000000 -0.000000
vn 1.000000 0.000000 -0.000000
vn 1.000000 0.000000 -0.000000
vn 1.000000 0.000000 -0.000000
vn 1.000000 0.000000 -0.000000
vn 1.000000 0.000000 -0.000000
vn 1.000000 0.000000 -0.000000
vn 1.000000 0.000000 -0.000000
vn 1.000000 0.000000 -0.000000
vn 1.000000 0.000000 -0.000000
vn 1.000000 0.000000 -0.000000
vn 1.000000 0.000000 -0.000000
vn 1.000000 0.000000 -0.000000
vn 1.000000 0.000000 -0.000000
vn 1.000000 0.000000 -0.000000
vn 1.000000 0.000000 -0.000000
vn -0.000000 -0.886871 -0.462018
vn -0.000000 -0.886871 -0.462018
vn 0.000000 -0.979442 -0.201728
vn 0.000000 -0.979442 -0.201728
vn 0.000000 -0.997261 0.073957
vn 0.000000 -0.997261 0.073957
vn 0.000000 -0.938970 0.343998
vn 0.000000 -0.938970 0.343998
vn 0.000000 -0.809017 0.587785
vn 0.000000 -0.809017 0.587785
vn 0.000000 -0.873894 0.486116
vn 0.000000 -0.873894 0.486116
vn 0.000000 -0.910762 0.412932
vn 0.000000 -0.941513 0.336976
vn 0.000000 -0.984140 0.177393
vn 0.000000 -0.965943 0.258756
vn 0.000000 -0.982890 0.184192
vn 0.000000 -0.993386 0.114821
vn 0.000000 -0.999940 -0.010967
vn 0.000000 -0.988626 -0.150393
vn 0.000000 -0.999940 -0.010967
vn 0.000000 -0.986021 -0.166620
vn -0.000000 -0.948022 -0.318205
vn -0.000000 0.455322 -0.890327
vn -0.000000 0.455322 -0.890327
vn -0.000000 0.435086 -0.900389
vn -0.000000 0.414628 -0.909991
vn -0.000000 0.369291 -0.929314
vn -0.000000 0.393958 -0.919128
vn -0.000000 0.382754 -0.923850
vn -0.000000 0.296738 -0.954959
vn -0.000000 0.279965 -0.960010
vn -0.000000 0.218669 -0.975799
vn -0.000000 0.188142 -0.982142
vn -0.000000 0.139173 -0.990268
vn -0.000000 0.094640 -0.995512
vn -0.000000 0.058768 -0.998272
vn -0.000000 0.000294 -1.000000
vn -0.000000 -0.022020 -0.999758
vn -0.000000 -0.094054 -0.995567
vn -0.000000 -0.102665 -0.994716
vn -0.000000 -0.102665 -0.994716
vn -0.000000 -0.113279 -0.993563
vn -0.000000 -0.125351 -0.992113
vn -0.000000 -0.187563 -0.982252
vn -0.000000 -0.157589 -0.987505
vn -0.000000 -0.189661 -0.981850
vn -0.000000 -0.221531 -0.975153
vn -0.000000 -0.233371 -0.972388
vn -0.000000 -0.279400 -0.960175
vn -0.000000 -0.321245 -0.946996
vn -0.000000 -0.368743 -0.929531
vn -0.000000 -0.396653 -0.917969
vn -0.000000 -0.454797 -0.890595
vn -0.000000 -0.469472 -0.882948
vn -0.000000 -0.536794 -0.843714
vn -0.000000 -0.539225 -0.842162
vn -0.000000 -0.605457 -0.795878
vn -0.000000 -0.614001 -0.789305
vn -0.000000 -0.685731 -0.727855
vn -0.000000 -0.675647 -0.737225
vn -0.000000 -0.684560 -0.728957
vn -0.000000 -0.707933 -0.706279
vn -0.000000 -0.730556 -0.682853
vn -0.000000 -0.751343 -0.659912
vn -0.000000 -0.752403 -0.658703
vn -0.000000 -0.760356 -0.649506
vn -0.000000 -0.810253 -0.586081
vn -0.000000 -0.816523 -0.577313
vn -0.000000 -0.861934 -0.507021
vn -0.000000 -0.860468 -0.509505
vn -0.000000 -0.898794 -0.438371
vn -0.000000 -0.905925 -0.423439
vn -0.000000 -0.931252 -0.364375
vn -0.000000 -0.941834 -0.336078
vn -0.000000 -0.957630 -0.288000
vn -0.000000 -0.969341 -0.245720
vn 0.000000 -0.979940 -0.199293
vn 0.000000 -0.982291 -0.187364
vn 0.000000 -0.988200 -0.153169
vn 0.000000 -0.987871 -0.155279
vn 0.000000 -0.992403 -0.123030
vn 0.000000 -0.995883 -0.090650
vn 0.000000 -0.998243 -0.059252
vn 0.000000 -0.996911 -0.078536
vn 0.000000 -0.997693 -0.067887
vn 0.000000 -0.997693 -0.067887
vn 0.000000 -0.999917 0.012884
vn 0.000000 -0.999381 0.035194
vn 0.000000 -0.995613 0.093572
vn 0.000000 -0.991602 0.129326
vn 0.000000 -0.984808 0.173648
vn 0.000000 -0.974977 0.222304
vn 0.000000 -0.967573 0.252591
vn 0.000000 -0.949655 0.313298
vn 0.000000 -0.944021 0.329884
vn 0.000000 -0.915860 0.401498
vn 0.000000 -0.910954 0.412507
vn 0.000000 -0.908100 0.418754
vn 0.000000 -0.904820 0.425795
vn 0.000000 -0.894966 0.446133
vn 0.000000 -0.884656 0.466244
vn -0.000000 -0.492687 -0.870206
vn -0.000000 -0.492687 -0.870206
vn -0.000000 -0.351096 -0.936339
vn -0.000000 -0.184804 -0.982775
vn -0.000000 -0.200931 -0.979605
vn -0.000000 -0.045858 -0.998948
vn -0.000000 -0.045858 -0.998948
vn -0.000000 0.142939 -0.989731
vn -0.000000 0.080082 -0.996788
vn -0.000000 0.149778 -0.988720
vn -0.000000 0.224888 -0.974385
vn -0.000000 0.303912 -0.952700
vn -0.000000 0.380896 -0.924618
vn -0.000000 0.311019 -0.950404
vn -0.000000 0.311019 -0.950404
vn -0.000000 0.039108 -0.999235
vn -0.000000 0.039108 -0.999235
vn -0.000000 -0.235787 -0.971805
vn -0.000000 -0.235787 -0.971805
vn 0.000000 0.886871 0.462018
vn 0.000000 0.886871 0.462018
vn -0.000000 0.979442 0.201728
vn -0.000000 0.979442 0.201728
vn -0.000000 0.997261 -0.073957
vn -0.000000 0.997261 -0.073957
vn -0.000000 0.938970 -0.343998
vn -0.000000 0.938970 -0.343998
vn -0.000000 0.873894 -0.486116
vn -0.000000 0.873894 -0.486116
vn -0.000000 0.910762 -0.412932
vn -0.000000 0.941513 -0.336976
vn -0.000000 0.984140 -0.177393
vn -0.000000 0.965943 -0.258756
vn -0.000000 0.982890 -0.184192
vn -0.000000 0.993386 -0.114821
vn -0.000000 0.999940 0.010967
vn -0.000000 0.988626 0.150393
vn -0.000000 0.999940 0.010967
vn -0.000000 0.986021 0.166620
vn 0.000000 0.948022 0.318205
vn 0.000000 -0.455322 0.890327
vn 0.000000 -0.455322 0.890327
vn 0.000000 -0.435086 0.900389
vn 0.000000 -0.414628 0.909991
vn 0.000000 -0.369291 0.929314
vn 0.000000 -0.393958 0.919128
vn 0.000000 -0.382754 0.923850
vn 0.000000 -0.372869 0.927884
vn 0.000000 -0.296738 0.954959
vn 0.000000 -0.279965 0.960010
vn 0.000000 -0.218669 0.975799
vn 0.000000 -0.188142 0.982142
vn 0.000000 -0.139173 0.990268
vn 0.000000 -0.094640 0.995512
vn 0.000000 -0.058768 0.998272
vn 0.000000 -0.000294 1.000000
vn 0.000000 0.022020 0.999758
vn 0.000000 0.094054 0.995567
vn 0.000000 0.102665 0.994716
vn 0.000000 0.102665 0.994716
vn 0.000000 0.113279 0.993563
vn 0.000000 0.125351 0.992113
vn 0.000000 0.187563 0.982252
vn 0.000000 0.157589 0.987505
vn 0.000000 0.189661 0.981850
vn 0.000000 0.221531 0.975153
vn 0.000000 0.233371 0.972388
vn 0.000000 0.279400 0.960175
vn 0.000000 0.321245 0.946996
vn 0.000000 0.243740 0.969841
vn 0.000000 0.368743 0.929531
vn 0.000000 0.396653 0.917969
vn 0.000000 0.454797 0.890595
vn 0.000000 0.469472 0.882948
vn 0.000000 0.536794 0.843714
vn 0.000000 0.539225 0.842162
vn 0.000000 0.605457 0.795878
vn 0.000000 0.614001 0.789305
vn 0.000000 0.667737 0.744397
vn 0.000000 0.667737 0.744397
vn 0.000000 0.685731 0.727855
vn 0.000000 0.675647 0.737225
vn 0.000000 0.684560 0.728957
vn 0.000000 0.707933 0.706279
vn 0.000000 0.730556 0.682853
vn 0.000000 0.751343 0.659912
vn 0.000000 0.752403 0.658703
vn 0.000000 0.760356 0.649506
vn 0.000000 0.810253 0.586081
vn 0.000000 0.816523 0.577313
vn 0.000000 0.861934 0.507021
vn 0.000000 0.860468 0.509505
vn 0.000000 0.898794 0.438371
vn 0.000000 0.905925 0.423439
vn 0.000000 0.931252 0.364375
vn 0.000000 0.941834 0.336078
vn 0.000000 0.957630 0.288000
vn 0.000000 0.969341 0.245720
vn -0.000000 0.977756 0.209744
vn -0.000000 0.977756 0.209744
vn -0.000000 0.979940 0.199293
vn -0.000000 0.982291 0.187364
vn -0.000000 0.988200 0.153169
vn -0.000000 0.987871 0.155279
vn -0.000000 0.992403 0.123030
vn -0.000000 0.995883 0.090650
vn -0.000000 0.998243 0.059252
vn -0.000000 0.996911 0.078536
vn -0.000000 0.997693 0.067887
vn -0.000000 0.997693 0.067887
vn -0.000000 0.999917 -0.012884
vn -0.000000 0.999381 -0.035194
vn -0.000000 0.995613 -0.093572
vn -0.000000 0.991602 -0.129326
vn -0.000000 0.984808 -0.173648
vn -0.000000 0.974977 -0.222304
vn -0.000000 0.967573 -0.252591
vn -0.000000 0.949655 -0.313298
vn -0.000000 0.944021 -0.329884
vn -0.000000 0.915860 -0.401498
vn -0.000000 0.914306 -0.405024
vn -0.000000 0.914306 -0.405024
vn -0.000000 0.909929 -0.414763
vn -0.000000 0.904820 -0.425795
vn -0.000000 0.894966 -0.446133
vn -0.000000 0.884656 -0.466244
vn 0.000000 0.767248 0.641351
vn 0.000000 0.492687 0.870206
vn 0.000000 0.492687 0.870206
vn 0.000000 0.351096 0.936339
vn 0.000000 0.184804 0.982775
vn 0.000000 0.200931 0.979605
vn 0.000000 0.045858 0.998948
vn 0.000000 0.045858 0.998948
vn 0.000000 -0.142939 0.989731
vn 0.000000 -0.080082 0.996788
vn 0.000000 -0.149778 0.988720
vn 0.000000 -0.224888 0.974385
vn 0.000000 -0.303912 0.952700
vn 0.000000 -0.380896 0.924618
vn 0.000000 -0.559193 0.829038
vn 0.000000 -0.559193 0.829038
vn 0.000000 -0.311019 0.950404
vn 0.000000 -0.311019 0.950404
vn 0.000000 -0.039108 0.999235
vn 0.000000 -0.039108 0.999235
vn 0.000000 0.235787 0.971805
vn 0.000000 0.235787 0.971805
vn 0.000000 -0.754710 0.656059
vn 0.000000 -0.754710 0.656059
vn 0.000000 -0.694658 0.719340
vn 0.000000 -0.694658 0.719340
vn 0.000000 -0.629320 0.777146
vn 0.000000 -0.629320 0.777146
vn -1.000000 -0.000000 0.000000
vn -1.000000 -0.000000 0.000000
vn -1.000000 -0.000000 0.000000
vn -1.000000 -0.000000 0.000000
vn -1.000000 -0.000000 0.000000
vn -1.000000 -0.000000 0.000000
vn -1.000000 -0.000000 0.000000
vn -1.000000 -0.000000 0.000000
vn -1.000000 -0.000000 0.000000
vn -1.000000 -0.000000 0.000000
vn -1.000000 -0.000000 0.000000
vn -1.000000 -0.000000 0.000000
vn -1.000000 -0.000000 0.000000
vn -1.000000 -0.000000 0.000000
vn -1.000000 -0.000000 0.000000
vn -1.000000 -0.000000 0.000000
vn -1.000000 -0.000000 0.000000
vn -1.000000 -0.000000 0.000000
vn -1.000000 -0.000000 0.000000
vn -1.000000 -0.000000 0.000000
vn -1.000000 -0.000000 0.000000
vn -1.000000 -0.000000 0.000000
vn -1.000000 -0.000000 0.000000
vn -1.000000 -0.000000 0.000000
vn -1.000000 -0.000000 0.000000
vn -1.000000 -0.000000 0.000000
vn -1.000000 -0.000000 0.000000
vn -1.000000 -0.000000 0.000000
vn -1.000000 -0.000000 0.000000
vn -1.000000 -0.000000 0.000000
vn -1.000000 -0.000000 0.000000
vn -1.000000 -0.000000 0.000000
vn -1.000000 -0.000000 0.000000
vn -1.000000 -0.000000 0.000000
vn -1.000000 -0.000000 0.000000
vn -1.000000 -0.000000 0.000000
vn -1.000000 -0.000000 0.000000
vn 0.000000 -0.916361 0.400353
vn 0.000000 -0.999949 0.010088
vn -0.000000 -0.924251 -0.381785
vn -0.000000 -0.701325 -0.712841
vn -0.000000 -0.366682 -0.930346
vn -0.000000 0.026371 -0.999652
vn -0.000000 0.415224 -0.909719
vn -0.000000 0.737934 -0.674873
vn -0.000000 0.943095 -0.332524
vn -1.000000 -0.000000 0.000000
vn -1.000000 -0.000000 0.000000
vn -1.000000 -0.000000 0.000000
vn -1.000000 -0.000000 0.000000
vn -1.000000 -0.000000 0.000000
vn -1.000000 -0.000000 0.000000
vn -1.000000 -0.000000 0.000000
vn -1.000000 -0.000000 0.000000
vn -1.000000 -0.000000 0.000000
vn -1.000000 -0.000000 0.000000
vn -1.000000 -0.000000 0.000000
vn -1.000000 -0.000000 0.000000
vn -1.000000 -0.000000 0.000000
vn -1.000000 -0.000000 0.000000
vn -1.000000 -0.000000 0.000000
vn -1.000000 -0.000000 0.000000
vn -1.000000 -0.000000 0.000000
vn -1.000000 -0.000000 0.000000
vn -1.000000 -0.000000 0.000000
vn -1.000000 -0.000000 0.000000
vn -1.000000 -0.000000 0.000000
vn -1.000000 -0.000000 0.000000
vn -1.000000 -0.000000 0.000000
vn 0.000000 -0.999910 -0.013429
vn -0.000000 -0.922857 -0.385142
vn -0.000000 -0.712814 -0.701353
vn -0.000000 -0.400050 -0.916493
vn -0.000000 -0.029635 -0.999561
vn -0.000000 0.345050 -0.938584
vn -0.000000 0.670011 -0.742351
vn -0.000000 0.898419 -0.439139
vn -0.000000 0.997358 -0.072645
vn 0.000000 0.952570 0.304319
vn -1.000000 -0.000000 0.000000
vn -1.000000 -0.000000 0.000000
vn -1.000000 -0.000000 0.000000
vn -1.000000 -0.000000 0.000000
vn -1.000000 -0.000000 0.000000
vn -1.000000 -0.000000 0.000000
vn -1.000000 -0.000000 0.000000
vn -1.000000 -0.000000 0.000000
vn -1.000000 -0.000000 0.000000
vn -1.000000 -0.000000 0.000000
vn -1.000000 -0.000000 0.000000
vn -1.000000 -0.000000 0.000000
vn -1.000000 -0.000000 0.000000
vn -1.000000 -0.000000 0.000000
vn -1.000000 -0.000000 0.000000
vn -1.000000 -0.000000 0.000000
vn -1.000000 -0.000000 0.000000
vn -1.000000 -0.000000 0.000000
vn -1.000000 -0.000000 0.000000
vn -1.000000 -0.000000 0.000000
vn -1.000000 -0.000000 0.000000
vn -1.000000 -0.000000 0.000000
vn -1.000000 -0.000000 0.000000
vn -0.000000 -0.663930 -0.747795
vn -0.000000 -0.337378 -0.941369
vn -0.000000 0.037793 -0.999286
vn -0.000000 0.407517 -0.913197
vn -0.000000 0.718516 -0.695511
vn -0.000000 0.925970 -0.377596
vn -0.000000 0.999986 -0.005267
vn 0.000000 0.929897 0.367821
vn 0.000000 0.725802 0.687903
vn 0.000000 0.417114 0.908854
vn 0.000000 0.048317 0.998832
vn -1.000000 -0.000000 0.000000
vn -1.000000 -0.000000 0.000000
vn -1.000000 -0.000000 0.000000
vn -1.000000 -0.000000 0.000000
vn -1.000000 -0.000000 0.000000
vn -1.000000 -0.000000 0.000000
vn -1.000000 -0.000000 0.000000
vn -1.000000 -0.000000 0.000000
vn -1.000000 -0.000000 0.000000
vn -1.000000 -0.000000 0.000000
vn -1.000000 -0.000000 0.000000
vn -1.000000 -0.000000 0.000000
vn -1.000000 -0.000000 0.000000
vn -1.000000 -0.000000 0.000000
vn -1.000000 -0.000000 0.000000
vn -1.000000 -0.000000 0.000000
vn -1.000000 -0.000000 0.000000
vn -1.000000 -0.000000 0.000000
vn -1.000000 -0.000000 0.000000
vn -1.000000 -0.000000 0.000000
vn -0.000000 -0.097588 -0.995227
vn -0.000000 0.299407 -0.954125
vn -0.000000 0.648708 -0.761037
vn -0.000000 0.894674 -0.446720
vn -0.000000 0.998123 -0.061243
vn 0.000000 0.942577 0.333990
vn 0.000000 0.736883 0.676020
vn 0.000000 0.413808 0.910364
vn 0.000000 0.024816 0.999692
vn 0.000000 -0.368129 0.929775
vn -1.000000 -0.000000 0.000000
vn -1.000000 -0.000000 0.000000
vn -1.000000 -0.000000 0.000000
vn -1.000000 -0.000000 0.000000
vn -1.000000 -0.000000 0.000000
vn -1.000000 -0.000000 0.000000
vn -1.000000 -0.000000 0.000000
vn -1.000000 -0.000000 0.000000
vn -1.000000 -0.000000 0.000000
vn -1.000000 -0.000000 0.000000
vn -1.000000 -0.000000 0.000000
vn -1.000000 -0.000000 0.000000
vn -1.000000 -0.000000 0.000000
vn -1.000000 -0.000000 0.000000
vn -1.000000 -0.000000 0.000000
vn -1.000000 -0.000000 0.000000
vn -1.000000 -0.000000 0.000000
vn -1.000000 -0.000000 0.000000
vn -1.000000 -0.000000 0.000000
vn -1.000000 -0.000000 0.000000
vn -1.000000 -0.000000 0.000000
vn -1.000000 -0.000000 0.000000
vn -1.000000 -0.000000 0.000000
vn -1.000000 -0.000000 0.000000
vn -1.000000 -0.000000 0.000000
vn -1.000000 -0.000000 0.000000
vn -1.000000 -0.000000 0.000000
vn -1.000000 -0.000000 0.000000
vn -1.000000 -0.000000 0.000000
vn -1.000000 -0.000000 0.000000
vn -1.000000 -0.000000 0.000000
vn -1.000000 -0.000000 0.000000
vn -1.000000 -0.000000 0.000000
vn -1.000000 -0.000000 0.000000
vn -1.000000 -0.000000 0.000000
vn -1.000000 -0.000000 0.000000
vn -1.000000 -0.000000 0.000000
vn -1.000000 -0.000000 0.000000
vn -1.000000 -0.000000 0.000000
vn -1.000000 -0.000000 0.000000
vn -1.000000 -0.000000 0.000000
vn -1.000000 -0.000000 0.000000
vn -1.000000 -0.000000 0.000000
vn -1.000000 -0.000000 0.000000
vn -1.000000 -0.000000 0.000000
vn -1.000000 -0.000000 0.000000
vn -1.000000 -0.000000 0.000000
vn -1.000000 -0.000000 0.000000
vn -1.000000 -0.000000 0.000000
vn -1.000000 -0.000000 0.000000
vn -1.000000 -0.000000 0.000000
vn -1.000000 -0.000000 0.000000
vn -1.000000 -0.000000 0.000000
vn -1.000000 -0.000000 0.000000
vn -1.000000 -0.000000 0.000000
vn -1.000000 -0.000000 0.000000
vn -1.000000 -0.000000 0.000000
vn -1.000000 -0.000000 0.000000
vn -1.000000 -0.000000 0.000000
vn -1.000000 -0.000000 0.000000
vn -1.000000 -0.000000 0.000000
vn -1.000000 -0.000000 0.000000
vn -1.000000 -0.000000 0.000000
vn -1.000000 -0.000000 0.000000
vn -1.000000 -0.000000 0.000000
vn -1.000000 -0.000000 0.000000
vn -1.000000 -0.000000 0.000000
vn -1.000000 -0.000000 0.000000
vn -1.000000 -0.000000 0.000000
vn -1.000000 -0.000000 0.000000
vn -1.000000 -0.000000 0.000000
vn -1.000000 -0.000000 0.000000
vn -1.000000 -0.000000 0.000000
vn -1.000000 -0.000000 0.000000
vn -1.000000 -0.000000 0.000000
vn -1.000000 -0.000000 0.000000
vn -1.000000 -0.000000 0.000000
vn -1.000000 -0.000000 0.000000
vn -1.000000 -0.000000 0.000000
vn -1.000000 -0.000000 0.000000
vn -1.000000 -0.000000 0.000000
vn -1.000000 -0.000000 0.000000
vn -1.000000 -0.000000 0.000000
vn -1.000000 -0.000000 0.000000
vn -1.000000 -0.000000 0.000000
vn -1.000000 -0.000000 0.000000
vn -1.000000 -0.000000 0.000000
vn -1.000000 -0.000000 0.000000
vn -1.000000 -0.000000 0.000000
vn -1.000000 -0.000000 0.000000
vn -1.000000 -0.000000 0.000000
vn -1.000000 -0.000000 0.000000
vn -1.000000 -0.000000 0.000000
vn -1.000000 -0.000000 0.000000
vn -1.000000 -0.000000 0.000000
vn -1.000000 -0.000000 0.000000
vn -1.000000 -0.000000 0.000000
vn -1.000000 -0.000000 0.000000
vn -1.000000 -0.000000 0.000000
vn -1.000000 -0.000000 0.000000
vn -1.000000 -0.000000 0.000000
vn -1.000000 -0.000000 0.000000
vn -1.000000 -0.000000 0.000000
vn -1.000000 -0.000000 0.000000
vn -1.000000 -0.000000 0.000000
vn -1.000000 -0.000000 0.000000
vn -1.000000 -0.000000 0.000000
vn -1.000000 -0.000000 0.000000
vn -1.000000 -0.000000 0.000000
vn -1.000000 -0.000000 0.000000
vn -1.000000 -0.000000 0.000000
vn -1.000000 -0.000000 0.000000
vn -1.000000 -0.000000 0.000000
vn -1.000000 -0.000000 0.000000
vn -1.000000 -0.000000 0.000000
vn -1.000000 -0.000000 0.000000
vn -1.000000 -0.000000 0.000000
vn -1.000000 -0.000000 0.000000
vn -1.000000 -0.000000 0.000000
vn -1.000000 -0.000000 0.000000
vn -1.000000 -0.000000 0.000000
vn -1.000000 -0.000000 0.000000
vn -1.000000 -0.000000 0.000000
vn -1.000000 -0.000000 0.000000
vn -1.000000 -0.000000 0.000000
vn -0.000000 -0.541995 -0.840382
vn -0.000000 -0.541995 -0.840382
vn -0.000000 -0.863804 -0.503827
vn -0.000000 -0.863804 -0.503827
vn 0.000000 -0.998315 -0.058028
vn 0.000000 -0.998315 -0.058028
vn -0.000000 -0.522436 -0.852679
vn -0.000000 -0.522436 -0.852679
vn -0.000000 -0.869177 -0.494501
vn -0.000000 -0.869177 -0.494501
vn 0.000000 0.524534 0.851390
vn 0.000000 0.524534 0.851390
vn 0.000000 0.870392 0.492359
vn 0.000000 0.870392 0.492359
vn -0.000000 0.631765 -0.775160
vn -0.000000 0.631765 -0.775160
vn -0.000000 0.212238 -0.977218
vn -0.000000 0.212238 -0.977218
vn -0.000000 -0.253308 -0.967386
vn -0.000000 -0.253308 -0.967386
vn 0.000000 0.092834 0.995682
vn 0.000000 0.092834 0.995682
vn 0.000000 0.533667 0.845695
vn 0.000000 0.533667 0.845695
vn 0.000000 0.858785 0.512336
vn 0.000000 0.858785 0.512336
vn -0.000000 0.966736 -0.255776
vn -0.000000 0.966736 -0.255776
vn -0.000000 0.746099 -0.665835
vn -0.000000 0.746099 -0.665835
vn -0.000000 0.363684 -0.931522
vn -0.000000 0.363684 -0.931522
vn 0.000000 -0.510143 0.860090
vn 0.000000 -0.065341 0.997863
vn 0.000000 0.393628 0.919270
vn 0.000000 0.932447 0.361307
vn 0.000000 0.932447 0.361307
vn -0.000000 0.994975 -0.100126
vn -0.000000 0.994975 -0.100126
vn -0.000000 0.841762 -0.539849
vn -0.000000 0.841762 -0.539849
vn 0.000000 -0.918262 0.395973
vn 0.000000 -0.639391 0.768881
vn 0.000000 -0.221881 0.975074
vn 0.000000 0.541995 0.840382
vn 0.000000 0.541995 0.840382
vn 0.000000 0.863804 0.503827
vn 0.000000 0.863804 0.503827
vn -0.000000 0.998315 0.058028
vn -0.000000 0.998315 0.058028
vn -0.000000 -0.975637 -0.219393
vn 0.000000 -0.969216 0.246213
vn 0.000000 -0.752640 0.658433
vn 0.000000 0.522436 0.852679
vn 0.000000 0.522436 0.852679
vn 0.000000 0.869177 0.494501
vn 0.000000 0.869177 0.494501
vn -0.000000 -0.524534 -0.851390
vn -0.000000 -0.524534 -0.851390
vn -0.000000 -0.870392 -0.492359
vn -0.000000 -0.870392 -0.492359
vn -0.000000 -0.092834 -0.995682
vn -0.000000 -0.092834 -0.995682
vn -0.000000 -0.533667 -0.845695
vn -0.000000 -0.533667 -0.845695
vn -0.000000 -0.858785 -0.512336
vn -0.000000 -0.858785 -0.512336
vn -0.707107 0.072595 0.703370
vn -0.707107 0.072595 0.703370
vn -0.707107 0.015571 0.706935
vn -0.707107 0.015571 0.706935
vn -0.707107 -0.041556 0.705885
vn -0.707107 -0.041556 0.705885
vn -0.707107 -0.098410 0.700225
vn -0.707107 -0.098410 0.700225
vn -0.707107 -0.154622 0.689994
vn -0.707107 -0.154622 0.689994
vn -0.707107 -0.209825 0.675258
vn -0.707107 -0.209825 0.675258
vn -0.707107 0.383248 0.594240
vn -0.707107 0.383248 0.594240
vn -0.707107 0.610802 0.356260
vn -0.707107 0.610802 0.356260
vn -0.707107 0.705915 0.041032
vn -0.707107 0.705915 0.041032
vn -0.707107 0.614601 0.349665
vn -0.707107 0.614601 0.349665
vn -0.707107 0.369418 0.602935
vn -0.707107 0.369418 0.602935
vn -0.707107 0.032426 0.706363
vn -0.707107 0.032426 0.706363
vn -0.707107 0.142079 0.692686
vn -0.707107 0.142079 0.692686
vn -0.707107 0.248262 0.662092
vn -0.707107 0.348383 0.615329
vn -0.707107 0.348383 0.615329
vn -0.707107 0.248262 0.662092
vn -0.707107 0.227155 0.669627
vn -0.707107 0.227155 0.669627
vn -0.707107 0.280476 0.649102
vn -0.707107 0.280476 0.649102
vn -0.707107 0.331967 0.624338
vn -0.707107 0.331967 0.624338
vn -0.707107 0.381289 0.595498
vn -0.707107 0.381289 0.595498
vn -0.707107 0.428123 0.562771
vn -0.707107 0.428123 0.562771
vn -0.707107 0.472161 0.526368
vn -0.707107 0.472161 0.526368
vn -0.707107 0.166727 0.687170
vn -0.707107 0.102624 0.699620
vn -0.707107 -0.027654 0.706566
vn -0.707107 -0.156990 0.689459
vn -0.707107 -0.219924 0.672037
vn -0.707107 0.659340 0.255482
vn -0.707107 0.659340 0.255482
vn -0.707107 0.703553 -0.070800
vn -0.707107 0.703553 -0.070800
vn -0.707107 0.595216 -0.381731
vn -0.707107 0.595216 -0.381731
vn -0.707107 -0.663952 0.243243
vn -0.707107 -0.683560 0.180956
vn -0.707107 -0.705170 0.052296
vn -0.707107 -0.702775 -0.078145
vn -0.707107 -0.692570 -0.142643
vn -0.707107 -0.627112 -0.326696
vn -0.707107 -0.627112 -0.326696
vn -0.707107 -0.670353 -0.225005
vn -0.707107 -0.670353 -0.225005
vn -0.707107 -0.697222 -0.117818
vn -0.707107 -0.707064 -0.007755
vn -0.707107 -0.707064 -0.007755
vn -0.707107 -0.697222 -0.117818
vn -0.707107 0.577369 0.408222
vn -0.707107 0.577369 0.408222
vn -0.707107 0.608442 0.360275
vn -0.707107 0.608442 0.360275
vn -0.707107 0.635543 0.309975
vn -0.707107 0.635543 0.309975
vn -0.707107 0.658495 0.257652
vn -0.707107 0.658495 0.257652
vn -0.707107 0.677147 0.203647
vn -0.707107 0.677147 0.203647
vn -0.707107 0.691378 0.148312
vn -0.707107 0.691378 0.148312
vn -0.707107 -0.615460 -0.348151
vn -0.707107 -0.615460 -0.348151
vn -0.707107 -0.370901 -0.602023
vn -0.707107 -0.370901 -0.602023
vn -0.707107 0.683586 -0.180861
vn -0.707107 0.683586 -0.180861
vn -0.707107 0.527571 -0.470817
vn -0.707107 0.527571 -0.470817
vn -0.707107 0.257164 -0.658686
vn -0.707107 0.257164 -0.658686
vn -0.707107 -0.069005 -0.703732
vn -0.707107 -0.069005 -0.703732
vn -0.707107 0.184440 -0.682629
vn -0.707107 0.211713 -0.674669
vn -0.707107 0.414026 -0.573221
vn -0.707107 0.458706 -0.538134
vn -0.707107 0.590054 -0.389662
vn -0.707107 0.632630 -0.315879
vn -0.707107 0.689753 -0.155696
vn -0.707107 0.705779 -0.043305
vn -0.707107 0.700225 0.098410
vn -0.707107 0.666502 0.236167
vn -0.707107 0.620117 0.339786
vn -0.707107 0.521055 0.478018
vn -0.707107 0.459791 0.537208
vn -0.707107 0.292607 0.643725
vn -0.707107 0.239986 0.665136
vn -0.707107 0.017548 0.706889
vn -0.707107 -0.010863 0.707023
vn -0.707107 -0.260306 0.657450
vn -0.707107 -0.260306 0.657450
vn -0.707107 0.065643 0.704053
vn -0.707107 0.065643 0.704053
vn -0.707107 0.377359 0.597997
vn -0.707107 0.377359 0.597997
vn -0.707107 0.607253 0.362276
vn -0.707107 0.607253 0.362276
vn -0.707107 0.705475 0.048003
vn -0.707107 0.705475 0.048003
vn -0.707107 -0.667524 0.233263
vn -0.707107 -0.667524 0.233263
vn -0.707107 -0.684178 0.178609
vn -0.707107 -0.684178 0.178609
vn -0.707107 -0.696364 0.122788
vn -0.707107 -0.696364 0.122788
vn -0.707107 -0.704004 0.066165
vn -0.707107 -0.704004 0.066165
vn -0.707107 -0.707048 0.009111
vn -0.707107 -0.707048 0.009111
vn -0.707107 -0.705475 -0.048003
vn -0.707107 -0.705475 -0.048003
vn -0.707107 0.707048 -0.009111
vn -0.707107 0.707048 -0.009111
vn -0.707107 0.704004 -0.066165
vn -0.707107 0.704004 -0.066165
vn -0.707107 0.696364 -0.122788
vn -0.707107 0.696364 -0.122788
vn -0.707107 0.684178 -0.178609
vn -0.707107 0.684178 -0.178609
vn -0.707107 0.667524 -0.233263
vn -0.707107 0.667524 -0.233263
vn -0.707107 0.646512 -0.286395
vn -0.707107 0.646512 -0.286395
vn -0.707107 -0.607253 -0.362276
vn -0.707107 -0.607253 -0.362276
vn -0.707107 -0.377359 -0.597997
vn -0.707107 -0.377359 -0.597997
vn -0.707107 -0.065643 -0.704053
vn -0.707107 -0.065643 -0.704053
vn -0.707107 0.446725 -0.548121
vn -0.707107 0.446725 -0.548121
vn -0.707107 0.150075 -0.690997
vn -0.707107 0.150075 -0.690997
vn -0.707107 -0.179116 -0.684045
vn -0.707107 -0.179116 -0.684045
vn -0.707107 -0.469469 -0.528771
vn -0.707107 -0.469469 -0.528771
vn -0.707107 -0.261526 -0.656966
vn -0.707107 -0.238562 -0.665649
vn -0.707107 -0.022369 -0.706753
vn -0.707107 0.026724 -0.706602
vn -0.707107 0.219457 -0.672189
vn -0.707107 0.288158 -0.645728
vn -0.707107 0.435091 -0.557401
vn -0.707107 0.508067 -0.491800
vn -0.707107 0.598798 -0.376087
vn -0.707107 0.654760 -0.267001
vn -0.707107 0.691038 -0.149888
vn -0.707107 0.707097 -0.003724
vn -0.707107 0.700804 0.094201
vn -0.707107 0.657536 0.260089
vn -0.707107 0.626930 0.327046
vn -0.707107 0.513220 0.486421
vn -0.707107 0.478232 0.520859
vn -0.707107 0.294944 0.642657
vn -0.707107 0.272457 0.652508
vn -0.707107 0.034166 0.706281
vn -0.707107 0.034166 0.706281
vn -0.707107 0.370901 0.602023
vn -0.707107 0.370901 0.602023
vn -0.707107 0.615460 0.348151
vn -0.707107 0.615460 0.348151
vn -0.707107 0.707064 0.007755
vn -0.707107 0.707064 0.007755
vn -0.707107 -0.677147 -0.203647
vn -0.707107 -0.677147 -0.203647
vn -0.707107 -0.658495 -0.257652
vn -0.707107 -0.658495 -0.257652
vn -0.707107 -0.635543 -0.309975
vn -0.707107 -0.635543 -0.309975
vn -0.707107 -0.608442 -0.360275
vn -0.707107 -0.608442 -0.360275
vn -0.707107 -0.577369 -0.408222
vn -0.707107 -0.577369 -0.408222
vn -0.707107 -0.542526 -0.453504
vn -0.707107 -0.542526 -0.453504
vn -0.707107 0.707064 0.007755
vn -0.707107 0.697222 0.117818
vn -0.707107 0.697222 0.117818
vn -0.707107 0.670353 0.225005
vn -0.707107 0.627112 0.326696
vn -0.707107 0.627112 0.326696
vn -0.707107 0.670353 0.225005
vn -0.707107 -0.278337 -0.650022
vn -0.707107 -0.278337 -0.650022
vn -0.707107 0.046203 -0.705596
vn -0.707107 0.046203 -0.705596
vn -0.707107 0.360726 -0.608175
vn -0.707107 0.360726 -0.608175
vn -0.707107 0.692570 0.142643
vn -0.707107 0.702775 0.078145
vn -0.707107 0.705170 -0.052296
vn -0.707107 0.683560 -0.180956
vn -0.707107 0.663952 -0.243243
vn -0.707107 0.572061 -0.415627
vn -0.707107 0.572061 -0.415627
vn -0.707107 0.533660 -0.463904
vn -0.707107 0.533660 -0.463904
vn -0.707107 0.491198 -0.508650
vn -0.707107 0.491198 -0.508650
vn -0.707107 0.444997 -0.549525
vn -0.707107 0.444997 -0.549525
vn -0.707107 0.395409 -0.586218
vn -0.707107 0.395409 -0.586218
vn -0.707107 0.219924 -0.672037
vn -0.707107 0.156990 -0.689459
vn -0.707107 0.027654 -0.706566
vn -0.707107 -0.102624 -0.699620
vn -0.707107 -0.166727 -0.687170
vn -0.707107 -0.348383 -0.615329
vn -0.707107 -0.348383 -0.615329
vn -0.707107 -0.428123 -0.562771
vn -0.707107 -0.428123 -0.562771
vn -0.707107 -0.381289 -0.595498
vn -0.707107 -0.381289 -0.595498
vn -0.707107 -0.331967 -0.624338
vn -0.707107 -0.331967 -0.624338
vn -0.707107 -0.280476 -0.649102
vn -0.707107 -0.280476 -0.649102
vn -0.707107 -0.227155 -0.669627
vn -0.707107 -0.227155 -0.669627
vn -0.707107 -0.172350 -0.685781
vn -0.707107 -0.172350 -0.685781
vn -0.707107 -0.248262 -0.662092
vn -0.707107 -0.248262 -0.662092
vn -0.707107 -0.142079 -0.692686
vn -0.707107 -0.032426 -0.706363
vn -0.707107 -0.032426 -0.706363
vn -0.707107 -0.142079 -0.692686
vn -0.707107 0.156894 -0.689481
vn -0.707107 0.156894 -0.689481
vn -0.707107 0.452118 -0.543681
vn -0.707107 0.452118 -0.543681
vn -0.707107 0.649310 -0.279995
vn -0.707107 0.649310 -0.279995
vn -0.707107 0.705711 0.044403
vn -0.707107 0.705711 0.044403
vn -0.707107 -0.369418 -0.602935
vn -0.707107 -0.369418 -0.602935
vn -0.707107 -0.614601 -0.349665
vn -0.707107 -0.614601 -0.349665
vn -0.707107 -0.707043 -0.009496
vn -0.707107 -0.707043 -0.009496
vn -0.707107 0.705711 0.044403
vn -0.707107 0.675776 -0.208151
vn -0.707107 0.666869 -0.235130
vn -0.707107 0.558422 -0.433779
vn -0.707107 0.521798 -0.477207
vn -0.707107 0.368832 -0.603294
vn -0.707107 0.293608 -0.643269
vn -0.707107 0.131529 -0.694766
vn -0.707107 0.018647 -0.706861
vn -0.707107 -0.122788 -0.696364
vn -0.707107 -0.259283 -0.657854
vn -0.707107 -0.361221 -0.607881
vn -0.707107 -0.495912 -0.504055
vn -0.707107 -0.552927 -0.440763
vn -0.707107 -0.653544 -0.269963
vn -0.707107 -0.673107 -0.216627
vn -0.707107 -0.707071 0.007133
vn -0.707107 -0.706214 0.035531
vn -0.707107 -0.647965 0.283093
vn -0.707107 -0.647965 0.283093
vn -0.707107 -0.707043 -0.009496
vn -0.707107 -0.661619 -0.249519
vn -0.707107 -0.652559 -0.272336
vn -0.707107 -0.537232 -0.459763
vn -0.707107 -0.504036 -0.495931
vn -0.707107 -0.348727 -0.615134
vn -0.707107 -0.282878 -0.648059
vn -0.707107 -0.118601 -0.697090
vn -0.707107 -0.020955 -0.706796
vn -0.707107 0.125679 -0.695848
vn -0.707107 0.243987 -0.663679
vn -0.707107 0.354960 -0.611558
vn -0.707107 0.473770 -0.524921
vn -0.707107 0.541877 -0.454279
vn -0.707107 0.635278 -0.310518
vn -0.707107 0.664121 -0.242782
vn -0.707107 0.705239 -0.051367
vn -0.707107 0.707103 -0.002310
vn -0.707107 0.673569 0.215186
vn -0.707107 0.665693 0.238439
vn -0.707107 0.544833 0.450729
vn -0.707107 0.544833 0.450729
vn -0.707107 -0.705915 -0.041032
vn -0.707107 -0.705915 -0.041032
vn -0.707107 -0.610802 -0.356260
vn -0.707107 -0.610802 -0.356260
vn -0.707107 -0.383248 -0.594240
vn -0.707107 -0.383248 -0.594240
vn -0.707107 -0.072595 -0.703370
vn -0.707107 -0.072595 -0.703370
vn -0.707107 0.689879 0.155134
vn -0.707107 0.689879 0.155134
vn -0.707107 0.685339 -0.174099
vn -0.707107 0.685339 -0.174099
vn -0.707107 0.532197 -0.465582
vn -0.707107 0.532197 -0.465582
vn -0.707107 0.263658 -0.656113
vn -0.707107 0.263658 -0.656113
vn -0.707107 -0.015571 -0.706935
vn -0.707107 -0.015571 -0.706935
vn -0.707107 0.041556 -0.705885
vn -0.707107 0.041556 -0.705885
vn -0.707107 0.098410 -0.700225
vn -0.707107 0.098410 -0.700225
vn -0.707107 0.154622 -0.689994
vn -0.707107 0.154622 -0.689994
vn -0.707107 0.209825 -0.675258
vn -0.707107 0.209825 -0.675258
vn -0.500000 0.793592 -0.346716
vn -0.500000 0.864566 0.050254
vn -0.500000 0.748076 0.436327
vn -0.500000 0.469381 0.727792
vn -0.669074 0.413430 0.617588
vn -0.866025 0.431902 0.251914
vn -0.866025 0.499157 0.029014
vn -0.866025 0.458180 -0.200177
vn -1.000000 -0.000000 0.000000
vn -0.500000 0.865981 -0.008736
vn -0.500000 0.800425 0.330636
vn -0.500000 0.607365 0.617339
vn -0.500000 0.317556 0.805704
vn -0.500000 -0.022838 0.865724
vn -0.500000 -0.359595 0.787840
vn -0.500000 -0.639069 0.584457
vn -0.500000 -0.816744 0.287974
vn -0.866025 -0.471547 0.166262
vn -0.866025 -0.368967 0.337437
vn -0.866025 -0.207612 0.454860
vn -0.866025 -0.013186 0.499826
vn -0.866025 0.183341 0.465173
vn -0.866025 0.350663 0.356421
vn -0.866025 0.462126 0.190893
vn -0.866025 0.499975 -0.005044
vn -0.500000 0.865947 0.011630
vn -0.500000 0.800565 0.330296
vn -0.500000 0.622225 0.602358
vn -0.500000 0.356092 0.789429
vn -0.664161 0.334986 0.668337
vn -0.866025 0.359242 0.347772
vn -0.866025 0.462206 0.190697
vn -0.866025 0.499955 0.006715
vn -0.500000 0.784348 0.367148
vn -0.500000 0.563604 0.657534
vn -0.500000 0.242875 0.831271
vn -0.500000 -0.120941 0.857539
vn -0.500000 -0.463301 0.731678
vn -0.500000 -0.723471 0.476015
vn -0.500000 -0.855295 0.135906
vn -0.500000 -0.835388 -0.228313
vn -0.866025 0.452844 0.211973
vn -0.866025 0.325397 0.379627
vn -0.866025 0.140224 0.479935
vn -0.866025 -0.069825 0.495100
vn -0.866025 -0.267487 0.422434
vn -0.866025 -0.417696 0.274827
vn -0.866025 -0.493805 0.078465
vn -0.866025 -0.482312 -0.131816
vn -0.500000 0.257328 0.826911
vn -0.500000 -0.105974 0.859517
vn -0.500000 -0.450476 0.739643
vn -0.500000 -0.715063 0.488554
vn -0.500000 -0.852796 0.150795
vn -0.500000 -0.839241 -0.213716
vn -0.500000 -0.676803 -0.540313
vn -0.500000 -0.394298 -0.771057
vn -0.500000 -0.041844 -0.865014
vn -0.866025 0.148569 0.477417
vn -0.866025 -0.061184 0.496242
vn -0.866025 -0.260083 0.427033
vn -0.866025 -0.412842 0.282067
vn -0.866025 -0.492362 0.087061
vn -0.866025 -0.484536 -0.123389
vn -0.866025 -0.390752 -0.311950
vn -0.866025 -0.227648 -0.445170
vn -0.866025 -0.024159 -0.499416
vn -0.866025 -0.206711 -0.455270
vn -0.500000 -0.358034 -0.788550
vn -0.500000 -0.623707 -0.600824
vn -0.500000 -0.801376 -0.328324
vn -0.664161 -0.679621 -0.311457
vn -0.866025 -0.360097 -0.346886
vn -0.500000 -0.259294 0.826297
vn -0.500000 -0.561798 0.659077
vn -0.500000 -0.774810 0.386871
vn -0.500000 -0.864400 0.053038
vn -0.500000 -0.816295 -0.289244
vn -0.500000 -0.638160 -0.585451
vn -0.500000 -0.358369 -0.788398
vn -0.500000 -0.021492 -0.865759
vn -0.500000 0.318809 -0.805209
vn -0.866025 -0.012408 -0.499846
vn -0.866025 0.184064 -0.464887
vn -0.866025 -0.206904 -0.455182
vn -0.866025 -0.368442 -0.338010
vn -0.866025 -0.471288 -0.166995
vn -0.866025 -0.499061 0.030621
vn -0.866025 -0.447337 0.223360
vn -0.866025 -0.324354 0.380519
vn -0.866025 -0.149704 0.477063
vn -0.866025 -0.046417 -0.497841
vn -0.500000 -0.080396 -0.862286
vn -0.500000 -0.462169 -0.732393
vn -0.500000 -0.743730 -0.443696
vn -0.669074 -0.631640 -0.391625
vn -0.866025 -0.266833 -0.422847
vn -0.866025 0.255072 -0.430045
vn -0.500000 0.441797 -0.744859
vn -0.500000 0.056587 -0.864175
vn -0.500000 -0.340892 -0.796111
vn -0.669074 -0.280816 -0.688100
vn -0.866025 0.032671 -0.498931
vn -0.500000 -0.864566 -0.050254
vn -0.500000 -0.748076 -0.436327
vn -0.500000 -0.469381 -0.727792
vn -0.669074 -0.413430 -0.617588
vn -0.866025 -0.431902 -0.251914
vn -0.866025 -0.499157 -0.029014
vn -0.866025 0.459131 -0.197986
vn -0.500000 0.795239 -0.342922
vn -0.500000 0.553729 -0.665871
vn -0.500000 0.192155 -0.844439
vn -0.669074 0.177270 -0.721744
vn -0.866025 0.319696 -0.384441
vn -0.500000 -0.800565 -0.330296
vn -0.500000 -0.622225 -0.602358
vn -0.500000 -0.356092 -0.789429
vn -0.664161 -0.334986 -0.668337
vn -0.866025 -0.359242 -0.347772
vn -0.866025 -0.462206 -0.190697
vn -0.866025 0.487818 0.109696
vn -0.500000 0.844926 0.190000
vn -0.500000 0.839365 -0.213227
vn -0.500000 0.651805 -0.570220
vn -0.669074 0.567645 -0.479707
vn -0.866025 0.484608 -0.123107
vn -0.500000 -0.219371 -0.837781
vn -0.500000 0.183804 -0.846296
vn -0.500000 0.547124 -0.671308
vn -0.669074 0.459604 -0.584041
vn -0.866025 0.106119 -0.488609
vn -0.866025 -0.126654 -0.483693
vn -0.866025 0.206711 0.455270
vn -0.500000 0.358034 0.788550
vn -0.500000 0.623707 0.600824
vn -0.500000 0.801376 0.328324
vn -0.664161 0.679621 0.311457
vn -0.866025 0.360097 0.346886
vn -0.500000 0.314960 -0.806722
vn -0.500000 0.646140 -0.576630
vn -0.500000 0.837218 -0.221508
vn -0.669074 0.715118 -0.202350
vn -0.866025 0.373049 -0.332918
vn -0.866025 0.181842 -0.465761
vn -1.000000 0.000000 -0.000000
vn -0.866025 0.046417 0.497841
vn -0.500000 0.080396 0.862286
vn -0.500000 0.462169 0.732393
vn -0.500000 0.743730 0.443696
vn -0.669074 0.631640 0.391625
vn -0.866025 0.266833 0.422847
vn -0.500000 0.728987 -0.467523
vn -0.500000 0.861673 -0.086712
vn -0.500000 0.807523 0.312901
vn -0.669074 0.697481 0.256631
vn -0.866025 0.497487 -0.050063
vn -0.866025 0.420881 -0.269924
vn -1.000000 -0.000000 0.000000
vn -0.367263 0.521329 -0.770282
vn -0.592442 0.455517 -0.664468
vn -0.707107 0.278696 -0.649868
vn -0.634802 0.414220 -0.652264
vn -0.706052 0.328330 -0.627447
vn -0.547381 0.487878 -0.679963
vn -0.500488 0.511808 -0.698258
vn -0.453053 0.527508 -0.718664
vn -0.349298 0.553022 -0.756411
vn -0.405610 0.535720 -0.740597
vn -0.358454 0.537092 -0.763573
vn -0.265664 0.521703 -0.810709
vn -0.205158 0.499846 -0.841465
vn -0.175291 0.485944 -0.856231
vn -0.087033 0.434582 -0.896417
vn -0.006148 0.377012 -0.926188
vn -0.005701 0.377604 -0.925950
vn -0.707107 0.278570 -0.649922
vn -0.707107 0.278570 -0.649922
vn -0.707107 0.293186 -0.643461
vn -0.707107 0.293186 -0.643461
vn -0.707107 0.307652 -0.636671
vn -0.707107 0.307652 -0.636671
vn -0.707107 0.321961 -0.629556
vn -0.707107 0.321961 -0.629556
vn -0.707107 0.269334 -0.653804
vn -0.707107 0.269334 -0.653804
vn -0.707107 0.214898 -0.673661
vn -0.707107 0.214898 -0.673661
vn -0.707107 0.159020 -0.688994
vn -0.707107 0.159020 -0.688994
vn -0.706165 0.108538 -0.699679
vn -0.676547 0.061940 -0.733790
vn -0.707107 0.158993 -0.689000
vn -0.638819 0.000328 -0.769357
vn -0.556943 -0.068444 -0.827726
vn -0.595790 -0.050368 -0.801559
vn -0.572792 -0.071836 -0.816547
vn -0.549131 -0.090715 -0.830798
vn -0.345400 -0.176658 -0.921678
vn -0.500913 -0.120783 -0.857028
vn -0.452176 -0.141696 -0.880601
vn -0.364942 -0.143930 -0.919837
vn -0.355354 -0.160125 -0.920914
vn -0.307897 -0.159439 -0.937965
vn -0.261294 -0.153257 -0.953015
vn -0.215782 -0.142410 -0.966001
vn -0.171295 -0.127730 -0.976905
vn -0.113305 -0.103552 -0.988149
vn -0.084735 -0.089943 -0.992336
vn -0.006175 -0.049623 -0.998749
vn -0.006702 -0.048964 -0.998778
vn -0.349298 0.736650 -0.579084
vn -0.547379 0.662520 -0.511316
vn -0.706056 0.615653 -0.349937
vn -0.570195 0.654924 -0.495935
vn -0.592445 0.648171 -0.478418
vn -0.707107 0.639795 -0.301101
vn -0.634801 0.637410 -0.436734
vn -0.673404 0.630680 -0.385708
vn -0.005701 0.912207 -0.409689
vn -0.087035 0.880705 -0.465600
vn -0.175294 0.838752 -0.515526
vn -0.205161 0.823511 -0.528904
vn -0.367263 0.751618 -0.547894
vn -0.265668 0.792011 -0.549672
vn -0.358459 0.744367 -0.563405
vn -0.405614 0.721454 -0.561232
vn -0.453057 0.699821 -0.552258
vn -0.500494 0.679978 -0.535851
vn -0.524090 0.670902 -0.524614
vn -0.006148 0.912466 -0.409106
vn -0.707107 0.639804 -0.301083
vn -0.707107 0.639804 -0.301083
vn -0.707107 0.632837 -0.315464
vn -0.707107 0.632837 -0.315464
vn -0.707107 0.625546 -0.329684
vn -0.707107 0.625546 -0.329684
vn -0.707107 0.617937 -0.343736
vn -0.707107 0.617937 -0.343736
vn -0.707107 0.644006 -0.291987
vn -0.707107 0.644006 -0.291987
vn -0.707107 0.665750 -0.238278
vn -0.707107 0.665750 -0.238278
vn -0.707107 0.683025 -0.182968
vn -0.707107 0.683025 -0.182968
vn -0.556943 0.829610 0.039515
vn -0.638817 0.768879 -0.027166
vn -0.707107 0.683032 -0.182942
vn -0.676546 0.731184 -0.087499
vn -0.706165 0.695465 -0.132890
vn -0.617851 0.786294 -0.001067
vn -0.595779 0.802836 0.022402
vn -0.572789 0.818558 0.043305
vn -0.549127 0.833460 0.061675
vn -0.345396 0.927283 0.144390
vn -0.500909 0.860723 0.090809
vn -0.452167 0.885012 0.110896
vn -0.364937 0.924301 0.111750
vn -0.403516 0.906675 0.122949
vn -0.355345 0.925943 0.127903
vn -0.307892 0.942959 0.126614
vn -0.261290 0.957783 0.119909
vn -0.215779 0.970383 0.108615
vn -0.171293 0.980767 0.093563
vn -0.084733 0.994870 0.055259
vn -0.042251 0.998545 0.033493
vn -0.021108 0.999529 0.022277
vn -0.010549 0.999806 0.016627
vn -0.006238 0.999871 0.014783
vn -0.006760 0.999877 0.014129
vn -0.349298 0.936339 -0.035497
vn -0.547379 0.836534 -0.024244
vn -0.706056 0.703762 0.078766
vn -0.570195 0.821348 -0.016265
vn -0.592445 0.805588 -0.006063
vn -0.707107 0.694588 0.132466
vn -0.634801 0.772381 0.021335
vn -0.673404 0.736944 0.058660
vn -0.005701 0.978801 0.204737
vn -0.087035 0.986178 0.140987
vn -0.175294 0.981583 0.075936
vn -0.205161 0.977116 0.056155
vn -0.367263 0.930116 -0.001465
vn -0.265668 0.963839 0.020838
vn -0.358459 0.933367 -0.018276
vn -0.405614 0.913552 -0.029986
vn -0.453057 0.890777 -0.035442
vn -0.500494 0.865079 -0.033831
vn -0.524090 0.851132 -0.030075
vn -0.006148 0.978667 0.205361
vn -0.707107 0.694584 0.132486
vn -0.707107 0.694584 0.132486
vn -0.707107 0.698530 0.109799
vn -0.707107 0.698530 0.109799
vn -0.707107 0.701735 0.086995
vn -0.707107 0.701735 0.086995
vn -0.707107 0.704195 0.064099
vn -0.707107 0.704195 0.064099
vn -0.367263 0.893681 0.257783
vn -0.592441 0.772709 0.227891
vn -0.707107 0.704194 0.064120
vn -0.634799 0.748339 0.192401
vn -0.673402 0.724564 0.146755
vn -0.706056 0.698210 0.118268
vn -0.006148 0.997360 0.072352
vn -0.087033 0.986837 0.136304
vn -0.175291 0.964489 0.197571
vn -0.205158 0.954742 0.215355
vn -0.349298 0.890283 0.292212
vn -0.265664 0.932245 0.245646
vn -0.358454 0.892171 0.274848
vn -0.405610 0.869897 0.280643
vn -0.453053 0.846499 0.279611
vn -0.500490 0.822241 0.270980
vn -0.524086 0.809869 0.263525
vn -0.547375 0.797444 0.253897
vn -0.570192 0.785046 0.242042
vn -0.005701 0.997316 0.072989
vn -0.349298 0.778379 0.521649
vn -0.547379 0.691020 0.472088
vn -0.706056 0.523057 0.477384
vn -0.570195 0.674045 0.469618
vn -0.592445 0.655298 0.468608
vn -0.707107 0.484072 0.515436
vn -0.634801 0.612329 0.471255
vn -0.673404 0.561721 0.480622
vn -0.005701 0.671525 0.740960
vn -0.087035 0.714965 0.693722
vn -0.175294 0.749483 0.638394
vn -0.205161 0.757496 0.619765
vn -0.367263 0.753341 0.545523
vn -0.265668 0.767514 0.583389
vn -0.358459 0.765852 0.533833
vn -0.405614 0.756705 0.512713
vn -0.453057 0.741486 0.494912
vn -0.500494 0.719749 0.481111
vn -0.524090 0.706258 0.475951
vn -0.006148 0.671050 0.741386
vn -0.707107 0.484057 0.515450
vn -0.707107 0.484057 0.515450
vn -0.707107 0.500584 0.499415
vn -0.707107 0.500584 0.499415
vn -0.707107 0.516581 0.482850
vn -0.707107 0.516581 0.482850
vn -0.707107 0.532030 0.465773
vn -0.707107 0.532030 0.465773
vn -0.367263 0.571482 0.733843
vn -0.592441 0.491184 0.638554
vn -0.707107 0.532016 0.465789
vn -0.634799 0.492329 0.595519
vn -0.673402 0.499924 0.544615
vn -0.706056 0.495348 0.506078
vn -0.006148 0.764354 0.644768
vn -0.087033 0.718250 0.690320
vn -0.175291 0.664159 0.726750
vn -0.205158 0.645820 0.735409
vn -0.349298 0.548496 0.759699
vn -0.265664 0.609815 0.746691
vn -0.358454 0.560230 0.746762
vn -0.405610 0.538803 0.738357
vn -0.453053 0.520481 0.723769
vn -0.500490 0.505929 0.702529
vn -0.524086 0.500302 0.689226
vn -0.547375 0.495909 0.674133
vn -0.570192 0.492847 0.657254
vn -0.005701 0.763944 0.645257
vn -0.349298 0.323104 0.879542
vn -0.547379 0.281561 0.788099
vn -0.706056 0.142563 0.693657
vn -0.570195 0.269280 0.776122
vn -0.592445 0.254707 0.764287
vn -0.707107 0.088657 0.701527
vn -0.634801 0.218388 0.741171
vn -0.673404 0.171939 0.719002
vn -0.005701 0.107750 0.994162
vn -0.087035 0.170659 0.981479
vn -0.175294 0.231106 0.957007
vn -0.205161 0.248539 0.946645
vn -0.367263 0.288815 0.884140
vn -0.265668 0.278024 0.923105
vn -0.358459 0.305808 0.882037
vn -0.405614 0.310822 0.859574
vn -0.453057 0.308972 0.836227
vn -0.500494 0.299500 0.812284
vn -0.524090 0.291617 0.800181
vn -0.006148 0.107115 0.994228
vn -0.707107 0.088636 0.701529
vn -0.707107 0.088636 0.701529
vn -0.707107 0.111433 0.698271
vn -0.707107 0.111433 0.698271
vn -0.707107 0.134111 0.694273
vn -0.707107 0.134111 0.694273
vn -0.707107 0.156646 0.689537
vn -0.707107 0.156646 0.689537
vn -0.367263 0.030996 0.929600
vn -0.592441 0.022043 0.805312
vn -0.707107 0.156626 0.689542
vn -0.634799 0.048265 0.771168
vn -0.673402 0.084330 0.734451
vn -0.706056 0.103279 0.700584
vn -0.006148 0.239390 0.970904
vn -0.087033 0.175317 0.980658
vn -0.175291 0.110143 0.978336
vn -0.205158 0.090217 0.974562
vn -0.349298 -0.002797 0.937008
vn -0.265664 0.054456 0.962526
vn -0.358454 0.014300 0.933438
vn -0.405610 0.001905 0.914044
vn -0.453053 -0.004343 0.891473
vn -0.500490 -0.003631 0.865735
vn -0.524086 -0.000364 0.851665
vn -0.547375 0.004953 0.836873
vn -0.570192 0.012397 0.821418
vn -0.005701 0.238772 0.971059
vn -0.367263 -0.521329 0.770282
vn -0.592443 -0.455512 0.664470
vn -0.707107 -0.278696 0.649868
vn -0.634803 -0.414215 0.652266
vn -0.706052 -0.328330 0.627447
vn -0.547382 -0.487873 0.679965
vn -0.500489 -0.511804 0.698260
vn -0.453055 -0.527504 0.718666
vn -0.349297 -0.553023 0.756411
vn -0.405612 -0.535717 0.740599
vn -0.358456 -0.537089 0.763574
vn -0.265666 -0.521700 0.810710
vn -0.205159 -0.499844 0.841466
vn -0.175292 -0.485943 0.856231
vn -0.087034 -0.434581 0.896417
vn -0.006148 -0.377012 0.926188
vn -0.005701 -0.377604 0.925950
vn -0.707107 -0.278570 0.649922
vn -0.707107 -0.278570 0.649922
vn -0.707107 -0.293186 0.643461
vn -0.707107 -0.293186 0.643461
vn -0.707107 -0.307652 0.636671
vn -0.707107 -0.307652 0.636671
vn -0.707107 -0.321961 0.629556
vn -0.707107 -0.321961 0.629556
vn -0.707107 -0.269334 0.653804
vn -0.707107 -0.269334 0.653804
vn -0.707107 -0.214898 0.673661
vn -0.707107 -0.214898 0.673661
vn -0.707107 -0.159020 0.688994
vn -0.707107 -0.159020 0.688994
vn -0.706165 -0.108538 0.699679
vn -0.676547 -0.061940 0.733790
vn -0.707107 -0.158993 0.689000
vn -0.638819 -0.000328 0.769357
vn -0.556943 0.068444 0.827726
vn -0.595790 0.050368 0.801559
vn -0.572792 0.071836 0.816547
vn -0.549131 0.090715 0.830798
vn -0.345400 0.176658 0.921678
vn -0.500913 0.120783 0.857028
vn -0.452176 0.141696 0.880601
vn -0.364942 0.143930 0.919837
vn -0.355354 0.160125 0.920914
vn -0.307897 0.159439 0.937965
vn -0.261294 0.153257 0.953015
vn -0.215782 0.142410 0.966001
vn -0.171295 0.127730 0.976905
vn -0.113305 0.103552 0.988149
vn -0.084735 0.089943 0.992336
vn -0.006175 0.049623 0.998749
vn -0.006702 0.048964 0.998778
vn -0.005701 -0.912207 0.409689
vn -0.087035 -0.880705 0.465600
vn -0.267047 -0.781005 0.564550
vn -0.175293 -0.838751 0.515527
vn -0.205160 -0.823510 0.528905
vn -0.283219 -0.792737 0.539774
vn -0.265667 -0.792010 0.549674
vn -0.358457 -0.744366 0.563407
vn -0.405613 -0.721453 0.561234
vn -0.453056 -0.699820 0.552261
vn -0.509497 -0.689064 0.515367
vn -0.500491 -0.679975 0.535858
vn -0.547383 -0.662526 0.511303
vn -0.706052 -0.615606 0.350028
vn -0.592444 -0.648170 0.478420
vn -0.634803 -0.637415 0.436723
vn -0.707107 -0.639746 0.301206
vn -0.006148 -0.912466 0.409106
vn -0.707107 -0.639804 0.301083
vn -0.707107 -0.639804 0.301083
vn -0.707107 -0.632837 0.315464
vn -0.707107 -0.632837 0.315464
vn -0.707107 -0.625546 0.329684
vn -0.707107 -0.625546 0.329684
vn -0.707107 -0.617937 0.343736
vn -0.707107 -0.617937 0.343736
vn -0.707107 -0.644006 0.291987
vn -0.707107 -0.644006 0.291987
vn -0.707107 -0.665750 0.238278
vn -0.707107 -0.665750 0.238278
vn -0.707107 -0.683025 0.182968
vn -0.707107 -0.683025 0.182968
vn -0.556943 -0.829610 -0.039515
vn -0.638817 -0.768879 0.027167
vn -0.707107 -0.683032 0.182942
vn -0.676546 -0.731184 0.087499
vn -0.706165 -0.695465 0.132890
vn -0.595787 -0.802831 -0.022374
vn -0.572789 -0.818558 -0.043306
vn -0.549127 -0.833460 -0.061675
vn -0.345400 -0.927282 -0.144384
vn -0.500909 -0.860723 -0.090809
vn -0.452172 -0.885011 -0.110886
vn -0.364942 -0.924300 -0.111741
vn -0.355350 -0.925942 -0.127896
vn -0.307892 -0.942959 -0.126614
vn -0.261290 -0.957783 -0.119909
vn -0.215779 -0.970383 -0.108615
vn -0.171293 -0.980767 -0.093563
vn -0.113303 -0.991161 -0.069005
vn -0.084734 -0.994870 -0.055258
vn -0.006175 -0.999872 -0.014737
vn -0.006702 -0.999878 -0.014077
vn -0.349298 -0.936339 0.035497
vn -0.547384 -0.836531 0.024226
vn -0.706052 -0.703777 -0.078666
vn -0.592445 -0.805588 0.006062
vn -0.634804 -0.772378 -0.021350
vn -0.707107 -0.694610 -0.132353
vn -0.005701 -0.978801 -0.204737
vn -0.087035 -0.986178 -0.140987
vn -0.175294 -0.981583 -0.075936
vn -0.205161 -0.977116 -0.056155
vn -0.367263 -0.930116 0.001465
vn -0.265668 -0.963839 -0.020838
vn -0.358459 -0.933367 0.018276
vn -0.405614 -0.913552 0.029986
vn -0.453057 -0.890777 0.035442
vn -0.500492 -0.865080 0.033836
vn -0.006148 -0.978667 -0.205361
vn -0.707107 -0.694584 -0.132486
vn -0.707107 -0.694584 -0.132486
vn -0.707107 -0.698530 -0.109799
vn -0.707107 -0.698530 -0.109799
vn -0.707107 -0.701735 -0.086995
vn -0.707107 -0.701735 -0.086995
vn -0.707107 -0.704195 -0.064099
vn -0.707107 -0.704195 -0.064099
vn -0.367263 -0.893681 -0.257783
vn -0.592442 -0.772709 -0.227890
vn -0.707107 -0.704183 -0.064235
vn -0.634802 -0.748341 -0.192386
vn -0.706052 -0.698197 -0.118369
vn -0.547381 -0.797446 -0.253879
vn -0.500488 -0.822240 -0.270985
vn -0.453053 -0.846499 -0.279611
vn -0.349298 -0.890283 -0.292212
vn -0.405610 -0.869897 -0.280643
vn -0.358454 -0.892171 -0.274848
vn -0.265664 -0.932245 -0.245646
vn -0.205158 -0.954742 -0.215355
vn -0.175291 -0.964489 -0.197571
vn -0.087033 -0.986837 -0.136304
vn -0.006148 -0.997360 -0.072352
vn -0.005701 -0.997316 -0.072989
vn -0.349298 -0.778379 -0.521649
vn -0.547379 -0.691020 -0.472088
vn -0.706056 -0.523057 -0.477384
vn -0.570195 -0.674045 -0.469618
vn -0.592445 -0.655298 -0.468608
vn -0.707107 -0.484072 -0.515436
vn -0.634801 -0.612329 -0.471255
vn -0.673404 -0.561721 -0.480622
vn -0.005701 -0.671525 -0.740960
vn -0.087035 -0.714965 -0.693722
vn -0.175294 -0.749483 -0.638394
vn -0.205161 -0.757496 -0.619765
vn -0.367263 -0.753341 -0.545523
vn -0.265668 -0.767514 -0.583389
vn -0.358459 -0.765852 -0.533833
vn -0.405614 -0.756705 -0.512713
vn -0.453057 -0.741486 -0.494912
vn -0.500494 -0.719749 -0.481111
vn -0.524090 -0.706258 -0.475951
vn -0.006148 -0.671050 -0.741386
vn -0.707107 -0.484057 -0.515450
vn -0.707107 -0.484057 -0.515450
vn -0.707107 -0.500584 -0.499415
vn -0.707107 -0.500584 -0.499415
vn -0.707107 -0.516581 -0.482850
vn -0.707107 -0.516581 -0.482850
vn -0.707107 -0.532030 -0.465773
vn -0.707107 -0.532030 -0.465773
vn -0.367263 -0.571482 -0.733843
vn -0.592441 -0.491184 -0.638554
vn -0.707107 -0.532016 -0.465789
vn -0.634799 -0.492329 -0.595519
vn -0.673402 -0.499924 -0.544615
vn -0.706056 -0.495348 -0.506078
vn -0.006148 -0.764354 -0.644768
vn -0.087033 -0.718250 -0.690320
vn -0.175291 -0.664159 -0.726750
vn -0.205158 -0.645820 -0.735409
vn -0.349298 -0.548496 -0.759699
vn -0.265664 -0.609815 -0.746691
vn -0.358454 -0.560230 -0.746762
vn -0.405610 -0.538803 -0.738357
vn -0.453053 -0.520481 -0.723769
vn -0.500490 -0.505929 -0.702529
vn -0.524086 -0.500302 -0.689226
vn -0.547375 -0.495909 -0.674133
vn -0.570192 -0.492847 -0.657254
vn -0.005701 -0.763944 -0.645257
vn -0.349298 -0.323104 -0.879542
vn -0.547379 -0.281561 -0.788099
vn -0.706056 -0.142563 -0.693657
vn -0.570195 -0.269280 -0.776122
vn -0.592445 -0.254707 -0.764287
vn -0.707107 -0.088657 -0.701527
vn -0.634801 -0.218388 -0.741171
vn -0.673404 -0.171939 -0.719002
vn -0.005701 -0.107750 -0.994162
vn -0.087035 -0.170659 -0.981479
vn -0.175294 -0.231106 -0.957007
vn -0.205161 -0.248539 -0.946645
vn -0.367263 -0.288815 -0.884140
vn -0.265668 -0.278024 -0.923105
vn -0.358459 -0.305808 -0.882037
vn -0.405614 -0.310822 -0.859574
vn -0.453057 -0.308972 -0.836227
vn -0.500494 -0.299500 -0.812284
vn -0.524090 -0.291617 -0.800181
vn -0.006148 -0.107115 -0.994228
vn -0.707107 -0.088636 -0.701529
vn -0.707107 -0.088636 -0.701529
vn -0.707107 -0.111433 -0.698271
vn -0.707107 -0.111433 -0.698271
vn -0.707107 -0.134111 -0.694273
vn -0.707107 -0.134111 -0.694273
vn -0.707107 -0.156646 -0.689537
vn -0.707107 -0.156646 -0.689537
vn -0.367263 -0.030996 -0.929600
vn -0.592441 -0.022043 -0.805312
vn -0.707107 -0.156626 -0.689542
vn -0.634799 -0.048265 -0.771168
vn -0.673402 -0.084330 -0.734451
vn -0.706056 -0.103279 -0.700584
vn -0.006148 -0.239390 -0.970904
vn -0.087033 -0.175317 -0.980658
vn -0.175291 -0.110143 -0.978336
vn -0.205158 -0.090217 -0.974562
vn -0.349298 0.002797 -0.937008
vn -0.265664 -0.054456 -0.962526
vn -0.358454 -0.014300 -0.933438
vn -0.405610 -0.001905 -0.914044
vn -0.453053 0.004343 -0.891473
vn -0.500490 0.003631 -0.865735
vn -0.524086 0.000364 -0.851665
vn -0.547375 -0.004953 -0.836873
vn -0.570192 -0.012397 -0.821418
vn -0.005701 -0.238772 -0.971059
vn 0.707107 0.617937 -0.343736
vn 0.707107 0.617937 -0.343736
vn 0.707107 0.647611 -0.283902
vn 0.707107 0.647611 -0.283902
vn 0.707107 0.671507 -0.221535
vn 0.707107 0.671507 -0.221535
vn 0.707107 0.689413 -0.157192
vn 0.707107 0.689413 -0.157192
vn 0.707107 0.701169 -0.091447
vn 0.707107 0.701169 -0.091447
vn 0.707107 0.706669 -0.024886
vn 0.707107 0.706669 -0.024886
vn 0.707107 0.705864 0.041897
vn 0.707107 0.705864 0.041897
vn 0.707107 0.698763 0.108307
vn 0.707107 0.698763 0.108307
vn 0.707107 0.685428 0.173750
vn 0.707107 0.685428 0.173750
vn 0.707107 0.665977 0.237643
vn 0.707107 0.665977 0.237643
vn 0.707107 0.640586 0.299416
vn 0.707107 0.640586 0.299416
vn 0.707107 0.609479 0.358518
vn 0.707107 0.609479 0.358518
vn 0.707107 0.572935 0.414422
vn 0.707107 0.572935 0.414422
vn 0.707107 0.531280 0.466628
vn 0.707107 0.531280 0.466628
vn 0.707107 0.484885 0.514671
vn 0.707107 0.484885 0.514671
vn 0.707107 0.434164 0.558123
vn 0.707107 0.434164 0.558123
vn 0.707107 0.379570 0.596596
vn 0.707107 0.379570 0.596596
vn 0.707107 0.321590 0.629746
vn 0.707107 0.321590 0.629746
vn 0.707107 0.260741 0.657278
vn 0.707107 0.260741 0.657278
vn 0.707107 0.197565 0.678946
vn 0.707107 0.197565 0.678946
vn 0.707107 0.132627 0.694557
vn 0.707107 0.132627 0.694557
vn 0.707107 0.066506 0.703972
vn 0.707107 0.066506 0.703972
vn 0.707107 -0.000208 0.707107
vn 0.707107 -0.000208 0.707107
vn 0.707107 -0.066921 0.703933
vn 0.707107 -0.066921 0.703933
vn 0.707107 -0.133036 0.694479
vn 0.707107 -0.133036 0.694479
vn 0.707107 -0.197965 0.678830
vn 0.707107 -0.197965 0.678830
vn 0.707107 -0.261128 0.657124
vn 0.707107 -0.261128 0.657124
vn 0.707107 -0.321961 0.629556
vn 0.707107 -0.321961 0.629556
vn 0.707107 -0.101073 0.699846
vn 0.707107 -0.101073 0.699846
vn 0.707107 0.130676 0.694927
vn 0.707107 0.130676 0.694927
vn 0.707107 0.348383 0.615329
vn 0.707107 0.348383 0.615329
vn 0.707107 0.695892 -0.125436
vn 0.707107 0.695892 -0.125436
vn 0.707107 0.699064 0.106344
vn 0.707107 0.699064 0.106344
vn 0.707107 0.627112 0.326696
vn 0.707107 0.627112 0.326696
vn 0.707107 0.166727 0.687170
vn 0.707107 0.102624 0.699620
vn 0.707107 -0.027654 0.706566
vn 0.707107 -0.156990 0.689459
vn 0.707107 -0.219924 0.672037
vn 0.707107 -0.395409 0.586218
vn 0.707107 -0.395409 0.586218
vn 0.707107 0.692570 0.142643
vn 0.707107 0.702775 0.078145
vn 0.707107 0.705170 -0.052296
vn 0.707107 0.683560 -0.180956
vn 0.707107 0.663952 -0.243243
vn 0.707107 -0.444997 0.549525
vn 0.707107 -0.444997 0.549525
vn 0.707107 -0.491198 0.508650
vn 0.707107 -0.491198 0.508650
vn 0.707107 -0.533660 0.463904
vn 0.707107 -0.533660 0.463904
vn 0.707107 -0.572061 0.415627
vn 0.707107 -0.572061 0.415627
vn 0.707107 -0.663952 0.243243
vn 0.707107 -0.683560 0.180956
vn 0.707107 -0.705170 0.052296
vn 0.707107 -0.702775 -0.078145
vn 0.707107 -0.692570 -0.142643
vn 0.707107 -0.627112 -0.326696
vn 0.707107 -0.627112 -0.326696
vn 0.707107 0.219924 -0.672037
vn 0.707107 0.156990 -0.689459
vn 0.707107 0.027654 -0.706566
vn 0.707107 -0.102624 -0.699620
vn 0.707107 -0.166727 -0.687170
vn 0.707107 -0.348383 -0.615329
vn 0.707107 -0.348383 -0.615329
vn 0.707107 -0.699064 -0.106344
vn 0.707107 -0.699064 -0.106344
vn 0.707107 -0.695892 0.125436
vn 0.707107 -0.695892 0.125436
vn 0.707107 -0.617937 0.343736
vn 0.707107 -0.617937 0.343736
vn 0.707107 -0.130676 -0.694927
vn 0.707107 -0.130676 -0.694927
vn 0.707107 0.101073 -0.699846
vn 0.707107 0.101073 -0.699846
vn 0.707107 0.321961 -0.629556
vn 0.707107 0.321961 -0.629556
vn 0.707107 -0.647611 0.283902
vn 0.707107 -0.647611 0.283902
vn 0.707107 -0.671507 0.221535
vn 0.707107 -0.671507 0.221535
vn 0.707107 -0.689413 0.157192
vn 0.707107 -0.689413 0.157192
vn 0.707107 -0.701169 0.091447
vn 0.707107 -0.701169 0.091447
vn 0.707107 -0.706669 0.024886
vn 0.707107 -0.706669 0.024886
vn 0.707107 -0.705864 -0.041897
vn 0.707107 -0.705864 -0.041897
vn 0.707107 -0.698763 -0.108307
vn 0.707107 -0.698763 -0.108307
vn 0.707107 -0.685428 -0.173750
vn 0.707107 -0.685428 -0.173750
vn 0.707107 -0.665977 -0.237643
vn 0.707107 -0.665977 -0.237643
vn 0.707107 -0.640586 -0.299416
vn 0.707107 -0.640586 -0.299416
vn 0.707107 -0.609479 -0.358518
vn 0.707107 -0.609479 -0.358518
vn 0.707107 -0.572935 -0.414422
vn 0.707107 -0.572935 -0.414422
vn 0.707107 -0.531280 -0.466628
vn 0.707107 -0.531280 -0.466628
vn 0.707107 -0.484885 -0.514671
vn 0.707107 -0.484885 -0.514671
vn 0.707107 -0.434164 -0.558123
vn 0.707107 -0.434164 -0.558123
vn 0.707107 -0.379570 -0.596596
vn 0.707107 -0.379570 -0.596596
vn 0.707107 -0.321590 -0.629746
vn 0.707107 -0.321590 -0.629746
vn 0.707107 -0.260741 -0.657278
vn 0.707107 -0.260741 -0.657278
vn 0.707107 -0.197565 -0.678946
vn 0.707107 -0.197565 -0.678946
vn 0.707107 -0.132627 -0.694557
vn 0.707107 -0.132627 -0.694557
vn 0.707107 -0.066506 -0.703972
vn 0.707107 -0.066506 -0.703972
vn 0.707107 0.000208 -0.707107
vn 0.707107 0.000208 -0.707107
vn 0.707107 0.066921 -0.703933
vn 0.707107 0.066921 -0.703933
vn 0.707107 0.133036 -0.694479
vn 0.707107 0.133036 -0.694479
vn 0.707107 0.197965 -0.678830
vn 0.707107 0.197965 -0.678830
vn 0.707107 0.261128 -0.657124
vn 0.707107 0.261128 -0.657124
usemtl Opaque(64,64,64)
f 10/1/1 1/2/2 9/3/3
f 9/3/3 1/2/2 2/4/4
f 9/3/3 2/4/4 8/5/5
f 8/5/5 2/4/4 3/6/6
f 8/5/5 3/6/6 7/7/7
f 7/7/7 3/6/6 4/8/8
f 7/7/7 4/8/8 6/9/9
f 6/9/9 4/8/8 5/10/10
f 33/11/11 11/12/12 34/13/13
f 34/13/13 11/12/12 12/14/14
f 34/13/13 12/14/14 36/15/15
f 36/15/15 12/14/14 13/16/16
f 36/15/15 13/16/16 38/17/17
f 38/17/17 13/16/16 14/18/18
f 38/17/17 14/18/18 40/19/19
f 40/19/19 14/18/18 15/20/20
f 40/19/19 15/20/20 42/21/21
f 42/21/21 15/20/20 16/22/22
f 42/21/21 16/22/22 44/23/23
f 44/23/23 16/22/22 17/24/24
f 44/23/23 17/24/24 46/25/25
f 46/25/25 17/24/24 18/26/26
f 46/25/25 18/26/26 48/27/27
f 48/27/27 18/26/26 19/28/28
f 48/27/27 19/28/28 21/29/29
f 21/29/29 19/28/28 20/30/30
f 21/29/29 22/31/31 48/27/27
f 48/27/27 22/31/31 49/32/32
f 48/27/27 49/32/32 46/25/25
f 46/25/25 49/32/32 47/33/33
f 46/25/25 47/33/33 44/23/23
f 44/23/23 47/33/33 45/34/34
f 44/23/23 45/34/34 42/21/21
f 42/21/21 45/34/34 43/35/35
f 42/21/21 43/35/35 40/19/19
f 40/19/19 43/35/35 41/36/36
f 40/19/19 41/36/36 38/17/17
f 38/17/17 41/36/36 39/37/37
f 38/17/17 39/37/37 36/15/15
f 36/15/15 39/37/37 37/38/38
f 36/15/15 37/38/38 34/13/13
f 34/13/13 37/38/38 35/39/39
f 34/13/13 35/39/39 33/11/11
f 33/11/11 35/39/39 32/40/40
f 32/40/40 35/39/39 31/41/41
f 31/41/41 35/39/39 30/42/42
f 30/42/42 35/39/39 37/38/38
f 30/42/42 37/38/38 29/43/43
f 29/43/43 37/38/38 39/37/37
f 29/43/43 39/37/37 28/44/44
f 28/44/44 39/37/37 41/36/36
f 28/44/44 41/36/36 27/45/45
f 27/45/45 41/36/36 43/35/35
f 27/45/45 43/35/35 26/46/46
f 26/46/46 43/35/35 45/34/34
f 26/46/46 45/34/34 25/47/47
f 25/47/47 45/34/34 47/33/33
f 25/47/47 47/33/33 24/48/48
f 24/48/48 47/33/33 49/32/32
f 24/48/48 49/32/32 23/49/49
f 23/49/49 49/32/32 22/31/31
f 31/50/41 50/51/50 32/52/40
f 32/52/40 50/51/50 58/53/51
f 32/52/40 58/53/51 59/54/52
f 59/54/52 58/53/51 61/55/53
f 59/54/52 61/55/53 56/56/54
f 56/56/54 61/55/53 55/57/55
f 55/57/55 61/55/53 62/58/56
f 55/57/55 62/58/56 54/59/57
f 54/59/57 62/58/56 53/60/58
f 53/60/58 62/58/56 60/61/59
f 53/60/58 60/61/59 52/62/60
f 52/62/60 60/61/59 51/63/61
f 51/63/61 60/61/59 58/53/51
f 51/63/61 58/53/51 50/51/50
f 56/56/54 57/64/62 59/54/52
f 59/54/52 57/64/62 33/65/11
f 59/54/52 33/65/11 32/52/40
f 57/64/62 11/66/12 33/65/11
f 62/58/56 61/55/53 60/61/59
f 60/61/59 61/55/53 58/53/51
f 85/67/63 63/68/64 86/69/65
f 86/69/65 63/68/64 64/70/66
f 86/69/65 64/70/66 88/71/67
f 88/71/67 64/70/66 65/72/68
f 88/71/67 65/72/68 90/73/69
f 90/73/69 65/72/68 66/74/70
f 90/73/69 66/74/70 92/75/71
f 92/75/71 66/74/70 67/76/72
f 92/75/71 67/76/72 94/77/73
f 94/77/73 67/76/72 68/78/74
f 94/77/73 68/78/74 96/79/75
f 96/79/75 68/78/74 69/80/76
f 96/79/75 69/80/76 98/81/77
f 98/81/77 69/80/76 70/82/78
f 98/81/77 70/82/78 100/83/79
f 100/83/79 70/82/78 71/84/80
f 100/83/79 71/84/80 73/85/81
f 73/85/81 71/84/80 72/86/82
f 73/85/81 74/87/83 100/83/79
f 100/83/79 74/87/83 101/88/84
f 100/83/79 101/88/84 98/81/77
f 98/81/77 101/88/84 99/89/85
f 98/81/77 99/89/85 96/79/75
f 96/79/75 99/89/85 97/90/86
f 96/79/75 97/90/86 94/77/73
f 94/77/73 97/90/86 95/91/87
f 94/77/73 95/91/87 92/75/71
f 92/75/71 95/91/87 93/92/88
f 92/75/71 93/92/88 90/73/69
f 90/73/69 93/92/88 91/93/89
f 90/73/69 91/93/89 88/71/67
f 88/71/67 91/93/89 89/94/90
f 88/71/67 89/94/90 86/69/65
f 86/69/65 89/94/90 87/95/91
f 86/69/65 87/95/91 85/67/63
f 85/67/63 87/95/91 84/96/92
f 84/96/92 87/95/91 83/97/93
f 83/97/93 87/95/91 82/98/94
f 82/98/94 87/95/91 89/94/90
f 82/98/94 89/94/90 81/99/95
f 81/99/95 89/94/90 91/93/89
f 81/99/95 91/93/89 80/100/96
f 80/100/96 91/93/89 93/92/88
f 80/100/96 93/92/88 79/101/97
f 79/101/97 93/92/88 95/91/87
f 79/101/97 95/91/87 78/102/98
f 78/102/98 95/91/87 97/90/86
f 78/102/98 97/90/86 77/103/99
f 77/103/99 97/90/86 99/89/85
f 77/103/99 99/89/85 76/104/100
f 76/104/100 99/89/85 101/88/84
f 76/104/100 101/88/84 75/105/101
f 75/105/101 101/88/84 74/87/83
f 102/106/102 103/107/103 126/108/104
f 126/108/104 103/107/103 127/109/105
f 126/108/104 127/109/105 128/110/106
f 128/110/106 127/109/105 130/111/107
f 128/110/106 130/111/107 122/112/108
f 122/112/108 130/111/107 121/113/109
f 121/113/109 130/111/107 132/114/110
f 121/113/109 132/114/110 120/115/111
f 120/115/111 132/114/110 134/116/112
f 120/115/111 134/116/112 119/117/113
f 119/117/113 134/116/112 136/118/114
f 119/117/113 136/118/114 118/119/115
f 118/119/115 136/118/114 138/120/116
f 118/119/115 138/120/116 117/121/117
f 117/121/117 138/120/116 140/122/118
f 117/121/117 140/122/118 116/123/119
f 116/123/119 140/122/118 142/124/120
f 116/123/119 142/124/120 115/125/121
f 115/125/121 142/124/120 114/126/122
f 114/126/122 142/124/120 141/127/123
f 114/126/122 141/127/123 113/128/124
f 113/128/124 141/127/123 111/129/125
f 113/128/124 111/129/125 112/130/126
f 103/107/103 104/131/127 127/109/105
f 127/109/105 104/131/127 129/132/128
f 127/109/105 129/132/128 130/111/107
f 130/111/107 129/132/128 132/114/110
f 104/131/127 105/133/129 129/132/128
f 129/132/128 105/133/129 131/134/130
f 129/132/128 131/134/130 132/114/110
f 132/114/110 131/134/130 134/116/112
f 105/133/129 106/135/131 131/134/130
f 131/134/130 106/135/131 133/136/132
f 131/134/130 133/136/132 134/116/112
f 134/116/112 133/136/132 136/118/114
f 106/135/131 107/137/133 133/136/132
f 133/136/132 107/137/133 135/138/134
f 133/136/132 135/138/134 136/118/114
f 136/118/114 135/138/134 138/120/116
f 107/137/133 108/139/135 135/138/134
f 135/138/134 108/139/135 137/140/136
f 135/138/134 137/140/136 138/120/116
f 138/120/116 137/140/136 140/122/118
f 108/139/135 109/141/137 137/140/136
f 137/140/136 109/141/137 139/142/138
f 137/140/136 139/142/138 140/122/118
f 140/122/118 139/142/138 142/124/120
f 109/141/137 110/143/139 139/142/138
f 139/142/138 110/143/139 141/127/123
f 139/142/138 141/127/123 142/124/120
f 110/143/139 111/129/125 141/127/123
f 122/112/108 123/144/140 128/110/106
f 128/110/106 123/144/140 125/145/141
f 128/110/106 125/145/141 126/108/104
f 123/144/140 124/146/142 125/145/141
f 143/147/143 144/148/144 167/149/145
f 167/149/145 144/148/144 168/150/146
f 167/149/145 168/150/146 169/151/147
f 169/151/147 168/150/146 171/152/148
f 169/151/147 171/152/148 163/153/149
f 163/153/149 171/152/148 162/154/150
f 162/154/150 171/152/148 173/155/151
f 162/154/150 173/155/151 161/156/152
f 161/156/152 173/155/151 175/157/153
f 161/156/152 175/157/153 160/158/154
f 160/158/154 175/157/153 177/159/155
f 160/158/154 177/159/155 159/160/156
f 159/160/156 177/159/155 179/161/157
f 159/160/156 179/161/157 158/162/158
f 158/162/158 179/161/157 181/163/159
f 158/162/158 181/163/159 157/164/160
f 157/164/160 181/163/159 183/165/161
f 157/164/160 183/165/161 156/166/162
f 156/166/162 183/165/161 155/167/163
f 155/167/163 183/165/161 182/168/164
f 155/167/163 182/168/164 154/169/165
f 154/169/165 182/168/164 152/170/166
f 154/169/165 152/170/166 153/171/167
f 144/148/144 145/172/168 168/150/146
f 168/150/146 145/172/168 170/173/169
f 168/150/146 170/173/169 171/152/148
f 171/152/148 170/173/169 173/155/151
f 145/172/168 146/174/170 170/173/169
f 170/173/169 146/174/170 172/175/171
f 170/173/169 172/175/171 173/155/151
f 173/155/151 172/175/171 175/157/153
f 146/174/170 147/176/172 172/175/171
f 172/175/171 147/176/172 174/177/173
f 172/175/171 174/177/173 175/157/153
f 175/157/153 174/177/173 177/159/155
f 147/176/172 148/178/174 174/177/173
f 174/177/173 148/178/174 176/179/175
f 174/177/173 176/179/175 177/159/155
f 177/159/155 176/179/175 179/161/157
f 148/178/174 149/180/176 176/179/175
f 176/179/175 149/180/176 178/181/177
f 176/179/175 178/181/177 179/161/157
f 179/161/157 178/181/177 181/163/159
f 149/180/176 150/182/178 178/181/177
f 178/181/177 150/182/178 180/183/179
f 178/181/177 180/183/179 181/163/159
f 181/163/159 180/183/179 183/165/161
f 150/182/178 151/184/180 180/183/179
f 180/183/179 151/184/180 182/168/164
f 180/183/179 182/168/164 183/165/161
f 151/184/180 152/170/166 182/168/164
f 163/153/149 164/185/181 169/151/147
f 169/151/147 164/185/181 166/186/182
f 169/151/147 166/186/182 167/149/145
f 164/185/181 165/187/183 166/186/182
f 206/188/184 184/189/185 207/190/186
f 207/190/186 184/189/185 185/191/187
f 207/190/186 185/191/187 209/192/188
f 209/192/188 185/191/187 186/193/189
f 209/192/188 186/193/189 211/194/190
f 211/194/190 186/193/189 187/195/191
f 211/194/190 187/195/191 213/196/192
f 213/196/192 187/195/191 188/197/193
f 213/196/192 188/197/193 215/198/194
f 215/198/194 188/197/193 189/199/195
f 215/198/194 189/199/195 217/200/196
f 217/200/196 189/199/195 190/201/197
f 217/200/196 190/201/197 219/202/198
f 219/202/198 190/201/197 191/203/199
f 219/202/198 191/203/199 221/204/200
f 221/204/200 191/203/199 192/205/201
f 221/204/200 192/205/201 194/206/202
f 194/206/202 192/205/201 193/207/203
f 194/206/202 195/208/204 221/204/200
f 221/204/200 195/208/204 222/209/205
f 221/204/200 222/209/205 219/202/198
f 219/202/198 222/209/205 220/210/206
f 219/202/198 220/210/206 217/200/196
f 217/200/196 220/210/206 218/211/207
f 217/200/196 218/211/207 215/198/194
f 215/198/194 218/211/207 216/212/208
f 215/198/194 216/212/208 213/196/192
f 213/196/192 216/212/208 214/213/209
f 213/196/192 214/213/209 211/194/190
f 211/194/190 214/213/209 212/214/210
f 211/194/190 212/214/210 209/192/188
f 209/192/188 212/214/210 210/215/211
f 209/192/188 210/215/211 207/190/186
f 207/190/186 210/215/211 208/216/212
f 207/190/186 208/216/212 206/188/184
f 206/188/184 208/216/212 205/217/213
f 205/217/213 208/216/212 204/218/214
f 204/218/214 208/216/212 203/219/215
f 203/219/215 208/216/212 210/215/211
f 203/219/215 210/215/211 202/220/216
f 202/220/216 210/215/211 212/214/210
f 202/220/216 212/214/210 201/221/217
f 201/221/217 212/214/210 214/213/209
f 201/221/217 214/213/209 200/222/218
f 200/222/218 214/213/209 216/212/208
f 200/222/218 216/212/208 199/223/219
f 199/223/219 216/212/208 218/211/207
f 199/223/219 218/211/207 198/224/220
f 198/224/220 218/211/207 220/210/206
f 198/224/220 220/210/206 197/225/221
f 197/225/221 220/210/206 222/209/205
f 197/225/221 222/209/205 196/226/222
f 196/226/222 222/209/205 195/208/204
f 245/227/223 223/228/224 246/229/225
f 246/229/225 223/228/224 224/230/226
f 246/229/225 224/230/226 248/231/227
f 248/231/227 224/230/226 225/232/228
f 248/231/227 225/232/228 250/233/229
f 250/233/229 225/232/228 226/234/230
f 250/233/229 226/234/230 252/235/231
f 252/235/231 226/234/230 227/236/232
f 252/235/231 227/236/232 254/237/233
f 254/237/233 227/236/232 228/238/234
f 254/237/233 228/238/234 256/239/235
f 256/239/235 228/238/234 229/240/236
f 256/239/235 229/240/236 258/241/237
f 258/241/237 229/240/236 230/242/238
f 258/241/237 230/242/238 260/243/239
f 260/243/239 230/242/238 231/244/240
f 260/243/239 231/244/240 233/245/241
f 233/245/241 231/244/240 232/246/242
f 233/245/241 234/247/243 260/243/239
f 260/243/239 234/247/243 261/248/244
f 260/243/239 261/248/244 258/241/237
f 258/241/237 261/248/244 259/249/245
f 258/241/237 259/249/245 256/239/235
f 256/239/235 259/249/245 257/250/246
f 256/239/235 257/250/246 254/237/233
f 254/237/233 257/250/246 255/251/247
f 254/237/233 255/251/247 252/235/231
f 252/235/231 255/251/247 253/252/248
f 252/235/231 253/252/248 250/233/229
f 250/233/229 253/252/248 251/253/249
f 250/233/229 251/253/249 248/231/227
f 248/231/227 251/253/249 249/254/250
f 248/231/227 249/254/250 246/229/225
f 246/229/225 249/254/250 247/255/251
f 246/229/225 247/255/251 245/227/223
f 245/227/223 247/255/251 244/256/252
f 244/256/252 247/255/251 243/257/253
f 243/257/253 247/255/251 242/258/254
f 242/258/254 247/255/251 249/254/250
f 242/258/254 249/254/250 241/259/255
f 241/259/255 249/254/250 251/253/249
f 241/259/255 251/253/249 240/260/256
f 240/260/256 251/253/249 253/252/248
f 240/260/256 253/252/248 239/261/257
f 239/261/257 253/252/248 255/251/247
f 239/261/257 255/251/247 238/262/258
f 238/262/258 255/251/247 257/250/246
f 238/262/258 257/250/246 237/263/259
f 237/263/259 257/250/246 259/249/245
f 237/263/259 259/249/245 236/264/260
f 236/264/260 259/249/245 261/248/244
f 236/264/260 261/248/244 235/265/261
f 235/265/261 261/248/244 234/247/243
f 269/266/262 262/267/263 270/268/264
f 270/268/264 262/267/263 263/269/265
f 270/268/264 263/269/265 273/270/266
f 273/270/266 263/269/265 264/271/267
f 273/270/266 264/271/267 234/272/243
f 234/272/243 264/271/267 235/273/261
f 234/272/243 233/274/241 273/270/266
f 273/270/266 233/274/241 274/275/268
f 273/270/266 274/275/268 270/268/264
f 270/268/264 274/275/268 271/276/269
f 270/268/264 271/276/269 269/266/262
f 269/266/262 271/276/269 272/277/270
f 269/266/262 272/277/270 268/278/271
f 268/278/271 272/277/270 267/279/272
f 267/279/272 272/277/270 266/280/273
f 266/280/273 272/277/270 271/276/269
f 266/280/273 271/276/269 265/281/274
f 265/281/274 271/276/269 274/275/268
f 265/281/274 274/275/268 232/282/242
f 232/282/242 274/275/268 233/274/241
f 286/283/275 275/284/276 287/285/277
f 287/285/277 275/284/276 276/286/278
f 287/285/277 276/286/278 290/287/279
f 290/287/279 276/286/278 277/288/280
f 290/287/279 277/288/280 279/289/281
f 279/289/281 277/288/280 278/290/282
f 279/289/281 280/291/283 290/287/279
f 290/287/279 280/291/283 291/292/284
f 290/287/279 291/292/284 287/285/277
f 287/285/277 291/292/284 288/293/285
f 287/285/277 288/293/285 286/283/275
f 286/283/275 288/293/285 289/294/286
f 286/283/275 289/294/286 285/295/287
f 285/295/287 289/294/286 284/296/288
f 284/296/288 289/294/286 283/297/289
f 283/297/289 289/294/286 288/293/285
f 283/297/289 288/293/285 282/298/290
f 282/298/290 288/293/285 291/292/284
f 282/298/290 291/292/284 281/299/291
f 281/299/291 291/292/284 280/291/283
f 292/300/292 293/301/293 303/302/294
f 303/302/294 293/301/293 304/303/295
f 303/302/294 304/303/295 302/304/296
f 302/304/296 304/303/295 306/305/297
f 302/304/296 306/305/297 301/306/298
f 301/306/298 306/305/297 308/307/299
f 301/306/298 308/307/299 300/308/300
f 300/308/300 308/307/299 299/309/301
f 299/309/301 308/307/299 307/310/302
f 299/309/301 307/310/302 298/311/303
f 298/311/303 307/310/302 296/312/304
f 298/311/303 296/312/304 297/313/305
f 304/303/295 293/301/293 305/314/306
f 305/314/306 293/301/293 294/315/307
f 305/314/306 294/315/307 295/316/308
f 305/314/306 295/316/308 307/310/302
f 307/310/302 295/316/308 296/312/304
f 308/307/299 306/305/297 305/314/306
f 305/314/306 306/305/297 304/303/295
f 307/310/302 308/307/299 305/314/306
f 320/317/309 309/318/310 322/319/311
f 322/319/311 309/318/310 310/320/312
f 322/319/311 310/320/312 323/321/313
f 323/321/313 310/320/312 311/322/314
f 323/321/313 311/322/314 312/323/315
f 323/321/313 312/323/315 321/324/316
f 321/324/316 312/323/315 313/325/317
f 321/324/316 313/325/317 324/326/318
f 324/326/318 313/325/317 314/327/319
f 324/326/318 314/327/319 316/328/320
f 316/328/320 314/327/319 315/329/321
f 316/328/320 317/330/322 324/326/318
f 324/326/318 317/330/322 325/331/323
f 324/326/318 325/331/323 321/324/316
f 321/324/316 325/331/323 322/319/311
f 321/324/316 322/319/311 323/321/313
f 318/332/324 319/333/325 317/330/322
f 317/330/322 319/333/325 325/331/323
f 319/333/325 320/317/309 325/331/323
f 325/331/323 320/317/309 322/319/311
f 326/334/326 327/335/327 337/336/328
f 337/336/328 327/335/327 338/337/329
f 337/336/328 338/337/329 339/338/330
f 339/338/330 338/337/329 341/339/331
f 339/338/330 341/339/331 333/340/332
f 333/340/332 341/339/331 332/341/333
f 332/341/333 341/339/331 342/342/334
f 332/341/333 342/342/334 331/343/335
f 331/343/335 342/342/334 330/344/336
f 330/344/336 342/342/334 340/345/337
f 330/344/336 340/345/337 329/346/338
f 329/346/338 340/345/337 328/347/339
f 328/347/339 340/345/337 338/337/329
f 328/347/339 338/337/329 327/335/327
f 333/340/332 334/348/340 339/338/330
f 339/338/330 334/348/340 336/349/341
f 339/338/330 336/349/341 337/336/328
f 334/348/340 335/350/342 336/349/341
f 342/342/334 341/339/331 340/345/337
f 340/345/337 341/339/331 338/337/329
f 352/351/343 343/352/344 351/353/345
f 351/353/345 343/352/344 344/354/346
f 351/353/345 344/354/346 350/355/347
f 350/355/347 344/354/346 345/356/348
f 350/355/347 345/356/348 349/357/349
f 349/357/349 345/356/348 346/358/350
f 349/357/349 346/358/350 348/359/351
f 348/359/351 346/358/350 347/360/352
f 343/361/344 352/362/343 371/363/353
f 371/363/353 352/362/343 353/364/354
f 371/363/353 353/364/354 370/365/355
f 370/365/355 353/364/354 354/366/356
f 370/365/355 354/366/356 369/367/357
f 369/367/357 354/366/356 355/368/358
f 369/367/357 355/368/358 368/369/359
f 368/369/359 355/368/358 356/370/360
f 368/369/359 356/370/360 367/371/361
f 367/371/361 356/370/360 357/372/362
f 367/371/361 357/372/362 366/373/363
f 366/373/363 357/372/362 358/374/364
f 366/373/363 358/374/364 365/375/365
f 365/375/365 358/374/364 359/376/366
f 365/375/365 359/376/366 364/377/367
f 364/377/367 359/376/366 360/378/368
f 364/377/367 360/378/368 363/379/369
f 363/379/369 360/378/368 361/380/370
f 363/379/369 361/380/370 362/381/371
f 381/382/372 372/383/373 380/384/374
f 380/384/374 372/383/373 373/385/375
f 380/384/374 373/385/375 379/386/376
f 379/386/376 373/385/375 374/387/377
f 379/386/376 374/387/377 378/388/378
f 378/388/378 374/387/377 375/389/379
f 378/388/378 375/389/379 377/390/380
f 377/390/380 375/389/379 376/391/381
f 372/392/373 381/393/372 400/394/382
f 400/394/382 381/393/372 382/395/383
f 400/394/382 382/395/383 399/396/384
f 399/396/384 382/395/383 383/397/385
f 399/396/384 383/397/385 398/398/386
f 398/398/386 383/397/385 384/399/387
f 398/398/386 384/399/387 397/400/388
f 397/400/388 384/399/387 385/401/389
f 397/400/388 385/401/389 396/402/390
f 396/402/390 385/401/389 386/403/391
f 396/402/390 386/403/391 395/404/392
f 395/404/392 386/403/391 387/405/393
f 395/404/392 387/405/393 394/406/394
f 394/406/394 387/405/393 388/407/395
f 394/406/394 388/407/395 393/408/396
f 393/408/396 388/407/395 389/409/397
f 393/408/396 389/409/397 392/410/398
f 392/410/398 389/409/397 390/411/399
f 392/410/398 390/411/399 391/412/400
f 410/413/401 401/414/402 409/415/403
f 409/415/403 401/414/402 402/416/404
f 409/415/403 402/416/404 408/417/405
f 408/417/405 402/416/404 403/418/406
f 408/417/405 403/418/406 407/419/407
f 407/419/407 403/418/406 404/420/408
f 407/419/407 404/420/408 406/421/409
f 406/421/409 404/420/408 405/422/410
f 401/423/402 410/424/401 431/425/411
f 431/425/411 410/424/401 411/426/412
f 431/425/411 411/426/412 430/427/413
f 430/427/413 411/426/412 412/428/414
f 430/427/413 412/428/414 429/429/415
f 429/429/415 412/428/414 413/430/416
f 429/429/415 413/430/416 428/431/417
f 428/431/417 413/430/416 414/432/418
f 428/431/417 414/432/418 427/433/419
f 427/433/419 414/432/418 415/434/420
f 427/433/419 415/434/420 426/435/421
f 426/435/421 415/434/420 416/436/422
f 426/435/421 416/436/422 425/437/423
f 425/437/423 416/436/422 417/438/424
f 425/437/423 417/438/424 424/439/425
f 424/439/425 417/438/424 418/440/426
f 424/439/425 418/440/426 423/441/427
f 423/441/427 418/440/426 419/442/428
f 423/441/427 419/442/428 422/443/429
f 422/443/429 419/442/428 420/444/430
f 422/443/429 420/444/430 421/445/431
f 441/446/432 432/447/433 440/448/434
f 440/448/434 432/447/433 433/449/435
f 440/448/434 433/449/435 439/450/436
f 439/450/436 433/449/435 434/451/437
f 439/450/436 434/451/437 438/452/438
f 438/452/438 434/451/437 435/453/439
f 438/452/438 435/453/439 437/454/440
f 437/454/440 435/453/439 436/455/441
f 460/456/442 442/457/443 459/458/444
f 459/458/444 442/457/443 443/459/445
f 459/458/444 443/459/445 458/460/446
f 458/460/446 443/459/445 444/461/447
f 458/460/446 444/461/447 457/462/448
f 457/462/448 444/461/447 445/463/449
f 457/462/448 445/463/449 456/464/450
f 456/464/450 445/463/449 446/465/451
f 456/464/450 446/465/451 455/466/452
f 455/466/452 446/465/451 447/467/453
f 455/466/452 447/467/453 454/468/454
f 454/468/454 447/467/453 448/469/455
f 454/468/454 448/469/455 453/470/456
f 453/470/456 448/469/455 449/471/457
f 453/470/456 449/471/457 452/472/458
f 452/472/458 449/471/457 450/473/459
f 452/472/458 450/473/459 451/474/460
f 451/474/460 450/473/459 437/475/440
f 451/474/460 437/475/440 436/476/441
f 470/477/461 461/478/462 469/479/463
f 469/479/463 461/478/462 462/480/464
f 469/479/463 462/480/464 468/481/465
f 468/481/465 462/480/464 463/482/466
f 468/481/465 463/482/466 467/483/467
f 467/483/467 463/482/466 464/484/468
f 467/483/467 464/484/468 466/485/469
f 466/485/469 464/484/468 465/486/470
f 480/487/471 471/488/472 479/489/473
f 479/489/473 471/488/472 472/490/474
f 479/489/473 472/490/474 478/491/475
f 478/491/475 472/490/474 473/492/476
f 478/491/475 473/492/476 477/493/477
f 477/493/477 473/492/476 474/494/478
f 477/493/477 474/494/478 476/495/479
f 476/495/479 474/494/478 475/496/480
f 499/497/481 481/498/482 498/499/483
f 498/499/483 481/498/482 482/500/484
f 498/499/483 482/500/484 497/501/485
f 497/501/485 482/500/484 483/502/486
f 497/501/485 483/502/486 496/503/487
f 496/503/487 483/502/486 484/504/488
f 496/503/487 484/504/488 495/505/489
f 495/505/489 484/504/488 485/506/490
f 495/505/489 485/506/490 494/507/491
f 494/507/491 485/506/490 486/508/492
f 494/507/491 486/508/492 493/509/493
f 493/509/493 486/508/492 487/510/494
f 493/509/493 487/510/494 492/511/495
f 492/511/495 487/510/494 488/512/496
f 492/511/495 488/512/496 491/513/497
f 491/513/497 488/512/496 489/514/498
f 491/513/497 489/514/498 490/515/499
f 490/515/499 489/514/498 476/516/479
f 490/515/499 476/516/479 475/517/480
f 522/518/500 500/519/501 521/520/502
f 521/520/502 500/519/501 501/521/503
f 521/520/502 501/521/503 520/522/504
f 520/522/504 501/521/503 502/523/505
f 520/522/504 502/523/505 519/524/506
f 519/524/506 502/523/505 503/525/507
f 519/524/506 503/525/507 518/526/508
f 518/526/508 503/525/507 504/527/509
f 518/526/508 504/527/509 517/528/510
f 517/528/510 504/527/509 505/529/511
f 517/528/510 505/529/511 516/530/512
f 516/530/512 505/529/511 506/531/513
f 516/530/512 506/531/513 515/532/514
f 515/532/514 506/531/513 507/533/515
f 515/532/514 507/533/515 514/534/516
f 514/534/516 507/533/515 508/535/517
f 514/534/516 508/535/517 513/536/518
f 513/536/518 508/535/517 509/537/519
f 513/536/518 509/537/519 512/538/520
f 512/538/520 509/537/519 510/539/521
f 512/538/520 510/539/521 511/540/522
f 530/541/523 523/542/524 529/543/525
f 529/543/525 523/542/524 524/544/526
f 529/543/525 524/544/526 528/545/527
f 528/545/527 524/544/526 525/546/528
f 528/545/527 525/546/528 527/547/529
f 527/547/529 525/546/528 526/548/530
f 527/547/529 526/548/530 510/549/521
f 510/549/521 526/548/530 511/550/522
f 232/551/242 352/552/531 265/553/274
f 265/553/274 352/552/531 351/554/532
f 265/553/274 351/554/532 266/555/273
f 266/555/273 351/554/532 350/556/533
f 266/555/273 350/556/533 267/557/272
f 267/557/272 350/556/533 349/558/534
f 267/557/272 349/558/534 268/559/271
f 268/559/271 349/558/534 348/560/535
f 281/561/291 381/562/536 282/563/290
f 282/563/290 381/562/536 380/564/537
f 282/563/290 380/564/537 283/565/289
f 283/565/289 380/564/537 379/566/538
f 283/565/289 379/566/538 284/567/288
f 284/567/288 379/566/538 378/568/539
f 284/567/288 378/568/539 285/569/287
f 285/569/287 378/568/539 377/570/540
f 300/571/300 410/572/541 301/573/298
f 301/573/298 410/572/541 409/574/542
f 301/573/298 409/574/542 302/575/296
f 302/575/296 409/574/542 408/576/543
f 302/575/296 408/576/543 303/577/294
f 303/577/294 408/576/543 407/578/544
f 303/577/294 407/578/544 292/579/292
f 292/579/292 407/578/544 406/580/545
f 539/581/546 143/582/143 538/583/547
f 538/583/547 143/582/143 531/584/548
f 538/583/547 531/584/548 537/585/549
f 537/585/549 531/584/548 532/586/550
f 537/585/549 532/586/550 536/587/551
f 536/587/551 532/586/550 533/588/552
f 536/587/551 533/588/552 535/589/553
f 535/589/553 533/588/552 534/590/554
f 548/591/555 184/592/185 547/593/556
f 547/593/556 184/592/185 540/594/557
f 547/593/556 540/594/557 546/595/558
f 546/595/558 540/594/557 541/596/559
f 546/595/558 541/596/559 545/597/560
f 545/597/560 541/596/559 542/598/561
f 545/597/560 542/598/561 544/599/562
f 544/599/562 542/598/561 543/600/563
f 361/601/564 223/602/224 556/603/565
f 556/603/565 223/602/224 549/604/566
f 556/603/565 549/604/566 555/605/567
f 555/605/567 549/604/566 550/606/568
f 555/605/567 550/606/568 554/607/569
f 554/607/569 550/606/568 551/608/570
f 554/607/569 551/608/570 553/609/571
f 553/609/571 551/608/570 552/610/572
f 558/611/573 580/612/574 557/613/575
f 557/613/575 580/612/574 569/614/576
f 557/613/575 569/614/576 568/615/577
f 568/615/577 569/614/576 570/616/578
f 568/615/577 570/616/578 567/617/579
f 567/617/579 570/616/578 571/618/580
f 567/617/579 571/618/580 566/619/581
f 566/619/581 571/618/580 572/620/582
f 566/619/581 572/620/582 565/621/583
f 565/621/583 572/620/582 573/622/584
f 565/621/583 573/622/584 564/623/585
f 564/623/585 573/622/584 574/624/586
f 564/623/585 574/624/586 563/625/587
f 563/625/587 574/624/586 575/626/588
f 563/627/587 575/628/588 562/629/589
f 562/629/589 575/628/588 576/630/590
f 562/629/589 576/630/590 561/631/591
f 561/631/591 576/630/590 577/632/592
f 561/631/591 577/632/592 560/633/593
f 560/633/593 577/632/592 578/634/594
f 560/633/593 578/634/594 559/635/595
f 559/635/595 578/634/594 579/636/596
f 559/635/595 579/636/596 558/611/573
f 558/611/573 579/636/596 580/612/574
f 582/637/597 604/638/598 581/639/599
f 581/639/599 604/638/598 593/640/600
f 581/639/599 593/640/600 592/641/601
f 592/641/601 593/640/600 594/642/602
f 592/641/601 594/642/602 591/643/603
f 591/643/603 594/642/602 595/644/604
f 591/643/603 595/644/604 590/645/605
f 590/645/605 595/644/604 596/646/606
f 590/645/605 596/646/606 589/647/607
f 589/647/607 596/646/606 597/648/608
f 589/647/607 597/648/608 588/649/609
f 588/649/609 597/648/608 598/650/610
f 588/649/609 598/650/610 587/651/611
f 587/651/611 598/650/610 599/652/612
f 587/653/611 599/654/612 586/655/613
f 586/655/613 599/654/612 600/656/614
f 586/655/613 600/656/614 585/657/615
f 585/657/615 600/656/614 601/658/616
f 585/657/615 601/658/616 584/659/617
f 584/659/617 601/658/616 602/660/618
f 584/659/617 602/660/618 583/661/619
f 583/661/619 602/660/618 603/662/620
f 583/661/619 603/662/620 582/637/597
f 582/637/597 603/662/620 604/638/598
f 606/663/621 628/664/622 605/665/623
f 605/665/623 628/664/622 617/666/624
f 605/665/623 617/666/624 616/667/625
f 616/667/625 617/666/624 618/668/626
f 616/667/625 618/668/626 615/669/627
f 615/669/627 618/668/626 619/670/628
f 615/669/627 619/670/628 614/671/629
f 614/671/629 619/670/628 620/672/630
f 614/671/629 620/672/630 613/673/631
f 613/673/631 620/672/630 621/674/632
f 613/673/631 621/674/632 612/675/633
f 612/675/633 621/674/632 622/676/634
f 612/675/633 622/676/634 611/677/635
f 611/677/635 622/676/634 623/678/636
f 611/679/635 623/680/636 610/681/637
f 610/681/637 623/680/636 624/682/638
f 610/681/637 624/682/638 609/683/639
f 609/683/639 624/682/638 625/684/640
f 609/683/639 625/684/640 608/685/641
f 608/685/641 625/684/640 626/686/642
f 608/685/641 626/686/642 607/687/643
f 607/687/643 626/686/642 627/688/644
f 607/687/643 627/688/644 606/663/621
f 606/663/621 627/688/644 628/664/622
f 630/689/645 652/690/646 629/691/647
f 629/691/647 652/690/646 641/692/648
f 629/691/647 641/692/648 640/693/649
f 640/693/649 641/692/648 642/694/650
f 640/693/649 642/694/650 639/695/651
f 639/695/651 642/694/650 643/696/652
f 639/695/651 643/696/652 638/697/653
f 638/697/653 643/696/652 644/698/654
f 638/697/653 644/698/654 637/699/655
f 637/699/655 644/698/654 645/700/656
f 637/699/655 645/700/656 636/701/657
f 636/701/657 645/700/656 646/702/658
f 636/701/657 646/702/658 635/703/659
f 635/703/659 646/702/658 647/704/660
f 635/705/659 647/706/660 634/707/661
f 634/707/661 647/706/660 648/708/662
f 634/707/661 648/708/662 633/709/663
f 633/709/663 648/708/662 649/710/664
f 633/709/663 649/710/664 632/711/665
f 632/711/665 649/710/664 650/712/666
f 632/711/665 650/712/666 631/713/667
f 631/713/667 650/712/666 651/714/668
f 631/713/667 651/714/668 630/689/645
f 630/689/645 651/714/668 652/690/646
f 654/715/669 676/716/670 653/717/671
f 653/717/671 676/716/670 665/718/672
f 653/717/671 665/718/672 664/719/673
f 664/719/673 665/718/672 666/720/674
f 664/719/673 666/720/674 663/721/675
f 663/721/675 666/720/674 667/722/676
f 663/721/675 667/722/676 662/723/677
f 662/723/677 667/722/676 668/724/678
f 662/723/677 668/724/678 661/725/679
f 661/725/679 668/724/678 669/726/680
f 661/725/679 669/726/680 660/727/681
f 660/727/681 669/726/680 670/728/682
f 660/727/681 670/728/682 659/729/683
f 659/729/683 670/728/682 671/730/684
f 659/731/683 671/732/684 658/733/685
f 658/733/685 671/732/684 672/734/686
f 658/733/685 672/734/686 657/735/687
f 657/735/687 672/734/686 673/736/688
f 657/735/687 673/736/688 656/737/689
f 656/737/689 673/736/688 674/738/690
f 656/737/689 674/738/690 655/739/691
f 655/739/691 674/738/690 675/740/692
f 655/739/691 675/740/692 654/715/669
f 654/715/669 675/740/692 676/716/670
f 678/741/693 700/742/694 677/743/695
f 677/743/695 700/742/694 689/744/696
f 677/743/695 689/744/696 688/745/697
f 688/745/697 689/744/696 690/746/698
f 688/745/697 690/746/698 687/747/699
f 687/747/699 690/746/698 691/748/700
f 687/747/699 691/748/700 686/749/701
f 686/749/701 691/748/700 692/750/702
f 686/749/701 692/750/702 685/751/703
f 685/751/703 692/750/702 693/752/704
f 685/751/703 693/752/704 684/753/705
f 684/753/705 693/752/704 694/754/706
f 684/753/705 694/754/706 683/755/707
f 683/755/707 694/754/706 695/756/708
f 683/757/707 695/758/708 682/759/709
f 682/759/709 695/758/708 696/760/710
f 682/759/709 696/760/710 681/761/711
f 681/761/711 696/760/710 697/762/712
f 681/761/711 697/762/712 680/763/713
f 680/763/713 697/762/712 698/764/714
f 680/763/713 698/764/714 679/765/715
f 679/765/715 698/764/714 699/766/716
f 679/765/715 699/766/716 678/741/693
f 678/741/693 699/766/716 700/742/694
f 702/767/717 724/768/718 701/769/719
f 701/769/719 724/768/718 713/770/720
f 701/769/719 713/770/720 712/771/721
f 712/771/721 713/770/720 714/772/722
f 712/771/721 714/772/722 711/773/723
f 711/773/723 714/772/722 715/774/724
f 711/773/723 715/774/724 710/775/725
f 710/775/725 715/774/724 716/776/726
f 710/775/725 716/776/726 709/777/727
f 709/777/727 716/776/726 717/778/728
f 709/777/727 717/778/728 708/779/729
f 708/779/729 717/778/728 718/780/730
f 708/779/729 718/780/730 707/781/731
f 707/781/731 718/780/730 719/782/732
f 707/783/731 719/784/732 706/785/733
f 706/785/733 719/784/732 720/786/734
f 706/785/733 720/786/734 705/787/735
f 705/787/735 720/786/734 721/788/736
f 705/787/735 721/788/736 704/789/737
f 704/789/737 721/788/736 722/790/738
f 704/789/737 722/790/738 703/791/739
f 703/791/739 722/790/738 723/792/740
f 703/791/739 723/792/740 702/767/717
f 702/767/717 723/792/740 724/768/718
f 726/793/741 748/794/742 725/795/743
f 725/795/743 748/794/742 737/796/744
f 725/795/743 737/796/744 736/797/745
f 736/797/745 737/796/744 738/798/746
f 736/797/745 738/798/746 735/799/747
f 735/799/747 738/798/746 739/800/748
f 735/799/747 739/800/748 734/801/749
f 734/801/749 739/800/748 740/802/750
f 734/801/749 740/802/750 733/803/751
f 733/803/751 740/802/750 741/804/752
f 733/803/751 741/804/752 732/805/753
f 732/805/753 741/804/752 742/806/754
f 732/805/753 742/806/754 731/807/755
f 731/807/755 742/806/754 743/808/756
f 731/809/755 743/810/756 730/811/757
f 730/811/757 743/810/756 744/812/758
f 730/811/757 744/812/758 729/813/759
f 729/813/759 744/812/758 745/814/760
f 729/813/759 745/814/760 728/815/761
f 728/815/761 745/814/760 746/816/762
f 728/815/761 746/816/762 727/817/763
f 727/817/763 746/816/762 747/818/764
f 727/817/763 747/818/764 726/793/741
f 726/793/741 747/818/764 748/794/742
f 750/819/765 772/820/766 749/821/767
f 749/821/767 772/820/766 761/822/768
f 749/821/767 761/822/768 760/823/769
f 760/823/769 761/822/768 762/824/770
f 760/823/769 762/824/770 759/825/771
f 759/825/771 762/824/770 763/826/772
f 759/825/771 763/826/772 758/827/773
f 758/827/773 763/826/772 764/828/774
f 758/827/773 764/828/774 757/829/775
f 757/829/775 764/828/774 765/830/776
f 757/829/775 765/830/776 756/831/777
f 756/831/777 765/830/776 766/832/778
f 756/831/777 766/832/778 755/833/779
f 755/833/779 766/832/778 767/834/780
f 755/835/779 767/836/780 754/837/781
f 754/837/781 767/836/780 768/838/782
f 754/837/781 768/838/782 753/839/783
f 753/839/783 768/838/782 769/840/784
f 753/839/783 769/840/784 752/841/785
f 752/841/785 769/840/784 770/842/786
f 752/841/785 770/842/786 751/843/787
f 751/843/787 770/842/786 771/844/788
f 751/843/787 771/844/788 750/819/765
f 750/819/765 771/844/788 772/820/766
f 774/845/789 796/846/790 773/847/791
f 773/847/791 796/846/790 785/848/792
f 773/847/791 785/848/792 784/849/793
f 784/849/793 785/848/792 786/850/794
f 784/849/793 786/850/794 783/851/795
f 783/851/795 786/850/794 787/852/796
f 783/851/795 787/852/796 782/853/797
f 782/853/797 787/852/796 788/854/798
f 782/853/797 788/854/798 781/855/799
f 781/855/799 788/854/798 789/856/800
f 781/855/799 789/856/800 780/857/801
f 780/857/801 789/856/800 790/858/802
f 780/857/801 790/858/802 779/859/803
f 779/859/803 790/858/802 791/860/804
f 779/861/803 791/862/804 778/863/805
f 778/863/805 791/862/804 792/864/806
f 778/863/805 792/864/806 777/865/807
f 777/865/807 792/864/806 793/866/808
f 777/865/807 793/866/808 776/867/809
f 776/867/809 793/866/808 794/868/810
f 776/867/809 794/868/810 775/869/811
f 775/869/811 794/868/810 795/870/812
f 775/869/811 795/870/812 774/845/789
f 774/845/789 795/870/812 796/846/790
f 798/871/813 820/872/814 797/873/815
f 797/873/815 820/872/814 809/874/816
f 797/873/815 809/874/816 808/875/817
f 808/875/817 809/874/816 810/876/818
f 808/875/817 810/876/818 807/877/819
f 807/877/819 810/876/818 811/878/820
f 807/877/819 811/878/820 806/879/821
f 806/879/821 811/878/820 812/880/822
f 806/879/821 812/880/822 805/881/823
f 805/881/823 812/880/822 813/882/824
f 805/881/823 813/882/824 804/883/825
f 804/883/825 813/882/824 814/884/826
f 804/883/825 814/884/826 803/885/827
f 803/885/827 814/884/826 815/886/828
f 803/887/827 815/888/828 802/889/829
f 802/889/829 815/888/828 816/890/830
f 802/889/829 816/890/830 801/891/831
f 801/891/831 816/890/830 817/892/832
f 801/891/831 817/892/832 800/893/833
f 800/893/833 817/892/832 818/894/834
f 800/893/833 818/894/834 799/895/835
f 799/895/835 818/894/834 819/896/836
f 799/895/835 819/896/836 798/871/813
f 798/871/813 819/896/836 820/872/814
f 822/897/837 844/898/838 821/899/839
f 821/899/839 844/898/838 833/900/840
f 821/899/839 833/900/840 832/901/841
f 832/901/841 833/900/840 834/902/842
f 832/901/841 834/902/842 831/903/843
f 831/903/843 834/902/842 835/904/844
f 831/903/843 835/904/844 830/905/845
f 830/905/845 835/904/844 836/906/846
f 830/905/845 836/906/846 829/907/847
f 829/907/847 836/906/846 837/908/848
f 829/907/847 837/908/848 828/909/849
f 828/909/849 837/908/848 838/910/850
f 828/909/849 838/910/850 827/911/851
f 827/911/851 838/910/850 839/912/852
f 827/913/851 839/914/852 826/915/853
f 826/915/853 839/914/852 840/916/854
f 826/915/853 840/916/854 825/917/855
f 825/917/855 840/916/854 841/918/856
f 825/917/855 841/918/856 824/919/857
f 824/919/857 841/918/856 842/920/858
f 824/919/857 842/920/858 823/921/859
f 823/921/859 842/920/858 843/922/860
f 823/921/859 843/922/860 822/897/837
f 822/897/837 843/922/860 844/898/838
f 846/923/861 868/924/862 845/925/863
f 845/925/863 868/924/862 857/926/864
f 845/925/863 857/926/864 856/927/865
f 856/927/865 857/926/864 858/928/866
f 856/927/865 858/928/866 855/929/867
f 855/929/867 858/928/866 859/930/868
f 855/929/867 859/930/868 854/931/869
f 854/931/869 859/930/868 860/932/870
f 854/931/869 860/932/870 853/933/871
f 853/933/871 860/932/870 861/934/872
f 853/933/871 861/934/872 852/935/873
f 852/935/873 861/934/872 862/936/874
f 852/935/873 862/936/874 851/937/875
f 851/937/875 862/936/874 863/938/876
f 851/939/875 863/940/876 850/941/877
f 850/941/877 863/940/876 864/942/878
f 850/941/877 864/942/878 849/943/879
f 849/943/879 864/942/878 865/944/880
f 849/943/879 865/944/880 848/945/881
f 848/945/881 865/944/880 866/946/882
f 848/945/881 866/946/882 847/947/883
f 847/947/883 866/946/882 867/948/884
f 847/947/883 867/948/884 846/923/861
f 846/923/861 867/948/884 868/924/862
f 870/949/885 892/950/886 869/951/887
f 869/951/887 892/950/886 881/952/888
f 869/951/887 881/952/888 880/953/889
f 880/953/889 881/952/888 882/954/890
f 880/953/889 882/954/890 879/955/891
f 879/955/891 882/954/890 883/956/892
f 879/955/891 883/956/892 878/957/893
f 878/957/893 883/956/892 884/958/894
f 878/957/893 884/958/894 877/959/895
f 877/959/895 884/958/894 885/960/896
f 877/959/895 885/960/896 876/961/897
f 876/961/897 885/960/896 886/962/898
f 876/961/897 886/962/898 875/963/899
f 875/963/899 886/962/898 887/964/900
f 875/965/899 887/966/900 874/967/901
f 874/967/901 887/966/900 888/968/902
f 874/967/901 888/968/902 873/969/903
f 873/969/903 888/968/902 889/970/904
f 873/969/903 889/970/904 872/971/905
f 872/971/905 889/970/904 890/972/906
f 872/971/905 890/972/906 871/973/907
f 871/973/907 890/972/906 891/974/908
f 871/973/907 891/974/908 870/949/885
f 870/949/885 891/974/908 892/950/886
f 894/975/909 916/976/910 893/977/911
f 893/977/911 916/976/910 905/978/912
f 893/977/911 905/978/912 904/979/913
f 904/979/913 905/978/912 906/980/914
f 904/979/913 906/980/914 903/981/915
f 903/981/915 906/980/914 907/982/916
f 903/981/915 907/982/916 902/983/917
f 902/983/917 907/982/916 908/984/918
f 902/983/917 908/984/918 901/985/919
f 901/985/919 908/984/918 909/986/920
f 901/985/919 909/986/920 900/987/921
f 900/987/921 909/986/920 910/988/922
f 900/987/921 910/988/922 899/989/923
f 899/989/923 910/988/922 911/990/924
f 899/991/923 911/992/924 898/993/925
f 898/993/925 911/992/924 912/994/926
f 898/993/925 912/994/926 897/995/927
f 897/995/927 912/994/926 913/996/928
f 897/995/927 913/996/928 896/997/929
f 896/997/929 913/996/928 914/998/930
f 896/997/929 914/998/930 895/999/931
f 895/999/931 914/998/930 915/1000/932
f 895/999/931 915/1000/932 894/975/909
f 894/975/909 915/1000/932 916/976/910
f 918/1001/933 940/1002/934 917/1003/935
f 917/1003/935 940/1002/934 929/1004/936
f 917/1003/935 929/1004/936 928/1005/937
f 928/1005/937 929/1004/936 930/1006/938
f 928/1005/937 930/1006/938 927/1007/939
f 927/1007/939 930/1006/938 931/1008/940
f 927/1007/939 931/1008/940 926/1009/941
f 926/1009/941 931/1008/940 932/1010/942
f 926/1009/941 932/1010/942 925/1011/943
f 925/1011/943 932/1010/942 933/1012/944
f 925/1011/943 933/1012/944 924/1013/945
f 924/1013/945 933/1012/944 934/1014/946
f 924/1013/945 934/1014/946 923/1015/947
f 923/1015/947 934/1014/946 935/1016/948
f 923/1017/947 935/1018/948 922/1019/949
f 922/1019/949 935/1018/948 936/1020/950
f 922/1019/949 936/1020/950 921/1021/951
f 921/1021/951 936/1020/950 937/1022/952
f 921/1021/951 937/1022/952 920/1023/953
f 920/1023/953 937/1022/952 938/1024/954
f 920/1023/953 938/1024/954 919/1025/955
f 919/1025/955 938/1024/954 939/1026/956
f 919/1025/955 939/1026/956 918/1001/933
f 918/1001/933 939/1026/956 940/1002/934
f 942/1027/957 964/1028/958 941/1029/959
f 941/1029/959 964/1028/958 953/1030/960
f 941/1029/959 953/1030/960 952/1031/961
f 952/1031/961 953/1030/960 954/1032/962
f 952/1031/961 954/1032/962 951/1033/963
f 951/1033/963 954/1032/962 955/1034/964
f 951/1033/963 955/1034/964 950/1035/965
f 950/1035/965 955/1034/964 956/1036/966
f 950/1035/965 956/1036/966 949/1037/967
f 949/1037/967 956/1036/966 957/1038/968
f 949/1037/967 957/1038/968 948/1039/969
f 948/1039/969 957/1038/968 958/1040/970
f 948/1039/969 958/1040/970 947/1041/971
f 947/1041/971 958/1040/970 959/1042/972
f 947/1043/971 959/1044/972 946/1045/973
f 946/1045/973 959/1044/972 960/1046/974
f 946/1045/973 960/1046/974 945/1047/975
f 945/1047/975 960/1046/974 961/1048/976
f 945/1047/975 961/1048/976 944/1049/977
f 944/1049/977 961/1048/976 962/1050/978
f 944/1049/977 962/1050/978 943/1051/979
f 943/1051/979 962/1050/978 963/1052/980
f 943/1051/979 963/1052/980 942/1027/957
f 942/1027/957 963/1052/980 964/1028/958
f 966/1053/981 988/1054/982 965/1055/983
f 965/1055/983 988/1054/982 977/1056/984
f 965/1055/983 977/1056/984 976/1057/985
f 976/1057/985 977/1056/984 978/1058/986
f 976/1057/985 978/1058/986 975/1059/987
f 975/1059/987 978/1058/986 979/1060/988
f 975/1059/987 979/1060/988 974/1061/989
f 974/1061/989 979/1060/988 980/1062/990
f 974/1061/989 980/1062/990 973/1063/991
f 973/1063/991 980/1062/990 981/1064/992
f 973/1063/991 981/1064/992 972/1065/993
f 972/1065/993 981/1064/992 982/1066/994
f 972/1065/993 982/1066/994 971/1067/995
f 971/1067/995 982/1066/994 983/1068/996
f 971/1069/995 983/1070/996 970/1071/997
f 970/1071/997 983/1070/996 984/1072/998
f 970/1071/997 984/1072/998 969/1073/999
f 969/1073/999 984/1072/998 985/1074/1000
f 969/1073/999 985/1074/1000 968/1075/1001
f 968/1075/1001 985/1074/1000 986/1076/1002
f 968/1075/1001 986/1076/1002 967/1077/1003
f 967/1077/1003 986/1076/1002 987/1078/1004
f 967/1077/1003 987/1078/1004 966/1053/981
f 966/1053/981 987/1078/1004 988/1054/982
f 568/1079/1005 588/1080/1006 557/1081/1007
f 557/1081/1007 588/1080/1006 587/1082/1008
f 557/1083/1007 587/1084/1008 558/1085/1009
f 558/1085/1009 587/1084/1008 586/1086/1010
f 558/1085/1009 586/1086/1010 559/1087/1011
f 559/1087/1011 586/1086/1010 585/1088/1012
f 559/1087/1011 585/1088/1012 560/1089/1013
f 560/1089/1013 585/1088/1012 584/1090/1014
f 560/1089/1013 584/1090/1014 561/1091/1015
f 561/1091/1015 584/1090/1014 583/1092/1016
f 561/1091/1015 583/1092/1016 562/1093/1017
f 562/1093/1017 583/1092/1016 582/1094/1018
f 562/1093/1017 582/1094/1018 563/1095/1019
f 563/1095/1019 582/1094/1018 581/1096/1020
f 563/1095/1019 581/1096/1020 564/1097/1021
f 564/1097/1021 581/1096/1020 592/1098/1022
f 564/1097/1021 592/1098/1022 565/1099/1023
f 565/1099/1023 592/1098/1022 591/1100/1024
f 565/1099/1023 591/1100/1024 566/1101/1025
f 566/1101/1025 591/1100/1024 590/1102/1026
f 566/1101/1025 590/1102/1026 567/1103/1027
f 567/1103/1027 590/1102/1026 589/1104/1028
f 567/1103/1027 589/1104/1028 568/1079/1005
f 568/1079/1005 589/1104/1028 588/1080/1006
f 381/1105/536 281/1106/291 382/1107/1029
f 382/1107/1029 281/1106/291 989/1108/1030
f 382/1107/1029 989/1108/1030 383/1109/1031
f 383/1109/1031 989/1108/1030 990/1110/1032
f 383/1109/1031 990/1110/1032 384/1111/1033
f 384/1111/1033 990/1110/1032 991/1112/1034
f 384/1111/1033 991/1112/1034 385/1113/1035
f 385/1113/1035 991/1112/1034 992/1114/1036
f 385/1113/1035 992/1114/1036 386/1115/1037
f 386/1115/1037 992/1114/1036 993/1116/1038
f 386/1115/1037 993/1116/1038 387/1117/1039
f 387/1117/1039 993/1116/1038 994/1118/1040
f 387/1117/1039 994/1118/1040 388/1119/1041
f 388/1119/1041 994/1118/1040 995/1120/1042
f 388/1119/1041 995/1120/1042 389/1121/1043
f 389/1121/1043 995/1120/1042 996/1122/1044
f 389/1121/1043 996/1122/1044 390/1123/1045
f 390/1123/1045 996/1122/1044 997/1124/1046
f 616/1125/1047 636/1126/1048 605/1127/1049
f 605/1127/1049 636/1126/1048 635/1128/1050
f 605/1129/1049 635/1130/1050 606/1131/1051
f 606/1131/1051 635/1130/1050 634/1132/1052
f 606/1131/1051 634/1132/1052 607/1133/1053
f 607/1133/1053 634/1132/1052 633/1134/1054
f 607/1133/1053 633/1134/1054 608/1135/1055
f 608/1135/1055 633/1134/1054 632/1136/1056
f 608/1135/1055 632/1136/1056 609/1137/1057
f 609/1137/1057 632/1136/1056 631/1138/1058
f 609/1137/1057 631/1138/1058 610/1139/1059
f 610/1139/1059 631/1138/1058 630/1140/1060
f 610/1139/1059 630/1140/1060 611/1141/1061
f 611/1141/1061 630/1140/1060 629/1142/1062
f 611/1141/1061 629/1142/1062 612/1143/1063
f 612/1143/1063 629/1142/1062 640/1144/1064
f 612/1143/1063 640/1144/1064 613/1145/1065
f 613/1145/1065 640/1144/1064 639/1146/1066
f 613/1145/1065 639/1146/1066 614/1147/1067
f 614/1147/1067 639/1146/1066 638/1148/1068
f 614/1147/1067 638/1148/1068 615/1149/1069
f 615/1149/1069 638/1148/1068 637/1150/1070
f 615/1149/1069 637/1150/1070 616/1125/1047
f 616/1125/1047 637/1150/1070 636/1126/1048
f 410/1151/541 300/1152/300 411/1153/1071
f 411/1153/1071 300/1152/300 998/1154/1072
f 411/1153/1071 998/1154/1072 999/1155/1073
f 411/1153/1071 999/1155/1073 412/1156/1074
f 412/1156/1074 999/1155/1073 1000/1157/1075
f 412/1156/1074 1000/1157/1075 413/1158/1076
f 413/1158/1076 1000/1157/1075 1001/1159/1077
f 413/1158/1076 1001/1159/1077 414/1160/1078
f 414/1160/1078 1001/1159/1077 1002/1161/1079
f 414/1160/1078 1002/1161/1079 415/1162/1080
f 415/1162/1080 1002/1161/1079 1003/1163/1081
f 415/1162/1080 1003/1163/1081 416/1164/1082
f 416/1164/1082 1003/1163/1081 1004/1165/1083
f 416/1164/1082 1004/1165/1083 417/1166/1084
f 417/1166/1084 1004/1165/1083 1005/1167/1085
f 417/1166/1084 1005/1167/1085 418/1168/1086
f 418/1168/1086 1005/1167/1085 1006/1169/1087
f 418/1168/1086 1006/1169/1087 419/1170/1088
f 419/1170/1088 1006/1169/1087 420/1171/1089
f 420/1171/1089 1006/1169/1087 1007/1172/1090
f 664/1173/1091 684/1174/1092 653/1175/1093
f 653/1175/1093 684/1174/1092 683/1176/1094
f 653/1177/1093 683/1178/1094 654/1179/1095
f 654/1179/1095 683/1178/1094 682/1180/1096
f 654/1179/1095 682/1180/1096 655/1181/1097
f 655/1181/1097 682/1180/1096 681/1182/1098
f 655/1181/1097 681/1182/1098 656/1183/1099
f 656/1183/1099 681/1182/1098 680/1184/1100
f 656/1183/1099 680/1184/1100 657/1185/1101
f 657/1185/1101 680/1184/1100 679/1186/1102
f 657/1185/1101 679/1186/1102 658/1187/1103
f 658/1187/1103 679/1186/1102 678/1188/1104
f 658/1187/1103 678/1188/1104 659/1189/1105
f 659/1189/1105 678/1188/1104 677/1190/1106
f 659/1189/1105 677/1190/1106 660/1191/1107
f 660/1191/1107 677/1190/1106 688/1192/1108
f 660/1191/1107 688/1192/1108 661/1193/1109
f 661/1193/1109 688/1192/1108 687/1194/1110
f 661/1193/1109 687/1194/1110 662/1195/1111
f 662/1195/1111 687/1194/1110 686/1196/1112
f 662/1195/1111 686/1196/1112 663/1197/1113
f 663/1197/1113 686/1196/1112 685/1198/1114
f 663/1197/1113 685/1198/1114 664/1173/1091
f 664/1173/1091 685/1198/1114 684/1174/1092
f 500/1199/1115 1008/1200/1116 501/1201/1117
f 501/1201/1117 1008/1200/1116 1009/1202/1118
f 501/1201/1117 1009/1202/1118 1010/1203/1119
f 501/1201/1117 1010/1203/1119 502/1204/1120
f 502/1204/1120 1010/1203/1119 1011/1205/1121
f 502/1204/1120 1011/1205/1121 503/1206/1122
f 503/1206/1122 1011/1205/1121 1012/1207/1123
f 503/1206/1122 1012/1207/1123 504/1208/1124
f 504/1208/1124 1012/1207/1123 1013/1209/1125
f 504/1208/1124 1013/1209/1125 505/1210/1126
f 505/1210/1126 1013/1209/1125 1014/1211/1127
f 505/1210/1126 1014/1211/1127 506/1212/1128
f 506/1212/1128 1014/1211/1127 1015/1213/1129
f 506/1212/1128 1015/1213/1129 507/1214/1130
f 507/1214/1130 1015/1213/1129 1016/1215/1131
f 507/1214/1130 1016/1215/1131 508/1216/1132
f 508/1216/1132 1016/1215/1131 1017/1217/1133
f 508/1216/1132 1017/1217/1133 509/1218/1134
f 509/1218/1134 1017/1217/1133 510/1219/1135
f 510/1219/1135 1017/1217/1133 315/1220/321
f 712/1221/1136 732/1222/1137 701/1223/1138
f 701/1223/1138 732/1222/1137 731/1224/1139
f 701/1225/1138 731/1226/1139 702/1227/1140
f 702/1227/1140 731/1226/1139 730/1228/1141
f 702/1227/1140 730/1228/1141 703/1229/1142
f 703/1229/1142 730/1228/1141 729/1230/1143
f 703/1229/1142 729/1230/1143 704/1231/1144
f 704/1231/1144 729/1230/1143 728/1232/1145
f 704/1231/1144 728/1232/1145 705/1233/1146
f 705/1233/1146 728/1232/1145 727/1234/1147
f 705/1233/1146 727/1234/1147 706/1235/1148
f 706/1235/1148 727/1234/1147 726/1236/1149
f 706/1235/1148 726/1236/1149 707/1237/1150
f 707/1237/1150 726/1236/1149 725/1238/1151
f 707/1237/1150 725/1238/1151 708/1239/1152
f 708/1239/1152 725/1238/1151 736/1240/1153
f 708/1239/1152 736/1240/1153 709/1241/1154
f 709/1241/1154 736/1240/1153 735/1242/1155
f 709/1241/1154 735/1242/1155 710/1243/1156
f 710/1243/1156 735/1242/1155 734/1244/1157
f 710/1243/1156 734/1244/1157 711/1245/1158
f 711/1245/1158 734/1244/1157 733/1246/1159
f 711/1245/1158 733/1246/1159 712/1221/1136
f 712/1221/1136 733/1246/1159 732/1222/1137
f 481/1247/1160 1018/1248/1161 482/1249/1162
f 482/1249/1162 1018/1248/1161 1019/1250/1163
f 482/1249/1162 1019/1250/1163 483/1251/1164
f 483/1251/1164 1019/1250/1163 1020/1252/1165
f 483/1251/1164 1020/1252/1165 484/1253/1166
f 484/1253/1166 1020/1252/1165 1021/1254/1167
f 484/1253/1166 1021/1254/1167 485/1255/1168
f 485/1255/1168 1021/1254/1167 1022/1256/1169
f 485/1255/1168 1022/1256/1169 486/1257/1170
f 486/1257/1170 1022/1256/1169 1023/1258/1171
f 486/1257/1170 1023/1258/1171 487/1259/1172
f 487/1259/1172 1023/1258/1171 1024/1260/1173
f 487/1259/1172 1024/1260/1173 488/1261/1174
f 488/1261/1174 1024/1260/1173 1025/1262/1175
f 488/1261/1174 1025/1262/1175 489/1263/1176
f 489/1263/1176 1025/1262/1175 1026/1264/1177
f 489/1263/1176 1026/1264/1177 476/1265/1178
f 476/1265/1178 1026/1264/1177 335/1266/342
f 760/1267/1179 780/1268/1180 749/1269/1181
f 749/1269/1181 780/1268/1180 779/1270/1182
f 749/1271/1181 779/1272/1182 750/1273/1183
f 750/1273/1183 779/1272/1182 778/1274/1184
f 750/1273/1183 778/1274/1184 751/1275/1185
f 751/1275/1185 778/1274/1184 777/1276/1186
f 751/1275/1185 777/1276/1186 752/1277/1187
f 752/1277/1187 777/1276/1186 776/1278/1188
f 752/1277/1187 776/1278/1188 753/1279/1189
f 753/1279/1189 776/1278/1188 775/1280/1190
f 753/1279/1189 775/1280/1190 754/1281/1191
f 754/1281/1191 775/1280/1190 774/1282/1192
f 754/1281/1191 774/1282/1192 755/1283/1193
f 755/1283/1193 774/1282/1192 773/1284/1194
f 755/1283/1193 773/1284/1194 756/1285/1195
f 756/1285/1195 773/1284/1194 784/1286/1196
f 756/1285/1195 784/1286/1196 757/1287/1197
f 757/1287/1197 784/1286/1196 783/1288/1198
f 757/1287/1197 783/1288/1198 758/1289/1199
f 758/1289/1199 783/1288/1198 782/1290/1200
f 758/1289/1199 782/1290/1200 759/1291/1201
f 759/1291/1201 782/1290/1200 781/1292/1202
f 759/1291/1201 781/1292/1202 760/1267/1179
f 760/1267/1179 781/1292/1202 780/1268/1180
f 442/1293/1203 20/1294/30 443/1295/1204
f 443/1295/1204 20/1294/30 19/1296/28
f 443/1295/1204 19/1296/28 444/1297/1205
f 444/1297/1205 19/1296/28 18/1298/26
f 444/1297/1205 18/1298/26 445/1299/1206
f 445/1299/1206 18/1298/26 17/1300/24
f 445/1299/1206 17/1300/24 446/1301/1207
f 446/1301/1207 17/1300/24 16/1302/22
f 446/1301/1207 16/1302/22 447/1303/1208
f 447/1303/1208 16/1302/22 15/1304/20
f 447/1303/1208 15/1304/20 448/1305/1209
f 448/1305/1209 15/1304/20 14/1306/18
f 448/1305/1209 14/1306/18 449/1307/1210
f 449/1307/1210 14/1306/18 13/1308/16
f 449/1307/1210 13/1308/16 450/1309/1211
f 450/1309/1211 13/1308/16 12/1310/14
f 450/1309/1211 12/1310/14 437/1311/1212
f 437/1311/1212 12/1310/14 11/1312/12
f 808/1313/1213 828/1314/1214 797/1315/1215
f 797/1315/1215 828/1314/1214 827/1316/1216
f 797/1317/1215 827/1318/1216 798/1319/1217
f 798/1319/1217 827/1318/1216 826/1320/1218
f 798/1319/1217 826/1320/1218 799/1321/1219
f 799/1321/1219 826/1320/1218 825/1322/1220
f 799/1321/1219 825/1322/1220 800/1323/1221
f 800/1323/1221 825/1322/1220 824/1324/1222
f 800/1323/1221 824/1324/1222 801/1325/1223
f 801/1325/1223 824/1324/1222 823/1326/1224
f 801/1325/1223 823/1326/1224 802/1327/1225
f 802/1327/1225 823/1326/1224 822/1328/1226
f 802/1327/1225 822/1328/1226 803/1329/1227
f 803/1329/1227 822/1328/1226 821/1330/1228
f 803/1329/1227 821/1330/1228 804/1331/1229
f 804/1331/1229 821/1330/1228 832/1332/1230
f 804/1331/1229 832/1332/1230 805/1333/1231
f 805/1333/1231 832/1332/1230 831/1334/1232
f 805/1333/1231 831/1334/1232 806/1335/1233
f 806/1335/1233 831/1334/1232 830/1336/1234
f 806/1335/1233 830/1336/1234 807/1337/1235
f 807/1337/1235 830/1336/1234 829/1338/1236
f 807/1337/1235 829/1338/1236 808/1313/1213
f 808/1313/1213 829/1338/1236 828/1314/1214
f 856/1339/1237 876/1340/1238 845/1341/1239
f 845/1341/1239 876/1340/1238 875/1342/1240
f 845/1343/1239 875/1344/1240 846/1345/1241
f 846/1345/1241 875/1344/1240 874/1346/1242
f 846/1345/1241 874/1346/1242 847/1347/1243
f 847/1347/1243 874/1346/1242 873/1348/1244
f 847/1347/1243 873/1348/1244 848/1349/1245
f 848/1349/1245 873/1348/1244 872/1350/1246
f 848/1349/1245 872/1350/1246 849/1351/1247
f 849/1351/1247 872/1350/1246 871/1352/1248
f 849/1351/1247 871/1352/1248 850/1353/1249
f 850/1353/1249 871/1352/1248 870/1354/1250
f 850/1353/1249 870/1354/1250 851/1355/1251
f 851/1355/1251 870/1354/1250 869/1356/1252
f 851/1355/1251 869/1356/1252 852/1357/1253
f 852/1357/1253 869/1356/1252 880/1358/1254
f 852/1357/1253 880/1358/1254 853/1359/1255
f 853/1359/1255 880/1358/1254 879/1360/1256
f 853/1359/1255 879/1360/1256 854/1361/1257
f 854/1361/1257 879/1360/1256 878/1362/1258
f 854/1361/1257 878/1362/1258 855/1363/1259
f 855/1363/1259 878/1362/1258 877/1364/1260
f 855/1363/1259 877/1364/1260 856/1339/1237
f 856/1339/1237 877/1364/1260 876/1340/1238
f 904/1365/1261 924/1366/1262 893/1367/1263
f 893/1367/1263 924/1366/1262 923/1368/1264
f 893/1369/1263 923/1370/1264 894/1371/1265
f 894/1371/1265 923/1370/1264 922/1372/1266
f 894/1371/1265 922/1372/1266 895/1373/1267
f 895/1373/1267 922/1372/1266 921/1374/1268
f 895/1373/1267 921/1374/1268 896/1375/1269
f 896/1375/1269 921/1374/1268 920/1376/1270
f 896/1375/1269 920/1376/1270 897/1377/1271
f 897/1377/1271 920/1376/1270 919/1378/1272
f 897/1377/1271 919/1378/1272 898/1379/1273
f 898/1379/1273 919/1378/1272 918/1380/1274
f 898/1379/1273 918/1380/1274 899/1381/1275
f 899/1381/1275 918/1380/1274 917/1382/1276
f 899/1381/1275 917/1382/1276 900/1383/1277
f 900/1383/1277 917/1382/1276 928/1384/1278
f 900/1383/1277 928/1384/1278 901/1385/1279
f 901/1385/1279 928/1384/1278 927/1386/1280
f 901/1385/1279 927/1386/1280 902/1387/1281
f 902/1387/1281 927/1386/1280 926/1388/1282
f 902/1387/1281 926/1388/1282 903/1389/1283
f 903/1389/1283 926/1388/1282 925/1390/1284
f 903/1389/1283 925/1390/1284 904/1365/1261
f 904/1365/1261 925/1390/1284 924/1366/1262
f 952/1391/1285 972/1392/1286 941/1393/1287
f 941/1393/1287 972/1392/1286 971/1394/1288
f 941/1395/1287 971/1396/1288 942/1397/1289
f 942/1397/1289 971/1396/1288 970/1398/1290
f 942/1397/1289 970/1398/1290 943/1399/1291
f 943/1399/1291 970/1398/1290 969/1400/1292
f 943/1399/1291 969/1400/1292 944/1401/1293
f 944/1401/1293 969/1400/1292 968/1402/1294
f 944/1401/1293 968/1402/1294 945/1403/1295
f 945/1403/1295 968/1402/1294 967/1404/1296
f 945/1403/1295 967/1404/1296 946/1405/1297
f 946/1405/1297 967/1404/1296 966/1406/1298
f 946/1405/1297 966/1406/1298 947/1407/1299
f 947/1407/1299 966/1406/1298 965/1408/1300
f 947/1407/1299 965/1408/1300 948/1409/1301
f 948/1409/1301 965/1408/1300 976/1410/1302
f 948/1409/1301 976/1410/1302 949/1411/1303
f 949/1411/1303 976/1410/1302 975/1412/1304
f 949/1411/1303 975/1412/1304 950/1413/1305
f 950/1413/1305 975/1412/1304 974/1414/1306
f 950/1413/1305 974/1414/1306 951/1415/1307
f 951/1415/1307 974/1414/1306 973/1416/1308
f 951/1415/1307 973/1416/1308 952/1391/1285
f 952/1391/1285 973/1416/1308 972/1392/1286
f 1028/1417/1309 1050/1418/1310 1027/1419/1311
f 1027/1419/1311 1050/1418/1310 1039/1420/1312
f 1027/1419/1311 1039/1420/1312 1038/1421/1313
f 1038/1421/1313 1039/1420/1312 1040/1422/1314
f 1038/1421/1313 1040/1422/1314 1037/1423/1315
f 1037/1423/1315 1040/1422/1314 1041/1424/1316
f 1037/1423/1315 1041/1424/1316 1036/1425/1317
f 1036/1425/1317 1041/1424/1316 1042/1426/1318
f 1036/1425/1317 1042/1426/1318 1035/1427/1319
f 1035/1427/1319 1042/1426/1318 1043/1428/1320
f 1035/1427/1319 1043/1428/1320 1034/1429/1321
f 1034/1429/1321 1043/1428/1320 1044/1430/1322
f 1034/1429/1321 1044/1430/1322 1033/1431/1323
f 1033/1431/1323 1044/1430/1322 1045/1432/1324
f 1033/1433/1323 1045/1434/1324 1032/1435/1325
f 1032/1435/1325 1045/1434/1324 1046/1436/1326
f 1032/1435/1325 1046/1436/1326 1031/1437/1327
f 1031/1437/1327 1046/1436/1326 1047/1438/1328
f 1031/1437/1327 1047/1438/1328 1030/1439/1329
f 1030/1439/1329 1047/1438/1328 1048/1440/1330
f 1030/1439/1329 1048/1440/1330 1029/1441/1331
f 1029/1441/1331 1048/1440/1330 1049/1442/1332
f 1029/1441/1331 1049/1442/1332 1028/1417/1309
f 1028/1417/1309 1049/1442/1332 1050/1418/1310
f 1052/1443/1333 1074/1444/1334 1051/1445/1335
f 1051/1445/1335 1074/1444/1334 1063/1446/1336
f 1051/1445/1335 1063/1446/1336 1062/1447/1337
f 1062/1447/1337 1063/1446/1336 1064/1448/1338
f 1062/1447/1337 1064/1448/1338 1061/1449/1339
f 1061/1449/1339 1064/1448/1338 1065/1450/1340
f 1061/1449/1339 1065/1450/1340 1060/1451/1341
f 1060/1451/1341 1065/1450/1340 1066/1452/1342
f 1060/1451/1341 1066/1452/1342 1059/1453/1343
f 1059/1453/1343 1066/1452/1342 1067/1454/1344
f 1059/1453/1343 1067/1454/1344 1058/1455/1345
f 1058/1455/1345 1067/1454/1344 1068/1456/1346
f 1058/1455/1345 1068/1456/1346 1057/1457/1347
f 1057/1457/1347 1068/1456/1346 1069/1458/1348
f 1057/1459/1347 1069/1460/1348 1056/1461/1349
f 1056/1461/1349 1069/1460/1348 1070/1462/1350
f 1056/1461/1349 1070/1462/1350 1055/1463/1351
f 1055/1463/1351 1070/1462/1350 1071/1464/1352
f 1055/1463/1351 1071/1464/1352 1054/1465/1353
f 1054/1465/1353 1071/1464/1352 1072/1466/1354
f 1054/1465/1353 1072/1466/1354 1053/1467/1355
f 1053/1467/1355 1072/1466/1354 1073/1468/1356
f 1053/1467/1355 1073/1468/1356 1052/1443/1333
f 1052/1443/1333 1073/1468/1356 1074/1444/1334
f 1038/1469/1357 1058/1470/1358 1027/1471/1359
f 1027/1471/1359 1058/1470/1358 1057/1472/1360
f 1027/1473/1359 1057/1474/1360 1028/1475/1361
f 1028/1475/1361 1057/1474/1360 1056/1476/1362
f 1028/1475/1361 1056/1476/1362 1029/1477/1363
f 1029/1477/1363 1056/1476/1362 1055/1478/1364
f 1029/1477/1363 1055/1478/1364 1030/1479/1365
f 1030/1479/1365 1055/1478/1364 1054/1480/1366
f 1030/1479/1365 1054/1480/1366 1031/1481/1367
f 1031/1481/1367 1054/1480/1366 1053/1482/1368
f 1031/1481/1367 1053/1482/1368 1032/1483/1369
f 1032/1483/1369 1053/1482/1368 1052/1484/1370
f 1032/1483/1369 1052/1484/1370 1033/1485/1371
f 1033/1485/1371 1052/1484/1370 1051/1486/1372
f 1033/1485/1371 1051/1486/1372 1034/1487/1373
f 1034/1487/1373 1051/1486/1372 1062/1488/1374
f 1034/1487/1373 1062/1488/1374 1035/1489/1375
f 1035/1489/1375 1062/1488/1374 1061/1490/1376
f 1035/1489/1375 1061/1490/1376 1036/1491/1377
f 1036/1491/1377 1061/1490/1376 1060/1492/1378
f 1036/1491/1377 1060/1492/1378 1037/1493/1379
f 1037/1493/1379 1060/1492/1378 1059/1494/1380
f 1037/1493/1379 1059/1494/1380 1038/1469/1357
f 1038/1469/1357 1059/1494/1380 1058/1470/1358
f 352/1495/531 232/1496/242 353/1497/1381
f 353/1497/1381 232/1496/242 231/1498/240
f 353/1497/1381 231/1498/240 354/1499/1382
f 354/1499/1382 231/1498/240 230/1500/238
f 354/1499/1382 230/1500/238 355/1501/1383
f 355/1501/1383 230/1500/238 229/1502/236
f 355/1501/1383 229/1502/236 356/1503/1384
f 356/1503/1384 229/1502/236 228/1504/234
f 356/1503/1384 228/1504/234 357/1505/1385
f 357/1505/1385 228/1504/234 227/1506/232
f 357/1505/1385 227/1506/232 358/1507/1386
f 358/1507/1386 227/1506/232 226/1508/230
f 358/1507/1386 226/1508/230 359/1509/1387
f 359/1509/1387 226/1508/230 225/1510/228
f 359/1509/1387 225/1510/228 360/1511/1388
f 360/1511/1388 225/1510/228 224/1512/226
f 360/1511/1388 224/1512/226 361/1513/564
f 361/1513/564 224/1512/226 223/1514/224
f 1079/1515/1389 10/1516/1390 1078/1517/1391
f 1078/1517/1391 10/1516/1390 9/1518/1392
f 1078/1517/1391 9/1518/1392 1077/1519/1393
f 1077/1519/1393 9/1518/1392 8/1520/1394
f 1077/1519/1393 8/1520/1394 1076/1521/1395
f 1076/1521/1395 8/1520/1394 7/1522/1396
f 1076/1521/1395 7/1522/1396 1075/1523/1397
f 1075/1523/1397 7/1522/1396 6/1524/1398
f 1081/1525/1399 1082/1526/1400 1080/1527/1401
f 1080/1527/1401 1082/1526/1400 1083/1528/1402
f 1080/1527/1401 1083/1528/1402 1084/1529/1403
f 1080/1527/1401 1084/1529/1403 1242/1530/1404
f 1242/1530/1404 1084/1529/1403 1085/1531/1405
f 1242/1530/1404 1085/1531/1405 1241/1532/1406
f 1241/1532/1406 1085/1531/1405 1240/1533/1407
f 1240/1533/1407 1085/1531/1405 1086/1534/1408
f 1240/1533/1407 1086/1534/1408 1087/1535/1409
f 1088/1536/1410 1097/1537/1411 1087/1535/1409
f 1087/1535/1409 1097/1537/1411 1098/1538/1412
f 1087/1535/1409 1098/1538/1412 1239/1539/1413
f 1239/1539/1413 1098/1538/1412 1238/1540/1414
f 1238/1540/1414 1098/1538/1412 1099/1541/1415
f 1238/1540/1414 1099/1541/1415 396/1542/1416
f 396/1542/1416 1099/1541/1415 367/1543/1417
f 396/1542/1416 367/1543/1417 397/1544/1418
f 397/1544/1418 367/1543/1417 366/1545/1419
f 397/1544/1418 366/1545/1419 398/1546/1420
f 398/1546/1420 366/1545/1419 365/1547/1421
f 398/1546/1420 365/1547/1421 1120/1548/1422
f 1120/1548/1422 365/1547/1421 1119/1549/1423
f 1119/1549/1423 365/1547/1421 364/1550/1424
f 1119/1549/1423 364/1550/1424 1118/1551/1425
f 1118/1551/1425 364/1550/1424 363/1552/1426
f 1118/1551/1425 363/1552/1426 1117/1553/1427
f 1117/1553/1427 363/1552/1426 362/1554/1428
f 1117/1553/1427 362/1554/1428 1114/1555/1429
f 1097/1537/1411 1088/1536/1410 1096/1556/1430
f 1096/1556/1430 1088/1536/1410 1089/1557/1431
f 1096/1556/1430 1089/1557/1431 1095/1558/1432
f 1095/1558/1432 1089/1557/1431 1090/1559/1433
f 1095/1558/1432 1090/1559/1433 1094/1560/1434
f 1094/1560/1434 1090/1559/1433 1093/1561/1435
f 1093/1561/1435 1090/1559/1433 1092/1562/1436
f 1092/1562/1436 1090/1559/1433 1091/1563/1437
f 1099/1541/1415 1100/1564/1438 367/1543/1417
f 367/1543/1417 1100/1564/1438 368/1565/1439
f 368/1565/1439 1100/1564/1438 1101/1566/1440
f 368/1565/1439 1101/1566/1440 369/1567/1441
f 369/1567/1441 1101/1566/1440 1111/1568/1442
f 369/1567/1441 1111/1568/1442 1112/1569/1443
f 1111/1568/1442 1101/1566/1440 1110/1570/1444
f 1110/1570/1444 1101/1566/1440 1102/1571/1445
f 1110/1570/1444 1102/1571/1445 1109/1572/1446
f 1109/1572/1446 1102/1571/1445 1103/1573/1447
f 1109/1572/1446 1103/1573/1447 1108/1574/1448
f 1108/1574/1448 1103/1573/1447 1104/1575/1449
f 1108/1574/1448 1104/1575/1449 1105/1576/1450
f 1105/1576/1450 1106/1577/1451 1108/1574/1448
f 1108/1574/1448 1106/1577/1451 1107/1578/1452
f 369/1567/1441 1112/1569/1443 370/1579/1453
f 370/1579/1453 1112/1569/1443 1113/1580/1454
f 370/1579/1453 1113/1580/1454 371/1581/1455
f 371/1581/1455 1113/1580/1454 347/1582/1456
f 371/1581/1455 347/1582/1456 343/1583/1457
f 343/1583/1457 347/1582/1456 344/1584/1458
f 344/1584/1458 347/1582/1456 345/1585/1459
f 345/1585/1459 347/1582/1456 346/1586/1460
f 1114/1555/1429 1115/1587/1461 1117/1553/1427
f 1117/1553/1427 1115/1587/1461 1116/1588/1462
f 1120/1548/1422 1121/1589/1463 398/1546/1420
f 398/1546/1420 1121/1589/1463 399/1590/1464
f 399/1590/1464 1121/1589/1463 1122/1591/1465
f 399/1590/1464 1122/1591/1465 400/1592/1466
f 400/1592/1466 1122/1591/1465 376/1593/1467
f 400/1592/1466 376/1593/1467 372/1594/1468
f 372/1594/1468 376/1593/1467 373/1595/1469
f 373/1595/1469 376/1593/1467 374/1596/1470
f 374/1596/1470 376/1593/1467 375/1597/1471
f 1238/1540/1414 396/1542/1416 427/1598/1472
f 427/1598/1472 396/1542/1416 395/1599/1473
f 427/1598/1472 395/1599/1473 428/1600/1474
f 428/1600/1474 395/1599/1473 1129/1601/1475
f 428/1600/1474 1129/1601/1475 429/1602/1476
f 429/1602/1476 1129/1601/1475 1130/1603/1477
f 429/1602/1476 1130/1603/1477 1131/1604/1478
f 395/1599/1473 394/1605/1479 1129/1601/1475
f 1129/1601/1475 394/1605/1479 1128/1606/1480
f 1128/1606/1480 394/1605/1479 393/1607/1481
f 1128/1606/1480 393/1607/1481 1127/1608/1482
f 1127/1608/1482 393/1607/1481 392/1609/1483
f 1127/1608/1482 392/1609/1483 1126/1610/1484
f 1126/1610/1484 392/1609/1483 391/1611/1485
f 1126/1610/1484 391/1611/1485 1123/1612/1486
f 1123/1612/1486 1124/1613/1487 1126/1610/1484
f 1126/1610/1484 1124/1613/1487 1125/1614/1488
f 405/1615/1489 431/1616/1490 1131/1604/1478
f 1131/1604/1478 431/1616/1490 430/1617/1491
f 1131/1604/1478 430/1617/1491 429/1602/1476
f 431/1616/1490 405/1615/1489 401/1618/1492
f 401/1618/1492 405/1615/1489 404/1619/1493
f 401/1618/1492 404/1619/1493 403/1620/1494
f 403/1620/1494 402/1621/1495 401/1618/1492
f 426/1622/1496 516/1623/1497 427/1598/1472
f 427/1598/1472 516/1623/1497 1204/1624/1498
f 427/1598/1472 1204/1624/1498 1238/1540/1414
f 1238/1540/1414 1204/1624/1498 1205/1625/1499
f 1238/1540/1414 1205/1625/1499 1237/1626/1500
f 1237/1626/1500 1205/1625/1499 1236/1627/1501
f 1236/1627/1501 1205/1625/1499 1206/1628/1502
f 1236/1627/1501 1206/1628/1502 1235/1629/1503
f 1235/1629/1503 1206/1628/1502 1207/1630/1504
f 1235/1629/1503 1207/1630/1504 1221/1631/1505
f 1221/1631/1505 1207/1630/1504 1220/1632/1506
f 1220/1632/1506 1207/1630/1504 1208/1633/1507
f 1220/1632/1506 1208/1633/1507 1219/1634/1508
f 1219/1634/1508 1208/1633/1507 1209/1635/1509
f 1219/1634/1508 1209/1635/1509 1215/1636/1510
f 1215/1636/1510 1209/1635/1509 1214/1637/1511
f 1214/1637/1511 1209/1635/1509 1210/1638/1512
f 1214/1637/1511 1210/1638/1512 1213/1639/1513
f 1213/1639/1513 1210/1638/1512 1212/1640/1514
f 1212/1640/1514 1210/1638/1512 1211/1641/1515
f 516/1623/1497 426/1622/1496 517/1642/1516
f 517/1642/1516 426/1622/1496 425/1643/1517
f 517/1642/1516 425/1643/1517 518/1644/1518
f 518/1644/1518 425/1643/1517 424/1645/1519
f 518/1644/1518 424/1645/1519 519/1646/1520
f 519/1646/1520 424/1645/1519 463/1647/1521
f 519/1646/1520 463/1647/1521 462/1648/1522
f 463/1647/1521 424/1645/1519 464/1649/1523
f 464/1649/1523 424/1645/1519 423/1650/1524
f 464/1649/1523 423/1650/1524 465/1651/1525
f 465/1651/1525 423/1650/1524 422/1652/1526
f 465/1651/1525 422/1652/1526 1136/1653/1527
f 1136/1653/1527 422/1652/1526 1135/1654/1528
f 1135/1654/1528 422/1652/1526 421/1655/1529
f 1135/1654/1528 421/1655/1529 1134/1656/1530
f 1134/1656/1530 421/1655/1529 1133/1657/1531
f 1133/1657/1531 421/1655/1529 1132/1658/1532
f 1136/1653/1527 1137/1659/1533 465/1651/1525
f 465/1651/1525 1137/1659/1533 1139/1660/1534
f 1139/1660/1534 1137/1659/1533 1138/1661/1535
f 519/1646/1520 462/1648/1522 520/1662/1536
f 520/1662/1536 462/1648/1522 461/1663/1537
f 520/1662/1536 461/1663/1537 521/1664/1538
f 521/1664/1538 461/1663/1537 1143/1665/1539
f 521/1664/1538 1143/1665/1539 1144/1666/1540
f 1143/1665/1539 461/1663/1537 1142/1667/1541
f 1142/1667/1541 461/1663/1537 1140/1668/1542
f 1142/1667/1541 1140/1668/1542 1141/1669/1543
f 521/1664/1538 1144/1666/1540 522/1670/1544
f 522/1670/1544 1144/1666/1540 1145/1671/1545
f 522/1670/1544 1145/1671/1545 1146/1672/1546
f 1146/1672/1546 1147/1673/1547 522/1670/1544
f 515/1674/1548 495/1675/1549 516/1623/1497
f 516/1623/1497 495/1675/1549 494/1676/1550
f 516/1623/1497 494/1676/1550 1180/1677/1551
f 1180/1677/1551 494/1676/1550 455/1678/1552
f 1180/1677/1551 455/1678/1552 1179/1679/1553
f 1179/1679/1553 455/1678/1552 454/1680/1554
f 1179/1679/1553 454/1680/1554 1178/1681/1555
f 1178/1681/1555 454/1680/1554 453/1682/1556
f 1178/1681/1555 453/1682/1556 1168/1683/1557
f 1168/1683/1557 453/1682/1556 1167/1684/1558
f 1167/1684/1558 453/1682/1556 452/1685/1559
f 1167/1684/1558 452/1685/1559 1166/1686/1560
f 1166/1686/1560 452/1685/1559 451/1687/1561
f 1166/1686/1560 451/1687/1561 432/1688/1562
f 432/1688/1562 451/1687/1561 436/1689/1563
f 432/1688/1562 436/1689/1563 435/1690/1564
f 495/1675/1549 515/1674/1548 1150/1691/1565
f 1150/1691/1565 515/1674/1548 514/1692/1566
f 1150/1691/1565 514/1692/1566 1149/1693/1567
f 1149/1693/1567 514/1692/1566 1148/1694/1568
f 1148/1694/1568 514/1692/1566 513/1695/1569
f 1148/1694/1568 513/1695/1569 512/1696/1570
f 1148/1694/1568 512/1696/1570 523/1697/1571
f 523/1697/1571 512/1696/1570 511/1698/1572
f 523/1697/1571 511/1698/1572 524/1699/1573
f 524/1699/1573 511/1698/1572 525/1700/1574
f 525/1700/1574 511/1698/1572 526/1701/1575
f 495/1675/1549 1150/1691/1565 496/1702/1576
f 496/1702/1576 1150/1691/1565 1151/1703/1577
f 496/1702/1576 1151/1703/1577 497/1704/1578
f 497/1704/1578 1151/1703/1577 1152/1705/1579
f 497/1704/1578 1152/1705/1579 498/1706/1580
f 498/1706/1580 1152/1705/1579 1153/1707/1581
f 498/1706/1580 1153/1707/1581 499/1708/1582
f 499/1708/1582 1153/1707/1581 1156/1709/1583
f 1156/1709/1583 1153/1707/1581 1155/1710/1584
f 1155/1710/1584 1153/1707/1581 1154/1711/1585
f 494/1676/1550 493/1712/1586 455/1678/1552
f 455/1678/1552 493/1712/1586 456/1713/1587
f 456/1713/1587 493/1712/1586 492/1714/1588
f 456/1713/1587 492/1714/1588 457/1715/1589
f 457/1715/1589 492/1714/1588 1159/1716/1590
f 457/1715/1589 1159/1716/1590 1160/1717/1591
f 1159/1716/1590 492/1714/1588 1158/1718/1592
f 1158/1718/1592 492/1714/1588 491/1719/1593
f 1158/1718/1592 491/1719/1593 1157/1720/1594
f 1157/1720/1594 491/1719/1593 490/1721/1595
f 1157/1720/1594 490/1721/1595 471/1722/1596
f 471/1722/1596 490/1721/1595 475/1723/1597
f 471/1722/1596 475/1723/1597 472/1724/1598
f 472/1724/1598 475/1723/1597 473/1725/1599
f 473/1725/1599 475/1723/1597 474/1726/1600
f 457/1715/1589 1160/1717/1591 458/1727/1601
f 458/1727/1601 1160/1717/1591 1161/1728/1602
f 458/1727/1601 1161/1728/1602 459/1729/1603
f 459/1729/1603 1161/1728/1602 1162/1730/1604
f 459/1729/1603 1162/1730/1604 460/1731/1605
f 460/1731/1605 1162/1730/1604 1165/1732/1606
f 1165/1732/1606 1162/1730/1604 1164/1733/1607
f 1164/1733/1607 1162/1730/1604 1163/1734/1608
f 435/1690/1564 434/1735/1609 432/1688/1562
f 432/1688/1562 434/1735/1609 433/1736/1610
f 1168/1683/1557 1169/1737/1611 1178/1681/1555
f 1178/1681/1555 1169/1737/1611 1177/1738/1612
f 1177/1738/1612 1169/1737/1611 1170/1739/1613
f 1177/1738/1612 1170/1739/1613 1176/1740/1614
f 1176/1740/1614 1170/1739/1613 1171/1741/1615
f 1176/1740/1614 1171/1741/1615 1175/1742/1616
f 1175/1742/1616 1171/1741/1615 1172/1743/1617
f 1175/1742/1616 1172/1743/1617 1173/1744/1618
f 1173/1744/1618 1174/1745/1619 1175/1742/1616
f 516/1623/1497 1180/1677/1551 1204/1624/1498
f 1204/1624/1498 1180/1677/1551 1181/1746/1620
f 1204/1624/1498 1181/1746/1620 1203/1747/1621
f 1203/1747/1621 1181/1746/1620 1192/1748/1622
f 1203/1747/1621 1192/1748/1622 1202/1749/1623
f 1202/1749/1623 1192/1748/1622 1193/1750/1624
f 1202/1749/1623 1193/1750/1624 1194/1751/1625
f 1181/1746/1620 1182/1752/1626 1192/1748/1622
f 1192/1748/1622 1182/1752/1626 1191/1753/1627
f 1191/1753/1627 1182/1752/1626 1183/1754/1628
f 1191/1753/1627 1183/1754/1628 1190/1755/1629
f 1190/1755/1629 1183/1754/1628 1184/1756/1630
f 1190/1755/1629 1184/1756/1630 1189/1757/1631
f 1189/1757/1631 1184/1756/1630 1185/1758/1632
f 1189/1757/1631 1185/1758/1632 1186/1759/1633
f 1186/1759/1633 1187/1760/1634 1189/1757/1631
f 1189/1757/1631 1187/1760/1634 1188/1761/1635
f 1195/1762/1636 1200/1763/1637 1194/1751/1625
f 1194/1751/1625 1200/1763/1637 1201/1764/1638
f 1194/1751/1625 1201/1764/1638 1202/1749/1623
f 1200/1763/1637 1195/1762/1636 1199/1765/1639
f 1199/1765/1639 1195/1762/1636 1196/1766/1640
f 1199/1765/1639 1196/1766/1640 1197/1767/1641
f 1197/1767/1641 1198/1768/1642 1199/1765/1639
f 1215/1636/1510 1216/1769/1643 1219/1634/1508
f 1219/1634/1508 1216/1769/1643 1218/1770/1644
f 1218/1770/1644 1216/1769/1643 1217/1771/1645
f 1221/1631/1505 1222/1772/1646 1235/1629/1503
f 1235/1629/1503 1222/1772/1646 1234/1773/1647
f 1234/1773/1647 1222/1772/1646 1223/1774/1648
f 1234/1773/1647 1223/1774/1648 1233/1775/1649
f 1233/1775/1649 1223/1774/1648 1227/1776/1650
f 1233/1775/1649 1227/1776/1650 1228/1777/1651
f 1227/1776/1650 1223/1774/1648 1226/1778/1652
f 1226/1778/1652 1223/1774/1648 1224/1779/1653
f 1226/1778/1652 1224/1779/1653 1225/1780/1654
f 1233/1775/1649 1228/1777/1651 1232/1781/1655
f 1232/1781/1655 1228/1777/1651 1229/1782/1656
f 1232/1781/1655 1229/1782/1656 1230/1783/1657
f 1230/1783/1657 1231/1784/1658 1232/1781/1655
f 1239/1539/1413 1240/1533/1407 1087/1535/1409
f 1244/1785/1659 1321/1786/1660 1243/1787/1661
f 1243/1787/1661 1321/1786/1660 1322/1788/1662
f 1243/1787/1661 1322/1788/1662 1323/1789/1663
f 1245/1790/1664 626/1791/1665 1244/1785/1659
f 1244/1785/1659 626/1791/1665 1320/1792/1666
f 1244/1785/1659 1320/1792/1666 1321/1786/1660
f 1246/1793/1667 628/1794/1668 1245/1790/1664
f 1245/1790/1664 628/1794/1668 627/1795/1669
f 1245/1790/1664 627/1795/1669 626/1791/1665
f 1247/1796/1670 618/1797/1671 1246/1793/1667
f 1246/1793/1667 618/1797/1671 617/1798/1672
f 1246/1793/1667 617/1798/1672 628/1794/1668
f 1248/1799/1673 622/1800/1674 1247/1796/1670
f 1247/1796/1670 622/1800/1674 621/1801/1675
f 1247/1796/1670 621/1801/1675 620/1802/1676
f 622/1800/1674 1248/1799/1673 623/1803/1677
f 623/1803/1677 1248/1799/1673 1249/1804/1678
f 623/1803/1677 1249/1804/1678 577/1805/1679
f 577/1805/1679 1249/1804/1678 1250/1806/1680
f 577/1805/1679 1250/1806/1680 578/1807/1681
f 578/1807/1681 1250/1806/1680 1251/1808/1682
f 578/1807/1681 1251/1808/1682 579/1809/1683
f 579/1809/1683 1251/1808/1682 1252/1810/1684
f 579/1809/1683 1252/1810/1684 580/1811/1685
f 580/1811/1685 1252/1810/1684 569/1812/1686
f 569/1812/1686 1252/1810/1684 570/1813/1687
f 570/1813/1687 1252/1810/1684 1253/1814/1688
f 570/1813/1687 1253/1814/1688 571/1815/1689
f 571/1815/1689 1253/1814/1688 572/1816/1690
f 572/1816/1690 1253/1814/1688 573/1817/1691
f 573/1817/1691 1253/1814/1688 1254/1818/1692
f 573/1817/1691 1254/1818/1692 574/1819/1693
f 574/1819/1693 1254/1818/1692 575/1820/1694
f 575/1820/1694 1254/1818/1692 1255/1821/1695
f 575/1820/1694 1255/1821/1695 576/1822/1696
f 576/1822/1696 1255/1821/1695 1256/1823/1697
f 576/1822/1696 1256/1823/1697 1049/1824/1698
f 1049/1824/1698 1256/1823/1697 1257/1825/1699
f 1049/1824/1698 1257/1825/1699 1258/1826/1700
f 1259/1827/1701 1039/1828/1702 1258/1826/1700
f 1258/1826/1700 1039/1828/1702 1050/1829/1703
f 1258/1826/1700 1050/1829/1703 1049/1824/1698
f 1260/1830/1704 1042/1831/1705 1259/1827/1701
f 1259/1827/1701 1042/1831/1705 1041/1832/1706
f 1259/1827/1701 1041/1832/1706 1040/1833/1707
f 1261/1834/1708 1045/1835/1709 1260/1830/1704
f 1260/1830/1704 1045/1835/1709 1044/1836/1710
f 1260/1830/1704 1044/1836/1710 1043/1837/1711
f 1262/1838/1712 1047/1839/1713 1261/1834/1708
f 1261/1834/1708 1047/1839/1713 1046/1840/1714
f 1261/1834/1708 1046/1840/1714 1045/1835/1709
f 1262/1838/1712 1263/1841/1715 1047/1839/1713
f 1047/1839/1713 1263/1841/1715 964/1842/1716
f 1047/1839/1713 964/1842/1716 1048/1843/1717
f 1048/1843/1717 964/1842/1716 963/1844/1718
f 1048/1843/1717 963/1844/1718 577/1805/1679
f 577/1805/1679 963/1844/1718 624/1845/1719
f 577/1805/1679 624/1845/1719 623/1803/1677
f 1263/1841/1715 1264/1846/1720 964/1842/1716
f 964/1842/1716 1264/1846/1720 953/1847/1721
f 953/1847/1721 1264/1846/1720 1265/1848/1722
f 953/1847/1721 1265/1848/1722 954/1849/1723
f 954/1849/1723 1265/1848/1722 955/1850/1724
f 955/1850/1724 1265/1848/1722 1266/1851/1725
f 955/1850/1724 1266/1851/1725 956/1852/1726
f 956/1852/1726 1266/1851/1725 957/1853/1727
f 957/1853/1727 1266/1851/1725 958/1854/1728
f 958/1854/1728 1266/1851/1725 1267/1855/1729
f 958/1854/1728 1267/1855/1729 959/1856/1730
f 959/1856/1730 1267/1855/1729 960/1857/1731
f 960/1857/1731 1267/1855/1729 961/1858/1732
f 961/1858/1732 1267/1855/1729 1268/1859/1733
f 961/1858/1732 1268/1859/1733 962/1860/1734
f 962/1860/1734 1268/1859/1733 1269/1861/1735
f 962/1860/1734 1269/1861/1735 963/1844/1718
f 963/1844/1718 1269/1861/1735 1270/1862/1736
f 963/1844/1718 1270/1862/1736 905/1863/1737
f 905/1863/1737 1270/1862/1736 1271/1864/1738
f 905/1863/1737 1271/1864/1738 906/1865/1739
f 906/1865/1739 1271/1864/1738 1272/1866/1740
f 906/1865/1739 1272/1866/1740 907/1867/1741
f 907/1867/1741 1272/1866/1740 908/1868/1742
f 908/1868/1742 1272/1866/1740 909/1869/1743
f 909/1869/1743 1272/1866/1740 910/1870/1744
f 910/1870/1744 1272/1866/1740 1273/1871/1745
f 910/1870/1744 1273/1871/1745 911/1872/1746
f 911/1872/1746 1273/1871/1745 912/1873/1747
f 912/1873/1747 1273/1871/1745 1274/1874/1748
f 912/1873/1747 1274/1874/1748 913/1875/1749
f 913/1875/1749 1274/1874/1748 914/1876/1750
f 914/1876/1750 1274/1874/1748 1275/1877/1751
f 914/1876/1750 1275/1877/1751 4/1878/1752
f 4/1878/1752 1275/1877/1751 5/1879/1753
f 5/1879/1753 1275/1877/1751 1276/1880/1754
f 5/1879/1753 1276/1880/1754 1278/1881/1755
f 1278/1881/1755 1276/1880/1754 1277/1882/1756
f 914/1876/1750 4/1878/1752 915/1883/1757
f 915/1883/1757 4/1878/1752 3/1884/1758
f 915/1883/1757 3/1884/1758 859/1885/1759
f 859/1885/1759 3/1884/1758 2/1886/1760
f 859/1885/1759 2/1886/1760 860/1887/1761
f 860/1887/1761 2/1886/1760 1282/1888/1762
f 860/1887/1761 1282/1888/1762 1283/1889/1763
f 2/1886/1760 1/1890/1764 1282/1888/1762
f 1282/1888/1762 1/1890/1764 1281/1891/1765
f 1281/1891/1765 1/1890/1764 1279/1892/1766
f 1281/1891/1765 1279/1892/1766 1280/1893/1767
f 1284/1894/1768 862/1895/1769 1283/1889/1763
f 1283/1889/1763 862/1895/1769 861/1896/1770
f 1283/1889/1763 861/1896/1770 860/1887/1761
f 1285/1897/1771 864/1898/1772 1284/1894/1768
f 1284/1894/1768 864/1898/1772 863/1899/1773
f 1284/1894/1768 863/1899/1773 862/1895/1769
f 1286/1900/1774 868/1901/1775 1285/1897/1771
f 1285/1897/1771 868/1901/1775 867/1902/1776
f 1285/1897/1771 867/1902/1776 866/1903/1777
f 868/1901/1775 1286/1900/1774 857/1904/1778
f 857/1904/1778 1286/1900/1774 1287/1905/1779
f 857/1904/1778 1287/1905/1779 811/1906/1780
f 811/1906/1780 1287/1905/1779 1288/1907/1781
f 811/1906/1780 1288/1907/1781 812/1908/1782
f 812/1908/1782 1288/1907/1781 1289/1909/1783
f 812/1908/1782 1289/1909/1783 813/1910/1784
f 813/1910/1784 1289/1909/1783 1290/1911/1785
f 813/1910/1784 1290/1911/1785 814/1912/1786
f 814/1912/1786 1290/1911/1785 815/1913/1787
f 815/1913/1787 1290/1911/1785 816/1914/1788
f 816/1914/1788 1290/1911/1785 1291/1915/1789
f 816/1914/1788 1291/1915/1789 817/1916/1790
f 817/1916/1790 1291/1915/1789 818/1917/1791
f 818/1917/1791 1291/1915/1789 819/1918/1792
f 819/1918/1792 1291/1915/1789 1292/1919/1793
f 819/1918/1792 1292/1919/1793 820/1920/1794
f 820/1920/1794 1292/1919/1793 809/1921/1795
f 809/1921/1795 1292/1919/1793 1293/1922/1796
f 809/1921/1795 1293/1922/1796 810/1923/1797
f 810/1923/1797 1293/1922/1796 1294/1924/1798
f 810/1923/1797 1294/1924/1798 765/1925/1799
f 765/1925/1799 1294/1924/1798 1295/1926/1800
f 765/1925/1799 1295/1926/1800 1296/1927/1801
f 1297/1928/1802 767/1929/1803 1296/1927/1801
f 1296/1927/1801 767/1929/1803 766/1930/1804
f 1296/1927/1801 766/1930/1804 765/1925/1799
f 1298/1931/1805 770/1932/1806 1297/1928/1802
f 1297/1928/1802 770/1932/1806 769/1933/1807
f 1297/1928/1802 769/1933/1807 768/1934/1808
f 1299/1935/1809 761/1936/1810 1298/1931/1805
f 1298/1931/1805 761/1936/1810 772/1937/1811
f 1298/1931/1805 772/1937/1811 771/1938/1812
f 1300/1939/1813 763/1940/1814 1299/1935/1809
f 1299/1935/1809 763/1940/1814 762/1941/1815
f 1299/1935/1809 762/1941/1815 761/1936/1810
f 1300/1939/1813 1301/1942/1816 763/1940/1814
f 763/1940/1814 1301/1942/1816 718/1943/1817
f 763/1940/1814 718/1943/1817 764/1944/1818
f 764/1944/1818 718/1943/1817 717/1945/1819
f 764/1944/1818 717/1945/1819 811/1906/1780
f 811/1906/1780 717/1945/1819 858/1946/1820
f 811/1906/1780 858/1946/1820 857/1904/1778
f 1301/1942/1816 1302/1947/1821 718/1943/1817
f 718/1943/1817 1302/1947/1821 719/1948/1822
f 719/1948/1822 1302/1947/1821 1303/1949/1823
f 719/1948/1822 1303/1949/1823 720/1950/1824
f 720/1950/1824 1303/1949/1823 721/1951/1825
f 721/1951/1825 1303/1949/1823 1304/1952/1826
f 721/1951/1825 1304/1952/1826 722/1953/1827
f 722/1953/1827 1304/1952/1826 723/1954/1828
f 723/1954/1828 1304/1952/1826 724/1955/1829
f 724/1955/1829 1304/1952/1826 1305/1956/1830
f 724/1955/1829 1305/1956/1830 713/1957/1831
f 713/1957/1831 1305/1956/1830 714/1958/1832
f 714/1958/1832 1305/1956/1830 715/1959/1833
f 715/1959/1833 1305/1956/1830 1306/1960/1834
f 715/1959/1833 1306/1960/1834 716/1961/1835
f 716/1961/1835 1306/1960/1834 1307/1962/1836
f 716/1961/1835 1307/1962/1836 717/1945/1819
f 717/1945/1819 1307/1962/1836 1308/1963/1837
f 717/1945/1819 1308/1963/1837 671/1964/1838
f 671/1964/1838 1308/1963/1837 1309/1965/1839
f 671/1964/1838 1309/1965/1839 672/1966/1840
f 672/1966/1840 1309/1965/1839 1310/1967/1841
f 672/1966/1840 1310/1967/1841 673/1968/1842
f 673/1968/1842 1310/1967/1841 674/1969/1843
f 674/1969/1843 1310/1967/1841 675/1970/1844
f 675/1970/1844 1310/1967/1841 676/1971/1845
f 676/1971/1845 1310/1967/1841 1311/1972/1846
f 676/1971/1845 1311/1972/1846 665/1973/1847
f 665/1973/1847 1311/1972/1846 666/1974/1848
f 666/1974/1848 1311/1972/1846 1312/1975/1849
f 666/1974/1848 1312/1975/1849 667/1976/1850
f 667/1976/1850 1312/1975/1849 668/1977/1851
f 668/1977/1851 1312/1975/1849 1313/1978/1852
f 668/1977/1851 1313/1978/1852 1318/1979/1853
f 1318/1979/1853 1313/1978/1852 1317/1980/1854
f 1317/1980/1854 1313/1978/1852 1314/1981/1855
f 1317/1980/1854 1314/1981/1855 1316/1982/1856
f 1316/1982/1856 1314/1981/1855 1315/1983/1857
f 668/1977/1851 1318/1979/1853 669/1984/1858
f 669/1984/1858 1318/1979/1853 1319/1985/1859
f 669/1984/1858 1319/1985/1859 625/1986/1860
f 625/1986/1860 1319/1985/1859 1320/1792/1666
f 625/1986/1860 1320/1792/1666 626/1791/1665
f 577/1805/1679 576/1822/1696 1048/1843/1717
f 1048/1843/1717 576/1822/1696 1049/1824/1698
f 669/1984/1858 625/1986/1860 670/1987/1861
f 670/1987/1861 625/1986/1860 624/1845/1719
f 670/1987/1861 624/1845/1719 916/1988/1862
f 916/1988/1862 624/1845/1719 963/1844/1718
f 916/1988/1862 963/1844/1718 905/1863/1737
f 620/1802/1676 619/1989/1863 1247/1796/1670
f 1247/1796/1670 619/1989/1863 618/1797/1671
f 671/1964/1838 670/1987/1861 717/1945/1819
f 717/1945/1819 670/1987/1861 858/1946/1820
f 771/1938/1812 770/1932/1806 1298/1931/1805
f 768/1934/1808 767/1929/1803 1297/1928/1802
f 765/1925/1799 764/1944/1818 810/1923/1797
f 810/1923/1797 764/1944/1818 811/1906/1780
f 866/1903/1777 865/1990/1864 1285/1897/1771
f 1285/1897/1771 865/1990/1864 864/1898/1772
f 859/1885/1759 858/1946/1820 915/1883/1757
f 915/1883/1757 858/1946/1820 916/1988/1862
f 916/1988/1862 858/1946/1820 670/1987/1861
f 1043/1837/1711 1042/1831/1705 1260/1830/1704
f 1040/1833/1707 1039/1828/1702 1259/1827/1701
f 1324/1991/1865 1325/1992/1866 1332/1993/1867
f 1332/1993/1867 1325/1992/1866 1326/1994/1868
f 1332/1993/1867 1326/1994/1868 1331/1995/1869
f 1331/1995/1869 1326/1994/1868 1327/1996/1870
f 1331/1995/1869 1327/1996/1870 1330/1997/1871
f 1330/1997/1871 1327/1996/1870 1328/1998/1872
f 1330/1997/1871 1328/1998/1872 466/1999/1873
f 466/1999/1873 1328/1998/1872 1329/2000/1874
f 1333/2001/1875 1334/2002/1876 1345/2003/1877
f 1345/2003/1877 1334/2002/1876 1344/2004/1878
f 1344/2004/1878 1334/2002/1876 1335/2005/1879
f 1344/2004/1878 1335/2005/1879 1343/2006/1880
f 1343/2006/1880 1335/2005/1879 1342/2007/1881
f 1342/2007/1881 1335/2005/1879 1341/2008/1882
f 1341/2008/1882 1335/2005/1879 1340/2009/1883
f 1340/2009/1883 1335/2005/1879 1336/2010/1884
f 1340/2009/1883 1336/2010/1884 1339/2011/1885
f 1339/2011/1885 1336/2010/1884 1338/2012/1886
f 1338/2012/1886 1336/2010/1884 1337/2013/1887
f 1337/2013/1887 1336/2010/1884 1325/2014/1866
f 1337/2013/1887 1325/2014/1866 1324/2015/1865
f 1346/2016/1888 1347/2017/1889 1424/2018/1890
f 1424/2018/1890 1347/2017/1889 1423/2019/1891
f 1423/2019/1891 1347/2017/1889 1348/2020/1892
f 1423/2019/1891 1348/2020/1892 1422/2021/1893
f 1422/2021/1893 1348/2020/1892 1421/2022/1894
f 1421/2022/1894 1348/2020/1892 534/2023/554
f 534/2023/554 1348/2020/1892 535/2024/553
f 535/2024/553 1348/2020/1892 1420/2025/1895
f 1420/2025/1895 1348/2020/1892 1349/2026/1896
f 1420/2025/1895 1349/2026/1896 1419/2027/1897
f 1419/2027/1897 1349/2026/1896 1350/2028/1898
f 1419/2027/1897 1350/2028/1898 1418/2029/1899
f 1418/2029/1899 1350/2028/1898 1351/2030/1900
f 1418/2029/1899 1351/2030/1900 1417/2031/1901
f 1417/2031/1901 1351/2030/1900 1352/2032/1902
f 1417/2031/1901 1352/2032/1902 1416/2033/1903
f 1416/2033/1903 1352/2032/1902 1353/2034/1904
f 1416/2033/1903 1353/2034/1904 1415/2035/1905
f 1415/2035/1905 1353/2034/1904 1414/2036/1906
f 1414/2036/1906 1353/2034/1904 1413/2037/1907
f 1413/2037/1907 1353/2034/1904 1412/2038/1908
f 1412/2038/1908 1353/2034/1904 1354/2039/1909
f 1412/2038/1908 1354/2039/1909 1411/2040/1910
f 1411/2040/1910 1354/2039/1909 1410/2041/1911
f 1410/2041/1911 1354/2039/1909 1409/2042/1912
f 1409/2042/1912 1354/2039/1909 1408/2043/1913
f 1408/2043/1913 1354/2039/1909 1355/2044/1914
f 1408/2043/1913 1355/2044/1914 543/2045/563
f 543/2045/563 1355/2044/1914 1407/2046/1915
f 543/2045/563 1407/2046/1915 544/2047/562
f 1355/2044/1914 1356/2048/1916 1407/2046/1915
f 1407/2046/1915 1356/2048/1916 1406/2049/1917
f 1406/2049/1917 1356/2048/1916 1357/2050/1918
f 1406/2049/1917 1357/2050/1918 1405/2051/1919
f 1405/2051/1919 1357/2050/1918 1358/2052/1920
f 1405/2051/1919 1358/2052/1920 1404/2053/1921
f 1404/2053/1921 1358/2052/1920 1403/2054/1922
f 1403/2054/1922 1358/2052/1920 1359/2055/1923
f 1403/2054/1922 1359/2055/1923 348/2056/535
f 348/2056/535 1359/2055/1923 268/2057/271
f 268/2057/271 1359/2055/1923 1360/2058/1924
f 268/2057/271 1360/2058/1924 1402/2059/1925
f 1402/2059/1925 1360/2058/1924 1401/2060/1926
f 1401/2060/1926 1360/2058/1924 1400/2061/1927
f 1400/2061/1927 1360/2058/1924 1399/2062/1928
f 1399/2062/1928 1360/2058/1924 1361/2063/1929
f 1399/2062/1928 1361/2063/1929 1398/2064/1930
f 1398/2064/1930 1361/2063/1929 1397/2065/1931
f 1397/2065/1931 1361/2063/1929 552/2066/572
f 552/2066/572 1361/2063/1929 1362/2067/1932
f 552/2066/572 1362/2067/1932 1396/2068/1933
f 1396/2068/1933 1362/2067/1932 1363/2069/1934
f 1396/2068/1933 1363/2069/1934 1395/2070/1935
f 1395/2070/1935 1363/2069/1934 1394/2071/1936
f 1394/2071/1936 1363/2069/1934 1364/2072/1937
f 1394/2071/1936 1364/2072/1937 1393/2073/1938
f 1393/2073/1938 1364/2072/1937 1365/2074/1939
f 1393/2073/1938 1365/2074/1939 1392/2075/1940
f 1392/2075/1940 1365/2074/1939 1366/2076/1941
f 1392/2075/1940 1366/2076/1941 377/2077/540
f 377/2077/540 1366/2076/1941 285/2078/287
f 285/2078/287 1366/2076/1941 1391/2079/1942
f 1391/2079/1942 1366/2076/1941 1390/2080/1943
f 1390/2080/1943 1366/2076/1941 1367/2081/1944
f 1390/2080/1943 1367/2081/1944 1389/2082/1945
f 1389/2082/1945 1367/2081/1944 1388/2083/1946
f 1388/2083/1946 1367/2081/1944 1387/2084/1947
f 1387/2084/1947 1367/2081/1944 1368/2085/1948
f 1387/2084/1947 1368/2085/1948 1386/2086/1949
f 1386/2086/1949 1368/2085/1948 1385/2087/1950
f 1385/2087/1950 1368/2085/1948 1384/2088/1951
f 1384/2088/1951 1368/2085/1948 1383/2089/1952
f 1383/2089/1952 1368/2085/1948 1369/2090/1953
f 1383/2089/1952 1369/2090/1953 1382/2091/1954
f 1382/2091/1954 1369/2090/1953 1370/2092/1955
f 1382/2091/1954 1370/2092/1955 1381/2093/1956
f 1381/2093/1956 1370/2092/1955 1371/2094/1957
f 1381/2093/1956 1371/2094/1957 1380/2095/1958
f 1380/2095/1958 1371/2094/1957 1372/2096/1959
f 1380/2095/1958 1372/2096/1959 1379/2097/1960
f 1379/2097/1960 1372/2096/1959 1373/2098/1961
f 1379/2097/1960 1373/2098/1961 406/2099/545
f 406/2099/545 1373/2098/1961 292/2100/292
f 292/2100/292 1373/2098/1961 1378/2101/1962
f 1378/2101/1962 1373/2098/1961 1377/2102/1963
f 1377/2102/1963 1373/2098/1961 1376/2103/1964
f 1376/2103/1964 1373/2098/1961 1375/2104/1965
f 1375/2104/1965 1373/2098/1961 1334/2105/1876
f 1375/2104/1965 1334/2105/1876 1374/2106/1966
f 1374/2106/1966 1334/2105/1876 1333/2107/1875
f 1396/2068/1933 553/2108/571 552/2066/572
f 1425/2109/1967 1426/2110/1968 1437/2111/1969
f 1437/2111/1969 1426/2110/1968 1427/2112/1970
f 1437/2111/1969 1427/2112/1970 1436/2113/1971
f 1436/2113/1971 1427/2112/1970 1435/2114/1972
f 1435/2114/1972 1427/2112/1970 1434/2115/1973
f 1434/2115/1973 1427/2112/1970 1428/2116/1974
f 1434/2115/1973 1428/2116/1974 1433/2117/1975
f 1433/2117/1975 1428/2116/1974 1432/2118/1976
f 1432/2118/1976 1428/2116/1974 1431/2119/1977
f 1431/2119/1977 1428/2116/1974 1430/2120/1978
f 1430/2120/1978 1428/2116/1974 1347/2121/1889
f 1430/2120/1978 1347/2121/1889 1429/2122/1979
f 1429/2122/1979 1347/2121/1889 1346/2123/1888
f 1075/2124/1397 6/2125/1398 1443/2126/1980
f 1443/2126/1980 6/2125/1398 1438/2127/1981
f 1443/2126/1980 1438/2127/1981 1442/2128/1982
f 1442/2128/1982 1438/2127/1981 1439/2129/1983
f 1442/2128/1982 1439/2129/1983 1441/2130/1984
f 1441/2130/1984 1439/2129/1983 1440/2131/1985
f 1441/2130/1984 1440/2131/1985 1425/2132/1967
f 1425/2132/1967 1440/2131/1985 1426/2133/1968
f 1444/2134/1986 1445/2135/1987 1451/2136/1988
f 1451/2136/1988 1445/2135/1987 1446/2137/1989
f 1451/2136/1988 1446/2137/1989 1450/2138/1990
f 1450/2138/1990 1446/2137/1989 1447/2139/1991
f 1450/2138/1990 1447/2139/1991 1449/2140/1992
f 1449/2140/1992 1447/2139/1991 1448/2141/1993
f 1449/2140/1992 1448/2141/1993 1079/2142/1389
f 1079/2142/1389 1448/2141/1993 10/2143/1390
f 1452/2144/1994 1453/2145/1995 1464/2146/1996
f 1464/2146/1996 1453/2145/1995 1463/2147/1997
f 1463/2147/1997 1453/2145/1995 1454/2148/1998
f 1463/2147/1997 1454/2148/1998 1462/2149/1999
f 1462/2149/1999 1454/2148/1998 1461/2150/2000
f 1461/2150/2000 1454/2148/1998 1460/2151/2001
f 1460/2151/2001 1454/2148/1998 1459/2152/2002
f 1459/2152/2002 1454/2148/1998 1455/2153/2003
f 1459/2152/2002 1455/2153/2003 1458/2154/2004
f 1458/2154/2004 1455/2153/2003 1457/2155/2005
f 1457/2155/2005 1455/2153/2003 1456/2156/2006
f 1456/2156/2006 1455/2153/2003 1445/2157/1987
f 1456/2156/2006 1445/2157/1987 1444/2158/1986
f 1465/2159/2007 1466/2160/2008 1548/2161/2009
f 1548/2161/2009 1466/2160/2008 1547/2162/2010
f 1547/2162/2010 1466/2160/2008 1467/2163/2011
f 1547/2162/2010 1467/2163/2011 1546/2164/2012
f 1546/2164/2012 1467/2163/2011 1545/2165/2013
f 1545/2165/2013 1467/2163/2011 311/2166/314
f 311/2166/314 1467/2163/2011 530/2167/2014
f 530/2167/2014 1467/2163/2011 1544/2168/2015
f 1544/2168/2015 1467/2163/2011 1468/2169/2016
f 1544/2168/2015 1468/2169/2016 1543/2170/2017
f 1543/2170/2017 1468/2169/2016 1469/2171/2018
f 1543/2170/2017 1469/2171/2018 1542/2172/2019
f 1542/2172/2019 1469/2171/2018 1470/2173/2020
f 1542/2172/2019 1470/2173/2020 1541/2174/2021
f 1541/2174/2021 1470/2173/2020 1471/2175/2022
f 1541/2174/2021 1471/2175/2022 1540/2176/2023
f 1540/2176/2023 1471/2175/2022 1472/2177/2024
f 1540/2176/2023 1472/2177/2024 1539/2178/2025
f 1539/2178/2025 1472/2177/2024 1538/2179/2026
f 1538/2179/2026 1472/2177/2024 1537/2180/2027
f 1537/2180/2027 1472/2177/2024 1536/2181/2028
f 1536/2181/2028 1472/2177/2024 1473/2182/2029
f 1536/2181/2028 1473/2182/2029 1535/2183/2030
f 1535/2183/2030 1473/2182/2029 1534/2184/2031
f 1534/2184/2031 1473/2182/2029 1533/2185/2032
f 1533/2185/2032 1473/2182/2029 1532/2186/2033
f 1532/2186/2033 1473/2182/2029 1474/2187/2034
f 1532/2186/2033 1474/2187/2034 331/2188/335
f 331/2188/335 1474/2187/2034 1531/2189/2035
f 331/2188/335 1531/2189/2035 480/2190/2036
f 1474/2187/2034 1475/2191/2037 1531/2189/2035
f 1531/2189/2035 1475/2191/2037 1530/2192/2038
f 1530/2192/2038 1475/2191/2037 1476/2193/2039
f 1530/2192/2038 1476/2193/2039 1529/2194/2040
f 1529/2194/2040 1476/2193/2039 1477/2195/2041
f 1529/2194/2040 1477/2195/2041 1528/2196/2042
f 1528/2196/2042 1477/2195/2041 1527/2197/2043
f 1527/2197/2043 1477/2195/2041 1478/2198/2044
f 1527/2197/2043 1478/2198/2044 1526/2199/2045
f 1526/2199/2045 1478/2198/2044 1525/2200/2046
f 1525/2200/2046 1478/2198/2044 1479/2201/2047
f 1525/2200/2046 1479/2201/2047 1524/2202/2048
f 1524/2202/2048 1479/2201/2047 1523/2203/2049
f 1523/2203/2049 1479/2201/2047 1522/2204/2050
f 1522/2204/2050 1479/2201/2047 1521/2205/2051
f 1521/2205/2051 1479/2201/2047 1480/2206/2052
f 1521/2205/2051 1480/2206/2052 1520/2207/2053
f 1520/2207/2053 1480/2206/2052 1519/2208/2054
f 1519/2208/2054 1480/2206/2052 54/2209/57
f 54/2209/57 1480/2206/2052 1481/2210/2055
f 54/2209/57 1481/2210/2055 1518/2211/2056
f 1518/2211/2056 1481/2210/2055 1482/2212/2057
f 1518/2211/2056 1482/2212/2057 1517/2213/2058
f 1517/2213/2058 1482/2212/2057 1516/2214/2059
f 1516/2214/2059 1482/2212/2057 1483/2215/2060
f 1516/2214/2059 1483/2215/2060 1515/2216/2061
f 1515/2216/2061 1483/2215/2060 1484/2217/2062
f 1515/2216/2061 1484/2217/2062 1514/2218/2063
f 1514/2218/2063 1484/2217/2062 1485/2219/2064
f 1514/2218/2063 1485/2219/2064 1513/2220/2065
f 1513/2220/2065 1485/2219/2064 1512/2221/2066
f 1512/2221/2066 1485/2219/2064 1511/2222/2067
f 1511/2222/2067 1485/2219/2064 1510/2223/2068
f 1510/2223/2068 1485/2219/2064 1486/2224/2069
f 1510/2223/2068 1486/2224/2069 1509/2225/2070
f 1509/2225/2070 1486/2224/2069 1508/2226/2071
f 1508/2226/2071 1486/2224/2069 1507/2227/2072
f 1507/2227/2072 1486/2224/2069 1487/2228/2073
f 1507/2227/2072 1487/2228/2073 1506/2229/2074
f 1506/2229/2074 1487/2228/2073 1505/2230/2075
f 1505/2230/2075 1487/2228/2073 1504/2231/2076
f 1504/2231/2076 1487/2228/2073 1503/2232/2077
f 1503/2232/2077 1487/2228/2073 1488/2233/2078
f 1503/2232/2077 1488/2233/2078 1502/2234/2079
f 1502/2234/2079 1488/2233/2078 1489/2235/2080
f 1502/2234/2079 1489/2235/2080 1501/2236/2081
f 1501/2236/2081 1489/2235/2080 1490/2237/2082
f 1501/2236/2081 1490/2237/2082 1500/2238/2083
f 1500/2238/2083 1490/2237/2082 1491/2239/2084
f 1500/2238/2083 1491/2239/2084 1499/2240/2085
f 1499/2240/2085 1491/2239/2084 1492/2241/2086
f 1499/2240/2085 1492/2241/2086 1498/2242/2087
f 1498/2242/2087 1492/2241/2086 1497/2243/2088
f 1497/2243/2088 1492/2241/2086 1496/2244/2089
f 1496/2244/2089 1492/2241/2086 1495/2245/2090
f 1495/2245/2090 1492/2241/2086 1494/2246/2091
f 1494/2246/2091 1492/2241/2086 1453/2247/1995
f 1494/2246/2091 1453/2247/1995 1493/2248/2092
f 1493/2248/2092 1453/2247/1995 1452/2249/1994
f 1518/2211/2056 441/2250/2093 54/2209/57
f 1549/2251/2094 1550/2252/2095 1561/2253/2096
f 1561/2253/2096 1550/2252/2095 1551/2254/2097
f 1561/2253/2096 1551/2254/2097 1560/2255/2098
f 1560/2255/2098 1551/2254/2097 1559/2256/2099
f 1559/2256/2099 1551/2254/2097 1558/2257/2100
f 1558/2257/2100 1551/2254/2097 1552/2258/2101
f 1558/2257/2100 1552/2258/2101 1557/2259/2102
f 1557/2259/2102 1552/2258/2101 1556/2260/2103
f 1556/2260/2103 1552/2258/2101 1555/2261/2104
f 1555/2261/2104 1552/2258/2101 1554/2262/2105
f 1554/2262/2105 1552/2258/2101 1466/2263/2008
f 1554/2262/2105 1466/2263/2008 1553/2264/2106
f 1553/2264/2106 1466/2263/2008 1465/2265/2007
f 470/2266/2107 1562/2267/2108 1568/2268/2109
f 1568/2268/2109 1562/2267/2108 1563/2269/2110
f 1568/2268/2109 1563/2269/2110 1567/2270/2111
f 1567/2270/2111 1563/2269/2110 1564/2271/2112
f 1567/2270/2111 1564/2271/2112 1566/2272/2113
f 1566/2272/2113 1564/2271/2112 1565/2273/2114
f 1566/2272/2113 1565/2273/2114 1549/2274/2094
f 1549/2274/2094 1565/2273/2114 1550/2275/2095
f 466/2276/1873 1329/2277/1874 467/2278/2115
f 467/2278/2115 1329/2277/1874 1569/2279/2116
f 467/2278/2115 1569/2279/2116 468/2280/2117
f 468/2280/2117 1569/2279/2116 1570/2281/2118
f 468/2280/2117 1570/2281/2118 469/2282/2119
f 469/2282/2119 1570/2281/2118 1571/2283/2120
f 469/2282/2119 1571/2283/2120 470/2284/2107
f 470/2284/2107 1571/2283/2120 1562/2285/2108
f 264/2286/267 1064/2287/2121 235/2288/261
f 235/2288/261 1064/2287/2121 1063/2289/2122
f 235/2288/261 1063/2289/2122 236/2290/260
f 236/2290/260 1063/2289/2122 1074/2291/2123
f 236/2290/260 1074/2291/2123 237/2292/259
f 237/2292/259 1074/2291/2123 1073/2293/2124
f 237/2292/259 1073/2293/2124 238/2294/258
f 238/2294/258 1073/2293/2124 1072/2295/2125
f 238/2294/258 1072/2295/2125 239/2296/257
f 239/2296/257 1072/2295/2125 240/2297/256
f 240/2297/256 1072/2295/2125 1071/2298/2126
f 240/2297/256 1071/2298/2126 241/2299/255
f 241/2299/255 1071/2298/2126 1070/2300/2127
f 241/2299/255 1070/2300/2127 242/2301/254
f 242/2301/254 1070/2300/2127 1069/2302/2128
f 242/2301/254 1069/2302/2128 243/2303/253
f 243/2303/253 1069/2302/2128 1068/2304/2129
f 243/2303/253 1068/2304/2129 1576/2305/2130
f 1576/2305/2130 1068/2304/2129 1067/2306/2131
f 1576/2305/2130 1067/2306/2131 1575/2307/2132
f 1575/2307/2132 1067/2306/2131 1573/2308/2133
f 1575/2307/2132 1573/2308/2133 1574/2309/2134
f 1064/2287/2121 264/2286/267 1065/2310/2135
f 1065/2310/2135 264/2286/267 263/2311/265
f 1065/2310/2135 263/2311/265 1572/2312/2136
f 1572/2312/2136 263/2311/265 262/2313/263
f 1065/2310/2135 1572/2312/2136 1066/2314/2137
f 1066/2314/2137 1572/2312/2136 1573/2308/2133
f 1066/2314/2137 1573/2308/2133 1067/2306/2131
f 1577/2315/2138 977/2316/2139 196/2317/222
f 196/2317/222 977/2316/2139 988/2318/2140
f 196/2317/222 988/2318/2140 197/2319/221
f 197/2319/221 988/2318/2140 987/2320/2141
f 197/2319/221 987/2320/2141 198/2321/220
f 198/2321/220 987/2320/2141 986/2322/2142
f 198/2321/220 986/2322/2142 199/2323/219
f 199/2323/219 986/2322/2142 985/2324/2143
f 199/2323/219 985/2324/2143 200/2325/218
f 200/2325/218 985/2324/2143 984/2326/2144
f 200/2325/218 984/2326/2144 201/2327/217
f 201/2327/217 984/2326/2144 202/2328/216
f 202/2328/216 984/2326/2144 983/2329/2145
f 202/2328/216 983/2329/2145 203/2330/215
f 203/2330/215 983/2329/2145 982/2331/2146
f 203/2330/215 982/2331/2146 204/2332/214
f 204/2332/214 982/2331/2146 981/2333/2147
f 204/2332/214 981/2333/2147 1584/2334/2148
f 1584/2334/2148 981/2333/2147 980/2335/2149
f 1584/2334/2148 980/2335/2149 1581/2336/2150
f 1581/2336/2150 980/2335/2149 979/2337/2151
f 1581/2336/2150 979/2337/2151 1580/2338/2152
f 1580/2338/2152 979/2337/2151 978/2339/2153
f 1580/2338/2152 978/2339/2153 977/2316/2139
f 977/2316/2139 1577/2315/2138 1580/2338/2152
f 1580/2338/2152 1577/2315/2138 1578/2340/2154
f 1580/2338/2152 1578/2340/2154 1579/2341/2155
f 1582/2342/2156 1583/2343/2157 1581/2336/2150
f 1581/2336/2150 1583/2343/2157 1584/2334/2148
f 1585/2344/2158 193/2345/203 1593/2346/2159
f 1593/2346/2159 193/2345/203 192/2347/201
f 1593/2346/2159 192/2347/201 1592/2348/2160
f 1592/2348/2160 192/2347/201 191/2349/199
f 1592/2348/2160 191/2349/199 1591/2350/2161
f 1591/2350/2161 191/2349/199 190/2351/197
f 1591/2350/2161 190/2351/197 1590/2352/2162
f 1590/2352/2162 190/2351/197 189/2353/195
f 1590/2352/2162 189/2353/195 1589/2354/2163
f 1589/2354/2163 189/2353/195 188/2355/193
f 1589/2354/2163 188/2355/193 1588/2356/2164
f 1588/2356/2164 188/2355/193 187/2357/191
f 1588/2356/2164 187/2357/191 1587/2358/2165
f 1587/2358/2165 187/2357/191 186/2359/189
f 1587/2358/2165 186/2359/189 1586/2360/2166
f 1586/2360/2166 186/2359/189 185/2361/187
f 1586/2360/2166 185/2361/187 548/2362/555
f 548/2362/555 185/2361/187 184/2363/185
f 1594/2364/2167 940/2365/2168 156/2366/162
f 156/2366/162 940/2365/2168 939/2367/2169
f 156/2366/162 939/2367/2169 157/2368/160
f 157/2368/160 939/2367/2169 938/2369/2170
f 157/2368/160 938/2369/2170 158/2370/158
f 158/2370/158 938/2369/2170 937/2371/2171
f 158/2370/158 937/2371/2171 159/2372/156
f 159/2372/156 937/2371/2171 160/2373/154
f 160/2373/154 937/2371/2171 936/2374/2172
f 160/2373/154 936/2374/2172 161/2375/152
f 161/2375/152 936/2374/2172 935/2376/2173
f 161/2375/152 935/2376/2173 162/2377/150
f 162/2377/150 935/2376/2173 934/2378/2174
f 162/2377/150 934/2378/2174 163/2379/149
f 163/2379/149 934/2378/2174 933/2380/2175
f 163/2379/149 933/2380/2175 164/2381/181
f 164/2381/181 933/2380/2175 165/2382/183
f 165/2382/183 933/2380/2175 932/2383/2176
f 165/2382/183 932/2383/2176 1604/2384/2177
f 1604/2384/2177 932/2383/2176 931/2385/2178
f 1604/2384/2177 931/2385/2178 1601/2386/2179
f 1601/2386/2179 931/2385/2178 930/2387/2180
f 1601/2386/2179 930/2387/2180 1600/2388/2181
f 1600/2388/2181 930/2387/2180 929/2389/2182
f 1600/2388/2181 929/2389/2182 1599/2390/2183
f 1599/2390/2183 929/2389/2182 940/2365/2168
f 1599/2390/2183 940/2365/2168 1598/2391/2184
f 1598/2391/2184 940/2365/2168 1594/2364/2167
f 1598/2391/2184 1594/2364/2167 1595/2392/2185
f 1596/2393/2186 1597/2394/2187 1595/2392/2185
f 1595/2392/2185 1597/2394/2187 1598/2391/2184
f 1602/2395/2188 1603/2396/2189 1601/2386/2179
f 1601/2386/2179 1603/2396/2189 1604/2384/2177
f 1605/2397/2190 153/2398/167 1614/2399/2191
f 1614/2399/2191 153/2398/167 152/2400/166
f 1614/2399/2191 152/2400/166 151/2401/180
f 1614/2399/2191 151/2401/180 1613/2402/2192
f 1613/2402/2192 151/2401/180 150/2403/178
f 1613/2402/2192 150/2403/178 1612/2404/2193
f 1612/2404/2193 150/2403/178 149/2405/176
f 1612/2404/2193 149/2405/176 1611/2406/2194
f 1611/2406/2194 149/2405/176 148/2407/174
f 1611/2406/2194 148/2407/174 1610/2408/2195
f 1610/2408/2195 148/2407/174 147/2409/172
f 1610/2408/2195 147/2409/172 1609/2410/2196
f 1609/2410/2196 147/2409/172 146/2411/170
f 1609/2410/2196 146/2411/170 1608/2412/2197
f 1608/2412/2197 146/2411/170 145/2413/168
f 1608/2412/2197 145/2413/168 1607/2414/2198
f 1607/2414/2198 145/2413/168 144/2415/144
f 1607/2414/2198 144/2415/144 1606/2416/2199
f 1606/2416/2199 144/2415/144 539/2417/546
f 539/2417/546 144/2415/144 143/2418/143
f 1615/2419/2200 1616/2420/2201 1625/2421/2202
f 1625/2421/2202 1616/2420/2201 1624/2422/2203
f 1624/2422/2203 1616/2420/2201 891/2423/2204
f 1624/2422/2203 891/2423/2204 890/2424/2205
f 891/2423/2204 1616/2420/2201 892/2425/2206
f 892/2425/2206 1616/2420/2201 1617/2426/2207
f 892/2425/2206 1617/2426/2207 881/2427/2208
f 881/2427/2208 1617/2426/2207 1618/2428/2209
f 881/2427/2208 1618/2428/2209 882/2429/2210
f 882/2429/2210 1618/2428/2209 1619/2430/2211
f 882/2429/2210 1619/2430/2211 1623/2431/2212
f 1623/2431/2212 1619/2430/2211 1622/2432/2213
f 1622/2432/2213 1619/2430/2211 1620/2433/2214
f 1622/2432/2213 1620/2433/2214 1621/2434/2215
f 1623/2431/2212 124/2435/142 882/2429/2210
f 882/2429/2210 124/2435/142 883/2436/2216
f 883/2436/2216 124/2435/142 123/2437/140
f 883/2436/2216 123/2437/140 884/2438/2217
f 884/2438/2217 123/2437/140 122/2439/108
f 884/2438/2217 122/2439/108 885/2440/2218
f 885/2440/2218 122/2439/108 121/2441/109
f 885/2440/2218 121/2441/109 120/2442/111
f 885/2440/2218 120/2442/111 886/2443/2219
f 886/2443/2219 120/2442/111 119/2444/113
f 886/2443/2219 119/2444/113 887/2445/2220
f 887/2445/2220 119/2444/113 118/2446/115
f 887/2445/2220 118/2446/115 888/2447/2221
f 888/2447/2221 118/2446/115 117/2448/117
f 888/2447/2221 117/2448/117 889/2449/2222
f 889/2449/2222 117/2448/117 116/2450/119
f 889/2449/2222 116/2450/119 115/2451/121
f 889/2449/2222 115/2451/121 890/2424/2205
f 890/2424/2205 115/2451/121 1624/2422/2203
f 1626/2452/2223 112/2453/126 1636/2454/2224
f 1636/2454/2224 112/2453/126 111/2455/125
f 1636/2454/2224 111/2455/125 110/2456/139
f 1636/2454/2224 110/2456/139 1635/2457/2225
f 1635/2457/2225 110/2456/139 109/2458/137
f 1635/2457/2225 109/2458/137 1634/2459/2226
f 1634/2459/2226 109/2458/137 108/2460/135
f 1634/2459/2226 108/2460/135 1633/2461/2227
f 1633/2461/2227 108/2460/135 107/2462/133
f 1633/2461/2227 107/2462/133 1632/2463/2228
f 1632/2463/2228 107/2462/133 106/2464/131
f 1632/2463/2228 106/2464/131 1631/2465/2229
f 1631/2465/2229 106/2464/131 105/2466/129
f 1631/2465/2229 105/2466/129 1630/2467/2230
f 1630/2467/2230 105/2466/129 104/2468/127
f 1630/2467/2230 104/2468/127 1629/2469/2231
f 1629/2469/2231 104/2468/127 103/2470/103
f 1629/2469/2231 103/2470/103 1628/2471/2232
f 1628/2471/2232 103/2470/103 1627/2472/2233
f 1627/2472/2233 103/2470/103 102/2473/102
f 1637/2474/2234 841/2475/2235 75/2476/101
f 75/2476/101 841/2475/2235 840/2477/2236
f 75/2476/101 840/2477/2236 76/2478/100
f 76/2478/100 840/2477/2236 839/2479/2237
f 76/2478/100 839/2479/2237 77/2480/99
f 77/2480/99 839/2479/2237 838/2481/2238
f 77/2480/99 838/2481/2238 78/2482/98
f 78/2482/98 838/2481/2238 79/2483/97
f 79/2483/97 838/2481/2238 837/2484/2239
f 79/2483/97 837/2484/2239 80/2485/96
f 80/2485/96 837/2484/2239 836/2486/2240
f 80/2485/96 836/2486/2240 81/2487/95
f 81/2487/95 836/2486/2240 835/2488/2241
f 81/2487/95 835/2488/2241 82/2489/94
f 82/2489/94 835/2488/2241 834/2490/2242
f 82/2489/94 834/2490/2242 83/2491/93
f 83/2491/93 834/2490/2242 833/2492/2243
f 83/2491/93 833/2492/2243 1644/2493/2244
f 1644/2493/2244 833/2492/2243 1641/2494/2245
f 1644/2493/2244 1641/2494/2245 1643/2495/2246
f 1643/2495/2246 1641/2494/2245 1642/2496/2247
f 1638/2497/2248 1640/2498/2249 1637/2474/2234
f 1637/2474/2234 1640/2498/2249 842/2499/2250
f 1637/2474/2234 842/2499/2250 841/2475/2235
f 1638/2497/2248 1639/2500/2251 1640/2498/2249
f 842/2499/2250 1640/2498/2249 843/2501/2252
f 843/2501/2252 1640/2498/2249 1641/2494/2245
f 843/2501/2252 1641/2494/2245 844/2502/2253
f 844/2502/2253 1641/2494/2245 833/2492/2243
f 1645/2503/2254 72/2504/82 1654/2505/2255
f 1654/2505/2255 72/2504/82 71/2506/80
f 1654/2505/2255 71/2506/80 1653/2507/2256
f 1653/2507/2256 71/2506/80 70/2508/78
f 1653/2507/2256 70/2508/78 1652/2509/2257
f 1652/2509/2257 70/2508/78 69/2510/76
f 1652/2509/2257 69/2510/76 1651/2511/2258
f 1651/2511/2258 69/2510/76 68/2512/74
f 1651/2511/2258 68/2512/74 1650/2513/2259
f 1650/2513/2259 68/2512/74 67/2514/72
f 1650/2513/2259 67/2514/72 1649/2515/2260
f 1649/2515/2260 67/2514/72 66/2516/70
f 1649/2515/2260 66/2516/70 1648/2517/2261
f 1648/2517/2261 66/2516/70 65/2518/68
f 1648/2517/2261 65/2518/68 1647/2519/2262
f 1647/2519/2262 65/2518/68 64/2520/66
f 1647/2519/2262 64/2520/66 1646/2521/2263
f 1646/2521/2263 64/2520/66 63/2522/64
f 1655/2523/2264 792/2524/2265 23/2525/49
f 23/2525/49 792/2524/2265 791/2526/2266
f 23/2525/49 791/2526/2266 24/2527/48
f 24/2527/48 791/2526/2266 790/2528/2267
f 24/2527/48 790/2528/2267 25/2529/47
f 25/2529/47 790/2528/2267 789/2530/2268
f 25/2529/47 789/2530/2268 26/2531/46
f 26/2531/46 789/2530/2268 788/2532/2269
f 26/2531/46 788/2532/2269 27/2533/45
f 27/2533/45 788/2532/2269 28/2534/44
f 28/2534/44 788/2532/2269 787/2535/2270
f 28/2534/44 787/2535/2270 29/2536/43
f 29/2536/43 787/2535/2270 786/2537/2271
f 29/2536/43 786/2537/2271 30/2538/42
f 30/2538/42 786/2537/2271 785/2539/2272
f 30/2538/42 785/2539/2272 31/2540/41
f 31/2540/41 785/2539/2272 796/2541/2273
f 31/2540/41 796/2541/2273 50/2542/50
f 50/2542/50 796/2541/2273 795/2543/2274
f 50/2542/50 795/2543/2274 51/2544/61
f 51/2544/61 795/2543/2274 1659/2545/2275
f 51/2544/61 1659/2545/2275 52/2546/60
f 792/2524/2265 1655/2523/2264 793/2547/2276
f 793/2547/2276 1655/2523/2264 1656/2548/2277
f 793/2547/2276 1656/2548/2277 1658/2549/2278
f 1658/2549/2278 1656/2548/2277 1657/2550/2279
f 793/2547/2276 1658/2549/2278 794/2551/2280
f 794/2551/2280 1658/2549/2278 1659/2545/2275
f 794/2551/2280 1659/2545/2275 795/2543/2274
f 1661/2552/2281 743/2553/2282 1660/2554/2283
f 1660/2554/2283 743/2553/2282 742/2555/2284
f 1660/2554/2283 742/2555/2284 1672/2556/2285
f 1672/2556/2285 742/2555/2284 741/2557/2286
f 1672/2556/2285 741/2557/2286 1671/2558/2287
f 1671/2558/2287 741/2557/2286 740/2559/2288
f 1671/2558/2287 740/2559/2288 1670/2560/2289
f 1670/2560/2289 740/2559/2288 739/2561/2290
f 1670/2560/2289 739/2561/2290 1669/2562/2291
f 1669/2562/2291 739/2561/2290 738/2563/2292
f 1669/2562/2291 738/2563/2292 1668/2564/2293
f 1668/2564/2293 738/2563/2292 1667/2565/2294
f 1667/2565/2294 738/2563/2292 737/2566/2295
f 1667/2565/2294 737/2566/2295 1666/2567/2296
f 1666/2567/2296 737/2566/2295 748/2568/2297
f 1666/2567/2296 748/2568/2297 326/2569/326
f 326/2569/326 748/2568/2297 747/2570/2298
f 326/2569/326 747/2570/2298 327/2571/327
f 327/2571/327 747/2570/2298 746/2572/2299
f 327/2571/327 746/2572/2299 1665/2573/2300
f 1665/2573/2300 746/2572/2299 745/2574/2301
f 1665/2573/2300 745/2574/2301 1664/2575/2302
f 1664/2575/2302 745/2574/2301 744/2576/2303
f 1664/2575/2302 744/2576/2303 743/2553/2282
f 743/2553/2282 1661/2552/2281 1664/2575/2302
f 1664/2575/2302 1661/2552/2281 1662/2577/2304
f 1664/2575/2302 1662/2577/2304 1663/2578/2305
f 329/2579/338 328/2580/339 1665/2573/2300
f 1665/2573/2300 328/2580/339 327/2571/327
f 1674/2581/2306 694/2582/2307 1673/2583/2308
f 1673/2583/2308 694/2582/2307 693/2584/2309
f 1673/2583/2308 693/2584/2309 1689/2585/2310
f 1689/2585/2310 693/2584/2309 692/2586/2311
f 1689/2585/2310 692/2586/2311 1688/2587/2312
f 1688/2587/2312 692/2586/2311 691/2588/2313
f 1688/2587/2312 691/2588/2313 1687/2589/2314
f 1687/2589/2314 691/2588/2313 1686/2590/2315
f 1686/2590/2315 691/2588/2313 690/2591/2316
f 1686/2590/2315 690/2591/2316 1685/2592/2317
f 1685/2592/2317 690/2591/2316 689/2593/2318
f 1685/2592/2317 689/2593/2318 1684/2594/2319
f 1684/2594/2319 689/2593/2318 700/2595/2320
f 1684/2594/2319 700/2595/2320 1683/2596/2321
f 1683/2596/2321 700/2595/2320 699/2597/2322
f 1683/2596/2321 699/2597/2322 1682/2598/2323
f 1682/2598/2323 699/2597/2322 318/2599/324
f 318/2599/324 699/2597/2322 698/2600/2324
f 318/2599/324 698/2600/2324 319/2601/325
f 319/2601/325 698/2600/2324 697/2602/2325
f 319/2601/325 697/2602/2325 1681/2603/2326
f 1681/2603/2326 697/2602/2325 696/2604/2327
f 1681/2603/2326 696/2604/2327 1680/2605/2328
f 1680/2605/2328 696/2604/2327 695/2606/2329
f 1680/2605/2328 695/2606/2329 1679/2607/2330
f 1679/2607/2330 695/2606/2329 694/2582/2307
f 1679/2607/2330 694/2582/2307 1678/2608/2331
f 1678/2608/2331 694/2582/2307 1674/2581/2306
f 1678/2608/2331 1674/2581/2306 1675/2609/2332
f 1676/2610/2333 1677/2611/2334 1675/2609/2332
f 1675/2609/2332 1677/2611/2334 1678/2608/2331
f 309/2612/310 320/2613/309 1681/2603/2326
f 1681/2603/2326 320/2613/309 319/2601/325
f 294/2614/307 1690/2615/2335 295/2616/308
f 295/2616/308 1690/2615/2335 296/2617/304
f 296/2617/304 1690/2615/2335 645/2618/2336
f 296/2617/304 645/2618/2336 644/2619/2337
f 645/2618/2336 1690/2615/2335 646/2620/2338
f 646/2620/2338 1690/2615/2335 1691/2621/2339
f 646/2620/2338 1691/2621/2339 647/2622/2340
f 647/2622/2340 1691/2621/2339 1692/2623/2341
f 647/2622/2340 1692/2623/2341 648/2624/2342
f 648/2624/2342 1692/2623/2341 1693/2625/2343
f 648/2624/2342 1693/2625/2343 1697/2626/2344
f 1697/2626/2344 1693/2625/2343 1696/2627/2345
f 1696/2627/2345 1693/2625/2343 1694/2628/2346
f 1696/2627/2345 1694/2628/2346 1695/2629/2347
f 1697/2626/2344 1698/2630/2348 648/2624/2342
f 648/2624/2342 1698/2630/2348 649/2631/2349
f 649/2631/2349 1698/2630/2348 1699/2632/2350
f 649/2631/2349 1699/2632/2350 650/2633/2351
f 650/2633/2351 1699/2632/2350 1700/2634/2352
f 650/2633/2351 1700/2634/2352 651/2635/2353
f 651/2635/2353 1700/2634/2352 1701/2636/2354
f 651/2635/2353 1701/2636/2354 1702/2637/2355
f 651/2635/2353 1702/2637/2355 652/2638/2356
f 652/2638/2356 1702/2637/2355 1703/2639/2357
f 652/2638/2356 1703/2639/2357 641/2640/2358
f 641/2640/2358 1703/2639/2357 1704/2641/2359
f 641/2640/2358 1704/2641/2359 642/2642/2360
f 642/2642/2360 1704/2641/2359 1705/2643/2361
f 642/2642/2360 1705/2643/2361 643/2644/2362
f 643/2644/2362 1705/2643/2361 1706/2645/2363
f 643/2644/2362 1706/2645/2363 297/2646/305
f 643/2644/2362 297/2646/305 644/2619/2337
f 644/2619/2337 297/2646/305 296/2617/304
f 277/2647/280 595/2648/2364 278/2649/282
f 278/2649/282 595/2648/2364 594/2650/2365
f 278/2649/282 594/2650/2365 1719/2651/2366
f 1719/2651/2366 594/2650/2365 593/2652/2367
f 1719/2651/2366 593/2652/2367 1718/2653/2368
f 1718/2653/2368 593/2652/2367 604/2654/2369
f 1718/2653/2368 604/2654/2369 1717/2655/2370
f 1717/2655/2370 604/2654/2369 1716/2656/2371
f 1716/2656/2371 604/2654/2369 603/2657/2372
f 1716/2656/2371 603/2657/2372 1715/2658/2373
f 1715/2658/2373 603/2657/2372 602/2659/2374
f 1715/2658/2373 602/2659/2374 1714/2660/2375
f 1714/2660/2375 602/2659/2374 601/2661/2376
f 1714/2660/2375 601/2661/2376 1713/2662/2377
f 1713/2662/2377 601/2661/2376 600/2663/2378
f 1713/2662/2377 600/2663/2378 1712/2664/2379
f 1712/2664/2379 600/2663/2378 599/2665/2380
f 1712/2664/2379 599/2665/2380 1711/2666/2381
f 1711/2666/2381 599/2665/2380 1708/2667/2382
f 1711/2666/2381 1708/2667/2382 1710/2668/2383
f 1710/2668/2383 1708/2667/2382 1709/2669/2384
f 276/2670/278 1707/2671/2385 277/2647/280
f 277/2647/280 1707/2671/2385 596/2672/2386
f 277/2647/280 596/2672/2386 595/2648/2364
f 276/2670/278 275/2673/276 1707/2671/2385
f 596/2672/2386 1707/2671/2385 597/2674/2387
f 597/2674/2387 1707/2671/2385 1708/2667/2382
f 597/2674/2387 1708/2667/2382 598/2675/2388
f 598/2675/2388 1708/2667/2382 599/2665/2380
f 1415/2676/1905 1414/2677/1906 1725/2678/2389
f 1725/2678/2389 1414/2677/1906 1720/2679/2390
f 1725/2678/2389 1720/2679/2390 1724/2680/2391
f 1724/2680/2391 1720/2679/2390 1721/2681/2392
f 1724/2680/2391 1721/2681/2392 1723/2682/2393
f 1723/2682/2393 1721/2681/2392 1722/2683/2394
f 1723/2682/2393 1722/2683/2394 1585/2684/2158
f 1585/2684/2158 1722/2683/2394 193/2685/203
f 1435/2686/1972 1434/2687/1973 1729/2688/2395
f 1729/2688/2395 1434/2687/1973 1726/2689/2396
f 1729/2688/2395 1726/2689/2396 1728/2690/2397
f 1728/2690/2397 1726/2689/2396 1727/2691/2398
f 1728/2690/2397 1727/2691/2398 1605/2692/2190
f 1605/2692/2190 1727/2691/2398 153/2693/167
f 1627/2694/2233 102/2695/102 1733/2696/2399
f 1733/2696/2399 102/2695/102 1730/2697/2400
f 1733/2696/2399 1730/2697/2400 1732/2698/2401
f 1732/2698/2401 1730/2697/2400 1731/2699/2402
f 1732/2698/2401 1731/2699/2402 1458/2700/2004
f 1458/2700/2004 1731/2699/2402 1459/2701/2002
f 1498/2702/2087 1497/2703/2088 1739/2704/2403
f 1739/2704/2403 1497/2703/2088 1734/2705/2404
f 1739/2704/2403 1734/2705/2404 1738/2706/2405
f 1738/2706/2405 1734/2705/2404 1735/2707/2406
f 1738/2706/2405 1735/2707/2406 1737/2708/2407
f 1737/2708/2407 1735/2707/2406 1736/2709/2408
f 1737/2708/2407 1736/2709/2408 1626/2710/2223
f 1626/2710/2223 1736/2709/2408 112/2711/126
f 1646/2712/2263 63/2713/64 1745/2714/2409
f 1745/2714/2409 63/2713/64 1740/2715/2410
f 1745/2714/2409 1740/2715/2410 1744/2716/2411
f 1744/2716/2411 1740/2715/2410 1741/2717/2412
f 1744/2716/2411 1741/2717/2412 1743/2718/2413
f 1743/2718/2413 1741/2717/2412 1742/2719/2414
f 1743/2718/2413 1742/2719/2414 1504/2720/2076
f 1504/2720/2076 1742/2719/2414 1505/2721/2075
f 1513/2722/2065 1512/2723/2066 1751/2724/2415
f 1751/2724/2415 1512/2723/2066 1746/2725/2416
f 1751/2724/2415 1746/2725/2416 1750/2726/2417
f 1750/2726/2417 1746/2725/2416 1747/2727/2418
f 1750/2726/2417 1747/2727/2418 1749/2728/2419
f 1749/2728/2419 1747/2727/2418 1748/2729/2420
f 1749/2728/2419 1748/2729/2420 1645/2730/2254
f 1645/2730/2254 1748/2729/2420 72/2731/82
f 437/2732/1212 11/2733/12 438/2734/2421
f 438/2734/2421 11/2733/12 57/2735/62
f 438/2734/2421 57/2735/62 439/2736/2422
f 439/2736/2422 57/2735/62 56/2737/54
f 439/2736/2422 56/2737/54 440/2738/2423
f 440/2738/2423 56/2737/54 55/2739/55
f 440/2738/2423 55/2739/55 441/2740/2093
f 441/2740/2093 55/2739/55 54/2741/57
f 1526/2742/2045 1525/2743/2046 1757/2744/2424
f 1757/2744/2424 1525/2743/2046 1752/2745/2425
f 1757/2744/2424 1752/2745/2425 1756/2746/2426
f 1756/2746/2426 1752/2745/2425 1753/2747/2427
f 1756/2746/2426 1753/2747/2427 1755/2748/2428
f 1755/2748/2428 1753/2747/2427 1754/2749/2429
f 1755/2748/2428 1754/2749/2429 442/2750/1203
f 442/2750/1203 1754/2749/2429 20/2751/30
f 476/2752/1178 335/2753/342 477/2754/2430
f 477/2754/2430 335/2753/342 334/2755/340
f 477/2754/2430 334/2755/340 478/2756/2431
f 478/2756/2431 334/2755/340 333/2757/332
f 478/2756/2431 333/2757/332 479/2758/2432
f 479/2758/2432 333/2757/332 332/2759/333
f 479/2758/2432 332/2759/333 480/2760/2036
f 480/2760/2036 332/2759/333 331/2761/335
f 1539/2762/2025 1538/2763/2026 1763/2764/2433
f 1763/2764/2433 1538/2763/2026 1758/2765/2434
f 1763/2764/2433 1758/2765/2434 1762/2766/2435
f 1762/2766/2435 1758/2765/2434 1759/2767/2436
f 1762/2766/2435 1759/2767/2436 1761/2768/2437
f 1761/2768/2437 1759/2767/2436 1760/2769/2438
f 1761/2768/2437 1760/2769/2438 481/2770/1160
f 481/2770/1160 1760/2769/2438 1018/2771/1161
f 510/2772/1135 315/2773/321 527/2774/2439
f 527/2774/2439 315/2773/321 314/2775/319
f 527/2774/2439 314/2775/319 528/2776/2440
f 528/2776/2440 314/2775/319 313/2777/317
f 528/2776/2440 313/2777/317 529/2778/2441
f 529/2778/2441 313/2777/317 312/2779/315
f 529/2778/2441 312/2779/315 530/2780/2014
f 530/2780/2014 312/2779/315 311/2781/314
f 1559/2782/2099 1558/2783/2100 1767/2784/2442
f 1767/2784/2442 1558/2783/2100 1764/2785/2443
f 1767/2784/2442 1764/2785/2443 1766/2786/2444
f 1766/2786/2444 1764/2785/2443 1765/2787/2445
f 1766/2786/2444 1765/2787/2445 500/2788/1115
f 500/2788/1115 1765/2787/2445 1008/2789/1116
f 420/2790/1089 1007/2791/1090 1771/2792/2446
f 1771/2792/2446 1007/2791/1090 1768/2793/2447
f 1771/2792/2446 1768/2793/2447 1770/2794/2448
f 1770/2794/2448 1768/2793/2447 1769/2795/2449
f 1770/2794/2448 1769/2795/2449 1339/2796/1885
f 1339/2796/1885 1769/2795/2449 1340/2797/1883
f 390/2798/1045 997/2799/1046 1777/2800/2450
f 1777/2800/2450 997/2799/1046 1772/2801/2451
f 1777/2800/2450 1772/2801/2451 1776/2802/2452
f 1776/2802/2452 1772/2801/2451 1773/2803/2453
f 1776/2802/2452 1773/2803/2453 1775/2804/2454
f 1775/2804/2454 1773/2803/2453 1774/2805/2455
f 1775/2804/2454 1774/2805/2455 1384/2806/1951
f 1384/2806/1951 1774/2805/2455 1385/2807/1950
f 1539/2808/2456 1153/2809/2457 1540/2810/2458
f 1540/2810/2458 1153/2809/2457 1152/2811/2459
f 1540/2810/2458 1152/2811/2459 1541/2812/2460
f 1541/2812/2460 1152/2811/2459 1151/2813/2461
f 1541/2812/2460 1151/2813/2461 1542/2814/2462
f 1542/2814/2462 1151/2813/2461 1150/2815/2463
f 1542/2814/2462 1150/2815/2463 1543/2816/2464
f 1543/2816/2464 1150/2815/2463 1149/2817/2465
f 1543/2816/2464 1149/2817/2465 1544/2818/2466
f 1544/2818/2466 1149/2817/2465 1148/2819/2467
f 1544/2818/2466 1148/2819/2467 530/2820/523
f 530/2820/523 1148/2819/2467 523/2821/524
f 1153/2822/2457 1539/2823/2456 1154/2824/2468
f 1154/2824/2468 1539/2823/2456 1763/2825/2469
f 1154/2824/2468 1763/2825/2469 1155/2826/2470
f 1155/2826/2470 1763/2825/2469 1762/2827/2471
f 1155/2826/2470 1762/2827/2471 1156/2828/2472
f 1156/2828/2472 1762/2827/2471 1761/2829/2473
f 1156/2828/2472 1761/2829/2473 499/2830/481
f 499/2830/481 1761/2829/2473 481/2831/482
f 500/2832/501 522/2833/500 1766/2834/2474
f 1766/2834/2474 522/2833/500 1147/2835/2475
f 1766/2834/2474 1147/2835/2475 1767/2836/2476
f 1767/2836/2476 1147/2835/2475 1146/2837/2477
f 1767/2836/2476 1146/2837/2477 1559/2838/2478
f 1559/2838/2478 1146/2837/2477 1145/2839/2479
f 1559/2840/2478 1145/2841/2479 1560/2842/2480
f 1560/2842/2480 1145/2841/2479 1144/2843/2481
f 1560/2842/2480 1144/2843/2481 1143/2844/2482
f 1142/2845/2483 1549/2846/2484 1143/2844/2482
f 1143/2844/2482 1549/2846/2484 1561/2847/2485
f 1143/2844/2482 1561/2847/2485 1560/2842/2480
f 471/2848/472 480/2849/471 1157/2850/2486
f 1157/2850/2486 480/2849/471 1531/2851/2487
f 1157/2850/2486 1531/2851/2487 1158/2852/2488
f 1158/2852/2488 1531/2851/2487 1530/2853/2489
f 1158/2852/2488 1530/2853/2489 1159/2854/2490
f 1159/2854/2490 1530/2853/2489 1529/2855/2491
f 1159/2854/2490 1529/2855/2491 1160/2856/2492
f 1160/2856/2492 1529/2855/2491 1528/2857/2493
f 1160/2856/2492 1528/2857/2493 1161/2858/2494
f 1161/2858/2494 1528/2857/2493 1527/2859/2495
f 1161/2858/2494 1527/2859/2495 1162/2860/2496
f 1162/2860/2496 1527/2859/2495 1526/2861/2497
f 1549/2862/2484 1142/2863/2483 1566/2864/2498
f 1566/2864/2498 1142/2863/2483 1141/2865/2499
f 1566/2864/2498 1141/2865/2499 1567/2866/2500
f 1567/2866/2500 1141/2865/2499 1140/2867/2501
f 1567/2866/2500 1140/2867/2501 1568/2868/2502
f 1568/2868/2502 1140/2867/2501 461/2869/462
f 1568/2868/2502 461/2869/462 470/2870/461
f 1162/2871/2496 1526/2872/2497 1163/2873/2503
f 1163/2873/2503 1526/2872/2497 1757/2874/2504
f 1163/2873/2503 1757/2874/2504 1164/2875/2505
f 1164/2875/2505 1757/2874/2504 1756/2876/2506
f 1164/2875/2505 1756/2876/2506 1165/2877/2507
f 1165/2877/2507 1756/2876/2506 1755/2878/2508
f 1165/2877/2507 1755/2878/2508 460/2879/442
f 460/2879/442 1755/2878/2508 442/2880/443
f 466/2881/469 465/2882/470 1330/2883/2509
f 1330/2883/2509 465/2882/470 1139/2884/2510
f 1330/2883/2509 1139/2884/2510 1331/2885/2511
f 1331/2885/2511 1139/2884/2510 1138/2886/2512
f 1331/2885/2511 1138/2886/2512 1332/2887/2513
f 1332/2887/2513 1138/2886/2512 1137/2888/2514
f 1332/2887/2513 1137/2888/2514 1324/2889/2515
f 1324/2890/2515 1137/2891/2514 1337/2892/2516
f 1337/2892/2516 1137/2891/2514 1136/2893/2517
f 1337/2892/2516 1136/2893/2517 1135/2894/2518
f 1134/2895/2519 1339/2896/2520 1135/2894/2518
f 1135/2894/2518 1339/2896/2520 1338/2897/2521
f 1135/2894/2518 1338/2897/2521 1337/2892/2516
f 432/2898/433 441/2899/432 1166/2900/2522
f 1166/2900/2522 441/2899/432 1518/2901/2523
f 1166/2900/2522 1518/2901/2523 1167/2902/2524
f 1167/2902/2524 1518/2901/2523 1517/2903/2525
f 1167/2902/2524 1517/2903/2525 1168/2904/2526
f 1168/2904/2526 1517/2903/2525 1516/2905/2527
f 1168/2904/2526 1516/2905/2527 1169/2906/2528
f 1169/2906/2528 1516/2905/2527 1515/2907/2529
f 1169/2906/2528 1515/2907/2529 1170/2908/2530
f 1170/2908/2530 1515/2907/2529 1514/2909/2531
f 1170/2908/2530 1514/2909/2531 1171/2910/2532
f 1171/2910/2532 1514/2909/2531 1513/2911/2533
f 1339/2912/2520 1134/2913/2519 1770/2914/2534
f 1770/2914/2534 1134/2913/2519 1133/2915/2535
f 1770/2914/2534 1133/2915/2535 1771/2916/2536
f 1771/2916/2536 1133/2915/2535 1132/2917/2537
f 1771/2916/2536 1132/2917/2537 420/2918/430
f 420/2918/430 1132/2917/2537 421/2919/431
f 1171/2920/2532 1513/2921/2533 1172/2922/2538
f 1172/2922/2538 1513/2921/2533 1751/2923/2539
f 1172/2922/2538 1751/2923/2539 1173/2924/2540
f 1173/2924/2540 1751/2923/2539 1750/2925/2541
f 1173/2924/2540 1750/2925/2541 1174/2926/2542
f 1174/2926/2542 1750/2925/2541 1749/2927/2543
f 1174/2926/2542 1749/2927/2543 1175/2928/2544
f 1175/2928/2544 1749/2927/2543 1645/2929/2545
f 1175/2930/2544 1645/2931/2545 1176/2932/2546
f 1176/2932/2546 1645/2931/2545 1654/2933/2547
f 1176/2932/2546 1654/2933/2547 1177/2934/2548
f 1177/2934/2548 1654/2933/2547 1653/2935/2549
f 1177/2934/2548 1653/2935/2549 1178/2936/2550
f 1178/2936/2550 1653/2935/2549 1652/2937/2551
f 1178/2936/2550 1652/2937/2551 1179/2938/2552
f 1179/2938/2552 1652/2937/2551 1651/2939/2553
f 1179/2938/2552 1651/2939/2553 1180/2940/2554
f 1180/2940/2554 1651/2939/2553 1650/2941/2555
f 1180/2940/2554 1650/2941/2555 1181/2942/2556
f 1181/2942/2556 1650/2941/2555 1649/2943/2557
f 1181/2942/2556 1649/2943/2557 1182/2944/2558
f 1182/2944/2558 1649/2943/2557 1648/2945/2559
f 1182/2944/2558 1648/2945/2559 1183/2946/2560
f 1183/2946/2560 1648/2945/2559 1647/2947/2561
f 1183/2946/2560 1647/2947/2561 1184/2948/2562
f 1184/2948/2562 1647/2947/2561 1646/2949/2563
f 1184/2948/2562 1646/2949/2563 1185/2950/2564
f 1185/2951/2564 1646/2952/2563 1186/2953/2565
f 1186/2953/2565 1646/2952/2563 1745/2954/2566
f 1186/2953/2565 1745/2954/2566 1187/2955/2567
f 1187/2955/2567 1745/2954/2566 1744/2956/2568
f 1187/2955/2567 1744/2956/2568 1188/2957/2569
f 1188/2957/2569 1744/2956/2568 1743/2958/2570
f 1188/2957/2569 1743/2958/2570 1189/2959/2571
f 1189/2959/2571 1743/2958/2570 1504/2960/2572
f 406/2961/409 405/2962/410 1379/2963/2573
f 1379/2963/2573 405/2962/410 1131/2964/2574
f 1379/2963/2573 1131/2964/2574 1380/2965/2575
f 1380/2965/2575 1131/2964/2574 1130/2966/2576
f 1380/2965/2575 1130/2966/2576 1381/2967/2577
f 1381/2967/2577 1130/2966/2576 1129/2968/2578
f 1381/2967/2577 1129/2968/2578 1382/2969/2579
f 1382/2969/2579 1129/2968/2578 1128/2970/2580
f 1382/2969/2579 1128/2970/2580 1383/2971/2581
f 1383/2971/2581 1128/2970/2580 1127/2972/2582
f 1383/2971/2581 1127/2972/2582 1384/2973/2583
f 1384/2973/2583 1127/2972/2582 1126/2974/2584
f 1189/2975/2571 1504/2976/2572 1190/2977/2585
f 1190/2977/2585 1504/2976/2572 1503/2978/2586
f 1190/2977/2585 1503/2978/2586 1191/2979/2587
f 1191/2979/2587 1503/2978/2586 1502/2980/2588
f 1191/2979/2587 1502/2980/2588 1192/2981/2589
f 1192/2981/2589 1502/2980/2588 1501/2982/2590
f 1192/2981/2589 1501/2982/2590 1193/2983/2591
f 1193/2983/2591 1501/2982/2590 1500/2984/2592
f 1193/2983/2591 1500/2984/2592 1194/2985/2593
f 1194/2985/2593 1500/2984/2592 1499/2986/2594
f 1194/2985/2593 1499/2986/2594 1195/2987/2595
f 1195/2987/2595 1499/2986/2594 1498/2988/2596
f 1384/2989/2583 1126/2990/2584 1775/2991/2597
f 1775/2991/2597 1126/2990/2584 1125/2992/2598
f 1775/2991/2597 1125/2992/2598 1776/2993/2599
f 1776/2993/2599 1125/2992/2598 1124/2994/2600
f 1776/2993/2599 1124/2994/2600 1777/2995/2601
f 1777/2995/2601 1124/2994/2600 1123/2996/2602
f 1777/2995/2601 1123/2996/2602 390/2997/399
f 390/2997/399 1123/2996/2602 391/2998/400
f 1195/2999/2595 1498/3000/2596 1196/3001/2603
f 1196/3001/2603 1498/3000/2596 1739/3002/2604
f 1196/3001/2603 1739/3002/2604 1197/3003/2605
f 1197/3003/2605 1739/3002/2604 1738/3004/2606
f 1197/3003/2605 1738/3004/2606 1198/3005/2607
f 1198/3005/2607 1738/3004/2606 1737/3006/2608
f 1198/3005/2607 1737/3006/2608 1199/3007/2609
f 1199/3007/2609 1737/3006/2608 1626/3008/2610
f 1199/3009/2609 1626/3010/2610 1200/3011/2611
f 1200/3011/2611 1626/3010/2610 1636/3012/2612
f 1200/3011/2611 1636/3012/2612 1201/3013/2613
f 1201/3013/2613 1636/3012/2612 1635/3014/2614
f 1201/3013/2613 1635/3014/2614 1202/3015/2615
f 1202/3015/2615 1635/3014/2614 1634/3016/2616
f 1202/3015/2615 1634/3016/2616 1203/3017/2617
f 1203/3017/2617 1634/3016/2616 1633/3018/2618
f 1203/3017/2617 1633/3018/2618 1204/3019/2619
f 1204/3019/2619 1633/3018/2618 1632/3020/2620
f 1204/3019/2619 1632/3020/2620 1205/3021/2621
f 1205/3021/2621 1632/3020/2620 1631/3022/2622
f 1205/3021/2621 1631/3022/2622 1206/3023/2623
f 1206/3023/2623 1631/3022/2622 1630/3024/2624
f 1206/3023/2623 1630/3024/2624 1207/3025/2625
f 1207/3025/2625 1630/3024/2624 1629/3026/2626
f 1207/3025/2625 1629/3026/2626 1208/3027/2627
f 1208/3027/2627 1629/3026/2626 1628/3028/2628
f 1208/3027/2627 1628/3028/2628 1209/3029/2629
f 1209/3029/2629 1628/3028/2628 1627/3030/2630
f 1209/3029/2629 1627/3030/2630 1210/3031/2631
f 1210/3032/2631 1627/3033/2630 1211/3034/2632
f 1211/3034/2632 1627/3033/2630 1733/3035/2633
f 1211/3034/2632 1733/3035/2633 1212/3036/2634
f 1212/3036/2634 1733/3035/2633 1732/3037/2635
f 1212/3036/2634 1732/3037/2635 1213/3038/2636
f 1213/3038/2636 1732/3037/2635 1458/3039/2637
f 377/3040/380 376/3041/381 1392/3042/2638
f 1392/3042/2638 376/3041/381 1122/3043/2639
f 1392/3042/2638 1122/3043/2639 1393/3044/2640
f 1393/3044/2640 1122/3043/2639 1121/3045/2641
f 1393/3044/2640 1121/3045/2641 1394/3046/2642
f 1394/3046/2642 1121/3045/2641 1120/3047/2643
f 1394/3046/2642 1120/3047/2643 1395/3048/2644
f 1395/3048/2644 1120/3047/2643 1119/3049/2645
f 1395/3048/2644 1119/3049/2645 1396/3050/2646
f 1396/3050/2646 1119/3049/2645 1118/3051/2647
f 1396/3050/2646 1118/3051/2647 553/3052/2648
f 553/3052/2648 1118/3051/2647 1117/3053/2649
f 1213/3054/2650 1458/3055/2637 1214/3056/2651
f 1214/3056/2651 1458/3055/2637 1457/3057/2652
f 1214/3056/2651 1457/3057/2652 1456/3058/2653
f 1444/3059/2654 1216/3060/2655 1456/3058/2653
f 1456/3058/2653 1216/3060/2655 1215/3061/2656
f 1456/3058/2653 1215/3061/2656 1214/3056/2651
f 553/3062/2648 1117/3063/2649 554/3064/2657
f 554/3064/2657 1117/3063/2649 1116/3065/2658
f 554/3064/2657 1116/3065/2658 555/3066/2659
f 555/3066/2659 1116/3065/2658 1115/3067/2660
f 555/3066/2659 1115/3067/2660 556/3068/2661
f 556/3068/2661 1115/3067/2660 1114/3069/2662
f 556/3068/2661 1114/3069/2662 361/3070/370
f 361/3070/370 1114/3069/2662 362/3071/371
f 1444/3072/2654 1451/3073/2663 1216/3074/2655
f 1216/3074/2655 1451/3073/2663 1217/3075/2664
f 1217/3075/2664 1451/3073/2663 1450/3076/2665
f 1217/3075/2664 1450/3076/2665 1218/3077/2666
f 1218/3077/2666 1450/3076/2665 1449/3078/2667
f 1218/3077/2666 1449/3078/2667 1219/3079/2668
f 1219/3079/2668 1449/3078/2667 1079/3080/2669
f 1219/3081/2668 1079/3082/2669 1220/3083/2670
f 1220/3083/2670 1079/3082/2669 1078/3084/2671
f 1220/3083/2670 1078/3084/2671 1221/3085/2672
f 1221/3085/2672 1078/3084/2671 1077/3086/2673
f 1221/3085/2672 1077/3086/2673 1222/3087/2674
f 1222/3087/2674 1077/3086/2673 1076/3088/2675
f 1222/3087/2674 1076/3088/2675 1223/3089/2676
f 1223/3089/2676 1076/3088/2675 1075/3090/2677
f 1075/3091/2677 1443/3092/2678 1223/3093/2676
f 1223/3093/2676 1443/3092/2678 1224/3094/2679
f 1224/3094/2679 1443/3092/2678 1442/3095/2680
f 1224/3094/2679 1442/3095/2680 1225/3096/2681
f 1225/3096/2681 1442/3095/2680 1441/3097/2682
f 1225/3096/2681 1441/3097/2682 1226/3098/2683
f 1226/3098/2683 1441/3097/2682 1425/3099/2684
f 348/3100/351 347/3101/352 1403/3102/2685
f 1403/3102/2685 347/3101/352 1113/3103/2686
f 1403/3102/2685 1113/3103/2686 1404/3104/2687
f 1404/3104/2687 1113/3103/2686 1112/3105/2688
f 1404/3104/2687 1112/3105/2688 1405/3106/2689
f 1405/3106/2689 1112/3105/2688 1111/3107/2690
f 1405/3106/2689 1111/3107/2690 1406/3108/2691
f 1406/3108/2691 1111/3107/2690 1110/3109/2692
f 1406/3108/2691 1110/3109/2692 1407/3110/2693
f 1407/3110/2693 1110/3109/2692 1109/3111/2694
f 1407/3110/2693 1109/3111/2694 544/3112/2695
f 544/3112/2695 1109/3111/2694 1108/3113/2696
f 1226/3114/2683 1425/3115/2684 1227/3116/2697
f 1227/3116/2697 1425/3115/2684 1437/3117/2698
f 1227/3116/2697 1437/3117/2698 1436/3118/2699
f 1435/3119/2700 1229/3120/2701 1436/3118/2699
f 1436/3118/2699 1229/3120/2701 1228/3121/2702
f 1436/3118/2699 1228/3121/2702 1227/3116/2697
f 544/3122/2695 1108/3123/2696 545/3124/2703
f 545/3124/2703 1108/3123/2696 1107/3125/2704
f 545/3124/2703 1107/3125/2704 546/3126/2705
f 546/3126/2705 1107/3125/2704 1106/3127/2706
f 546/3126/2705 1106/3127/2706 547/3128/2707
f 547/3128/2707 1106/3127/2706 1105/3129/2708
f 547/3128/2707 1105/3129/2708 548/3130/2709
f 548/3130/2709 1105/3129/2708 1104/3131/2710
f 1229/3132/2701 1435/3133/2700 1230/3134/2711
f 1230/3134/2711 1435/3133/2700 1729/3135/2712
f 1230/3134/2711 1729/3135/2712 1231/3136/2713
f 1231/3136/2713 1729/3135/2712 1728/3137/2714
f 1231/3136/2713 1728/3137/2714 1232/3138/2715
f 1232/3138/2715 1728/3137/2714 1605/3139/2716
f 1104/3140/2717 1103/3141/2718 548/3142/2709
f 548/3142/2709 1103/3141/2718 1586/3143/2719
f 1586/3143/2719 1103/3141/2718 1102/3144/2720
f 1586/3143/2719 1102/3144/2720 1587/3145/2721
f 1587/3145/2721 1102/3144/2720 1101/3146/2722
f 1587/3145/2721 1101/3146/2722 1588/3147/2723
f 1588/3147/2723 1101/3146/2722 1100/3148/2724
f 1588/3147/2723 1100/3148/2724 1589/3149/2725
f 1589/3149/2725 1100/3148/2724 1099/3150/2726
f 1589/3149/2725 1099/3150/2726 1590/3151/2727
f 1590/3151/2727 1099/3150/2726 1098/3152/2728
f 1590/3151/2727 1098/3152/2728 1591/3153/2729
f 1591/3153/2729 1098/3152/2728 1097/3154/2730
f 1591/3153/2729 1097/3154/2730 1592/3155/2731
f 1592/3155/2731 1097/3154/2730 1096/3156/2732
f 1592/3155/2731 1096/3156/2732 1593/3157/2733
f 1593/3157/2733 1096/3156/2732 1095/3158/2734
f 1593/3157/2733 1095/3158/2734 1585/3159/2735
f 1585/3159/2735 1095/3158/2734 1094/3160/2736
f 1232/3161/2737 1605/3162/2716 1233/3163/2738
f 1233/3163/2738 1605/3162/2716 1614/3164/2739
f 1233/3163/2738 1614/3164/2739 1234/3165/2740
f 1234/3165/2740 1614/3164/2739 1613/3166/2741
f 1234/3165/2740 1613/3166/2741 1235/3167/2742
f 1235/3167/2742 1613/3166/2741 1612/3168/2743
f 1235/3167/2742 1612/3168/2743 1236/3169/2744
f 1236/3169/2744 1612/3168/2743 1611/3170/2745
f 1236/3169/2744 1611/3170/2745 1237/3171/2746
f 1237/3171/2746 1611/3170/2745 1610/3172/2747
f 1237/3171/2746 1610/3172/2747 1238/3173/2748
f 1238/3173/2748 1610/3172/2747 1609/3174/2749
f 1238/3173/2748 1609/3174/2749 1239/3175/2750
f 1239/3175/2750 1609/3174/2749 1608/3176/2751
f 1239/3175/2750 1608/3176/2751 1240/3177/2752
f 1240/3177/2752 1608/3176/2751 1607/3178/2753
f 1240/3177/2752 1607/3178/2753 1241/3179/2754
f 1241/3179/2754 1607/3178/2753 1606/3180/2755
f 1241/3179/2754 1606/3180/2755 1242/3181/2756
f 1242/3181/2756 1606/3180/2755 539/3182/2757
f 1242/3181/2756 539/3182/2757 1080/3183/2758
f 1585/3184/2735 1094/3185/2736 1723/3186/2759
f 1723/3186/2759 1094/3185/2736 1093/3187/2760
f 1723/3186/2759 1093/3187/2760 1724/3188/2761
f 1724/3188/2761 1093/3187/2760 1092/3189/2762
f 1724/3188/2761 1092/3189/2762 1725/3190/2763
f 1725/3190/2763 1092/3189/2762 1091/3191/2764
f 1725/3190/2763 1091/3191/2764 1415/3192/2765
f 1415/3192/2765 1091/3191/2764 1090/3193/2766
f 1080/3194/2758 539/3195/2757 1081/3196/2767
f 1081/3196/2767 539/3195/2757 538/3197/2768
f 1081/3196/2767 538/3197/2768 1082/3198/2769
f 1082/3198/2769 538/3197/2768 537/3199/2770
f 1082/3198/2769 537/3199/2770 1083/3200/2771
f 1083/3200/2771 537/3199/2770 536/3201/2772
f 1083/3200/2771 536/3201/2772 1084/3202/2773
f 1084/3202/2773 536/3201/2772 535/3203/2774
f 1415/3204/2765 1090/3205/2766 1416/3206/2775
f 1416/3206/2775 1090/3205/2766 1089/3207/2776
f 1416/3206/2775 1089/3207/2776 1417/3208/2777
f 1417/3208/2777 1089/3207/2776 1088/3209/2778
f 1417/3208/2777 1088/3209/2778 1418/3210/2779
f 1418/3210/2779 1088/3209/2778 1087/3211/2780
f 1418/3210/2779 1087/3211/2780 1419/3212/2781
f 1419/3212/2781 1087/3211/2780 1086/3213/2782
f 1419/3212/2781 1086/3213/2782 1420/3214/2783
f 1420/3214/2783 1086/3213/2782 1085/3215/2784
f 1420/3214/2783 1085/3215/2784 535/3216/2774
f 535/3216/2774 1085/3215/2784 1084/3217/2773
f 1780/3218/2785 1018/3219/1161 1781/3220/2786
f 1781/3220/2786 1018/3219/1161 1760/3221/2438
f 1781/3220/2786 1760/3221/2438 1783/3222/2787
f 1783/3222/2787 1760/3221/2438 1759/3223/2436
f 1783/3222/2787 1759/3223/2436 1785/3224/2788
f 1785/3224/2788 1759/3223/2436 1758/3225/2434
f 1785/3224/2788 1758/3225/2434 1538/3226/2026
f 1538/3226/2026 1778/3227/2789 1785/3224/2788
f 1785/3224/2788 1778/3227/2789 1783/3222/2787
f 1783/3222/2787 1778/3227/2789 1784/3228/2790
f 1784/3228/2790 1778/3227/2789 1663/3229/2305
f 1784/3228/2790 1663/3229/2305 1662/3230/2304
f 1784/3228/2790 1662/3230/2304 1782/3231/2791
f 1782/3231/2791 1662/3230/2304 1661/3232/2281
f 1782/3231/2791 1661/3232/2281 1779/3233/2792
f 1779/3233/2792 1661/3232/2281 1660/3234/2793
f 1779/3233/2792 1780/3218/2785 1782/3231/2791
f 1782/3231/2791 1780/3218/2785 1781/3220/2786
f 1782/3231/2791 1781/3220/2786 1784/3228/2790
f 1784/3228/2790 1781/3220/2786 1783/3222/2787
f 1018/3235/1161 1780/3236/2785 1019/3237/1163
f 1019/3237/1163 1780/3236/2785 1787/3238/2794
f 1019/3237/1163 1787/3238/2794 1020/3239/1165
f 1020/3239/1165 1787/3238/2794 1789/3240/2795
f 1020/3239/1165 1789/3240/2795 1021/3241/1167
f 1021/3241/1167 1789/3240/2795 1791/3242/2796
f 1021/3241/1167 1791/3242/2796 1022/3243/1169
f 1022/3243/1169 1791/3242/2796 1793/3244/2797
f 1022/3243/1169 1793/3244/2797 1023/3245/1171
f 1023/3245/1171 1793/3244/2797 1795/3246/2798
f 1023/3245/1171 1795/3246/2798 1024/3247/1173
f 1024/3247/1173 1795/3246/2798 1797/3248/2799
f 1024/3247/1173 1797/3248/2799 1025/3249/1175
f 1025/3249/1175 1797/3248/2799 1799/3250/2800
f 1025/3249/1175 1799/3250/2800 1026/3251/1177
f 1026/3251/1177 1799/3250/2800 1801/3252/2801
f 1026/3251/1177 1801/3252/2801 335/3253/342
f 335/3253/342 1801/3252/2801 336/3254/341
f 336/3254/341 1801/3252/2801 1800/3255/2802
f 336/3254/341 1800/3255/2802 337/3256/328
f 337/3256/328 1800/3255/2802 326/3257/326
f 326/3257/326 1800/3255/2802 1666/3258/2296
f 1666/3258/2296 1800/3255/2802 1798/3259/2803
f 1666/3258/2296 1798/3259/2803 1667/3260/2294
f 1667/3260/2294 1798/3259/2803 1796/3261/2804
f 1667/3260/2294 1796/3261/2804 1668/3262/2293
f 1668/3262/2293 1796/3261/2804 1794/3263/2805
f 1668/3262/2293 1794/3263/2805 1669/3264/2291
f 1669/3264/2291 1794/3263/2805 1792/3265/2806
f 1669/3264/2291 1792/3265/2806 1670/3266/2289
f 1670/3266/2289 1792/3265/2806 1790/3267/2807
f 1670/3266/2289 1790/3267/2807 1671/3268/2287
f 1671/3268/2287 1790/3267/2807 1788/3269/2808
f 1671/3268/2287 1788/3269/2808 1672/3270/2285
f 1672/3270/2285 1788/3269/2808 1786/3271/2809
f 1672/3270/2285 1786/3271/2809 1660/3272/2283
f 1660/3272/2283 1786/3271/2809 1779/3273/2792
f 1779/3273/2792 1786/3271/2809 1787/3238/2794
f 1779/3273/2792 1787/3238/2794 1780/3236/2785
f 1789/3240/2795 1787/3238/2794 1786/3271/2809
f 1791/3242/2796 1789/3240/2795 1788/3269/2808
f 1788/3269/2808 1789/3240/2795 1786/3271/2809
f 1793/3244/2797 1791/3242/2796 1790/3267/2807
f 1790/3267/2807 1791/3242/2796 1788/3269/2808
f 1795/3246/2798 1793/3244/2797 1792/3265/2806
f 1792/3265/2806 1793/3244/2797 1790/3267/2807
f 1797/3248/2799 1795/3246/2798 1794/3263/2805
f 1794/3263/2805 1795/3246/2798 1792/3265/2806
f 1799/3250/2800 1797/3248/2799 1796/3261/2804
f 1796/3261/2804 1797/3248/2799 1794/3263/2805
f 1801/3252/2801 1799/3250/2800 1798/3259/2803
f 1798/3259/2803 1799/3250/2800 1796/3261/2804
f 1800/3255/2802 1801/3252/2801 1798/3259/2803
f 1804/3274/2810 1008/3275/1116 1805/3276/2811
f 1805/3276/2811 1008/3275/1116 1765/3277/2445
f 1805/3276/2811 1765/3277/2445 1807/3278/2812
f 1807/3278/2812 1765/3277/2445 1764/3279/2443
f 1807/3278/2812 1764/3279/2443 1809/3280/2813
f 1809/3280/2813 1764/3279/2443 1558/3281/2100
f 1809/3280/2813 1558/3281/2100 1802/3282/2814
f 1676/3283/2333 1808/3284/2815 1802/3282/2814
f 1802/3282/2814 1808/3284/2815 1807/3278/2812
f 1802/3282/2814 1807/3278/2812 1809/3280/2813
f 1676/3283/2333 1675/3285/2332 1808/3284/2815
f 1808/3284/2815 1675/3285/2332 1806/3286/2816
f 1808/3284/2815 1806/3286/2816 1805/3276/2811
f 1805/3276/2811 1806/3286/2816 1804/3274/2810
f 1675/3285/2332 1674/3287/2306 1806/3286/2816
f 1806/3286/2816 1674/3287/2306 1803/3288/2817
f 1806/3286/2816 1803/3288/2817 1804/3274/2810
f 1674/3287/2306 1673/3289/2308 1803/3288/2817
f 1807/3278/2812 1808/3284/2815 1805/3276/2811
f 1008/3290/1116 1804/3291/2810 1009/3292/1118
f 1009/3292/1118 1804/3291/2810 1811/3293/2818
f 1009/3292/1118 1811/3293/2818 1010/3294/1119
f 1010/3294/1119 1811/3293/2818 1813/3295/2819
f 1010/3294/1119 1813/3295/2819 1011/3296/1121
f 1011/3296/1121 1813/3295/2819 1815/3297/2820
f 1011/3296/1121 1815/3297/2820 1012/3298/1123
f 1012/3298/1123 1815/3297/2820 1817/3299/2821
f 1012/3298/1123 1817/3299/2821 1013/3300/1125
f 1013/3300/1125 1817/3299/2821 1819/3301/2822
f 1013/3300/1125 1819/3301/2822 1014/3302/1127
f 1014/3302/1127 1819/3301/2822 1821/3303/2823
f 1014/3302/1127 1821/3303/2823 1015/3304/1129
f 1015/3304/1129 1821/3303/2823 1823/3305/2824
f 1015/3304/1129 1823/3305/2824 1016/3306/1131
f 1016/3306/1131 1823/3305/2824 1825/3307/2825
f 1016/3306/1131 1825/3307/2825 1017/3308/1133
f 1017/3308/1133 1825/3307/2825 316/3309/320
f 1017/3308/1133 316/3309/320 315/3310/321
f 1804/3291/2810 1803/3311/2817 1811/3293/2818
f 1811/3293/2818 1803/3311/2817 1810/3312/2826
f 1811/3293/2818 1810/3312/2826 1813/3295/2819
f 1813/3295/2819 1810/3312/2826 1812/3313/2827
f 1813/3295/2819 1812/3313/2827 1815/3297/2820
f 1815/3297/2820 1812/3313/2827 1814/3314/2828
f 1815/3297/2820 1814/3314/2828 1817/3299/2821
f 1817/3299/2821 1814/3314/2828 1816/3315/2829
f 1817/3299/2821 1816/3315/2829 1819/3301/2822
f 1819/3301/2822 1816/3315/2829 1818/3316/2830
f 1819/3301/2822 1818/3316/2830 1821/3303/2823
f 1821/3303/2823 1818/3316/2830 1820/3317/2831
f 1821/3303/2823 1820/3317/2831 1823/3305/2824
f 1823/3305/2824 1820/3317/2831 1822/3318/2832
f 1823/3305/2824 1822/3318/2832 1825/3307/2825
f 1825/3307/2825 1822/3318/2832 1824/3319/2833
f 1825/3307/2825 1824/3319/2833 316/3309/320
f 316/3309/320 1824/3319/2833 317/3320/322
f 317/3320/322 1824/3319/2833 1682/3321/2323
f 317/3320/322 1682/3321/2323 318/3322/324
f 1803/3311/2817 1673/3323/2308 1810/3312/2826
f 1810/3312/2826 1673/3323/2308 1689/3324/2310
f 1810/3312/2826 1689/3324/2310 1812/3313/2827
f 1812/3313/2827 1689/3324/2310 1688/3325/2312
f 1812/3313/2827 1688/3325/2312 1814/3314/2828
f 1814/3314/2828 1688/3325/2312 1687/3326/2314
f 1814/3314/2828 1687/3326/2314 1816/3315/2829
f 1816/3315/2829 1687/3326/2314 1686/3327/2315
f 1816/3315/2829 1686/3327/2315 1818/3316/2830
f 1818/3316/2830 1686/3327/2315 1685/3328/2317
f 1818/3316/2830 1685/3328/2317 1820/3317/2831
f 1820/3317/2831 1685/3328/2317 1684/3329/2319
f 1820/3317/2831 1684/3329/2319 1822/3318/2832
f 1822/3318/2832 1684/3329/2319 1683/3330/2321
f 1822/3318/2832 1683/3330/2321 1824/3319/2833
f 1824/3319/2833 1683/3330/2321 1682/3321/2323
f 300/3331/300 299/3332/301 998/3333/1072
f 998/3333/1072 299/3332/301 1829/3334/2834
f 998/3333/1072 1829/3334/2834 999/3335/1073
f 999/3335/1073 1829/3334/2834 1831/3336/2835
f 999/3335/1073 1831/3336/2835 1000/3337/1075
f 1000/3337/1075 1831/3336/2835 1833/3338/2836
f 1000/3337/1075 1833/3338/2836 1001/3339/1077
f 1001/3339/1077 1833/3338/2836 1835/3340/2837
f 1001/3339/1077 1835/3340/2837 1002/3341/1079
f 1002/3341/1079 1835/3340/2837 1837/3342/2838
f 1002/3341/1079 1837/3342/2838 1003/3343/1081
f 1003/3343/1081 1837/3342/2838 1839/3344/2839
f 1003/3343/1081 1839/3344/2839 1004/3345/1083
f 1004/3345/1083 1839/3344/2839 1841/3346/2840
f 1004/3345/1083 1841/3346/2840 1005/3347/1085
f 1005/3347/1085 1841/3346/2840 1843/3348/2841
f 1005/3347/1085 1843/3348/2841 1006/3349/1087
f 1006/3349/1087 1843/3348/2841 1827/3350/2842
f 1006/3349/1087 1827/3350/2842 1007/3351/1090
f 299/3332/301 298/3352/303 1829/3334/2834
f 1829/3334/2834 298/3352/303 1828/3353/2843
f 1829/3334/2834 1828/3353/2843 1831/3336/2835
f 1831/3336/2835 1828/3353/2843 1830/3354/2844
f 1831/3336/2835 1830/3354/2844 1833/3338/2836
f 1833/3338/2836 1830/3354/2844 1832/3355/2845
f 1833/3338/2836 1832/3355/2845 1835/3340/2837
f 1835/3340/2837 1832/3355/2845 1834/3356/2846
f 1835/3340/2837 1834/3356/2846 1837/3342/2838
f 1837/3342/2838 1834/3356/2846 1836/3357/2847
f 1837/3342/2838 1836/3357/2847 1839/3344/2839
f 1839/3344/2839 1836/3357/2847 1838/3358/2848
f 1839/3344/2839 1838/3358/2848 1841/3346/2840
f 1841/3346/2840 1838/3358/2848 1840/3359/2849
f 1841/3346/2840 1840/3359/2849 1843/3348/2841
f 1843/3348/2841 1840/3359/2849 1842/3360/2850
f 1843/3348/2841 1842/3360/2850 1827/3350/2842
f 1827/3350/2842 1842/3360/2850 1826/3361/2851
f 1826/3361/2851 1842/3360/2850 1699/3362/2350
f 1826/3361/2851 1699/3362/2350 1698/3363/2348
f 298/3352/303 297/3364/305 1828/3353/2843
f 1828/3353/2843 297/3364/305 1706/3365/2363
f 1828/3353/2843 1706/3365/2363 1830/3354/2844
f 1830/3354/2844 1706/3365/2363 1705/3366/2361
f 1830/3354/2844 1705/3366/2361 1832/3355/2845
f 1832/3355/2845 1705/3366/2361 1704/3367/2359
f 1832/3355/2845 1704/3367/2359 1834/3356/2846
f 1834/3356/2846 1704/3367/2359 1703/3368/2357
f 1834/3356/2846 1703/3368/2357 1836/3357/2847
f 1836/3357/2847 1703/3368/2357 1702/3369/2355
f 1836/3357/2847 1702/3369/2355 1838/3358/2848
f 1838/3358/2848 1702/3369/2355 1701/3370/2354
f 1838/3358/2848 1701/3370/2354 1840/3359/2849
f 1840/3359/2849 1701/3370/2354 1700/3371/2352
f 1840/3359/2849 1700/3371/2352 1842/3360/2850
f 1842/3360/2850 1700/3371/2352 1699/3362/2350
f 1698/3372/2348 1697/3373/2344 1826/3374/2851
f 1826/3374/2851 1697/3373/2344 1845/3375/2852
f 1826/3374/2851 1845/3375/2852 1846/3376/2853
f 1846/3376/2853 1845/3375/2852 1848/3377/2854
f 1846/3376/2853 1848/3377/2854 1768/3378/2447
f 1768/3378/2447 1848/3377/2854 1769/3379/2449
f 1769/3379/2449 1848/3377/2854 1849/3380/2855
f 1769/3379/2449 1849/3380/2855 1340/3381/1883
f 1340/3381/1883 1849/3380/2855 1844/3382/2856
f 1844/3382/2856 1849/3380/2855 1847/3383/2857
f 1844/3382/2856 1847/3383/2857 1695/3384/2347
f 1695/3384/2347 1847/3383/2857 1696/3385/2345
f 1696/3385/2345 1847/3383/2857 1845/3375/2852
f 1696/3385/2345 1845/3375/2852 1697/3373/2344
f 1768/3378/2447 1007/3386/1090 1846/3376/2853
f 1846/3376/2853 1007/3386/1090 1827/3387/2842
f 1846/3376/2853 1827/3387/2842 1826/3374/2851
f 1849/3380/2855 1848/3377/2854 1847/3383/2857
f 1847/3383/2857 1848/3377/2854 1845/3375/2852
f 281/3388/291 280/3389/283 989/3390/1030
f 989/3390/1030 280/3389/283 1853/3391/2858
f 989/3390/1030 1853/3391/2858 990/3392/1032
f 990/3392/1032 1853/3391/2858 1855/3393/2859
f 990/3392/1032 1855/3393/2859 991/3394/1034
f 991/3394/1034 1855/3393/2859 1857/3395/2860
f 991/3394/1034 1857/3395/2860 992/3396/1036
f 992/3396/1036 1857/3395/2860 1859/3397/2861
f 992/3396/1036 1859/3397/2861 993/3398/1038
f 993/3398/1038 1859/3397/2861 1861/3399/2862
f 993/3398/1038 1861/3399/2862 994/3400/1040
f 994/3400/1040 1861/3399/2862 1863/3401/2863
f 994/3400/1040 1863/3401/2863 995/3402/1042
f 995/3402/1042 1863/3401/2863 1865/3403/2864
f 995/3402/1042 1865/3403/2864 996/3404/1044
f 996/3404/1044 1865/3403/2864 1867/3405/2865
f 996/3404/1044 1867/3405/2865 997/3406/1046
f 997/3406/1046 1867/3405/2865 1851/3407/2866
f 1851/3407/2866 1867/3405/2865 1866/3408/2867
f 1851/3407/2866 1866/3408/2867 1850/3409/2868
f 1850/3409/2868 1866/3408/2867 1712/3410/2379
f 1712/3410/2379 1866/3408/2867 1713/3411/2377
f 1713/3411/2377 1866/3408/2867 1864/3412/2869
f 1713/3411/2377 1864/3412/2869 1714/3413/2375
f 1714/3413/2375 1864/3412/2869 1862/3414/2870
f 1714/3413/2375 1862/3414/2870 1715/3415/2373
f 1715/3415/2373 1862/3414/2870 1860/3416/2871
f 1715/3415/2373 1860/3416/2871 1716/3417/2371
f 1716/3417/2371 1860/3416/2871 1858/3418/2872
f 1716/3417/2371 1858/3418/2872 1717/3419/2370
f 1717/3419/2370 1858/3418/2872 1856/3420/2873
f 1717/3419/2370 1856/3420/2873 1718/3421/2368
f 1718/3421/2368 1856/3420/2873 1854/3422/2874
f 1718/3421/2368 1854/3422/2874 1719/3423/2366
f 1719/3423/2366 1854/3422/2874 1852/3424/2875
f 1719/3423/2366 1852/3424/2875 278/3425/282
f 278/3425/282 1852/3424/2875 279/3426/281
f 279/3426/281 1852/3424/2875 1853/3391/2858
f 279/3426/281 1853/3391/2858 280/3389/283
f 1855/3393/2859 1853/3391/2858 1852/3424/2875
f 1857/3395/2860 1855/3393/2859 1854/3422/2874
f 1854/3422/2874 1855/3393/2859 1852/3424/2875
f 1859/3397/2861 1857/3395/2860 1856/3420/2873
f 1856/3420/2873 1857/3395/2860 1854/3422/2874
f 1861/3399/2862 1859/3397/2861 1858/3418/2872
f 1858/3418/2872 1859/3397/2861 1856/3420/2873
f 1863/3401/2863 1861/3399/2862 1860/3416/2871
f 1860/3416/2871 1861/3399/2862 1858/3418/2872
f 1865/3403/2864 1863/3401/2863 1862/3414/2870
f 1862/3414/2870 1863/3401/2863 1860/3416/2871
f 1867/3405/2865 1865/3403/2864 1864/3412/2869
f 1864/3412/2869 1865/3403/2864 1862/3414/2870
f 1866/3408/2867 1867/3405/2865 1864/3412/2869
f 1712/3427/2379 1711/3428/2381 1850/3429/2868
f 1850/3429/2868 1711/3428/2381 1869/3430/2876
f 1850/3429/2868 1869/3430/2876 1870/3431/2877
f 1870/3431/2877 1869/3430/2876 1872/3432/2878
f 1870/3431/2877 1872/3432/2878 1773/3433/2453
f 1773/3433/2453 1872/3432/2878 1774/3434/2455
f 1774/3434/2455 1872/3432/2878 1873/3435/2879
f 1774/3434/2455 1873/3435/2879 1385/3436/1950
f 1385/3436/1950 1873/3435/2879 1868/3437/2880
f 1868/3437/2880 1873/3435/2879 1871/3438/2881
f 1868/3437/2880 1871/3438/2881 1709/3439/2384
f 1709/3439/2384 1871/3438/2881 1710/3440/2383
f 1710/3440/2383 1871/3438/2881 1869/3430/2876
f 1710/3440/2383 1869/3430/2876 1711/3428/2381
f 1773/3433/2453 1772/3441/2451 1870/3431/2877
f 1870/3431/2877 1772/3441/2451 1851/3442/2866
f 1870/3431/2877 1851/3442/2866 1850/3429/2868
f 1772/3441/2451 997/3443/1046 1851/3442/2866
f 1873/3435/2879 1872/3432/2878 1871/3438/2881
f 1871/3438/2881 1872/3432/2878 1869/3430/2876
f 243/3444/253 1576/3445/2130 244/3446/252
f 244/3446/252 1576/3445/2130 1875/3447/2882
f 244/3446/252 1875/3447/2882 1876/3448/2883
f 1876/3448/2883 1875/3447/2882 1878/3449/2884
f 1876/3448/2883 1878/3449/2884 550/3450/568
f 550/3450/568 1878/3449/2884 551/3451/570
f 551/3451/570 1878/3449/2884 1879/3452/2885
f 551/3451/570 1879/3452/2885 552/3453/572
f 552/3453/572 1879/3452/2885 1874/3454/2886
f 1874/3454/2886 1879/3452/2885 1877/3455/2887
f 1874/3454/2886 1877/3455/2887 1574/3456/2134
f 1574/3456/2134 1877/3455/2887 1575/3457/2132
f 1575/3457/2132 1877/3455/2887 1875/3447/2882
f 1575/3457/2132 1875/3447/2882 1576/3445/2130
f 550/3450/568 549/3458/566 1876/3448/2883
f 1876/3448/2883 549/3458/566 245/3459/223
f 1876/3448/2883 245/3459/223 244/3446/252
f 549/3458/566 223/3460/224 245/3459/223
f 1879/3452/2885 1878/3449/2884 1877/3455/2887
f 1877/3455/2887 1878/3449/2884 1875/3447/2882
f 194/3461/202 193/3462/203 1881/3463/2888
f 1881/3463/2888 193/3462/203 1722/3464/2394
f 1881/3463/2888 1722/3464/2394 1883/3465/2889
f 1883/3465/2889 1722/3464/2394 1721/3466/2392
f 1883/3465/2889 1721/3466/2392 1885/3467/2890
f 1885/3467/2890 1721/3466/2392 1720/3468/2390
f 1885/3467/2890 1720/3468/2390 1414/3469/1906
f 1414/3469/1906 1880/3470/2891 1885/3467/2890
f 1885/3467/2890 1880/3470/2891 1883/3465/2889
f 1883/3465/2889 1880/3470/2891 1884/3471/2892
f 1884/3471/2892 1880/3470/2891 1579/3472/2155
f 1884/3471/2892 1579/3472/2155 1578/3473/2154
f 1884/3471/2892 1578/3473/2154 1882/3474/2893
f 1882/3474/2893 1578/3473/2154 1577/3475/2138
f 1882/3474/2893 1577/3475/2138 195/3476/204
f 195/3476/204 1577/3475/2138 196/3477/222
f 195/3476/204 194/3461/202 1882/3474/2893
f 1882/3474/2893 194/3461/202 1881/3463/2888
f 1882/3474/2893 1881/3463/2888 1884/3471/2892
f 1884/3471/2892 1881/3463/2888 1883/3465/2889
f 204/3478/214 1584/3479/2148 205/3480/213
f 205/3480/213 1584/3479/2148 1887/3481/2894
f 205/3480/213 1887/3481/2894 1888/3482/2895
f 1888/3482/2895 1887/3481/2894 1890/3483/2896
f 1888/3482/2895 1890/3483/2896 541/3484/559
f 541/3484/559 1890/3483/2896 542/3485/561
f 542/3485/561 1890/3483/2896 1891/3486/2897
f 542/3485/561 1891/3486/2897 543/3487/563
f 543/3487/563 1891/3486/2897 1886/3488/2898
f 1886/3488/2898 1891/3486/2897 1889/3489/2899
f 1886/3488/2898 1889/3489/2899 1582/3490/2156
f 1582/3490/2156 1889/3489/2899 1583/3491/2157
f 1583/3491/2157 1889/3489/2899 1887/3481/2894
f 1583/3491/2157 1887/3481/2894 1584/3479/2148
f 541/3484/559 540/3492/557 1888/3482/2895
f 1888/3482/2895 540/3492/557 206/3493/184
f 1888/3482/2895 206/3493/184 205/3480/213
f 540/3492/557 184/3494/185 206/3493/184
f 1891/3486/2897 1890/3483/2896 1889/3489/2899
f 1889/3489/2899 1890/3483/2896 1887/3481/2894
f 154/3495/165 153/3496/167 1893/3497/2900
f 1893/3497/2900 153/3496/167 1727/3498/2398
f 1893/3497/2900 1727/3498/2398 1895/3499/2901
f 1895/3499/2901 1727/3498/2398 1726/3500/2396
f 1895/3499/2901 1726/3500/2396 1897/3501/2902
f 1897/3501/2902 1726/3500/2396 1434/3502/1973
f 1897/3501/2902 1434/3502/1973 1892/3503/2903
f 1596/3504/2186 1896/3505/2904 1892/3503/2903
f 1892/3503/2903 1896/3505/2904 1895/3499/2901
f 1892/3503/2903 1895/3499/2901 1897/3501/2902
f 1596/3504/2186 1595/3506/2185 1896/3505/2904
f 1896/3505/2904 1595/3506/2185 1894/3507/2905
f 1896/3505/2904 1894/3507/2905 1893/3497/2900
f 1893/3497/2900 1894/3507/2905 154/3495/165
f 1595/3506/2185 1594/3508/2167 1894/3507/2905
f 1894/3507/2905 1594/3508/2167 155/3509/163
f 1894/3507/2905 155/3509/163 154/3495/165
f 1594/3508/2167 156/3510/162 155/3509/163
f 1895/3499/2901 1896/3505/2904 1893/3497/2900
f 165/3511/183 1604/3512/2177 166/3513/182
f 166/3513/182 1604/3512/2177 1899/3514/2906
f 166/3513/182 1899/3514/2906 1900/3515/2907
f 1900/3515/2907 1899/3514/2906 1902/3516/2908
f 1900/3515/2907 1902/3516/2908 532/3517/550
f 532/3517/550 1902/3516/2908 533/3518/552
f 533/3518/552 1902/3516/2908 1903/3519/2909
f 533/3518/552 1903/3519/2909 534/3520/554
f 534/3520/554 1903/3519/2909 1898/3521/2910
f 1898/3521/2910 1903/3519/2909 1901/3522/2911
f 1898/3521/2910 1901/3522/2911 1602/3523/2188
f 1602/3523/2188 1901/3522/2911 1603/3524/2189
f 1603/3524/2189 1901/3522/2911 1899/3514/2906
f 1603/3524/2189 1899/3514/2906 1604/3512/2177
f 532/3517/550 531/3525/548 1900/3515/2907
f 1900/3515/2907 531/3525/548 167/3526/145
f 1900/3515/2907 167/3526/145 166/3513/182
f 531/3525/548 143/3527/143 167/3526/145
f 1903/3519/2909 1902/3516/2908 1901/3522/2911
f 1901/3522/2911 1902/3516/2908 1899/3514/2906
f 113/3528/124 112/3529/126 1905/3530/2912
f 1905/3530/2912 112/3529/126 1736/3531/2408
f 1905/3530/2912 1736/3531/2408 1907/3532/2913
f 1907/3532/2913 1736/3531/2408 1735/3533/2406
f 1907/3532/2913 1735/3533/2406 1909/3534/2914
f 1909/3534/2914 1735/3533/2406 1734/3535/2404
f 1909/3534/2914 1734/3535/2404 1497/3536/2088
f 1497/3536/2088 1904/3537/2915 1909/3534/2914
f 1909/3534/2914 1904/3537/2915 1907/3532/2913
f 1907/3532/2913 1904/3537/2915 1908/3538/2916
f 1908/3538/2916 1904/3537/2915 1615/3539/2200
f 1908/3538/2916 1615/3539/2200 1625/3540/2202
f 1908/3538/2916 1625/3540/2202 1906/3541/2917
f 1906/3541/2917 1625/3540/2202 1624/3542/2203
f 1906/3541/2917 1624/3542/2203 114/3543/122
f 114/3543/122 1624/3542/2203 115/3544/121
f 114/3543/122 113/3528/124 1906/3541/2917
f 1906/3541/2917 113/3528/124 1905/3530/2912
f 1906/3541/2917 1905/3530/2912 1908/3538/2916
f 1908/3538/2916 1905/3530/2912 1907/3532/2913
f 124/3545/142 1623/3546/2212 125/3547/141
f 125/3547/141 1623/3546/2212 1911/3548/2918
f 125/3547/141 1911/3548/2918 1912/3549/2919
f 1912/3549/2919 1911/3548/2918 1914/3550/2920
f 1912/3549/2919 1914/3550/2920 1730/3551/2400
f 1730/3551/2400 1914/3550/2920 1731/3552/2402
f 1731/3552/2402 1914/3550/2920 1915/3553/2921
f 1731/3552/2402 1915/3553/2921 1459/3554/2002
f 1459/3554/2002 1915/3553/2921 1910/3555/2922
f 1910/3555/2922 1915/3553/2921 1913/3556/2923
f 1910/3555/2922 1913/3556/2923 1621/3557/2215
f 1621/3557/2215 1913/3556/2923 1622/3558/2213
f 1622/3558/2213 1913/3556/2923 1911/3548/2918
f 1622/3558/2213 1911/3548/2918 1623/3546/2212
f 1730/3551/2400 102/3559/102 1912/3549/2919
f 1912/3549/2919 102/3559/102 126/3560/104
f 1912/3549/2919 126/3560/104 125/3547/141
f 1915/3553/2921 1914/3550/2920 1913/3556/2923
f 1913/3556/2923 1914/3550/2920 1911/3548/2918
f 73/3561/81 72/3562/82 1917/3563/2924
f 1917/3563/2924 72/3562/82 1748/3564/2420
f 1917/3563/2924 1748/3564/2420 1919/3565/2925
f 1919/3565/2925 1748/3564/2420 1747/3566/2418
f 1919/3565/2925 1747/3566/2418 1921/3567/2926
f 1921/3567/2926 1747/3566/2418 1746/3568/2416
f 1921/3567/2926 1746/3568/2416 1512/3569/2066
f 1512/3569/2066 1916/3570/2927 1921/3567/2926
f 1921/3567/2926 1916/3570/2927 1919/3565/2925
f 1919/3565/2925 1916/3570/2927 1920/3571/2928
f 1920/3571/2928 1916/3570/2927 1639/3572/2251
f 1920/3571/2928 1639/3572/2251 1638/3573/2248
f 1920/3571/2928 1638/3573/2248 1918/3574/2929
f 1918/3574/2929 1638/3573/2248 1637/3575/2234
f 1918/3574/2929 1637/3575/2234 74/3576/83
f 74/3576/83 1637/3575/2234 75/3577/101
f 74/3576/83 73/3561/81 1918/3574/2929
f 1918/3574/2929 73/3561/81 1917/3563/2924
f 1918/3574/2929 1917/3563/2924 1920/3571/2928
f 1920/3571/2928 1917/3563/2924 1919/3565/2925
f 83/3578/2930 1644/3579/2244 84/3580/92
f 84/3580/92 1644/3579/2244 1923/3581/2931
f 84/3580/92 1923/3581/2931 1924/3582/2932
f 1924/3582/2932 1923/3581/2931 1926/3583/2933
f 1924/3582/2932 1926/3583/2933 1741/3584/2412
f 1741/3584/2412 1926/3583/2933 1742/3585/2414
f 1742/3585/2414 1926/3583/2933 1927/3586/2934
f 1742/3585/2414 1927/3586/2934 1505/3587/2075
f 1505/3587/2075 1927/3586/2934 1922/3588/2935
f 1922/3588/2935 1927/3586/2934 1925/3589/2936
f 1922/3588/2935 1925/3589/2936 1642/3590/2247
f 1642/3590/2247 1925/3589/2936 1643/3591/2246
f 1643/3591/2246 1925/3589/2936 1923/3581/2931
f 1643/3591/2246 1923/3581/2931 1644/3579/2244
f 1741/3584/2412 1740/3592/2410 1924/3582/2932
f 1924/3582/2932 1740/3592/2410 85/3593/63
f 1924/3582/2932 85/3593/63 84/3580/92
f 1740/3592/2410 63/3594/64 85/3593/63
f 1927/3586/2934 1926/3583/2933 1925/3589/2936
f 1925/3589/2936 1926/3583/2933 1923/3581/2931
f 21/3595/29 20/3596/30 1929/3597/2937
f 1929/3597/2937 20/3596/30 1754/3598/2429
f 1929/3597/2937 1754/3598/2429 1931/3599/2938
f 1931/3599/2938 1754/3598/2429 1753/3600/2427
f 1931/3599/2938 1753/3600/2427 1933/3601/2939
f 1933/3601/2939 1753/3600/2427 1752/3602/2425
f 1933/3601/2939 1752/3602/2425 1525/3603/2046
f 1525/3603/2046 1928/3604/2940 1933/3601/2939
f 1933/3601/2939 1928/3604/2940 1931/3599/2938
f 1931/3599/2938 1928/3604/2940 1932/3605/2941
f 1932/3605/2941 1928/3604/2940 1657/3606/2279
f 1932/3605/2941 1657/3606/2279 1656/3607/2277
f 1932/3605/2941 1656/3607/2277 1930/3608/2942
f 1930/3608/2942 1656/3607/2277 1655/3609/2264
f 1930/3608/2942 1655/3609/2264 22/3610/31
f 22/3610/31 1655/3609/2264 23/3611/2943
f 22/3610/31 21/3595/29 1930/3608/2942
f 1930/3608/2942 21/3595/29 1929/3597/2937
f 1930/3608/2942 1929/3597/2937 1932/3605/2941
f 1932/3605/2941 1929/3597/2937 1931/3599/2938
f 1421/3612/2944 1934/3613/2945 1422/3614/2946
f 1422/3614/2946 1934/3613/2945 1944/3615/2947
f 1422/3614/2946 1944/3615/2947 1602/3616/2948
f 1602/3616/2948 1944/3615/2947 1934/3613/2945
f 1602/3616/2948 1934/3613/2945 1942/3617/2949
f 1942/3617/2949 1934/3613/2945 1421/3612/2944
f 1942/3617/2949 1421/3612/2944 1943/3618/2950
f 1943/3618/2950 1421/3612/2944 1935/3619/2951
f 1943/3618/2950 1935/3619/2951 1898/3620/2952
f 1898/3620/2952 1935/3619/2951 1940/3621/2953
f 1898/3620/2952 1940/3621/2953 1938/3622/2954
f 1938/3622/2954 1940/3621/2953 1421/3612/2944
f 1938/3622/2954 1421/3612/2944 1939/3623/2955
f 1939/3623/2955 1421/3612/2944 1936/3624/2956
f 1939/3623/2955 1936/3624/2956 1898/3620/2952
f 1898/3620/2952 1936/3624/2956 1941/3625/2957
f 1898/3620/2952 1941/3625/2957 1937/3626/2958
f 1937/3626/2958 1941/3625/2957 1421/3612/2944
f 1937/3626/2958 1421/3612/2944 534/3627/2959
f 1943/3618/2950 1898/3620/2952 1942/3617/2949
f 1942/3617/2949 1898/3620/2952 1602/3616/2948
f 1935/3619/2951 1421/3612/2944 1940/3621/2953
f 1898/3620/2952 1938/3622/2954 1939/3623/2955
f 1898/3620/2952 1937/3626/2958 534/3628/2960
f 1941/3625/2957 1936/3624/2956 1421/3612/2944
f 1422/3629/2961 1602/3630/2962 1423/3631/2963
f 1423/3631/2963 1602/3630/2962 1601/3632/2964
f 1423/3631/2963 1601/3632/2964 1424/3633/2965
f 1424/3633/2965 1601/3632/2964 1600/3634/2966
f 1424/3633/2965 1600/3634/2966 1346/3635/2967
f 1346/3635/2967 1600/3634/2966 1599/3636/2968
f 1346/3637/2967 1599/3638/2968 1429/3639/2969
f 1429/3639/2969 1599/3638/2968 1598/3640/2970
f 1429/3639/2969 1598/3640/2970 1430/3641/2971
f 1430/3641/2971 1598/3640/2970 1597/3642/2972
f 1430/3641/2971 1597/3642/2972 1431/3643/2973
f 1431/3643/2973 1597/3642/2972 1596/3644/2974
f 1596/3645/2975 1955/3646/2976 1431/3647/2977
f 1431/3647/2977 1955/3646/2976 1945/3648/2978
f 1431/3647/2977 1945/3648/2978 1432/3649/2979
f 1432/3649/2979 1945/3648/2978 1946/3650/2980
f 1432/3649/2979 1946/3650/2980 1954/3651/2981
f 1954/3651/2981 1946/3650/2980 1596/3645/2975
f 1954/3651/2981 1596/3645/2975 1953/3652/2982
f 1953/3652/2982 1596/3645/2975 1892/3653/2983
f 1953/3652/2982 1892/3653/2983 1948/3654/2984
f 1948/3654/2984 1892/3653/2983 1947/3655/2985
f 1948/3654/2984 1947/3655/2985 1432/3649/2979
f 1432/3649/2979 1947/3655/2985 1433/3656/2986
f 1433/3656/2986 1947/3655/2985 1951/3657/2987
f 1433/3656/2986 1951/3657/2987 1952/3658/2988
f 1952/3658/2988 1951/3657/2987 1892/3653/2983
f 1952/3658/2988 1892/3653/2983 1949/3659/2989
f 1949/3659/2989 1892/3653/2983 1957/3660/2990
f 1949/3659/2989 1957/3660/2990 1433/3656/2986
f 1433/3656/2986 1957/3660/2990 1956/3661/2991
f 1433/3656/2986 1956/3661/2991 1958/3662/2992
f 1958/3662/2992 1956/3661/2991 1892/3653/2983
f 1958/3662/2992 1892/3653/2983 1950/3663/2993
f 1950/3663/2993 1892/3653/2983 1434/3664/2994
f 1954/3651/2981 1953/3652/2982 1432/3649/2979
f 1432/3649/2979 1953/3652/2982 1948/3654/2984
f 1951/3657/2987 1947/3655/2985 1892/3653/2983
f 1949/3659/2989 1433/3656/2986 1952/3658/2988
f 1434/3665/2995 1433/3656/2986 1950/3663/2993
f 1950/3663/2993 1433/3656/2986 1958/3662/2992
f 1956/3661/2991 1957/3660/2990 1892/3653/2983
f 1955/3646/2976 1596/3645/2975 1945/3648/2978
f 1945/3648/2978 1596/3645/2975 1946/3650/2980
f 1904/3666/2996 1960/3667/2997 1615/3668/2998
f 1615/3668/2998 1960/3667/2997 1971/3669/2999
f 1615/3668/2998 1971/3669/2999 1970/3670/3000
f 1970/3670/3000 1971/3669/2999 1495/3671/3001
f 1970/3670/3000 1495/3671/3001 1959/3672/3002
f 1959/3672/3002 1495/3671/3001 1972/3673/3003
f 1959/3672/3002 1972/3673/3003 1615/3668/2998
f 1615/3668/2998 1972/3673/3003 1495/3671/3001
f 1497/3674/3004 1963/3675/3005 1904/3666/2996
f 1904/3666/2996 1963/3675/3005 1967/3676/3006
f 1904/3666/2996 1967/3676/3006 1962/3677/3007
f 1962/3677/3007 1967/3676/3006 1496/3678/3008
f 1962/3677/3007 1496/3678/3008 1965/3679/3009
f 1965/3679/3009 1496/3678/3008 1964/3680/3010
f 1965/3679/3009 1964/3680/3010 1904/3666/2996
f 1904/3666/2996 1964/3680/3010 1966/3681/3011
f 1904/3666/2996 1966/3681/3011 1961/3682/3012
f 1961/3682/3012 1966/3681/3011 1496/3678/3008
f 1961/3682/3012 1496/3678/3008 1969/3683/3013
f 1969/3683/3013 1496/3678/3008 1968/3684/3014
f 1969/3683/3013 1968/3684/3014 1904/3666/2996
f 1904/3666/2996 1968/3684/3014 1960/3667/2997
f 1968/3684/3014 1496/3678/3008 1960/3667/2997
f 1960/3667/2997 1496/3678/3008 1495/3671/3001
f 1960/3667/2997 1495/3671/3001 1971/3669/2999
f 1904/3666/2996 1961/3682/3012 1969/3683/3013
f 1615/3668/2998 1970/3670/3000 1959/3672/3002
f 1966/3681/3011 1964/3680/3010 1496/3678/3008
f 1904/3666/2996 1962/3677/3007 1965/3679/3009
f 1497/3685/3015 1496/3678/3008 1963/3675/3005
f 1963/3675/3005 1496/3678/3008 1967/3676/3006
f 1615/3686/3016 1495/3687/3017 1616/3688/3018
f 1616/3688/3018 1495/3687/3017 1494/3689/3019
f 1616/3688/3018 1494/3689/3019 1617/3690/3020
f 1617/3690/3020 1494/3689/3019 1493/3691/3021
f 1617/3690/3020 1493/3691/3021 1618/3692/3022
f 1618/3692/3022 1493/3691/3021 1452/3693/3023
f 1618/3694/3022 1452/3695/3023 1619/3696/3024
f 1619/3696/3024 1452/3695/3023 1464/3697/3025
f 1619/3696/3024 1464/3697/3025 1620/3698/3026
f 1620/3698/3026 1464/3697/3025 1463/3699/3027
f 1620/3698/3026 1463/3699/3027 1621/3700/3028
f 1621/3700/3028 1463/3699/3027 1462/3701/3029
f 1461/3702/3030 1973/3703/3031 1462/3704/3032
f 1462/3704/3032 1973/3703/3031 1990/3705/3033
f 1462/3704/3032 1990/3705/3033 1621/3706/3034
f 1621/3706/3034 1990/3705/3033 1973/3703/3031
f 1621/3706/3034 1973/3703/3031 1989/3707/3035
f 1989/3707/3035 1973/3703/3031 1461/3702/3030
f 1989/3707/3035 1461/3702/3030 1975/3708/3036
f 1975/3708/3036 1461/3702/3030 1988/3709/3037
f 1975/3708/3036 1988/3709/3037 1621/3706/3034
f 1621/3706/3034 1988/3709/3037 1974/3710/3038
f 1621/3706/3034 1974/3710/3038 1910/3711/3039
f 1910/3711/3039 1974/3710/3038 1981/3712/3040
f 1910/3711/3039 1981/3712/3040 1976/3713/3041
f 1976/3713/3041 1981/3712/3040 1460/3714/3042
f 1976/3713/3041 1460/3714/3042 1984/3715/3043
f 1984/3715/3043 1460/3714/3042 1982/3716/3044
f 1984/3715/3043 1982/3716/3044 1910/3711/3039
f 1910/3711/3039 1982/3716/3044 1983/3717/3045
f 1910/3711/3039 1983/3717/3045 1977/3718/3046
f 1977/3718/3046 1983/3717/3045 1460/3714/3042
f 1977/3718/3046 1460/3714/3042 1987/3719/3047
f 1987/3719/3047 1460/3714/3042 1979/3720/3048
f 1987/3719/3047 1979/3720/3048 1910/3711/3039
f 1910/3711/3039 1979/3720/3048 1986/3721/3049
f 1910/3711/3039 1986/3721/3049 1978/3722/3050
f 1978/3722/3050 1986/3721/3049 1460/3714/3042
f 1978/3722/3050 1460/3714/3042 1985/3723/3051
f 1985/3723/3051 1460/3714/3042 1980/3724/3052
f 1985/3723/3051 1980/3724/3052 1910/3711/3039
f 1910/3711/3039 1980/3724/3052 1459/3725/3053
f 1460/3714/3042 1981/3712/3040 1461/3702/3030
f 1461/3702/3030 1981/3712/3040 1974/3710/3038
f 1461/3702/3030 1974/3710/3038 1988/3709/3037
f 1460/3714/3042 1459/3726/3054 1980/3724/3052
f 1989/3707/3035 1975/3708/3036 1621/3706/3034
f 1984/3715/3043 1910/3711/3039 1976/3713/3041
f 1460/3714/3042 1983/3717/3045 1982/3716/3044
f 1987/3719/3047 1910/3711/3039 1977/3718/3046
f 1460/3714/3042 1986/3721/3049 1979/3720/3048
f 1985/3723/3051 1910/3711/3039 1978/3722/3050
f 1916/3727/3055 1992/3728/3056 1639/3729/3057
f 1639/3729/3057 1992/3728/3056 2003/3730/3058
f 1639/3729/3057 2003/3730/3058 2002/3731/3059
f 2002/3731/3059 2003/3730/3058 1510/3732/3060
f 2002/3731/3059 1510/3732/3060 1991/3733/3061
f 1991/3733/3061 1510/3732/3060 2004/3734/3062
f 1991/3733/3061 2004/3734/3062 1639/3729/3057
f 1639/3729/3057 2004/3734/3062 1510/3732/3060
f 1512/3735/3063 1995/3736/3064 1916/3727/3055
f 1916/3727/3055 1995/3736/3064 1999/3737/3065
f 1916/3727/3055 1999/3737/3065 1994/3738/3066
f 1994/3738/3066 1999/3737/3065 1511/3739/3067
f 1994/3738/3066 1511/3739/3067 1997/3740/3068
f 1997/3740/3068 1511/3739/3067 1996/3741/3069
f 1997/3740/3068 1996/3741/3069 1916/3727/3055
f 1916/3727/3055 1996/3741/3069 1998/3742/3070
f 1916/3727/3055 1998/3742/3070 1993/3743/3071
f 1993/3743/3071 1998/3742/3070 1511/3739/3067
f 1993/3743/3071 1511/3739/3067 2001/3744/3072
f 2001/3744/3072 1511/3739/3067 2000/3745/3073
f 2001/3744/3072 2000/3745/3073 1916/3727/3055
f 1916/3727/3055 2000/3745/3073 1992/3728/3056
f 2000/3745/3073 1511/3739/3067 1992/3728/3056
f 1992/3728/3056 1511/3739/3067 1510/3732/3060
f 1992/3728/3056 1510/3732/3060 2003/3730/3058
f 1916/3727/3055 1993/3743/3071 2001/3744/3072
f 1639/3729/3057 2002/3731/3059 1991/3733/3061
f 1998/3742/3070 1996/3741/3069 1511/3739/3067
f 1916/3727/3055 1994/3738/3066 1997/3740/3068
f 1512/3746/3074 1511/3739/3067 1995/3736/3064
f 1995/3736/3064 1511/3739/3067 1999/3737/3065
f 1639/3747/3075 1510/3748/3076 1640/3749/3077
f 1640/3749/3077 1510/3748/3076 1509/3750/3078
f 1640/3749/3077 1509/3750/3078 1641/3751/3079
f 1641/3751/3079 1509/3750/3078 1508/3752/3080
f 1641/3751/3079 1508/3752/3080 1642/3753/3081
f 1642/3753/3081 1508/3752/3080 1507/3754/3082
f 1506/3755/3083 2017/3756/3084 1507/3757/3085
f 1507/3757/3085 2017/3756/3084 2005/3758/3086
f 1507/3757/3085 2005/3758/3086 2018/3759/3087
f 2018/3759/3087 2005/3758/3086 1642/3760/3088
f 2018/3759/3087 1642/3760/3088 1507/3757/3085
f 1505/3761/3089 2010/3762/3090 1506/3755/3083
f 1506/3755/3083 2010/3762/3090 2014/3763/3091
f 1506/3755/3083 2014/3763/3091 2009/3764/3092
f 2009/3764/3092 2014/3763/3091 1922/3765/3093
f 2009/3764/3092 1922/3765/3093 2012/3766/3094
f 2012/3766/3094 1922/3765/3093 2011/3767/3095
f 2012/3766/3094 2011/3767/3095 1506/3755/3083
f 1506/3755/3083 2011/3767/3095 2013/3768/3096
f 1506/3755/3083 2013/3768/3096 2008/3769/3097
f 2008/3769/3097 2013/3768/3096 1922/3765/3093
f 2008/3769/3097 1922/3765/3093 2016/3770/3098
f 2016/3770/3098 1922/3765/3093 2015/3771/3099
f 2016/3770/3098 2015/3771/3099 1506/3755/3083
f 1506/3755/3083 2015/3771/3099 2006/3772/3100
f 1506/3755/3083 2006/3772/3100 2007/3773/3101
f 2007/3773/3101 2006/3772/3100 1642/3760/3088
f 2007/3773/3101 1642/3760/3088 2017/3756/3084
f 2017/3756/3084 1642/3760/3088 2005/3758/3086
f 2015/3771/3099 1922/3765/3093 2006/3772/3100
f 2006/3772/3100 1922/3765/3093 1642/3760/3088
f 1506/3755/3083 2008/3769/3097 2016/3770/3098
f 2017/3756/3084 1506/3755/3083 2007/3773/3101
f 2013/3768/3096 2011/3767/3095 1922/3765/3093
f 1506/3755/3083 2009/3764/3092 2012/3766/3094
f 1505/3774/3102 1922/3765/3093 2010/3762/3090
f 2010/3762/3090 1922/3765/3093 2014/3763/3091
f 1928/3775/3103 2020/3776/3104 1657/3777/3105
f 1657/3777/3105 2020/3776/3104 2031/3778/3106
f 1657/3777/3105 2031/3778/3106 2030/3779/3107
f 2030/3779/3107 2031/3778/3106 1523/3780/3108
f 2030/3779/3107 1523/3780/3108 2019/3781/3109
f 2019/3781/3109 1523/3780/3108 2032/3782/3110
f 2019/3781/3109 2032/3782/3110 1657/3777/3105
f 1657/3777/3105 2032/3782/3110 1523/3780/3108
f 1525/3783/3111 2023/3784/3112 1928/3775/3103
f 1928/3775/3103 2023/3784/3112 2027/3785/3113
f 1928/3775/3103 2027/3785/3113 2022/3786/3114
f 2022/3786/3114 2027/3785/3113 1524/3787/3115
f 2022/3786/3114 1524/3787/3115 2025/3788/3116
f 2025/3788/3116 1524/3787/3115 2024/3789/3117
f 2025/3788/3116 2024/3789/3117 1928/3775/3103
f 1928/3775/3103 2024/3789/3117 2026/3790/3118
f 1928/3775/3103 2026/3790/3118 2021/3791/3119
f 2021/3791/3119 2026/3790/3118 1524/3787/3115
f 2021/3791/3119 1524/3787/3115 2029/3792/3120
f 2029/3792/3120 1524/3787/3115 2028/3793/3121
f 2029/3792/3120 2028/3793/3121 1928/3775/3103
f 1928/3775/3103 2028/3793/3121 2020/3776/3104
f 2028/3793/3121 1524/3787/3115 2020/3776/3104
f 2020/3776/3104 1524/3787/3115 1523/3780/3108
f 2020/3776/3104 1523/3780/3108 2031/3778/3106
f 1928/3775/3103 2021/3791/3119 2029/3792/3120
f 1657/3777/3105 2030/3779/3107 2019/3781/3109
f 2026/3790/3118 2024/3789/3117 1524/3787/3115
f 1928/3775/3103 2022/3786/3114 2025/3788/3116
f 1525/3794/3122 1524/3787/3115 2023/3784/3112
f 2023/3784/3112 1524/3787/3115 2027/3785/3113
f 1657/3795/3123 1523/3796/3124 1658/3797/3125
f 1658/3797/3125 1523/3796/3124 1522/3798/3126
f 1658/3797/3125 1522/3798/3126 1659/3799/3127
f 1659/3799/3127 1522/3798/3126 1521/3800/3128
f 1659/3799/3127 1521/3800/3128 52/3801/3129
f 52/3801/3129 1521/3800/3128 1520/3802/3130
f 1519/3803/3131 2045/3804/3132 1520/3805/3133
f 1520/3805/3133 2045/3804/3132 2033/3806/3134
f 1520/3805/3133 2033/3806/3134 2046/3807/3135
f 2046/3807/3135 2033/3806/3134 52/3808/3136
f 2046/3807/3135 52/3808/3136 1520/3805/3133
f 54/3809/3137 2038/3810/3138 1519/3803/3131
f 1519/3803/3131 2038/3810/3138 2042/3811/3139
f 1519/3803/3131 2042/3811/3139 2037/3812/3140
f 2037/3812/3140 2042/3811/3139 53/3813/3141
f 2037/3812/3140 53/3813/3141 2040/3814/3142
f 2040/3814/3142 53/3813/3141 2039/3815/3143
f 2040/3814/3142 2039/3815/3143 1519/3803/3131
f 1519/3803/3131 2039/3815/3143 2041/3816/3144
f 1519/3803/3131 2041/3816/3144 2036/3817/3145
f 2036/3817/3145 2041/3816/3144 53/3813/3141
f 2036/3817/3145 53/3813/3141 2044/3818/3146
f 2044/3818/3146 53/3813/3141 2043/3819/3147
f 2044/3818/3146 2043/3819/3147 1519/3803/3131
f 1519/3803/3131 2043/3819/3147 2034/3820/3148
f 1519/3803/3131 2034/3820/3148 2035/3821/3149
f 2035/3821/3149 2034/3820/3148 52/3808/3136
f 2035/3821/3149 52/3808/3136 2045/3804/3132
f 2045/3804/3132 52/3808/3136 2033/3806/3134
f 2043/3819/3147 53/3813/3141 2034/3820/3148
f 2034/3820/3148 53/3813/3141 52/3808/3136
f 1519/3803/3131 2036/3817/3145 2044/3818/3146
f 2045/3804/3132 1519/3803/3131 2035/3821/3149
f 2041/3816/3144 2039/3815/3143 53/3813/3141
f 1519/3803/3131 2037/3812/3140 2040/3814/3142
f 54/3822/3150 53/3813/3141 2038/3810/3138
f 2038/3810/3138 53/3813/3141 2042/3811/3139
f 1778/3823/3151 2048/3824/3152 1663/3825/3153
f 1663/3825/3153 2048/3824/3152 2059/3826/3154
f 1663/3825/3153 2059/3826/3154 2058/3827/3155
f 2058/3827/3155 2059/3826/3154 1536/3828/3156
f 2058/3827/3155 1536/3828/3156 2047/3829/3157
f 2047/3829/3157 1536/3828/3156 2060/3830/3158
f 2047/3829/3157 2060/3830/3158 1663/3825/3153
f 1663/3825/3153 2060/3830/3158 1536/3828/3156
f 1538/3831/3159 2051/3832/3160 1778/3823/3151
f 1778/3823/3151 2051/3832/3160 2055/3833/3161
f 1778/3823/3151 2055/3833/3161 2050/3834/3162
f 2050/3834/3162 2055/3833/3161 1537/3835/3163
f 2050/3834/3162 1537/3835/3163 2053/3836/3164
f 2053/3836/3164 1537/3835/3163 2052/3837/3165
f 2053/3836/3164 2052/3837/3165 1778/3823/3151
f 1778/3823/3151 2052/3837/3165 2054/3838/3166
f 1778/3823/3151 2054/3838/3166 2049/3839/3167
f 2049/3839/3167 2054/3838/3166 1537/3835/3163
f 2049/3839/3167 1537/3835/3163 2057/3840/3168
f 2057/3840/3168 1537/3835/3163 2056/3841/3169
f 2057/3840/3168 2056/3841/3169 1778/3823/3151
f 1778/3823/3151 2056/3841/3169 2048/3824/3152
f 2056/3841/3169 1537/3835/3163 2048/3824/3152
f 2048/3824/3152 1537/3835/3163 1536/3828/3156
f 2048/3824/3152 1536/3828/3156 2059/3826/3154
f 1778/3823/3151 2049/3839/3167 2057/3840/3168
f 1663/3825/3153 2058/3827/3155 2047/3829/3157
f 2054/3838/3166 2052/3837/3165 1537/3835/3163
f 1778/3823/3151 2050/3834/3162 2053/3836/3164
f 1538/3842/3170 1537/3835/3163 2051/3832/3160
f 2051/3832/3160 1537/3835/3163 2055/3833/3161
f 1663/3843/3171 1536/3844/3172 1664/3845/3173
f 1664/3845/3173 1536/3844/3172 1535/3846/3174
f 1664/3845/3173 1535/3846/3174 1665/3847/3175
f 1665/3847/3175 1535/3846/3174 1534/3848/3176
f 1665/3847/3175 1534/3848/3176 329/3849/3177
f 329/3849/3177 1534/3848/3176 1533/3850/3178
f 1532/3851/3179 2073/3852/3180 1533/3853/3181
f 1533/3853/3181 2073/3852/3180 2061/3854/3182
f 1533/3853/3181 2061/3854/3182 2074/3855/3183
f 2074/3855/3183 2061/3854/3182 329/3856/3184
f 2074/3855/3183 329/3856/3184 1533/3853/3181
f 331/3857/3185 2066/3858/3186 1532/3851/3179
f 1532/3851/3179 2066/3858/3186 2070/3859/3187
f 1532/3851/3179 2070/3859/3187 2065/3860/3188
f 2065/3860/3188 2070/3859/3187 330/3861/3189
f 2065/3860/3188 330/3861/3189 2068/3862/3190
f 2068/3862/3190 330/3861/3189 2067/3863/3191
f 2068/3862/3190 2067/3863/3191 1532/3851/3179
f 1532/3851/3179 2067/3863/3191 2069/3864/3192
f 1532/3851/3179 2069/3864/3192 2064/3865/3193
f 2064/3865/3193 2069/3864/3192 330/3861/3189
f 2064/3865/3193 330/3861/3189 2072/3866/3194
f 2072/3866/3194 330/3861/3189 2071/3867/3195
f 2072/3866/3194 2071/3867/3195 1532/3851/3179
f 1532/3851/3179 2071/3867/3195 2062/3868/3196
f 1532/3851/3179 2062/3868/3196 2063/3869/3197
f 2063/3869/3197 2062/3868/3196 329/3856/3184
f 2063/3869/3197 329/3856/3184 2073/3852/3180
f 2073/3852/3180 329/3856/3184 2061/3854/3182
f 2071/3867/3195 330/3861/3189 2062/3868/3196
f 2062/3868/3196 330/3861/3189 329/3856/3184
f 1532/3851/3179 2064/3865/3193 2072/3866/3194
f 2073/3852/3180 1532/3851/3179 2063/3869/3197
f 2069/3864/3192 2067/3863/3191 330/3861/3189
f 1532/3851/3179 2065/3860/3188 2068/3862/3190
f 331/3870/3198 330/3861/3189 2066/3858/3186
f 2066/3858/3186 330/3861/3189 2070/3859/3187
f 1545/3871/3199 2075/3872/3200 1546/3873/3201
f 1546/3873/3201 2075/3872/3200 2085/3874/3202
f 1546/3873/3201 2085/3874/3202 309/3875/3203
f 309/3875/3203 2085/3874/3202 2075/3872/3200
f 309/3875/3203 2075/3872/3200 2083/3876/3204
f 2083/3876/3204 2075/3872/3200 1545/3871/3199
f 2083/3876/3204 1545/3871/3199 2084/3877/3205
f 2084/3877/3205 1545/3871/3199 2076/3878/3206
f 2084/3877/3205 2076/3878/3206 310/3879/3207
f 310/3879/3207 2076/3878/3206 2081/3880/3208
f 310/3879/3207 2081/3880/3208 2079/3881/3209
f 2079/3881/3209 2081/3880/3208 1545/3871/3199
f 2079/3881/3209 1545/3871/3199 2080/3882/3210
f 2080/3882/3210 1545/3871/3199 2077/3883/3211
f 2080/3882/3210 2077/3883/3211 310/3879/3207
f 310/3879/3207 2077/3883/3211 2082/3884/3212
f 310/3879/3207 2082/3884/3212 2078/3885/3213
f 2078/3885/3213 2082/3884/3212 1545/3871/3199
f 2078/3885/3213 1545/3871/3199 311/3886/3214
f 2084/3877/3205 310/3879/3207 2083/3876/3204
f 2083/3876/3204 310/3879/3207 309/3875/3203
f 2076/3878/3206 1545/3871/3199 2081/3880/3208
f 310/3879/3207 2079/3881/3209 2080/3882/3210
f 310/3879/3207 2078/3885/3213 311/3887/3215
f 2082/3884/3212 2077/3883/3211 1545/3871/3199
f 1546/3888/3216 309/3889/3217 1547/3890/3218
f 1547/3890/3218 309/3889/3217 1681/3891/3219
f 1547/3890/3218 1681/3891/3219 1548/3892/3220
f 1548/3892/3220 1681/3891/3219 1680/3893/3221
f 1548/3892/3220 1680/3893/3221 1465/3894/3222
f 1465/3894/3222 1680/3893/3221 1679/3895/3223
f 1465/3896/3222 1679/3897/3223 1553/3898/3224
f 1553/3898/3224 1679/3897/3223 1678/3899/3225
f 1553/3898/3224 1678/3899/3225 1554/3900/3226
f 1554/3900/3226 1678/3899/3225 1677/3901/3227
f 1554/3900/3226 1677/3901/3227 1555/3902/3228
f 1555/3902/3228 1677/3901/3227 1676/3903/3229
f 1676/3904/3230 2096/3905/3231 1555/3906/3232
f 1555/3906/3232 2096/3905/3231 2086/3907/3233
f 1555/3906/3232 2086/3907/3233 1556/3908/3234
f 1556/3908/3234 2086/3907/3233 2087/3909/3235
f 1556/3908/3234 2087/3909/3235 2095/3910/3236
f 2095/3910/3236 2087/3909/3235 1676/3904/3230
f 2095/3910/3236 1676/3904/3230 2094/3911/3237
f 2094/3911/3237 1676/3904/3230 1802/3912/3238
f 2094/3911/3237 1802/3912/3238 2089/3913/3239
f 2089/3913/3239 1802/3912/3238 2088/3914/3240
f 2089/3913/3239 2088/3914/3240 1556/3908/3234
f 1556/3908/3234 2088/3914/3240 1557/3915/3241
f 1557/3915/3241 2088/3914/3240 2092/3916/3242
f 1557/3915/3241 2092/3916/3242 2093/3917/3243
f 2093/3917/3243 2092/3916/3242 1802/3912/3238
f 2093/3917/3243 1802/3912/3238 2090/3918/3244
f 2090/3918/3244 1802/3912/3238 2098/3919/3245
f 2090/3918/3244 2098/3919/3245 1557/3915/3241
f 1557/3915/3241 2098/3919/3245 2097/3920/3246
f 1557/3915/3241 2097/3920/3246 2099/3921/3247
f 2099/3921/3247 2097/3920/3246 1802/3912/3238
f 2099/3921/3247 1802/3912/3238 2091/3922/3248
f 2091/3922/3248 1802/3912/3238 1558/3923/3249
f 2095/3910/3236 2094/3911/3237 1556/3908/3234
f 1556/3908/3234 2094/3911/3237 2089/3913/3239
f 2092/3916/3242 2088/3914/3240 1802/3912/3238
f 2090/3918/3244 1557/3915/3241 2093/3917/3243
f 1558/3924/3250 1557/3915/3241 2091/3922/3248
f 2091/3922/3248 1557/3915/3241 2099/3921/3247
f 2097/3920/3246 2098/3919/3245 1802/3912/3238
f 2096/3905/3231 1676/3904/3230 2086/3907/3233
f 2086/3907/3233 1676/3904/3230 2087/3909/3235
f 292/3925/3251 2105/3926/3252 293/3927/3253
f 293/3927/3253 2105/3926/3252 2109/3928/3254
f 293/3927/3253 2109/3928/3254 2104/3929/3255
f 2104/3929/3255 2109/3928/3254 1378/3930/3256
f 2104/3929/3255 1378/3930/3256 2106/3931/3257
f 2106/3931/3257 1378/3930/3256 2107/3932/3258
f 2106/3931/3257 2107/3932/3258 293/3927/3253
f 293/3927/3253 2107/3932/3258 2103/3933/3259
f 293/3927/3253 2103/3933/3259 2101/3934/3260
f 2101/3934/3260 2103/3933/3259 1377/3935/3261
f 2101/3934/3260 1377/3935/3261 2108/3936/3262
f 2108/3936/3262 1377/3935/3261 2102/3937/3263
f 2108/3936/3262 2102/3937/3263 293/3927/3253
f 293/3927/3253 2102/3937/3263 294/3938/3264
f 294/3938/3264 2102/3937/3263 2110/3939/3265
f 294/3938/3264 2110/3939/3265 2100/3940/3266
f 2100/3940/3266 2110/3939/3265 1377/3935/3261
f 2100/3940/3266 1377/3935/3261 1376/3941/3267
f 2107/3932/3258 1378/3930/3256 2103/3933/3259
f 2103/3933/3259 1378/3930/3256 1377/3935/3261
f 1376/3941/3267 294/3938/3264 2100/3940/3266
f 293/3927/3253 2101/3934/3260 2108/3936/3262
f 293/3927/3253 2104/3929/3255 2106/3931/3257
f 292/3942/3268 1378/3930/3256 2105/3926/3252
f 2105/3926/3252 1378/3930/3256 2109/3928/3254
f 2110/3939/3265 2102/3937/3263 1377/3935/3261
f 294/3943/3269 1376/3944/3270 1690/3945/3271
f 1690/3945/3271 1376/3944/3270 1375/3946/3272
f 1690/3945/3271 1375/3946/3272 1691/3947/3273
f 1691/3947/3273 1375/3946/3272 1374/3948/3274
f 1691/3947/3273 1374/3948/3274 1692/3949/3275
f 1692/3949/3275 1374/3948/3274 1333/3950/3276
f 1692/3951/3275 1333/3952/3276 1693/3953/3277
f 1693/3953/3277 1333/3952/3276 1345/3954/3278
f 1693/3953/3277 1345/3954/3278 1694/3955/3279
f 1694/3955/3279 1345/3954/3278 1344/3956/3280
f 1694/3955/3279 1344/3956/3280 1695/3957/3281
f 1695/3957/3281 1344/3956/3280 1343/3958/3282
f 1342/3959/3283 2111/3960/3284 1343/3961/3285
f 1343/3961/3285 2111/3960/3284 2124/3962/3286
f 1343/3961/3285 2124/3962/3286 1695/3963/3287
f 1695/3963/3287 2124/3962/3286 2111/3960/3284
f 1695/3963/3287 2111/3960/3284 2113/3964/3288
f 2113/3964/3288 2111/3960/3284 1342/3959/3283
f 2113/3964/3288 1342/3959/3283 2123/3965/3289
f 2123/3965/3289 1342/3959/3283 2112/3966/3290
f 2123/3965/3289 2112/3966/3290 1695/3963/3287
f 1695/3963/3287 2112/3966/3290 1844/3967/3291
f 1844/3967/3291 2112/3966/3290 2114/3968/3292
f 1844/3967/3291 2114/3968/3292 2119/3969/3293
f 2119/3969/3293 2114/3968/3292 1341/3970/3294
f 2119/3969/3293 1341/3970/3294 2117/3971/3295
f 2117/3971/3295 1341/3970/3294 2118/3972/3296
f 2117/3971/3295 2118/3972/3296 1844/3967/3291
f 1844/3967/3291 2118/3972/3296 2115/3973/3297
f 1844/3967/3291 2115/3973/3297 2122/3974/3298
f 2122/3974/3298 2115/3973/3297 1341/3970/3294
f 2122/3974/3298 1341/3970/3294 2120/3975/3299
f 2120/3975/3299 1341/3970/3294 2121/3976/3300
f 2120/3975/3299 2121/3976/3300 1844/3967/3291
f 1844/3967/3291 2121/3976/3300 2116/3977/3301
f 1844/3967/3291 2116/3977/3301 1340/3978/3302
f 2112/3966/3290 1342/3959/3283 2114/3968/3292
f 2114/3968/3292 1342/3959/3283 1341/3970/3294
f 2121/3976/3300 1341/3970/3294 2116/3977/3301
f 2116/3977/3301 1341/3970/3294 1340/3979/3303
f 2113/3964/3288 2123/3965/3289 1695/3963/3287
f 2119/3969/3293 2117/3971/3295 1844/3967/3291
f 1341/3970/3294 2115/3973/3297 2118/3972/3296
f 2122/3974/3298 2120/3975/3299 1844/3967/3291
f 286/3980/3304 2133/3981/3305 275/3982/3306
f 275/3982/3306 2133/3981/3305 2125/3983/3307
f 275/3982/3306 2125/3983/3307 2135/3984/3308
f 2135/3984/3308 2125/3983/3307 1390/3985/3309
f 2135/3984/3308 1390/3985/3309 275/3982/3306
f 285/3986/3310 2128/3987/3311 286/3980/3304
f 286/3980/3304 2128/3987/3311 2132/3988/3312
f 286/3980/3304 2132/3988/3312 2127/3989/3313
f 2127/3989/3313 2132/3988/3312 1391/3990/3314
f 2127/3989/3313 1391/3990/3314 2130/3991/3315
f 2130/3991/3315 1391/3990/3314 2129/3992/3316
f 2130/3991/3315 2129/3992/3316 286/3980/3304
f 286/3980/3304 2129/3992/3316 2131/3993/3317
f 286/3980/3304 2131/3993/3317 2126/3994/3318
f 2126/3994/3318 2131/3993/3317 1391/3990/3314
f 2126/3994/3318 1391/3990/3314 2134/3995/3319
f 2134/3995/3319 1391/3990/3314 2133/3981/3305
f 2134/3995/3319 2133/3981/3305 286/3980/3304
f 1391/3990/3314 1390/3985/3309 2133/3981/3305
f 2133/3981/3305 1390/3985/3309 2125/3983/3307
f 286/3980/3304 2126/3994/3318 2134/3995/3319
f 2131/3993/3317 2129/3992/3316 1391/3990/3314
f 286/3980/3304 2127/3989/3313 2130/3991/3315
f 285/3996/3320 1391/3990/3314 2128/3987/3311
f 2128/3987/3311 1391/3990/3314 2132/3988/3312
f 275/3997/3321 1390/3998/3322 1707/3999/3323
f 1707/3999/3323 1390/3998/3322 1389/4000/3324
f 1707/3999/3323 1389/4000/3324 1708/4001/3325
f 1708/4001/3325 1389/4000/3324 1388/4002/3326
f 1708/4001/3325 1388/4002/3326 1709/4003/3327
f 1709/4003/3327 1388/4002/3326 1387/4004/3328
f 1386/4005/3329 2136/4006/3330 1387/4007/3331
f 1387/4007/3331 2136/4006/3330 2146/4008/3332
f 1387/4007/3331 2146/4008/3332 1709/4009/3333
f 1709/4009/3333 2146/4008/3332 2136/4006/3330
f 1709/4009/3333 2136/4006/3330 2144/4010/3334
f 2144/4010/3334 2136/4006/3330 1386/4005/3329
f 2144/4010/3334 1386/4005/3329 2145/4011/3335
f 2145/4011/3335 1386/4005/3329 2137/4012/3336
f 2145/4011/3335 2137/4012/3336 1868/4013/3337
f 1868/4013/3337 2137/4012/3336 2142/4014/3338
f 1868/4013/3337 2142/4014/3338 2140/4015/3339
f 2140/4015/3339 2142/4014/3338 1386/4005/3329
f 2140/4015/3339 1386/4005/3329 2141/4016/3340
f 2141/4016/3340 1386/4005/3329 2138/4017/3341
f 2141/4016/3340 2138/4017/3341 1868/4013/3337
f 1868/4013/3337 2138/4017/3341 2143/4018/3342
f 1868/4013/3337 2143/4018/3342 2139/4019/3343
f 2139/4019/3343 2143/4018/3342 1386/4005/3329
f 2139/4019/3343 1386/4005/3329 1385/4020/3344
f 2145/4011/3335 1868/4013/3337 2144/4010/3334
f 2144/4010/3334 1868/4013/3337 1709/4009/3333
f 2137/4012/3336 1386/4005/3329 2142/4014/3338
f 1868/4013/3337 2140/4015/3339 2141/4016/3340
f 1868/4013/3337 2139/4019/3343 1385/4021/3345
f 2143/4018/3342 2138/4017/3341 1386/4005/3329
f 269/4022/3346 2148/4023/3347 262/4024/3348
f 262/4024/3348 2148/4023/3347 2159/4025/3349
f 262/4024/3348 2159/4025/3349 2158/4026/3350
f 2158/4026/3350 2159/4025/3349 1401/4027/3351
f 2158/4026/3350 1401/4027/3351 2147/4028/3352
f 2147/4028/3352 1401/4027/3351 2160/4029/3353
f 2147/4028/3352 2160/4029/3353 262/4024/3348
f 262/4024/3348 2160/4029/3353 1401/4027/3351
f 268/4030/3354 2151/4031/3355 269/4022/3346
f 269/4022/3346 2151/4031/3355 2155/4032/3356
f 269/4022/3346 2155/4032/3356 2150/4033/3357
f 2150/4033/3357 2155/4032/3356 1402/4034/3358
f 2150/4033/3357 1402/4034/3358 2153/4035/3359
f 2153/4035/3359 1402/4034/3358 2152/4036/3360
f 2153/4035/3359 2152/4036/3360 269/4022/3346
f 269/4022/3346 2152/4036/3360 2154/4037/3361
f 269/4022/3346 2154/4037/3361 2149/4038/3362
f 2149/4038/3362 2154/4037/3361 1402/4034/3358
f 2149/4038/3362 1402/4034/3358 2157/4039/3363
f 2157/4039/3363 1402/4034/3358 2156/4040/3364
f 2157/4039/3363 2156/4040/3364 269/4022/3346
f 269/4022/3346 2156/4040/3364 2148/4023/3347
f 2156/4040/3364 1402/4034/3358 2148/4023/3347
f 2148/4023/3347 1402/4034/3358 1401/4027/3351
f 2148/4023/3347 1401/4027/3351 2159/4025/3349
f 269/4022/3346 2149/4038/3362 2157/4039/3363
f 262/4024/3348 2158/4026/3350 2147/4028/3352
f 2154/4037/3361 2152/4036/3360 1402/4034/3358
f 269/4022/3346 2150/4033/3357 2153/4035/3359
f 268/4041/3365 1402/4034/3358 2151/4031/3355
f 2151/4031/3355 1402/4034/3358 2155/4032/3356
f 262/4042/3366 1401/4043/3367 1572/4044/3368
f 1572/4044/3368 1401/4043/3367 1400/4045/3369
f 1572/4044/3368 1400/4045/3369 1573/4046/3370
f 1573/4046/3370 1400/4045/3369 1399/4047/3371
f 1573/4046/3370 1399/4047/3371 1574/4048/3372
f 1574/4048/3372 1399/4047/3371 1398/4049/3373
f 1397/4050/3374 2173/4051/3375 1398/4052/3376
f 1398/4052/3376 2173/4051/3375 2161/4053/3377
f 1398/4052/3376 2161/4053/3377 2174/4054/3378
f 2174/4054/3378 2161/4053/3377 1574/4055/3379
f 2174/4054/3378 1574/4055/3379 1398/4052/3376
f 552/4056/3380 2166/4057/3381 1397/4050/3374
f 1397/4050/3374 2166/4057/3381 2170/4058/3382
f 1397/4050/3374 2170/4058/3382 2165/4059/3383
f 2165/4059/3383 2170/4058/3382 1874/4060/3384
f 2165/4059/3383 1874/4060/3384 2168/4061/3385
f 2168/4061/3385 1874/4060/3384 2167/4062/3386
f 2168/4061/3385 2167/4062/3386 1397/4050/3374
f 1397/4050/3374 2167/4062/3386 2169/4063/3387
f 1397/4050/3374 2169/4063/3387 2164/4064/3388
f 2164/4064/3388 2169/4063/3387 1874/4060/3384
f 2164/4064/3388 1874/4060/3384 2172/4065/3389
f 2172/4065/3389 1874/4060/3384 2171/4066/3390
f 2172/4065/3389 2171/4066/3390 1397/4050/3374
f 1397/4050/3374 2171/4066/3390 2162/4067/3391
f 1397/4050/3374 2162/4067/3391 2163/4068/3392
f 2163/4068/3392 2162/4067/3391 1574/4055/3379
f 2163/4068/3392 1574/4055/3379 2173/4051/3375
f 2173/4051/3375 1574/4055/3379 2161/4053/3377
f 2171/4066/3390 1874/4060/3384 2162/4067/3391
f 2162/4067/3391 1874/4060/3384 1574/4055/3379
f 1397/4050/3374 2164/4064/3388 2172/4065/3389
f 2173/4051/3375 1397/4050/3374 2163/4068/3392
f 2169/4063/3387 2167/4062/3386 1874/4060/3384
f 1397/4050/3374 2165/4059/3383 2168/4061/3385
f 552/4069/3393 1874/4060/3384 2166/4057/3381
f 2166/4057/3381 1874/4060/3384 2170/4058/3382
f 1880/4070/3394 2176/4071/3395 1579/4072/3396
f 1579/4072/3396 2176/4071/3395 2187/4073/3397
f 1579/4072/3396 2187/4073/3397 2186/4074/3398
f 2186/4074/3398 2187/4073/3397 1412/4075/3399
f 2186/4074/3398 1412/4075/3399 2175/4076/3400
f 2175/4076/3400 1412/4075/3399 2188/4077/3401
f 2175/4076/3400 2188/4077/3401 1579/4072/3396
f 1579/4072/3396 2188/4077/3401 1412/4075/3399
f 1414/4078/3402 2179/4079/3403 1880/4070/3394
f 1880/4070/3394 2179/4079/3403 2183/4080/3404
f 1880/4070/3394 2183/4080/3404 2178/4081/3405
f 2178/4081/3405 2183/4080/3404 1413/4082/3406
f 2178/4081/3405 1413/4082/3406 2181/4083/3407
f 2181/4083/3407 1413/4082/3406 2180/4084/3408
f 2181/4083/3407 2180/4084/3408 1880/4070/3394
f 1880/4070/3394 2180/4084/3408 2182/4085/3409
f 1880/4070/3394 2182/4085/3409 2177/4086/3410
f 2177/4086/3410 2182/4085/3409 1413/4082/3406
f 2177/4086/3410 1413/4082/3406 2185/4087/3411
f 2185/4087/3411 1413/4082/3406 2184/4088/3412
f 2185/4087/3411 2184/4088/3412 1880/4070/3394
f 1880/4070/3394 2184/4088/3412 2176/4071/3395
f 2184/4088/3412 1413/4082/3406 2176/4071/3395
f 2176/4071/3395 1413/4082/3406 1412/4075/3399
f 2176/4071/3395 1412/4075/3399 2187/4073/3397
f 1880/4070/3394 2177/4086/3410 2185/4087/3411
f 1579/4072/3396 2186/4074/3398 2175/4076/3400
f 2182/4085/3409 2180/4084/3408 1413/4082/3406
f 1880/4070/3394 2178/4081/3405 2181/4083/3407
f 1414/4089/3413 1413/4082/3406 2179/4079/3403
f 2179/4079/3403 1413/4082/3406 2183/4080/3404
f 1579/4090/3414 1412/4091/3415 1580/4092/3416
f 1580/4092/3416 1412/4091/3415 1411/4093/3417
f 1580/4092/3416 1411/4093/3417 1581/4094/3418
f 1581/4094/3418 1411/4093/3417 1410/4095/3419
f 1581/4094/3418 1410/4095/3419 1582/4096/3420
f 1582/4096/3420 1410/4095/3419 1409/4097/3421
f 1408/4098/3422 2201/4099/3423 1409/4100/3424
f 1409/4100/3424 2201/4099/3423 2189/4101/3425
f 1409/4100/3424 2189/4101/3425 2202/4102/3426
f 2202/4102/3426 2189/4101/3425 1582/4103/3427
f 2202/4102/3426 1582/4103/3427 1409/4100/3424
f 543/4104/3428 2194/4105/3429 1408/4098/3422
f 1408/4098/3422 2194/4105/3429 2198/4106/3430
f 1408/4098/3422 2198/4106/3430 2193/4107/3431
f 2193/4107/3431 2198/4106/3430 1886/4108/3432
f 2193/4107/3431 1886/4108/3432 2196/4109/3433
f 2196/4109/3433 1886/4108/3432 2195/4110/3434
f 2196/4109/3433 2195/4110/3434 1408/4098/3422
f 1408/4098/3422 2195/4110/3434 2197/4111/3435
f 1408/4098/3422 2197/4111/3435 2192/4112/3436
f 2192/4112/3436 2197/4111/3435 1886/4108/3432
f 2192/4112/3436 1886/4108/3432 2200/4113/3437
f 2200/4113/3437 1886/4108/3432 2199/4114/3438
f 2200/4113/3437 2199/4114/3438 1408/4098/3422
f 1408/4098/3422 2199/4114/3438 2190/4115/3439
f 1408/4098/3422 2190/4115/3439 2191/4116/3440
f 2191/4116/3440 2190/4115/3439 1582/4103/3427
f 2191/4116/3440 1582/4103/3427 2201/4099/3423
f 2201/4099/3423 1582/4103/3427 2189/4101/3425
f 2199/4114/3438 1886/4108/3432 2190/4115/3439
f 2190/4115/3439 1886/4108/3432 1582/4103/3427
f 1408/4098/3422 2192/4112/3436 2200/4113/3437
f 2201/4099/3423 1408/4098/3422 2191/4116/3440
f 2197/4111/3435 2195/4110/3434 1886/4108/3432
f 1408/4098/3422 2193/4107/3431 2196/4109/3433
f 543/4117/3441 1886/4108/3432 2194/4105/3429
f 2194/4105/3429 1886/4108/3432 2198/4106/3430
f 1284/4118/3442 1453/4119/3443 1285/4120/3444
f 1285/4120/3444 1453/4119/3443 1492/4121/3445
f 1285/4120/3444 1492/4121/3445 1286/4122/3446
f 1286/4122/3446 1492/4121/3445 1491/4123/3447
f 1286/4122/3446 1491/4123/3447 1287/4124/3448
f 1287/4124/3448 1491/4123/3447 1490/4125/3449
f 1287/4124/3448 1490/4125/3449 1288/4126/3450
f 1288/4126/3450 1490/4125/3449 1489/4127/3451
f 1288/4126/3450 1489/4127/3451 1289/4128/3452
f 1289/4128/3452 1489/4127/3451 1488/4129/3453
f 1289/4128/3452 1488/4129/3453 1290/4130/3454
f 1290/4130/3454 1488/4129/3453 1487/4131/3455
f 1290/4130/3454 1487/4131/3455 1291/4132/3456
f 1291/4132/3456 1487/4131/3455 1486/4133/3457
f 1291/4132/3456 1486/4133/3457 1292/4134/3458
f 1292/4134/3458 1486/4133/3457 1485/4135/3459
f 1292/4134/3458 1485/4135/3459 1293/4136/3460
f 1293/4136/3460 1485/4135/3459 1484/4137/3461
f 1293/4136/3460 1484/4137/3461 1294/4138/3462
f 1294/4138/3462 1484/4137/3461 1483/4139/3463
f 1294/4138/3462 1483/4139/3463 1295/4140/3464
f 1295/4140/3464 1483/4139/3463 1482/4141/3465
f 1295/4140/3464 1482/4141/3465 1296/4142/3466
f 1296/4142/3466 1482/4141/3465 1481/4143/3467
f 1296/4142/3466 1481/4143/3467 1297/4144/3468
f 1297/4144/3468 1481/4143/3467 1480/4145/3469
f 1297/4144/3468 1480/4145/3469 1298/4146/3470
f 1298/4146/3470 1480/4145/3469 1479/4147/3471
f 1298/4146/3470 1479/4147/3471 1299/4148/3472
f 1299/4148/3472 1479/4147/3471 1478/4149/3473
f 1299/4148/3472 1478/4149/3473 1300/4150/3474
f 1300/4150/3474 1478/4149/3473 1477/4151/3475
f 1300/4150/3474 1477/4151/3475 1301/4152/3476
f 1301/4152/3476 1477/4151/3475 1476/4153/3477
f 1301/4152/3476 1476/4153/3477 1302/4154/3478
f 1302/4154/3478 1476/4153/3477 1475/4155/3479
f 1302/4154/3478 1475/4155/3479 1303/4156/3480
f 1303/4156/3480 1475/4155/3479 1474/4157/3481
f 1303/4156/3480 1474/4157/3481 1304/4158/3482
f 1304/4158/3482 1474/4157/3481 1473/4159/3483
f 1304/4158/3482 1473/4159/3483 1305/4160/3484
f 1305/4160/3484 1473/4159/3483 1472/4161/3485
f 1305/4160/3484 1472/4161/3485 1306/4162/3486
f 1306/4162/3486 1472/4161/3485 1471/4163/3487
f 1306/4162/3486 1471/4163/3487 1307/4164/3488
f 1307/4164/3488 1471/4163/3487 1470/4165/3489
f 1307/4164/3488 1470/4165/3489 1308/4166/3490
f 1308/4166/3490 1470/4165/3489 1469/4167/3491
f 1308/4166/3490 1469/4167/3491 1309/4168/3492
f 1309/4168/3492 1469/4167/3491 1468/4169/3493
f 1309/4168/3492 1468/4169/3493 1310/4170/3494
f 1310/4170/3494 1468/4169/3493 1467/4171/3495
f 1310/4170/3494 1467/4171/3495 1311/4172/3496
f 1311/4172/3496 1467/4171/3495 1466/4173/3497
f 1311/4174/3496 1466/4175/3497 1312/4176/3498
f 1312/4176/3498 1466/4175/3497 1552/4177/3499
f 1312/4176/3498 1552/4177/3499 1313/4178/3500
f 1313/4178/3500 1552/4177/3499 1551/4179/3501
f 1313/4178/3500 1551/4179/3501 1314/4180/3502
f 1314/4180/3502 1551/4179/3501 1550/4181/3503
f 1453/4182/3443 1284/4183/3442 1454/4184/3504
f 1454/4184/3504 1284/4183/3442 1283/4185/3505
f 1454/4184/3504 1283/4185/3505 1455/4186/3506
f 1455/4186/3506 1283/4185/3505 1282/4187/3507
f 1455/4186/3506 1282/4187/3507 1445/4188/3508
f 1445/4188/3508 1282/4187/3507 1281/4189/3509
f 1550/4190/3503 1565/4191/3510 1314/4192/3502
f 1314/4192/3502 1565/4191/3510 1315/4193/3511
f 1315/4193/3511 1565/4191/3510 1564/4194/3512
f 1315/4193/3511 1564/4194/3512 1316/4195/3513
f 1316/4195/3513 1564/4194/3512 1563/4196/3514
f 1316/4195/3513 1563/4196/3514 1317/4197/3515
f 1317/4197/3515 1563/4196/3514 1562/4198/3516
f 1445/4199/3508 1281/4200/3509 1446/4201/3517
f 1446/4201/3517 1281/4200/3509 1280/4202/3518
f 1446/4201/3517 1280/4202/3518 1447/4203/3519
f 1447/4203/3519 1280/4202/3518 1279/4204/3520
f 1447/4203/3519 1279/4204/3520 1448/4205/3521
f 1448/4205/3521 1279/4204/3520 1/4206/2
f 1448/4205/3521 1/4206/2 10/4207/1
f 1317/4208/3515 1562/4209/3516 1318/4210/3522
f 1318/4210/3522 1562/4209/3516 1571/4211/3523
f 1318/4210/3522 1571/4211/3523 1319/4212/3524
f 1319/4212/3524 1571/4211/3523 1570/4213/3525
f 1319/4212/3524 1570/4213/3525 1320/4214/3526
f 1320/4214/3526 1570/4213/3525 1569/4215/3527
f 1320/4214/3526 1569/4215/3527 1321/4216/3528
f 1321/4216/3528 1569/4215/3527 1329/4217/3529
f 1329/4218/3529 1328/4219/3530 1321/4220/3528
f 1321/4220/3528 1328/4219/3530 1322/4221/3531
f 1322/4221/3531 1328/4219/3530 1327/4222/3532
f 1322/4221/3531 1327/4222/3532 1323/4223/3533
f 1323/4223/3533 1327/4222/3532 1326/4224/3534
f 1323/4223/3533 1326/4224/3534 1243/4225/3535
f 1243/4225/3535 1326/4224/3534 1325/4226/3536
f 6/4227/9 5/4228/10 1438/4229/3537
f 1438/4229/3537 5/4228/10 1278/4230/3538
f 1438/4229/3537 1278/4230/3538 1439/4231/3539
f 1439/4231/3539 1278/4230/3538 1277/4232/3540
f 1439/4231/3539 1277/4232/3540 1440/4233/3541
f 1440/4233/3541 1277/4232/3540 1276/4234/3542
f 1440/4233/3541 1276/4234/3542 1426/4235/3543
f 1243/4236/3535 1325/4237/3536 1244/4238/3544
f 1244/4238/3544 1325/4237/3536 1336/4239/3545
f 1244/4238/3544 1336/4239/3545 1245/4240/3546
f 1245/4240/3546 1336/4239/3545 1335/4241/3547
f 1245/4240/3546 1335/4241/3547 1246/4242/3548
f 1246/4242/3548 1335/4241/3547 1334/4243/3549
f 1426/4244/3543 1276/4245/3542 1427/4246/3550
f 1427/4246/3550 1276/4245/3542 1275/4247/3551
f 1427/4246/3550 1275/4247/3551 1428/4248/3552
f 1428/4248/3552 1275/4247/3551 1274/4249/3553
f 1428/4248/3552 1274/4249/3553 1347/4250/3554
f 1347/4250/3554 1274/4249/3553 1273/4251/3555
f 1246/4252/3548 1334/4253/3549 1247/4254/3556
f 1247/4254/3556 1334/4253/3549 1373/4255/3557
f 1247/4254/3556 1373/4255/3557 1248/4256/3558
f 1248/4256/3558 1373/4255/3557 1372/4257/3559
f 1248/4256/3558 1372/4257/3559 1249/4258/3560
f 1249/4258/3560 1372/4257/3559 1371/4259/3561
f 1249/4258/3560 1371/4259/3561 1250/4260/3562
f 1250/4260/3562 1371/4259/3561 1370/4261/3563
f 1250/4260/3562 1370/4261/3563 1251/4262/3564
f 1251/4262/3564 1370/4261/3563 1369/4263/3565
f 1251/4262/3564 1369/4263/3565 1252/4264/3566
f 1252/4264/3566 1369/4263/3565 1368/4265/3567
f 1252/4264/3566 1368/4265/3567 1253/4266/3568
f 1253/4266/3568 1368/4265/3567 1367/4267/3569
f 1253/4266/3568 1367/4267/3569 1254/4268/3570
f 1254/4268/3570 1367/4267/3569 1366/4269/3571
f 1254/4268/3570 1366/4269/3571 1255/4270/3572
f 1255/4270/3572 1366/4269/3571 1365/4271/3573
f 1255/4270/3572 1365/4271/3573 1256/4272/3574
f 1256/4272/3574 1365/4271/3573 1364/4273/3575
f 1256/4272/3574 1364/4273/3575 1257/4274/3576
f 1257/4274/3576 1364/4273/3575 1363/4275/3577
f 1257/4274/3576 1363/4275/3577 1258/4276/3578
f 1258/4276/3578 1363/4275/3577 1362/4277/3579
f 1258/4276/3578 1362/4277/3579 1259/4278/3580
f 1259/4278/3580 1362/4277/3579 1361/4279/3581
f 1259/4278/3580 1361/4279/3581 1260/4280/3582
f 1260/4280/3582 1361/4279/3581 1360/4281/3583
f 1260/4280/3582 1360/4281/3583 1261/4282/3584
f 1261/4282/3584 1360/4281/3583 1359/4283/3585
f 1261/4282/3584 1359/4283/3585 1262/4284/3586
f 1262/4284/3586 1359/4283/3585 1358/4285/3587
f 1262/4284/3586 1358/4285/3587 1263/4286/3588
f 1263/4286/3588 1358/4285/3587 1357/4287/3589
f 1263/4286/3588 1357/4287/3589 1264/4288/3590
f 1264/4288/3590 1357/4287/3589 1356/4289/3591
f 1264/4288/3590 1356/4289/3591 1265/4290/3592
f 1265/4290/3592 1356/4289/3591 1355/4291/3593
f 1265/4290/3592 1355/4291/3593 1266/4292/3594
f 1266/4292/3594 1355/4291/3593 1354/4293/3595
f 1266/4292/3594 1354/4293/3595 1267/4294/3596
f 1267/4294/3596 1354/4293/3595 1353/4295/3597
f 1267/4294/3596 1353/4295/3597 1268/4296/3598
f 1268/4296/3598 1353/4295/3597 1352/4297/3599
f 1268/4296/3598 1352/4297/3599 1269/4298/3600
f 1269/4298/3600 1352/4297/3599 1351/4299/3601
f 1269/4298/3600 1351/4299/3601 1270/4300/3602
f 1270/4300/3602 1351/4299/3601 1350/4301/3603
f 1270/4300/3602 1350/4301/3603 1271/4302/3604
f 1271/4302/3604 1350/4301/3603 1349/4303/3605
f 1271/4302/3604 1349/4303/3605 1272/4304/3606
f 1272/4304/3606 1349/4303/3605 1348/4305/3607
f 1272/4304/3606 1348/4305/3607 1273/4306/3555
f 1273/4306/3555 1348/4305/3607 1347/4307/3554
# 2202 vertices
# 4307 texture params
# 3607 normals
# 4440 facets

# 1 groups
