# WaveFront *.obj file (generated by Autodesk ATF)

mtllib body1_visual.mtl

g Body1

v 8.324436 0.000000 -22.806587
v 8.277624 -0.952871 -22.806587
v 8.137641 -1.896565 -22.806587
v 7.905833 -2.821994 -22.806587
v 7.584433 -3.720245 -22.806587
v 7.176537 -4.582669 -22.806587
v 6.686073 -5.400959 -22.806587
v 6.117764 -6.167235 -22.806587
v 5.477083 -6.874117 -22.806587
v 4.770201 -7.514797 -22.806587
v 4.003926 -8.083106 -22.806587
v 3.185635 -8.573571 -22.806587
v 2.323212 -8.981467 -22.806587
v 1.424960 -9.302866 -22.806587
v 0.499531 -9.534674 -22.806587
v -0.444163 -9.674658 -22.806587
v -1.397033 -9.721469 -22.806587
v -2.349904 -9.674658 -22.806587
v -3.293598 -9.534674 -22.806587
v -4.219027 -9.302866 -22.806587
v -5.117279 -8.981467 -22.806587
v -5.979702 -8.573571 -22.806587
v -6.797992 -8.083106 -22.806587
v -7.564268 -7.514797 -22.806587
v -8.271150 -6.874117 -22.806587
v -8.911831 -6.167235 -22.806587
v -9.480140 -5.400959 -22.806587
v -9.970604 -4.582669 -22.806587
v -10.378500 -3.720245 -22.806587
v -10.699900 -2.821994 -22.806587
v -10.931708 -1.896565 -22.806587
v -11.071691 -0.952871 -22.806587
v -11.118503 0.000000 -22.806587
v -11.071691 0.952871 -22.806587
v -10.931708 1.896565 -22.806587
v -10.699900 2.821994 -22.806587
v -10.378500 3.720245 -22.806587
v -9.970604 4.582669 -22.806587
v -9.480140 5.400959 -22.806587
v -8.911831 6.167235 -22.806587
v -8.271150 6.874117 -22.806587
v -7.564268 7.514797 -22.806587
v -6.797992 8.083106 -22.806587
v -5.979702 8.573571 -22.806587
v -5.117279 8.981467 -22.806587
v -4.219027 9.302866 -22.806587
v -3.293598 9.534674 -22.806587
v -2.349904 9.674658 -22.806587
v -1.397033 9.721469 -22.806587
v -0.444163 9.674658 -22.806587
v 0.499531 9.534674 -22.806587
v 1.424960 9.302866 -22.806587
v 2.323212 8.981467 -22.806587
v 3.185635 8.573571 -22.806587
v 4.003926 8.083106 -22.806587
v 4.770201 7.514797 -22.806587
v 5.477083 6.874117 -22.806587
v 6.117764 6.167235 -22.806587
v 6.686073 5.400959 -22.806587
v 7.176537 4.582669 -22.806587
v 7.584433 3.720245 -22.806587
v 7.905833 2.821994 -22.806587
v 8.137641 1.896565 -22.806587
v 8.277624 0.952871 -22.806587
v 8.217944 0.000000 -22.693581
v 8.171645 0.942433 -22.693581
v 8.033195 1.875789 -22.693581
v 7.803926 2.791081 -22.693581
v 7.486047 3.679492 -22.693581
v 7.082619 4.532469 -22.693581
v 6.597528 5.341795 -22.693581
v 6.035444 6.099677 -22.693581
v 5.401782 6.798816 -22.693581
v 4.702643 7.432478 -22.693581
v 3.944762 7.994561 -22.693581
v 3.135435 8.479653 -22.693581
v 2.282459 8.883081 -22.693581
v 1.394047 9.200959 -22.693581
v 0.478756 9.430228 -22.693581
v -0.454601 9.568678 -22.693581
v -1.397033 9.614977 -22.693581
v -2.339466 9.568678 -22.693581
v -3.272822 9.430228 -22.693581
v -4.188114 9.200959 -22.693581
v -5.076526 8.883081 -22.693581
v -5.929502 8.479653 -22.693581
v -6.738829 7.994561 -22.693581
v -7.496710 7.432478 -22.693581
v -8.195849 6.798816 -22.693581
v -8.829511 6.099677 -22.693581
v -9.391595 5.341795 -22.693581
v -9.876686 4.532469 -22.693581
v -10.280114 3.679492 -22.693581
v -10.597993 2.791081 -22.693581
v -10.827262 1.875789 -22.693581
v -10.965712 0.942433 -22.693581
v -11.012011 -0.000000 -22.693581
v -10.965712 -0.942433 -22.693581
v -10.827262 -1.875789 -22.693581
v -10.597993 -2.791081 -22.693581
v -10.280114 -3.679492 -22.693581
v -9.876686 -4.532469 -22.693581
v -9.391595 -5.341795 -22.693581
v -8.829511 -6.099677 -22.693581
v -8.195849 -6.798816 -22.693581
v -7.496710 -7.432478 -22.693581
v -6.738829 -7.994561 -22.693581
v -5.929502 -8.479653 -22.693581
v -5.076526 -8.883081 -22.693581
v -4.188114 -9.200959 -22.693581
v -3.272822 -9.430228 -22.693581
v -2.339466 -9.568678 -22.693581
v -1.397033 -9.614977 -22.693581
v -0.454601 -9.568678 -22.693581
v 0.478756 -9.430228 -22.693581
v 1.394047 -9.200959 -22.693581
v 2.282459 -8.883081 -22.693581
v 3.135435 -8.479653 -22.693581
v 3.944762 -7.994561 -22.693581
v 4.702643 -7.432478 -22.693581
v 5.401782 -6.798816 -22.693581
v 6.035444 -6.099677 -22.693581
v 6.597528 -5.341795 -22.693581
v 7.082619 -4.532469 -22.693581
v 7.486047 -3.679492 -22.693581
v 7.803926 -2.791081 -22.693581
v 8.033195 -1.875789 -22.693581
v 8.171645 -0.942433 -22.693581
v -11.011823 0.000000 -22.699907
v -10.965525 -0.942414 -22.699907
v -10.827077 -1.875752 -22.699907
v -10.597813 -2.791026 -22.699907
v -10.279941 -3.679421 -22.699907
v -9.876521 -4.532380 -22.699907
v -9.391439 -5.341691 -22.699907
v -8.829366 -6.099558 -22.699907
v -8.195716 -6.798683 -22.699907
v -7.496591 -7.432333 -22.699907
v -6.738724 -7.994405 -22.699907
v -5.929414 -8.479487 -22.699907
v -5.076454 -8.882907 -22.699907
v -4.188060 -9.200780 -22.699907
v -3.272786 -9.430044 -22.699907
v -2.339448 -9.568492 -22.699907
v -1.397033 -9.614789 -22.699907
v -0.454619 -9.568492 -22.699907
v 0.478719 -9.430044 -22.699907
v 1.393993 -9.200780 -22.699907
v 2.282387 -8.882907 -22.699907
v 3.135347 -8.479487 -22.699907
v 3.944657 -7.994405 -22.699907
v 4.702524 -7.432333 -22.699907
v 5.401649 -6.798683 -22.699907
v 6.035299 -6.099558 -22.699907
v 6.597372 -5.341691 -22.699907
v 7.082454 -4.532380 -22.699907
v 7.485874 -3.679421 -22.699907
v 7.803746 -2.791026 -22.699907
v 8.033010 -1.875752 -22.699907
v 8.171458 -0.942414 -22.699907
v 8.217756 0.000000 -22.699907
v 8.171458 0.942414 -22.699907
v 8.033010 1.875752 -22.699907
v 7.803746 2.791026 -22.699907
v 7.485874 3.679421 -22.699907
v 7.082454 4.532380 -22.699907
v 6.597372 5.341691 -22.699907
v 6.035299 6.099558 -22.699907
v 5.401649 6.798683 -22.699907
v 4.702524 7.432333 -22.699907
v 3.944657 7.994405 -22.699907
v 3.135347 8.479487 -22.699907
v 2.282387 8.882907 -22.699907
v 1.393993 9.200780 -22.699907
v 0.478719 9.430044 -22.699907
v -0.454619 9.568492 -22.699907
v -1.397033 9.614789 -22.699907
v -2.339448 9.568492 -22.699907
v -3.272786 9.430044 -22.699907
v -4.188060 9.200780 -22.699907
v -5.076454 8.882907 -22.699907
v -5.929414 8.479487 -22.699907
v -6.738724 7.994405 -22.699907
v -7.496591 7.432333 -22.699907
v -8.195716 6.798683 -22.699907
v -8.829366 6.099558 -22.699907
v -9.391439 5.341691 -22.699907
v -9.876521 4.532380 -22.699907
v -10.279941 3.679421 -22.699907
v -10.597813 2.791026 -22.699907
v -10.827077 1.875752 -22.699907
v -10.965525 0.942414 -22.699907
v -11.065163 -0.000000 -22.792295
v -11.026115 -0.000000 -22.753247
v 8.224541 -0.947642 -22.792295
v 8.185682 -0.943815 -22.753247
v 8.232048 0.000000 -22.753247
v 8.271096 0.000000 -22.792295
v 8.085326 -1.886158 -22.792295
v 8.047028 -1.878541 -22.753247
v 7.854790 -2.806510 -22.792295
v 7.817423 -2.795175 -22.753247
v 7.535153 -3.699833 -22.792295
v 7.499078 -3.684890 -22.753247
v 7.129495 -4.557525 -22.792295
v 7.095059 -4.539118 -22.753247
v 6.641722 -5.371325 -22.792295
v 6.609255 -5.349631 -22.753247
v 6.076532 -6.133396 -22.792295
v 6.046347 -6.108625 -22.753247
v 5.439366 -6.836400 -22.792295
v 5.411756 -6.808789 -22.753247
v 4.736363 -7.473565 -22.792295
v 4.711591 -7.443381 -22.753247
v 3.974291 -8.038756 -22.792295
v 3.952598 -8.006289 -22.753247
v 3.160491 -8.526529 -22.792295
v 3.142084 -8.492092 -22.753247
v 2.302799 -8.932187 -22.792295
v 2.287857 -8.896112 -22.753247
v 1.409476 -9.251823 -22.792295
v 1.398141 -9.214457 -22.753247
v 0.489125 -9.482359 -22.792295
v 0.481507 -9.444062 -22.753247
v -0.449391 -9.621575 -22.792295
v -0.453218 -9.582715 -22.753247
v -1.397033 -9.668129 -22.792295
v -1.397033 -9.629082 -22.753247
v -2.344676 -9.621575 -22.792295
v -2.340849 -9.582715 -22.753247
v -3.283192 -9.482359 -22.792295
v -3.275574 -9.444062 -22.753247
v -4.203543 -9.251823 -22.792295
v -4.192208 -9.214457 -22.753247
v -5.096866 -8.932187 -22.792295
v -5.081924 -8.896112 -22.753247
v -5.954558 -8.526529 -22.792295
v -5.936151 -8.492092 -22.753247
v -6.768358 -8.038756 -22.792295
v -6.746665 -8.006289 -22.753247
v -7.530430 -7.473565 -22.792295
v -7.505658 -7.443381 -22.753247
v -8.233433 -6.836400 -22.792295
v -8.205823 -6.808789 -22.753247
v -8.870599 -6.133396 -22.792295
v -8.840414 -6.108625 -22.753247
v -9.435789 -5.371325 -22.792295
v -9.403322 -5.349631 -22.753247
v -9.923562 -4.557525 -22.792295
v -9.889125 -4.539118 -22.753247
v -10.329220 -3.699833 -22.792295
v -10.293145 -3.684890 -22.753247
v -10.648856 -2.806510 -22.792295
v -10.611490 -2.795175 -22.753247
v -10.879392 -1.886158 -22.792295
v -10.841095 -1.878541 -22.753247
v -11.018608 -0.947642 -22.792295
v -10.979749 -0.943815 -22.753247
v -11.018608 0.947642 -22.792295
v -10.979749 0.943815 -22.753247
v -10.879392 1.886158 -22.792295
v -10.841095 1.878541 -22.753247
v -10.648856 2.806510 -22.792295
v -10.611490 2.795175 -22.753247
v -10.329220 3.699833 -22.792295
v -10.293145 3.684890 -22.753247
v -9.923562 4.557525 -22.792295
v -9.889125 4.539118 -22.753247
v -9.435789 5.371325 -22.792295
v -9.403322 5.349631 -22.753247
v -8.870599 6.133396 -22.792295
v -8.840414 6.108625 -22.753247
v -8.233433 6.836400 -22.792295
v -8.205823 6.808789 -22.753247
v -7.530430 7.473565 -22.792295
v -7.505658 7.443381 -22.753247
v -6.768358 8.038756 -22.792295
v -6.746665 8.006289 -22.753247
v -5.954558 8.526529 -22.792295
v -5.936151 8.492092 -22.753247
v -5.096866 8.932187 -22.792295
v -5.081924 8.896112 -22.753247
v -4.203543 9.251823 -22.792295
v -4.192208 9.214457 -22.753247
v -3.283192 9.482359 -22.792295
v -3.275574 9.444062 -22.753247
v -2.344676 9.621575 -22.792295
v -2.340849 9.582715 -22.753247
v -1.397033 9.668129 -22.792295
v -1.397033 9.629082 -22.753247
v -0.449391 9.621575 -22.792295
v -0.453218 9.582715 -22.753247
v 0.489125 9.482359 -22.792295
v 0.481507 9.444062 -22.753247
v 1.409476 9.251823 -22.792295
v 1.398141 9.214457 -22.753247
v 2.302799 8.932187 -22.792295
v 2.287857 8.896112 -22.753247
v 3.160491 8.526529 -22.792295
v 3.142084 8.492092 -22.753247
v 3.974291 8.038756 -22.792295
v 3.952598 8.006289 -22.753247
v 4.736363 7.473565 -22.792295
v 4.711591 7.443381 -22.753247
v 5.439366 6.836400 -22.792295
v 5.411756 6.808789 -22.753247
v 6.076532 6.133396 -22.792295
v 6.046347 6.108625 -22.753247
v 6.641722 5.371325 -22.792295
v 6.609255 5.349631 -22.753247
v 7.129495 4.557525 -22.792295
v 7.095059 4.539118 -22.753247
v 7.535153 3.699833 -22.792295
v 7.499078 3.684890 -22.753247
v 7.854790 2.806510 -22.792295
v 7.817423 2.795175 -22.753247
v 8.085326 1.886158 -22.792295
v 8.047028 1.878541 -22.753247
v 8.224541 0.947642 -22.792295
v 8.185682 0.943815 -22.753247
v -10.244393 3.858108 -22.070711
v -10.253570 3.847185 -22.002441
v -10.272109 3.812937 -21.944603
v -10.296960 3.760467 -21.905966
v -10.324100 3.697681 -21.892411
v -10.349303 3.634094 -21.905990
v -10.368826 3.579433 -21.944644
v -10.379927 3.542124 -22.002497
v -10.381152 3.527932 -22.070769
v -10.372420 3.539048 -22.139043
v -10.354954 3.573748 -22.196979
v -10.331188 3.626640 -22.235698
v -10.304489 3.689620 -22.249299
v -10.278836 3.753032 -22.235674
v -10.258247 3.807224 -22.196938
v -10.246068 3.844094 -22.138986
v -10.503497 3.965432 -22.095248
v -10.503409 3.950685 -22.163364
v -10.514087 3.913171 -22.221188
v -10.533668 3.858553 -22.259818
v -10.558964 3.794995 -22.273396
v -10.586020 3.732165 -22.259817
v -10.610794 3.679699 -22.221186
v -10.629770 3.645623 -22.163362
v -10.640260 3.635258 -22.095246
v -10.640776 3.650201 -22.027133
v -10.631143 3.688132 -21.969445
v -10.612596 3.743201 -21.930906
v -10.587740 3.806916 -21.917378
v -10.560262 3.869546 -21.930907
v -10.534437 3.921599 -21.969447
v -10.514428 3.955232 -22.027135
v -10.244393 -3.858108 -22.070711
v -10.246069 -3.844092 -22.138993
v -10.258250 -3.807214 -22.196948
v -10.278844 -3.753013 -22.235683
v -10.304500 -3.689593 -22.249299
v -10.331203 -3.626608 -22.235683
v -10.354967 -3.573720 -22.196948
v -10.372430 -3.539030 -22.138993
v -10.381156 -3.527934 -22.070711
v -10.379923 -3.542142 -22.002454
v -10.368823 -3.579441 -21.944635
v -10.349315 -3.634063 -21.906003
v -10.324122 -3.697628 -21.892411
v -10.296968 -3.760449 -21.905958
v -10.272096 -3.812963 -21.944631
v -10.253560 -3.847201 -22.002486
v -10.640259 -3.635258 -22.095248
v -10.629769 -3.645624 -22.163364
v -10.610794 -3.679701 -22.221188
v -10.586019 -3.732167 -22.259818
v -10.558963 -3.794997 -22.273396
v -10.533667 -3.858555 -22.259817
v -10.514087 -3.913173 -22.221186
v -10.503409 -3.950686 -22.163362
v -10.503497 -3.965432 -22.095246
v -10.514428 -3.955231 -22.027133
v -10.534438 -3.921598 -21.969445
v -10.560263 -3.869544 -21.930906
v -10.587741 -3.806914 -21.917378
v -10.612597 -3.743199 -21.930907
v -10.631143 -3.688130 -21.969447
v -10.640776 -3.650200 -22.027135
v -5.255141 -8.847359 -22.070711
v -5.244218 -8.856537 -22.002441
v -5.209971 -8.875075 -21.944603
v -5.157500 -8.899926 -21.905966
v -5.094714 -8.927067 -21.892411
v -5.031127 -8.952270 -21.905990
v -4.976467 -8.971793 -21.944644
v -4.939157 -8.982893 -22.002497
v -4.924966 -8.984119 -22.070769
v -4.936081 -8.975386 -22.139043
v -4.970781 -8.957920 -22.196979
v -5.023674 -8.934155 -22.235698
v -5.086654 -8.907456 -22.249299
v -5.150066 -8.881803 -22.235674
v -5.204257 -8.861213 -22.196938
v -5.241128 -8.849035 -22.138986
v -5.362466 -9.106463 -22.095248
v -5.347718 -9.106375 -22.163364
v -5.310205 -9.117054 -22.221188
v -5.255587 -9.136634 -22.259818
v -5.192028 -9.161931 -22.273396
v -5.129198 -9.188986 -22.259817
v -5.076733 -9.213761 -22.221186
v -5.042657 -9.232736 -22.163362
v -5.032292 -9.243226 -22.095246
v -5.047234 -9.243743 -22.027133
v -5.085165 -9.234109 -21.969445
v -5.140234 -9.215563 -21.930906
v -5.203950 -9.190706 -21.917378
v -5.266580 -9.163229 -21.930907
v -5.318633 -9.137403 -21.969447
v -5.352265 -9.117394 -22.027135
v 2.130900 -8.984122 -22.070711
v 2.145113 -8.982888 -22.002441
v 2.182438 -8.971780 -21.944603
v 2.237113 -8.952250 -21.905966
v 2.300701 -8.927045 -21.892411
v 2.363485 -8.899903 -21.905990
v 2.415941 -8.875057 -21.944644
v 2.450172 -8.856525 -22.002497
v 2.461073 -8.847356 -22.070769
v 2.447038 -8.849041 -22.139043
v 2.410152 -8.861227 -22.196979
v 2.355946 -8.881823 -22.235698
v 2.292533 -8.907478 -22.249299
v 2.229555 -8.934178 -22.235674
v 2.176677 -8.957938 -22.196938
v 2.141994 -8.975398 -22.138986
v 2.238225 -9.243226 -22.095248
v 2.248590 -9.232736 -22.163364
v 2.282667 -9.213760 -22.221188
v 2.335133 -9.188985 -22.259818
v 2.397963 -9.161930 -22.273396
v 2.461522 -9.136634 -22.259817
v 2.516139 -9.117053 -22.221186
v 2.553652 -9.106375 -22.163362
v 2.568399 -9.106464 -22.095246
v 2.558198 -9.117395 -22.027133
v 2.524565 -9.137404 -21.969445
v 2.472511 -9.163230 -21.930906
v 2.409881 -9.190707 -21.917378
v 2.346165 -9.215564 -21.930907
v 2.291097 -9.234110 -21.969447
v 2.253167 -9.243743 -22.027135
v 7.450326 -3.858108 -22.070711
v 7.459504 -3.847185 -22.002441
v 7.478042 -3.812937 -21.944603
v 7.502893 -3.760467 -21.905966
v 7.530033 -3.697681 -21.892411
v 7.555237 -3.634094 -21.905990
v 7.574759 -3.579433 -21.944644
v 7.585860 -3.542124 -22.002497
v 7.587085 -3.527932 -22.070769
v 7.578353 -3.539048 -22.139043
v 7.560887 -3.573748 -22.196979
v 7.537121 -3.626640 -22.235698
v 7.510422 -3.689620 -22.249299
v 7.484769 -3.753032 -22.235674
v 7.464180 -3.807224 -22.196938
v 7.452001 -3.844094 -22.138986
v 7.709430 -3.965432 -22.095248
v 7.709342 -3.950685 -22.163364
v 7.720020 -3.913171 -22.221188
v 7.739601 -3.858553 -22.259818
v 7.764897 -3.794995 -22.273396
v 7.791953 -3.732165 -22.259817
v 7.816727 -3.679699 -22.221186
v 7.835703 -3.645623 -22.163362
v 7.846193 -3.635258 -22.095246
v 7.846709 -3.650201 -22.027133
v 7.837076 -3.688132 -21.969445
v 7.818529 -3.743201 -21.930906
v 7.793673 -3.806916 -21.917378
v 7.766195 -3.869546 -21.930907
v 7.740370 -3.921599 -21.969447
v 7.720361 -3.955232 -22.027135
v 7.587089 3.527934 -22.070711
v 7.585854 3.542147 -22.002441
v 7.574746 3.579472 -21.944603
v 7.555216 3.634147 -21.905966
v 7.530011 3.697734 -21.892411
v 7.502870 3.760519 -21.905990
v 7.478023 3.812974 -21.944644
v 7.459491 3.847205 -22.002497
v 7.450323 3.858107 -22.070769
v 7.452008 3.844072 -22.139043
v 7.464194 3.807185 -22.196979
v 7.484790 3.752980 -22.235698
v 7.510444 3.689567 -22.249299
v 7.537144 3.626588 -22.235674
v 7.560904 3.573711 -22.196938
v 7.578364 3.539027 -22.138986
v 7.846193 3.635258 -22.095248
v 7.835702 3.645624 -22.163364
v 7.816727 3.679701 -22.221188
v 7.791952 3.732167 -22.259818
v 7.764896 3.794997 -22.273396
v 7.739600 3.858555 -22.259817
v 7.720020 3.913173 -22.221186
v 7.709342 3.950686 -22.163362
v 7.709430 3.965432 -22.095246
v 7.720361 3.955231 -22.027133
v 7.740371 3.921598 -21.969445
v 7.766196 3.869544 -21.930906
v 7.793674 3.806914 -21.917378
v 7.818530 3.743199 -21.930907
v 7.837076 3.688130 -21.969447
v 7.846709 3.650200 -22.027135
v 2.461074 8.847359 -22.070711
v 2.450151 8.856537 -22.002441
v 2.415904 8.875075 -21.944603
v 2.363433 8.899926 -21.905966
v 2.300647 8.927067 -21.892411
v 2.237060 8.952270 -21.905990
v 2.182400 8.971793 -21.944644
v 2.145090 8.982893 -22.002497
v 2.130899 8.984119 -22.070769
v 2.142014 8.975386 -22.139043
v 2.176714 8.957920 -22.196979
v 2.229607 8.934155 -22.235698
v 2.292587 8.907456 -22.249299
v 2.355999 8.881803 -22.235674
v 2.410190 8.861213 -22.196938
v 2.447061 8.849035 -22.138986
v 2.568399 9.106463 -22.095248
v 2.553651 9.106375 -22.163364
v 2.516138 9.117054 -22.221188
v 2.461520 9.136634 -22.259818
v 2.397961 9.161931 -22.273396
v 2.335131 9.188986 -22.259817
v 2.282666 9.213761 -22.221186
v 2.248590 9.232736 -22.163362
v 2.238225 9.243226 -22.095246
v 2.253168 9.243743 -22.027133
v 2.291098 9.234109 -21.969445
v 2.346167 9.215563 -21.930906
v 2.409883 9.190706 -21.917378
v 2.472513 9.163229 -21.930907
v 2.524566 9.137403 -21.969447
v 2.558198 9.117394 -22.027135
v -4.924967 8.984122 -22.070711
v -4.939180 8.982888 -22.002441
v -4.976505 8.971780 -21.944603
v -5.031180 8.952250 -21.905966
v -5.094768 8.927045 -21.892411
v -5.157552 8.899903 -21.905990
v -5.210008 8.875057 -21.944644
v -5.244239 8.856525 -22.002497
v -5.255140 8.847356 -22.070769
v -5.241105 8.849041 -22.139043
v -5.204219 8.861227 -22.196979
v -5.150013 8.881823 -22.235698
v -5.086600 8.907478 -22.249299
v -5.023622 8.934178 -22.235674
v -4.970744 8.957938 -22.196938
v -4.936061 8.975398 -22.138986
v -5.032291 9.243226 -22.095248
v -5.042657 9.232736 -22.163364
v -5.076734 9.213760 -22.221188
v -5.129200 9.188985 -22.259818
v -5.192030 9.161930 -22.273396
v -5.255589 9.136634 -22.259817
v -5.310206 9.117053 -22.221186
v -5.347719 9.106375 -22.163362
v -5.362466 9.106464 -22.095246
v -5.352265 9.117395 -22.027133
v -5.318632 9.137404 -21.969445
v -5.266578 9.163230 -21.930906
v -5.203948 9.190707 -21.917378
v -5.140232 9.215564 -21.930907
v -5.085164 9.234110 -21.969447
v -5.047234 9.243743 -22.027135
v 8.575842 0.000000 -18.361587
v 8.529285 0.962521 -18.361587
v 8.390048 1.916056 -18.361587
v 8.159433 2.851701 -18.361587
v 7.839591 3.760720 -18.361587
v 7.433509 4.634626 -18.361587
v 6.944979 5.465260 -18.361587
v 6.378562 6.244867 -18.361587
v 5.739546 6.966167 -18.361587
v 5.033897 7.622425 -18.361587
v 4.268205 8.207515 -18.361587
v 3.449618 8.715974 -18.361587
v 2.585780 9.143054 -18.361587
v 1.684754 9.484768 -18.361587
v 0.754955 9.737925 -18.361587
v -0.194936 9.900162 -18.361587
v -1.156051 9.969963 -18.361587
v -2.119417 9.946678 -18.361587
v -3.076037 9.830523 -18.361587
v -4.016981 9.622583 -18.361587
v -4.933464 9.324800 -18.361587
v -5.816927 8.939954 -18.361587
v -6.659124 8.471638 -18.361587
v -7.452189 7.924224 -18.361587
v -8.188720 7.302824 -18.361587
v -8.861838 6.613239 -18.361587
v -9.465259 5.861909 -18.361587
v -9.993349 5.055847 -18.361587
v -10.441178 4.202581 -18.361587
v -10.804564 3.310076 -18.361587
v -11.080115 2.386665 -18.361587
v -11.265257 1.440971 -18.361587
v -11.358263 0.481823 -18.361587
v -11.358263 -0.481823 -18.361587
v -11.265257 -1.440971 -18.361587
v -11.080115 -2.386665 -18.361587
v -10.804564 -3.310076 -18.361587
v -10.441178 -4.202581 -18.361587
v -9.993349 -5.055847 -18.361587
v -9.465259 -5.861909 -18.361587
v -8.861838 -6.613239 -18.361587
v -8.188720 -7.302824 -18.361587
v -7.452189 -7.924224 -18.361587
v -6.659124 -8.471638 -18.361587
v -5.816927 -8.939954 -18.361587
v -4.933464 -9.324800 -18.361587
v -4.016981 -9.622583 -18.361587
v -3.076037 -9.830523 -18.361587
v -2.119417 -9.946678 -18.361587
v -1.156051 -9.969963 -18.361587
v -0.194936 -9.900162 -18.361587
v 0.754955 -9.737925 -18.361587
v 1.684754 -9.484768 -18.361587
v 2.585780 -9.143054 -18.361587
v 3.449618 -8.715974 -18.361587
v 4.268205 -8.207515 -18.361587
v 5.033897 -7.622425 -18.361587
v 5.739546 -6.966167 -18.361587
v 6.378562 -6.244867 -18.361587
v 6.944979 -5.465260 -18.361587
v 7.433509 -4.634626 -18.361587
v 7.839591 -3.760720 -18.361587
v 8.159433 -2.851701 -18.361587
v 8.390048 -1.916056 -18.361587
v 8.529285 -0.962521 -18.361587
v 8.469349 0.000000 -18.461941
v 8.423290 -0.952243 -18.461941
v 8.285540 -1.895596 -18.461941
v 8.057387 -2.821250 -18.461941
v 7.740960 -3.720562 -18.461941
v 7.339215 -4.585137 -18.461941
v 6.855901 -5.406901 -18.461941
v 6.295532 -6.178183 -18.461941
v 5.663340 -6.891781 -18.461941
v 4.965227 -7.541032 -18.461941
v 4.207711 -8.119874 -18.461941
v 3.397865 -8.622903 -18.461941
v 2.543250 -9.045423 -18.461941
v 1.651847 -9.383488 -18.461941
v 0.731976 -9.633942 -18.461941
v -0.207772 -9.794446 -18.461941
v -1.158625 -9.863502 -18.461941
v -2.111703 -9.840465 -18.461941
v -3.058109 -9.725551 -18.461941
v -3.989005 -9.519832 -18.461941
v -4.895701 -9.225228 -18.461941
v -5.769731 -8.844491 -18.461941
v -6.602934 -8.381176 -18.461941
v -7.387531 -7.839608 -18.461941
v -8.116197 -7.224843 -18.461941
v -8.782127 -6.542622 -18.461941
v -9.379105 -5.799314 -18.461941
v -9.901556 -5.001860 -18.461941
v -10.344603 -4.157705 -18.461941
v -10.704109 -3.274730 -18.461941
v -10.976717 -2.361180 -18.461941
v -11.159883 -1.425584 -18.461941
v -11.251895 -0.476678 -18.461941
v -11.251895 0.476678 -18.461941
v -11.159883 1.425584 -18.461941
v -10.976717 2.361180 -18.461941
v -10.704109 3.274730 -18.461941
v -10.344603 4.157705 -18.461941
v -9.901556 5.001860 -18.461941
v -9.379105 5.799314 -18.461941
v -8.782127 6.542622 -18.461941
v -8.116197 7.224843 -18.461941
v -7.387531 7.839608 -18.461941
v -6.602934 8.381176 -18.461941
v -5.769731 8.844491 -18.461941
v -4.895701 9.225228 -18.461941
v -3.989005 9.519832 -18.461941
v -3.058109 9.725551 -18.461941
v -2.111703 9.840465 -18.461941
v -1.158625 9.863502 -18.461941
v -0.207772 9.794446 -18.461941
v 0.731976 9.633942 -18.461941
v 1.651847 9.383488 -18.461941
v 2.543250 9.045423 -18.461941
v 3.397865 8.622903 -18.461941
v 4.207711 8.119874 -18.461941
v 4.965227 7.541032 -18.461941
v 5.663340 6.891781 -18.461941
v 6.295532 6.178183 -18.461941
v 6.855901 5.406901 -18.461941
v 7.339215 4.585137 -18.461941
v 7.740960 3.720562 -18.461941
v 8.057387 2.821250 -18.461941
v 8.285540 1.895596 -18.461941
v 8.423290 0.952243 -18.461941
v -11.318406 0.000000 -18.374843
v -11.279703 -0.000000 -18.411315
v 8.512754 0.479335 -18.374843
v 8.474095 0.477465 -18.411315
v 8.474095 -0.477465 -18.411315
v 8.512754 -0.479335 -18.374843
v 8.420229 1.433530 -18.374843
v 8.381931 1.427938 -18.411315
v 8.236042 2.374340 -18.374843
v 8.198464 2.365078 -18.411315
v 7.961915 3.292982 -18.374843
v 7.925405 3.280136 -18.411315
v 7.600405 4.180878 -18.374843
v 7.565306 4.164568 -18.411315
v 7.154889 5.029738 -18.374843
v 7.121528 5.010117 -18.411315
v 6.629526 5.831637 -18.374843
v 6.598214 5.808887 -18.411315
v 6.029221 6.579087 -18.374843
v 6.000251 6.553422 -18.411315
v 5.359579 7.265111 -18.374843
v 5.333221 7.236769 -18.411315
v 4.626852 7.883301 -18.374843
v 4.603353 7.852549 -18.411315
v 3.837882 8.427888 -18.374843
v 3.817461 8.395011 -18.411315
v 3.000035 8.893786 -18.374843
v 2.982882 8.859091 -18.411315
v 2.121134 9.276645 -18.374843
v 2.107409 9.240456 -18.411315
v 1.209384 9.572890 -18.374843
v 1.199217 9.535546 -18.411315
v 0.273300 9.779756 -18.374843
v 0.266784 9.741605 -18.411315
v -0.678381 9.895311 -18.374843
v -0.681184 9.856709 -18.411315
v -1.636771 9.918476 -18.374843
v -1.635836 9.879784 -18.411315
v -2.592923 9.849035 -18.374843
v -2.588258 9.810614 -18.411315
v -3.537909 9.687636 -18.374843
v -3.529557 9.649844 -18.411315
v -4.462906 9.435786 -18.374843
v -4.450946 9.398977 -18.411315
v -5.359278 9.095837 -18.374843
v -5.343822 9.060354 -18.411315
v -6.218656 8.670963 -18.374843
v -6.199847 8.637137 -18.411315
v -7.033016 8.165130 -18.374843
v -7.011030 8.133278 -18.411315
v -7.794754 7.583061 -18.374843
v -7.769796 7.553480 -18.411315
v -8.496758 6.930192 -18.374843
v -8.469061 6.903157 -18.411315
v -9.132474 6.212617 -18.374843
v -9.102297 6.188381 -18.411315
v -9.695966 5.437036 -18.374843
v -9.663591 5.415826 -18.411315
v -10.181973 4.610692 -18.374843
v -10.147703 4.592706 -18.411315
v -10.585958 3.741299 -18.374843
v -10.550111 3.726704 -18.411315
v -10.904148 2.836974 -18.374843
v -10.867060 2.825907 -18.411315
v -11.133572 1.906161 -18.374843
v -11.095590 1.898725 -18.411315
v -11.272090 0.957551 -18.374843
v -11.233567 0.953815 -18.411315
v -11.272090 -0.957551 -18.374843
v -11.233567 -0.953815 -18.411315
v -11.133572 -1.906161 -18.374843
v -11.095590 -1.898725 -18.411315
v -10.904148 -2.836974 -18.374843
v -10.867060 -2.825907 -18.411315
v -10.585958 -3.741299 -18.374843
v -10.550111 -3.726704 -18.411315
v -10.181973 -4.610692 -18.374843
v -10.147703 -4.592706 -18.411315
v -9.695966 -5.437036 -18.374843
v -9.663591 -5.415826 -18.411315
v -9.132474 -6.212617 -18.374843
v -9.102297 -6.188381 -18.411315
v -8.496758 -6.930192 -18.374843
v -8.469061 -6.903157 -18.411315
v -7.794754 -7.583061 -18.374843
v -7.769796 -7.553480 -18.411315
v -7.033016 -8.165130 -18.374843
v -7.011030 -8.133278 -18.411315
v -6.218656 -8.670963 -18.374843
v -6.199847 -8.637137 -18.411315
v -5.359278 -9.095837 -18.374843
v -5.343822 -9.060354 -18.411315
v -4.462906 -9.435786 -18.374843
v -4.450946 -9.398977 -18.411315
v -3.537909 -9.687636 -18.374843
v -3.529557 -9.649844 -18.411315
v -2.592923 -9.849035 -18.374843
v -2.588258 -9.810614 -18.411315
v -1.636771 -9.918476 -18.374843
v -1.635836 -9.879784 -18.411315
v -0.678381 -9.895311 -18.374843
v -0.681184 -9.856709 -18.411315
v 0.273300 -9.779756 -18.374843
v 0.266784 -9.741605 -18.411315
v 1.209384 -9.572890 -18.374843
v 1.199217 -9.535546 -18.411315
v 2.121134 -9.276645 -18.374843
v 2.107409 -9.240456 -18.411315
v 3.000035 -8.893786 -18.374843
v 2.982882 -8.859091 -18.411315
v 3.837882 -8.427888 -18.374843
v 3.817461 -8.395011 -18.411315
v 4.626852 -7.883301 -18.374843
v 4.603353 -7.852549 -18.411315
v 5.359579 -7.265111 -18.374843
v 5.333221 -7.236769 -18.411315
v 6.029221 -6.579087 -18.374843
v 6.000251 -6.553422 -18.411315
v 6.629526 -5.831637 -18.374843
v 6.598214 -5.808887 -18.411315
v 7.154889 -5.029738 -18.374843
v 7.121528 -5.010117 -18.411315
v 7.600405 -4.180878 -18.374843
v 7.565306 -4.164568 -18.411315
v 7.961915 -3.292982 -18.374843
v 7.925405 -3.280136 -18.411315
v 8.236042 -2.374340 -18.374843
v 8.198464 -2.365078 -18.411315
v 8.420229 -1.433530 -18.374843
v 8.381931 -1.427938 -18.411315
v 8.473120 0.000000 -22.806587
v 8.427043 0.952607 -22.806587
v 8.289240 1.896320 -22.806587
v 8.061000 2.822328 -22.806587
v 7.744453 3.721984 -22.806587
v 7.342554 4.586889 -22.806587
v 6.859055 5.408968 -22.806587
v 6.298472 6.180544 -22.806587
v 5.666038 6.894415 -22.806587
v 4.967658 7.543914 -22.806587
v 4.209853 8.122977 -22.806587
v 3.399697 8.626199 -22.806587
v 2.544756 9.048880 -22.806587
v 1.653012 9.387074 -22.806587
v 0.732790 9.637623 -22.806587
v -0.207318 9.798189 -22.806587
v -1.158534 9.867272 -22.806587
v -2.111976 9.844226 -22.806587
v -3.058743 9.729268 -22.806587
v -3.989996 9.523470 -22.806587
v -4.897038 9.228754 -22.806587
v -5.771402 8.847872 -22.806587
v -6.604924 8.384379 -22.806587
v -7.389821 7.842604 -22.806587
v -8.118765 7.227604 -22.806587
v -8.784950 6.545123 -22.806587
v -9.382156 5.801531 -22.806587
v -9.904807 5.003772 -22.806587
v -10.348023 4.159294 -22.806587
v -10.707666 3.275982 -22.806587
v -10.980378 2.362082 -22.806587
v -11.163614 1.426129 -22.806587
v -11.255661 0.476860 -22.806587
v -11.255661 -0.476860 -22.806587
v -11.163614 -1.426129 -22.806587
v -10.980378 -2.362082 -22.806587
v -10.707666 -3.275982 -22.806587
v -10.348023 -4.159294 -22.806587
v -9.904807 -5.003772 -22.806587
v -9.382156 -5.801531 -22.806587
v -8.784950 -6.545123 -22.806587
v -8.118765 -7.227604 -22.806587
v -7.389821 -7.842604 -22.806587
v -6.604924 -8.384379 -22.806587
v -5.771402 -8.847872 -22.806587
v -4.897038 -9.228754 -22.806587
v -3.989996 -9.523470 -22.806587
v -3.058743 -9.729268 -22.806587
v -2.111976 -9.844226 -22.806587
v -1.158534 -9.867272 -22.806587
v -0.207318 -9.798189 -22.806587
v 0.732790 -9.637623 -22.806587
v 1.653012 -9.387074 -22.806587
v 2.544756 -9.048880 -22.806587
v 3.399697 -8.626199 -22.806587
v 4.209853 -8.122977 -22.806587
v 4.967658 -7.543914 -22.806587
v 5.666038 -6.894415 -22.806587
v 6.298472 -6.180544 -22.806587
v 6.859055 -5.408968 -22.806587
v 7.342554 -4.586889 -22.806587
v 7.744453 -3.721984 -22.806587
v 8.061000 -2.822328 -22.806587
v 8.289240 -1.896320 -22.806587
v 8.427043 -0.952607 -22.806587
v 8.613120 0.000000 -21.206387
v 8.566388 -0.966119 -21.206387
v 8.426632 -1.923218 -21.206387
v 8.195154 -2.862360 -21.206387
v 7.874116 -3.774777 -21.206387
v 7.466517 -4.651950 -21.206387
v 6.976161 -5.485689 -21.206387
v 6.407626 -6.268210 -21.206387
v 5.766222 -6.992206 -21.206387
v 5.057936 -7.650917 -21.206387
v 4.289382 -8.238194 -21.206387
v 3.467735 -8.748554 -21.206387
v 2.600667 -9.177230 -21.206387
v 1.696274 -9.520221 -21.206387
v 0.762999 -9.774325 -21.206387
v -0.190443 -9.937168 -21.206387
v -1.155151 -10.007230 -21.206387
v -2.122117 -9.983858 -21.206387
v -3.082313 -9.867269 -21.206387
v -4.026775 -9.658552 -21.206387
v -4.946683 -9.359656 -21.206387
v -5.833449 -8.973371 -21.206387
v -6.678793 -8.503304 -21.206387
v -7.474823 -7.953844 -21.206387
v -8.214106 -7.330121 -21.206387
v -8.889741 -6.637959 -21.206387
v -9.495417 -5.883820 -21.206387
v -10.025482 -5.074746 -21.206387
v -10.474985 -4.218290 -21.206387
v -10.839729 -3.322448 -21.206387
v -11.116310 -2.395586 -21.206387
v -11.302144 -1.446357 -21.206387
v -11.395497 -0.483624 -21.206387
v -11.395497 0.483624 -21.206387
v -11.302144 1.446357 -21.206387
v -11.116310 2.395586 -21.206387
v -10.839729 3.322448 -21.206387
v -10.474985 4.218290 -21.206387
v -10.025482 5.074746 -21.206387
v -9.495417 5.883820 -21.206387
v -8.889741 6.637959 -21.206387
v -8.214106 7.330121 -21.206387
v -7.474823 7.953844 -21.206387
v -6.678793 8.503304 -21.206387
v -5.833449 8.973371 -21.206387
v -4.946683 9.359656 -21.206387
v -4.026775 9.658552 -21.206387
v -3.082313 9.867269 -21.206387
v -2.122117 9.983858 -21.206387
v -1.155151 10.007230 -21.206387
v -0.190443 9.937168 -21.206387
v 0.762999 9.774325 -21.206387
v 1.696274 9.520221 -21.206387
v 2.600667 9.177230 -21.206387
v 3.467735 8.748554 -21.206387
v 4.289382 8.238194 -21.206387
v 5.057936 7.650917 -21.206387
v 5.766222 6.992206 -21.206387
v 6.407626 6.268210 -21.206387
v 6.976161 5.485689 -21.206387
v 7.466517 4.651950 -21.206387
v 7.874116 3.774777 -21.206387
v 8.195154 2.862360 -21.206387
v 8.426632 1.923218 -21.206387
v 8.566388 0.966119 -21.206387
v 8.972276 0.000000 -21.206387
v 8.925323 0.985665 -21.206387
v 8.784889 1.962405 -21.206387
v 8.552246 2.921372 -21.206387
v 8.229500 3.853883 -21.206387
v 7.819576 4.751492 -21.206387
v 7.326184 5.606072 -21.206387
v 6.753794 6.409882 -21.206387
v 6.107588 7.155643 -21.206387
v 5.393420 7.836601 -21.206387
v 4.617756 8.446590 -21.206387
v 3.787621 8.980085 -21.206387
v 2.910533 9.432255 -21.206387
v 1.994435 9.799006 -21.206387
v 1.047624 10.077014 -21.206387
v 0.078673 10.263764 -21.206387
v -0.903642 10.357564 -21.206387
v -1.890425 10.357564 -21.206387
v -2.872740 10.263764 -21.206387
v -3.841691 10.077014 -21.206387
v -4.788502 9.799006 -21.206387
v -5.704600 9.432255 -21.206387
v -6.581688 8.980085 -21.206387
v -7.411823 8.446590 -21.206387
v -8.187487 7.836601 -21.206387
v -8.901655 7.155643 -21.206387
v -9.547861 6.409882 -21.206387
v -10.120251 5.606072 -21.206387
v -10.613643 4.751492 -21.206387
v -11.023567 3.853883 -21.206387
v -11.346313 2.921372 -21.206387
v -11.578956 1.962405 -21.206387
v -11.719389 0.985665 -21.206387
v -11.766342 0.000000 -21.206387
v -11.719389 -0.985665 -21.206387
v -11.578956 -1.962405 -21.206387
v -11.346313 -2.921372 -21.206387
v -11.023567 -3.853883 -21.206387
v -10.613643 -4.751492 -21.206387
v -10.120251 -5.606072 -21.206387
v -9.547861 -6.409882 -21.206387
v -8.901655 -7.155643 -21.206387
v -8.187487 -7.836601 -21.206387
v -7.411823 -8.446590 -21.206387
v -6.581688 -8.980085 -21.206387
v -5.704600 -9.432255 -21.206387
v -4.788502 -9.799006 -21.206387
v -3.841691 -10.077014 -21.206387
v -2.872740 -10.263764 -21.206387
v -1.890425 -10.357564 -21.206387
v -0.903642 -10.357564 -21.206387
v 0.078673 -10.263764 -21.206387
v 1.047624 -10.077014 -21.206387
v 1.994435 -9.799006 -21.206387
v 2.910533 -9.432255 -21.206387
v 3.787621 -8.980085 -21.206387
v 4.617756 -8.446590 -21.206387
v 5.393420 -7.836601 -21.206387
v 6.107588 -7.155643 -21.206387
v 6.753794 -6.409882 -21.206387
v 7.326184 -5.606072 -21.206387
v 7.819576 -4.751492 -21.206387
v 8.229500 -3.853883 -21.206387
v 8.552246 -2.921372 -21.206387
v 8.784889 -1.962405 -21.206387
v 8.925323 -0.985665 -21.206387
v 8.984709 0.000000 -21.028587
v 8.937699 -0.986847 -21.028587
v 8.797097 -1.964758 -21.028587
v 8.564175 -2.924875 -21.028587
v 8.241043 -3.858504 -21.028587
v 7.830627 -4.757190 -21.028587
v 7.336644 -5.612793 -21.028587
v 6.763567 -6.417567 -21.028587
v 6.116587 -7.164222 -21.028587
v 5.401562 -7.845997 -21.028587
v 4.624968 -8.456717 -21.028587
v 3.793838 -8.990852 -21.028587
v 2.915698 -9.443565 -21.028587
v 1.998502 -9.810755 -21.028587
v 1.050555 -10.089097 -21.028587
v 0.080442 -10.276071 -21.028587
v -0.903050 -10.369983 -21.028587
v -1.891017 -10.369983 -21.028587
v -2.874509 -10.276071 -21.028587
v -3.844622 -10.089097 -21.028587
v -4.792569 -9.810755 -21.028587
v -5.709765 -9.443565 -21.028587
v -6.587904 -8.990852 -21.028587
v -7.419035 -8.456717 -21.028587
v -8.195629 -7.845997 -21.028587
v -8.910654 -7.164222 -21.028587
v -9.557634 -6.417567 -21.028587
v -10.130711 -5.612793 -21.028587
v -10.624694 -4.757190 -21.028587
v -11.035110 -3.858504 -21.028587
v -11.358242 -2.924875 -21.028587
v -11.591164 -1.964758 -21.028587
v -11.731766 -0.986847 -21.028587
v -11.778775 0.000000 -21.028587
v -11.731766 0.986847 -21.028587
v -11.591164 1.964758 -21.028587
v -11.358242 2.924875 -21.028587
v -11.035110 3.858504 -21.028587
v -10.624694 4.757190 -21.028587
v -10.130711 5.612793 -21.028587
v -9.557634 6.417567 -21.028587
v -8.910654 7.164222 -21.028587
v -8.195629 7.845997 -21.028587
v -7.419035 8.456717 -21.028587
v -6.587904 8.990852 -21.028587
v -5.709765 9.443565 -21.028587
v -4.792569 9.810755 -21.028587
v -3.844622 10.089097 -21.028587
v -2.874509 10.276071 -21.028587
v -1.891017 10.369983 -21.028587
v -0.903050 10.369983 -21.028587
v 0.080442 10.276071 -21.028587
v 1.050555 10.089097 -21.028587
v 1.998502 9.810755 -21.028587
v 2.915698 9.443565 -21.028587
v 3.793838 8.990852 -21.028587
v 4.624968 8.456717 -21.028587
v 5.401562 7.845997 -21.028587
v 6.116587 7.164222 -21.028587
v 6.763567 6.417567 -21.028587
v 7.336644 5.612793 -21.028587
v 7.830627 4.757190 -21.028587
v 8.241043 3.858504 -21.028587
v 8.564175 2.924875 -21.028587
v 8.797097 1.964758 -21.028587
v 8.937699 0.986847 -21.028587
v -11.479911 0.000000 -18.361587
v -11.432840 0.973138 -18.361587
v -11.292068 1.937190 -18.361587
v -11.058909 2.883155 -18.361587
v -10.735539 3.802201 -18.361587
v -10.324978 4.685747 -18.361587
v -9.831059 5.525543 -18.361587
v -9.258394 6.313749 -18.361587
v -8.612330 7.043004 -18.361587
v -7.898898 7.706502 -18.361587
v -7.124761 8.298045 -18.361587
v -6.297145 8.812113 -18.361587
v -5.423778 9.243903 -18.361587
v -4.512814 9.589386 -18.361587
v -3.572759 9.845336 -18.361587
v -2.612390 10.009362 -18.361587
v -1.640674 10.079933 -18.361587
v -0.666682 10.056391 -18.361587
v 0.300490 9.938955 -18.361587
v 1.251813 9.728722 -18.361587
v 2.178404 9.427654 -18.361587
v 3.071613 9.038563 -18.361587
v 3.923098 8.565081 -18.361587
v 4.724912 8.011629 -18.361587
v 5.469566 7.383375 -18.361587
v 6.150109 6.686184 -18.361587
v 6.760186 5.926567 -18.361587
v 7.294101 5.111614 -18.361587
v 7.746870 4.248936 -18.361587
v 8.114264 3.346586 -18.361587
v 8.392854 2.412991 -18.361587
v 8.580038 1.456865 -18.361587
v 8.674069 0.487138 -18.361587
v 8.674069 -0.487138 -18.361587
v 8.580038 -1.456865 -18.361587
v 8.392854 -2.412991 -18.361587
v 8.114264 -3.346586 -18.361587
v 7.746870 -4.248936 -18.361587
v 7.294101 -5.111614 -18.361587
v 6.760186 -5.926567 -18.361587
v 6.150109 -6.686184 -18.361587
v 5.469566 -7.383375 -18.361587
v 4.724912 -8.011629 -18.361587
v 3.923098 -8.565081 -18.361587
v 3.071613 -9.038563 -18.361587
v 2.178404 -9.427654 -18.361587
v 1.251813 -9.728722 -18.361587
v 0.300490 -9.938955 -18.361587
v -0.666682 -10.056391 -18.361587
v -1.640674 -10.079933 -18.361587
v -2.612390 -10.009362 -18.361587
v -3.572759 -9.845336 -18.361587
v -4.512814 -9.589386 -18.361587
v -5.423778 -9.243903 -18.361587
v -6.297145 -8.812113 -18.361587
v -7.124761 -8.298045 -18.361587
v -7.898898 -7.706502 -18.361587
v -8.612330 -7.043004 -18.361587
v -9.258394 -6.313749 -18.361587
v -9.831059 -5.525543 -18.361587
v -10.324978 -4.685747 -18.361587
v -10.735539 -3.802201 -18.361587
v -11.058909 -2.883155 -18.361587
v -11.292068 -1.937190 -18.361587
v -11.432840 -0.973138 -18.361587
v -11.503185 0.000000 -21.028587
v -11.456006 -0.975384 -21.028587
v -11.314909 -1.941662 -21.028587
v -11.081211 -2.889810 -21.028587
v -10.757095 -3.810978 -21.028587
v -10.345587 -4.696563 -21.028587
v -9.850528 -5.538298 -21.028587
v -9.276541 -6.328323 -21.028587
v -8.628985 -7.059262 -21.028587
v -7.913907 -7.724291 -21.028587
v -7.137982 -8.317200 -21.028587
v -6.308456 -8.832454 -21.028587
v -5.433073 -9.265241 -21.028587
v -4.520006 -9.611522 -21.028587
v -3.577781 -9.868062 -21.028587
v -2.615195 -10.032467 -21.028587
v -1.641236 -10.103201 -21.028587
v -0.664996 -10.079605 -21.028587
v 0.304408 -9.961898 -21.028587
v 1.257927 -9.751179 -21.028587
v 2.186657 -9.449416 -21.028587
v 3.081928 -9.059427 -21.028587
v 3.935379 -8.584852 -21.028587
v 4.739043 -8.030123 -21.028587
v 5.485416 -7.400418 -21.028587
v 6.167530 -6.701618 -21.028587
v 6.779015 -5.940247 -21.028587
v 7.314163 -5.123413 -21.028587
v 7.767977 -4.258744 -21.028587
v 8.136219 -3.354311 -21.028587
v 8.415452 -2.418560 -21.028587
v 8.603069 -1.460228 -21.028587
v 8.697317 -0.488262 -21.028587
v 8.697317 0.488262 -21.028587
v 8.603069 1.460228 -21.028587
v 8.415452 2.418560 -21.028587
v 8.136219 3.354311 -21.028587
v 7.767977 4.258744 -21.028587
v 7.314163 5.123413 -21.028587
v 6.779015 5.940247 -21.028587
v 6.167530 6.701618 -21.028587
v 5.485416 7.400418 -21.028587
v 4.739043 8.030123 -21.028587
v 3.935379 8.584852 -21.028587
v 3.081928 9.059427 -21.028587
v 2.186657 9.449416 -21.028587
v 1.257927 9.751179 -21.028587
v 0.304408 9.961898 -21.028587
v -0.664996 10.079605 -21.028587
v -1.641236 10.103201 -21.028587
v -2.615195 10.032467 -21.028587
v -3.577781 9.868062 -21.028587
v -4.520006 9.611522 -21.028587
v -5.433073 9.265241 -21.028587
v -6.308456 8.832454 -21.028587
v -7.137982 8.317200 -21.028587
v -7.913907 7.724291 -21.028587
v -8.628985 7.059262 -21.028587
v -9.276541 6.328323 -21.028587
v -9.850528 5.538298 -21.028587
v -10.345587 4.696563 -21.028587
v -10.757095 3.810978 -21.028587
v -11.081211 2.889810 -21.028587
v -11.314909 1.941662 -21.028587
v -11.456006 0.975384 -21.028587
vt 0.167573 -0.954403 0.000000
vt 0.223430 -0.954403 0.000000
vt 0.167573 0.000000 0.000000
vt 0.223430 0.000000 0.000000
vt 0.167573 0.954403 0.000000
vt 0.223430 0.954403 0.000000
vt 0.167573 1.908806 0.000000
vt 0.223430 1.908806 0.000000
vt 0.167573 2.863209 0.000000
vt 0.223430 2.863209 0.000000
vt 0.167573 3.817612 0.000000
vt 0.223430 3.817612 0.000000
vt 0.167573 4.772015 0.000000
vt 0.223430 4.772015 0.000000
vt 0.167573 5.726418 0.000000
vt 0.223430 5.726418 0.000000
vt 0.167573 6.680821 0.000000
vt 0.223430 6.680821 0.000000
vt 0.167573 7.635224 0.000000
vt 0.223430 7.635224 0.000000
vt 0.167573 8.589627 0.000000
vt 0.223430 8.589627 0.000000
vt 0.167573 9.544030 0.000000
vt 0.223430 9.544030 0.000000
vt 0.167573 10.498433 0.000000
vt 0.223430 10.498433 0.000000
vt 0.167573 11.452836 0.000000
vt 0.223430 11.452836 0.000000
vt 0.167573 12.407239 0.000000
vt 0.223430 12.407239 0.000000
vt 0.167573 13.361642 0.000000
vt 0.223430 13.361642 0.000000
vt 0.167573 14.316045 0.000000
vt 0.223430 14.316045 0.000000
vt 0.167573 15.270448 0.000000
vt 0.223430 15.270448 0.000000
vt 0.167573 16.224851 0.000000
vt 0.223430 16.224851 0.000000
vt 0.167573 17.179254 0.000000
vt 0.223430 17.179254 0.000000
vt 0.167573 18.133658 0.000000
vt 0.223430 18.133658 0.000000
vt 0.167573 19.088061 0.000000
vt 0.223430 19.088061 0.000000
vt 0.167573 20.042464 0.000000
vt 0.223430 20.042464 0.000000
vt 0.167573 20.996867 0.000000
vt 0.223430 20.996867 0.000000
vt 0.167573 21.951270 0.000000
vt 0.223430 21.951270 0.000000
vt 0.167573 22.905673 0.000000
vt 0.223430 22.905673 0.000000
vt 0.167573 23.860076 0.000000
vt 0.223430 23.860076 0.000000
vt 0.167573 24.814479 0.000000
vt 0.223430 24.814479 0.000000
vt 0.167573 25.768882 0.000000
vt 0.223430 25.768882 0.000000
vt 0.167573 26.723285 0.000000
vt 0.223430 26.723285 0.000000
vt 0.167573 27.677688 0.000000
vt 0.223430 27.677688 0.000000
vt 0.167573 28.632091 0.000000
vt 0.223430 28.632091 0.000000
vt 0.167573 29.586494 0.000000
vt 0.223430 29.586494 0.000000
vt 0.167573 30.540897 0.000000
vt 0.223430 30.540897 0.000000
vt 0.167573 -30.540897 0.000000
vt 0.223430 -30.540897 0.000000
vt 0.167573 -29.586494 0.000000
vt 0.223430 -29.586494 0.000000
vt 0.167573 -28.632091 0.000000
vt 0.223430 -28.632091 0.000000
vt 0.167573 -27.677688 0.000000
vt 0.223430 -27.677688 0.000000
vt 0.167573 -26.723285 0.000000
vt 0.223430 -26.723285 0.000000
vt 0.167573 -25.768882 0.000000
vt 0.223430 -25.768882 0.000000
vt 0.167573 -24.814479 0.000000
vt 0.223430 -24.814479 0.000000
vt 0.167573 -23.860076 0.000000
vt 0.223430 -23.860076 0.000000
vt 0.167573 -22.905673 0.000000
vt 0.223430 -22.905673 0.000000
vt 0.167573 -21.951270 0.000000
vt 0.223430 -21.951270 0.000000
vt 0.167573 -20.996867 0.000000
vt 0.223430 -20.996867 0.000000
vt 0.167573 -20.042464 0.000000
vt 0.223430 -20.042464 0.000000
vt 0.167573 -19.088061 0.000000
vt 0.223430 -19.088061 0.000000
vt 0.167573 -18.133658 0.000000
vt 0.223430 -18.133658 0.000000
vt 0.167573 -17.179254 0.000000
vt 0.223430 -17.179254 0.000000
vt 0.167573 -16.224851 0.000000
vt 0.223430 -16.224851 0.000000
vt 0.167573 -15.270448 0.000000
vt 0.223430 -15.270448 0.000000
vt 0.167573 -14.316045 0.000000
vt 0.223430 -14.316045 0.000000
vt 0.167573 -13.361642 0.000000
vt 0.223430 -13.361642 0.000000
vt 0.167573 -12.407239 0.000000
vt 0.223430 -12.407239 0.000000
vt 0.167573 -11.452836 0.000000
vt 0.223430 -11.452836 0.000000
vt 0.167573 -10.498433 0.000000
vt 0.223430 -10.498433 0.000000
vt 0.167573 -9.544030 0.000000
vt 0.223430 -9.544030 0.000000
vt 0.167573 -8.589627 0.000000
vt 0.223430 -8.589627 0.000000
vt 0.167573 -7.635224 0.000000
vt 0.223430 -7.635224 0.000000
vt 0.167573 -6.680821 0.000000
vt 0.223430 -6.680821 0.000000
vt 0.167573 -5.726418 0.000000
vt 0.223430 -5.726418 0.000000
vt 0.167573 -4.772015 0.000000
vt 0.223430 -4.772015 0.000000
vt 0.167573 -3.817612 0.000000
vt 0.223430 -3.817612 0.000000
vt 0.167573 -2.863209 0.000000
vt 0.223430 -2.863209 0.000000
vt 0.167573 -1.908806 0.000000
vt 0.223430 -1.908806 0.000000
vt -0.328815 0.954403 0.000000
vt -0.335145 0.954403 0.000000
vt -0.328815 0.000000 0.000000
vt -0.335145 0.000000 0.000000
vt -0.328815 -0.954403 0.000000
vt -0.335145 -0.954403 0.000000
vt -0.328815 -1.908806 0.000000
vt -0.335145 -1.908806 0.000000
vt -0.328815 -2.863209 0.000000
vt -0.335145 -2.863209 0.000000
vt -0.328815 -3.817612 0.000000
vt -0.335145 -3.817612 0.000000
vt -0.328815 -4.772015 0.000000
vt -0.335145 -4.772015 0.000000
vt -0.328815 -5.726418 0.000000
vt -0.335145 -5.726418 0.000000
vt -0.328815 -6.680821 0.000000
vt -0.335145 -6.680821 0.000000
vt -0.328815 -7.635224 0.000000
vt -0.335145 -7.635224 0.000000
vt -0.328815 -8.589627 0.000000
vt -0.335145 -8.589627 0.000000
vt -0.328815 -9.544030 0.000000
vt -0.335145 -9.544030 0.000000
vt -0.328815 -10.498433 0.000000
vt -0.335145 -10.498433 0.000000
vt -0.328815 -11.452836 0.000000
vt -0.335145 -11.452836 0.000000
vt -0.328815 -12.407239 0.000000
vt -0.335145 -12.407239 0.000000
vt -0.328815 -13.361642 0.000000
vt -0.335145 -13.361642 0.000000
vt -0.328815 -14.316045 0.000000
vt -0.335145 -14.316045 0.000000
vt -0.328815 -15.270448 0.000000
vt -0.335145 -15.270448 0.000000
vt -0.328815 -16.224851 0.000000
vt -0.335145 -16.224851 0.000000
vt -0.328815 -17.179254 0.000000
vt -0.335145 -17.179254 0.000000
vt -0.328815 -18.133658 0.000000
vt -0.335145 -18.133658 0.000000
vt -0.328815 -19.088061 0.000000
vt -0.335145 -19.088061 0.000000
vt -0.328815 -20.042464 0.000000
vt -0.335145 -20.042464 0.000000
vt -0.328815 -20.996867 0.000000
vt -0.335145 -20.996867 0.000000
vt -0.328815 -21.951270 0.000000
vt -0.335145 -21.951270 0.000000
vt -0.328815 -22.905673 0.000000
vt -0.335145 -22.905673 0.000000
vt -0.328815 -23.860076 0.000000
vt -0.335145 -23.860076 0.000000
vt -0.328815 -24.814479 0.000000
vt -0.335145 -24.814479 0.000000
vt -0.328815 -25.768882 0.000000
vt -0.335145 -25.768882 0.000000
vt -0.328815 -26.723285 0.000000
vt -0.335145 -26.723285 0.000000
vt -0.328815 -27.677688 0.000000
vt -0.335145 -27.677688 0.000000
vt -0.328815 -28.632091 0.000000
vt -0.335145 -28.632091 0.000000
vt -0.328815 -29.586494 0.000000
vt -0.335145 -29.586494 0.000000
vt -0.328815 -30.540897 0.000000
vt -0.335145 -30.540897 0.000000
vt -0.328815 30.540897 0.000000
vt -0.335145 30.540897 0.000000
vt -0.328815 29.586494 0.000000
vt -0.335145 29.586494 0.000000
vt -0.328815 28.632091 0.000000
vt -0.335145 28.632091 0.000000
vt -0.328815 27.677688 0.000000
vt -0.335145 27.677688 0.000000
vt -0.328815 26.723285 0.000000
vt -0.335145 26.723285 0.000000
vt -0.328815 25.768882 0.000000
vt -0.335145 25.768882 0.000000
vt -0.328815 24.814479 0.000000
vt -0.335145 24.814479 0.000000
vt -0.328815 23.860076 0.000000
vt -0.335145 23.860076 0.000000
vt -0.328815 22.905673 0.000000
vt -0.335145 22.905673 0.000000
vt -0.328815 21.951270 0.000000
vt -0.335145 21.951270 0.000000
vt -0.328815 20.996867 0.000000
vt -0.335145 20.996867 0.000000
vt -0.328815 20.042464 0.000000
vt -0.335145 20.042464 0.000000
vt -0.328815 19.088061 0.000000
vt -0.335145 19.088061 0.000000
vt -0.328815 18.133658 0.000000
vt -0.335145 18.133658 0.000000
vt -0.328815 17.179254 0.000000
vt -0.335145 17.179254 0.000000
vt -0.328815 16.224851 0.000000
vt -0.335145 16.224851 0.000000
vt -0.328815 15.270448 0.000000
vt -0.335145 15.270448 0.000000
vt -0.328815 14.316045 0.000000
vt -0.335145 14.316045 0.000000
vt -0.328815 13.361642 0.000000
vt -0.335145 13.361642 0.000000
vt -0.328815 12.407239 0.000000
vt -0.335145 12.407239 0.000000
vt -0.328815 11.452836 0.000000
vt -0.335145 11.452836 0.000000
vt -0.328815 10.498433 0.000000
vt -0.335145 10.498433 0.000000
vt -0.328815 9.544030 0.000000
vt -0.335145 9.544030 0.000000
vt -0.328815 8.589627 0.000000
vt -0.335145 8.589627 0.000000
vt -0.328815 7.635224 0.000000
vt -0.335145 7.635224 0.000000
vt -0.328815 6.680821 0.000000
vt -0.335145 6.680821 0.000000
vt -0.328815 5.726418 0.000000
vt -0.335145 5.726418 0.000000
vt -0.328815 4.772015 0.000000
vt -0.335145 4.772015 0.000000
vt -0.328815 3.817612 0.000000
vt -0.335145 3.817612 0.000000
vt -0.328815 2.863209 0.000000
vt -0.335145 2.863209 0.000000
vt -0.328815 1.908806 0.000000
vt -0.335145 1.908806 0.000000
vt 0.335145 30.540897 0.000000
vt 0.279288 30.540897 0.000000
vt 0.335145 29.586494 0.000000
vt 0.279288 29.586494 0.000000
vt 0.335145 28.632091 0.000000
vt 0.279288 28.632091 0.000000
vt 0.335145 27.677688 0.000000
vt 0.279288 27.677688 0.000000
vt 0.335145 26.723285 0.000000
vt 0.279288 26.723285 0.000000
vt 0.335145 25.768882 0.000000
vt 0.279288 25.768882 0.000000
vt 0.335145 24.814479 0.000000
vt 0.279288 24.814479 0.000000
vt 0.335145 23.860076 0.000000
vt 0.279288 23.860076 0.000000
vt 0.335145 22.905673 0.000000
vt 0.279288 22.905673 0.000000
vt 0.335145 21.951270 0.000000
vt 0.279288 21.951270 0.000000
vt 0.335145 20.996867 0.000000
vt 0.279288 20.996867 0.000000
vt 0.335145 20.042464 0.000000
vt 0.279288 20.042464 0.000000
vt 0.335145 19.088061 0.000000
vt 0.279288 19.088061 0.000000
vt 0.335145 18.133658 0.000000
vt 0.279288 18.133658 0.000000
vt 0.335145 17.179254 0.000000
vt 0.279288 17.179254 0.000000
vt 0.335145 16.224851 0.000000
vt 0.279288 16.224851 0.000000
vt 0.335145 15.270448 0.000000
vt 0.279288 15.270448 0.000000
vt 0.335145 14.316045 0.000000
vt 0.279288 14.316045 0.000000
vt 0.335145 13.361642 0.000000
vt 0.279288 13.361642 0.000000
vt 0.335145 12.407239 0.000000
vt 0.279288 12.407239 0.000000
vt 0.335145 11.452836 0.000000
vt 0.279288 11.452836 0.000000
vt 0.335145 10.498433 0.000000
vt 0.279288 10.498433 0.000000
vt 0.335145 9.544030 0.000000
vt 0.279288 9.544030 0.000000
vt 0.335145 8.589627 0.000000
vt 0.279288 8.589627 0.000000
vt 0.335145 7.635224 0.000000
vt 0.279288 7.635224 0.000000
vt 0.335145 6.680821 0.000000
vt 0.279288 6.680821 0.000000
vt 0.335145 5.726418 0.000000
vt 0.279288 5.726418 0.000000
vt 0.335145 4.772015 0.000000
vt 0.279288 4.772015 0.000000
vt 0.335145 3.817612 0.000000
vt 0.279288 3.817612 0.000000
vt 0.335145 2.863209 0.000000
vt 0.279288 2.863209 0.000000
vt 0.335145 1.908806 0.000000
vt 0.279288 1.908806 0.000000
vt 0.335145 0.954403 0.000000
vt 0.279288 0.954403 0.000000
vt 0.335145 0.000000 0.000000
vt 0.279288 0.000000 0.000000
vt 0.335145 -0.954403 0.000000
vt 0.279288 -0.954403 0.000000
vt 0.335145 -1.908806 0.000000
vt 0.279288 -1.908806 0.000000
vt 0.335145 -2.863209 0.000000
vt 0.279288 -2.863209 0.000000
vt 0.335145 -3.817612 0.000000
vt 0.279288 -3.817612 0.000000
vt 0.335145 -4.772015 0.000000
vt 0.279288 -4.772015 0.000000
vt 0.335145 -5.726418 0.000000
vt 0.279288 -5.726418 0.000000
vt 0.335145 -6.680821 0.000000
vt 0.279288 -6.680821 0.000000
vt 0.335145 -7.635224 0.000000
vt 0.279288 -7.635224 0.000000
vt 0.335145 -8.589627 0.000000
vt 0.279288 -8.589627 0.000000
vt 0.335145 -9.544030 0.000000
vt 0.279288 -9.544030 0.000000
vt 0.335145 -10.498433 0.000000
vt 0.279288 -10.498433 0.000000
vt 0.335145 -11.452836 0.000000
vt 0.279288 -11.452836 0.000000
vt 0.335145 -12.407239 0.000000
vt 0.279288 -12.407239 0.000000
vt 0.335145 -13.361642 0.000000
vt 0.279288 -13.361642 0.000000
vt 0.335145 -14.316045 0.000000
vt 0.279288 -14.316045 0.000000
vt 0.335145 -15.270448 0.000000
vt 0.279288 -15.270448 0.000000
vt 0.335145 -16.224851 0.000000
vt 0.279288 -16.224851 0.000000
vt 0.335145 -17.179254 0.000000
vt 0.279288 -17.179254 0.000000
vt 0.335145 -18.133658 0.000000
vt 0.279288 -18.133658 0.000000
vt 0.335145 -19.088061 0.000000
vt 0.279288 -19.088061 0.000000
vt 0.335145 -20.042464 0.000000
vt 0.279288 -20.042464 0.000000
vt 0.335145 -20.996867 0.000000
vt 0.279288 -20.996867 0.000000
vt 0.335145 -21.951270 0.000000
vt 0.279288 -21.951270 0.000000
vt 0.335145 -22.905673 0.000000
vt 0.279288 -22.905673 0.000000
vt 0.335145 -23.860076 0.000000
vt 0.279288 -23.860076 0.000000
vt 0.335145 -24.814479 0.000000
vt 0.279288 -24.814479 0.000000
vt 0.335145 -25.768882 0.000000
vt 0.279288 -25.768882 0.000000
vt 0.335145 -26.723285 0.000000
vt 0.279288 -26.723285 0.000000
vt 0.335145 -27.677688 0.000000
vt 0.279288 -27.677688 0.000000
vt 0.335145 -28.632091 0.000000
vt 0.279288 -28.632091 0.000000
vt 0.335145 -29.586494 0.000000
vt 0.279288 -29.586494 0.000000
vt 0.335145 -30.540897 0.000000
vt 0.279288 -30.540897 0.000000
vt -0.284792 0.491192 0.000000
vt -0.001366 0.491184 0.000000
vt -0.283125 0.561368 0.000000
vt -0.001601 0.561368 0.000000
vt -0.283125 -0.561368 0.000000
vt -0.001601 -0.561368 0.000000
vt -0.280975 -0.491234 0.000000
vt -0.001368 -0.491225 0.000000
vt -0.278771 -0.421060 0.000000
vt -0.000802 -0.421028 0.000000
vt -0.277105 -0.350909 0.000000
vt -0.000235 -0.350875 0.000000
vt -0.276482 -0.280713 0.000000
vt -0.000000 -0.280683 0.000000
vt -0.277104 -0.210520 0.000000
vt -0.000235 -0.210491 0.000000
vt -0.000802 -0.140338 0.000000
vt -0.285827 0.421024 0.000000
vt -0.000800 0.421027 0.000000
vt -0.286326 0.350836 0.000000
vt -0.000234 0.350852 0.000000
vt -0.000000 0.280685 0.000000
vt -0.286464 0.280655 0.000000
vt -0.000234 0.210518 0.000000
vt -0.286326 0.210470 0.000000
vt -0.000800 0.140344 0.000000
vt -0.285827 0.140286 0.000000
vt -0.284791 0.070114 0.000000
vt -0.283123 -0.000058 0.000000
vt -0.001601 0.000002 0.000000
vt -0.001366 0.070187 0.000000
vt -0.001368 -0.070141 0.000000
vt -0.280973 -0.070196 0.000000
vt -0.278769 -0.140366 0.000000
vt -0.280974 -0.070142 0.000000
vt -0.001368 -0.070141 0.000000
vt -0.283125 -0.000000 0.000000
vt -0.001601 0.000002 0.000000
vt -0.284791 0.070126 0.000000
vt -0.001366 0.070187 0.000000
vt -0.000800 0.140344 0.000000
vt -0.278771 -0.140322 0.000000
vt -0.000802 -0.140338 0.000000
vt -0.277104 -0.210482 0.000000
vt -0.000235 -0.210491 0.000000
vt -0.276482 -0.280684 0.000000
vt -0.000000 -0.280683 0.000000
vt -0.000235 -0.350875 0.000000
vt -0.277104 -0.350886 0.000000
vt -0.000802 -0.421028 0.000000
vt -0.278771 -0.421046 0.000000
vt -0.001368 -0.491225 0.000000
vt -0.280974 -0.491226 0.000000
vt -0.001601 -0.561368 0.000000
vt -0.283125 -0.561368 0.000000
vt -0.001601 0.561368 0.000000
vt -0.283125 0.561368 0.000000
vt -0.001366 0.491184 0.000000
vt -0.284792 0.491207 0.000000
vt -0.285827 0.421069 0.000000
vt -0.000800 0.421027 0.000000
vt -0.286325 0.350933 0.000000
vt -0.000234 0.350852 0.000000
vt -0.286464 0.280770 0.000000
vt -0.000000 0.280685 0.000000
vt -0.286326 0.210553 0.000000
vt -0.000234 0.210518 0.000000
vt -0.285827 0.140304 0.000000
vt -0.284792 0.491192 0.000000
vt -0.001366 0.491184 0.000000
vt -0.283125 0.561368 0.000000
vt -0.001601 0.561368 0.000000
vt -0.283125 -0.561368 0.000000
vt -0.001601 -0.561368 0.000000
vt -0.280975 -0.491234 0.000000
vt -0.001368 -0.491225 0.000000
vt -0.278771 -0.421060 0.000000
vt -0.000802 -0.421028 0.000000
vt -0.277105 -0.350909 0.000000
vt -0.000235 -0.350875 0.000000
vt -0.276482 -0.280713 0.000000
vt -0.000000 -0.280683 0.000000
vt -0.277104 -0.210520 0.000000
vt -0.000235 -0.210491 0.000000
vt -0.000802 -0.140338 0.000000
vt -0.285827 0.421024 0.000000
vt -0.000800 0.421027 0.000000
vt -0.286326 0.350836 0.000000
vt -0.000234 0.350852 0.000000
vt -0.000000 0.280685 0.000000
vt -0.286464 0.280655 0.000000
vt -0.000234 0.210518 0.000000
vt -0.286326 0.210470 0.000000
vt -0.000800 0.140344 0.000000
vt -0.285827 0.140286 0.000000
vt -0.284791 0.070114 0.000000
vt -0.283123 -0.000058 0.000000
vt -0.001601 0.000002 0.000000
vt -0.001366 0.070187 0.000000
vt -0.001368 -0.070141 0.000000
vt -0.280973 -0.070196 0.000000
vt -0.278769 -0.140366 0.000000
vt -0.284792 0.491192 0.000000
vt -0.001366 0.491184 0.000000
vt -0.283125 0.561368 0.000000
vt -0.001601 0.561368 0.000000
vt -0.283125 -0.561368 0.000000
vt -0.001601 -0.561368 0.000000
vt -0.280975 -0.491234 0.000000
vt -0.001368 -0.491225 0.000000
vt -0.278771 -0.421060 0.000000
vt -0.000802 -0.421028 0.000000
vt -0.277105 -0.350909 0.000000
vt -0.000235 -0.350875 0.000000
vt -0.276482 -0.280713 0.000000
vt -0.000000 -0.280683 0.000000
vt -0.277104 -0.210520 0.000000
vt -0.000235 -0.210491 0.000000
vt -0.000802 -0.140338 0.000000
vt -0.285827 0.421024 0.000000
vt -0.000800 0.421027 0.000000
vt -0.286326 0.350836 0.000000
vt -0.000234 0.350852 0.000000
vt -0.000000 0.280685 0.000000
vt -0.286464 0.280655 0.000000
vt -0.000234 0.210518 0.000000
vt -0.286326 0.210470 0.000000
vt -0.000800 0.140344 0.000000
vt -0.285827 0.140286 0.000000
vt -0.284791 0.070114 0.000000
vt -0.283123 -0.000058 0.000000
vt -0.001601 0.000002 0.000000
vt -0.001366 0.070187 0.000000
vt -0.001368 -0.070141 0.000000
vt -0.280973 -0.070196 0.000000
vt -0.278769 -0.140366 0.000000
vt -0.284792 0.491192 0.000000
vt -0.001366 0.491184 0.000000
vt -0.283125 0.561368 0.000000
vt -0.001601 0.561368 0.000000
vt -0.283125 -0.561368 0.000000
vt -0.001601 -0.561368 0.000000
vt -0.280975 -0.491234 0.000000
vt -0.001368 -0.491225 0.000000
vt -0.278771 -0.421060 0.000000
vt -0.000802 -0.421028 0.000000
vt -0.277105 -0.350909 0.000000
vt -0.000235 -0.350875 0.000000
vt -0.276482 -0.280713 0.000000
vt -0.000000 -0.280683 0.000000
vt -0.277104 -0.210520 0.000000
vt -0.000235 -0.210491 0.000000
vt -0.000802 -0.140338 0.000000
vt -0.285827 0.421024 0.000000
vt -0.000800 0.421027 0.000000
vt -0.286326 0.350836 0.000000
vt -0.000234 0.350852 0.000000
vt -0.000000 0.280685 0.000000
vt -0.286464 0.280655 0.000000
vt -0.000234 0.210518 0.000000
vt -0.286326 0.210470 0.000000
vt -0.000800 0.140344 0.000000
vt -0.285827 0.140286 0.000000
vt -0.284791 0.070114 0.000000
vt -0.283123 -0.000058 0.000000
vt -0.001601 0.000002 0.000000
vt -0.001366 0.070187 0.000000
vt -0.001368 -0.070141 0.000000
vt -0.280973 -0.070196 0.000000
vt -0.278769 -0.140366 0.000000
vt -0.284792 0.491192 0.000000
vt -0.001366 0.491184 0.000000
vt -0.283125 0.561368 0.000000
vt -0.001601 0.561368 0.000000
vt -0.283125 -0.561368 0.000000
vt -0.001601 -0.561368 0.000000
vt -0.280975 -0.491234 0.000000
vt -0.001368 -0.491225 0.000000
vt -0.278771 -0.421060 0.000000
vt -0.000802 -0.421028 0.000000
vt -0.277105 -0.350909 0.000000
vt -0.000235 -0.350875 0.000000
vt -0.276482 -0.280713 0.000000
vt -0.000000 -0.280683 0.000000
vt -0.277104 -0.210520 0.000000
vt -0.000235 -0.210491 0.000000
vt -0.000802 -0.140338 0.000000
vt -0.285827 0.421024 0.000000
vt -0.000800 0.421027 0.000000
vt -0.286326 0.350836 0.000000
vt -0.000234 0.350852 0.000000
vt -0.000000 0.280685 0.000000
vt -0.286464 0.280655 0.000000
vt -0.000234 0.210518 0.000000
vt -0.286326 0.210470 0.000000
vt -0.000800 0.140344 0.000000
vt -0.285827 0.140286 0.000000
vt -0.284791 0.070114 0.000000
vt -0.283123 -0.000058 0.000000
vt -0.001601 0.000002 0.000000
vt -0.001366 0.070187 0.000000
vt -0.001368 -0.070141 0.000000
vt -0.280973 -0.070196 0.000000
vt -0.278769 -0.140366 0.000000
vt -0.284792 0.491192 0.000000
vt -0.001366 0.491184 0.000000
vt -0.283125 0.561368 0.000000
vt -0.001601 0.561368 0.000000
vt -0.283125 -0.561368 0.000000
vt -0.001601 -0.561368 0.000000
vt -0.280975 -0.491234 0.000000
vt -0.001368 -0.491225 0.000000
vt -0.278771 -0.421060 0.000000
vt -0.000802 -0.421028 0.000000
vt -0.277105 -0.350909 0.000000
vt -0.000235 -0.350875 0.000000
vt -0.276482 -0.280713 0.000000
vt -0.000000 -0.280683 0.000000
vt -0.277104 -0.210520 0.000000
vt -0.000235 -0.210491 0.000000
vt -0.000802 -0.140338 0.000000
vt -0.285827 0.421024 0.000000
vt -0.000800 0.421027 0.000000
vt -0.286326 0.350836 0.000000
vt -0.000234 0.350852 0.000000
vt -0.000000 0.280685 0.000000
vt -0.286464 0.280655 0.000000
vt -0.000234 0.210518 0.000000
vt -0.286326 0.210470 0.000000
vt -0.000800 0.140344 0.000000
vt -0.285827 0.140286 0.000000
vt -0.284791 0.070114 0.000000
vt -0.283123 -0.000058 0.000000
vt -0.001601 0.000002 0.000000
vt -0.001366 0.070187 0.000000
vt -0.001368 -0.070141 0.000000
vt -0.280973 -0.070196 0.000000
vt -0.278769 -0.140366 0.000000
vt -0.284792 0.491192 0.000000
vt -0.001366 0.491184 0.000000
vt -0.283125 0.561368 0.000000
vt -0.001601 0.561368 0.000000
vt -0.283125 -0.561368 0.000000
vt -0.001601 -0.561368 0.000000
vt -0.280975 -0.491234 0.000000
vt -0.001368 -0.491225 0.000000
vt -0.278771 -0.421060 0.000000
vt -0.000802 -0.421028 0.000000
vt -0.277105 -0.350909 0.000000
vt -0.000235 -0.350875 0.000000
vt -0.276482 -0.280713 0.000000
vt -0.000000 -0.280683 0.000000
vt -0.277104 -0.210520 0.000000
vt -0.000235 -0.210491 0.000000
vt -0.000802 -0.140338 0.000000
vt -0.285827 0.421024 0.000000
vt -0.000800 0.421027 0.000000
vt -0.286326 0.350836 0.000000
vt -0.000234 0.350852 0.000000
vt -0.000000 0.280685 0.000000
vt -0.286464 0.280655 0.000000
vt -0.000234 0.210518 0.000000
vt -0.286326 0.210470 0.000000
vt -0.000800 0.140344 0.000000
vt -0.285827 0.140286 0.000000
vt -0.284791 0.070114 0.000000
vt -0.283123 -0.000058 0.000000
vt -0.001601 0.000002 0.000000
vt -0.001366 0.070187 0.000000
vt -0.001368 -0.070141 0.000000
vt -0.280973 -0.070196 0.000000
vt -0.278769 -0.140366 0.000000
vt -0.167573 0.956950 0.000000
vt -0.221320 0.478475 0.000000
vt -0.167573 0.000000 0.000000
vt -0.221320 -0.478475 0.000000
vt -0.167573 -0.956950 0.000000
vt -0.221320 -1.435424 0.000000
vt -0.167573 -1.913899 0.000000
vt -0.221320 -2.392374 0.000000
vt -0.167573 -2.870849 0.000000
vt -0.221320 -3.349324 0.000000
vt -0.167573 -3.827798 0.000000
vt -0.221320 -4.306273 0.000000
vt -0.167573 -4.784748 0.000000
vt -0.221320 -5.263223 0.000000
vt -0.167573 -5.741698 0.000000
vt -0.221320 -6.220173 0.000000
vt -0.167573 -6.698647 0.000000
vt -0.221320 -7.177122 0.000000
vt -0.167573 -7.655597 0.000000
vt -0.221320 -8.134072 0.000000
vt -0.167573 -8.612547 0.000000
vt -0.221320 -9.091021 0.000000
vt -0.167573 -9.569496 0.000000
vt -0.221320 -10.047971 0.000000
vt -0.167573 -10.526446 0.000000
vt -0.221320 -11.004921 0.000000
vt -0.167573 -11.483395 0.000000
vt -0.221320 -11.961870 0.000000
vt -0.167573 -12.440345 0.000000
vt -0.221320 -12.918820 0.000000
vt -0.167573 -13.397295 0.000000
vt -0.221320 -13.875769 0.000000
vt -0.167573 -14.354244 0.000000
vt -0.221320 -14.832719 0.000000
vt -0.167573 -15.311194 0.000000
vt -0.221320 -15.789669 0.000000
vt -0.167573 -16.268144 0.000000
vt -0.221320 -16.746618 0.000000
vt -0.167573 -17.225093 0.000000
vt -0.221320 -17.703568 0.000000
vt -0.167573 -18.182043 0.000000
vt -0.221320 -18.660518 0.000000
vt -0.167573 -19.138992 0.000000
vt -0.221320 -19.617467 0.000000
vt -0.167573 -20.095942 0.000000
vt -0.221320 -20.574417 0.000000
vt -0.167573 -21.052892 0.000000
vt -0.221320 -21.531366 0.000000
vt -0.167573 -22.009841 0.000000
vt -0.221320 -22.488316 0.000000
vt -0.167573 -22.966791 0.000000
vt -0.221320 -23.445266 0.000000
vt -0.167573 -23.923740 0.000000
vt -0.221320 -24.402215 0.000000
vt -0.167573 -24.880690 0.000000
vt -0.221320 -25.359165 0.000000
vt -0.167573 -25.837640 0.000000
vt -0.221320 -26.316115 0.000000
vt -0.167573 -26.794589 0.000000
vt -0.221320 -27.273064 0.000000
vt -0.167573 -27.751539 0.000000
vt -0.221320 -28.230014 0.000000
vt -0.167573 -28.708489 0.000000
vt -0.221320 -29.186963 0.000000
vt -0.167573 -29.665438 0.000000
vt -0.221320 -30.143913 0.000000
vt -0.167573 -30.622388 0.000000
vt -0.221320 -31.100863 0.000000
vt -0.167573 -31.579337 0.000000
vt -0.167573 30.622388 0.000000
vt -0.221320 31.100863 0.000000
vt -0.221320 30.143913 0.000000
vt -0.167573 29.665438 0.000000
vt -0.221320 29.186963 0.000000
vt -0.167573 28.708489 0.000000
vt -0.221320 28.230014 0.000000
vt -0.167573 27.751539 0.000000
vt -0.221320 27.273064 0.000000
vt -0.167573 26.794589 0.000000
vt -0.221320 26.316115 0.000000
vt -0.167573 25.837640 0.000000
vt -0.221320 25.359165 0.000000
vt -0.167573 24.880690 0.000000
vt -0.221320 24.402215 0.000000
vt -0.167573 23.923740 0.000000
vt -0.221320 23.445266 0.000000
vt -0.167573 22.966791 0.000000
vt -0.221320 22.488316 0.000000
vt -0.167573 22.009841 0.000000
vt -0.221320 21.531366 0.000000
vt -0.167573 21.052892 0.000000
vt -0.221320 20.574417 0.000000
vt -0.167573 20.095942 0.000000
vt -0.221320 19.617467 0.000000
vt -0.167573 19.138992 0.000000
vt -0.221320 18.660518 0.000000
vt -0.167573 18.182043 0.000000
vt -0.221320 17.703568 0.000000
vt -0.167573 17.225093 0.000000
vt -0.221320 16.746618 0.000000
vt -0.167573 16.268144 0.000000
vt -0.221320 15.789669 0.000000
vt -0.167573 15.311194 0.000000
vt -0.221320 14.832719 0.000000
vt -0.167573 14.354244 0.000000
vt -0.221320 13.875769 0.000000
vt -0.167573 13.397295 0.000000
vt -0.221320 12.918820 0.000000
vt -0.167573 12.440345 0.000000
vt -0.221320 11.961870 0.000000
vt -0.167573 11.483395 0.000000
vt -0.221320 11.004921 0.000000
vt -0.167573 10.526446 0.000000
vt -0.221320 10.047971 0.000000
vt -0.167573 9.569496 0.000000
vt -0.221320 9.091021 0.000000
vt -0.167573 8.612547 0.000000
vt -0.221320 8.134072 0.000000
vt -0.167573 7.655597 0.000000
vt -0.221320 7.177122 0.000000
vt -0.167573 6.698647 0.000000
vt -0.221320 6.220173 0.000000
vt -0.167573 5.741698 0.000000
vt -0.221320 5.263223 0.000000
vt -0.167573 4.784748 0.000000
vt -0.221320 4.306273 0.000000
vt -0.167573 3.827798 0.000000
vt -0.221320 3.349324 0.000000
vt -0.167573 2.870849 0.000000
vt -0.221320 2.392374 0.000000
vt -0.167573 1.913899 0.000000
vt -0.221320 1.435424 0.000000
vt -0.328815 -0.956950 0.000000
vt -0.275067 -0.478475 0.000000
vt -0.328815 0.000000 0.000000
vt -0.275067 0.478475 0.000000
vt -0.328815 0.956950 0.000000
vt -0.275067 1.435424 0.000000
vt -0.328815 1.913899 0.000000
vt -0.275067 2.392374 0.000000
vt -0.328815 2.870849 0.000000
vt -0.275067 3.349324 0.000000
vt -0.328815 3.827798 0.000000
vt -0.275067 4.306273 0.000000
vt -0.328815 4.784748 0.000000
vt -0.275067 5.263223 0.000000
vt -0.328815 5.741698 0.000000
vt -0.275067 6.220173 0.000000
vt -0.328815 6.698647 0.000000
vt -0.275067 7.177122 0.000000
vt -0.328815 7.655597 0.000000
vt -0.275067 8.134072 0.000000
vt -0.328815 8.612547 0.000000
vt -0.275067 9.091021 0.000000
vt -0.328815 9.569496 0.000000
vt -0.275067 10.047971 0.000000
vt -0.328815 10.526446 0.000000
vt -0.275067 11.004921 0.000000
vt -0.328815 11.483395 0.000000
vt -0.275067 11.961870 0.000000
vt -0.328815 12.440345 0.000000
vt -0.275067 12.918820 0.000000
vt -0.328815 13.397295 0.000000
vt -0.275067 13.875769 0.000000
vt -0.328815 14.354244 0.000000
vt -0.275067 14.832719 0.000000
vt -0.328815 15.311194 0.000000
vt -0.275067 15.789669 0.000000
vt -0.328815 16.268144 0.000000
vt -0.275067 16.746618 0.000000
vt -0.328815 17.225093 0.000000
vt -0.275067 17.703568 0.000000
vt -0.328815 18.182043 0.000000
vt -0.275067 18.660518 0.000000
vt -0.328815 19.138992 0.000000
vt -0.275067 19.617467 0.000000
vt -0.328815 20.095942 0.000000
vt -0.275067 20.574417 0.000000
vt -0.328815 21.052892 0.000000
vt -0.275067 21.531366 0.000000
vt -0.328815 22.009841 0.000000
vt -0.275067 22.488316 0.000000
vt -0.328815 22.966791 0.000000
vt -0.275067 23.445266 0.000000
vt -0.328815 23.923740 0.000000
vt -0.275067 24.402215 0.000000
vt -0.328815 24.880690 0.000000
vt -0.275067 25.359165 0.000000
vt -0.328815 25.837640 0.000000
vt -0.275067 26.316115 0.000000
vt -0.328815 26.794589 0.000000
vt -0.275067 27.273064 0.000000
vt -0.328815 27.751539 0.000000
vt -0.275067 28.230014 0.000000
vt -0.328815 28.708489 0.000000
vt -0.275067 29.186963 0.000000
vt -0.328815 29.665438 0.000000
vt -0.275067 30.143913 0.000000
vt -0.328815 30.622388 0.000000
vt -0.275067 31.100863 0.000000
vt -0.328815 31.579337 0.000000
vt -0.328815 -30.622388 0.000000
vt -0.275067 -31.100863 0.000000
vt -0.275067 -30.143913 0.000000
vt -0.328815 -29.665438 0.000000
vt -0.275067 -29.186963 0.000000
vt -0.328815 -28.708489 0.000000
vt -0.275067 -28.230014 0.000000
vt -0.328815 -27.751539 0.000000
vt -0.275067 -27.273064 0.000000
vt -0.328815 -26.794589 0.000000
vt -0.275067 -26.316115 0.000000
vt -0.328815 -25.837640 0.000000
vt -0.275067 -25.359165 0.000000
vt -0.328815 -24.880690 0.000000
vt -0.275067 -24.402215 0.000000
vt -0.328815 -23.923740 0.000000
vt -0.275067 -23.445266 0.000000
vt -0.328815 -22.966791 0.000000
vt -0.275067 -22.488316 0.000000
vt -0.328815 -22.009841 0.000000
vt -0.275067 -21.531366 0.000000
vt -0.328815 -21.052892 0.000000
vt -0.275067 -20.574417 0.000000
vt -0.328815 -20.095942 0.000000
vt -0.275067 -19.617467 0.000000
vt -0.328815 -19.138992 0.000000
vt -0.275067 -18.660518 0.000000
vt -0.328815 -18.182043 0.000000
vt -0.275067 -17.703568 0.000000
vt -0.328815 -17.225093 0.000000
vt -0.275067 -16.746618 0.000000
vt -0.328815 -16.268144 0.000000
vt -0.275067 -15.789669 0.000000
vt -0.328815 -15.311194 0.000000
vt -0.275067 -14.832719 0.000000
vt -0.328815 -14.354244 0.000000
vt -0.275067 -13.875769 0.000000
vt -0.328815 -13.397295 0.000000
vt -0.275067 -12.918820 0.000000
vt -0.328815 -12.440345 0.000000
vt -0.275067 -11.961870 0.000000
vt -0.328815 -11.483395 0.000000
vt -0.275067 -11.004921 0.000000
vt -0.328815 -10.526446 0.000000
vt -0.275067 -10.047971 0.000000
vt -0.328815 -9.569496 0.000000
vt -0.275067 -9.091021 0.000000
vt -0.328815 -8.612547 0.000000
vt -0.275067 -8.134072 0.000000
vt -0.328815 -7.655597 0.000000
vt -0.275067 -7.177122 0.000000
vt -0.328815 -6.698647 0.000000
vt -0.275067 -6.220173 0.000000
vt -0.328815 -5.741698 0.000000
vt -0.275067 -5.263223 0.000000
vt -0.328815 -4.784748 0.000000
vt -0.275067 -4.306273 0.000000
vt -0.328815 -3.827798 0.000000
vt -0.275067 -3.349324 0.000000
vt -0.328815 -2.870849 0.000000
vt -0.275067 -2.392374 0.000000
vt -0.328815 -1.913899 0.000000
vt -0.275067 -1.435424 0.000000
vt -4.239102 -0.956289 0.000000
vt 0.000000 -0.941577 0.000000
vt -4.239102 0.000000 0.000000
vt 0.000000 0.000000 0.000000
vt 0.000000 0.941577 0.000000
vt 0.000000 -1.883154 0.000000
vt -4.239102 -1.912578 0.000000
vt -0.000000 -2.824731 0.000000
vt -4.239102 -2.868867 0.000000
vt -3.615192 -3.644815 0.000000
vt -3.683586 -3.658483 0.000000
vt -4.239102 -3.825156 0.000000
vt -3.741624 -3.697557 0.000000
vt -3.780412 -3.756083 0.000000
vt -3.794037 -3.825185 0.000000
vt -3.780388 -3.894287 0.000000
vt -3.741583 -3.952797 0.000000
vt -3.683529 -3.991853 0.000000
vt -4.239102 -4.781445 0.000000
vt -3.615134 -4.005497 0.000000
vt 0.000000 -4.707884 0.000000
vt 0.000000 -3.766308 0.000000
vt 0.000000 -5.649461 0.000000
vt -4.239102 -5.737734 0.000000
vt 0.000000 -6.591038 0.000000
vt -4.239102 -6.694023 0.000000
vt 0.000000 -7.532615 0.000000
vt -4.239102 -7.650312 0.000000
vt 0.000000 -8.474192 0.000000
vt -4.239102 -8.606601 0.000000
vt 0.000000 -9.415769 0.000000
vt -4.239102 -9.562890 0.000000
vt 0.000000 -10.357346 0.000000
vt -4.239102 -10.519179 0.000000
vt -3.615192 -11.295127 0.000000
vt -3.683586 -11.308795 0.000000
vt -4.239102 -11.475468 0.000000
vt -3.741624 -11.347869 0.000000
vt -3.780412 -11.406395 0.000000
vt -3.794037 -11.475498 0.000000
vt -3.780388 -11.544599 0.000000
vt -3.741583 -11.603109 0.000000
vt -3.683529 -11.642165 0.000000
vt -4.239102 -12.431757 0.000000
vt -3.615134 -11.655810 0.000000
vt 0.000000 -12.240500 0.000000
vt 0.000000 -11.298923 0.000000
vt 0.000000 -13.182076 0.000000
vt -4.239102 -13.388046 0.000000
vt 0.000000 -14.123653 0.000000
vt -4.239102 -14.344335 0.000000
vt 0.000000 -15.065230 0.000000
vt -4.239102 -15.300624 0.000000
vt -0.000000 -16.006807 0.000000
vt -4.239102 -16.256913 0.000000
vt 0.000000 -16.948384 0.000000
vt -4.239102 -17.213202 0.000000
vt 0.000000 -17.889961 0.000000
vt -4.239102 -18.169492 0.000000
vt 0.000000 -18.831538 0.000000
vt -3.615192 -18.945439 0.000000
vt -3.546800 -18.959216 0.000000
vt -3.683586 -18.959108 0.000000
vt -4.239102 -19.125781 0.000000
vt -3.741624 -18.998181 0.000000
vt -3.780412 -19.056707 0.000000
vt -3.794037 -19.125810 0.000000
vt -3.780388 -19.194911 0.000000
vt -3.741583 -19.253421 0.000000
vt -3.683529 -19.292477 0.000000
vt -4.239102 -20.082070 0.000000
vt -3.615134 -19.306122 0.000000
vt 0.000000 -19.773115 0.000000
vt 0.000000 -20.714692 0.000000
vt -4.239102 -21.038359 0.000000
vt 0.000000 -21.656268 0.000000
vt -4.239102 -21.994648 0.000000
vt 0.000000 -22.597845 0.000000
vt -4.239102 -22.950937 0.000000
vt 0.000000 -23.539422 0.000000
vt -4.239102 -23.907226 0.000000
vt 0.000000 -24.480999 0.000000
vt -4.239102 -24.863515 0.000000
vt 0.000000 -25.422576 0.000000
vt -4.239102 -25.819804 0.000000
vt 0.000000 -26.364153 0.000000
vt -3.615134 -26.595751 0.000000
vt -3.546789 -26.609533 0.000000
vt -3.683536 -26.609399 0.000000
vt -4.239102 -26.776093 0.000000
vt -3.741594 -26.648463 0.000000
vt -3.780397 -26.706983 0.000000
vt -3.794037 -26.776093 0.000000
vt -3.780397 -26.845202 0.000000
vt -3.741594 -26.903723 0.000000
vt -3.683536 -26.942786 0.000000
vt -4.239102 -27.732382 0.000000
vt -3.615134 -26.956434 0.000000
vt 0.000000 -27.305730 0.000000
vt -3.546756 -26.942639 0.000000
vt -3.488836 -26.903542 0.000000
vt -3.450135 -26.845105 0.000000
vt -3.436520 -26.776180 0.000000
vt -3.450091 -26.707189 0.000000
vt -3.488832 -26.648648 0.000000
vt 0.000000 -28.247307 0.000000
vt -4.239102 -28.688671 0.000000
vt 0.000000 -29.188884 0.000000
vt -4.239102 -29.644960 0.000000
vt 0.000000 -30.130460 0.000000
vt -4.239102 -30.601249 0.000000
vt -0.000000 -31.072037 0.000000
vt -0.000000 30.130460 0.000000
vt -4.239102 30.601249 0.000000
vt -4.239102 29.644960 0.000000
vt 0.000000 29.188884 0.000000
vt -4.239102 28.688671 0.000000
vt 0.000000 28.247307 0.000000
vt -4.239102 27.732382 0.000000
vt 0.000000 27.305730 0.000000
vt -3.615192 26.956434 0.000000
vt -3.546800 26.942657 0.000000
vt -3.683586 26.942766 0.000000
vt -4.239102 26.776093 0.000000
vt -3.741624 26.903692 0.000000
vt -3.780412 26.845166 0.000000
vt -3.794037 26.776064 0.000000
vt -3.780388 26.706962 0.000000
vt -3.741583 26.648452 0.000000
vt -3.683529 26.609396 0.000000
vt -4.239102 25.819804 0.000000
vt -3.615134 26.595751 0.000000
vt 0.000000 26.364153 0.000000
vt -3.546743 26.609552 0.000000
vt -3.488803 26.648676 0.000000
vt -3.450099 26.707170 0.000000
vt -3.436520 26.776122 0.000000
vt -3.450122 26.845073 0.000000
vt -3.488844 26.903550 0.000000
vt 0.000000 25.422576 0.000000
vt -4.239102 24.863515 0.000000
vt 0.000000 24.480999 0.000000
vt -4.239102 23.907226 0.000000
vt 0.000000 23.539422 0.000000
vt -4.239102 22.950937 0.000000
vt 0.000000 22.597845 0.000000
vt -4.239102 21.994648 0.000000
vt 0.000000 21.656268 0.000000
vt -4.239102 21.038359 0.000000
vt 0.000000 20.714692 0.000000
vt -4.239102 20.082070 0.000000
vt 0.000000 19.773115 0.000000
vt -3.615192 19.306122 0.000000
vt -3.546800 19.292345 0.000000
vt -3.683586 19.292453 0.000000
vt -4.239102 19.125781 0.000000
vt -3.741624 19.253380 0.000000
vt -3.780412 19.194854 0.000000
vt -3.794037 19.125751 0.000000
vt -3.780388 19.056650 0.000000
vt -3.741583 18.998140 0.000000
vt -3.683529 18.959084 0.000000
vt -4.239102 18.169492 0.000000
vt -3.615134 18.945439 0.000000
vt 0.000000 18.831538 0.000000
vt -3.546743 18.959240 0.000000
vt -3.488803 18.998364 0.000000
vt -3.450099 19.056858 0.000000
vt -3.436520 19.125810 0.000000
vt -3.450122 19.194761 0.000000
vt -3.488844 19.253238 0.000000
vt 0.000000 17.889961 0.000000
vt -4.239102 17.213202 0.000000
vt 0.000000 16.948384 0.000000
vt -4.239102 16.256913 0.000000
vt 0.000000 16.006807 0.000000
vt -4.239102 15.300624 0.000000
vt 0.000000 15.065230 0.000000
vt -4.239102 14.344335 0.000000
vt 0.000000 14.123653 0.000000
vt -4.239102 13.388046 0.000000
vt 0.000000 13.182076 0.000000
vt -4.239102 12.431757 0.000000
vt -0.000000 12.240500 0.000000
vt -3.615192 11.655810 0.000000
vt 0.000000 11.298923 0.000000
vt -3.546800 11.642033 0.000000
vt -3.488844 11.602926 0.000000
vt -3.683586 11.642141 0.000000
vt -4.239102 11.475468 0.000000
vt -3.741624 11.603068 0.000000
vt -3.780412 11.544542 0.000000
vt -3.794037 11.475439 0.000000
vt -3.780388 11.406338 0.000000
vt -3.741583 11.347828 0.000000
vt -3.683529 11.308772 0.000000
vt -4.239102 10.519179 0.000000
vt -3.615134 11.295127 0.000000
vt -3.546743 11.308928 0.000000
vt -3.488803 11.348052 0.000000
vt -3.450099 11.406545 0.000000
vt -3.436520 11.475497 0.000000
vt -3.450122 11.544448 0.000000
vt 0.000000 10.357346 0.000000
vt -4.239102 9.562890 0.000000
vt 0.000000 9.415769 0.000000
vt -4.239102 8.606601 0.000000
vt 0.000000 8.474192 0.000000
vt -4.239102 7.650312 0.000000
vt 0.000000 7.532615 0.000000
vt -4.239102 6.694023 0.000000
vt 0.000000 6.591038 0.000000
vt -4.239102 5.737734 0.000000
vt 0.000000 5.649461 0.000000
vt -4.239102 4.781445 0.000000
vt 0.000000 4.707884 0.000000
vt -3.615192 4.005498 0.000000
vt 0.000000 3.766308 0.000000
vt -3.546800 3.991720 0.000000
vt -3.488844 3.952614 0.000000
vt -3.683586 3.991829 0.000000
vt -4.239102 3.825156 0.000000
vt -3.741624 3.952755 0.000000
vt -3.780412 3.894230 0.000000
vt -3.794037 3.825127 0.000000
vt -3.780388 3.756025 0.000000
vt -3.741583 3.697516 0.000000
vt -3.683529 3.658460 0.000000
vt -4.239102 2.868867 0.000000
vt -3.615134 3.644815 0.000000
vt 0.000000 2.824731 0.000000
vt -4.239102 1.912578 0.000000
vt -0.000000 1.883154 0.000000
vt -4.239102 0.956289 0.000000
vt -3.450122 3.894136 0.000000
vt -3.436520 3.825185 0.000000
vt -3.450099 3.756233 0.000000
vt -3.488803 3.697740 0.000000
vt -3.546743 3.658616 0.000000
vt -3.546800 -11.308904 0.000000
vt -3.488844 -11.348011 0.000000
vt -3.546800 -3.658592 0.000000
vt -3.488844 -3.697698 0.000000
vt -3.450122 -3.756176 0.000000
vt -3.436520 -3.825127 0.000000
vt -3.450099 -3.894079 0.000000
vt -3.488803 -3.952573 0.000000
vt -3.546743 -3.991697 0.000000
vt -3.450122 -11.406488 0.000000
vt -3.436520 -11.475439 0.000000
vt -3.450099 -11.544391 0.000000
vt -3.488803 -11.602885 0.000000
vt -3.546743 -11.642009 0.000000
vt -3.488844 -18.998323 0.000000
vt -3.450122 -19.056800 0.000000
vt -3.436520 -19.125751 0.000000
vt -3.450099 -19.194704 0.000000
vt -3.488803 -19.253197 0.000000
vt -3.546743 -19.292321 0.000000
vt -0.000000 0.960859 0.000000
vt -1.606313 0.000000 0.000000
vt 0.000000 0.000000 0.000000
vt -1.606313 -0.960859 0.000000
vt -0.000000 -0.960859 0.000000
vt -1.606313 -1.921718 0.000000
vt -0.000000 -1.921718 0.000000
vt -1.606313 -2.882577 0.000000
vt 0.000000 -2.882577 0.000000
vt -0.714059 -3.724651 0.000000
vt -0.000000 -3.843435 0.000000
vt -0.645683 -3.738155 0.000000
vt -0.587637 -3.776892 0.000000
vt -1.606313 0.960859 0.000000
vt 0.000000 1.921718 0.000000
vt -1.606313 1.921718 0.000000
vt 0.000000 2.882577 0.000000
vt -1.606313 2.882577 0.000000
vt -0.714057 3.724651 0.000000
vt -0.782430 3.738369 0.000000
vt -0.000000 3.843435 0.000000
vt -0.645681 3.738155 0.000000
vt -0.587636 3.776893 0.000000
vt -0.548858 3.834936 0.000000
vt -0.535228 3.903490 0.000000
vt -0.548859 3.972045 0.000000
vt -0.587637 4.030087 0.000000
vt -0.645683 4.068824 0.000000
vt 0.000000 4.804294 0.000000
vt -0.714059 4.082327 0.000000
vt -1.606313 4.804294 0.000000
vt -0.782432 4.068608 0.000000
vt -1.606313 3.843435 0.000000
vt -0.840340 4.029802 0.000000
vt -0.879026 3.971821 0.000000
vt -0.892606 3.903488 0.000000
vt -0.879025 3.835155 0.000000
vt -0.840338 3.777174 0.000000
vt -0.000000 5.765153 0.000000
vt -1.606313 5.765153 0.000000
vt -0.000000 6.726012 0.000000
vt -1.606313 6.726012 0.000000
vt -0.000000 7.686871 0.000000
vt -1.606313 7.686871 0.000000
vt -0.000000 8.647730 0.000000
vt -1.606313 8.647730 0.000000
vt -0.000000 9.608589 0.000000
vt -1.606313 9.608589 0.000000
vt -0.000000 10.569447 0.000000
vt -1.606313 10.569447 0.000000
vt -0.000000 11.530306 0.000000
vt -1.606313 11.530306 0.000000
vt -0.714057 11.531629 0.000000
vt -0.782430 11.545348 0.000000
vt -0.000000 12.491165 0.000000
vt -0.645683 11.875802 0.000000
vt -0.587637 11.837065 0.000000
vt -0.548859 11.779023 0.000000
vt -0.000000 13.452024 0.000000
vt -1.606313 12.491165 0.000000
vt -0.714059 11.889306 0.000000
vt -1.606313 13.452024 0.000000
vt -0.000000 14.412883 0.000000
vt -1.606313 14.412883 0.000000
vt -0.000000 15.373742 0.000000
vt -1.606313 15.373742 0.000000
vt 0.000000 16.334600 0.000000
vt -1.606313 16.334600 0.000000
vt -0.000000 17.295459 0.000000
vt -1.606313 17.295459 0.000000
vt -0.000000 18.256318 0.000000
vt -1.606313 18.256318 0.000000
vt -0.000000 19.217177 0.000000
vt -1.606313 19.217177 0.000000
vt -0.714057 19.338607 0.000000
vt -0.782430 19.352326 0.000000
vt -0.000000 20.178036 0.000000
vt -0.587637 19.644043 0.000000
vt -0.548859 19.586001 0.000000
vt -0.535228 19.517447 0.000000
vt -0.000000 21.138895 0.000000
vt -1.606313 20.178036 0.000000
vt -0.714059 19.696284 0.000000
vt -0.645683 19.682780 0.000000
vt -1.606313 21.138895 0.000000
vt -0.000000 22.099754 0.000000
vt -1.606313 22.099754 0.000000
vt -0.000000 23.060612 0.000000
vt -1.606313 23.060612 0.000000
vt -0.000000 24.021471 0.000000
vt -1.606313 24.021471 0.000000
vt 0.000000 24.982330 0.000000
vt -1.606313 24.982330 0.000000
vt 0.000000 25.943189 0.000000
vt -1.606313 25.943189 0.000000
vt -0.000000 26.904048 0.000000
vt -1.606313 26.904048 0.000000
vt -0.714057 27.145585 0.000000
vt -0.782430 27.159304 0.000000
vt -0.000000 27.864907 0.000000
vt -0.535228 27.324425 0.000000
vt -0.548858 27.255870 0.000000
vt -0.587636 27.197828 0.000000
vt -0.000000 28.825766 0.000000
vt -1.606313 27.864907 0.000000
vt -0.714059 27.503262 0.000000
vt -0.645683 27.489758 0.000000
vt -1.606313 28.825766 0.000000
vt -0.000000 29.786624 0.000000
vt -1.606313 29.786624 0.000000
vt 0.000000 30.747483 0.000000
vt -1.606313 30.747483 0.000000
vt -0.000000 31.708342 0.000000
vt -1.606313 31.708342 0.000000
vt -1.606313 -30.747483 0.000000
vt -0.000000 -30.747483 0.000000
vt -0.000000 -29.786624 0.000000
vt -1.606313 -29.786624 0.000000
vt -0.000000 -28.825766 0.000000
vt -1.606313 -28.825766 0.000000
vt -0.000000 -27.864907 0.000000
vt -1.606313 -27.864907 0.000000
vt -0.714057 -27.503262 0.000000
vt -0.782430 -27.489543 0.000000
vt -0.000000 -26.904048 0.000000
vt -0.548858 -27.392977 0.000000
vt -0.587636 -27.451020 0.000000
vt -0.645681 -27.489757 0.000000
vt 0.000000 -25.943189 0.000000
vt -1.606313 -26.904048 0.000000
vt -0.714059 -27.145585 0.000000
vt -0.645683 -27.159089 0.000000
vt -1.606313 -25.943189 0.000000
vt -0.000000 -24.982330 0.000000
vt -1.606313 -24.982330 0.000000
vt -0.000000 -24.021471 0.000000
vt -1.606313 -24.021471 0.000000
vt -0.000000 -23.060612 0.000000
vt -1.606313 -23.060612 0.000000
vt -0.000000 -22.099754 0.000000
vt -1.606313 -22.099754 0.000000
vt -0.000000 -21.138895 0.000000
vt -1.606313 -21.138895 0.000000
vt -0.000000 -20.178036 0.000000
vt -1.606313 -20.178036 0.000000
vt -0.714057 -19.696284 0.000000
vt -0.782430 -19.682565 0.000000
vt -0.000000 -19.217177 0.000000
vt -0.587636 -19.644041 0.000000
vt -0.645681 -19.682779 0.000000
vt -0.000000 -18.256318 0.000000
vt -1.606313 -19.217177 0.000000
vt -0.714059 -19.338607 0.000000
vt -0.645683 -19.352111 0.000000
vt -1.606313 -18.256318 0.000000
vt -0.000000 -17.295459 0.000000
vt -1.606313 -17.295459 0.000000
vt -0.000000 -16.334600 0.000000
vt -1.606313 -16.334600 0.000000
vt -0.000000 -15.373742 0.000000
vt -1.606313 -15.373742 0.000000
vt -0.000000 -14.412883 0.000000
vt -1.606313 -14.412883 0.000000
vt -0.000000 -13.452024 0.000000
vt -1.606313 -13.452024 0.000000
vt -0.000000 -12.491165 0.000000
vt -1.606313 -12.491165 0.000000
vt -0.714057 -11.889306 0.000000
vt -0.782430 -11.875587 0.000000
vt -0.645681 -11.875801 0.000000
vt -0.000000 -11.530306 0.000000
vt -0.587636 -11.837063 0.000000
vt -0.548858 -11.779021 0.000000
vt -0.535228 -11.710466 0.000000
vt -0.548859 -11.641912 0.000000
vt -0.587637 -11.583870 0.000000
vt -0.645683 -11.545133 0.000000
vt -0.714059 -11.531629 0.000000
vt -1.606313 -11.530306 0.000000
vt -0.782432 -11.545349 0.000000
vt -0.840340 -11.584154 0.000000
vt -0.879026 -11.642135 0.000000
vt -0.892606 -11.710468 0.000000
vt -0.879025 -11.778801 0.000000
vt -0.840338 -11.836782 0.000000
vt -0.000000 -10.569447 0.000000
vt -1.606313 -10.569447 0.000000
vt -0.000000 -9.608589 0.000000
vt -1.606313 -9.608589 0.000000
vt -0.000000 -8.647730 0.000000
vt -1.606313 -8.647730 0.000000
vt -0.000000 -7.686871 0.000000
vt -1.606313 -7.686871 0.000000
vt -0.000000 -6.726012 0.000000
vt -1.606313 -6.726012 0.000000
vt -0.000000 -5.765153 0.000000
vt -1.606313 -5.765153 0.000000
vt -0.000000 -4.804294 0.000000
vt -1.606313 -4.804294 0.000000
vt -0.714057 -4.082327 0.000000
vt -0.782430 -4.068609 0.000000
vt -0.645681 -4.068823 0.000000
vt -0.587636 -4.030085 0.000000
vt -0.548858 -3.972042 0.000000
vt -0.535228 -3.903488 0.000000
vt -0.548859 -3.834934 0.000000
vt -0.840338 -4.029804 0.000000
vt -1.606313 -3.843435 0.000000
vt -0.879025 -3.971823 0.000000
vt -0.892606 -3.903490 0.000000
vt -0.879026 -3.835157 0.000000
vt -0.840340 -3.777176 0.000000
vt -0.782432 -3.738370 0.000000
vt -0.840338 -19.643760 0.000000
vt -0.879025 -19.585779 0.000000
vt -0.892606 -19.517447 0.000000
vt -0.879026 -19.449114 0.000000
vt -0.840340 -19.391132 0.000000
vt -0.782432 -19.352327 0.000000
vt -0.587637 -19.390848 0.000000
vt -0.548859 -19.448890 0.000000
vt -0.535228 -19.517444 0.000000
vt -0.548858 -19.585999 0.000000
vt -0.840338 -27.450738 0.000000
vt -0.879025 -27.392757 0.000000
vt -0.892606 -27.324425 0.000000
vt -0.879026 -27.256092 0.000000
vt -0.840340 -27.198110 0.000000
vt -0.782432 -27.159305 0.000000
vt -0.587637 -27.197826 0.000000
vt -0.548859 -27.255868 0.000000
vt -0.535228 -27.324423 0.000000
vt -0.879026 27.392755 0.000000
vt -0.840340 27.450737 0.000000
vt -0.782432 27.489542 0.000000
vt -0.782432 19.682564 0.000000
vt -0.840340 19.643759 0.000000
vt -0.879026 19.585777 0.000000
vt -0.892606 19.517444 0.000000
vt -0.879025 19.449112 0.000000
vt -0.840338 19.391131 0.000000
vt -0.782432 11.875586 0.000000
vt -0.840340 11.836781 0.000000
vt -0.879026 11.778799 0.000000
vt -0.892606 11.710466 0.000000
vt -0.879025 11.642133 0.000000
vt -0.840338 11.584152 0.000000
vt -0.548858 19.448892 0.000000
vt -0.587636 19.390849 0.000000
vt -0.645681 19.352112 0.000000
vt -0.535228 11.710468 0.000000
vt -0.548858 11.641914 0.000000
vt -0.587636 11.583871 0.000000
vt -0.645681 11.545134 0.000000
vt -0.840338 27.198109 0.000000
vt -0.879025 27.256090 0.000000
vt -0.892606 27.324423 0.000000
vt -0.587637 27.451021 0.000000
vt -0.548859 27.392979 0.000000
vt -0.645681 27.159090 0.000000
vt 0.000000 0.987748 0.000000
vt -0.178234 0.987748 0.000000
vt -0.000000 0.000000 0.000000
vt -0.178234 0.000000 0.000000
vt 0.000000 -0.987748 0.000000
vt -0.178234 -0.987748 0.000000
vt 0.000000 -1.975495 0.000000
vt -0.178234 -1.975495 0.000000
vt 0.000000 -2.963243 0.000000
vt -0.178234 -2.963243 0.000000
vt 0.000000 -3.950991 0.000000
vt -0.178234 -3.950991 0.000000
vt -0.000000 -4.938739 0.000000
vt -0.178234 -4.938739 0.000000
vt -0.000000 -5.926486 0.000000
vt -0.178234 -5.926486 0.000000
vt -0.000000 -6.914234 0.000000
vt -0.178234 -6.914234 0.000000
vt -0.000000 -7.901982 0.000000
vt -0.178234 -7.901982 0.000000
vt -0.000000 -8.889729 0.000000
vt -0.178234 -8.889729 0.000000
vt -0.000000 -9.877477 0.000000
vt -0.178234 -9.877477 0.000000
vt -0.000000 -10.865225 0.000000
vt -0.178234 -10.865225 0.000000
vt -0.000000 -11.852973 0.000000
vt -0.178234 -11.852973 0.000000
vt -0.000000 -12.840720 0.000000
vt -0.178234 -12.840720 0.000000
vt -0.000000 -13.828468 0.000000
vt -0.178234 -13.828468 0.000000
vt -0.000000 -14.816216 0.000000
vt -0.178234 -14.816216 0.000000
vt -0.000000 -15.803963 0.000000
vt -0.178234 -15.803963 0.000000
vt -0.000000 -16.791711 0.000000
vt -0.178234 -16.791711 0.000000
vt -0.000000 -17.779459 0.000000
vt -0.178234 -17.779459 0.000000
vt -0.000000 -18.767207 0.000000
vt -0.178234 -18.767207 0.000000
vt -0.000000 -19.754954 0.000000
vt -0.178234 -19.754954 0.000000
vt -0.000000 -20.742702 0.000000
vt -0.178234 -20.742702 0.000000
vt -0.000000 -21.730450 0.000000
vt -0.178234 -21.730450 0.000000
vt -0.000000 -22.718198 0.000000
vt -0.178234 -22.718198 0.000000
vt -0.000000 -23.705945 0.000000
vt -0.178234 -23.705945 0.000000
vt -0.000000 -24.693693 0.000000
vt -0.178234 -24.693693 0.000000
vt -0.000000 -25.681441 0.000000
vt -0.178234 -25.681441 0.000000
vt -0.000000 -26.669188 0.000000
vt -0.178234 -26.669188 0.000000
vt -0.000000 -27.656936 0.000000
vt -0.178234 -27.656936 0.000000
vt -0.000000 -28.644684 0.000000
vt -0.178234 -28.644684 0.000000
vt -0.000000 -29.632432 0.000000
vt -0.178234 -29.632432 0.000000
vt -0.000000 -30.620179 0.000000
vt -0.178234 -30.620179 0.000000
vt -0.000000 -31.607927 0.000000
vt -0.178234 -31.607927 0.000000
vt -0.000000 -32.595675 0.000000
vt -0.178234 -32.595675 0.000000
vt -0.000000 32.595675 0.000000
vt -0.178234 32.595675 0.000000
vt -0.000000 31.607927 0.000000
vt -0.178234 31.607927 0.000000
vt -0.000000 30.620179 0.000000
vt -0.178234 30.620179 0.000000
vt -0.000000 29.632432 0.000000
vt -0.178234 29.632432 0.000000
vt -0.000000 28.644684 0.000000
vt -0.178234 28.644684 0.000000
vt -0.000000 27.656936 0.000000
vt -0.178234 27.656936 0.000000
vt -0.000000 26.669188 0.000000
vt -0.178234 26.669188 0.000000
vt -0.000000 25.681441 0.000000
vt -0.178234 25.681441 0.000000
vt 0.000000 24.693693 0.000000
vt -0.178234 24.693693 0.000000
vt -0.000000 23.705945 0.000000
vt -0.178234 23.705945 0.000000
vt -0.000000 22.718198 0.000000
vt -0.178234 22.718198 0.000000
vt -0.000000 21.730450 0.000000
vt -0.178234 21.730450 0.000000
vt -0.000000 20.742702 0.000000
vt -0.178234 20.742702 0.000000
vt -0.000000 19.754954 0.000000
vt -0.178234 19.754954 0.000000
vt 0.000000 18.767207 0.000000
vt -0.178234 18.767207 0.000000
vt -0.000000 17.779459 0.000000
vt -0.178234 17.779459 0.000000
vt -0.000000 16.791711 0.000000
vt -0.178234 16.791711 0.000000
vt -0.000000 15.803963 0.000000
vt -0.178234 15.803963 0.000000
vt -0.000000 14.816216 0.000000
vt -0.178234 14.816216 0.000000
vt 0.000000 13.828468 0.000000
vt -0.178234 13.828468 0.000000
vt -0.000000 12.840720 0.000000
vt -0.178234 12.840720 0.000000
vt -0.000000 11.852973 0.000000
vt -0.178234 11.852973 0.000000
vt -0.000000 10.865225 0.000000
vt -0.178234 10.865225 0.000000
vt -0.000000 9.877477 0.000000
vt -0.178234 9.877477 0.000000
vt -0.000000 8.889729 0.000000
vt -0.178234 8.889729 0.000000
vt -0.000000 7.901982 0.000000
vt -0.178234 7.901982 0.000000
vt -0.000000 6.914234 0.000000
vt -0.178234 6.914234 0.000000
vt -0.000000 5.926486 0.000000
vt -0.178234 5.926486 0.000000
vt -0.000000 4.938739 0.000000
vt -0.178234 4.938739 0.000000
vt 0.000000 3.950991 0.000000
vt -0.178234 3.950991 0.000000
vt 0.000000 2.963243 0.000000
vt -0.178234 2.963243 0.000000
vt -0.000000 1.975495 0.000000
vt -0.178234 1.975495 0.000000
vt 2.667102 0.975780 0.000000
vt -0.000000 0.000000 0.000000
vt 2.667102 0.000000 0.000000
vt 0.000000 -0.975780 0.000000
vt 2.667102 -0.975780 0.000000
vt -0.000000 -1.951560 0.000000
vt 2.667102 -1.951560 0.000000
vt -0.000000 -2.927340 0.000000
vt 2.667102 -2.927340 0.000000
vt -0.000000 -3.903120 0.000000
vt 2.667102 -3.903120 0.000000
vt -0.000000 -4.878901 0.000000
vt 2.667102 -4.878901 0.000000
vt -0.000000 -5.854681 0.000000
vt 2.667102 -5.854681 0.000000
vt 0.000000 -6.830461 0.000000
vt 2.667102 -6.830461 0.000000
vt 0.000000 -7.806241 0.000000
vt 2.667102 -7.806241 0.000000
vt 0.000000 -8.782021 0.000000
vt 2.667102 -8.782021 0.000000
vt 0.000000 -9.757801 0.000000
vt 2.667102 -9.757801 0.000000
vt -0.000000 -10.733581 0.000000
vt 2.667102 -10.733581 0.000000
vt 0.000000 -11.709361 0.000000
vt 2.667102 -11.709361 0.000000
vt 0.000000 -12.685141 0.000000
vt 2.667102 -12.685141 0.000000
vt 0.000000 -13.660921 0.000000
vt 2.667102 -13.660921 0.000000
vt 0.000000 -14.636702 0.000000
vt 2.667102 -14.636702 0.000000
vt 0.000000 -15.612482 0.000000
vt 2.667102 -15.612482 0.000000
vt -0.000000 -16.588262 0.000000
vt 2.667102 -16.588262 0.000000
vt 0.000000 -17.564042 0.000000
vt 2.667102 -17.564042 0.000000
vt -0.000000 -18.539822 0.000000
vt 2.667102 -18.539822 0.000000
vt -0.000000 -19.515602 0.000000
vt 2.667102 -19.515602 0.000000
vt -0.000000 -20.491382 0.000000
vt 2.667102 -20.491382 0.000000
vt 0.000000 -21.467162 0.000000
vt 2.667102 -21.467162 0.000000
vt -0.000000 -22.442942 0.000000
vt 2.667102 -22.442942 0.000000
vt 0.000000 -23.418722 0.000000
vt 2.667102 -23.418722 0.000000
vt -0.000000 -24.394503 0.000000
vt 2.667102 -24.394503 0.000000
vt -0.000000 -25.370283 0.000000
vt 2.667102 -25.370283 0.000000
vt -0.000000 -26.346063 0.000000
vt 2.667102 -26.346063 0.000000
vt 0.000000 -27.321843 0.000000
vt 2.667102 -27.321843 0.000000
vt 0.000000 -28.297623 0.000000
vt 2.667102 -28.297623 0.000000
vt 0.000000 -29.273403 0.000000
vt 2.667102 -29.273403 0.000000
vt 0.000000 -30.249183 0.000000
vt 2.667102 -30.249183 0.000000
vt 0.000000 -31.224963 0.000000
vt 2.667102 -31.224963 0.000000
vt 2.667102 32.200743 0.000000
vt 0.000000 32.200743 0.000000
vt 0.000000 31.224963 0.000000
vt 2.667102 31.224963 0.000000
vt 0.000000 30.249183 0.000000
vt 2.667102 30.249183 0.000000
vt 0.000000 29.273403 0.000000
vt 2.667102 29.273403 0.000000
vt 0.000000 28.297623 0.000000
vt 2.667102 28.297623 0.000000
vt -0.000000 27.321843 0.000000
vt 2.667102 27.321843 0.000000
vt -0.000000 26.346063 0.000000
vt 2.667102 26.346063 0.000000
vt -0.000000 25.370283 0.000000
vt 2.667102 25.370283 0.000000
vt -0.000000 24.394503 0.000000
vt 2.667102 24.394503 0.000000
vt 0.000000 23.418722 0.000000
vt 2.667102 23.418722 0.000000
vt -0.000000 22.442942 0.000000
vt 2.667102 22.442942 0.000000
vt 0.000000 21.467162 0.000000
vt 2.667102 21.467162 0.000000
vt -0.000000 20.491382 0.000000
vt 2.667102 20.491382 0.000000
vt 0.000000 19.515602 0.000000
vt 2.667102 19.515602 0.000000
vt -0.000000 18.539822 0.000000
vt 2.667102 18.539822 0.000000
vt -0.000000 17.564042 0.000000
vt 2.667102 17.564042 0.000000
vt -0.000000 16.588262 0.000000
vt 2.667102 16.588262 0.000000
vt 0.000000 15.612482 0.000000
vt 2.667102 15.612482 0.000000
vt -0.000000 14.636702 0.000000
vt 2.667102 14.636702 0.000000
vt -0.000000 13.660921 0.000000
vt 2.667102 13.660921 0.000000
vt -0.000000 12.685141 0.000000
vt 2.667102 12.685141 0.000000
vt -0.000000 11.709361 0.000000
vt 2.667102 11.709361 0.000000
vt 0.000000 10.733581 0.000000
vt 2.667102 10.733581 0.000000
vt -0.000000 9.757801 0.000000
vt 2.667102 9.757801 0.000000
vt -0.000000 8.782021 0.000000
vt 2.667102 8.782021 0.000000
vt 0.000000 7.806241 0.000000
vt 2.667102 7.806241 0.000000
vt -0.000000 6.830461 0.000000
vt 2.667102 6.830461 0.000000
vt -0.000000 5.854681 0.000000
vt 2.667102 5.854681 0.000000
vt 0.000000 4.878901 0.000000
vt 2.667102 4.878901 0.000000
vt -0.000000 3.903120 0.000000
vt 2.667102 3.903120 0.000000
vt -0.000000 2.927340 0.000000
vt 2.667102 2.927340 0.000000
vt -0.000000 1.951560 0.000000
vt 2.667102 1.951560 0.000000
vt -0.000000 0.975780 0.000000
vt -10.035807 -10.946013 0.000000
vt -9.961229 -10.454698 0.000000
vt -10.082877 -9.972875 0.000000
vt -9.961229 -9.491052 0.000000
vt -10.035807 -8.999737 0.000000
vt -9.868224 -8.531904 0.000000
vt -9.895035 -8.035685 0.000000
vt -9.683082 -7.586210 0.000000
vt -9.661875 -7.089720 0.000000
vt -9.407531 -6.662800 0.000000
vt -9.338505 -6.170674 0.000000
vt -9.044145 -5.770295 0.000000
vt -8.927945 -5.287128 0.000000
vt -8.596316 -4.917028 0.000000
vt -8.434026 -4.447332 0.000000
vt -8.068225 -4.110966 0.000000
vt -7.861361 -3.659127 0.000000
vt -7.464804 -3.359636 0.000000
vt -7.215297 -2.929871 0.000000
vt -6.791686 -2.670051 0.000000
vt -6.501865 -2.266373 0.000000
vt -6.055156 -2.048651 0.000000
vt -5.727727 -1.674830 0.000000
vt -5.262090 -1.501237 0.000000
vt -4.900111 -1.160763 0.000000
vt -4.419894 -1.032921 0.000000
vt -4.026744 -0.728972 0.000000
vt -3.536430 -0.648075 0.000000
vt -3.115780 -0.383489 0.000000
vt -2.619948 -0.350292 0.000000
vt -2.175726 -0.127539 0.000000
vt -1.679004 -0.142352 0.000000
vt -1.215357 0.036487 0.000000
vt -0.722383 -0.026197 0.000000
vt -0.243640 0.107058 0.000000
vt 0.240982 -0.002912 0.000000
vt 0.730351 0.083516 0.000000
vt 1.202097 -0.072713 0.000000
vt 1.697523 -0.033920 0.000000
vt 2.151989 -0.234950 0.000000
vt 2.648846 -0.244153 0.000000
vt 3.081788 -0.488107 0.000000
vt 3.575438 -0.545221 0.000000
vt 3.982813 -0.829821 0.000000
vt 4.468646 -0.934312 0.000000
vt 4.846652 -1.256901 0.000000
vt 5.320132 -1.407794 0.000000
vt 5.665239 -1.765360 0.000000
vt 6.121945 -1.961246 0.000000
vt 6.430931 -2.350450 0.000000
vt 6.866599 -2.589500 0.000000
vt 7.136579 -3.006709 0.000000
vt 7.547142 -3.286691 0.000000
vt 7.775595 -3.728008 0.000000
vt 8.157219 -4.046308 0.000000
vt 8.342012 -4.507615 0.000000
vt 8.691135 -4.861261 0.000000
vt 8.830542 -5.338249 0.000000
vt 9.143903 -5.723939 0.000000
vt 9.236624 -6.212155 0.000000
vt 9.511297 -6.626289 0.000000
vt 9.556466 -7.121175 0.000000
vt 9.789887 -7.559885 0.000000
vt 9.787082 -8.056819 0.000000
vt 9.977072 -8.516010 0.000000
vt 9.926318 -9.010354 0.000000
vt 10.071103 -9.485737 0.000000
vt 9.972875 -9.972875 0.000000
vt 10.071103 -10.460013 0.000000
vt 9.926318 -10.935396 0.000000
vt 9.977072 -11.429741 0.000000
vt 9.787082 -11.888931 0.000000
vt 9.789887 -12.385866 0.000000
vt 9.556466 -12.824576 0.000000
vt 9.511297 -13.319461 0.000000
vt 9.236624 -13.733595 0.000000
vt 9.143903 -14.221811 0.000000
vt 8.830542 -14.607501 0.000000
vt 8.691135 -15.084489 0.000000
vt 8.342012 -15.438135 0.000000
vt 8.157219 -15.899442 0.000000
vt 7.775595 -16.217742 0.000000
vt 7.547142 -16.659060 0.000000
vt 7.136579 -16.939042 0.000000
vt 6.866599 -17.356250 0.000000
vt 6.430931 -17.595300 0.000000
vt 6.121945 -17.984505 0.000000
vt 5.665239 -18.180390 0.000000
vt 5.320132 -18.537956 0.000000
vt 4.846652 -18.688849 0.000000
vt 4.468646 -19.011438 0.000000
vt 3.982813 -19.115929 0.000000
vt 3.575438 -19.400529 0.000000
vt 3.081788 -19.457643 0.000000
vt 2.648846 -19.701597 0.000000
vt 2.151989 -19.710800 0.000000
vt 1.697523 -19.911830 0.000000
vt 1.202097 -19.873037 0.000000
vt 0.730351 -20.029266 0.000000
vt 0.240982 -19.942838 0.000000
vt -0.243640 -20.052809 0.000000
vt -0.722383 -19.919553 0.000000
vt -1.215357 -19.982237 0.000000
vt -1.679004 -19.803398 0.000000
vt -2.175726 -19.818211 0.000000
vt -2.619948 -19.595459 0.000000
vt -3.115780 -19.562261 0.000000
vt -3.536430 -19.297675 0.000000
vt -4.026744 -19.216778 0.000000
vt -4.419894 -18.912829 0.000000
vt -4.900111 -18.784988 0.000000
vt -5.262090 -18.444513 0.000000
vt -5.727727 -18.270921 0.000000
vt -6.055156 -17.897099 0.000000
vt -6.501865 -17.679377 0.000000
vt -6.791686 -17.275699 0.000000
vt -7.215297 -17.015880 0.000000
vt -7.464804 -16.586115 0.000000
vt -7.861361 -16.286624 0.000000
vt -8.068225 -15.834784 0.000000
vt -8.434026 -15.498418 0.000000
vt -8.596316 -15.028722 0.000000
vt -8.927945 -14.658622 0.000000
vt -9.044145 -14.175456 0.000000
vt -9.338505 -13.775076 0.000000
vt -9.407531 -13.282951 0.000000
vt -9.661875 -12.856030 0.000000
vt -9.683082 -12.359540 0.000000
vt -9.895035 -11.910065 0.000000
vt -9.868224 -11.413846 0.000000
vt 10.334733 -9.119305 0.000000
vt 10.094350 -9.617890 0.000000
vt 10.381742 -10.106152 0.000000
vt 10.094350 -10.594414 0.000000
vt 10.334733 -11.092999 0.000000
vt 10.000102 -11.566380 0.000000
vt 10.194130 -12.070910 0.000000
vt 9.812486 -12.524712 0.000000
vt 9.961209 -13.031027 0.000000
vt 9.533253 -13.460463 0.000000
vt 9.638076 -13.964656 0.000000
vt 9.165010 -14.364896 0.000000
vt 9.227660 -14.863342 0.000000
vt 8.711196 -15.229565 0.000000
vt 8.733677 -15.718945 0.000000
vt 8.176049 -16.046399 0.000000
vt 8.160600 -16.523719 0.000000
vt 7.564563 -16.807770 0.000000
vt 7.513620 -17.270374 0.000000
vt 6.882450 -17.506570 0.000000
vt 6.798595 -17.952149 0.000000
vt 6.136077 -18.136275 0.000000
vt 6.022001 -18.562869 0.000000
vt 5.332413 -18.691004 0.000000
vt 5.190871 -19.097004 0.000000
vt 4.478961 -19.165579 0.000000
vt 4.312731 -19.549717 0.000000
vt 3.583691 -19.555568 0.000000
vt 3.395535 -19.916907 0.000000
vt 2.654961 -19.857331 0.000000
vt 2.447588 -20.195249 0.000000
vt 1.701442 -20.068050 0.000000
vt 1.477476 -20.382223 0.000000
vt 0.732037 -20.185757 0.000000
vt 0.493983 -20.476135 0.000000
vt -0.244202 -20.209353 0.000000
vt -0.493983 -20.476135 0.000000
vt -1.218162 -20.138619 0.000000
vt -1.477476 -20.382223 0.000000
vt -2.180748 -19.974214 0.000000
vt -2.447588 -20.195249 0.000000
vt -3.122973 -19.717674 0.000000
vt -3.395535 -19.916907 0.000000
vt -4.036039 -19.371393 0.000000
vt -4.312731 -19.549717 0.000000
vt -4.911422 -18.938606 0.000000
vt -5.190871 -19.097004 0.000000
vt -5.740949 -18.423352 0.000000
vt -6.022001 -18.562869 0.000000
vt -6.516873 -17.830443 0.000000
vt -6.798595 -17.952149 0.000000
vt -7.231952 -17.165414 0.000000
vt -7.513620 -17.270374 0.000000
vt -7.879508 -16.434475 0.000000
vt -8.160600 -16.523719 0.000000
vt -8.453494 -15.644450 0.000000
vt -8.733677 -15.718945 0.000000
vt -8.948553 -14.802715 0.000000
vt -9.227660 -14.863342 0.000000
vt -9.360062 -13.917130 0.000000
vt -9.638076 -13.964656 0.000000
vt -9.684178 -12.995962 0.000000
vt -9.961209 -13.031027 0.000000
vt -9.917876 -12.047814 0.000000
vt -10.194130 -12.070910 0.000000
vt -10.058973 -11.081536 0.000000
vt -10.334733 -11.092999 0.000000
vt -10.106152 -10.106152 0.000000
vt -10.381742 -10.106152 0.000000
vt -10.334733 -9.119305 0.000000
vt -10.058973 -9.130768 0.000000
vt -10.194130 -8.141394 0.000000
vt -9.917876 -8.164490 0.000000
vt -9.961209 -7.181277 0.000000
vt -9.684178 -7.216342 0.000000
vt -9.638076 -6.247648 0.000000
vt -9.360062 -6.295174 0.000000
vt -9.227660 -5.348962 0.000000
vt -8.948553 -5.409589 0.000000
vt -8.733677 -4.493359 0.000000
vt -8.453494 -4.567854 0.000000
vt -8.160600 -3.688585 0.000000
vt -7.879508 -3.777829 0.000000
vt -7.513620 -2.941930 0.000000
vt -7.231952 -3.046890 0.000000
vt -6.798595 -2.260155 0.000000
vt -6.516873 -2.381861 0.000000
vt -6.022001 -1.649435 0.000000
vt -5.740949 -1.788952 0.000000
vt -5.190871 -1.115300 0.000000
vt -4.911422 -1.273698 0.000000
vt -4.312731 -0.662587 0.000000
vt -4.036039 -0.840911 0.000000
vt -3.395535 -0.295397 0.000000
vt -3.122973 -0.494630 0.000000
vt -2.447588 -0.017055 0.000000
vt -2.180748 -0.238090 0.000000
vt -1.477476 0.169919 0.000000
vt -1.218162 -0.073685 0.000000
vt -0.493983 0.263831 0.000000
vt -0.244202 -0.002951 0.000000
vt 0.493983 0.263831 0.000000
vt 0.732037 -0.026547 0.000000
vt 1.477476 0.169919 0.000000
vt 1.701442 -0.144254 0.000000
vt 2.447588 -0.017055 0.000000
vt 2.654961 -0.354973 0.000000
vt 3.395535 -0.295397 0.000000
vt 3.583691 -0.656736 0.000000
vt 4.312731 -0.662587 0.000000
vt 4.478961 -1.046725 0.000000
vt 5.190871 -1.115300 0.000000
vt 5.332413 -1.521300 0.000000
vt 6.022001 -1.649435 0.000000
vt 6.136077 -2.076029 0.000000
vt 6.798595 -2.260155 0.000000
vt 6.882450 -2.705734 0.000000
vt 7.513620 -2.941930 0.000000
vt 7.564563 -3.404534 0.000000
vt 8.160600 -3.688585 0.000000
vt 8.176049 -4.165905 0.000000
vt 8.733677 -4.493359 0.000000
vt 8.711196 -4.982739 0.000000
vt 9.227660 -5.348962 0.000000
vt 9.165010 -5.847408 0.000000
vt 9.638076 -6.247648 0.000000
vt 9.533253 -6.751841 0.000000
vt 9.961209 -7.181277 0.000000
vt 9.812486 -7.687592 0.000000
vt 10.194130 -8.141394 0.000000
vt 10.000102 -8.645924 0.000000
vt -10.322356 -9.383644 0.000000
vt -10.369309 -10.369309 0.000000
vt -10.010153 -10.369309 0.000000
vt -10.322356 -11.354974 0.000000
vt -9.963422 -11.335428 0.000000
vt -10.181922 -12.331714 0.000000
vt -9.823665 -12.292527 0.000000
vt -9.949279 -13.290681 0.000000
vt -9.592187 -13.231669 0.000000
vt -9.626534 -14.223192 0.000000
vt -9.271150 -14.144086 0.000000
vt -9.216609 -15.120801 0.000000
vt -8.863550 -15.021259 0.000000
vt -8.723218 -15.975381 0.000000
vt -8.373194 -15.854998 0.000000
vt -8.150827 -16.779191 0.000000
vt -7.804660 -16.637519 0.000000
vt -7.504622 -17.524952 0.000000
vt -7.163255 -17.361515 0.000000
vt -6.790453 -18.205910 0.000000
vt -6.454969 -18.020226 0.000000
vt -6.014789 -18.815899 0.000000
vt -5.686415 -18.607503 0.000000
vt -5.184655 -19.349394 0.000000
vt -4.864768 -19.117863 0.000000
vt -4.307567 -19.801564 0.000000
vt -3.997701 -19.546539 0.000000
vt -3.391469 -20.168315 0.000000
vt -3.093307 -19.889530 0.000000
vt -2.444657 -20.446323 0.000000
vt -2.160033 -20.143634 0.000000
vt -1.475707 -20.633073 0.000000
vt -1.206591 -20.306477 0.000000
vt -0.493392 -20.726873 0.000000
vt -0.241883 -20.376539 0.000000
vt 0.493392 -20.726873 0.000000
vt 0.725083 -20.353167 0.000000
vt 1.475707 -20.633073 0.000000
vt 1.685280 -20.236578 0.000000
vt 2.444657 -20.446323 0.000000
vt 2.629741 -20.027861 0.000000
vt 3.391469 -20.168315 0.000000
vt 3.549649 -19.728965 0.000000
vt 4.307567 -19.801564 0.000000
vt 4.436415 -19.342680 0.000000
vt 5.184655 -19.349394 0.000000
vt 5.281760 -18.872613 0.000000
vt 6.014789 -18.815899 0.000000
vt 6.077790 -18.323153 0.000000
vt 6.790453 -18.205910 0.000000
vt 6.817073 -17.699430 0.000000
vt 7.504622 -17.524952 0.000000
vt 7.492707 -17.007268 0.000000
vt 8.150827 -16.779191 0.000000
vt 8.098384 -16.253129 0.000000
vt 8.723218 -15.975381 0.000000
vt 8.628448 -15.444055 0.000000
vt 9.216609 -15.120801 0.000000
vt 9.077951 -14.587599 0.000000
vt 9.626534 -14.223192 0.000000
vt 9.442696 -13.691757 0.000000
vt 9.949279 -13.290681 0.000000
vt 9.719276 -12.764895 0.000000
vt 10.181922 -12.331714 0.000000
vt 9.905110 -11.815667 0.000000
vt 10.322356 -11.354974 0.000000
vt 9.998463 -10.852933 0.000000
vt 10.369309 -10.369309 0.000000
vt 9.998463 -9.885685 0.000000
vt 10.322356 -9.383644 0.000000
vt 9.905110 -8.922952 0.000000
vt 10.181922 -8.406904 0.000000
vt 9.719276 -7.973723 0.000000
vt 9.949279 -7.447937 0.000000
vt 9.442696 -7.046861 0.000000
vt 9.626534 -6.515426 0.000000
vt 9.077951 -6.151019 0.000000
vt 9.216609 -5.617817 0.000000
vt 8.628448 -5.294563 0.000000
vt 8.723218 -4.763237 0.000000
vt 8.098384 -4.485489 0.000000
vt 8.150827 -3.959427 0.000000
vt 7.492707 -3.731350 0.000000
vt 7.504622 -3.213666 0.000000
vt 6.817073 -3.039188 0.000000
vt 6.790453 -2.532708 0.000000
vt 6.077790 -2.415465 0.000000
vt 6.014789 -1.922719 0.000000
vt 5.281760 -1.866005 0.000000
vt 5.184655 -1.389224 0.000000
vt 4.436415 -1.395938 0.000000
vt 4.307567 -0.937054 0.000000
vt 3.549649 -1.009653 0.000000
vt 3.391469 -0.570304 0.000000
vt 2.629741 -0.710757 0.000000
vt 2.444657 -0.292295 0.000000
vt 1.685280 -0.502040 0.000000
vt 1.475707 -0.105545 0.000000
vt 0.725083 -0.385451 0.000000
vt 0.493392 -0.011745 0.000000
vt -0.241883 -0.362079 0.000000
vt -0.493392 -0.011745 0.000000
vt -1.206591 -0.432141 0.000000
vt -1.475707 -0.105545 0.000000
vt -2.160033 -0.594984 0.000000
vt -2.444657 -0.292295 0.000000
vt -3.093307 -0.849088 0.000000
vt -3.391469 -0.570304 0.000000
vt -3.997701 -1.192079 0.000000
vt -4.307567 -0.937054 0.000000
vt -4.864768 -1.620755 0.000000
vt -5.184655 -1.389224 0.000000
vt -5.686415 -2.131115 0.000000
vt -6.014789 -1.922719 0.000000
vt -6.454969 -2.718392 0.000000
vt -6.790453 -2.532708 0.000000
vt -7.163255 -3.377103 0.000000
vt -7.504622 -3.213666 0.000000
vt -7.804660 -4.101099 0.000000
vt -8.150827 -3.959427 0.000000
vt -8.373194 -4.883620 0.000000
vt -8.723218 -4.763237 0.000000
vt -8.863550 -5.717359 0.000000
vt -9.216609 -5.617817 0.000000
vt -9.271150 -6.594532 0.000000
vt -9.626534 -6.515426 0.000000
vt -9.592187 -7.506949 0.000000
vt -9.949279 -7.447937 0.000000
vt -9.823665 -8.446091 0.000000
vt -10.181922 -8.406904 0.000000
vt -9.963422 -9.403190 0.000000
vt -9.824076 -8.917546 0.000000
vt -9.870154 -9.870154 0.000000
vt -9.721469 -9.870154 0.000000
vt -9.824076 -10.822761 0.000000
vt -9.674658 -10.823024 0.000000
vt -9.686274 -11.766474 0.000000
vt -9.534674 -11.766718 0.000000
vt -9.458034 -12.692481 0.000000
vt -9.302866 -12.692147 0.000000
vt -9.141486 -13.592138 0.000000
vt -8.981467 -13.590399 0.000000
vt -8.739587 -14.457043 0.000000
vt -8.573571 -14.452823 0.000000
vt -8.256089 -15.279121 0.000000
vt -8.083106 -15.271113 0.000000
vt -7.695506 -16.050698 0.000000
vt -7.514797 -16.037389 0.000000
vt -7.063072 -16.764568 0.000000
vt -6.874117 -16.744271 0.000000
vt -6.364692 -17.414067 0.000000
vt -6.167235 -17.384951 0.000000
vt -5.606886 -17.993131 0.000000
vt -5.400959 -17.953260 0.000000
vt -4.796731 -18.496352 0.000000
vt -4.582669 -18.443724 0.000000
vt -3.941790 -18.919033 0.000000
vt -3.720245 -18.851620 0.000000
vt -3.050045 -19.257228 0.000000
vt -2.821994 -19.173020 0.000000
vt -2.129823 -19.507777 0.000000
vt -1.896565 -19.404828 0.000000
vt -1.189716 -19.668343 0.000000
vt -0.952871 -19.544812 0.000000
vt -0.238500 -19.737425 0.000000
vt 0.000000 -19.591623 0.000000
vt 0.714943 -19.714380 0.000000
vt 0.952871 -19.544812 0.000000
vt 1.661710 -19.599422 0.000000
vt 1.896565 -19.404828 0.000000
vt 2.592962 -19.393624 0.000000
vt 2.821994 -19.173020 0.000000
vt 3.500005 -19.098908 0.000000
vt 3.720245 -18.851620 0.000000
vt 4.374369 -18.718025 0.000000
vt 4.582669 -18.443724 0.000000
vt 5.207890 -18.254533 0.000000
vt 5.400959 -17.953260 0.000000
vt 5.992787 -17.712757 0.000000
vt 6.167235 -17.384951 0.000000
vt 6.721731 -17.097758 0.000000
vt 6.874117 -16.744271 0.000000
vt 7.387916 -16.415276 0.000000
vt 7.514797 -16.037389 0.000000
vt 7.985122 -15.671684 0.000000
vt 8.083106 -15.271113 0.000000
vt 8.507773 -14.873925 0.000000
vt 8.573571 -14.452823 0.000000
vt 8.950989 -14.029447 0.000000
vt 8.981467 -13.590399 0.000000
vt 9.310633 -13.146135 0.000000
vt 9.302866 -12.692147 0.000000
vt 9.583345 -12.232236 0.000000
vt 9.534674 -11.766718 0.000000
vt 9.766580 -11.296283 0.000000
vt 9.674658 -10.823024 0.000000
vt 9.858628 -10.347014 0.000000
vt 9.721469 -9.870154 0.000000
vt 9.858628 -9.393293 0.000000
vt 9.674658 -8.917283 0.000000
vt 9.766580 -8.444025 0.000000
vt 9.534674 -7.973589 0.000000
vt 9.583345 -7.508071 0.000000
vt 9.302866 -7.048160 0.000000
vt 9.310633 -6.594172 0.000000
vt 8.981467 -6.149908 0.000000
vt 8.950989 -5.710860 0.000000
vt 8.573571 -5.287485 0.000000
vt 8.507773 -4.866382 0.000000
vt 8.083106 -4.469195 0.000000
vt 7.985122 -4.068623 0.000000
vt 7.514797 -3.702919 0.000000
vt 7.387916 -3.325031 0.000000
vt 6.874117 -2.996037 0.000000
vt 6.721731 -2.642549 0.000000
vt 6.167235 -2.355356 0.000000
vt 5.992787 -2.027550 0.000000
vt 5.400959 -1.787047 0.000000
vt 5.207890 -1.485775 0.000000
vt 4.582669 -1.296583 0.000000
vt 4.374369 -1.022282 0.000000
vt 3.720245 -0.888687 0.000000
vt 3.500005 -0.641400 0.000000
vt 2.821994 -0.567287 0.000000
vt 2.592962 -0.346684 0.000000
vt 1.896565 -0.335480 0.000000
vt 1.661710 -0.140886 0.000000
vt 0.952871 -0.195496 0.000000
vt 0.714943 -0.025927 0.000000
vt -0.000000 -0.148684 0.000000
vt -0.238500 -0.002882 0.000000
vt -0.952871 -0.195496 0.000000
vt -1.189716 -0.071965 0.000000
vt -1.896565 -0.335480 0.000000
vt -2.129823 -0.232530 0.000000
vt -2.821994 -0.567287 0.000000
vt -3.050045 -0.483080 0.000000
vt -3.720245 -0.888687 0.000000
vt -3.941790 -0.821274 0.000000
vt -4.582669 -1.296583 0.000000
vt -4.796731 -1.243955 0.000000
vt -5.400959 -1.787047 0.000000
vt -5.606886 -1.747176 0.000000
vt -6.167235 -2.355356 0.000000
vt -6.364692 -2.326240 0.000000
vt -6.874117 -2.996037 0.000000
vt -7.063072 -2.975739 0.000000
vt -7.514797 -3.702919 0.000000
vt -7.695506 -3.689610 0.000000
vt -8.083106 -4.469195 0.000000
vt -8.256089 -4.461186 0.000000
vt -8.573571 -5.287485 0.000000
vt -8.739587 -5.283265 0.000000
vt -8.981467 -6.149908 0.000000
vt -9.141486 -6.148170 0.000000
vt -9.302866 -7.048160 0.000000
vt -9.458034 -7.047826 0.000000
vt -9.534674 -7.973589 0.000000
vt -9.686274 -7.973833 0.000000
vt -9.674658 -8.917283 0.000000
vn 0.000000 -0.000000 -1.000000
vn -0.497592 0.049009 -0.866025
vn 0.000000 -0.000000 -1.000000
vn -0.500000 0.000000 -0.866025
vn 0.000000 0.000000 -1.000000
vn -0.497592 -0.049009 -0.866025
vn -0.000000 -0.000000 -1.000000
vn -0.490393 -0.097545 -0.866025
vn 0.000000 0.000000 -1.000000
vn -0.478470 -0.145142 -0.866025
vn 0.000000 0.000000 -1.000000
vn -0.461940 -0.191342 -0.866025
vn -0.000000 -0.000000 -1.000000
vn -0.440961 -0.235698 -0.866025
vn -0.000000 -0.000000 -1.000000
vn -0.415735 -0.277785 -0.866025
vn 0.000000 0.000000 -1.000000
vn -0.386505 -0.317197 -0.866025
vn 0.000000 0.000000 -1.000000
vn -0.353553 -0.353553 -0.866025
vn -0.000000 -0.000000 -1.000000
vn -0.317197 -0.386505 -0.866025
vn 0.000000 0.000000 -1.000000
vn -0.277785 -0.415735 -0.866025
vn 0.000000 0.000000 -1.000000
vn -0.235698 -0.440961 -0.866025
vn 0.000000 0.000000 -1.000000
vn -0.191342 -0.461940 -0.866025
vn 0.000000 0.000000 -1.000000
vn -0.145142 -0.478470 -0.866025
vn 0.000000 0.000000 -1.000000
vn -0.097545 -0.490393 -0.866025
vn -0.000000 -0.000000 -1.000000
vn -0.049009 -0.497592 -0.866025
vn 0.000000 0.000000 -1.000000
vn -0.000000 -0.500000 -0.866025
vn -0.000000 0.000000 -1.000000
vn 0.049009 -0.497592 -0.866025
vn -0.000000 0.000000 -1.000000
vn 0.097545 -0.490393 -0.866025
vn 0.000000 -0.000000 -1.000000
vn 0.145142 -0.478470 -0.866025
vn -0.000000 0.000000 -1.000000
vn 0.191342 -0.461940 -0.866025
vn -0.000000 0.000000 -1.000000
vn 0.235698 -0.440961 -0.866025
vn -0.000000 0.000000 -1.000000
vn 0.277785 -0.415735 -0.866025
vn -0.000000 0.000000 -1.000000
vn 0.317197 -0.386505 -0.866025
vn -0.000000 0.000000 -1.000000
vn 0.353553 -0.353553 -0.866025
vn -0.000000 0.000000 -1.000000
vn 0.386505 -0.317197 -0.866025
vn -0.000000 0.000000 -1.000000
vn 0.415735 -0.277785 -0.866025
vn -0.000000 0.000000 -1.000000
vn 0.440961 -0.235698 -0.866025
vn -0.000000 0.000000 -1.000000
vn 0.461940 -0.191342 -0.866025
vn -0.000000 0.000000 -1.000000
vn 0.478470 -0.145142 -0.866025
vn -0.000000 0.000000 -1.000000
vn 0.490393 -0.097545 -0.866025
vn -0.000000 0.000000 -1.000000
vn 0.497592 -0.049009 -0.866025
vn -0.000000 0.000000 -1.000000
vn 0.500000 -0.000000 -0.866025
vn -0.000000 -0.000000 -1.000000
vn 0.497592 0.049009 -0.866025
vn -0.000000 -0.000000 -1.000000
vn 0.490393 0.097545 -0.866025
vn 0.000000 0.000000 -1.000000
vn 0.478470 0.145142 -0.866025
vn -0.000000 -0.000000 -1.000000
vn 0.461940 0.191342 -0.866025
vn 0.000000 0.000000 -1.000000
vn 0.440961 0.235698 -0.866025
vn -0.000000 -0.000000 -1.000000
vn 0.415735 0.277785 -0.866025
vn 0.000000 0.000000 -1.000000
vn 0.386505 0.317197 -0.866025
vn -0.000000 -0.000000 -1.000000
vn 0.353553 0.353553 -0.866025
vn -0.000000 -0.000000 -1.000000
vn 0.317197 0.386505 -0.866025
vn 0.000000 0.000000 -1.000000
vn 0.277785 0.415735 -0.866025
vn -0.000000 -0.000000 -1.000000
vn 0.235698 0.440961 -0.866025
vn -0.000000 -0.000000 -1.000000
vn 0.191342 0.461940 -0.866025
vn -0.000000 -0.000000 -1.000000
vn 0.145142 0.478470 -0.866025
vn 0.000000 0.000000 -1.000000
vn 0.097545 0.490393 -0.866025
vn -0.000000 -0.000000 -1.000000
vn 0.049009 0.497592 -0.866025
vn -0.000000 -0.000000 -1.000000
vn 0.000000 0.500000 -0.866025
vn 0.000000 -0.000000 -1.000000
vn -0.049009 0.497592 -0.866025
vn 0.000000 -0.000000 -1.000000
vn -0.097545 0.490393 -0.866025
vn -0.000000 0.000000 -1.000000
vn -0.145142 0.478470 -0.866025
vn -0.000000 0.000000 -1.000000
vn -0.191342 0.461940 -0.866025
vn -0.000000 0.000000 -1.000000
vn -0.235698 0.440961 -0.866025
vn 0.000000 -0.000000 -1.000000
vn -0.277785 0.415735 -0.866025
vn 0.000000 -0.000000 -1.000000
vn -0.317197 0.386505 -0.866025
vn 0.000000 -0.000000 -1.000000
vn -0.353553 0.353553 -0.866025
vn -0.000000 0.000000 -1.000000
vn -0.386505 0.317197 -0.866025
vn -0.000000 0.000000 -1.000000
vn -0.415735 0.277785 -0.866025
vn -0.000000 0.000000 -1.000000
vn -0.440961 0.235698 -0.866025
vn 0.000000 -0.000000 -1.000000
vn -0.461940 0.191342 -0.866025
vn 0.000000 -0.000000 -1.000000
vn -0.478470 0.145142 -0.866025
vn -0.000000 0.000000 -1.000000
vn -0.490393 0.097545 -0.866025
vn -0.993433 -0.097845 0.059306
vn -0.995185 -0.098017 0.000000
vn -0.998240 -0.000000 0.059306
vn -1.000000 -0.000000 0.000000
vn -0.993433 0.097845 0.059306
vn -0.995185 0.098017 0.000000
vn -0.979059 0.194747 0.059306
vn -0.980785 0.195090 0.000000
vn -0.955256 0.289774 0.059306
vn -0.956940 0.290285 0.000000
vn -0.922253 0.382010 0.059306
vn -0.923880 0.382683 0.000000
vn -0.880369 0.470567 0.059306
vn -0.881921 0.471397 0.000000
vn -0.830006 0.554592 0.059306
vn -0.831470 0.555570 0.000000
vn -0.771650 0.633277 0.059306
vn -0.773010 0.634393 0.000000
vn -0.705862 0.705862 0.059306
vn -0.707107 0.707107 0.000000
vn -0.633277 0.771650 0.059306
vn -0.634393 0.773010 0.000000
vn -0.554592 0.830006 0.059306
vn -0.555570 0.831470 0.000000
vn -0.470567 0.880369 0.059306
vn -0.471397 0.881921 0.000000
vn -0.382010 0.922253 0.059306
vn -0.382683 0.923880 0.000000
vn -0.289774 0.955256 0.059306
vn -0.290285 0.956940 0.000000
vn -0.194747 0.979059 0.059306
vn -0.195090 0.980785 0.000000
vn -0.097845 0.993433 0.059306
vn -0.098017 0.995185 0.000000
vn -0.000000 0.998240 0.059306
vn -0.000000 1.000000 0.000000
vn 0.097845 0.993433 0.059306
vn 0.098017 0.995185 0.000000
vn 0.194747 0.979059 0.059306
vn 0.195090 0.980785 0.000000
vn 0.289774 0.955256 0.059306
vn 0.290285 0.956940 0.000000
vn 0.382010 0.922253 0.059306
vn 0.382683 0.923880 0.000000
vn 0.470567 0.880369 0.059306
vn 0.471397 0.881921 0.000000
vn 0.554592 0.830006 0.059306
vn 0.555570 0.831470 0.000000
vn 0.633277 0.771650 0.059306
vn 0.634393 0.773010 0.000000
vn 0.705862 0.705862 0.059306
vn 0.707107 0.707107 0.000000
vn 0.771650 0.633277 0.059306
vn 0.773010 0.634393 0.000000
vn 0.830006 0.554592 0.059306
vn 0.831470 0.555570 0.000000
vn 0.880369 0.470567 0.059306
vn 0.881921 0.471397 0.000000
vn 0.922253 0.382010 0.059306
vn 0.923880 0.382683 0.000000
vn 0.955256 0.289774 0.059306
vn 0.956940 0.290285 0.000000
vn 0.979059 0.194747 0.059306
vn 0.980785 0.195090 0.000000
vn 0.993433 0.097845 0.059306
vn 0.995185 0.098017 0.000000
vn 0.998240 0.000000 0.059306
vn 1.000000 0.000000 0.000000
vn 0.993433 -0.097845 0.059306
vn 0.995185 -0.098017 0.000000
vn 0.979059 -0.194747 0.059306
vn 0.980785 -0.195090 0.000000
vn 0.955256 -0.289774 0.059306
vn 0.956940 -0.290285 0.000000
vn 0.922253 -0.382010 0.059306
vn 0.923880 -0.382683 0.000000
vn 0.880369 -0.470567 0.059306
vn 0.881921 -0.471397 0.000000
vn 0.830006 -0.554592 0.059306
vn 0.831470 -0.555570 0.000000
vn 0.771650 -0.633277 0.059306
vn 0.773010 -0.634393 0.000000
vn 0.705862 -0.705862 0.059306
vn 0.707107 -0.707107 0.000000
vn 0.633277 -0.771650 0.059306
vn 0.634393 -0.773010 0.000000
vn 0.554592 -0.830006 0.059306
vn 0.555570 -0.831470 0.000000
vn 0.470567 -0.880369 0.059306
vn 0.471397 -0.881921 0.000000
vn 0.382010 -0.922253 0.059306
vn 0.382683 -0.923880 0.000000
vn 0.289774 -0.955256 0.059306
vn 0.290285 -0.956940 0.000000
vn 0.194747 -0.979059 0.059306
vn 0.195090 -0.980785 0.000000
vn 0.097845 -0.993433 0.059306
vn 0.098017 -0.995185 0.000000
vn 0.000000 -0.998240 0.059306
vn -0.000000 -1.000000 0.000000
vn -0.097845 -0.993433 0.059306
vn -0.098017 -0.995185 0.000000
vn -0.194747 -0.979059 0.059306
vn -0.195090 -0.980785 0.000000
vn -0.289774 -0.955256 0.059306
vn -0.290285 -0.956940 0.000000
vn -0.382010 -0.922253 0.059306
vn -0.382683 -0.923880 0.000000
vn -0.470567 -0.880369 0.059306
vn -0.471397 -0.881921 0.000000
vn -0.554592 -0.830006 0.059306
vn -0.555570 -0.831470 0.000000
vn -0.633277 -0.771650 0.059306
vn -0.634393 -0.773010 0.000000
vn -0.705862 -0.705862 0.059306
vn -0.707107 -0.707107 0.000000
vn -0.771650 -0.633277 0.059306
vn -0.773010 -0.634393 0.000000
vn -0.830006 -0.554592 0.059306
vn -0.831470 -0.555570 0.000000
vn -0.880369 -0.470567 0.059306
vn -0.881921 -0.471397 0.000000
vn -0.922253 -0.382010 0.059306
vn -0.923880 -0.382683 0.000000
vn -0.955256 -0.289774 0.059306
vn -0.956940 -0.290285 0.000000
vn -0.979059 -0.194747 0.059306
vn -0.980785 -0.195090 0.000000
vn 0.866025 -0.000000 -0.500000
vn 0.861855 -0.084885 -0.500000
vn 0.849385 -0.168953 -0.500000
vn 0.828735 -0.251394 -0.500000
vn 0.800103 -0.331414 -0.500000
vn 0.763766 -0.408242 -0.500000
vn 0.720074 -0.481138 -0.500000
vn 0.669447 -0.549401 -0.500000
vn 0.612372 -0.612372 -0.500000
vn 0.549401 -0.669447 -0.500000
vn 0.481138 -0.720074 -0.500000
vn 0.408242 -0.763766 -0.500000
vn 0.331414 -0.800103 -0.500000
vn 0.251394 -0.828735 -0.500000
vn 0.168953 -0.849385 -0.500000
vn 0.084885 -0.861855 -0.500000
vn -0.000000 -0.866025 -0.500000
vn -0.084885 -0.861855 -0.500000
vn -0.168953 -0.849385 -0.500000
vn -0.251394 -0.828735 -0.500000
vn -0.331414 -0.800103 -0.500000
vn -0.408242 -0.763766 -0.500000
vn -0.481138 -0.720074 -0.500000
vn -0.549401 -0.669447 -0.500000
vn -0.612372 -0.612372 -0.500000
vn -0.669447 -0.549401 -0.500000
vn -0.720074 -0.481138 -0.500000
vn -0.763766 -0.408242 -0.500000
vn -0.800103 -0.331414 -0.500000
vn -0.828735 -0.251394 -0.500000
vn -0.849385 -0.168953 -0.500000
vn -0.861855 -0.084885 -0.500000
vn -0.866025 0.000000 -0.500000
vn -0.861855 0.084885 -0.500000
vn -0.849385 0.168953 -0.500000
vn -0.828735 0.251394 -0.500000
vn -0.800103 0.331414 -0.500000
vn -0.763766 0.408242 -0.500000
vn -0.720074 0.481138 -0.500000
vn -0.669447 0.549401 -0.500000
vn -0.612372 0.612372 -0.500000
vn -0.549401 0.669447 -0.500000
vn -0.481138 0.720074 -0.500000
vn -0.408242 0.763766 -0.500000
vn -0.331414 0.800103 -0.500000
vn -0.251394 0.828735 -0.500000
vn -0.168953 0.849385 -0.500000
vn -0.084885 0.861855 -0.500000
vn -0.000000 0.866025 -0.500000
vn 0.084885 0.861855 -0.500000
vn 0.168953 0.849385 -0.500000
vn 0.251394 0.828735 -0.500000
vn 0.331414 0.800103 -0.500000
vn 0.408242 0.763766 -0.500000
vn 0.481138 0.720074 -0.500000
vn 0.549401 0.669447 -0.500000
vn 0.612372 0.612372 -0.500000
vn 0.669447 0.549401 -0.500000
vn 0.720074 0.481138 -0.500000
vn 0.763766 0.408242 -0.500000
vn 0.800103 0.331414 -0.500000
vn 0.828735 0.251394 -0.500000
vn 0.849385 0.168953 -0.500000
vn 0.861855 0.084885 -0.500000
vn -0.322733 -0.866309 -0.381251
vn -0.322723 -0.866293 -0.381296
vn -0.382683 -0.923880 0.000000
vn -0.382683 -0.923880 0.000000
vn -0.384382 -0.840869 0.381038
vn -0.384379 -0.840850 0.381084
vn -0.327576 -0.629827 0.704281
vn -0.327537 -0.629704 0.704409
vn -0.220936 -0.323001 0.920249
vn -0.220875 -0.322837 0.920321
vn -0.080583 0.033204 0.996195
vn -0.080519 0.033359 0.996195
vn 0.072038 0.384333 0.920380
vn 0.072103 0.384474 0.920316
vn 0.213668 0.676879 0.704401
vn -0.213657 -0.676858 -0.704425
vn -0.213662 -0.676868 -0.704414
vn -0.072014 -0.384280 -0.920404
vn -0.072049 -0.384355 -0.920370
vn 0.080519 -0.033359 -0.996195
vn 0.080583 -0.033204 -0.996195
vn 0.220830 0.322715 -0.920375
vn 0.220916 0.322946 -0.920273
vn 0.327533 0.629691 -0.704422
vn 0.327602 0.629908 -0.704197
vn 0.384390 0.840912 -0.380935
vn 0.382657 0.923890 0.000322
vn 0.382684 0.923879 -0.000012
vn 0.384361 0.840756 -0.381308
vn 0.322776 0.866371 0.381072
vn 0.322709 0.866272 0.381354
vn 0.213618 0.676783 0.704509
vn -0.384379 0.840852 0.381078
vn -0.384380 0.840854 0.381072
vn -0.382683 0.923880 0.000000
vn -0.382682 0.923880 -0.000012
vn -0.322795 0.866398 -0.380997
vn -0.322720 0.866289 -0.381308
vn -0.213658 0.676860 -0.704422
vn -0.327559 0.629772 0.704338
vn -0.327540 0.629712 0.704401
vn -0.220894 0.322889 0.920298
vn -0.220879 0.322848 0.920316
vn -0.080521 -0.033353 0.996195
vn -0.080524 -0.033347 0.996195
vn 0.072098 -0.384463 0.920321
vn 0.072121 -0.384513 0.920298
vn 0.213664 -0.676872 0.704409
vn 0.213697 -0.676935 0.704338
vn 0.322774 -0.866367 0.381084
vn 0.322775 -0.866369 0.381078
vn 0.382683 -0.923880 0.000000
vn 0.382683 -0.923880 0.000000
vn 0.384362 -0.840761 -0.381296
vn 0.384371 -0.840810 -0.381178
vn 0.327587 -0.629862 -0.704245
vn 0.327536 -0.629699 -0.704414
vn 0.220979 -0.323115 -0.920198
vn 0.220834 -0.322726 -0.920370
vn 0.080706 0.032908 -0.996195
vn 0.080524 0.033347 -0.996195
vn -0.071969 0.384181 -0.920449
vn -0.072044 0.384344 -0.920375
vn -0.213730 0.677000 -0.704266
vn 0.866309 -0.322733 -0.381251
vn 0.866293 -0.322723 -0.381296
vn 0.923880 -0.382683 -0.000000
vn 0.923880 -0.382683 -0.000000
vn 0.840869 -0.384382 0.381038
vn 0.840850 -0.384379 0.381084
vn 0.629827 -0.327576 0.704281
vn 0.629704 -0.327537 0.704409
vn 0.323001 -0.220936 0.920249
vn 0.322837 -0.220875 0.920321
vn -0.033204 -0.080583 0.996195
vn -0.033359 -0.080519 0.996195
vn -0.384333 0.072038 0.920380
vn -0.384474 0.072103 0.920316
vn -0.676879 0.213668 0.704401
vn 0.676858 -0.213657 -0.704425
vn 0.676868 -0.213662 -0.704414
vn 0.384280 -0.072014 -0.920404
vn 0.384355 -0.072049 -0.920370
vn 0.033359 0.080519 -0.996195
vn 0.033204 0.080583 -0.996195
vn -0.322715 0.220830 -0.920375
vn -0.322946 0.220916 -0.920273
vn -0.629691 0.327533 -0.704422
vn -0.629908 0.327602 -0.704197
vn -0.840912 0.384390 -0.380935
vn -0.923890 0.382657 0.000322
vn -0.923879 0.382684 -0.000012
vn -0.840756 0.384361 -0.381308
vn -0.866371 0.322776 0.381072
vn -0.866272 0.322709 0.381354
vn -0.676783 0.213618 0.704509
vn 0.840780 0.384366 -0.381251
vn 0.840761 0.384362 -0.381296
vn 0.923880 0.382683 0.000000
vn 0.923880 0.382683 0.000000
vn 0.866383 0.322784 0.381038
vn 0.866367 0.322774 0.381084
vn 0.676986 0.213724 0.704281
vn 0.676872 0.213664 0.704409
vn 0.384621 0.072170 0.920249
vn 0.384463 0.072098 0.920321
vn 0.033502 -0.080460 0.996195
vn 0.033347 -0.080524 0.996195
vn -0.322703 -0.220825 0.920380
vn -0.322848 -0.220879 0.920316
vn -0.629712 -0.327540 0.704401
vn 0.629689 0.327533 -0.704425
vn 0.629699 0.327536 -0.704414
vn 0.322649 0.220805 -0.920404
vn 0.322726 0.220834 -0.920370
vn -0.033347 0.080524 -0.996195
vn -0.033502 0.080460 -0.996195
vn -0.384344 -0.072044 -0.920375
vn -0.384568 -0.072146 -0.920273
vn -0.676860 -0.213658 -0.704422
vn -0.677061 -0.213763 -0.704197
vn -0.866419 -0.322809 -0.380935
vn -0.923869 -0.382709 0.000322
vn -0.923880 -0.382682 -0.000012
vn -0.866289 -0.322720 -0.381308
vn -0.840854 -0.384380 0.381072
vn -0.840737 -0.384358 0.381354
vn -0.629608 -0.327507 0.704509
vn 0.322733 0.866309 -0.381251
vn 0.322723 0.866293 -0.381296
vn 0.382683 0.923880 -0.000000
vn 0.382683 0.923880 -0.000000
vn 0.384382 0.840869 0.381038
vn 0.384379 0.840850 0.381084
vn 0.327576 0.629827 0.704281
vn 0.327537 0.629704 0.704409
vn 0.220936 0.323001 0.920249
vn 0.220875 0.322837 0.920321
vn 0.080583 -0.033204 0.996195
vn 0.080519 -0.033359 0.996195
vn -0.072038 -0.384333 0.920380
vn -0.072103 -0.384474 0.920316
vn -0.213668 -0.676879 0.704401
vn 0.213657 0.676858 -0.704425
vn 0.213662 0.676868 -0.704414
vn 0.072014 0.384280 -0.920404
vn 0.072049 0.384355 -0.920370
vn -0.080519 0.033359 -0.996195
vn -0.080583 0.033204 -0.996195
vn -0.220830 -0.322715 -0.920375
vn -0.220916 -0.322946 -0.920273
vn -0.327533 -0.629691 -0.704422
vn -0.327602 -0.629908 -0.704197
vn -0.384390 -0.840912 -0.380935
vn -0.382657 -0.923890 0.000322
vn -0.382684 -0.923879 -0.000012
vn -0.384361 -0.840756 -0.381308
vn -0.322776 -0.866371 0.381072
vn -0.322709 -0.866272 0.381354
vn -0.213618 -0.676783 0.704509
vn -0.384366 0.840780 -0.381251
vn -0.384362 0.840761 -0.381296
vn -0.382683 0.923880 -0.000000
vn -0.382683 0.923880 -0.000000
vn -0.322784 0.866383 0.381038
vn -0.322774 0.866367 0.381084
vn -0.213724 0.676986 0.704281
vn -0.213664 0.676872 0.704409
vn -0.072170 0.384621 0.920249
vn -0.072098 0.384463 0.920321
vn 0.080460 0.033502 0.996195
vn 0.080524 0.033347 0.996195
vn 0.220825 -0.322703 0.920380
vn 0.220879 -0.322848 0.920316
vn 0.327540 -0.629712 0.704401
vn -0.327533 0.629689 -0.704425
vn -0.327536 0.629699 -0.704414
vn -0.220805 0.322649 -0.920404
vn -0.220834 0.322726 -0.920370
vn -0.080524 -0.033347 -0.996195
vn -0.080460 -0.033502 -0.996195
vn 0.072044 -0.384344 -0.920375
vn 0.072146 -0.384568 -0.920273
vn 0.213658 -0.676860 -0.704422
vn 0.213763 -0.677061 -0.704197
vn 0.322809 -0.866419 -0.380935
vn 0.382709 -0.923869 0.000322
vn 0.382682 -0.923880 -0.000012
vn 0.322720 -0.866289 -0.381308
vn 0.384380 -0.840854 0.381072
vn 0.384358 -0.840737 0.381354
vn 0.327507 -0.629608 0.704509
vn -0.866309 0.322733 -0.381251
vn -0.866293 0.322723 -0.381296
vn -0.923880 0.382683 -0.000000
vn -0.923880 0.382683 -0.000000
vn -0.840869 0.384382 0.381038
vn -0.840850 0.384379 0.381084
vn -0.629827 0.327576 0.704281
vn -0.629704 0.327537 0.704409
vn -0.323001 0.220936 0.920249
vn -0.322837 0.220875 0.920321
vn 0.033204 0.080583 0.996195
vn 0.033359 0.080519 0.996195
vn 0.384333 -0.072038 0.920380
vn 0.384474 -0.072103 0.920316
vn 0.676879 -0.213668 0.704401
vn -0.676858 0.213657 -0.704425
vn -0.676868 0.213662 -0.704414
vn -0.384280 0.072014 -0.920404
vn -0.384355 0.072049 -0.920370
vn -0.033359 -0.080519 -0.996195
vn -0.033204 -0.080583 -0.996195
vn 0.322715 -0.220830 -0.920375
vn 0.322946 -0.220916 -0.920273
vn 0.629691 -0.327533 -0.704422
vn 0.629908 -0.327602 -0.704197
vn 0.840912 -0.384390 -0.380935
vn 0.923890 -0.382657 0.000322
vn 0.923879 -0.382684 -0.000012
vn 0.840756 -0.384361 -0.381308
vn 0.866371 -0.322776 0.381072
vn 0.866272 -0.322709 0.381354
vn 0.676783 -0.213618 0.704509
vn -0.840780 -0.384366 -0.381251
vn -0.840761 -0.384362 -0.381296
vn -0.923880 -0.382683 -0.000000
vn -0.923880 -0.382683 -0.000000
vn -0.866383 -0.322784 0.381038
vn -0.866367 -0.322774 0.381084
vn -0.676986 -0.213724 0.704281
vn -0.676872 -0.213664 0.704409
vn -0.384621 -0.072170 0.920249
vn -0.384463 -0.072098 0.920321
vn -0.033502 0.080460 0.996195
vn -0.033347 0.080524 0.996195
vn 0.322703 0.220825 0.920380
vn 0.322848 0.220879 0.920316
vn 0.629712 0.327540 0.704401
vn -0.629689 -0.327533 -0.704425
vn -0.629699 -0.327536 -0.704414
vn -0.322649 -0.220805 -0.920404
vn -0.322726 -0.220834 -0.920370
vn 0.033347 -0.080524 -0.996195
vn 0.033502 -0.080460 -0.996195
vn 0.384344 0.072044 -0.920375
vn 0.384568 0.072146 -0.920273
vn 0.676860 0.213658 -0.704422
vn 0.677061 0.213763 -0.704197
vn 0.866419 0.322809 -0.380935
vn 0.923869 0.382709 0.000322
vn 0.923880 0.382682 -0.000012
vn 0.866289 0.322720 -0.381308
vn 0.840854 0.384380 0.381072
vn 0.840737 0.384358 0.381354
vn 0.629608 0.327507 0.704509
vn 0.000000 0.000000 1.000000
vn -0.482209 -0.023324 0.875746
vn 0.000000 -0.000000 1.000000
vn -0.482209 0.023324 0.875746
vn 0.000000 -0.000000 1.000000
vn -0.477707 0.069755 0.875746
vn 0.000000 -0.000000 1.000000
vn -0.468744 0.115535 0.875746
vn -0.000000 0.000000 1.000000
vn -0.455405 0.160236 0.875746
vn 0.000000 -0.000000 1.000000
vn -0.437814 0.203441 0.875746
vn 0.000000 -0.000000 1.000000
vn -0.416136 0.244747 0.875746
vn 0.000000 -0.000000 1.000000
vn -0.390572 0.283767 0.875746
vn -0.000000 0.000000 1.000000
vn -0.361361 0.320138 0.875746
vn 0.000000 -0.000000 1.000000
vn -0.328776 0.353520 0.875746
vn 0.000000 -0.000000 1.000000
vn -0.293122 0.383601 0.875746
vn 0.000000 -0.000000 1.000000
vn -0.254730 0.410100 0.875746
vn 0.000000 -0.000000 1.000000
vn -0.213961 0.432771 0.875746
vn 0.000000 -0.000000 1.000000
vn -0.171194 0.451401 0.875746
vn 0.000000 -0.000000 1.000000
vn -0.126828 0.465816 0.875746
vn 0.000000 -0.000000 1.000000
vn -0.081278 0.475882 0.875746
vn 0.000000 -0.000000 1.000000
vn -0.034970 0.481505 0.875746
vn 0.000000 -0.000000 1.000000
vn 0.011666 0.482632 0.875746
vn -0.000000 -0.000000 1.000000
vn 0.058192 0.479253 0.875746
vn -0.000000 -0.000000 1.000000
vn 0.104175 0.471399 0.875746
vn -0.000000 -0.000000 1.000000
vn 0.149185 0.459144 0.875746
vn -0.000000 -0.000000 1.000000
vn 0.192802 0.442602 0.875746
vn -0.000000 -0.000000 1.000000
vn 0.234620 0.421928 0.875746
vn -0.000000 -0.000000 1.000000
vn 0.274246 0.397314 0.875746
vn -0.000000 -0.000000 1.000000
vn 0.311312 0.368991 0.875746
vn -0.000000 -0.000000 1.000000
vn 0.345472 0.337222 0.875746
vn -0.000000 -0.000000 1.000000
vn 0.376406 0.302305 0.875746
vn -0.000000 -0.000000 1.000000
vn 0.403825 0.264566 0.875746
vn -0.000000 -0.000000 1.000000
vn 0.427474 0.224356 0.875746
vn -0.000000 -0.000000 1.000000
vn 0.447132 0.182051 0.875746
vn -0.000000 -0.000000 1.000000
vn 0.462615 0.138047 0.875746
vn -0.000000 -0.000000 1.000000
vn 0.473779 0.092754 0.875746
vn -0.000000 -0.000000 1.000000
vn 0.480519 0.046594 0.875746
vn -0.000000 -0.000000 1.000000
vn 0.482773 0.000000 0.875746
vn -0.000000 0.000000 1.000000
vn 0.480519 -0.046594 0.875746
vn -0.000000 0.000000 1.000000
vn 0.473779 -0.092754 0.875746
vn -0.000000 0.000000 1.000000
vn 0.462615 -0.138047 0.875746
vn -0.000000 0.000000 1.000000
vn 0.447132 -0.182051 0.875746
vn -0.000000 0.000000 1.000000
vn 0.427474 -0.224356 0.875746
vn 0.000000 -0.000000 1.000000
vn 0.403825 -0.264566 0.875746
vn -0.000000 0.000000 1.000000
vn 0.376406 -0.302305 0.875746
vn -0.000000 0.000000 1.000000
vn 0.345472 -0.337222 0.875746
vn -0.000000 0.000000 1.000000
vn 0.311312 -0.368991 0.875746
vn -0.000000 0.000000 1.000000
vn 0.274246 -0.397314 0.875746
vn -0.000000 0.000000 1.000000
vn 0.234620 -0.421928 0.875746
vn -0.000000 0.000000 1.000000
vn 0.192802 -0.442602 0.875746
vn 0.000000 -0.000000 1.000000
vn 0.149185 -0.459144 0.875746
vn -0.000000 0.000000 1.000000
vn 0.104175 -0.471399 0.875746
vn -0.000000 0.000000 1.000000
vn 0.058192 -0.479253 0.875746
vn -0.000000 0.000000 1.000000
vn 0.011666 -0.482632 0.875746
vn 0.000000 0.000000 1.000000
vn -0.034970 -0.481505 0.875746
vn 0.000000 0.000000 1.000000
vn -0.081278 -0.475882 0.875746
vn 0.000000 0.000000 1.000000
vn -0.126828 -0.465816 0.875746
vn 0.000000 0.000000 1.000000
vn -0.171194 -0.451401 0.875746
vn 0.000000 0.000000 1.000000
vn -0.213961 -0.432771 0.875746
vn 0.000000 0.000000 1.000000
vn -0.254730 -0.410100 0.875746
vn 0.000000 0.000000 1.000000
vn -0.293122 -0.383601 0.875746
vn 0.000000 0.000000 1.000000
vn -0.328776 -0.353520 0.875746
vn 0.000000 0.000000 1.000000
vn -0.361361 -0.320138 0.875746
vn 0.000000 0.000000 1.000000
vn -0.390572 -0.283767 0.875746
vn 0.000000 0.000000 1.000000
vn -0.416136 -0.244747 0.875746
vn 0.000000 0.000000 1.000000
vn -0.437814 -0.203441 0.875746
vn 0.000000 0.000000 1.000000
vn -0.455405 -0.160236 0.875746
vn 0.000000 0.000000 1.000000
vn -0.468744 -0.115535 0.875746
vn -0.000000 -0.000000 1.000000
vn -0.477707 -0.069755 0.875746
vn -0.993580 0.096344 0.059306
vn -0.844585 0.040852 0.533861
vn -0.998240 -0.000000 0.059306
vn -0.844585 -0.040852 0.533861
vn -0.993580 -0.096344 0.059306
vn -0.836699 -0.122176 0.533861
vn -0.979643 -0.191789 0.059306
vn -0.821002 -0.202359 0.533861
vn -0.956559 -0.285442 0.059306
vn -0.797639 -0.280652 0.533861
vn -0.924544 -0.376431 0.059306
vn -0.766828 -0.356325 0.533861
vn -0.883897 -0.463905 0.059306
vn -0.728858 -0.428671 0.533861
vn -0.834998 -0.547048 0.059306
vn -0.684083 -0.497015 0.533861
vn -0.778302 -0.625083 0.059306
vn -0.632920 -0.560718 0.533861
vn -0.714339 -0.697282 0.059306
vn -0.575848 -0.619186 0.533861
vn -0.643707 -0.762970 0.059306
vn -0.513400 -0.671873 0.533861
vn -0.567065 -0.821535 0.059306
vn -0.446158 -0.718287 0.533861
vn -0.485128 -0.872430 0.059306
vn -0.374751 -0.757994 0.533861
vn -0.398662 -0.915178 0.059306
vn -0.299844 -0.790624 0.533861
vn -0.308473 -0.949382 0.059306
vn -0.222138 -0.815872 0.533861
vn -0.215404 -0.974722 0.059306
vn -0.142358 -0.833503 0.533861
vn -0.120325 -0.990962 0.059306
vn -0.061249 -0.843351 0.533861
vn -0.024121 -0.997948 0.059306
vn 0.020432 -0.845326 0.533861
vn 0.072307 -0.995618 0.059306
vn 0.101923 -0.839407 0.533861
vn 0.168061 -0.983991 0.059306
vn 0.182461 -0.825652 0.533861
vn 0.262245 -0.963177 0.059306
vn 0.261296 -0.804187 0.533861
vn 0.353981 -0.933370 0.059306
vn 0.337692 -0.775214 0.533861
vn 0.442411 -0.894849 0.059306
vn 0.410934 -0.739003 0.533861
vn 0.526712 -0.847973 0.059306
vn 0.480340 -0.695893 0.533861
vn 0.606094 -0.793179 0.059306
vn 0.545261 -0.646284 0.533861
vn 0.679817 -0.730980 0.059306
vn 0.605091 -0.590642 0.533861
vn 0.747193 -0.661955 0.059306
vn 0.659271 -0.529485 0.533861
vn 0.807593 -0.586751 0.059306
vn 0.707296 -0.463384 0.533861
vn 0.860452 -0.506068 0.059306
vn 0.748717 -0.392957 0.533861
vn 0.905278 -0.420659 0.059306
vn 0.783148 -0.318861 0.533861
vn 0.941651 -0.331324 0.059306
vn 0.810266 -0.241788 0.533861
vn 0.969233 -0.238894 0.059306
vn 0.829820 -0.162457 0.533861
vn 0.987765 -0.144235 0.059306
vn 0.841625 -0.081610 0.533861
vn 0.997074 -0.048228 0.059306
vn 0.845573 -0.000000 0.533861
vn 0.997074 0.048228 0.059306
vn 0.841625 0.081610 0.533861
vn 0.987765 0.144235 0.059306
vn 0.829820 0.162457 0.533861
vn 0.969233 0.238894 0.059306
vn 0.810266 0.241788 0.533861
vn 0.941651 0.331324 0.059306
vn 0.783148 0.318861 0.533861
vn 0.905278 0.420659 0.059306
vn 0.748717 0.392957 0.533861
vn 0.860452 0.506068 0.059306
vn 0.707296 0.463384 0.533861
vn 0.807593 0.586751 0.059306
vn 0.659271 0.529485 0.533861
vn 0.747193 0.661955 0.059306
vn 0.605091 0.590642 0.533861
vn 0.679817 0.730980 0.059306
vn 0.545261 0.646284 0.533861
vn 0.606094 0.793179 0.059306
vn 0.480340 0.695893 0.533861
vn 0.526712 0.847973 0.059306
vn 0.410934 0.739003 0.533861
vn 0.442411 0.894849 0.059306
vn 0.337692 0.775214 0.533861
vn 0.353981 0.933370 0.059306
vn 0.261296 0.804187 0.533861
vn 0.262245 0.963177 0.059306
vn 0.182461 0.825652 0.533861
vn 0.168061 0.983991 0.059306
vn 0.101923 0.839407 0.533861
vn 0.072307 0.995618 0.059306
vn 0.020432 0.845326 0.533861
vn -0.024121 0.997948 0.059306
vn -0.061249 0.843351 0.533861
vn -0.120325 0.990962 0.059306
vn -0.142358 0.833503 0.533861
vn -0.215404 0.974722 0.059306
vn -0.222138 0.815872 0.533861
vn -0.308473 0.949382 0.059306
vn -0.299844 0.790624 0.533861
vn -0.398662 0.915178 0.059306
vn -0.374751 0.757994 0.533861
vn -0.485128 0.872430 0.059306
vn -0.446158 0.718287 0.533861
vn -0.567065 0.821535 0.059306
vn -0.513400 0.671873 0.533861
vn -0.643707 0.762970 0.059306
vn -0.575848 0.619186 0.533861
vn -0.714339 0.697282 0.059306
vn -0.632920 0.560718 0.533861
vn -0.778302 0.625083 0.059306
vn -0.684083 0.497015 0.533861
vn -0.834998 0.547048 0.059306
vn -0.728858 0.428671 0.533861
vn -0.883897 0.463905 0.059306
vn -0.766828 0.356325 0.533861
vn -0.924544 0.376431 0.059306
vn -0.797639 0.280652 0.533861
vn -0.956559 0.285442 0.059306
vn -0.821002 0.202359 0.533861
vn -0.979643 0.191789 0.059306
vn -0.836699 0.122176 0.533861
vn -0.929168 0.364871 0.059306
vn -0.928655 0.366174 0.059306
vn -0.927178 0.369896 0.059306
vn -0.924939 0.375460 0.059306
vn -0.922252 0.382013 0.059306
vn -0.919519 0.388546 0.059306
vn -0.917169 0.394062 0.059306
vn -0.915581 0.397736 0.059306
vn -0.915023 0.399018 0.059306
vn -0.399018 0.915023 0.059306
vn -0.397734 0.915582 0.059306
vn -0.394058 0.917170 0.059306
vn -0.388540 0.919521 0.059306
vn -0.382007 0.922254 0.059306
vn -0.375455 0.924941 0.059306
vn -0.369892 0.927180 0.059306
vn -0.366172 0.928655 0.059306
vn -0.364871 0.929168 0.059306
vn 0.364871 0.929168 0.059306
vn 0.366184 0.928651 0.059306
vn 0.366174 0.928655 0.059306
vn 0.369896 0.927178 0.059306
vn 0.375460 0.924939 0.059306
vn 0.382013 0.922252 0.059306
vn 0.388546 0.919519 0.059306
vn 0.394062 0.917169 0.059306
vn 0.397736 0.915581 0.059306
vn 0.399018 0.915023 0.059306
vn 0.915023 0.399018 0.059306
vn 0.915587 0.397723 0.059306
vn 0.915581 0.397736 0.059306
vn 0.917169 0.394061 0.059306
vn 0.919520 0.388543 0.059306
vn 0.922253 0.382010 0.059306
vn 0.924940 0.375457 0.059306
vn 0.927179 0.369893 0.059306
vn 0.928655 0.366172 0.059306
vn 0.929168 0.364871 0.059306
vn 0.928650 0.366186 0.059306
vn 0.927173 0.369911 0.059306
vn 0.924937 0.375466 0.059306
vn 0.922257 0.382002 0.059306
vn 0.919528 0.388524 0.059306
vn 0.917176 0.394043 0.059306
vn 0.929168 -0.364871 0.059306
vn 0.928651 -0.366184 0.059306
vn 0.928655 -0.366174 0.059306
vn 0.927178 -0.369896 0.059306
vn 0.924939 -0.375460 0.059306
vn 0.922252 -0.382013 0.059306
vn 0.919519 -0.388546 0.059306
vn 0.917169 -0.394062 0.059306
vn 0.915581 -0.397736 0.059306
vn 0.915023 -0.399018 0.059306
vn 0.915587 -0.397721 0.059306
vn 0.917178 -0.394041 0.059306
vn 0.919527 -0.388526 0.059306
vn 0.922254 -0.382007 0.059306
vn 0.924935 -0.375469 0.059306
vn 0.927173 -0.369910 0.059306
vn 0.399018 -0.915023 0.059306
vn 0.397724 -0.915587 0.059306
vn 0.397734 -0.915582 0.059306
vn 0.394058 -0.917170 0.059306
vn 0.388540 -0.919521 0.059306
vn 0.382007 -0.922254 0.059306
vn 0.375455 -0.924941 0.059306
vn 0.369892 -0.927180 0.059306
vn 0.366172 -0.928655 0.059306
vn 0.364871 -0.929168 0.059306
vn 0.366187 -0.928650 0.059306
vn 0.369914 -0.927171 0.059306
vn 0.375475 -0.924933 0.059306
vn 0.382013 -0.922252 0.059306
vn 0.388531 -0.919525 0.059306
vn 0.394045 -0.917176 0.059306
vn -0.364871 -0.929168 0.059306
vn -0.366184 -0.928651 0.059306
vn -0.369910 -0.927173 0.059306
vn -0.366174 -0.928655 0.059306
vn -0.369896 -0.927178 0.059306
vn -0.375460 -0.924939 0.059306
vn -0.382013 -0.922252 0.059306
vn -0.388546 -0.919519 0.059306
vn -0.394062 -0.917169 0.059306
vn -0.397736 -0.915581 0.059306
vn -0.399018 -0.915023 0.059306
vn -0.397721 -0.915587 0.059306
vn -0.394041 -0.917178 0.059306
vn -0.388526 -0.919527 0.059306
vn -0.382007 -0.922254 0.059306
vn -0.375469 -0.924935 0.059306
vn -0.915023 -0.399018 0.059306
vn -0.915587 -0.397724 0.059306
vn -0.917176 -0.394045 0.059306
vn -0.915582 -0.397734 0.059306
vn -0.917170 -0.394058 0.059306
vn -0.919521 -0.388540 0.059306
vn -0.922254 -0.382007 0.059306
vn -0.924941 -0.375455 0.059306
vn -0.927180 -0.369892 0.059306
vn -0.928655 -0.366172 0.059306
vn -0.929168 -0.364871 0.059306
vn -0.919525 -0.388531 0.059306
vn -0.922252 -0.382013 0.059306
vn -0.924933 -0.375475 0.059306
vn -0.927171 -0.369914 0.059306
vn -0.928650 -0.366187 0.059306
vn -0.397724 0.915587 0.059306
vn -0.394045 0.917176 0.059306
vn -0.928651 0.366184 0.059306
vn -0.927173 0.369910 0.059306
vn -0.924935 0.375469 0.059306
vn -0.922254 0.382007 0.059306
vn -0.919527 0.388526 0.059306
vn -0.917178 0.394041 0.059306
vn -0.915587 0.397721 0.059306
vn -0.388531 0.919525 0.059306
vn -0.382013 0.922252 0.059306
vn -0.375475 0.924933 0.059306
vn -0.369914 0.927171 0.059306
vn -0.366187 0.928650 0.059306
vn 0.369910 0.927173 0.059306
vn 0.375469 0.924935 0.059306
vn 0.382007 0.922254 0.059306
vn 0.388526 0.919527 0.059306
vn 0.394041 0.917178 0.059306
vn 0.397721 0.915587 0.059306
vn 0.991544 0.096147 -0.087156
vn 0.996195 -0.000000 -0.087156
vn 0.996195 -0.000000 -0.087156
vn 0.991544 -0.096147 -0.087156
vn 0.991544 -0.096147 -0.087156
vn 0.977636 -0.191396 -0.087156
vn 0.977636 -0.191396 -0.087156
vn 0.954599 -0.284858 -0.087156
vn 0.954599 -0.284858 -0.087156
vn 0.927073 -0.364608 -0.087156
vn 0.922650 -0.375660 -0.087156
vn 0.926577 -0.365867 -0.087156
vn 0.925144 -0.369475 -0.087156
vn 0.991544 0.096147 -0.087156
vn 0.977636 0.191396 -0.087156
vn 0.977636 0.191396 -0.087156
vn 0.954599 0.284858 -0.087156
vn 0.954599 0.284858 -0.087156
vn 0.927073 0.364608 -0.087156
vn 0.926569 0.365887 -0.087156
vn 0.922650 0.375660 -0.087156
vn 0.926577 0.365867 -0.087156
vn 0.925144 0.369475 -0.087156
vn 0.922971 0.374871 -0.087156
vn 0.920364 0.381227 -0.087156
vn 0.917713 0.387566 -0.087156
vn 0.915434 0.392918 -0.087156
vn 0.913896 0.396482 -0.087156
vn 0.882087 0.462955 -0.087156
vn 0.913356 0.397723 -0.087156
vn 0.882087 0.462955 -0.087156
vn 0.913905 0.396462 -0.087156
vn 0.922650 0.375660 -0.087156
vn 0.915445 0.392892 -0.087156
vn 0.917721 0.387545 -0.087156
vn 0.920364 0.381227 -0.087156
vn 0.922963 0.374891 -0.087156
vn 0.925134 0.369501 -0.087156
vn 0.833287 0.545927 -0.087156
vn 0.833287 0.545927 -0.087156
vn 0.776707 0.623802 -0.087156
vn 0.776707 0.623802 -0.087156
vn 0.712876 0.695853 -0.087156
vn 0.712876 0.695853 -0.087156
vn 0.642388 0.761407 -0.087156
vn 0.642388 0.761407 -0.087156
vn 0.565903 0.819852 -0.087156
vn 0.565903 0.819852 -0.087156
vn 0.484134 0.870642 -0.087156
vn 0.484134 0.870642 -0.087156
vn 0.397845 0.913304 -0.087156
vn 0.397845 0.913304 -0.087156
vn 0.397723 0.913356 -0.087156
vn 0.396462 0.913904 -0.087156
vn 0.307841 0.947437 -0.087156
vn 0.365867 0.926577 -0.087156
vn 0.369475 0.925144 -0.087156
vn 0.374871 0.922971 -0.087156
vn 0.214963 0.972725 -0.087156
vn 0.307841 0.947437 -0.087156
vn 0.364608 0.927073 -0.087156
vn 0.214963 0.972725 -0.087156
vn 0.120078 0.988931 -0.087156
vn 0.120078 0.988931 -0.087156
vn 0.024072 0.995904 -0.087156
vn 0.024072 0.995904 -0.087156
vn -0.072159 0.993578 -0.087156
vn -0.072159 0.993578 -0.087156
vn -0.167716 0.981975 -0.087156
vn -0.167716 0.981975 -0.087156
vn -0.261708 0.961204 -0.087156
vn -0.261708 0.961204 -0.087156
vn -0.353256 0.931458 -0.087156
vn -0.353256 0.931458 -0.087156
vn -0.364608 0.927073 -0.087156
vn -0.365887 0.926569 -0.087156
vn -0.441505 0.893016 -0.087156
vn -0.392918 0.915434 -0.087156
vn -0.387566 0.917713 -0.087156
vn -0.381227 0.920364 -0.087156
vn -0.525632 0.846235 -0.087156
vn -0.441505 0.893016 -0.087156
vn -0.397723 0.913356 -0.087156
vn -0.396482 0.913896 -0.087156
vn -0.525632 0.846235 -0.087156
vn -0.604852 0.791554 -0.087156
vn -0.604852 0.791554 -0.087156
vn -0.678424 0.729482 -0.087156
vn -0.678424 0.729482 -0.087156
vn -0.745662 0.660599 -0.087156
vn -0.745662 0.660599 -0.087156
vn -0.805938 0.585549 -0.087156
vn -0.805938 0.585549 -0.087156
vn -0.858690 0.505031 -0.087156
vn -0.858690 0.505031 -0.087156
vn -0.903423 0.419798 -0.087156
vn -0.903423 0.419798 -0.087156
vn -0.913356 0.397723 -0.087156
vn -0.913904 0.396462 -0.087156
vn -0.939722 0.330645 -0.087156
vn -0.920364 0.381227 -0.087156
vn -0.917713 0.387565 -0.087156
vn -0.915434 0.392918 -0.087156
vn -0.967247 0.238405 -0.087156
vn -0.939722 0.330645 -0.087156
vn -0.927073 0.364608 -0.087156
vn -0.926577 0.365867 -0.087156
vn -0.967247 0.238405 -0.087156
vn -0.985741 0.143939 -0.087156
vn -0.985741 0.143939 -0.087156
vn -0.995031 0.048130 -0.087156
vn -0.995031 0.048130 -0.087156
vn -0.995031 -0.048130 -0.087156
vn -0.995031 -0.048130 -0.087156
vn -0.985741 -0.143939 -0.087156
vn -0.985741 -0.143939 -0.087156
vn -0.967247 -0.238405 -0.087156
vn -0.967247 -0.238405 -0.087156
vn -0.939722 -0.330645 -0.087156
vn -0.939722 -0.330645 -0.087156
vn -0.927073 -0.364608 -0.087156
vn -0.926569 -0.365887 -0.087156
vn -0.903423 -0.419798 -0.087156
vn -0.922971 -0.374871 -0.087156
vn -0.925144 -0.369475 -0.087156
vn -0.926577 -0.365867 -0.087156
vn -0.858690 -0.505031 -0.087156
vn -0.903423 -0.419798 -0.087156
vn -0.913356 -0.397723 -0.087156
vn -0.913896 -0.396482 -0.087156
vn -0.858690 -0.505031 -0.087156
vn -0.805938 -0.585549 -0.087156
vn -0.805938 -0.585549 -0.087156
vn -0.745662 -0.660599 -0.087156
vn -0.745662 -0.660599 -0.087156
vn -0.678424 -0.729482 -0.087156
vn -0.678424 -0.729482 -0.087156
vn -0.604852 -0.791554 -0.087156
vn -0.604852 -0.791554 -0.087156
vn -0.525632 -0.846235 -0.087156
vn -0.525632 -0.846235 -0.087156
vn -0.441505 -0.893016 -0.087156
vn -0.441505 -0.893016 -0.087156
vn -0.397723 -0.913356 -0.087156
vn -0.396462 -0.913904 -0.087156
vn -0.353256 -0.931458 -0.087156
vn -0.392918 -0.915434 -0.087156
vn -0.396482 -0.913896 -0.087156
vn -0.261708 -0.961204 -0.087156
vn -0.353256 -0.931458 -0.087156
vn -0.364608 -0.927073 -0.087156
vn -0.365867 -0.926577 -0.087156
vn -0.261708 -0.961204 -0.087156
vn -0.167716 -0.981975 -0.087156
vn -0.167716 -0.981975 -0.087156
vn -0.072159 -0.993578 -0.087156
vn -0.072159 -0.993578 -0.087156
vn 0.024072 -0.995904 -0.087156
vn 0.024072 -0.995904 -0.087156
vn 0.120078 -0.988931 -0.087156
vn 0.120078 -0.988931 -0.087156
vn 0.214963 -0.972725 -0.087156
vn 0.214963 -0.972725 -0.087156
vn 0.307841 -0.947437 -0.087156
vn 0.307841 -0.947437 -0.087156
vn 0.364608 -0.927073 -0.087156
vn 0.365887 -0.926569 -0.087156
vn 0.365867 -0.926577 -0.087156
vn 0.397845 -0.913304 -0.087156
vn 0.369475 -0.925144 -0.087156
vn 0.374871 -0.922971 -0.087156
vn 0.381227 -0.920364 -0.087156
vn 0.387566 -0.917713 -0.087156
vn 0.392918 -0.915434 -0.087156
vn 0.396482 -0.913896 -0.087156
vn 0.397723 -0.913356 -0.087156
vn 0.397845 -0.913304 -0.087156
vn 0.396462 -0.913905 -0.087156
vn 0.392892 -0.915445 -0.087156
vn 0.387545 -0.917721 -0.087156
vn 0.381227 -0.920364 -0.087156
vn 0.374891 -0.922963 -0.087156
vn 0.369501 -0.925134 -0.087156
vn 0.484134 -0.870642 -0.087156
vn 0.484134 -0.870642 -0.087156
vn 0.565903 -0.819852 -0.087156
vn 0.565903 -0.819852 -0.087156
vn 0.642388 -0.761407 -0.087156
vn 0.642388 -0.761407 -0.087156
vn 0.712876 -0.695853 -0.087156
vn 0.712876 -0.695853 -0.087156
vn 0.776707 -0.623802 -0.087156
vn 0.776707 -0.623802 -0.087156
vn 0.833287 -0.545927 -0.087156
vn 0.833287 -0.545927 -0.087156
vn 0.882087 -0.462955 -0.087156
vn 0.882087 -0.462955 -0.087156
vn 0.913356 -0.397723 -0.087156
vn 0.913904 -0.396462 -0.087156
vn 0.913896 -0.396482 -0.087156
vn 0.915434 -0.392918 -0.087156
vn 0.917713 -0.387565 -0.087156
vn 0.920364 -0.381227 -0.087156
vn 0.922971 -0.374871 -0.087156
vn 0.915445 -0.392892 -0.087156
vn 0.922650 -0.375660 -0.087156
vn 0.917721 -0.387545 -0.087156
vn 0.920364 -0.381227 -0.087156
vn 0.922963 -0.374891 -0.087156
vn 0.925134 -0.369501 -0.087156
vn 0.926569 -0.365887 -0.087156
vn -0.392892 -0.915445 -0.087156
vn -0.387545 -0.917721 -0.087156
vn -0.381227 -0.920364 -0.087156
vn -0.374891 -0.922963 -0.087156
vn -0.369501 -0.925134 -0.087156
vn -0.365887 -0.926569 -0.087156
vn -0.369475 -0.925144 -0.087156
vn -0.374871 -0.922971 -0.087156
vn -0.381227 -0.920364 -0.087156
vn -0.387565 -0.917713 -0.087156
vn -0.925134 -0.369501 -0.087156
vn -0.922963 -0.374891 -0.087156
vn -0.920364 -0.381227 -0.087156
vn -0.917721 -0.387545 -0.087156
vn -0.915445 -0.392892 -0.087156
vn -0.913905 -0.396462 -0.087156
vn -0.915434 -0.392918 -0.087156
vn -0.917713 -0.387566 -0.087156
vn -0.920364 -0.381227 -0.087156
vn -0.922963 0.374891 -0.087156
vn -0.925134 0.369501 -0.087156
vn -0.926569 0.365887 -0.087156
vn -0.396462 0.913905 -0.087156
vn -0.392892 0.915445 -0.087156
vn -0.387545 0.917721 -0.087156
vn -0.381227 0.920364 -0.087156
vn -0.374891 0.922963 -0.087156
vn -0.369501 0.925134 -0.087156
vn 0.365887 0.926569 -0.087156
vn 0.369501 0.925134 -0.087156
vn 0.374891 0.922963 -0.087156
vn 0.381227 0.920364 -0.087156
vn 0.387545 0.917721 -0.087156
vn 0.392892 0.915445 -0.087156
vn -0.374871 0.922971 -0.087156
vn -0.369475 0.925144 -0.087156
vn -0.365867 0.926577 -0.087156
vn 0.381227 0.920364 -0.087156
vn 0.387565 0.917713 -0.087156
vn 0.392918 0.915434 -0.087156
vn 0.396482 0.913896 -0.087156
vn -0.915445 0.392892 -0.087156
vn -0.917721 0.387545 -0.087156
vn -0.920364 0.381227 -0.087156
vn -0.925144 0.369475 -0.087156
vn -0.922971 0.374871 -0.087156
vn -0.913896 0.396482 -0.087156
vn 0.993047 0.094824 -0.069756
vn 0.993047 0.094824 -0.069756
vn 0.997564 -0.000000 -0.069756
vn 0.997564 -0.000000 -0.069756
vn 0.993047 -0.094824 -0.069756
vn 0.993047 -0.094824 -0.069756
vn 0.979537 -0.188790 -0.069756
vn 0.979537 -0.188790 -0.069756
vn 0.957156 -0.281046 -0.069756
vn 0.957156 -0.281046 -0.069756
vn 0.926106 -0.370757 -0.069756
vn 0.926106 -0.370757 -0.069756
vn 0.886670 -0.457110 -0.069756
vn 0.886670 -0.457110 -0.069756
vn 0.839204 -0.539324 -0.069756
vn 0.839204 -0.539324 -0.069756
vn 0.784138 -0.616653 -0.069756
vn 0.784138 -0.616653 -0.069756
vn 0.721971 -0.688398 -0.069756
vn 0.721971 -0.688398 -0.069756
vn 0.653266 -0.753909 -0.069756
vn 0.653266 -0.753909 -0.069756
vn 0.578644 -0.812592 -0.069756
vn 0.578644 -0.812592 -0.069756
vn 0.498782 -0.863916 -0.069756
vn 0.498782 -0.863916 -0.069756
vn 0.414403 -0.907416 -0.069756
vn 0.414403 -0.907416 -0.069756
vn 0.326271 -0.942699 -0.069756
vn 0.326271 -0.942699 -0.069756
vn 0.235185 -0.969444 -0.069756
vn 0.235185 -0.969444 -0.069756
vn 0.141968 -0.987410 -0.069756
vn 0.141968 -0.987410 -0.069756
vn 0.047466 -0.996434 -0.069756
vn 0.047466 -0.996434 -0.069756
vn -0.047466 -0.996434 -0.069756
vn -0.047466 -0.996434 -0.069756
vn -0.141968 -0.987410 -0.069756
vn -0.141968 -0.987410 -0.069756
vn -0.235185 -0.969444 -0.069756
vn -0.235185 -0.969444 -0.069756
vn -0.326271 -0.942699 -0.069756
vn -0.326271 -0.942699 -0.069756
vn -0.414403 -0.907416 -0.069756
vn -0.414403 -0.907416 -0.069756
vn -0.498782 -0.863916 -0.069756
vn -0.498782 -0.863916 -0.069756
vn -0.578644 -0.812592 -0.069756
vn -0.578644 -0.812592 -0.069756
vn -0.653266 -0.753909 -0.069756
vn -0.653266 -0.753909 -0.069756
vn -0.721971 -0.688398 -0.069756
vn -0.721971 -0.688398 -0.069756
vn -0.784138 -0.616653 -0.069756
vn -0.784138 -0.616653 -0.069756
vn -0.839204 -0.539324 -0.069756
vn -0.839204 -0.539324 -0.069756
vn -0.886670 -0.457110 -0.069756
vn -0.886670 -0.457110 -0.069756
vn -0.926106 -0.370757 -0.069756
vn -0.926106 -0.370757 -0.069756
vn -0.957156 -0.281046 -0.069756
vn -0.957156 -0.281046 -0.069756
vn -0.979537 -0.188790 -0.069756
vn -0.979537 -0.188790 -0.069756
vn -0.993047 -0.094824 -0.069756
vn -0.993047 -0.094824 -0.069756
vn -0.997564 -0.000000 -0.069756
vn -0.997564 -0.000000 -0.069756
vn -0.993047 0.094824 -0.069756
vn -0.993047 0.094824 -0.069756
vn -0.979537 0.188790 -0.069756
vn -0.979537 0.188790 -0.069756
vn -0.957156 0.281046 -0.069756
vn -0.957156 0.281046 -0.069756
vn -0.926106 0.370757 -0.069756
vn -0.926106 0.370757 -0.069756
vn -0.886670 0.457110 -0.069756
vn -0.886670 0.457110 -0.069756
vn -0.839204 0.539324 -0.069756
vn -0.839204 0.539324 -0.069756
vn -0.784138 0.616653 -0.069756
vn -0.784138 0.616653 -0.069756
vn -0.721971 0.688398 -0.069756
vn -0.721971 0.688398 -0.069756
vn -0.653266 0.753909 -0.069756
vn -0.653266 0.753909 -0.069756
vn -0.578644 0.812592 -0.069756
vn -0.578644 0.812592 -0.069756
vn -0.498782 0.863916 -0.069756
vn -0.498782 0.863916 -0.069756
vn -0.414403 0.907416 -0.069756
vn -0.414403 0.907416 -0.069756
vn -0.326271 0.942699 -0.069756
vn -0.326271 0.942699 -0.069756
vn -0.235185 0.969444 -0.069756
vn -0.235185 0.969444 -0.069756
vn -0.141968 0.987410 -0.069756
vn -0.141968 0.987410 -0.069756
vn -0.047466 0.996434 -0.069756
vn -0.047466 0.996434 -0.069756
vn 0.047466 0.996434 -0.069756
vn 0.047466 0.996434 -0.069756
vn 0.141968 0.987410 -0.069756
vn 0.141968 0.987410 -0.069756
vn 0.235185 0.969444 -0.069756
vn 0.235185 0.969444 -0.069756
vn 0.326271 0.942699 -0.069756
vn 0.326271 0.942699 -0.069756
vn 0.414403 0.907416 -0.069756
vn 0.414403 0.907416 -0.069756
vn 0.498782 0.863916 -0.069756
vn 0.498782 0.863916 -0.069756
vn 0.578644 0.812592 -0.069756
vn 0.578644 0.812592 -0.069756
vn 0.653266 0.753909 -0.069756
vn 0.653266 0.753909 -0.069756
vn 0.721971 0.688398 -0.069756
vn 0.721971 0.688398 -0.069756
vn 0.784138 0.616653 -0.069756
vn 0.784138 0.616653 -0.069756
vn 0.839204 0.539324 -0.069756
vn 0.839204 0.539324 -0.069756
vn 0.886670 0.457110 -0.069756
vn 0.886670 0.457110 -0.069756
vn 0.926106 0.370757 -0.069756
vn 0.926106 0.370757 -0.069756
vn 0.957156 0.281046 -0.069756
vn 0.957156 0.281046 -0.069756
vn 0.979537 0.188790 -0.069756
vn 0.979537 0.188790 -0.069756
vn -0.995294 0.096510 0.008727
vn -0.999962 -0.000000 0.008727
vn -0.999962 -0.000000 0.008727
vn -0.995294 -0.096510 0.008727
vn -0.995294 -0.096510 0.008727
vn -0.981333 -0.192119 0.008727
vn -0.981333 -0.192119 0.008727
vn -0.958209 -0.285935 0.008727
vn -0.958209 -0.285935 0.008727
vn -0.926139 -0.377080 0.008727
vn -0.926139 -0.377080 0.008727
vn -0.885422 -0.464705 0.008727
vn -0.885422 -0.464705 0.008727
vn -0.836438 -0.547992 0.008727
vn -0.836438 -0.547992 0.008727
vn -0.779645 -0.626161 0.008727
vn -0.779645 -0.626161 0.008727
vn -0.715572 -0.698485 0.008727
vn -0.715572 -0.698485 0.008727
vn -0.644818 -0.764287 0.008727
vn -0.644818 -0.764287 0.008727
vn -0.568043 -0.822953 0.008727
vn -0.568043 -0.822953 0.008727
vn -0.485965 -0.873935 0.008727
vn -0.485965 -0.873935 0.008727
vn -0.399349 -0.916757 0.008727
vn -0.399349 -0.916757 0.008727
vn -0.309005 -0.951020 0.008727
vn -0.309005 -0.951020 0.008727
vn -0.215776 -0.976404 0.008727
vn -0.215776 -0.976404 0.008727
vn -0.120532 -0.992671 0.008727
vn -0.120532 -0.992671 0.008727
vn -0.024163 -0.999670 0.008727
vn -0.024163 -0.999670 0.008727
vn 0.072432 -0.997335 0.008727
vn 0.072432 -0.997335 0.008727
vn 0.168351 -0.985689 0.008727
vn 0.168351 -0.985689 0.008727
vn 0.262697 -0.964839 0.008727
vn 0.262697 -0.964839 0.008727
vn 0.354591 -0.934981 0.008727
vn 0.354591 -0.934981 0.008727
vn 0.443175 -0.896393 0.008727
vn 0.443175 -0.896393 0.008727
vn 0.527620 -0.849436 0.008727
vn 0.527620 -0.849436 0.008727
vn 0.607139 -0.794547 0.008727
vn 0.607139 -0.794547 0.008727
vn 0.680990 -0.732241 0.008727
vn 0.680990 -0.732241 0.008727
vn 0.748482 -0.663097 0.008727
vn 0.748482 -0.663097 0.008727
vn 0.808986 -0.587763 0.008727
vn 0.808986 -0.587763 0.008727
vn 0.861937 -0.506941 0.008727
vn 0.861937 -0.506941 0.008727
vn 0.906840 -0.421385 0.008727
vn 0.906840 -0.421385 0.008727
vn 0.943276 -0.331895 0.008727
vn 0.943276 -0.331895 0.008727
vn 0.970905 -0.239307 0.008727
vn 0.970905 -0.239307 0.008727
vn 0.989469 -0.144484 0.008727
vn 0.989469 -0.144484 0.008727
vn 0.998794 -0.048312 0.008727
vn 0.998794 -0.048312 0.008727
vn 0.998794 0.048312 0.008727
vn 0.998794 0.048312 0.008727
vn 0.989469 0.144484 0.008727
vn 0.989469 0.144484 0.008727
vn 0.970905 0.239307 0.008727
vn 0.970905 0.239307 0.008727
vn 0.943276 0.331895 0.008727
vn 0.943276 0.331895 0.008727
vn 0.906840 0.421385 0.008727
vn 0.906840 0.421385 0.008727
vn 0.861937 0.506941 0.008727
vn 0.861937 0.506941 0.008727
vn 0.808986 0.587763 0.008727
vn 0.808986 0.587763 0.008727
vn 0.748482 0.663097 0.008727
vn 0.748482 0.663097 0.008727
vn 0.680990 0.732241 0.008727
vn 0.680990 0.732241 0.008727
vn 0.607139 0.794547 0.008727
vn 0.607139 0.794547 0.008727
vn 0.527620 0.849436 0.008727
vn 0.527620 0.849436 0.008727
vn 0.443175 0.896393 0.008727
vn 0.443175 0.896393 0.008727
vn 0.354591 0.934981 0.008727
vn 0.354591 0.934981 0.008727
vn 0.262697 0.964839 0.008727
vn 0.262697 0.964839 0.008727
vn 0.168351 0.985689 0.008727
vn 0.168351 0.985689 0.008727
vn 0.072432 0.997335 0.008727
vn 0.072432 0.997335 0.008727
vn -0.024163 0.999670 0.008727
vn -0.024163 0.999670 0.008727
vn -0.120532 0.992671 0.008727
vn -0.120532 0.992671 0.008727
vn -0.215776 0.976404 0.008727
vn -0.215776 0.976404 0.008727
vn -0.309005 0.951020 0.008727
vn -0.309005 0.951020 0.008727
vn -0.399349 0.916757 0.008727
vn -0.399349 0.916757 0.008727
vn -0.485965 0.873935 0.008727
vn -0.485965 0.873935 0.008727
vn -0.568043 0.822953 0.008727
vn -0.568043 0.822953 0.008727
vn -0.644818 0.764287 0.008727
vn -0.644818 0.764287 0.008727
vn -0.715572 0.698485 0.008727
vn -0.715572 0.698485 0.008727
vn -0.779645 0.626161 0.008727
vn -0.779645 0.626161 0.008727
vn -0.836438 0.547992 0.008727
vn -0.836438 0.547992 0.008727
vn -0.885422 0.464705 0.008727
vn -0.885422 0.464705 0.008727
vn -0.926139 0.377080 0.008727
vn -0.926139 0.377080 0.008727
vn -0.958209 0.285935 0.008727
vn -0.958209 0.285935 0.008727
vn -0.981333 0.192119 0.008727
vn -0.981333 0.192119 0.008727
vn -0.995294 0.096510 0.008727
vn -0.000000 -0.000000 1.000000
vn -0.000000 -0.000000 1.000000
vn -0.000000 -0.000000 1.000000
vn -0.000000 -0.000000 1.000000
vn -0.000000 -0.000000 1.000000
vn -0.000000 -0.000000 1.000000
vn -0.000000 -0.000000 1.000000
vn -0.000000 -0.000000 1.000000
vn -0.000000 -0.000000 1.000000
vn -0.000000 -0.000000 1.000000
vn -0.000000 -0.000000 1.000000
vn -0.000000 -0.000000 1.000000
vn -0.000000 -0.000000 1.000000
vn -0.000000 -0.000000 1.000000
vn -0.000000 -0.000000 1.000000
vn -0.000000 -0.000000 1.000000
vn -0.000000 -0.000000 1.000000
vn -0.000000 -0.000000 1.000000
vn -0.000000 -0.000000 1.000000
vn -0.000000 -0.000000 1.000000
vn -0.000000 -0.000000 1.000000
vn -0.000000 -0.000000 1.000000
vn -0.000000 -0.000000 1.000000
vn -0.000000 -0.000000 1.000000
vn -0.000000 -0.000000 1.000000
vn -0.000000 -0.000000 1.000000
vn -0.000000 -0.000000 1.000000
vn -0.000000 -0.000000 1.000000
vn -0.000000 -0.000000 1.000000
vn -0.000000 -0.000000 1.000000
vn -0.000000 -0.000000 1.000000
vn -0.000000 -0.000000 1.000000
vn -0.000000 -0.000000 1.000000
vn -0.000000 -0.000000 1.000000
vn -0.000000 -0.000000 1.000000
vn -0.000000 -0.000000 1.000000
vn -0.000000 -0.000000 1.000000
vn -0.000000 -0.000000 1.000000
vn -0.000000 -0.000000 1.000000
vn -0.000000 -0.000000 1.000000
vn -0.000000 -0.000000 1.000000
vn -0.000000 -0.000000 1.000000
vn -0.000000 -0.000000 1.000000
vn -0.000000 -0.000000 1.000000
vn -0.000000 -0.000000 1.000000
vn -0.000000 -0.000000 1.000000
vn -0.000000 -0.000000 1.000000
vn -0.000000 -0.000000 1.000000
vn -0.000000 -0.000000 1.000000
vn -0.000000 -0.000000 1.000000
vn -0.000000 -0.000000 1.000000
vn -0.000000 -0.000000 1.000000
vn -0.000000 -0.000000 1.000000
vn -0.000000 -0.000000 1.000000
vn -0.000000 -0.000000 1.000000
vn -0.000000 -0.000000 1.000000
vn -0.000000 -0.000000 1.000000
vn -0.000000 -0.000000 1.000000
vn -0.000000 -0.000000 1.000000
vn -0.000000 -0.000000 1.000000
vn -0.000000 -0.000000 1.000000
vn -0.000000 -0.000000 1.000000
vn -0.000000 -0.000000 1.000000
vn -0.000000 -0.000000 1.000000
vn -0.000000 -0.000000 1.000000
vn -0.000000 -0.000000 1.000000
vn -0.000000 -0.000000 1.000000
vn -0.000000 -0.000000 1.000000
vn -0.000000 -0.000000 1.000000
vn -0.000000 -0.000000 1.000000
vn -0.000000 -0.000000 1.000000
vn -0.000000 -0.000000 1.000000
vn -0.000000 -0.000000 1.000000
vn -0.000000 -0.000000 1.000000
vn -0.000000 -0.000000 1.000000
vn -0.000000 -0.000000 1.000000
vn -0.000000 -0.000000 1.000000
vn -0.000000 -0.000000 1.000000
vn -0.000000 -0.000000 1.000000
vn -0.000000 -0.000000 1.000000
vn -0.000000 -0.000000 1.000000
vn -0.000000 -0.000000 1.000000
vn -0.000000 -0.000000 1.000000
vn -0.000000 -0.000000 1.000000
vn -0.000000 -0.000000 1.000000
vn -0.000000 -0.000000 1.000000
vn -0.000000 -0.000000 1.000000
vn -0.000000 -0.000000 1.000000
vn -0.000000 -0.000000 1.000000
vn -0.000000 -0.000000 1.000000
vn -0.000000 -0.000000 1.000000
vn -0.000000 -0.000000 1.000000
vn -0.000000 -0.000000 1.000000
vn -0.000000 -0.000000 1.000000
vn -0.000000 -0.000000 1.000000
vn -0.000000 -0.000000 1.000000
vn -0.000000 -0.000000 1.000000
vn -0.000000 -0.000000 1.000000
vn -0.000000 -0.000000 1.000000
vn -0.000000 -0.000000 1.000000
vn -0.000000 -0.000000 1.000000
vn -0.000000 -0.000000 1.000000
vn -0.000000 -0.000000 1.000000
vn -0.000000 -0.000000 1.000000
vn -0.000000 -0.000000 1.000000
vn -0.000000 -0.000000 1.000000
vn -0.000000 -0.000000 1.000000
vn -0.000000 -0.000000 1.000000
vn -0.000000 -0.000000 1.000000
vn -0.000000 -0.000000 1.000000
vn -0.000000 -0.000000 1.000000
vn -0.000000 -0.000000 1.000000
vn -0.000000 -0.000000 1.000000
vn -0.000000 -0.000000 1.000000
vn -0.000000 -0.000000 1.000000
vn -0.000000 -0.000000 1.000000
vn -0.000000 -0.000000 1.000000
vn -0.000000 -0.000000 1.000000
vn -0.000000 -0.000000 1.000000
vn -0.000000 -0.000000 1.000000
vn -0.000000 -0.000000 1.000000
vn -0.000000 -0.000000 1.000000
vn -0.000000 -0.000000 1.000000
vn -0.000000 -0.000000 1.000000
vn -0.000000 -0.000000 1.000000
vn -0.000000 -0.000000 1.000000
vn -0.000000 -0.000000 1.000000
vn -0.000000 -0.000000 1.000000
vn -0.000000 -0.000000 1.000000
vn -0.000000 -0.000000 1.000000
vn -0.000000 -0.000000 1.000000
vn -0.000000 -0.000000 1.000000
vn -0.000000 -0.000000 1.000000
vn -0.000000 -0.000000 1.000000
vn -0.000000 -0.000000 1.000000
vn -0.000000 -0.000000 1.000000
vn -0.000000 -0.000000 1.000000
vn -0.000000 -0.000000 1.000000
vn -0.000000 -0.000000 1.000000
vn -0.000000 -0.000000 1.000000
vn -0.000000 -0.000000 1.000000
vn -0.000000 -0.000000 1.000000
vn -0.000000 -0.000000 1.000000
vn -0.000000 -0.000000 1.000000
vn -0.000000 -0.000000 1.000000
vn -0.000000 -0.000000 1.000000
vn -0.000000 -0.000000 1.000000
vn -0.000000 -0.000000 1.000000
vn -0.000000 -0.000000 1.000000
vn -0.000000 -0.000000 1.000000
vn -0.000000 -0.000000 1.000000
vn -0.000000 -0.000000 1.000000
vn -0.000000 -0.000000 1.000000
vn -0.000000 -0.000000 1.000000
vn -0.000000 -0.000000 1.000000
vn -0.000000 -0.000000 1.000000
vn -0.000000 -0.000000 1.000000
vn -0.000000 -0.000000 1.000000
vn -0.000000 -0.000000 1.000000
vn -0.000000 -0.000000 1.000000
vn -0.000000 -0.000000 1.000000
vn -0.000000 -0.000000 1.000000
vn -0.000000 -0.000000 1.000000
vn -0.000000 -0.000000 1.000000
vn -0.000000 -0.000000 1.000000
vn -0.000000 -0.000000 1.000000
vn -0.000000 -0.000000 1.000000
vn -0.000000 -0.000000 1.000000
vn -0.000000 -0.000000 1.000000
vn -0.000000 -0.000000 1.000000
vn -0.000000 -0.000000 1.000000
vn -0.000000 -0.000000 1.000000
vn -0.000000 -0.000000 1.000000
vn -0.000000 -0.000000 1.000000
vn -0.000000 -0.000000 1.000000
vn -0.000000 -0.000000 1.000000
vn -0.000000 -0.000000 1.000000
vn -0.000000 -0.000000 1.000000
vn -0.000000 -0.000000 1.000000
vn -0.000000 -0.000000 1.000000
vn -0.000000 -0.000000 1.000000
vn -0.000000 -0.000000 1.000000
vn -0.000000 -0.000000 1.000000
vn -0.000000 -0.000000 1.000000
vn -0.000000 -0.000000 1.000000
vn -0.000000 -0.000000 1.000000
vn -0.000000 -0.000000 1.000000
vn -0.000000 -0.000000 1.000000
vn -0.000000 -0.000000 1.000000
vn -0.000000 -0.000000 1.000000
vn -0.000000 -0.000000 1.000000
vn -0.000000 -0.000000 1.000000
vn -0.000000 -0.000000 1.000000
vn -0.000000 -0.000000 1.000000
vn -0.000000 -0.000000 1.000000
vn -0.000000 -0.000000 1.000000
vn -0.000000 -0.000000 -1.000000
vn -0.000000 -0.000000 -1.000000
vn -0.000000 -0.000000 -1.000000
vn -0.000000 -0.000000 -1.000000
vn -0.000000 -0.000000 -1.000000
vn -0.000000 -0.000000 -1.000000
vn -0.000000 -0.000000 -1.000000
vn -0.000000 -0.000000 -1.000000
vn -0.000000 -0.000000 -1.000000
vn -0.000000 -0.000000 -1.000000
vn -0.000000 -0.000000 -1.000000
vn -0.000000 -0.000000 -1.000000
vn -0.000000 -0.000000 -1.000000
vn -0.000000 -0.000000 -1.000000
vn -0.000000 -0.000000 -1.000000
vn -0.000000 -0.000000 -1.000000
vn -0.000000 -0.000000 -1.000000
vn -0.000000 -0.000000 -1.000000
vn -0.000000 -0.000000 -1.000000
vn -0.000000 -0.000000 -1.000000
vn -0.000000 -0.000000 -1.000000
vn -0.000000 -0.000000 -1.000000
vn -0.000000 -0.000000 -1.000000
vn -0.000000 -0.000000 -1.000000
vn -0.000000 -0.000000 -1.000000
vn -0.000000 -0.000000 -1.000000
vn -0.000000 -0.000000 -1.000000
vn -0.000000 -0.000000 -1.000000
vn -0.000000 -0.000000 -1.000000
vn -0.000000 -0.000000 -1.000000
vn -0.000000 -0.000000 -1.000000
vn -0.000000 -0.000000 -1.000000
vn -0.000000 -0.000000 -1.000000
vn -0.000000 -0.000000 -1.000000
vn -0.000000 -0.000000 -1.000000
vn -0.000000 -0.000000 -1.000000
vn -0.000000 -0.000000 -1.000000
vn -0.000000 -0.000000 -1.000000
vn -0.000000 -0.000000 -1.000000
vn -0.000000 -0.000000 -1.000000
vn -0.000000 -0.000000 -1.000000
vn -0.000000 -0.000000 -1.000000
vn -0.000000 -0.000000 -1.000000
vn -0.000000 -0.000000 -1.000000
vn -0.000000 -0.000000 -1.000000
vn -0.000000 -0.000000 -1.000000
vn -0.000000 -0.000000 -1.000000
vn -0.000000 -0.000000 -1.000000
vn -0.000000 -0.000000 -1.000000
vn -0.000000 -0.000000 -1.000000
vn -0.000000 -0.000000 -1.000000
vn -0.000000 -0.000000 -1.000000
vn -0.000000 -0.000000 -1.000000
vn -0.000000 -0.000000 -1.000000
vn -0.000000 -0.000000 -1.000000
vn -0.000000 -0.000000 -1.000000
vn -0.000000 -0.000000 -1.000000
vn -0.000000 -0.000000 -1.000000
vn -0.000000 -0.000000 -1.000000
vn -0.000000 -0.000000 -1.000000
vn -0.000000 -0.000000 -1.000000
vn -0.000000 -0.000000 -1.000000
vn -0.000000 -0.000000 -1.000000
vn -0.000000 -0.000000 -1.000000
vn -0.000000 -0.000000 -1.000000
vn -0.000000 -0.000000 -1.000000
vn -0.000000 -0.000000 -1.000000
vn -0.000000 -0.000000 -1.000000
vn -0.000000 -0.000000 -1.000000
vn -0.000000 -0.000000 -1.000000
vn -0.000000 -0.000000 -1.000000
vn -0.000000 -0.000000 -1.000000
vn -0.000000 -0.000000 -1.000000
vn -0.000000 -0.000000 -1.000000
vn -0.000000 -0.000000 -1.000000
vn -0.000000 -0.000000 -1.000000
vn -0.000000 -0.000000 -1.000000
vn -0.000000 -0.000000 -1.000000
vn -0.000000 -0.000000 -1.000000
vn -0.000000 -0.000000 -1.000000
vn -0.000000 -0.000000 -1.000000
vn -0.000000 -0.000000 -1.000000
vn -0.000000 -0.000000 -1.000000
vn -0.000000 -0.000000 -1.000000
vn -0.000000 -0.000000 -1.000000
vn -0.000000 -0.000000 -1.000000
vn -0.000000 -0.000000 -1.000000
vn -0.000000 -0.000000 -1.000000
vn -0.000000 -0.000000 -1.000000
vn -0.000000 -0.000000 -1.000000
vn -0.000000 -0.000000 -1.000000
vn -0.000000 -0.000000 -1.000000
vn -0.000000 -0.000000 -1.000000
vn -0.000000 -0.000000 -1.000000
vn -0.000000 -0.000000 -1.000000
vn -0.000000 -0.000000 -1.000000
vn -0.000000 -0.000000 -1.000000
vn -0.000000 -0.000000 -1.000000
vn -0.000000 -0.000000 -1.000000
vn -0.000000 -0.000000 -1.000000
vn -0.000000 -0.000000 -1.000000
vn -0.000000 -0.000000 -1.000000
vn -0.000000 -0.000000 -1.000000
vn -0.000000 -0.000000 -1.000000
vn -0.000000 -0.000000 -1.000000
vn -0.000000 -0.000000 -1.000000
vn -0.000000 -0.000000 -1.000000
vn -0.000000 -0.000000 -1.000000
vn -0.000000 -0.000000 -1.000000
vn -0.000000 -0.000000 -1.000000
vn -0.000000 -0.000000 -1.000000
vn -0.000000 -0.000000 -1.000000
vn -0.000000 -0.000000 -1.000000
vn -0.000000 -0.000000 -1.000000
vn -0.000000 -0.000000 -1.000000
vn -0.000000 -0.000000 -1.000000
vn -0.000000 -0.000000 -1.000000
vn -0.000000 -0.000000 -1.000000
vn -0.000000 -0.000000 -1.000000
vn -0.000000 -0.000000 -1.000000
vn -0.000000 -0.000000 -1.000000
vn -0.000000 -0.000000 -1.000000
vn -0.000000 -0.000000 -1.000000
vn -0.000000 -0.000000 -1.000000
vn -0.000000 -0.000000 -1.000000
vn -0.000000 -0.000000 -1.000000
vn -0.000000 -0.000000 -1.000000
vn -0.000000 -0.000000 -1.000000
vn -0.000000 -0.000000 -1.000000
vn -0.000000 -0.000000 -1.000000
vn -0.000000 -0.000000 -1.000000
vn -0.000000 -0.000000 -1.000000
vn -0.000000 -0.000000 -1.000000
vn -0.000000 -0.000000 -1.000000
vn -0.000000 -0.000000 -1.000000
vn -0.000000 -0.000000 -1.000000
vn -0.000000 -0.000000 -1.000000
vn -0.000000 -0.000000 -1.000000
vn -0.000000 -0.000000 -1.000000
vn -0.000000 -0.000000 -1.000000
vn -0.000000 -0.000000 -1.000000
vn -0.000000 -0.000000 -1.000000
vn -0.000000 -0.000000 -1.000000
vn -0.000000 -0.000000 -1.000000
vn -0.000000 -0.000000 -1.000000
vn -0.000000 -0.000000 -1.000000
vn -0.000000 -0.000000 -1.000000
vn -0.000000 -0.000000 -1.000000
vn -0.000000 -0.000000 -1.000000
vn -0.000000 -0.000000 -1.000000
vn -0.000000 -0.000000 -1.000000
vn -0.000000 -0.000000 -1.000000
vn -0.000000 -0.000000 -1.000000
vn -0.000000 -0.000000 -1.000000
vn -0.000000 -0.000000 -1.000000
vn -0.000000 -0.000000 -1.000000
vn -0.000000 -0.000000 -1.000000
vn -0.000000 -0.000000 -1.000000
vn -0.000000 -0.000000 -1.000000
vn -0.000000 -0.000000 -1.000000
vn -0.000000 -0.000000 -1.000000
vn -0.000000 -0.000000 -1.000000
vn -0.000000 -0.000000 -1.000000
vn -0.000000 -0.000000 -1.000000
vn -0.000000 -0.000000 -1.000000
vn -0.000000 -0.000000 -1.000000
vn -0.000000 -0.000000 -1.000000
vn -0.000000 -0.000000 -1.000000
vn -0.000000 -0.000000 -1.000000
vn -0.000000 -0.000000 -1.000000
vn -0.000000 -0.000000 -1.000000
vn -0.000000 -0.000000 -1.000000
vn -0.000000 -0.000000 -1.000000
vn -0.000000 -0.000000 -1.000000
vn -0.000000 -0.000000 -1.000000
vn -0.000000 -0.000000 -1.000000
vn -0.000000 -0.000000 -1.000000
vn -0.000000 -0.000000 -1.000000
vn -0.000000 -0.000000 -1.000000
vn -0.000000 -0.000000 -1.000000
vn -0.000000 -0.000000 -1.000000
vn -0.000000 -0.000000 -1.000000
vn -0.000000 -0.000000 -1.000000
vn -0.000000 -0.000000 -1.000000
vn -0.000000 -0.000000 -1.000000
vn -0.000000 -0.000000 -1.000000
vn -0.000000 -0.000000 -1.000000
vn -0.000000 -0.000000 -1.000000
vn -0.000000 -0.000000 -1.000000
vn -0.000000 -0.000000 -1.000000
vn -0.000000 -0.000000 -1.000000
vn -0.000000 -0.000000 -1.000000
vn -0.000000 -0.000000 -1.000000
vn -0.000000 -0.000000 -1.000000
vn -0.000000 -0.000000 -1.000000
vn -0.000000 -0.000000 -1.000000
usemtl Opaque(221,221,227)
f 2/1/1 195/2/2 1/3/3
f 1/3/3 195/2/2 198/4/4
f 1/3/3 198/4/4 64/5/5
f 64/5/5 198/4/4 319/6/6
f 64/5/5 319/6/6 63/7/7
f 63/7/7 319/6/6 317/8/8
f 63/7/7 317/8/8 62/9/9
f 62/9/9 317/8/8 315/10/10
f 62/9/9 315/10/10 61/11/11
f 61/11/11 315/10/10 313/12/12
f 61/11/11 313/12/12 60/13/13
f 60/13/13 313/12/12 311/14/14
f 60/13/13 311/14/14 59/15/15
f 59/15/15 311/14/14 309/16/16
f 59/15/15 309/16/16 58/17/17
f 58/17/17 309/16/16 307/18/18
f 58/17/17 307/18/18 57/19/19
f 57/19/19 307/18/18 305/20/20
f 57/19/19 305/20/20 56/21/21
f 56/21/21 305/20/20 303/22/22
f 56/21/21 303/22/22 55/23/23
f 55/23/23 303/22/22 301/24/24
f 55/23/23 301/24/24 54/25/25
f 54/25/25 301/24/24 299/26/26
f 54/25/25 299/26/26 53/27/27
f 53/27/27 299/26/26 297/28/28
f 53/27/27 297/28/28 52/29/29
f 52/29/29 297/28/28 295/30/30
f 52/29/29 295/30/30 51/31/31
f 51/31/31 295/30/30 293/32/32
f 51/31/31 293/32/32 50/33/33
f 50/33/33 293/32/32 291/34/34
f 50/33/33 291/34/34 49/35/35
f 49/35/35 291/34/34 289/36/36
f 49/35/35 289/36/36 48/37/37
f 48/37/37 289/36/36 287/38/38
f 48/37/37 287/38/38 47/39/39
f 47/39/39 287/38/38 285/40/40
f 47/39/39 285/40/40 46/41/41
f 46/41/41 285/40/40 283/42/42
f 46/41/41 283/42/42 45/43/43
f 45/43/43 283/42/42 281/44/44
f 45/43/43 281/44/44 44/45/45
f 44/45/45 281/44/44 279/46/46
f 44/45/45 279/46/46 43/47/47
f 43/47/47 279/46/46 277/48/48
f 43/47/47 277/48/48 42/49/49
f 42/49/49 277/48/48 275/50/50
f 42/49/49 275/50/50 41/51/51
f 41/51/51 275/50/50 273/52/52
f 41/51/51 273/52/52 40/53/53
f 40/53/53 273/52/52 271/54/54
f 40/53/53 271/54/54 39/55/55
f 39/55/55 271/54/54 269/56/56
f 39/55/55 269/56/56 38/57/57
f 38/57/57 269/56/56 267/58/58
f 38/57/57 267/58/58 37/59/59
f 37/59/59 267/58/58 265/60/60
f 37/59/59 265/60/60 36/61/61
f 36/61/61 265/60/60 263/62/62
f 36/61/61 263/62/62 35/63/63
f 35/63/63 263/62/62 261/64/64
f 35/63/63 261/64/64 34/65/65
f 34/65/65 261/64/64 259/66/66
f 34/65/65 259/66/66 33/67/67
f 33/67/67 259/66/66 193/68/68
f 33/69/67 193/70/68 32/71/69
f 32/71/69 193/70/68 257/72/70
f 32/71/69 257/72/70 31/73/71
f 31/73/71 257/72/70 255/74/72
f 31/73/71 255/74/72 30/75/73
f 30/75/73 255/74/72 253/76/74
f 30/75/73 253/76/74 29/77/75
f 29/77/75 253/76/74 251/78/76
f 29/77/75 251/78/76 28/79/77
f 28/79/77 251/78/76 249/80/78
f 28/79/77 249/80/78 27/81/79
f 27/81/79 249/80/78 247/82/80
f 27/81/79 247/82/80 26/83/81
f 26/83/81 247/82/80 245/84/82
f 26/83/81 245/84/82 25/85/83
f 25/85/83 245/84/82 243/86/84
f 25/85/83 243/86/84 24/87/85
f 24/87/85 243/86/84 241/88/86
f 24/87/85 241/88/86 23/89/87
f 23/89/87 241/88/86 239/90/88
f 23/89/87 239/90/88 22/91/89
f 22/91/89 239/90/88 237/92/90
f 22/91/89 237/92/90 21/93/91
f 21/93/91 237/92/90 235/94/92
f 21/93/91 235/94/92 20/95/93
f 20/95/93 235/94/92 233/96/94
f 20/95/93 233/96/94 19/97/95
f 19/97/95 233/96/94 231/98/96
f 19/97/95 231/98/96 18/99/97
f 18/99/97 231/98/96 229/100/98
f 18/99/97 229/100/98 17/101/99
f 17/101/99 229/100/98 227/102/100
f 17/101/99 227/102/100 16/103/101
f 16/103/101 227/102/100 225/104/102
f 16/103/101 225/104/102 15/105/103
f 15/105/103 225/104/102 223/106/104
f 15/105/103 223/106/104 14/107/105
f 14/107/105 223/106/104 221/108/106
f 14/107/105 221/108/106 13/109/107
f 13/109/107 221/108/106 219/110/108
f 13/109/107 219/110/108 12/111/109
f 12/111/109 219/110/108 217/112/110
f 12/111/109 217/112/110 11/113/111
f 11/113/111 217/112/110 215/114/112
f 11/113/111 215/114/112 10/115/113
f 10/115/113 215/114/112 213/116/114
f 10/115/113 213/116/114 9/117/115
f 9/117/115 213/116/114 211/118/116
f 9/117/115 211/118/116 8/119/117
f 8/119/117 211/118/116 209/120/118
f 8/119/117 209/120/118 7/121/119
f 7/121/119 209/120/118 207/122/120
f 7/121/119 207/122/120 6/123/121
f 6/123/121 207/122/120 205/124/122
f 6/123/121 205/124/122 5/125/123
f 5/125/123 205/124/122 203/126/124
f 5/125/123 203/126/124 4/127/125
f 4/127/125 203/126/124 201/128/126
f 4/127/125 201/128/126 3/129/127
f 3/129/127 201/128/126 199/130/128
f 3/129/127 199/130/128 2/1/1
f 2/1/1 199/130/128 195/2/2
f 66/131/129 162/132/130 65/133/131
f 65/133/131 162/132/130 161/134/132
f 65/133/131 161/134/132 128/135/133
f 128/135/133 161/134/132 160/136/134
f 128/135/133 160/136/134 127/137/135
f 127/137/135 160/136/134 159/138/136
f 127/137/135 159/138/136 126/139/137
f 126/139/137 159/138/136 158/140/138
f 126/139/137 158/140/138 125/141/139
f 125/141/139 158/140/138 157/142/140
f 125/141/139 157/142/140 124/143/141
f 124/143/141 157/142/140 156/144/142
f 124/143/141 156/144/142 123/145/143
f 123/145/143 156/144/142 155/146/144
f 123/145/143 155/146/144 122/147/145
f 122/147/145 155/146/144 154/148/146
f 122/147/145 154/148/146 121/149/147
f 121/149/147 154/148/146 153/150/148
f 121/149/147 153/150/148 120/151/149
f 120/151/149 153/150/148 152/152/150
f 120/151/149 152/152/150 119/153/151
f 119/153/151 152/152/150 151/154/152
f 119/153/151 151/154/152 118/155/153
f 118/155/153 151/154/152 150/156/154
f 118/155/153 150/156/154 117/157/155
f 117/157/155 150/156/154 149/158/156
f 117/157/155 149/158/156 116/159/157
f 116/159/157 149/158/156 148/160/158
f 116/159/157 148/160/158 115/161/159
f 115/161/159 148/160/158 147/162/160
f 115/161/159 147/162/160 114/163/161
f 114/163/161 147/162/160 146/164/162
f 114/163/161 146/164/162 113/165/163
f 113/165/163 146/164/162 145/166/164
f 113/165/163 145/166/164 112/167/165
f 112/167/165 145/166/164 144/168/166
f 112/167/165 144/168/166 111/169/167
f 111/169/167 144/168/166 143/170/168
f 111/169/167 143/170/168 110/171/169
f 110/171/169 143/170/168 142/172/170
f 110/171/169 142/172/170 109/173/171
f 109/173/171 142/172/170 141/174/172
f 109/173/171 141/174/172 108/175/173
f 108/175/173 141/174/172 140/176/174
f 108/175/173 140/176/174 107/177/175
f 107/177/175 140/176/174 139/178/176
f 107/177/175 139/178/176 106/179/177
f 106/179/177 139/178/176 138/180/178
f 106/179/177 138/180/178 105/181/179
f 105/181/179 138/180/178 137/182/180
f 105/181/179 137/182/180 104/183/181
f 104/183/181 137/182/180 136/184/182
f 104/183/181 136/184/182 103/185/183
f 103/185/183 136/184/182 135/186/184
f 103/185/183 135/186/184 102/187/185
f 102/187/185 135/186/184 134/188/186
f 102/187/185 134/188/186 101/189/187
f 101/189/187 134/188/186 133/190/188
f 101/189/187 133/190/188 100/191/189
f 100/191/189 133/190/188 132/192/190
f 100/191/189 132/192/190 99/193/191
f 99/193/191 132/192/190 131/194/192
f 99/193/191 131/194/192 98/195/193
f 98/195/193 131/194/192 130/196/194
f 98/195/193 130/196/194 97/197/195
f 97/197/195 130/196/194 129/198/196
f 97/199/195 129/200/196 96/201/197
f 96/201/197 129/200/196 192/202/198
f 96/201/197 192/202/198 95/203/199
f 95/203/199 192/202/198 191/204/200
f 95/203/199 191/204/200 94/205/201
f 94/205/201 191/204/200 190/206/202
f 94/205/201 190/206/202 93/207/203
f 93/207/203 190/206/202 189/208/204
f 93/207/203 189/208/204 92/209/205
f 92/209/205 189/208/204 188/210/206
f 92/209/205 188/210/206 91/211/207
f 91/211/207 188/210/206 187/212/208
f 91/211/207 187/212/208 90/213/209
f 90/213/209 187/212/208 186/214/210
f 90/213/209 186/214/210 89/215/211
f 89/215/211 186/214/210 185/216/212
f 89/215/211 185/216/212 88/217/213
f 88/217/213 185/216/212 184/218/214
f 88/217/213 184/218/214 87/219/215
f 87/219/215 184/218/214 183/220/216
f 87/219/215 183/220/216 86/221/217
f 86/221/217 183/220/216 182/222/218
f 86/221/217 182/222/218 85/223/219
f 85/223/219 182/222/218 181/224/220
f 85/223/219 181/224/220 84/225/221
f 84/225/221 181/224/220 180/226/222
f 84/225/221 180/226/222 83/227/223
f 83/227/223 180/226/222 179/228/224
f 83/227/223 179/228/224 82/229/225
f 82/229/225 179/228/224 178/230/226
f 82/229/225 178/230/226 81/231/227
f 81/231/227 178/230/226 177/232/228
f 81/231/227 177/232/228 80/233/229
f 80/233/229 177/232/228 176/234/230
f 80/233/229 176/234/230 79/235/231
f 79/235/231 176/234/230 175/236/232
f 79/235/231 175/236/232 78/237/233
f 78/237/233 175/236/232 174/238/234
f 78/237/233 174/238/234 77/239/235
f 77/239/235 174/238/234 173/240/236
f 77/239/235 173/240/236 76/241/237
f 76/241/237 173/240/236 172/242/238
f 76/241/237 172/242/238 75/243/239
f 75/243/239 172/242/238 171/244/240
f 75/243/239 171/244/240 74/245/241
f 74/245/241 171/244/240 170/246/242
f 74/245/241 170/246/242 73/247/243
f 73/247/243 170/246/242 169/248/244
f 73/247/243 169/248/244 72/249/245
f 72/249/245 169/248/244 168/250/246
f 72/249/245 168/250/246 71/251/247
f 71/251/247 168/250/246 167/252/248
f 71/251/247 167/252/248 70/253/249
f 70/253/249 167/252/248 166/254/250
f 70/253/249 166/254/250 69/255/251
f 69/255/251 166/254/250 165/256/252
f 69/255/251 165/256/252 68/257/253
f 68/257/253 165/256/252 164/258/254
f 68/257/253 164/258/254 67/259/255
f 67/259/255 164/258/254 163/260/256
f 67/259/255 163/260/256 66/131/129
f 66/131/129 163/260/256 162/132/130
f 129/261/196 194/262/257 192/263/198
f 192/263/198 194/262/257 260/264/258
f 192/263/198 260/264/258 191/265/200
f 191/265/200 260/264/258 262/266/259
f 191/265/200 262/266/259 190/267/202
f 190/267/202 262/266/259 264/268/260
f 190/267/202 264/268/260 189/269/204
f 189/269/204 264/268/260 266/270/261
f 189/269/204 266/270/261 188/271/206
f 188/271/206 266/270/261 268/272/262
f 188/271/206 268/272/262 187/273/208
f 187/273/208 268/272/262 270/274/263
f 187/273/208 270/274/263 186/275/210
f 186/275/210 270/274/263 272/276/264
f 186/275/210 272/276/264 185/277/212
f 185/277/212 272/276/264 274/278/265
f 185/277/212 274/278/265 184/279/214
f 184/279/214 274/278/265 276/280/266
f 184/279/214 276/280/266 183/281/216
f 183/281/216 276/280/266 278/282/267
f 183/281/216 278/282/267 182/283/218
f 182/283/218 278/282/267 280/284/268
f 182/283/218 280/284/268 181/285/220
f 181/285/220 280/284/268 282/286/269
f 181/285/220 282/286/269 180/287/222
f 180/287/222 282/286/269 284/288/270
f 180/287/222 284/288/270 179/289/224
f 179/289/224 284/288/270 286/290/271
f 179/289/224 286/290/271 178/291/226
f 178/291/226 286/290/271 288/292/272
f 178/291/226 288/292/272 177/293/228
f 177/293/228 288/292/272 290/294/273
f 177/293/228 290/294/273 176/295/230
f 176/295/230 290/294/273 292/296/274
f 176/295/230 292/296/274 175/297/232
f 175/297/232 292/296/274 294/298/275
f 175/297/232 294/298/275 174/299/234
f 174/299/234 294/298/275 296/300/276
f 174/299/234 296/300/276 173/301/236
f 173/301/236 296/300/276 298/302/277
f 173/301/236 298/302/277 172/303/238
f 172/303/238 298/302/277 300/304/278
f 172/303/238 300/304/278 171/305/240
f 171/305/240 300/304/278 302/306/279
f 171/305/240 302/306/279 170/307/242
f 170/307/242 302/306/279 304/308/280
f 170/307/242 304/308/280 169/309/244
f 169/309/244 304/308/280 306/310/281
f 169/309/244 306/310/281 168/311/246
f 168/311/246 306/310/281 308/312/282
f 168/311/246 308/312/282 167/313/248
f 167/313/248 308/312/282 310/314/283
f 167/313/248 310/314/283 166/315/250
f 166/315/250 310/314/283 312/316/284
f 166/315/250 312/316/284 165/317/252
f 165/317/252 312/316/284 314/318/285
f 165/317/252 314/318/285 164/319/254
f 164/319/254 314/318/285 316/320/286
f 164/319/254 316/320/286 163/321/256
f 163/321/256 316/320/286 318/322/287
f 163/321/256 318/322/287 162/323/130
f 162/323/130 318/322/287 320/324/288
f 162/323/130 320/324/288 161/325/132
f 161/325/132 320/324/288 197/326/289
f 161/325/132 197/326/289 160/327/134
f 160/327/134 197/326/289 196/328/290
f 160/327/134 196/328/290 159/329/136
f 159/329/136 196/328/290 200/330/291
f 159/329/136 200/330/291 158/331/138
f 158/331/138 200/330/291 202/332/292
f 158/331/138 202/332/292 157/333/140
f 157/333/140 202/332/292 204/334/293
f 157/333/140 204/334/293 156/335/142
f 156/335/142 204/334/293 206/336/294
f 156/335/142 206/336/294 155/337/144
f 155/337/144 206/336/294 208/338/295
f 155/337/144 208/338/295 154/339/146
f 154/339/146 208/338/295 210/340/296
f 154/339/146 210/340/296 153/341/148
f 153/341/148 210/340/296 212/342/297
f 153/341/148 212/342/297 152/343/150
f 152/343/150 212/342/297 214/344/298
f 152/343/150 214/344/298 151/345/152
f 151/345/152 214/344/298 216/346/299
f 151/345/152 216/346/299 150/347/154
f 150/347/154 216/346/299 218/348/300
f 150/347/154 218/348/300 149/349/156
f 149/349/156 218/348/300 220/350/301
f 149/349/156 220/350/301 148/351/158
f 148/351/158 220/350/301 222/352/302
f 148/351/158 222/352/302 147/353/160
f 147/353/160 222/352/302 224/354/303
f 147/353/160 224/354/303 146/355/162
f 146/355/162 224/354/303 226/356/304
f 146/355/162 226/356/304 145/357/164
f 145/357/164 226/356/304 228/358/305
f 145/357/164 228/358/305 144/359/166
f 144/359/166 228/358/305 230/360/306
f 144/359/166 230/360/306 143/361/168
f 143/361/168 230/360/306 232/362/307
f 143/361/168 232/362/307 142/363/170
f 142/363/170 232/362/307 234/364/308
f 142/363/170 234/364/308 141/365/172
f 141/365/172 234/364/308 236/366/309
f 141/365/172 236/366/309 140/367/174
f 140/367/174 236/366/309 238/368/310
f 140/367/174 238/368/310 139/369/176
f 139/369/176 238/368/310 240/370/311
f 139/369/176 240/370/311 138/371/178
f 138/371/178 240/370/311 242/372/312
f 138/371/178 242/372/312 137/373/180
f 137/373/180 242/372/312 244/374/313
f 137/373/180 244/374/313 136/375/182
f 136/375/182 244/374/313 246/376/314
f 136/375/182 246/376/314 135/377/184
f 135/377/184 246/376/314 248/378/315
f 135/377/184 248/378/315 134/379/186
f 134/379/186 248/378/315 250/380/316
f 134/379/186 250/380/316 133/381/188
f 133/381/188 250/380/316 252/382/317
f 133/381/188 252/382/317 132/383/190
f 132/383/190 252/382/317 254/384/318
f 132/383/190 254/384/318 131/385/192
f 131/385/192 254/384/318 256/386/319
f 131/385/192 256/386/319 130/387/194
f 130/387/194 256/386/319 258/388/320
f 130/387/194 258/388/320 129/389/196
f 129/389/196 258/388/320 194/390/257
f 193/70/68 194/390/257 257/72/70
f 257/72/70 194/390/257 258/388/320
f 257/72/70 258/388/320 255/74/72
f 255/74/72 258/388/320 256/386/319
f 255/74/72 256/386/319 253/76/74
f 253/76/74 256/386/319 254/384/318
f 253/76/74 254/384/318 251/78/76
f 251/78/76 254/384/318 252/382/317
f 251/78/76 252/382/317 249/80/78
f 249/80/78 252/382/317 250/380/316
f 249/80/78 250/380/316 247/82/80
f 247/82/80 250/380/316 248/378/315
f 247/82/80 248/378/315 245/84/82
f 245/84/82 248/378/315 246/376/314
f 245/84/82 246/376/314 243/86/84
f 243/86/84 246/376/314 244/374/313
f 243/86/84 244/374/313 241/88/86
f 241/88/86 244/374/313 242/372/312
f 241/88/86 242/372/312 239/90/88
f 239/90/88 242/372/312 240/370/311
f 239/90/88 240/370/311 237/92/90
f 237/92/90 240/370/311 238/368/310
f 237/92/90 238/368/310 235/94/92
f 235/94/92 238/368/310 236/366/309
f 235/94/92 236/366/309 233/96/94
f 233/96/94 236/366/309 234/364/308
f 233/96/94 234/364/308 231/98/96
f 231/98/96 234/364/308 232/362/307
f 231/98/96 232/362/307 229/100/98
f 229/100/98 232/362/307 230/360/306
f 229/100/98 230/360/306 227/102/100
f 227/102/100 230/360/306 228/358/305
f 227/102/100 228/358/305 225/104/102
f 225/104/102 228/358/305 226/356/304
f 225/104/102 226/356/304 223/106/104
f 223/106/104 226/356/304 224/354/303
f 223/106/104 224/354/303 221/108/106
f 221/108/106 224/354/303 222/352/302
f 221/108/106 222/352/302 219/110/108
f 219/110/108 222/352/302 220/350/301
f 219/110/108 220/350/301 217/112/110
f 217/112/110 220/350/301 218/348/300
f 217/112/110 218/348/300 215/114/112
f 215/114/112 218/348/300 216/346/299
f 215/114/112 216/346/299 213/116/114
f 213/116/114 216/346/299 214/344/298
f 213/116/114 214/344/298 211/118/116
f 211/118/116 214/344/298 212/342/297
f 211/118/116 212/342/297 209/120/118
f 209/120/118 212/342/297 210/340/296
f 209/120/118 210/340/296 207/122/120
f 207/122/120 210/340/296 208/338/295
f 207/122/120 208/338/295 205/124/122
f 205/124/122 208/338/295 206/336/294
f 205/124/122 206/336/294 203/126/124
f 203/126/124 206/336/294 204/334/293
f 203/126/124 204/334/293 201/128/126
f 201/128/126 204/334/293 202/332/292
f 201/128/126 202/332/292 199/130/128
f 199/130/128 202/332/292 200/330/291
f 199/130/128 200/330/291 195/2/2
f 195/2/2 200/330/291 196/328/290
f 195/2/2 196/328/290 198/4/4
f 198/4/4 196/328/290 197/326/289
f 198/4/4 197/326/289 319/6/6
f 319/6/6 197/326/289 320/324/288
f 319/6/6 320/324/288 317/8/8
f 317/8/8 320/324/288 318/322/287
f 317/8/8 318/322/287 315/10/10
f 315/10/10 318/322/287 316/320/286
f 315/10/10 316/320/286 313/12/12
f 313/12/12 316/320/286 314/318/285
f 313/12/12 314/318/285 311/14/14
f 311/14/14 314/318/285 312/316/284
f 311/14/14 312/316/284 309/16/16
f 309/16/16 312/316/284 310/314/283
f 309/16/16 310/314/283 307/18/18
f 307/18/18 310/314/283 308/312/282
f 307/18/18 308/312/282 305/20/20
f 305/20/20 308/312/282 306/310/281
f 305/20/20 306/310/281 303/22/22
f 303/22/22 306/310/281 304/308/280
f 303/22/22 304/308/280 301/24/24
f 301/24/24 304/308/280 302/306/279
f 301/24/24 302/306/279 299/26/26
f 299/26/26 302/306/279 300/304/278
f 299/26/26 300/304/278 297/28/28
f 297/28/28 300/304/278 298/302/277
f 297/28/28 298/302/277 295/30/30
f 295/30/30 298/302/277 296/300/276
f 295/30/30 296/300/276 293/32/32
f 293/32/32 296/300/276 294/298/275
f 293/32/32 294/298/275 291/34/34
f 291/34/34 294/298/275 292/296/274
f 291/34/34 292/296/274 289/36/36
f 289/36/36 292/296/274 290/294/273
f 289/36/36 290/294/273 287/38/38
f 287/38/38 290/294/273 288/292/272
f 287/38/38 288/292/272 285/40/40
f 285/40/40 288/292/272 286/290/271
f 285/40/40 286/290/271 283/42/42
f 283/42/42 286/290/271 284/288/270
f 283/42/42 284/288/270 281/44/44
f 281/44/44 284/288/270 282/286/269
f 281/44/44 282/286/269 279/46/46
f 279/46/46 282/286/269 280/284/268
f 279/46/46 280/284/268 277/48/48
f 277/48/48 280/284/268 278/282/267
f 277/48/48 278/282/267 275/50/50
f 275/50/50 278/282/267 276/280/266
f 275/50/50 276/280/266 273/52/52
f 273/52/52 276/280/266 274/278/265
f 273/52/52 274/278/265 271/54/54
f 271/54/54 274/278/265 272/276/264
f 271/54/54 272/276/264 269/56/56
f 269/56/56 272/276/264 270/274/263
f 269/56/56 270/274/263 267/58/58
f 267/58/58 270/274/263 268/272/262
f 267/58/58 268/272/262 265/60/60
f 265/60/60 268/272/262 266/270/261
f 265/60/60 266/270/261 263/62/62
f 263/62/62 266/270/261 264/268/260
f 263/62/62 264/268/260 261/64/64
f 261/64/64 264/268/260 262/266/259
f 261/64/64 262/266/259 259/66/66
f 259/66/66 262/266/259 260/264/258
f 259/66/66 260/264/258 193/68/68
f 193/68/68 260/264/258 194/262/257
f 322/391/321 352/392/322 321/393/323
f 321/393/323 352/392/322 337/394/324
f 321/395/323 337/396/324 336/397/325
f 336/397/325 337/396/324 338/398/326
f 336/397/325 338/398/326 335/399/327
f 335/399/327 338/398/326 339/400/328
f 335/399/327 339/400/328 334/401/329
f 334/401/329 339/400/328 340/402/330
f 334/401/329 340/402/330 333/403/331
f 333/403/331 340/402/330 341/404/332
f 333/403/331 341/404/332 332/405/333
f 332/405/333 341/404/332 342/406/334
f 332/405/333 342/406/334 343/407/335
f 322/391/321 323/408/336 352/392/322
f 352/392/322 323/408/336 351/409/337
f 351/409/337 323/408/336 324/410/338
f 351/409/337 324/410/338 350/411/339
f 350/411/339 324/410/338 349/412/340
f 349/412/340 324/410/338 325/413/341
f 349/412/340 325/413/341 348/414/342
f 348/414/342 325/413/341 326/415/343
f 348/414/342 326/415/343 347/416/344
f 347/416/344 326/415/343 327/417/345
f 347/416/344 327/417/345 328/418/346
f 329/419/347 345/420/348 328/418/346
f 328/418/346 345/420/348 346/421/349
f 328/418/346 346/421/349 347/416/344
f 345/420/348 329/419/347 344/422/350
f 344/422/350 329/419/347 330/423/351
f 344/422/350 330/423/351 331/424/352
f 344/422/350 331/424/352 343/407/335
f 343/407/335 331/424/352 332/405/333
f 354/425/353 376/426/354 353/427/355
f 353/427/355 376/426/354 377/428/356
f 353/427/355 377/428/356 368/429/357
f 368/429/357 377/428/356 378/430/358
f 368/429/357 378/430/358 379/431/359
f 354/425/353 355/432/360 376/426/354
f 376/426/354 355/432/360 375/433/361
f 375/433/361 355/432/360 356/434/362
f 375/433/361 356/434/362 374/435/363
f 374/435/363 356/434/362 357/436/364
f 374/435/363 357/436/364 373/437/365
f 373/437/365 357/436/364 372/438/366
f 372/438/366 357/436/364 358/439/367
f 372/438/366 358/439/367 371/440/368
f 371/440/368 358/439/367 359/441/369
f 371/440/368 359/441/369 370/442/370
f 370/442/370 359/441/369 360/443/371
f 370/442/370 360/443/371 369/444/372
f 369/444/372 360/443/371 361/445/373
f 369/446/372 361/447/373 384/448/374
f 384/448/374 361/447/373 362/449/375
f 384/448/374 362/449/375 363/450/376
f 384/448/374 363/450/376 383/451/377
f 383/451/377 363/450/376 364/452/378
f 383/451/377 364/452/378 382/453/379
f 382/453/379 364/452/378 365/454/380
f 382/453/379 365/454/380 381/455/381
f 381/455/381 365/454/380 366/456/382
f 381/455/381 366/456/382 380/457/383
f 380/457/383 366/456/382 379/431/359
f 379/431/359 366/456/382 367/458/384
f 379/431/359 367/458/384 368/429/357
f 386/459/385 416/460/386 385/461/387
f 385/461/387 416/460/386 401/462/388
f 385/463/387 401/464/388 400/465/389
f 400/465/389 401/464/388 402/466/390
f 400/465/389 402/466/390 399/467/391
f 399/467/391 402/466/390 403/468/392
f 399/467/391 403/468/392 398/469/393
f 398/469/393 403/468/392 404/470/394
f 398/469/393 404/470/394 397/471/395
f 397/471/395 404/470/394 405/472/396
f 397/471/395 405/472/396 396/473/397
f 396/473/397 405/472/396 406/474/398
f 396/473/397 406/474/398 407/475/399
f 386/459/385 387/476/400 416/460/386
f 416/460/386 387/476/400 415/477/401
f 415/477/401 387/476/400 388/478/402
f 415/477/401 388/478/402 414/479/403
f 414/479/403 388/478/402 413/480/404
f 413/480/404 388/478/402 389/481/405
f 413/480/404 389/481/405 412/482/406
f 412/482/406 389/481/405 390/483/407
f 412/482/406 390/483/407 411/484/408
f 411/484/408 390/483/407 391/485/409
f 411/484/408 391/485/409 392/486/410
f 393/487/411 409/488/412 392/486/410
f 392/486/410 409/488/412 410/489/413
f 392/486/410 410/489/413 411/484/408
f 409/488/412 393/487/411 408/490/414
f 408/490/414 393/487/411 394/491/415
f 408/490/414 394/491/415 395/492/416
f 408/490/414 395/492/416 407/475/399
f 407/475/399 395/492/416 396/473/397
f 418/493/417 448/494/418 417/495/419
f 417/495/419 448/494/418 433/496/420
f 417/497/419 433/498/420 432/499/421
f 432/499/421 433/498/420 434/500/422
f 432/499/421 434/500/422 431/501/423
f 431/501/423 434/500/422 435/502/424
f 431/501/423 435/502/424 430/503/425
f 430/503/425 435/502/424 436/504/426
f 430/503/425 436/504/426 429/505/427
f 429/505/427 436/504/426 437/506/428
f 429/505/427 437/506/428 428/507/429
f 428/507/429 437/506/428 438/508/430
f 428/507/429 438/508/430 439/509/431
f 418/493/417 419/510/432 448/494/418
f 448/494/418 419/510/432 447/511/433
f 447/511/433 419/510/432 420/512/434
f 447/511/433 420/512/434 446/513/435
f 446/513/435 420/512/434 445/514/436
f 445/514/436 420/512/434 421/515/437
f 445/514/436 421/515/437 444/516/438
f 444/516/438 421/515/437 422/517/439
f 444/516/438 422/517/439 443/518/440
f 443/518/440 422/517/439 423/519/441
f 443/518/440 423/519/441 424/520/442
f 425/521/443 441/522/444 424/520/442
f 424/520/442 441/522/444 442/523/445
f 424/520/442 442/523/445 443/518/440
f 441/522/444 425/521/443 440/524/446
f 440/524/446 425/521/443 426/525/447
f 440/524/446 426/525/447 427/526/448
f 440/524/446 427/526/448 439/509/431
f 439/509/431 427/526/448 428/507/429
f 450/527/449 480/528/450 449/529/451
f 449/529/451 480/528/450 465/530/452
f 449/531/451 465/532/452 464/533/453
f 464/533/453 465/532/452 466/534/454
f 464/533/453 466/534/454 463/535/455
f 463/535/455 466/534/454 467/536/456
f 463/535/455 467/536/456 462/537/457
f 462/537/457 467/536/456 468/538/458
f 462/537/457 468/538/458 461/539/459
f 461/539/459 468/538/458 469/540/460
f 461/539/459 469/540/460 460/541/461
f 460/541/461 469/540/460 470/542/462
f 460/541/461 470/542/462 471/543/463
f 450/527/449 451/544/464 480/528/450
f 480/528/450 451/544/464 479/545/465
f 479/545/465 451/544/464 452/546/466
f 479/545/465 452/546/466 478/547/467
f 478/547/467 452/546/466 477/548/468
f 477/548/468 452/546/466 453/549/469
f 477/548/468 453/549/469 476/550/470
f 476/550/470 453/549/469 454/551/471
f 476/550/470 454/551/471 475/552/472
f 475/552/472 454/551/471 455/553/473
f 475/552/472 455/553/473 456/554/474
f 457/555/475 473/556/476 456/554/474
f 456/554/474 473/556/476 474/557/477
f 456/554/474 474/557/477 475/552/472
f 473/556/476 457/555/475 472/558/478
f 472/558/478 457/555/475 458/559/479
f 472/558/478 458/559/479 459/560/480
f 472/558/478 459/560/480 471/543/463
f 471/543/463 459/560/480 460/541/461
f 482/561/481 512/562/482 481/563/483
f 481/563/483 512/562/482 497/564/484
f 481/565/483 497/566/484 496/567/485
f 496/567/485 497/566/484 498/568/486
f 496/567/485 498/568/486 495/569/487
f 495/569/487 498/568/486 499/570/488
f 495/569/487 499/570/488 494/571/489
f 494/571/489 499/570/488 500/572/490
f 494/571/489 500/572/490 493/573/491
f 493/573/491 500/572/490 501/574/492
f 493/573/491 501/574/492 492/575/493
f 492/575/493 501/574/492 502/576/494
f 492/575/493 502/576/494 503/577/495
f 482/561/481 483/578/496 512/562/482
f 512/562/482 483/578/496 511/579/497
f 511/579/497 483/578/496 484/580/498
f 511/579/497 484/580/498 510/581/499
f 510/581/499 484/580/498 509/582/500
f 509/582/500 484/580/498 485/583/501
f 509/582/500 485/583/501 508/584/502
f 508/584/502 485/583/501 486/585/503
f 508/584/502 486/585/503 507/586/504
f 507/586/504 486/585/503 487/587/505
f 507/586/504 487/587/505 488/588/506
f 489/589/507 505/590/508 488/588/506
f 488/588/506 505/590/508 506/591/509
f 488/588/506 506/591/509 507/586/504
f 505/590/508 489/589/507 504/592/510
f 504/592/510 489/589/507 490/593/511
f 504/592/510 490/593/511 491/594/512
f 504/592/510 491/594/512 503/577/495
f 503/577/495 491/594/512 492/575/493
f 514/595/513 544/596/514 513/597/515
f 513/597/515 544/596/514 529/598/516
f 513/599/515 529/600/516 528/601/517
f 528/601/517 529/600/516 530/602/518
f 528/601/517 530/602/518 527/603/519
f 527/603/519 530/602/518 531/604/520
f 527/603/519 531/604/520 526/605/521
f 526/605/521 531/604/520 532/606/522
f 526/605/521 532/606/522 525/607/523
f 525/607/523 532/606/522 533/608/524
f 525/607/523 533/608/524 524/609/525
f 524/609/525 533/608/524 534/610/526
f 524/609/525 534/610/526 535/611/527
f 514/595/513 515/612/528 544/596/514
f 544/596/514 515/612/528 543/613/529
f 543/613/529 515/612/528 516/614/530
f 543/613/529 516/614/530 542/615/531
f 542/615/531 516/614/530 541/616/532
f 541/616/532 516/614/530 517/617/533
f 541/616/532 517/617/533 540/618/534
f 540/618/534 517/617/533 518/619/535
f 540/618/534 518/619/535 539/620/536
f 539/620/536 518/619/535 519/621/537
f 539/620/536 519/621/537 520/622/538
f 521/623/539 537/624/540 520/622/538
f 520/622/538 537/624/540 538/625/541
f 520/622/538 538/625/541 539/620/536
f 537/624/540 521/623/539 536/626/542
f 536/626/542 521/623/539 522/627/543
f 536/626/542 522/627/543 523/628/544
f 536/626/542 523/628/544 535/611/527
f 535/611/527 523/628/544 524/609/525
f 546/629/545 576/630/546 545/631/547
f 545/631/547 576/630/546 561/632/548
f 545/633/547 561/634/548 560/635/549
f 560/635/549 561/634/548 562/636/550
f 560/635/549 562/636/550 559/637/551
f 559/637/551 562/636/550 563/638/552
f 559/637/551 563/638/552 558/639/553
f 558/639/553 563/638/552 564/640/554
f 558/639/553 564/640/554 557/641/555
f 557/641/555 564/640/554 565/642/556
f 557/641/555 565/642/556 556/643/557
f 556/643/557 565/642/556 566/644/558
f 556/643/557 566/644/558 567/645/559
f 546/629/545 547/646/560 576/630/546
f 576/630/546 547/646/560 575/647/561
f 575/647/561 547/646/560 548/648/562
f 575/647/561 548/648/562 574/649/563
f 574/649/563 548/648/562 573/650/564
f 573/650/564 548/648/562 549/651/565
f 573/650/564 549/651/565 572/652/566
f 572/652/566 549/651/565 550/653/567
f 572/652/566 550/653/567 571/654/568
f 571/654/568 550/653/567 551/655/569
f 571/654/568 551/655/569 552/656/570
f 553/657/571 569/658/572 552/656/570
f 552/656/570 569/658/572 570/659/573
f 552/656/570 570/659/573 571/654/568
f 569/658/572 553/657/571 568/660/574
f 568/660/574 553/657/571 554/661/575
f 568/660/574 554/661/575 555/662/576
f 568/660/574 555/662/576 567/645/559
f 567/645/559 555/662/576 556/643/557
f 578/663/577 709/664/578 577/665/579
f 577/665/579 709/664/578 712/666/580
f 577/665/579 712/666/580 641/667/581
f 641/667/581 712/666/580 835/668/582
f 641/667/581 835/668/582 640/669/583
f 640/669/583 835/668/582 833/670/584
f 640/669/583 833/670/584 639/671/585
f 639/671/585 833/670/584 831/672/586
f 639/671/585 831/672/586 638/673/587
f 638/673/587 831/672/586 829/674/588
f 638/673/587 829/674/588 637/675/589
f 637/675/589 829/674/588 827/676/590
f 637/675/589 827/676/590 636/677/591
f 636/677/591 827/676/590 825/678/592
f 636/677/591 825/678/592 635/679/593
f 635/679/593 825/678/592 823/680/594
f 635/679/593 823/680/594 634/681/595
f 634/681/595 823/680/594 821/682/596
f 634/681/595 821/682/596 633/683/597
f 633/683/597 821/682/596 819/684/598
f 633/683/597 819/684/598 632/685/599
f 632/685/599 819/684/598 817/686/600
f 632/685/599 817/686/600 631/687/601
f 631/687/601 817/686/600 815/688/602
f 631/687/601 815/688/602 630/689/603
f 630/689/603 815/688/602 813/690/604
f 630/689/603 813/690/604 629/691/605
f 629/691/605 813/690/604 811/692/606
f 629/691/605 811/692/606 628/693/607
f 628/693/607 811/692/606 809/694/608
f 628/693/607 809/694/608 627/695/609
f 627/695/609 809/694/608 807/696/610
f 627/695/609 807/696/610 626/697/611
f 626/697/611 807/696/610 805/698/612
f 626/697/611 805/698/612 625/699/613
f 625/699/613 805/698/612 803/700/614
f 625/699/613 803/700/614 624/701/615
f 624/701/615 803/700/614 801/702/616
f 624/701/615 801/702/616 623/703/617
f 623/703/617 801/702/616 799/704/618
f 623/703/617 799/704/618 622/705/619
f 622/705/619 799/704/618 797/706/620
f 622/705/619 797/706/620 621/707/621
f 621/707/621 797/706/620 795/708/622
f 621/707/621 795/708/622 620/709/623
f 620/709/623 795/708/622 793/710/624
f 620/709/623 793/710/624 619/711/625
f 619/711/625 793/710/624 791/712/626
f 619/711/625 791/712/626 618/713/627
f 618/713/627 791/712/626 789/714/628
f 618/713/627 789/714/628 617/715/629
f 617/715/629 789/714/628 787/716/630
f 617/715/629 787/716/630 616/717/631
f 616/717/631 787/716/630 785/718/632
f 616/717/631 785/718/632 615/719/633
f 615/719/633 785/718/632 783/720/634
f 615/719/633 783/720/634 614/721/635
f 614/721/635 783/720/634 781/722/636
f 614/721/635 781/722/636 613/723/637
f 613/723/637 781/722/636 779/724/638
f 613/723/637 779/724/638 612/725/639
f 612/725/639 779/724/638 777/726/640
f 612/725/639 777/726/640 611/727/641
f 611/727/641 777/726/640 775/728/642
f 611/727/641 775/728/642 610/729/643
f 610/729/643 775/728/642 707/730/644
f 610/729/643 707/730/644 609/731/645
f 609/732/645 707/733/644 773/734/646
f 609/732/645 773/734/646 608/735/647
f 608/735/647 773/734/646 771/736/648
f 608/735/647 771/736/648 607/737/649
f 607/737/649 771/736/648 769/738/650
f 607/737/649 769/738/650 606/739/651
f 606/739/651 769/738/650 767/740/652
f 606/739/651 767/740/652 605/741/653
f 605/741/653 767/740/652 765/742/654
f 605/741/653 765/742/654 604/743/655
f 604/743/655 765/742/654 763/744/656
f 604/743/655 763/744/656 603/745/657
f 603/745/657 763/744/656 761/746/658
f 603/745/657 761/746/658 602/747/659
f 602/747/659 761/746/658 759/748/660
f 602/747/659 759/748/660 601/749/661
f 601/749/661 759/748/660 757/750/662
f 601/749/661 757/750/662 600/751/663
f 600/751/663 757/750/662 755/752/664
f 600/751/663 755/752/664 599/753/665
f 599/753/665 755/752/664 753/754/666
f 599/753/665 753/754/666 598/755/667
f 598/755/667 753/754/666 751/756/668
f 598/755/667 751/756/668 597/757/669
f 597/757/669 751/756/668 749/758/670
f 597/757/669 749/758/670 596/759/671
f 596/759/671 749/758/670 747/760/672
f 596/759/671 747/760/672 595/761/673
f 595/761/673 747/760/672 745/762/674
f 595/761/673 745/762/674 594/763/675
f 594/763/675 745/762/674 743/764/676
f 594/763/675 743/764/676 593/765/677
f 593/765/677 743/764/676 741/766/678
f 593/765/677 741/766/678 592/767/679
f 592/767/679 741/766/678 739/768/680
f 592/767/679 739/768/680 591/769/681
f 591/769/681 739/768/680 737/770/682
f 591/769/681 737/770/682 590/771/683
f 590/771/683 737/770/682 735/772/684
f 590/771/683 735/772/684 589/773/685
f 589/773/685 735/772/684 733/774/686
f 589/773/685 733/774/686 588/775/687
f 588/775/687 733/774/686 731/776/688
f 588/775/687 731/776/688 587/777/689
f 587/777/689 731/776/688 729/778/690
f 587/777/689 729/778/690 586/779/691
f 586/779/691 729/778/690 727/780/692
f 586/779/691 727/780/692 585/781/693
f 585/781/693 727/780/692 725/782/694
f 585/781/693 725/782/694 584/783/695
f 584/783/695 725/782/694 723/784/696
f 584/783/695 723/784/696 583/785/697
f 583/785/697 723/784/696 721/786/698
f 583/785/697 721/786/698 582/787/699
f 582/787/699 721/786/698 719/788/700
f 582/787/699 719/788/700 581/789/701
f 581/789/701 719/788/700 717/790/702
f 581/789/701 717/790/702 580/791/703
f 580/791/703 717/790/702 715/792/704
f 580/791/703 715/792/704 579/793/705
f 579/793/705 715/792/704 713/794/706
f 579/793/705 713/794/706 578/663/577
f 578/663/577 713/794/706 709/664/578
f 643/795/707 711/796/708 642/797/709
f 642/797/709 711/796/708 710/798/710
f 642/797/709 710/798/710 706/799/711
f 706/799/711 710/798/710 714/800/712
f 706/799/711 714/800/712 705/801/713
f 705/801/713 714/800/712 716/802/714
f 705/801/713 716/802/714 704/803/715
f 704/803/715 716/802/714 718/804/716
f 704/803/715 718/804/716 703/805/717
f 703/805/717 718/804/716 720/806/718
f 703/805/717 720/806/718 702/807/719
f 702/807/719 720/806/718 722/808/720
f 702/807/719 722/808/720 701/809/721
f 701/809/721 722/808/720 724/810/722
f 701/809/721 724/810/722 700/811/723
f 700/811/723 724/810/722 726/812/724
f 700/811/723 726/812/724 699/813/725
f 699/813/725 726/812/724 728/814/726
f 699/813/725 728/814/726 698/815/727
f 698/815/727 728/814/726 730/816/728
f 698/815/727 730/816/728 697/817/729
f 697/817/729 730/816/728 732/818/730
f 697/817/729 732/818/730 696/819/731
f 696/819/731 732/818/730 734/820/732
f 696/819/731 734/820/732 695/821/733
f 695/821/733 734/820/732 736/822/734
f 695/821/733 736/822/734 694/823/735
f 694/823/735 736/822/734 738/824/736
f 694/823/735 738/824/736 693/825/737
f 693/825/737 738/824/736 740/826/738
f 693/825/737 740/826/738 692/827/739
f 692/827/739 740/826/738 742/828/740
f 692/827/739 742/828/740 691/829/741
f 691/829/741 742/828/740 744/830/742
f 691/829/741 744/830/742 690/831/743
f 690/831/743 744/830/742 746/832/744
f 690/831/743 746/832/744 689/833/745
f 689/833/745 746/832/744 748/834/746
f 689/833/745 748/834/746 688/835/747
f 688/835/747 748/834/746 750/836/748
f 688/835/747 750/836/748 687/837/749
f 687/837/749 750/836/748 752/838/750
f 687/837/749 752/838/750 686/839/751
f 686/839/751 752/838/750 754/840/752
f 686/839/751 754/840/752 685/841/753
f 685/841/753 754/840/752 756/842/754
f 685/841/753 756/842/754 684/843/755
f 684/843/755 756/842/754 758/844/756
f 684/843/755 758/844/756 683/845/757
f 683/845/757 758/844/756 760/846/758
f 683/845/757 760/846/758 682/847/759
f 682/847/759 760/846/758 762/848/760
f 682/847/759 762/848/760 681/849/761
f 681/849/761 762/848/760 764/850/762
f 681/849/761 764/850/762 680/851/763
f 680/851/763 764/850/762 766/852/764
f 680/851/763 766/852/764 679/853/765
f 679/853/765 766/852/764 768/854/766
f 679/853/765 768/854/766 678/855/767
f 678/855/767 768/854/766 770/856/768
f 678/855/767 770/856/768 677/857/769
f 677/857/769 770/856/768 772/858/770
f 677/857/769 772/858/770 676/859/771
f 676/859/771 772/858/770 774/860/772
f 676/859/771 774/860/772 675/861/773
f 675/861/773 774/860/772 708/862/774
f 675/861/773 708/862/774 674/863/775
f 674/864/775 708/865/774 776/866/776
f 674/864/775 776/866/776 673/867/777
f 673/867/777 776/866/776 778/868/778
f 673/867/777 778/868/778 672/869/779
f 672/869/779 778/868/778 780/870/780
f 672/869/779 780/870/780 671/871/781
f 671/871/781 780/870/780 782/872/782
f 671/871/781 782/872/782 670/873/783
f 670/873/783 782/872/782 784/874/784
f 670/873/783 784/874/784 669/875/785
f 669/875/785 784/874/784 786/876/786
f 669/875/785 786/876/786 668/877/787
f 668/877/787 786/876/786 788/878/788
f 668/877/787 788/878/788 667/879/789
f 667/879/789 788/878/788 790/880/790
f 667/879/789 790/880/790 666/881/791
f 666/881/791 790/880/790 792/882/792
f 666/881/791 792/882/792 665/883/793
f 665/883/793 792/882/792 794/884/794
f 665/883/793 794/884/794 664/885/795
f 664/885/795 794/884/794 796/886/796
f 664/885/795 796/886/796 663/887/797
f 663/887/797 796/886/796 798/888/798
f 663/887/797 798/888/798 662/889/799
f 662/889/799 798/888/798 800/890/800
f 662/889/799 800/890/800 661/891/801
f 661/891/801 800/890/800 802/892/802
f 661/891/801 802/892/802 660/893/803
f 660/893/803 802/892/802 804/894/804
f 660/893/803 804/894/804 659/895/805
f 659/895/805 804/894/804 806/896/806
f 659/895/805 806/896/806 658/897/807
f 658/897/807 806/896/806 808/898/808
f 658/897/807 808/898/808 657/899/809
f 657/899/809 808/898/808 810/900/810
f 657/899/809 810/900/810 656/901/811
f 656/901/811 810/900/810 812/902/812
f 656/901/811 812/902/812 655/903/813
f 655/903/813 812/902/812 814/904/814
f 655/903/813 814/904/814 654/905/815
f 654/905/815 814/904/814 816/906/816
f 654/905/815 816/906/816 653/907/817
f 653/907/817 816/906/816 818/908/818
f 653/907/817 818/908/818 652/909/819
f 652/909/819 818/908/818 820/910/820
f 652/909/819 820/910/820 651/911/821
f 651/911/821 820/910/820 822/912/822
f 651/911/821 822/912/822 650/913/823
f 650/913/823 822/912/822 824/914/824
f 650/913/823 824/914/824 649/915/825
f 649/915/825 824/914/824 826/916/826
f 649/915/825 826/916/826 648/917/827
f 648/917/827 826/916/826 828/918/828
f 648/917/827 828/918/828 647/919/829
f 647/919/829 828/918/828 830/920/830
f 647/919/829 830/920/830 646/921/831
f 646/921/831 830/920/830 832/922/832
f 646/921/831 832/922/832 645/923/833
f 645/923/833 832/922/832 834/924/834
f 645/923/833 834/924/834 644/925/835
f 644/925/835 834/924/834 836/926/836
f 644/925/835 836/926/836 643/795/707
f 643/795/707 836/926/836 711/796/708
f 707/733/644 708/862/774 773/734/646
f 773/734/646 708/862/774 774/860/772
f 773/734/646 774/860/772 771/736/648
f 771/736/648 774/860/772 772/858/770
f 771/736/648 772/858/770 769/738/650
f 769/738/650 772/858/770 770/856/768
f 769/738/650 770/856/768 767/740/652
f 767/740/652 770/856/768 768/854/766
f 767/740/652 768/854/766 765/742/654
f 765/742/654 768/854/766 766/852/764
f 765/742/654 766/852/764 763/744/656
f 763/744/656 766/852/764 764/850/762
f 763/744/656 764/850/762 761/746/658
f 761/746/658 764/850/762 762/848/760
f 761/746/658 762/848/760 759/748/660
f 759/748/660 762/848/760 760/846/758
f 759/748/660 760/846/758 757/750/662
f 757/750/662 760/846/758 758/844/756
f 757/750/662 758/844/756 755/752/664
f 755/752/664 758/844/756 756/842/754
f 755/752/664 756/842/754 753/754/666
f 753/754/666 756/842/754 754/840/752
f 753/754/666 754/840/752 751/756/668
f 751/756/668 754/840/752 752/838/750
f 751/756/668 752/838/750 749/758/670
f 749/758/670 752/838/750 750/836/748
f 749/758/670 750/836/748 747/760/672
f 747/760/672 750/836/748 748/834/746
f 747/760/672 748/834/746 745/762/674
f 745/762/674 748/834/746 746/832/744
f 745/762/674 746/832/744 743/764/676
f 743/764/676 746/832/744 744/830/742
f 743/764/676 744/830/742 741/766/678
f 741/766/678 744/830/742 742/828/740
f 741/766/678 742/828/740 739/768/680
f 739/768/680 742/828/740 740/826/738
f 739/768/680 740/826/738 737/770/682
f 737/770/682 740/826/738 738/824/736
f 737/770/682 738/824/736 735/772/684
f 735/772/684 738/824/736 736/822/734
f 735/772/684 736/822/734 733/774/686
f 733/774/686 736/822/734 734/820/732
f 733/774/686 734/820/732 731/776/688
f 731/776/688 734/820/732 732/818/730
f 731/776/688 732/818/730 729/778/690
f 729/778/690 732/818/730 730/816/728
f 729/778/690 730/816/728 727/780/692
f 727/780/692 730/816/728 728/814/726
f 727/780/692 728/814/726 725/782/694
f 725/782/694 728/814/726 726/812/724
f 725/782/694 726/812/724 723/784/696
f 723/784/696 726/812/724 724/810/722
f 723/784/696 724/810/722 721/786/698
f 721/786/698 724/810/722 722/808/720
f 721/786/698 722/808/720 719/788/700
f 719/788/700 722/808/720 720/806/718
f 719/788/700 720/806/718 717/790/702
f 717/790/702 720/806/718 718/804/716
f 717/790/702 718/804/716 715/792/704
f 715/792/704 718/804/716 716/802/714
f 715/792/704 716/802/714 713/794/706
f 713/794/706 716/802/714 714/800/712
f 713/794/706 714/800/712 709/664/578
f 709/664/578 714/800/712 710/798/710
f 709/664/578 710/798/710 712/666/580
f 712/666/580 710/798/710 711/796/708
f 712/666/580 711/796/708 835/668/582
f 835/668/582 711/796/708 836/926/836
f 835/668/582 836/926/836 833/670/584
f 833/670/584 836/926/836 834/924/834
f 833/670/584 834/924/834 831/672/586
f 831/672/586 834/924/834 832/922/832
f 831/672/586 832/922/832 829/674/588
f 829/674/588 832/922/832 830/920/830
f 829/674/588 830/920/830 827/676/590
f 827/676/590 830/920/830 828/918/828
f 827/676/590 828/918/828 825/678/592
f 825/678/592 828/918/828 826/916/826
f 825/678/592 826/916/826 823/680/594
f 823/680/594 826/916/826 824/914/824
f 823/680/594 824/914/824 821/682/596
f 821/682/596 824/914/824 822/912/822
f 821/682/596 822/912/822 819/684/598
f 819/684/598 822/912/822 820/910/820
f 819/684/598 820/910/820 817/686/600
f 817/686/600 820/910/820 818/908/818
f 817/686/600 818/908/818 815/688/602
f 815/688/602 818/908/818 816/906/816
f 815/688/602 816/906/816 813/690/604
f 813/690/604 816/906/816 814/904/814
f 813/690/604 814/904/814 811/692/606
f 811/692/606 814/904/814 812/902/812
f 811/692/606 812/902/812 809/694/608
f 809/694/608 812/902/812 810/900/810
f 809/694/608 810/900/810 807/696/610
f 807/696/610 810/900/810 808/898/808
f 807/696/610 808/898/808 805/698/612
f 805/698/612 808/898/808 806/896/806
f 805/698/612 806/896/806 803/700/614
f 803/700/614 806/896/806 804/894/804
f 803/700/614 804/894/804 801/702/616
f 801/702/616 804/894/804 802/892/802
f 801/702/616 802/892/802 799/704/618
f 799/704/618 802/892/802 800/890/800
f 799/704/618 800/890/800 797/706/620
f 797/706/620 800/890/800 798/888/798
f 797/706/620 798/888/798 795/708/622
f 795/708/622 798/888/798 796/886/796
f 795/708/622 796/886/796 793/710/624
f 793/710/624 796/886/796 794/884/794
f 793/710/624 794/884/794 791/712/626
f 791/712/626 794/884/794 792/882/792
f 791/712/626 792/882/792 789/714/628
f 789/714/628 792/882/792 790/880/790
f 789/714/628 790/880/790 787/716/630
f 787/716/630 790/880/790 788/878/788
f 787/716/630 788/878/788 785/718/632
f 785/718/632 788/878/788 786/876/786
f 785/718/632 786/876/786 783/720/634
f 783/720/634 786/876/786 784/874/784
f 783/720/634 784/874/784 781/722/636
f 781/722/636 784/874/784 782/872/782
f 781/722/636 782/872/782 779/724/638
f 779/724/638 782/872/782 780/870/780
f 779/724/638 780/870/780 777/726/640
f 777/726/640 780/870/780 778/868/778
f 777/726/640 778/868/778 775/728/642
f 775/728/642 778/868/778 776/866/776
f 775/728/642 776/866/776 707/730/644
f 707/730/644 776/866/776 708/865/774
f 128/927/133 643/928/707 65/929/131
f 65/929/131 643/928/707 642/930/709
f 65/929/131 642/930/709 706/931/711
f 643/928/707 128/927/133 644/932/835
f 644/932/835 128/927/133 127/933/135
f 644/932/835 127/933/135 645/934/833
f 645/934/833 127/933/135 126/935/137
f 645/934/833 126/935/137 457/936/837
f 457/936/837 126/935/137 458/937/838
f 458/937/838 126/935/137 125/938/139
f 458/937/838 125/938/139 459/939/839
f 459/939/839 125/938/139 460/940/840
f 460/940/840 125/938/139 461/941/841
f 461/941/841 125/938/139 462/942/842
f 462/942/842 125/938/139 463/943/843
f 463/943/843 125/938/139 464/944/844
f 464/944/844 125/938/139 124/945/141
f 464/944/844 124/945/141 449/946/845
f 449/946/845 124/945/141 647/947/829
f 449/946/845 647/947/829 646/948/831
f 647/947/829 124/945/141 648/949/827
f 648/949/827 124/945/141 123/950/143
f 648/949/827 123/950/143 649/951/825
f 649/951/825 123/950/143 122/952/145
f 649/951/825 122/952/145 650/953/823
f 650/953/823 122/952/145 121/954/147
f 650/953/823 121/954/147 651/955/821
f 651/955/821 121/954/147 120/956/149
f 651/955/821 120/956/149 652/957/819
f 652/957/819 120/956/149 119/958/151
f 652/957/819 119/958/151 653/959/817
f 653/959/817 119/958/151 118/960/153
f 653/959/817 118/960/153 425/961/846
f 425/961/846 118/960/153 426/962/847
f 426/962/847 118/960/153 117/963/155
f 426/962/847 117/963/155 427/964/848
f 427/964/848 117/963/155 428/965/849
f 428/965/849 117/963/155 429/966/850
f 429/966/850 117/963/155 430/967/851
f 430/967/851 117/963/155 431/968/852
f 431/968/852 117/963/155 432/969/853
f 432/969/853 117/963/155 116/970/157
f 432/969/853 116/970/157 417/971/854
f 417/971/854 116/970/157 655/972/813
f 417/971/854 655/972/813 654/973/815
f 655/972/813 116/970/157 656/974/811
f 656/974/811 116/970/157 115/975/159
f 656/974/811 115/975/159 657/976/809
f 657/976/809 115/975/159 114/977/161
f 657/976/809 114/977/161 658/978/807
f 658/978/807 114/977/161 113/979/163
f 658/978/807 113/979/163 659/980/805
f 659/980/805 113/979/163 112/981/165
f 659/980/805 112/981/165 660/982/803
f 660/982/803 112/981/165 111/983/167
f 660/982/803 111/983/167 661/984/801
f 661/984/801 111/983/167 110/985/169
f 661/984/801 110/985/169 662/986/799
f 662/986/799 110/985/169 393/987/855
f 662/986/799 393/987/855 392/988/856
f 393/987/855 110/985/169 394/989/857
f 394/989/857 110/985/169 109/990/171
f 394/989/857 109/990/171 395/991/858
f 395/991/858 109/990/171 396/992/859
f 396/992/859 109/990/171 397/993/860
f 397/993/860 109/990/171 398/994/861
f 398/994/861 109/990/171 399/995/862
f 399/995/862 109/990/171 400/996/863
f 400/996/863 109/990/171 108/997/173
f 400/996/863 108/997/173 385/998/864
f 385/998/864 108/997/173 663/999/797
f 385/998/864 663/999/797 662/986/799
f 663/999/797 108/997/173 664/1000/795
f 664/1000/795 108/997/173 107/1001/175
f 664/1000/795 107/1001/175 665/1002/793
f 665/1002/793 107/1001/175 106/1003/177
f 665/1002/793 106/1003/177 666/1004/791
f 666/1004/791 106/1003/177 105/1005/179
f 666/1004/791 105/1005/179 667/1006/789
f 667/1006/789 105/1005/179 104/1007/181
f 667/1006/789 104/1007/181 668/1008/787
f 668/1008/787 104/1007/181 103/1009/183
f 668/1008/787 103/1009/183 669/1010/785
f 669/1010/785 103/1009/183 102/1011/185
f 669/1010/785 102/1011/185 670/1012/783
f 670/1012/783 102/1011/185 353/1013/865
f 670/1012/783 353/1013/865 368/1014/866
f 353/1013/865 102/1011/185 354/1015/867
f 354/1015/867 102/1011/185 101/1016/187
f 354/1015/867 101/1016/187 355/1017/868
f 355/1017/868 101/1016/187 356/1018/869
f 356/1018/869 101/1016/187 357/1019/870
f 357/1019/870 101/1016/187 358/1020/871
f 358/1020/871 101/1016/187 359/1021/872
f 359/1021/872 101/1016/187 360/1022/873
f 360/1022/873 101/1016/187 100/1023/189
f 360/1022/873 100/1023/189 361/1024/874
f 361/1024/874 100/1023/189 671/1025/781
f 361/1024/874 671/1025/781 362/1026/875
f 362/1026/875 671/1025/781 363/1027/876
f 363/1027/876 671/1025/781 364/1028/877
f 364/1028/877 671/1025/781 670/1012/783
f 364/1028/877 670/1012/783 365/1029/878
f 365/1029/878 670/1012/783 366/1030/879
f 366/1030/879 670/1012/783 367/1031/880
f 367/1031/880 670/1012/783 368/1014/866
f 671/1025/781 100/1023/189 672/1032/779
f 672/1032/779 100/1023/189 99/1033/191
f 672/1032/779 99/1033/191 673/1034/777
f 673/1034/777 99/1033/191 98/1035/193
f 673/1034/777 98/1035/193 674/1036/775
f 674/1036/775 98/1035/193 97/1037/195
f 674/1036/775 97/1037/195 675/1038/773
f 675/1039/773 97/1040/195 96/1041/197
f 675/1039/773 96/1041/197 676/1042/771
f 676/1042/771 96/1041/197 95/1043/199
f 676/1042/771 95/1043/199 677/1044/769
f 677/1044/769 95/1043/199 94/1045/201
f 677/1044/769 94/1045/201 678/1046/767
f 678/1046/767 94/1045/201 329/1047/881
f 678/1046/767 329/1047/881 328/1048/882
f 329/1047/881 94/1045/201 330/1049/883
f 330/1049/883 94/1045/201 93/1050/203
f 330/1049/883 93/1050/203 331/1051/884
f 331/1051/884 93/1050/203 332/1052/885
f 332/1052/885 93/1050/203 333/1053/886
f 333/1053/886 93/1050/203 334/1054/887
f 334/1054/887 93/1050/203 335/1055/888
f 335/1055/888 93/1050/203 336/1056/889
f 336/1056/889 93/1050/203 92/1057/205
f 336/1056/889 92/1057/205 321/1058/890
f 321/1058/890 92/1057/205 679/1059/765
f 321/1058/890 679/1059/765 322/1060/891
f 322/1060/891 679/1059/765 323/1061/892
f 323/1061/892 679/1059/765 324/1062/893
f 324/1062/893 679/1059/765 325/1063/894
f 325/1063/894 679/1059/765 326/1064/895
f 326/1064/895 679/1059/765 678/1046/767
f 326/1064/895 678/1046/767 327/1065/896
f 327/1065/896 678/1046/767 328/1048/882
f 679/1059/765 92/1057/205 680/1066/763
f 680/1066/763 92/1057/205 91/1067/207
f 680/1066/763 91/1067/207 681/1068/761
f 681/1068/761 91/1067/207 90/1069/209
f 681/1068/761 90/1069/209 682/1070/759
f 682/1070/759 90/1069/209 89/1071/211
f 682/1070/759 89/1071/211 683/1072/757
f 683/1072/757 89/1071/211 88/1073/213
f 683/1072/757 88/1073/213 684/1074/755
f 684/1074/755 88/1073/213 87/1075/215
f 684/1074/755 87/1075/215 685/1076/753
f 685/1076/753 87/1075/215 86/1077/217
f 685/1076/753 86/1077/217 686/1078/751
f 686/1078/751 86/1077/217 553/1079/897
f 686/1078/751 553/1079/897 552/1080/898
f 553/1079/897 86/1077/217 554/1081/899
f 554/1081/899 86/1077/217 85/1082/219
f 554/1081/899 85/1082/219 555/1083/900
f 555/1083/900 85/1082/219 556/1084/901
f 556/1084/901 85/1082/219 557/1085/902
f 557/1085/902 85/1082/219 558/1086/903
f 558/1086/903 85/1082/219 559/1087/904
f 559/1087/904 85/1082/219 560/1088/905
f 560/1088/905 85/1082/219 84/1089/221
f 560/1088/905 84/1089/221 545/1090/906
f 545/1090/906 84/1089/221 687/1091/749
f 545/1090/906 687/1091/749 546/1092/907
f 546/1092/907 687/1091/749 547/1093/908
f 547/1093/908 687/1091/749 548/1094/909
f 548/1094/909 687/1091/749 549/1095/910
f 549/1095/910 687/1091/749 550/1096/911
f 550/1096/911 687/1091/749 551/1097/912
f 551/1097/912 687/1091/749 552/1080/898
f 552/1080/898 687/1091/749 686/1078/751
f 687/1091/749 84/1089/221 688/1098/747
f 688/1098/747 84/1089/221 83/1099/223
f 688/1098/747 83/1099/223 689/1100/745
f 689/1100/745 83/1099/223 82/1101/225
f 689/1100/745 82/1101/225 690/1102/743
f 690/1102/743 82/1101/225 81/1103/227
f 690/1102/743 81/1103/227 691/1104/741
f 691/1104/741 81/1103/227 80/1105/229
f 691/1104/741 80/1105/229 692/1106/739
f 692/1106/739 80/1105/229 79/1107/231
f 692/1106/739 79/1107/231 693/1108/737
f 693/1108/737 79/1107/231 78/1109/233
f 693/1108/737 78/1109/233 694/1110/735
f 694/1110/735 78/1109/233 521/1111/913
f 694/1110/735 521/1111/913 695/1112/733
f 695/1112/733 521/1111/913 520/1113/914
f 695/1112/733 520/1113/914 519/1114/915
f 521/1111/913 78/1109/233 522/1115/916
f 522/1115/916 78/1109/233 77/1116/235
f 522/1115/916 77/1116/235 523/1117/917
f 523/1117/917 77/1116/235 524/1118/918
f 524/1118/918 77/1116/235 525/1119/919
f 525/1119/919 77/1116/235 526/1120/920
f 526/1120/920 77/1116/235 527/1121/921
f 527/1121/921 77/1116/235 528/1122/922
f 528/1122/922 77/1116/235 76/1123/237
f 528/1122/922 76/1123/237 513/1124/923
f 513/1124/923 76/1123/237 695/1112/733
f 513/1124/923 695/1112/733 514/1125/924
f 514/1125/924 695/1112/733 515/1126/925
f 515/1126/925 695/1112/733 516/1127/926
f 516/1127/926 695/1112/733 517/1128/927
f 517/1128/927 695/1112/733 518/1129/928
f 518/1129/928 695/1112/733 519/1114/915
f 695/1112/733 76/1123/237 696/1130/731
f 696/1130/731 76/1123/237 75/1131/239
f 696/1130/731 75/1131/239 697/1132/729
f 697/1132/729 75/1131/239 74/1133/241
f 697/1132/729 74/1133/241 698/1134/727
f 698/1134/727 74/1133/241 73/1135/243
f 698/1134/727 73/1135/243 699/1136/725
f 699/1136/725 73/1135/243 72/1137/245
f 699/1136/725 72/1137/245 700/1138/723
f 700/1138/723 72/1137/245 71/1139/247
f 700/1138/723 71/1139/247 701/1140/721
f 701/1140/721 71/1139/247 70/1141/249
f 701/1140/721 70/1141/249 702/1142/719
f 702/1142/719 70/1141/249 489/1143/929
f 702/1142/719 489/1143/929 703/1144/717
f 703/1144/717 489/1143/929 488/1145/930
f 703/1144/717 488/1145/930 487/1146/931
f 489/1143/929 70/1141/249 490/1147/932
f 490/1147/932 70/1141/249 69/1148/251
f 490/1147/932 69/1148/251 491/1149/933
f 491/1149/933 69/1148/251 492/1150/934
f 492/1150/934 69/1148/251 493/1151/935
f 493/1151/935 69/1148/251 494/1152/936
f 494/1152/936 69/1148/251 495/1153/937
f 495/1153/937 69/1148/251 496/1154/938
f 496/1154/938 69/1148/251 68/1155/253
f 496/1154/938 68/1155/253 481/1156/939
f 481/1156/939 68/1155/253 704/1157/715
f 481/1156/939 704/1157/715 703/1144/717
f 68/1155/253 67/1158/255 704/1157/715
f 704/1157/715 67/1158/255 705/1159/713
f 705/1159/713 67/1158/255 66/1160/129
f 705/1159/713 66/1160/129 706/931/711
f 706/931/711 66/1160/129 65/929/131
f 487/1146/931 486/1161/940 703/1144/717
f 703/1144/717 486/1161/940 485/1162/941
f 703/1144/717 485/1162/941 484/1163/942
f 484/1163/942 483/1164/943 703/1144/717
f 703/1144/717 483/1164/943 482/1165/944
f 703/1144/717 482/1165/944 481/1156/939
f 653/959/817 425/961/846 654/973/815
f 654/973/815 425/961/846 424/1166/945
f 654/973/815 424/1166/945 423/1167/946
f 645/934/833 457/936/837 646/948/831
f 646/948/831 457/936/837 456/1168/947
f 646/948/831 456/1168/947 455/1169/948
f 455/1169/948 454/1170/949 646/948/831
f 646/948/831 454/1170/949 453/1171/950
f 646/948/831 453/1171/950 452/1172/951
f 452/1172/951 451/1173/952 646/948/831
f 646/948/831 451/1173/952 450/1174/953
f 646/948/831 450/1174/953 449/946/845
f 423/1167/946 422/1175/954 654/973/815
f 654/973/815 422/1175/954 421/1176/955
f 654/973/815 421/1176/955 420/1177/956
f 420/1177/956 419/1178/957 654/973/815
f 654/973/815 419/1178/957 418/1179/958
f 654/973/815 418/1179/958 417/971/854
f 392/988/856 391/1180/959 662/986/799
f 662/986/799 391/1180/959 390/1181/960
f 662/986/799 390/1181/960 389/1182/961
f 389/1182/961 388/1183/962 662/986/799
f 662/986/799 388/1183/962 387/1184/963
f 662/986/799 387/1184/963 386/1185/964
f 386/1185/964 385/998/864 662/986/799
f 838/1186/965 902/1187/966 837/1188/967
f 837/1188/967 902/1187/966 903/1189/968
f 837/1188/967 903/1189/968 901/1190/969
f 901/1190/969 903/1189/968 904/1191/970
f 901/1190/969 904/1191/970 900/1192/971
f 900/1192/971 904/1191/970 905/1193/972
f 900/1192/971 905/1193/972 899/1194/973
f 899/1194/973 905/1193/972 473/1195/974
f 899/1194/973 473/1195/974 898/1196/975
f 898/1196/975 473/1195/974 472/1197/976
f 898/1196/975 472/1197/976 471/1198/977
f 902/1187/966 838/1186/965 966/1199/978
f 966/1199/978 838/1186/965 839/1200/979
f 966/1199/978 839/1200/979 965/1201/980
f 965/1201/980 839/1200/979 840/1202/981
f 965/1201/980 840/1202/981 964/1203/982
f 964/1203/982 840/1202/981 497/1204/983
f 964/1203/982 497/1204/983 512/1205/984
f 840/1202/981 841/1206/985 497/1204/983
f 497/1204/983 841/1206/985 498/1207/986
f 498/1207/986 841/1206/985 499/1208/987
f 499/1208/987 841/1206/985 500/1209/988
f 500/1209/988 841/1206/985 501/1210/989
f 501/1210/989 841/1206/985 502/1211/990
f 502/1211/990 841/1206/985 503/1212/991
f 503/1212/991 841/1206/985 504/1213/992
f 504/1213/992 841/1206/985 842/1214/993
f 504/1213/992 842/1214/993 505/1215/994
f 505/1215/994 842/1214/993 962/1216/995
f 505/1215/994 962/1216/995 506/1217/996
f 506/1217/996 962/1216/995 963/1218/997
f 506/1217/996 963/1218/997 507/1219/998
f 507/1219/998 963/1218/997 508/1220/999
f 508/1220/999 963/1218/997 509/1221/1000
f 509/1221/1000 963/1218/997 510/1222/1001
f 510/1222/1001 963/1218/997 511/1223/1002
f 511/1223/1002 963/1218/997 512/1205/984
f 512/1205/984 963/1218/997 964/1203/982
f 842/1214/993 843/1224/1003 962/1216/995
f 962/1216/995 843/1224/1003 961/1225/1004
f 961/1225/1004 843/1224/1003 844/1226/1005
f 961/1225/1004 844/1226/1005 960/1227/1006
f 960/1227/1006 844/1226/1005 845/1228/1007
f 960/1227/1006 845/1228/1007 959/1229/1008
f 959/1229/1008 845/1228/1007 846/1230/1009
f 959/1229/1008 846/1230/1009 958/1231/1010
f 958/1231/1010 846/1230/1009 847/1232/1011
f 958/1231/1010 847/1232/1011 957/1233/1012
f 957/1233/1012 847/1232/1011 848/1234/1013
f 957/1233/1012 848/1234/1013 956/1235/1014
f 956/1235/1014 848/1234/1013 849/1236/1015
f 956/1235/1014 849/1236/1015 955/1237/1016
f 955/1237/1016 849/1236/1015 529/1238/1017
f 955/1237/1016 529/1238/1017 544/1239/1018
f 850/1240/1019 536/1241/1020 849/1236/1015
f 849/1236/1015 536/1241/1020 535/1242/1021
f 849/1236/1015 535/1242/1021 534/1243/1022
f 851/1244/1023 954/1245/1024 850/1240/1019
f 850/1240/1019 954/1245/1024 537/1246/1025
f 850/1240/1019 537/1246/1025 536/1241/1020
f 954/1245/1024 851/1244/1023 953/1247/1026
f 953/1247/1026 851/1244/1023 852/1248/1027
f 953/1247/1026 852/1248/1027 952/1249/1028
f 952/1249/1028 852/1248/1027 853/1250/1029
f 952/1249/1028 853/1250/1029 951/1251/1030
f 951/1251/1030 853/1250/1029 854/1252/1031
f 951/1251/1030 854/1252/1031 950/1253/1032
f 950/1253/1032 854/1252/1031 855/1254/1033
f 950/1253/1032 855/1254/1033 949/1255/1034
f 949/1255/1034 855/1254/1033 856/1256/1035
f 949/1255/1034 856/1256/1035 948/1257/1036
f 948/1257/1036 856/1256/1035 857/1258/1037
f 948/1257/1036 857/1258/1037 947/1259/1038
f 947/1259/1038 857/1258/1037 561/1260/1039
f 947/1259/1038 561/1260/1039 576/1261/1040
f 858/1262/1041 567/1263/1042 857/1258/1037
f 857/1258/1037 567/1263/1042 566/1264/1043
f 857/1258/1037 566/1264/1043 565/1265/1044
f 859/1266/1045 946/1267/1046 858/1262/1041
f 858/1262/1041 946/1267/1046 569/1268/1047
f 858/1262/1041 569/1268/1047 568/1269/1048
f 946/1267/1046 859/1266/1045 945/1270/1049
f 945/1270/1049 859/1266/1045 860/1271/1050
f 945/1270/1049 860/1271/1050 944/1272/1051
f 944/1272/1051 860/1271/1050 861/1273/1052
f 944/1272/1051 861/1273/1052 943/1274/1053
f 943/1274/1053 861/1273/1052 862/1275/1054
f 943/1274/1053 862/1275/1054 942/1276/1055
f 942/1276/1055 862/1275/1054 863/1277/1056
f 942/1276/1055 863/1277/1056 941/1278/1057
f 941/1278/1057 863/1277/1056 864/1279/1058
f 941/1278/1057 864/1279/1058 940/1280/1059
f 940/1280/1059 864/1279/1058 865/1281/1060
f 940/1280/1059 865/1281/1060 939/1282/1061
f 939/1282/1061 865/1281/1060 337/1283/1062
f 939/1282/1061 337/1283/1062 352/1284/1063
f 866/1285/1064 341/1286/1065 865/1281/1060
f 865/1281/1060 341/1286/1065 340/1287/1066
f 865/1281/1060 340/1287/1066 339/1288/1067
f 867/1289/1068 938/1290/1069 866/1285/1064
f 866/1285/1064 938/1290/1069 345/1291/1070
f 866/1285/1064 345/1291/1070 344/1292/1071
f 938/1290/1069 867/1289/1068 937/1293/1072
f 937/1293/1072 867/1289/1068 868/1294/1073
f 937/1293/1072 868/1294/1073 936/1295/1074
f 936/1295/1074 868/1294/1073 869/1296/1075
f 936/1295/1074 869/1296/1075 935/1297/1076
f 935/1297/1076 869/1296/1075 870/1298/1077
f 935/1297/1076 870/1298/1077 934/1299/1078
f 934/1300/1078 870/1301/1077 871/1302/1079
f 934/1300/1078 871/1302/1079 933/1303/1080
f 933/1303/1080 871/1302/1079 872/1304/1081
f 933/1303/1080 872/1304/1081 932/1305/1082
f 932/1305/1082 872/1304/1081 873/1306/1083
f 932/1305/1082 873/1306/1083 931/1307/1084
f 931/1307/1084 873/1306/1083 369/1308/1085
f 931/1307/1084 369/1308/1085 384/1309/1086
f 874/1310/1087 372/1311/1088 873/1306/1083
f 873/1306/1083 372/1311/1088 371/1312/1089
f 873/1306/1083 371/1312/1089 370/1313/1090
f 875/1314/1091 930/1315/1092 874/1310/1087
f 874/1310/1087 930/1315/1092 377/1316/1093
f 874/1310/1087 377/1316/1093 376/1317/1094
f 930/1315/1092 875/1314/1091 929/1318/1095
f 929/1318/1095 875/1314/1091 876/1319/1096
f 929/1318/1095 876/1319/1096 928/1320/1097
f 928/1320/1097 876/1319/1096 877/1321/1098
f 928/1320/1097 877/1321/1098 927/1322/1099
f 927/1322/1099 877/1321/1098 878/1323/1100
f 927/1322/1099 878/1323/1100 926/1324/1101
f 926/1324/1101 878/1323/1100 879/1325/1102
f 926/1324/1101 879/1325/1102 925/1326/1103
f 925/1326/1103 879/1325/1102 880/1327/1104
f 925/1326/1103 880/1327/1104 924/1328/1105
f 924/1328/1105 880/1327/1104 881/1329/1106
f 924/1328/1105 881/1329/1106 923/1330/1107
f 923/1330/1107 881/1329/1106 401/1331/1108
f 923/1330/1107 401/1331/1108 416/1332/1109
f 882/1333/1110 403/1334/1111 881/1329/1106
f 881/1329/1106 403/1334/1111 402/1335/1112
f 881/1329/1106 402/1335/1112 401/1331/1108
f 883/1336/1113 922/1337/1114 882/1333/1110
f 882/1333/1110 922/1337/1114 409/1338/1115
f 882/1333/1110 409/1338/1115 408/1339/1116
f 922/1337/1114 883/1336/1113 921/1340/1117
f 921/1340/1117 883/1336/1113 884/1341/1118
f 921/1340/1117 884/1341/1118 920/1342/1119
f 920/1342/1119 884/1341/1118 885/1343/1120
f 920/1342/1119 885/1343/1120 919/1344/1121
f 919/1344/1121 885/1343/1120 886/1345/1122
f 919/1344/1121 886/1345/1122 918/1346/1123
f 918/1346/1123 886/1345/1122 887/1347/1124
f 918/1346/1123 887/1347/1124 917/1348/1125
f 917/1348/1125 887/1347/1124 888/1349/1126
f 917/1348/1125 888/1349/1126 916/1350/1127
f 916/1350/1127 888/1349/1126 889/1351/1128
f 916/1350/1127 889/1351/1128 915/1352/1129
f 915/1352/1129 889/1351/1128 433/1353/1130
f 915/1352/1129 433/1353/1130 448/1354/1131
f 433/1353/1130 889/1351/1128 434/1355/1132
f 434/1355/1132 889/1351/1128 890/1356/1133
f 434/1355/1132 890/1356/1133 435/1357/1134
f 435/1357/1134 890/1356/1133 436/1358/1135
f 436/1358/1135 890/1356/1133 437/1359/1136
f 437/1359/1136 890/1356/1133 438/1360/1137
f 438/1360/1137 890/1356/1133 439/1361/1138
f 439/1361/1138 890/1356/1133 440/1362/1139
f 440/1362/1139 890/1356/1133 441/1363/1140
f 441/1363/1140 890/1356/1133 914/1364/1141
f 441/1363/1140 914/1364/1141 442/1365/1142
f 442/1365/1142 914/1364/1141 443/1366/1143
f 443/1366/1143 914/1364/1141 444/1367/1144
f 444/1367/1144 914/1364/1141 445/1368/1145
f 445/1368/1145 914/1364/1141 446/1369/1146
f 446/1369/1146 914/1364/1141 447/1370/1147
f 447/1370/1147 914/1364/1141 915/1352/1129
f 447/1370/1147 915/1352/1129 448/1354/1131
f 890/1356/1133 891/1371/1148 914/1364/1141
f 914/1364/1141 891/1371/1148 913/1372/1149
f 913/1372/1149 891/1371/1148 892/1373/1150
f 913/1372/1149 892/1373/1150 912/1374/1151
f 912/1374/1151 892/1373/1150 893/1375/1152
f 912/1374/1151 893/1375/1152 911/1376/1153
f 911/1376/1153 893/1375/1152 894/1377/1154
f 911/1376/1153 894/1377/1154 910/1378/1155
f 910/1378/1155 894/1377/1154 895/1379/1156
f 910/1378/1155 895/1379/1156 909/1380/1157
f 909/1380/1157 895/1379/1156 896/1381/1158
f 909/1380/1157 896/1381/1158 908/1382/1159
f 908/1382/1159 896/1381/1158 897/1383/1160
f 908/1382/1159 897/1383/1160 907/1384/1161
f 907/1384/1161 897/1383/1160 465/1385/1162
f 907/1384/1161 465/1385/1162 480/1386/1163
f 465/1385/1162 897/1383/1160 466/1387/1164
f 466/1387/1164 897/1383/1160 898/1196/975
f 466/1387/1164 898/1196/975 467/1388/1165
f 467/1388/1165 898/1196/975 468/1389/1166
f 468/1389/1166 898/1196/975 469/1390/1167
f 469/1390/1167 898/1196/975 470/1391/1168
f 470/1391/1168 898/1196/975 471/1198/977
f 480/1386/1163 479/1392/1169 907/1384/1161
f 907/1384/1161 479/1392/1169 906/1393/1170
f 906/1393/1170 479/1392/1169 478/1394/1171
f 906/1393/1170 478/1394/1171 477/1395/1172
f 477/1395/1172 476/1396/1173 906/1393/1170
f 906/1393/1170 476/1396/1173 475/1397/1174
f 906/1393/1170 475/1397/1174 474/1398/1175
f 474/1398/1175 473/1195/974 906/1393/1170
f 906/1393/1170 473/1195/974 905/1193/972
f 416/1332/1109 415/1399/1176 923/1330/1107
f 923/1330/1107 415/1399/1176 414/1400/1177
f 923/1330/1107 414/1400/1177 922/1337/1114
f 922/1337/1114 414/1400/1177 413/1401/1178
f 922/1337/1114 413/1401/1178 412/1402/1179
f 412/1402/1179 411/1403/1180 922/1337/1114
f 922/1337/1114 411/1403/1180 410/1404/1181
f 922/1337/1114 410/1404/1181 409/1338/1115
f 408/1339/1116 407/1405/1182 882/1333/1110
f 882/1333/1110 407/1405/1182 406/1406/1183
f 882/1333/1110 406/1406/1183 405/1407/1184
f 405/1407/1184 404/1408/1185 882/1333/1110
f 882/1333/1110 404/1408/1185 403/1334/1111
f 384/1309/1086 383/1409/1186 931/1307/1084
f 931/1307/1084 383/1409/1186 382/1410/1187
f 931/1307/1084 382/1410/1187 381/1411/1188
f 931/1307/1084 381/1411/1188 930/1315/1092
f 930/1315/1092 381/1411/1188 380/1412/1189
f 930/1315/1092 380/1412/1189 379/1413/1190
f 379/1413/1190 378/1414/1191 930/1315/1092
f 930/1315/1092 378/1414/1191 377/1316/1093
f 376/1317/1094 375/1415/1192 874/1310/1087
f 874/1310/1087 375/1415/1192 374/1416/1193
f 874/1310/1087 374/1416/1193 373/1417/1194
f 373/1417/1194 372/1311/1088 874/1310/1087
f 370/1313/1090 369/1308/1085 873/1306/1083
f 939/1282/1061 348/1418/1195 938/1290/1069
f 938/1290/1069 348/1418/1195 347/1419/1196
f 938/1290/1069 347/1419/1196 346/1420/1197
f 569/1268/1047 946/1267/1046 570/1421/1198
f 570/1421/1198 946/1267/1046 947/1259/1038
f 570/1421/1198 947/1259/1038 571/1422/1199
f 571/1422/1199 947/1259/1038 572/1423/1200
f 572/1423/1200 947/1259/1038 573/1424/1201
f 573/1424/1201 947/1259/1038 574/1425/1202
f 574/1425/1202 947/1259/1038 575/1426/1203
f 575/1426/1203 947/1259/1038 576/1261/1040
f 537/1246/1025 954/1245/1024 538/1427/1204
f 538/1427/1204 954/1245/1024 955/1237/1016
f 538/1427/1204 955/1237/1016 539/1428/1205
f 539/1428/1205 955/1237/1016 540/1429/1206
f 540/1429/1206 955/1237/1016 541/1430/1207
f 541/1430/1207 955/1237/1016 542/1431/1208
f 542/1431/1208 955/1237/1016 543/1432/1209
f 543/1432/1209 955/1237/1016 544/1239/1018
f 568/1269/1048 567/1263/1042 858/1262/1041
f 565/1265/1044 564/1433/1210 857/1258/1037
f 857/1258/1037 564/1433/1210 563/1434/1211
f 857/1258/1037 563/1434/1211 562/1435/1212
f 562/1435/1212 561/1260/1039 857/1258/1037
f 534/1243/1022 533/1436/1213 849/1236/1015
f 849/1236/1015 533/1436/1213 532/1437/1214
f 849/1236/1015 532/1437/1214 531/1438/1215
f 531/1438/1215 530/1439/1216 849/1236/1015
f 849/1236/1015 530/1439/1216 529/1238/1017
f 352/1284/1063 351/1440/1217 939/1282/1061
f 939/1282/1061 351/1440/1217 350/1441/1218
f 939/1282/1061 350/1441/1218 349/1442/1219
f 349/1442/1219 348/1418/1195 939/1282/1061
f 346/1420/1197 345/1291/1070 938/1290/1069
f 344/1292/1071 343/1443/1220 866/1285/1064
f 866/1285/1064 343/1443/1220 342/1444/1221
f 866/1285/1064 342/1444/1221 341/1286/1065
f 339/1288/1067 338/1445/1222 865/1281/1060
f 865/1281/1060 338/1445/1222 337/1283/1062
f 968/1446/1223 1098/1447/1224 967/1448/1225
f 967/1448/1225 1098/1447/1224 1033/1449/1226
f 967/1448/1225 1033/1449/1226 1032/1450/1227
f 1032/1450/1227 1033/1449/1226 1034/1451/1228
f 1032/1450/1227 1034/1451/1228 1031/1452/1229
f 1031/1452/1229 1034/1451/1228 1035/1453/1230
f 1031/1452/1229 1035/1453/1230 1030/1454/1231
f 1030/1454/1231 1035/1453/1230 1036/1455/1232
f 1030/1454/1231 1036/1455/1232 1029/1456/1233
f 1029/1456/1233 1036/1455/1232 1037/1457/1234
f 1029/1456/1233 1037/1457/1234 1028/1458/1235
f 1028/1458/1235 1037/1457/1234 1038/1459/1236
f 1028/1458/1235 1038/1459/1236 1027/1460/1237
f 1027/1460/1237 1038/1459/1236 1039/1461/1238
f 1027/1460/1237 1039/1461/1238 1026/1462/1239
f 1026/1462/1239 1039/1461/1238 1040/1463/1240
f 1026/1462/1239 1040/1463/1240 1025/1464/1241
f 1025/1464/1241 1040/1463/1240 1041/1465/1242
f 1025/1464/1241 1041/1465/1242 1024/1466/1243
f 1024/1466/1243 1041/1465/1242 1042/1467/1244
f 1024/1466/1243 1042/1467/1244 1023/1468/1245
f 1023/1468/1245 1042/1467/1244 1043/1469/1246
f 1023/1468/1245 1043/1469/1246 1022/1470/1247
f 1022/1470/1247 1043/1469/1246 1044/1471/1248
f 1022/1470/1247 1044/1471/1248 1021/1472/1249
f 1021/1472/1249 1044/1471/1248 1045/1473/1250
f 1021/1472/1249 1045/1473/1250 1020/1474/1251
f 1020/1474/1251 1045/1473/1250 1046/1475/1252
f 1020/1474/1251 1046/1475/1252 1019/1476/1253
f 1019/1476/1253 1046/1475/1252 1047/1477/1254
f 1019/1476/1253 1047/1477/1254 1018/1478/1255
f 1018/1478/1255 1047/1477/1254 1048/1479/1256
f 1018/1478/1255 1048/1479/1256 1017/1480/1257
f 1017/1480/1257 1048/1479/1256 1049/1481/1258
f 1017/1480/1257 1049/1481/1258 1016/1482/1259
f 1016/1482/1259 1049/1481/1258 1050/1483/1260
f 1016/1482/1259 1050/1483/1260 1015/1484/1261
f 1015/1484/1261 1050/1483/1260 1051/1485/1262
f 1015/1484/1261 1051/1485/1262 1014/1486/1263
f 1014/1486/1263 1051/1485/1262 1052/1487/1264
f 1014/1486/1263 1052/1487/1264 1013/1488/1265
f 1013/1488/1265 1052/1487/1264 1053/1489/1266
f 1013/1488/1265 1053/1489/1266 1012/1490/1267
f 1012/1490/1267 1053/1489/1266 1054/1491/1268
f 1012/1490/1267 1054/1491/1268 1011/1492/1269
f 1011/1492/1269 1054/1491/1268 1055/1493/1270
f 1011/1492/1269 1055/1493/1270 1010/1494/1271
f 1010/1494/1271 1055/1493/1270 1056/1495/1272
f 1010/1494/1271 1056/1495/1272 1009/1496/1273
f 1009/1496/1273 1056/1495/1272 1057/1497/1274
f 1009/1496/1273 1057/1497/1274 1008/1498/1275
f 1008/1498/1275 1057/1497/1274 1058/1499/1276
f 1008/1498/1275 1058/1499/1276 1007/1500/1277
f 1007/1500/1277 1058/1499/1276 1059/1501/1278
f 1007/1500/1277 1059/1501/1278 1006/1502/1279
f 1006/1502/1279 1059/1501/1278 1060/1503/1280
f 1006/1502/1279 1060/1503/1280 1005/1504/1281
f 1005/1504/1281 1060/1503/1280 1061/1505/1282
f 1005/1504/1281 1061/1505/1282 1004/1506/1283
f 1004/1506/1283 1061/1505/1282 1062/1507/1284
f 1004/1506/1283 1062/1507/1284 1003/1508/1285
f 1003/1508/1285 1062/1507/1284 1063/1509/1286
f 1003/1508/1285 1063/1509/1286 1002/1510/1287
f 1002/1510/1287 1063/1509/1286 1064/1511/1288
f 1002/1510/1287 1064/1511/1288 1001/1512/1289
f 1001/1512/1289 1064/1511/1288 1065/1513/1290
f 1001/1512/1289 1065/1513/1290 1000/1514/1291
f 1000/1514/1291 1065/1513/1290 1066/1515/1292
f 1000/1516/1291 1066/1517/1292 999/1518/1293
f 999/1518/1293 1066/1517/1292 1067/1519/1294
f 999/1518/1293 1067/1519/1294 998/1520/1295
f 998/1520/1295 1067/1519/1294 1068/1521/1296
f 998/1520/1295 1068/1521/1296 997/1522/1297
f 997/1522/1297 1068/1521/1296 1069/1523/1298
f 997/1522/1297 1069/1523/1298 996/1524/1299
f 996/1524/1299 1069/1523/1298 1070/1525/1300
f 996/1524/1299 1070/1525/1300 995/1526/1301
f 995/1526/1301 1070/1525/1300 1071/1527/1302
f 995/1526/1301 1071/1527/1302 994/1528/1303
f 994/1528/1303 1071/1527/1302 1072/1529/1304
f 994/1528/1303 1072/1529/1304 993/1530/1305
f 993/1530/1305 1072/1529/1304 1073/1531/1306
f 993/1530/1305 1073/1531/1306 992/1532/1307
f 992/1532/1307 1073/1531/1306 1074/1533/1308
f 992/1532/1307 1074/1533/1308 991/1534/1309
f 991/1534/1309 1074/1533/1308 1075/1535/1310
f 991/1534/1309 1075/1535/1310 990/1536/1311
f 990/1536/1311 1075/1535/1310 1076/1537/1312
f 990/1536/1311 1076/1537/1312 989/1538/1313
f 989/1538/1313 1076/1537/1312 1077/1539/1314
f 989/1538/1313 1077/1539/1314 988/1540/1315
f 988/1540/1315 1077/1539/1314 1078/1541/1316
f 988/1540/1315 1078/1541/1316 987/1542/1317
f 987/1542/1317 1078/1541/1316 1079/1543/1318
f 987/1542/1317 1079/1543/1318 986/1544/1319
f 986/1544/1319 1079/1543/1318 1080/1545/1320
f 986/1544/1319 1080/1545/1320 985/1546/1321
f 985/1546/1321 1080/1545/1320 1081/1547/1322
f 985/1546/1321 1081/1547/1322 984/1548/1323
f 984/1548/1323 1081/1547/1322 1082/1549/1324
f 984/1548/1323 1082/1549/1324 983/1550/1325
f 983/1550/1325 1082/1549/1324 1083/1551/1326
f 983/1550/1325 1083/1551/1326 982/1552/1327
f 982/1552/1327 1083/1551/1326 1084/1553/1328
f 982/1552/1327 1084/1553/1328 981/1554/1329
f 981/1554/1329 1084/1553/1328 1085/1555/1330
f 981/1554/1329 1085/1555/1330 980/1556/1331
f 980/1556/1331 1085/1555/1330 1086/1557/1332
f 980/1556/1331 1086/1557/1332 979/1558/1333
f 979/1558/1333 1086/1557/1332 1087/1559/1334
f 979/1558/1333 1087/1559/1334 978/1560/1335
f 978/1560/1335 1087/1559/1334 1088/1561/1336
f 978/1560/1335 1088/1561/1336 977/1562/1337
f 977/1562/1337 1088/1561/1336 1089/1563/1338
f 977/1562/1337 1089/1563/1338 976/1564/1339
f 976/1564/1339 1089/1563/1338 1090/1565/1340
f 976/1564/1339 1090/1565/1340 975/1566/1341
f 975/1566/1341 1090/1565/1340 1091/1567/1342
f 975/1566/1341 1091/1567/1342 974/1568/1343
f 974/1568/1343 1091/1567/1342 1092/1569/1344
f 974/1568/1343 1092/1569/1344 973/1570/1345
f 973/1570/1345 1092/1569/1344 1093/1571/1346
f 973/1570/1345 1093/1571/1346 972/1572/1347
f 972/1572/1347 1093/1571/1346 1094/1573/1348
f 972/1572/1347 1094/1573/1348 971/1574/1349
f 971/1574/1349 1094/1573/1348 1095/1575/1350
f 971/1574/1349 1095/1575/1350 970/1576/1351
f 970/1576/1351 1095/1575/1350 1096/1577/1352
f 970/1576/1351 1096/1577/1352 969/1578/1353
f 969/1578/1353 1096/1577/1352 1097/1579/1354
f 969/1578/1353 1097/1579/1354 968/1446/1223
f 968/1446/1223 1097/1579/1354 1098/1447/1224
f 1100/1580/1355 1164/1581/1356 1099/1582/1357
f 1099/1582/1357 1164/1581/1356 1165/1583/1358
f 1099/1582/1357 1165/1583/1358 1163/1584/1359
f 1163/1584/1359 1165/1583/1358 1166/1585/1360
f 1163/1584/1359 1166/1585/1360 1162/1586/1361
f 1162/1586/1361 1166/1585/1360 1167/1587/1362
f 1162/1586/1361 1167/1587/1362 1161/1588/1363
f 1161/1588/1363 1167/1587/1362 1168/1589/1364
f 1161/1588/1363 1168/1589/1364 1160/1590/1365
f 1160/1590/1365 1168/1589/1364 1169/1591/1366
f 1160/1590/1365 1169/1591/1366 1159/1592/1367
f 1159/1592/1367 1169/1591/1366 1170/1593/1368
f 1159/1592/1367 1170/1593/1368 1158/1594/1369
f 1158/1594/1369 1170/1593/1368 1171/1595/1370
f 1158/1594/1369 1171/1595/1370 1157/1596/1371
f 1157/1596/1371 1171/1595/1370 1172/1597/1372
f 1157/1596/1371 1172/1597/1372 1156/1598/1373
f 1156/1598/1373 1172/1597/1372 1173/1599/1374
f 1156/1598/1373 1173/1599/1374 1155/1600/1375
f 1155/1600/1375 1173/1599/1374 1174/1601/1376
f 1155/1600/1375 1174/1601/1376 1154/1602/1377
f 1154/1602/1377 1174/1601/1376 1175/1603/1378
f 1154/1602/1377 1175/1603/1378 1153/1604/1379
f 1153/1604/1379 1175/1603/1378 1176/1605/1380
f 1153/1604/1379 1176/1605/1380 1152/1606/1381
f 1152/1606/1381 1176/1605/1380 1177/1607/1382
f 1152/1606/1381 1177/1607/1382 1151/1608/1383
f 1151/1608/1383 1177/1607/1382 1178/1609/1384
f 1151/1608/1383 1178/1609/1384 1150/1610/1385
f 1150/1610/1385 1178/1609/1384 1179/1611/1386
f 1150/1610/1385 1179/1611/1386 1149/1612/1387
f 1149/1612/1387 1179/1611/1386 1180/1613/1388
f 1149/1612/1387 1180/1613/1388 1148/1614/1389
f 1148/1614/1389 1180/1613/1388 1181/1615/1390
f 1148/1614/1389 1181/1615/1390 1147/1616/1391
f 1147/1616/1391 1181/1615/1390 1182/1617/1392
f 1147/1616/1391 1182/1617/1392 1146/1618/1393
f 1146/1618/1393 1182/1617/1392 1183/1619/1394
f 1146/1618/1393 1183/1619/1394 1145/1620/1395
f 1145/1620/1395 1183/1619/1394 1184/1621/1396
f 1145/1620/1395 1184/1621/1396 1144/1622/1397
f 1144/1622/1397 1184/1621/1396 1185/1623/1398
f 1144/1622/1397 1185/1623/1398 1143/1624/1399
f 1143/1624/1399 1185/1623/1398 1186/1625/1400
f 1143/1624/1399 1186/1625/1400 1142/1626/1401
f 1142/1626/1401 1186/1625/1400 1187/1627/1402
f 1142/1626/1401 1187/1627/1402 1141/1628/1403
f 1141/1628/1403 1187/1627/1402 1188/1629/1404
f 1141/1628/1403 1188/1629/1404 1140/1630/1405
f 1140/1630/1405 1188/1629/1404 1189/1631/1406
f 1140/1630/1405 1189/1631/1406 1139/1632/1407
f 1139/1632/1407 1189/1631/1406 1190/1633/1408
f 1139/1632/1407 1190/1633/1408 1138/1634/1409
f 1138/1634/1409 1190/1633/1408 1191/1635/1410
f 1138/1634/1409 1191/1635/1410 1137/1636/1411
f 1137/1636/1411 1191/1635/1410 1192/1637/1412
f 1137/1636/1411 1192/1637/1412 1136/1638/1413
f 1136/1638/1413 1192/1637/1412 1193/1639/1414
f 1136/1638/1413 1193/1639/1414 1135/1640/1415
f 1135/1640/1415 1193/1639/1414 1194/1641/1416
f 1135/1640/1415 1194/1641/1416 1134/1642/1417
f 1134/1642/1417 1194/1641/1416 1195/1643/1418
f 1134/1642/1417 1195/1643/1418 1133/1644/1419
f 1133/1644/1419 1195/1643/1418 1196/1645/1420
f 1133/1644/1419 1196/1645/1420 1132/1646/1421
f 1132/1647/1421 1196/1648/1420 1197/1649/1422
f 1132/1647/1421 1197/1649/1422 1131/1650/1423
f 1131/1650/1423 1197/1649/1422 1198/1651/1424
f 1131/1650/1423 1198/1651/1424 1130/1652/1425
f 1130/1652/1425 1198/1651/1424 1199/1653/1426
f 1130/1652/1425 1199/1653/1426 1129/1654/1427
f 1129/1654/1427 1199/1653/1426 1200/1655/1428
f 1129/1654/1427 1200/1655/1428 1128/1656/1429
f 1128/1656/1429 1200/1655/1428 1201/1657/1430
f 1128/1656/1429 1201/1657/1430 1127/1658/1431
f 1127/1658/1431 1201/1657/1430 1202/1659/1432
f 1127/1658/1431 1202/1659/1432 1126/1660/1433
f 1126/1660/1433 1202/1659/1432 1203/1661/1434
f 1126/1660/1433 1203/1661/1434 1125/1662/1435
f 1125/1662/1435 1203/1661/1434 1204/1663/1436
f 1125/1662/1435 1204/1663/1436 1124/1664/1437
f 1124/1664/1437 1204/1663/1436 1205/1665/1438
f 1124/1664/1437 1205/1665/1438 1123/1666/1439
f 1123/1666/1439 1205/1665/1438 1206/1667/1440
f 1123/1666/1439 1206/1667/1440 1122/1668/1441
f 1122/1668/1441 1206/1667/1440 1207/1669/1442
f 1122/1668/1441 1207/1669/1442 1121/1670/1443
f 1121/1670/1443 1207/1669/1442 1208/1671/1444
f 1121/1670/1443 1208/1671/1444 1120/1672/1445
f 1120/1672/1445 1208/1671/1444 1209/1673/1446
f 1120/1672/1445 1209/1673/1446 1119/1674/1447
f 1119/1674/1447 1209/1673/1446 1210/1675/1448
f 1119/1674/1447 1210/1675/1448 1118/1676/1449
f 1118/1676/1449 1210/1675/1448 1211/1677/1450
f 1118/1676/1449 1211/1677/1450 1117/1678/1451
f 1117/1678/1451 1211/1677/1450 1212/1679/1452
f 1117/1678/1451 1212/1679/1452 1116/1680/1453
f 1116/1680/1453 1212/1679/1452 1213/1681/1454
f 1116/1680/1453 1213/1681/1454 1115/1682/1455
f 1115/1682/1455 1213/1681/1454 1214/1683/1456
f 1115/1682/1455 1214/1683/1456 1114/1684/1457
f 1114/1684/1457 1214/1683/1456 1215/1685/1458
f 1114/1684/1457 1215/1685/1458 1113/1686/1459
f 1113/1686/1459 1215/1685/1458 1216/1687/1460
f 1113/1686/1459 1216/1687/1460 1112/1688/1461
f 1112/1688/1461 1216/1687/1460 1217/1689/1462
f 1112/1688/1461 1217/1689/1462 1111/1690/1463
f 1111/1690/1463 1217/1689/1462 1218/1691/1464
f 1111/1690/1463 1218/1691/1464 1110/1692/1465
f 1110/1692/1465 1218/1691/1464 1219/1693/1466
f 1110/1692/1465 1219/1693/1466 1109/1694/1467
f 1109/1694/1467 1219/1693/1466 1220/1695/1468
f 1109/1694/1467 1220/1695/1468 1108/1696/1469
f 1108/1696/1469 1220/1695/1468 1221/1697/1470
f 1108/1696/1469 1221/1697/1470 1107/1698/1471
f 1107/1698/1471 1221/1697/1470 1222/1699/1472
f 1107/1698/1471 1222/1699/1472 1106/1700/1473
f 1106/1700/1473 1222/1699/1472 1223/1701/1474
f 1106/1700/1473 1223/1701/1474 1105/1702/1475
f 1105/1702/1475 1223/1701/1474 1224/1703/1476
f 1105/1702/1475 1224/1703/1476 1104/1704/1477
f 1104/1704/1477 1224/1703/1476 1225/1705/1478
f 1104/1704/1477 1225/1705/1478 1103/1706/1479
f 1103/1706/1479 1225/1705/1478 1226/1707/1480
f 1103/1706/1479 1226/1707/1480 1102/1708/1481
f 1102/1708/1481 1226/1707/1480 1227/1709/1482
f 1102/1708/1481 1227/1709/1482 1101/1710/1483
f 1101/1710/1483 1227/1709/1482 1228/1711/1484
f 1101/1710/1483 1228/1711/1484 1100/1580/1355
f 1100/1580/1355 1228/1711/1484 1164/1581/1356
f 1163/1712/1485 610/1713/643 1099/1714/1486
f 1099/1714/1486 610/1713/643 609/1715/645
f 1099/1714/1486 609/1715/645 1100/1716/1487
f 1100/1716/1487 609/1715/645 608/1717/647
f 1100/1716/1487 608/1717/647 1101/1718/1488
f 1101/1718/1488 608/1717/647 607/1719/649
f 1101/1718/1488 607/1719/649 1102/1720/1489
f 1102/1720/1489 607/1719/649 606/1721/651
f 1102/1720/1489 606/1721/651 1103/1722/1490
f 1103/1722/1490 606/1721/651 605/1723/653
f 1103/1722/1490 605/1723/653 1104/1724/1491
f 1104/1724/1491 605/1723/653 604/1725/655
f 1104/1724/1491 604/1725/655 1105/1726/1492
f 1105/1726/1492 604/1725/655 603/1727/657
f 1105/1726/1492 603/1727/657 1106/1728/1493
f 1106/1728/1493 603/1727/657 602/1729/659
f 1106/1728/1493 602/1729/659 1107/1730/1494
f 1107/1730/1494 602/1729/659 601/1731/661
f 1107/1730/1494 601/1731/661 1108/1732/1495
f 1108/1732/1495 601/1731/661 600/1733/663
f 1108/1732/1495 600/1733/663 1109/1734/1496
f 1109/1734/1496 600/1733/663 599/1735/665
f 1109/1734/1496 599/1735/665 1110/1736/1497
f 1110/1736/1497 599/1735/665 598/1737/667
f 1110/1736/1497 598/1737/667 1111/1738/1498
f 1111/1738/1498 598/1737/667 597/1739/669
f 1111/1738/1498 597/1739/669 1112/1740/1499
f 1112/1740/1499 597/1739/669 596/1741/671
f 1112/1740/1499 596/1741/671 1113/1742/1500
f 1113/1742/1500 596/1741/671 595/1743/673
f 1113/1742/1500 595/1743/673 1114/1744/1501
f 1114/1744/1501 595/1743/673 594/1745/675
f 1114/1744/1501 594/1745/675 1115/1746/1502
f 1115/1746/1502 594/1745/675 593/1747/677
f 1115/1746/1502 593/1747/677 1116/1748/1503
f 1116/1748/1503 593/1747/677 592/1749/679
f 1116/1748/1503 592/1749/679 1117/1750/1504
f 1117/1750/1504 592/1749/679 591/1751/681
f 1117/1750/1504 591/1751/681 1118/1752/1505
f 1118/1752/1505 591/1751/681 590/1753/683
f 1118/1752/1505 590/1753/683 1119/1754/1506
f 1119/1754/1506 590/1753/683 589/1755/685
f 1119/1754/1506 589/1755/685 1120/1756/1507
f 1120/1756/1507 589/1755/685 588/1757/687
f 1120/1756/1507 588/1757/687 1121/1758/1508
f 1121/1758/1508 588/1757/687 587/1759/689
f 1121/1758/1508 587/1759/689 1122/1760/1509
f 1122/1760/1509 587/1759/689 586/1761/691
f 1122/1760/1509 586/1761/691 1123/1762/1510
f 1123/1762/1510 586/1761/691 585/1763/693
f 1123/1762/1510 585/1763/693 1124/1764/1511
f 1124/1764/1511 585/1763/693 584/1765/695
f 1124/1764/1511 584/1765/695 1125/1766/1512
f 1125/1766/1512 584/1765/695 583/1767/697
f 1125/1766/1512 583/1767/697 1126/1768/1513
f 1126/1768/1513 583/1767/697 582/1769/699
f 1126/1768/1513 582/1769/699 1127/1770/1514
f 1127/1770/1514 582/1769/699 581/1771/701
f 1127/1770/1514 581/1771/701 1128/1772/1515
f 1128/1772/1515 581/1771/701 580/1773/703
f 1128/1772/1515 580/1773/703 1129/1774/1516
f 1129/1774/1516 580/1773/703 579/1775/705
f 1129/1774/1516 579/1775/705 1130/1776/1517
f 1130/1776/1517 579/1775/705 578/1777/577
f 1130/1776/1517 578/1777/577 1131/1778/1518
f 1131/1778/1518 578/1777/577 577/1779/579
f 1131/1778/1518 577/1779/579 1132/1780/1519
f 1132/1780/1519 577/1779/579 641/1781/581
f 1132/1780/1519 641/1781/581 1133/1782/1520
f 1133/1782/1520 641/1781/581 640/1783/583
f 1133/1782/1520 640/1783/583 1134/1784/1521
f 1134/1784/1521 640/1783/583 639/1785/585
f 1134/1784/1521 639/1785/585 1135/1786/1522
f 1135/1786/1522 639/1785/585 638/1787/587
f 1135/1786/1522 638/1787/587 1136/1788/1523
f 1136/1788/1523 638/1787/587 637/1789/589
f 1136/1788/1523 637/1789/589 1137/1790/1524
f 1137/1790/1524 637/1789/589 636/1791/591
f 1137/1790/1524 636/1791/591 1138/1792/1525
f 1138/1792/1525 636/1791/591 635/1793/593
f 1138/1792/1525 635/1793/593 1139/1794/1526
f 1139/1794/1526 635/1793/593 634/1795/595
f 1139/1794/1526 634/1795/595 1140/1796/1527
f 1140/1796/1527 634/1795/595 633/1797/597
f 1140/1796/1527 633/1797/597 1141/1798/1528
f 1141/1798/1528 633/1797/597 632/1799/599
f 1141/1798/1528 632/1799/599 1142/1800/1529
f 1142/1800/1529 632/1799/599 631/1801/601
f 1142/1800/1529 631/1801/601 1143/1802/1530
f 1143/1802/1530 631/1801/601 630/1803/603
f 1143/1802/1530 630/1803/603 1144/1804/1531
f 1144/1804/1531 630/1803/603 629/1805/605
f 1144/1804/1531 629/1805/605 1145/1806/1532
f 1145/1806/1532 629/1805/605 628/1807/607
f 1145/1806/1532 628/1807/607 1146/1808/1533
f 1146/1808/1533 628/1807/607 627/1809/609
f 1146/1808/1533 627/1809/609 1147/1810/1534
f 1147/1810/1534 627/1809/609 626/1811/611
f 1147/1810/1534 626/1811/611 1148/1812/1535
f 1148/1812/1535 626/1811/611 625/1813/613
f 1148/1812/1535 625/1813/613 1149/1814/1536
f 1149/1814/1536 625/1813/613 624/1815/615
f 1149/1814/1536 624/1815/615 1150/1816/1537
f 1150/1816/1537 624/1815/615 623/1817/617
f 1150/1816/1537 623/1817/617 1151/1818/1538
f 1151/1818/1538 623/1817/617 622/1819/619
f 1151/1818/1538 622/1819/619 1152/1820/1539
f 1152/1820/1539 622/1819/619 621/1821/621
f 1152/1820/1539 621/1821/621 1153/1822/1540
f 1153/1822/1540 621/1821/621 620/1823/623
f 1153/1822/1540 620/1823/623 1154/1824/1541
f 1154/1824/1541 620/1823/623 619/1825/625
f 1154/1824/1541 619/1825/625 1155/1826/1542
f 1155/1826/1542 619/1825/625 618/1827/627
f 1155/1826/1542 618/1827/627 1156/1828/1543
f 1156/1828/1543 618/1827/627 617/1829/629
f 1156/1828/1543 617/1829/629 1157/1830/1544
f 1157/1830/1544 617/1829/629 616/1831/631
f 1157/1830/1544 616/1831/631 1158/1832/1545
f 1158/1832/1545 616/1831/631 615/1833/633
f 1158/1832/1545 615/1833/633 1159/1834/1546
f 1159/1834/1546 615/1833/633 614/1835/635
f 1159/1834/1546 614/1835/635 1160/1836/1547
f 1160/1836/1547 614/1835/635 613/1837/637
f 1160/1836/1547 613/1837/637 1161/1838/1548
f 1161/1838/1548 613/1837/637 612/1839/639
f 1161/1838/1548 612/1839/639 1162/1840/1549
f 1162/1840/1549 612/1839/639 611/1841/641
f 1162/1840/1549 611/1841/641 1163/1712/1485
f 1163/1712/1485 611/1841/641 610/1713/643
f 1098/1842/1550 1197/1843/1551 1033/1844/1552
f 1033/1844/1552 1197/1843/1551 1196/1845/1553
f 1033/1844/1552 1196/1845/1553 1034/1846/1554
f 1034/1846/1554 1196/1845/1553 1195/1847/1555
f 1034/1846/1554 1195/1847/1555 1035/1848/1556
f 1035/1848/1556 1195/1847/1555 1194/1849/1557
f 1035/1848/1556 1194/1849/1557 1036/1850/1558
f 1036/1850/1558 1194/1849/1557 1193/1851/1559
f 1036/1850/1558 1193/1851/1559 1037/1852/1560
f 1037/1852/1560 1193/1851/1559 1192/1853/1561
f 1037/1852/1560 1192/1853/1561 1038/1854/1562
f 1038/1854/1562 1192/1853/1561 1191/1855/1563
f 1038/1854/1562 1191/1855/1563 1039/1856/1564
f 1039/1856/1564 1191/1855/1563 1190/1857/1565
f 1039/1856/1564 1190/1857/1565 1040/1858/1566
f 1040/1858/1566 1190/1857/1565 1189/1859/1567
f 1040/1858/1566 1189/1859/1567 1041/1860/1568
f 1041/1860/1568 1189/1859/1567 1188/1861/1569
f 1041/1860/1568 1188/1861/1569 1042/1862/1570
f 1042/1862/1570 1188/1861/1569 1187/1863/1571
f 1042/1862/1570 1187/1863/1571 1043/1864/1572
f 1043/1864/1572 1187/1863/1571 1186/1865/1573
f 1043/1864/1572 1186/1865/1573 1044/1866/1574
f 1044/1866/1574 1186/1865/1573 1185/1867/1575
f 1044/1866/1574 1185/1867/1575 1045/1868/1576
f 1045/1868/1576 1185/1867/1575 1184/1869/1577
f 1045/1868/1576 1184/1869/1577 1046/1870/1578
f 1046/1870/1578 1184/1869/1577 1183/1871/1579
f 1046/1870/1578 1183/1871/1579 1047/1872/1580
f 1047/1872/1580 1183/1871/1579 1182/1873/1581
f 1047/1872/1580 1182/1873/1581 1048/1874/1582
f 1048/1874/1582 1182/1873/1581 1181/1875/1583
f 1048/1874/1582 1181/1875/1583 1049/1876/1584
f 1049/1876/1584 1181/1875/1583 1180/1877/1585
f 1049/1876/1584 1180/1877/1585 1050/1878/1586
f 1050/1878/1586 1180/1877/1585 1179/1879/1587
f 1050/1878/1586 1179/1879/1587 1051/1880/1588
f 1051/1880/1588 1179/1879/1587 1178/1881/1589
f 1051/1880/1588 1178/1881/1589 1052/1882/1590
f 1052/1882/1590 1178/1881/1589 1177/1883/1591
f 1052/1882/1590 1177/1883/1591 1053/1884/1592
f 1053/1884/1592 1177/1883/1591 1176/1885/1593
f 1053/1884/1592 1176/1885/1593 1054/1886/1594
f 1054/1886/1594 1176/1885/1593 1175/1887/1595
f 1054/1886/1594 1175/1887/1595 1055/1888/1596
f 1055/1888/1596 1175/1887/1595 1174/1889/1597
f 1055/1888/1596 1174/1889/1597 1056/1890/1598
f 1056/1890/1598 1174/1889/1597 1173/1891/1599
f 1056/1890/1598 1173/1891/1599 1057/1892/1600
f 1057/1892/1600 1173/1891/1599 1172/1893/1601
f 1057/1892/1600 1172/1893/1601 1058/1894/1602
f 1058/1894/1602 1172/1893/1601 1171/1895/1603
f 1058/1894/1602 1171/1895/1603 1059/1896/1604
f 1059/1896/1604 1171/1895/1603 1170/1897/1605
f 1059/1896/1604 1170/1897/1605 1060/1898/1606
f 1060/1898/1606 1170/1897/1605 1169/1899/1607
f 1060/1898/1606 1169/1899/1607 1061/1900/1608
f 1061/1900/1608 1169/1899/1607 1168/1901/1609
f 1061/1900/1608 1168/1901/1609 1062/1902/1610
f 1062/1902/1610 1168/1901/1609 1167/1903/1611
f 1062/1902/1610 1167/1903/1611 1063/1904/1612
f 1063/1904/1612 1167/1903/1611 1166/1905/1613
f 1063/1904/1612 1166/1905/1613 1064/1906/1614
f 1064/1906/1614 1166/1905/1613 1165/1907/1615
f 1064/1906/1614 1165/1907/1615 1065/1908/1616
f 1065/1908/1616 1165/1907/1615 1164/1909/1617
f 1065/1908/1616 1164/1909/1617 1066/1910/1618
f 1066/1910/1618 1164/1909/1617 1067/1911/1619
f 1067/1911/1619 1164/1909/1617 1228/1912/1620
f 1067/1911/1619 1228/1912/1620 1068/1913/1621
f 1068/1913/1621 1228/1912/1620 1227/1914/1622
f 1068/1913/1621 1227/1914/1622 1069/1915/1623
f 1069/1915/1623 1227/1914/1622 1226/1916/1624
f 1069/1915/1623 1226/1916/1624 1070/1917/1625
f 1070/1917/1625 1226/1916/1624 1225/1918/1626
f 1070/1917/1625 1225/1918/1626 1071/1919/1627
f 1071/1919/1627 1225/1918/1626 1224/1920/1628
f 1071/1919/1627 1224/1920/1628 1072/1921/1629
f 1072/1921/1629 1224/1920/1628 1223/1922/1630
f 1072/1921/1629 1223/1922/1630 1073/1923/1631
f 1073/1923/1631 1223/1922/1630 1222/1924/1632
f 1073/1923/1631 1222/1924/1632 1074/1925/1633
f 1074/1925/1633 1222/1924/1632 1221/1926/1634
f 1074/1925/1633 1221/1926/1634 1075/1927/1635
f 1075/1927/1635 1221/1926/1634 1220/1928/1636
f 1075/1927/1635 1220/1928/1636 1076/1929/1637
f 1076/1929/1637 1220/1928/1636 1219/1930/1638
f 1076/1929/1637 1219/1930/1638 1077/1931/1639
f 1077/1931/1639 1219/1930/1638 1218/1932/1640
f 1077/1931/1639 1218/1932/1640 1078/1933/1641
f 1078/1933/1641 1218/1932/1640 1217/1934/1642
f 1078/1933/1641 1217/1934/1642 1079/1935/1643
f 1079/1935/1643 1217/1934/1642 1216/1936/1644
f 1079/1935/1643 1216/1936/1644 1080/1937/1645
f 1080/1937/1645 1216/1936/1644 1215/1938/1646
f 1080/1937/1645 1215/1938/1646 1081/1939/1647
f 1081/1939/1647 1215/1938/1646 1214/1940/1648
f 1081/1939/1647 1214/1940/1648 1082/1941/1649
f 1082/1941/1649 1214/1940/1648 1213/1942/1650
f 1082/1941/1649 1213/1942/1650 1083/1943/1651
f 1083/1943/1651 1213/1942/1650 1212/1944/1652
f 1083/1943/1651 1212/1944/1652 1084/1945/1653
f 1084/1945/1653 1212/1944/1652 1211/1946/1654
f 1084/1945/1653 1211/1946/1654 1085/1947/1655
f 1085/1947/1655 1211/1946/1654 1210/1948/1656
f 1085/1947/1655 1210/1948/1656 1086/1949/1657
f 1086/1949/1657 1210/1948/1656 1209/1950/1658
f 1086/1949/1657 1209/1950/1658 1087/1951/1659
f 1087/1951/1659 1209/1950/1658 1208/1952/1660
f 1087/1951/1659 1208/1952/1660 1088/1953/1661
f 1088/1953/1661 1208/1952/1660 1207/1954/1662
f 1088/1953/1661 1207/1954/1662 1089/1955/1663
f 1089/1955/1663 1207/1954/1662 1206/1956/1664
f 1089/1955/1663 1206/1956/1664 1090/1957/1665
f 1090/1957/1665 1206/1956/1664 1205/1958/1666
f 1090/1957/1665 1205/1958/1666 1091/1959/1667
f 1091/1959/1667 1205/1958/1666 1204/1960/1668
f 1091/1959/1667 1204/1960/1668 1092/1961/1669
f 1092/1961/1669 1204/1960/1668 1203/1962/1670
f 1092/1961/1669 1203/1962/1670 1093/1963/1671
f 1093/1963/1671 1203/1962/1670 1202/1964/1672
f 1093/1963/1671 1202/1964/1672 1094/1965/1673
f 1094/1965/1673 1202/1964/1672 1201/1966/1674
f 1094/1965/1673 1201/1966/1674 1095/1967/1675
f 1095/1967/1675 1201/1966/1674 1200/1968/1676
f 1095/1967/1675 1200/1968/1676 1096/1969/1677
f 1096/1969/1677 1200/1968/1676 1199/1970/1678
f 1096/1969/1677 1199/1970/1678 1097/1971/1679
f 1097/1971/1679 1199/1970/1678 1198/1972/1680
f 1097/1971/1679 1198/1972/1680 1098/1842/1550
f 1098/1842/1550 1198/1972/1680 1197/1843/1551
f 968/1973/1681 967/1974/1682 902/1975/1683
f 902/1975/1683 967/1974/1682 1032/1976/1684
f 902/1975/1683 1032/1976/1684 903/1977/1685
f 903/1977/1685 1032/1976/1684 1031/1978/1686
f 903/1977/1685 1031/1978/1686 904/1979/1687
f 904/1979/1687 1031/1978/1686 1030/1980/1688
f 904/1979/1687 1030/1980/1688 905/1981/1689
f 905/1981/1689 1030/1980/1688 1029/1982/1690
f 905/1981/1689 1029/1982/1690 906/1983/1691
f 906/1983/1691 1029/1982/1690 1028/1984/1692
f 906/1983/1691 1028/1984/1692 907/1985/1693
f 907/1985/1693 1028/1984/1692 1027/1986/1694
f 907/1985/1693 1027/1986/1694 908/1987/1695
f 908/1987/1695 1027/1986/1694 1026/1988/1696
f 908/1987/1695 1026/1988/1696 909/1989/1697
f 909/1989/1697 1026/1988/1696 1025/1990/1698
f 909/1989/1697 1025/1990/1698 910/1991/1699
f 910/1991/1699 1025/1990/1698 1024/1992/1700
f 910/1991/1699 1024/1992/1700 911/1993/1701
f 911/1993/1701 1024/1992/1700 1023/1994/1702
f 911/1993/1701 1023/1994/1702 912/1995/1703
f 912/1995/1703 1023/1994/1702 1022/1996/1704
f 912/1995/1703 1022/1996/1704 913/1997/1705
f 913/1997/1705 1022/1996/1704 1021/1998/1706
f 913/1997/1705 1021/1998/1706 914/1999/1707
f 914/1999/1707 1021/1998/1706 1020/2000/1708
f 914/1999/1707 1020/2000/1708 915/2001/1709
f 915/2001/1709 1020/2000/1708 1019/2002/1710
f 915/2001/1709 1019/2002/1710 916/2003/1711
f 916/2003/1711 1019/2002/1710 1018/2004/1712
f 916/2003/1711 1018/2004/1712 917/2005/1713
f 917/2005/1713 1018/2004/1712 1017/2006/1714
f 917/2005/1713 1017/2006/1714 918/2007/1715
f 918/2007/1715 1017/2006/1714 1016/2008/1716
f 918/2007/1715 1016/2008/1716 919/2009/1717
f 919/2009/1717 1016/2008/1716 1015/2010/1718
f 919/2009/1717 1015/2010/1718 920/2011/1719
f 920/2011/1719 1015/2010/1718 1014/2012/1720
f 920/2011/1719 1014/2012/1720 921/2013/1721
f 921/2013/1721 1014/2012/1720 1013/2014/1722
f 921/2013/1721 1013/2014/1722 922/2015/1723
f 922/2015/1723 1013/2014/1722 1012/2016/1724
f 922/2015/1723 1012/2016/1724 923/2017/1725
f 923/2017/1725 1012/2016/1724 1011/2018/1726
f 923/2017/1725 1011/2018/1726 924/2019/1727
f 924/2019/1727 1011/2018/1726 1010/2020/1728
f 924/2019/1727 1010/2020/1728 925/2021/1729
f 925/2021/1729 1010/2020/1728 1009/2022/1730
f 925/2021/1729 1009/2022/1730 926/2023/1731
f 926/2023/1731 1009/2022/1730 1008/2024/1732
f 926/2023/1731 1008/2024/1732 927/2025/1733
f 927/2025/1733 1008/2024/1732 1007/2026/1734
f 927/2025/1733 1007/2026/1734 928/2027/1735
f 928/2027/1735 1007/2026/1734 1006/2028/1736
f 928/2027/1735 1006/2028/1736 929/2029/1737
f 929/2029/1737 1006/2028/1736 1005/2030/1738
f 929/2029/1737 1005/2030/1738 930/2031/1739
f 930/2031/1739 1005/2030/1738 1004/2032/1740
f 930/2031/1739 1004/2032/1740 931/2033/1741
f 931/2033/1741 1004/2032/1740 1003/2034/1742
f 931/2033/1741 1003/2034/1742 932/2035/1743
f 932/2035/1743 1003/2034/1742 1002/2036/1744
f 932/2035/1743 1002/2036/1744 933/2037/1745
f 933/2037/1745 1002/2036/1744 1001/2038/1746
f 933/2037/1745 1001/2038/1746 934/2039/1747
f 934/2039/1747 1001/2038/1746 1000/2040/1748
f 934/2039/1747 1000/2040/1748 935/2041/1749
f 935/2041/1749 1000/2040/1748 999/2042/1750
f 935/2041/1749 999/2042/1750 936/2043/1751
f 936/2043/1751 999/2042/1750 998/2044/1752
f 936/2043/1751 998/2044/1752 937/2045/1753
f 937/2045/1753 998/2044/1752 997/2046/1754
f 937/2045/1753 997/2046/1754 938/2047/1755
f 938/2047/1755 997/2046/1754 996/2048/1756
f 938/2047/1755 996/2048/1756 939/2049/1757
f 939/2049/1757 996/2048/1756 995/2050/1758
f 939/2049/1757 995/2050/1758 940/2051/1759
f 940/2051/1759 995/2050/1758 994/2052/1760
f 940/2051/1759 994/2052/1760 941/2053/1761
f 941/2053/1761 994/2052/1760 993/2054/1762
f 941/2053/1761 993/2054/1762 942/2055/1763
f 942/2055/1763 993/2054/1762 992/2056/1764
f 942/2055/1763 992/2056/1764 943/2057/1765
f 943/2057/1765 992/2056/1764 991/2058/1766
f 943/2057/1765 991/2058/1766 944/2059/1767
f 944/2059/1767 991/2058/1766 990/2060/1768
f 944/2059/1767 990/2060/1768 945/2061/1769
f 945/2061/1769 990/2060/1768 989/2062/1770
f 945/2061/1769 989/2062/1770 946/2063/1771
f 946/2063/1771 989/2062/1770 988/2064/1772
f 946/2063/1771 988/2064/1772 947/2065/1773
f 947/2065/1773 988/2064/1772 987/2066/1774
f 947/2065/1773 987/2066/1774 948/2067/1775
f 948/2067/1775 987/2066/1774 986/2068/1776
f 948/2067/1775 986/2068/1776 949/2069/1777
f 949/2069/1777 986/2068/1776 985/2070/1778
f 949/2069/1777 985/2070/1778 950/2071/1779
f 950/2071/1779 985/2070/1778 984/2072/1780
f 950/2071/1779 984/2072/1780 951/2073/1781
f 951/2073/1781 984/2072/1780 983/2074/1782
f 951/2073/1781 983/2074/1782 952/2075/1783
f 952/2075/1783 983/2074/1782 982/2076/1784
f 952/2075/1783 982/2076/1784 953/2077/1785
f 953/2077/1785 982/2076/1784 981/2078/1786
f 953/2077/1785 981/2078/1786 954/2079/1787
f 954/2079/1787 981/2078/1786 980/2080/1788
f 954/2079/1787 980/2080/1788 955/2081/1789
f 955/2081/1789 980/2080/1788 979/2082/1790
f 955/2081/1789 979/2082/1790 956/2083/1791
f 956/2083/1791 979/2082/1790 978/2084/1792
f 956/2083/1791 978/2084/1792 957/2085/1793
f 957/2085/1793 978/2084/1792 977/2086/1794
f 957/2085/1793 977/2086/1794 958/2087/1795
f 958/2087/1795 977/2086/1794 976/2088/1796
f 958/2087/1795 976/2088/1796 959/2089/1797
f 959/2089/1797 976/2088/1796 975/2090/1798
f 959/2089/1797 975/2090/1798 960/2091/1799
f 960/2091/1799 975/2090/1798 974/2092/1800
f 960/2091/1799 974/2092/1800 961/2093/1801
f 961/2093/1801 974/2092/1800 973/2094/1802
f 961/2093/1801 973/2094/1802 962/2095/1803
f 962/2095/1803 973/2094/1802 972/2096/1804
f 962/2095/1803 972/2096/1804 963/2097/1805
f 963/2097/1805 972/2096/1804 971/2098/1806
f 963/2097/1805 971/2098/1806 964/2099/1807
f 964/2099/1807 971/2098/1806 970/2100/1808
f 964/2099/1807 970/2100/1808 965/2101/1809
f 965/2101/1809 970/2100/1808 969/2102/1810
f 965/2101/1809 969/2102/1810 966/2103/1811
f 966/2103/1811 969/2102/1810 968/1973/1681
f 966/2103/1811 968/1973/1681 902/1975/1683
f 838/2104/1812 837/2105/1813 1/2106/3
f 1/2106/3 837/2105/1813 901/2107/1814
f 1/2106/3 901/2107/1814 2/2108/1
f 2/2108/1 901/2107/1814 900/2109/1815
f 2/2108/1 900/2109/1815 3/2110/127
f 3/2110/127 900/2109/1815 899/2111/1816
f 3/2110/127 899/2111/1816 4/2112/125
f 4/2112/125 899/2111/1816 898/2113/1817
f 4/2112/125 898/2113/1817 5/2114/123
f 5/2114/123 898/2113/1817 897/2115/1818
f 5/2114/123 897/2115/1818 6/2116/121
f 6/2116/121 897/2115/1818 896/2117/1819
f 6/2116/121 896/2117/1819 7/2118/119
f 7/2118/119 896/2117/1819 895/2119/1820
f 7/2118/119 895/2119/1820 8/2120/117
f 8/2120/117 895/2119/1820 894/2121/1821
f 8/2120/117 894/2121/1821 9/2122/115
f 9/2122/115 894/2121/1821 893/2123/1822
f 9/2122/115 893/2123/1822 10/2124/113
f 10/2124/113 893/2123/1822 892/2125/1823
f 10/2124/113 892/2125/1823 11/2126/111
f 11/2126/111 892/2125/1823 891/2127/1824
f 11/2126/111 891/2127/1824 12/2128/109
f 12/2128/109 891/2127/1824 890/2129/1825
f 12/2128/109 890/2129/1825 13/2130/107
f 13/2130/107 890/2129/1825 889/2131/1826
f 13/2130/107 889/2131/1826 14/2132/105
f 14/2132/105 889/2131/1826 888/2133/1827
f 14/2132/105 888/2133/1827 15/2134/103
f 15/2134/103 888/2133/1827 887/2135/1828
f 15/2134/103 887/2135/1828 16/2136/101
f 16/2136/101 887/2135/1828 886/2137/1829
f 16/2136/101 886/2137/1829 17/2138/99
f 17/2138/99 886/2137/1829 885/2139/1830
f 17/2138/99 885/2139/1830 18/2140/97
f 18/2140/97 885/2139/1830 884/2141/1831
f 18/2140/97 884/2141/1831 19/2142/95
f 19/2142/95 884/2141/1831 883/2143/1832
f 19/2142/95 883/2143/1832 20/2144/93
f 20/2144/93 883/2143/1832 882/2145/1833
f 20/2144/93 882/2145/1833 21/2146/91
f 21/2146/91 882/2145/1833 881/2147/1834
f 21/2146/91 881/2147/1834 22/2148/89
f 22/2148/89 881/2147/1834 880/2149/1835
f 22/2148/89 880/2149/1835 23/2150/87
f 23/2150/87 880/2149/1835 879/2151/1836
f 23/2150/87 879/2151/1836 24/2152/85
f 24/2152/85 879/2151/1836 878/2153/1837
f 24/2152/85 878/2153/1837 25/2154/83
f 25/2154/83 878/2153/1837 877/2155/1838
f 25/2154/83 877/2155/1838 26/2156/81
f 26/2156/81 877/2155/1838 876/2157/1839
f 26/2156/81 876/2157/1839 27/2158/79
f 27/2158/79 876/2157/1839 875/2159/1840
f 27/2158/79 875/2159/1840 28/2160/77
f 28/2160/77 875/2159/1840 874/2161/1841
f 28/2160/77 874/2161/1841 29/2162/75
f 29/2162/75 874/2161/1841 873/2163/1842
f 29/2162/75 873/2163/1842 30/2164/73
f 30/2164/73 873/2163/1842 872/2165/1843
f 30/2164/73 872/2165/1843 31/2166/71
f 31/2166/71 872/2165/1843 871/2167/1844
f 31/2166/71 871/2167/1844 32/2168/69
f 32/2168/69 871/2167/1844 870/2169/1845
f 32/2168/69 870/2169/1845 33/2170/67
f 33/2170/67 870/2169/1845 869/2171/1846
f 33/2170/67 869/2171/1846 34/2172/65
f 34/2172/65 869/2171/1846 868/2173/1847
f 34/2172/65 868/2173/1847 35/2174/63
f 35/2174/63 868/2173/1847 867/2175/1848
f 35/2174/63 867/2175/1848 36/2176/61
f 36/2176/61 867/2175/1848 866/2177/1849
f 36/2176/61 866/2177/1849 37/2178/59
f 37/2178/59 866/2177/1849 865/2179/1850
f 37/2178/59 865/2179/1850 38/2180/57
f 38/2180/57 865/2179/1850 864/2181/1851
f 38/2180/57 864/2181/1851 39/2182/55
f 39/2182/55 864/2181/1851 863/2183/1852
f 39/2182/55 863/2183/1852 40/2184/53
f 40/2184/53 863/2183/1852 862/2185/1853
f 40/2184/53 862/2185/1853 41/2186/51
f 41/2186/51 862/2185/1853 861/2187/1854
f 41/2186/51 861/2187/1854 42/2188/49
f 42/2188/49 861/2187/1854 860/2189/1855
f 42/2188/49 860/2189/1855 43/2190/47
f 43/2190/47 860/2189/1855 859/2191/1856
f 43/2190/47 859/2191/1856 44/2192/45
f 44/2192/45 859/2191/1856 858/2193/1857
f 44/2192/45 858/2193/1857 45/2194/43
f 45/2194/43 858/2193/1857 857/2195/1858
f 45/2194/43 857/2195/1858 46/2196/41
f 46/2196/41 857/2195/1858 856/2197/1859
f 46/2196/41 856/2197/1859 47/2198/39
f 47/2198/39 856/2197/1859 855/2199/1860
f 47/2198/39 855/2199/1860 48/2200/37
f 48/2200/37 855/2199/1860 854/2201/1861
f 48/2200/37 854/2201/1861 49/2202/35
f 49/2202/35 854/2201/1861 853/2203/1862
f 49/2202/35 853/2203/1862 50/2204/33
f 50/2204/33 853/2203/1862 852/2205/1863
f 50/2204/33 852/2205/1863 51/2206/31
f 51/2206/31 852/2205/1863 851/2207/1864
f 51/2206/31 851/2207/1864 52/2208/29
f 52/2208/29 851/2207/1864 850/2209/1865
f 52/2208/29 850/2209/1865 53/2210/27
f 53/2210/27 850/2209/1865 849/2211/1866
f 53/2210/27 849/2211/1866 54/2212/25
f 54/2212/25 849/2211/1866 848/2213/1867
f 54/2212/25 848/2213/1867 55/2214/23
f 55/2214/23 848/2213/1867 847/2215/1868
f 55/2214/23 847/2215/1868 56/2216/21
f 56/2216/21 847/2215/1868 846/2217/1869
f 56/2216/21 846/2217/1869 57/2218/19
f 57/2218/19 846/2217/1869 845/2219/1870
f 57/2218/19 845/2219/1870 58/2220/17
f 58/2220/17 845/2219/1870 844/2221/1871
f 58/2220/17 844/2221/1871 59/2222/15
f 59/2222/15 844/2221/1871 843/2223/1872
f 59/2222/15 843/2223/1872 60/2224/13
f 60/2224/13 843/2223/1872 842/2225/1873
f 60/2224/13 842/2225/1873 61/2226/11
f 61/2226/11 842/2225/1873 841/2227/1874
f 61/2226/11 841/2227/1874 62/2228/9
f 62/2228/9 841/2227/1874 840/2229/1875
f 62/2228/9 840/2229/1875 63/2230/7
f 63/2230/7 840/2229/1875 839/2231/1876
f 63/2230/7 839/2231/1876 64/2232/5
f 64/2232/5 839/2231/1876 838/2104/1812
f 64/2232/5 838/2104/1812 1/2106/3
# 1228 vertices
# 2232 texture params
# 1876 normals
# 2488 facets

# 1 groups
