# WaveFront *.obj file (generated by Autodesk ATF)

mtllib nut_visual.mtl

g nut

v 0.205120 1.055251 8.888225
v 0.309170 1.029584 8.888225
v 0.410147 0.993684 8.888225
v 0.507048 0.947909 8.888225
v 0.598909 0.892713 8.888225
v 0.684819 0.828645 8.888225
v 0.763922 0.756341 8.888225
v 0.835433 0.676520 8.888225
v 0.898641 0.589976 8.888225
v 0.952918 0.497569 8.888225
v 0.997725 0.400216 8.888225
v 1.032616 0.298886 8.888225
v 1.057244 0.194586 8.888225
v 1.071365 0.088351 8.888225
v 1.074838 -0.018761 8.888225
v 1.067629 -0.125687 8.888225
v 1.049809 -0.231364 8.888225
v 1.021556 -0.334742 8.888225
v 0.983150 -0.434793 8.888225
v 0.934973 -0.530522 8.888225
v 0.877504 -0.620979 8.888225
v 0.811314 -0.705264 8.888225
v 0.737061 -0.782541 8.888225
v 0.655482 -0.852040 8.888225
v 0.567389 -0.913071 8.888225
v 0.473657 -0.965027 8.888225
v 0.375218 -1.007393 8.888225
v 0.273049 -1.039746 8.888225
v 0.168167 -1.061766 8.888225
v 0.061614 -1.073234 8.888225
v -0.045552 -1.074036 8.888225
v -0.152265 -1.064163 8.888225
v -0.257465 -1.043715 8.888225
v -0.360106 -1.012893 8.888225
v -0.459168 -0.972005 8.888225
v -0.553667 -0.921456 8.888225
v -0.642663 -0.861750 8.888225
v -0.725272 -0.793479 8.888225
v -0.800673 -0.717322 8.888225
v -0.868116 -0.634037 8.888225
v -0.926932 -0.544449 8.888225
v -0.976536 -0.449451 8.888225
v -1.016434 -0.349986 8.888225
v -1.046230 -0.247043 8.888225
v -1.065629 -0.141644 8.888225
v -1.074437 -0.034838 8.888225
v -1.072567 0.072314 8.888225
v -1.060037 0.178748 8.888225
v -1.036971 0.283405 8.888225
v -1.003600 0.385246 8.888225
v -0.960255 0.483258 8.888225
v -0.907366 0.576467 8.888225
v -0.845460 0.663947 8.888225
v -0.775151 0.744828 8.888225
v -0.697138 0.818307 8.888225
v -0.612197 0.883653 8.888225
v -0.521171 0.940218 8.888225
v -0.424966 0.987437 8.888225
v -0.324537 1.024843 8.888225
v -0.220883 1.052064 8.888225
v -0.115034 1.068829 8.888225
v -0.008041 1.074971 8.888225
v 0.099032 1.070430 8.888225
v -0.823463 -0.043677 8.888225
v -0.777159 -0.047185 8.888225
v -0.731294 -0.039921 8.888225
v -0.688341 -0.022275 8.888225
v -0.650614 0.004800 8.888225
v -0.620149 0.039847 8.888225
v -0.598587 0.080974 8.888225
v -0.587091 0.125965 8.888225
v -0.586281 0.172395 8.888225
v -0.596199 0.217760 8.888225
v -0.616313 0.259615 8.888225
v -0.645537 0.295703 8.888225
v -0.682295 0.324079 8.888225
v -0.724606 0.343213 8.888225
v -0.770190 0.352074 8.888225
v -0.816588 0.350183 8.888225
v -0.861300 0.337644 8.888225
v -0.901915 0.315131 8.888225
v -0.936243 0.283858 8.888225
v -0.962433 0.245512 8.888225
v -0.979075 0.202159 8.888225
v -0.985270 0.156138 8.888225
v -0.980685 0.109928 8.888225
v -0.965566 0.066021 8.888225
v -0.940730 0.026784 8.888225
v -0.907514 -0.005667 8.888225
v -0.867710 -0.029584 8.888225
v -0.190809 -0.981626 8.888225
v -0.144505 -0.985134 8.888225
v -0.098640 -0.977870 8.888225
v -0.055686 -0.960224 8.888225
v -0.017960 -0.933148 8.888225
v 0.012506 -0.898102 8.888225
v 0.034067 -0.856975 8.888225
v 0.045563 -0.811983 8.888225
v 0.046374 -0.765554 8.888225
v 0.036455 -0.720189 8.888225
v 0.016342 -0.678334 8.888225
v -0.012882 -0.642246 8.888225
v -0.049640 -0.613870 8.888225
v -0.091952 -0.594736 8.888225
v -0.137536 -0.585875 8.888225
v -0.183934 -0.587766 8.888225
v -0.228645 -0.600305 8.888225
v -0.269260 -0.622818 8.888225
v -0.303588 -0.654091 8.888225
v -0.329779 -0.692437 8.888225
v -0.346420 -0.735790 8.888225
v -0.352615 -0.781811 8.888225
v -0.348030 -0.828021 8.888225
v -0.332912 -0.871928 8.888225
v -0.308075 -0.911165 8.888225
v -0.274860 -0.943616 8.888225
v -0.235055 -0.967533 8.888225
v 0.747140 -0.348971 8.888225
v 0.793444 -0.352480 8.888225
v 0.839309 -0.345216 8.888225
v 0.882263 -0.327570 8.888225
v 0.919989 -0.300494 8.888225
v 0.950455 -0.265448 8.888225
v 0.972016 -0.224320 8.888225
v 0.983512 -0.179329 8.888225
v 0.984323 -0.132899 8.888225
v 0.974404 -0.087534 8.888225
v 0.954291 -0.045679 8.888225
v 0.925067 -0.009591 8.888225
v 0.888309 0.018785 8.888225
v 0.845997 0.037919 8.888225
v 0.800413 0.046780 8.888225
v 0.754015 0.044889 8.888225
v 0.709303 0.032349 8.888225
v 0.668689 0.009836 8.888225
v 0.634361 -0.021436 8.888225
v 0.608170 -0.059783 8.888225
v 0.591529 -0.103135 8.888225
v 0.585334 -0.149157 8.888225
v 0.589919 -0.195367 8.888225
v 0.605037 -0.239273 8.888225
v 0.629874 -0.278510 8.888225
v 0.663089 -0.310962 8.888225
v 0.702893 -0.334879 8.888225
v 0.114486 0.588978 8.888225
v 0.160790 0.585469 8.888225
v 0.206655 0.592733 8.888225
v 0.249608 0.610379 8.888225
v 0.287335 0.637455 8.888225
v 0.317800 0.672501 8.888225
v 0.339362 0.713629 8.888225
v 0.350858 0.758620 8.888225
v 0.351668 0.805050 8.888225
v 0.341749 0.850415 8.888225
v 0.321636 0.892270 8.888225
v 0.292412 0.928358 8.888225
v 0.255654 0.956734 8.888225
v 0.213342 0.975868 8.888225
v 0.167759 0.984728 8.888225
v 0.121361 0.982838 8.888225
v 0.076649 0.970298 8.888225
v 0.036034 0.947785 8.888225
v 0.001706 0.916513 8.888225
v -0.024484 0.878166 8.888225
v -0.041126 0.834814 8.888225
v -0.047321 0.788792 8.888225
v -0.042736 0.742582 8.888225
v -0.027617 0.698675 8.888225
v -0.002781 0.659439 8.888225
v 0.030435 0.626987 8.888225
v 0.070239 0.603070 8.888225
v 0.038938 0.448312 8.888225
v -0.025589 0.449272 8.888225
v -0.089590 0.440992 8.888225
v -0.151749 0.423642 8.888225
v -0.210787 0.397579 8.888225
v -0.218646 0.364884 8.888225
v -0.223650 0.331634 8.888225
v -0.272827 0.292515 8.888225
v -0.315272 0.246178 8.888225
v -0.349936 0.193765 8.888225
v -0.375963 0.136571 8.888225
v -0.392713 0.076005 8.888225
v -0.421280 0.058624 8.888225
v -0.448312 0.038938 8.888225
v -0.449272 -0.025589 8.888225
v -0.440992 -0.089590 8.888225
v -0.423642 -0.151749 8.888225
v -0.397579 -0.210787 8.888225
v -0.364884 -0.218646 8.888225
v -0.331634 -0.223650 8.888225
v -0.292515 -0.272827 8.888225
v -0.246178 -0.315272 8.888225
v -0.193765 -0.349936 8.888225
v -0.136571 -0.375963 8.888225
v -0.076005 -0.392713 8.888225
v -0.058624 -0.421280 8.888225
v -0.038938 -0.448312 8.888225
v 0.025589 -0.449272 8.888225
v 0.089590 -0.440992 8.888225
v 0.151749 -0.423642 8.888225
v 0.210787 -0.397579 8.888225
v 0.218646 -0.364884 8.888225
v 0.223650 -0.331634 8.888225
v 0.272827 -0.292515 8.888225
v 0.315272 -0.246178 8.888225
v 0.349936 -0.193765 8.888225
v 0.375963 -0.136571 8.888225
v 0.392713 -0.076005 8.888225
v 0.421280 -0.058624 8.888225
v 0.448312 -0.038938 8.888225
v 0.449272 0.025589 8.888225
v 0.440992 0.089590 8.888225
v 0.423642 0.151749 8.888225
v 0.397579 0.210787 8.888225
v 0.364884 0.218646 8.888225
v 0.331634 0.223650 8.888225
v 0.292515 0.272827 8.888225
v 0.246178 0.315272 8.888225
v 0.193765 0.349936 8.888225
v 0.136571 0.375963 8.888225
v 0.076005 0.392713 8.888225
v 0.058624 0.421280 8.888225
v 0.014583 -0.449764 8.903295
v 0.064692 -0.445326 8.917445
v 0.114300 -0.435242 8.931867
v 0.162461 -0.419650 8.946288
v 0.208284 -0.398896 8.960438
v 0.251505 -0.373156 8.974588
v 0.291825 -0.342547 8.989009
v 0.328452 -0.307603 9.003431
v 0.360732 -0.269021 9.017581
v 0.388504 -0.227078 9.031731
v 0.411551 -0.182006 9.046152
v 0.429389 -0.134630 9.060574
v 0.441732 -0.085864 9.074724
v 0.448556 -0.036025 9.088874
v 0.449764 0.014583 9.103295
v 0.445280 0.065007 9.117716
v 0.435242 0.114300 9.131867
v 0.419765 0.162164 9.146017
v 0.398896 0.208284 9.160438
v 0.372978 0.251769 9.174859
v 0.342547 0.291825 9.189009
v 0.307835 0.328234 9.203159
v 0.269021 0.360732 9.217581
v 0.226803 0.388665 9.232002
v 0.182006 0.411551 9.246152
v 0.134935 0.429293 9.260302
v 0.085864 0.441732 9.274724
v 0.035707 0.448581 9.289145
v -0.014583 0.449764 9.303295
v -0.064692 0.445326 9.317445
v -0.114300 0.435242 9.331867
v -0.162461 0.419650 9.346288
v -0.208284 0.398896 9.360438
v -0.251505 0.373156 9.374588
v -0.291825 0.342547 9.389009
v -0.328452 0.307603 9.403431
v -0.360732 0.269021 9.417581
v -0.388504 0.227078 9.431731
v -0.411551 0.182006 9.446152
v -0.429389 0.134630 9.460574
v -0.441732 0.085864 9.474724
v -0.448556 0.036025 9.488874
v -0.449764 -0.014583 9.503295
v -0.445280 -0.065007 9.517716
v -0.435242 -0.114300 9.531867
v -0.419765 -0.162164 9.546017
v -0.398896 -0.208284 9.560438
v -0.372978 -0.251769 9.574859
v -0.342547 -0.291825 9.589009
v -0.307835 -0.328234 9.603159
v -0.269021 -0.360732 9.617581
v -0.226803 -0.388665 9.632002
v -0.182006 -0.411551 9.646152
v -0.134935 -0.429293 9.660302
v -0.085864 -0.441732 9.674724
v -0.035707 -0.448581 9.689145
v 0.014583 -0.449764 9.703295
v 0.064692 -0.445326 9.717445
v 0.114300 -0.435242 9.731867
v 0.162461 -0.419650 9.746288
v 0.208284 -0.398896 9.760438
v 0.251505 -0.373156 9.774588
v 0.291825 -0.342547 9.789009
v 0.328452 -0.307603 9.803431
v 0.360732 -0.269021 9.817581
v 0.388504 -0.227078 9.831731
v 0.411551 -0.182006 9.846152
v 0.429389 -0.134630 9.860574
v 0.441732 -0.085864 9.874724
v 0.448556 -0.036025 9.888874
v 0.449764 0.014583 9.903295
v 0.445280 0.065007 9.917716
v 0.435242 0.114300 9.931867
v 0.419765 0.162164 9.946017
v 0.398896 0.208284 9.960438
v 0.372978 0.251769 9.974859
v 0.342547 0.291825 9.989009
v 0.307835 0.328234 10.003159
v 0.269021 0.360732 10.017581
v 0.226803 0.388665 10.032002
v 0.182006 0.411551 10.046152
v 0.134935 0.429293 10.060302
v 0.085864 0.441732 10.074724
v 0.035707 0.448581 10.089145
v -0.014583 0.449764 10.103295
v -0.064692 0.445326 10.117445
v -0.114300 0.435242 10.131867
v -0.162461 0.419650 10.146288
v -0.208284 0.398896 10.160438
v -0.251505 0.373156 10.174588
v -0.291825 0.342547 10.189009
v -0.328452 0.307603 10.203431
v -0.360732 0.269021 10.217581
v -0.381332 0.238926 10.227812
v -0.399526 0.207072 10.238224
v -0.424973 0.147980 10.238224
v -0.441732 0.085864 10.238224
v -0.449462 0.021993 10.238224
v -0.448005 -0.042328 10.238224
v -0.449453 0.022180 10.219814
v -0.441732 0.085864 10.201724
v -0.429389 0.134630 10.187574
v -0.411551 0.182006 10.173152
v -0.388504 0.227078 10.158731
v -0.360732 0.269021 10.144581
v -0.328452 0.307603 10.130431
v -0.291825 0.342547 10.116009
v -0.251505 0.373156 10.101588
v -0.208284 0.398896 10.087438
v -0.162461 0.419650 10.073288
v -0.114300 0.435242 10.058867
v -0.064692 0.445326 10.044445
v -0.014583 0.449764 10.030295
v 0.035707 0.448581 10.016145
v 0.085864 0.441732 10.001724
v 0.134935 0.429293 9.987302
v 0.182006 0.411551 9.973152
v 0.226803 0.388665 9.959002
v 0.269021 0.360732 9.944581
v 0.307835 0.328234 9.930159
v 0.342547 0.291825 9.916009
v 0.372978 0.251769 9.901859
v 0.398896 0.208284 9.887438
v 0.419765 0.162164 9.873017
v 0.435242 0.114300 9.858867
v 0.445280 0.065007 9.844716
v 0.449764 0.014583 9.830295
v 0.448556 -0.036025 9.815874
v 0.441732 -0.085864 9.801724
v 0.429389 -0.134630 9.787574
v 0.411551 -0.182006 9.773152
v 0.388504 -0.227078 9.758731
v 0.360732 -0.269021 9.744581
v 0.328452 -0.307603 9.730431
v 0.291825 -0.342547 9.716009
v 0.251505 -0.373156 9.701588
v 0.208284 -0.398896 9.687438
v 0.162461 -0.419650 9.673288
v 0.114300 -0.435242 9.658867
v 0.064692 -0.445326 9.644445
v 0.014583 -0.449764 9.630295
v -0.035707 -0.448581 9.616145
v -0.085864 -0.441732 9.601724
v -0.134935 -0.429293 9.587302
v -0.182006 -0.411551 9.573152
v -0.226803 -0.388665 9.559002
v -0.269021 -0.360732 9.544581
v -0.307835 -0.328234 9.530159
v -0.342547 -0.291825 9.516009
v -0.372978 -0.251769 9.501859
v -0.398896 -0.208284 9.487438
v -0.419765 -0.162164 9.473017
v -0.435242 -0.114300 9.458867
v -0.445280 -0.065007 9.444716
v -0.449764 -0.014583 9.430295
v -0.448556 0.036025 9.415874
v -0.441732 0.085864 9.401724
v -0.429389 0.134630 9.387574
v -0.411551 0.182006 9.373152
v -0.388504 0.227078 9.358731
v -0.360732 0.269021 9.344581
v -0.328452 0.307603 9.330431
v -0.291825 0.342547 9.316009
v -0.251505 0.373156 9.301588
v -0.208284 0.398896 9.287438
v -0.162461 0.419650 9.273288
v -0.114300 0.435242 9.258867
v -0.064692 0.445326 9.244445
v -0.014583 0.449764 9.230295
v 0.035707 0.448581 9.216145
v 0.085864 0.441732 9.201724
v 0.134935 0.429293 9.187302
v 0.182006 0.411551 9.173152
v 0.226803 0.388665 9.159002
v 0.269021 0.360732 9.144581
v 0.307835 0.328234 9.130159
v 0.342547 0.291825 9.116009
v 0.372978 0.251769 9.101859
v 0.398896 0.208284 9.087438
v 0.419765 0.162164 9.073017
v 0.435242 0.114300 9.058867
v 0.445280 0.065007 9.044716
v 0.449764 0.014583 9.030295
v 0.448556 -0.036025 9.015874
v 0.441732 -0.085864 9.001724
v 0.429389 -0.134630 8.987574
v 0.411551 -0.182006 8.973152
v 0.388504 -0.227078 8.958731
v 0.360732 -0.269021 8.944581
v 0.328939 -0.307081 8.930633
v 0.292913 -0.341617 8.916418
v 0.253277 -0.371955 8.902195
v -0.031782 -0.398735 8.902529
v 0.012963 -0.399790 8.916693
v 0.055491 -0.396129 8.930205
v 0.098757 -0.387616 8.944330
v 0.142198 -0.373873 8.958931
v 0.185133 -0.354578 8.973865
v 0.223625 -0.331647 8.988122
v 0.259289 -0.304578 9.002425
v 0.291772 -0.273622 9.016746
v 0.320637 -0.239147 9.031046
v 0.345375 -0.201778 9.045301
v 0.365775 -0.161886 9.059572
v 0.381622 -0.119853 9.073910
v 0.392645 -0.076347 9.088197
v 0.398720 -0.031946 9.102424
v 0.399792 0.012884 9.116694
v 0.395823 0.057658 9.131068
v 0.386885 0.101585 9.145312
v 0.373096 0.144219 9.159519
v 0.354587 0.185117 9.173829
v 0.331586 0.223721 9.188192
v 0.304485 0.259401 9.202403
v 0.273563 0.291827 9.216616
v 0.239101 0.320673 9.230985
v 0.201669 0.345440 9.245287
v 0.161767 0.365829 9.259496
v 0.119813 0.381634 9.273746
v 0.076240 0.392667 9.288116
v 0.031815 0.398731 9.302384
v -0.012988 0.399788 9.316615
v -0.057703 0.395816 9.330907
v -0.101713 0.386850 9.345239
v -0.144335 0.373048 9.359513
v -0.185159 0.354563 9.373771
v -0.223791 0.331538 9.388070
v -0.259510 0.304389 9.402392
v -0.291901 0.273481 9.416699
v -0.320655 0.239123 9.430952
v -0.346573 0.199720 9.445913
v -0.367045 0.158989 9.460527
v -0.382304 0.117648 9.474644
v -0.392651 0.076324 9.488121
v -0.398732 0.031829 9.502333
v -0.399790 -0.012942 9.516686
v -0.395836 -0.057565 9.531043
v -0.386883 -0.101592 9.545288
v -0.373094 -0.144219 9.559541
v -0.354641 -0.185009 9.573849
v -0.331693 -0.223561 9.588172
v -0.304498 -0.259384 9.602470
v -0.273572 -0.291816 9.616729
v -0.239224 -0.320578 9.631003
v -0.201780 -0.345377 9.645334
v -0.161805 -0.365811 9.659627
v -0.119869 -0.381615 9.673860
v -0.076409 -0.392634 9.688127
v -0.031876 -0.398728 9.702496
v 0.012945 -0.399790 9.716748
v 0.057580 -0.395833 9.730957
v 0.101562 -0.386892 9.745257
v 0.144322 -0.373057 9.759627
v 0.185140 -0.354575 9.773842
v 0.223633 -0.331645 9.788052
v 0.259419 -0.304470 9.802413
v 0.291903 -0.273482 9.816726
v 0.320659 -0.239118 9.830932
v 0.345400 -0.201739 9.845174
v 0.365854 -0.161712 9.859549
v 0.381655 -0.119743 9.873819
v 0.392654 -0.076300 9.888045
v 0.398731 -0.031835 9.902331
v 0.399785 0.013075 9.916670
v 0.395813 0.057706 9.930941
v 0.386875 0.101620 9.945195
v 0.373028 0.144396 9.959496
v 0.354506 0.185267 9.973816
v 0.331579 0.223727 9.988118
v 0.304479 0.259407 10.002375
v 0.271946 0.293336 10.017290
v 0.236836 0.322347 10.031882
v 0.199897 0.346466 10.046012
v 0.161783 0.365823 10.059549
v 0.119752 0.381653 10.073763
v 0.076339 0.392648 10.088116
v 0.031957 0.398721 10.102473
v -0.012957 0.399790 10.116713
v -0.057581 0.395832 10.130960
v -0.101451 0.386919 10.145273
v -0.144138 0.373127 10.159598
v -0.185131 0.354579 10.173874
v -0.223656 0.331629 10.188078
v -0.259407 0.304480 10.202410
v -0.291880 0.273507 10.216732
v -0.320657 0.239122 10.230945
v -0.333871 0.220296 10.238224
v -0.033659 -0.423647 8.895867
v 0.013773 -0.424759 8.909999
v 0.061095 -0.420567 8.924149
v 0.107945 -0.411044 8.938570
v 0.153429 -0.396319 8.952991
v 0.237571 -0.352377 8.981309
v 0.196704 -0.376719 8.967141
v 0.275549 -0.323546 8.995693
v 0.310093 -0.290606 9.010091
v 0.340676 -0.254066 9.024284
v 0.366937 -0.214399 9.038453
v 0.388649 -0.171935 9.052840
v 0.405486 -0.127242 9.067247
v 0.417174 -0.081091 9.081427
v 0.423623 -0.033963 9.095595
v 0.424760 0.013734 9.109987
v 0.420534 0.061325 9.124399
v 0.411045 0.107944 9.138570
v 0.396409 0.153198 9.152736
v 0.376725 0.196692 9.167137
v 0.352271 0.237728 9.181547
v 0.323503 0.275601 9.195713
v 0.290682 0.310022 9.209879
v 0.254050 0.340688 9.224290
v 0.214240 0.367030 9.238689
v 0.171887 0.388670 9.252856
v 0.127364 0.405448 9.267028
v 0.081050 0.417182 9.281440
v 0.033781 0.423637 9.295831
v -0.013774 0.424759 9.309999
v -0.061201 0.420552 9.324181
v -0.107997 0.411031 9.338586
v -0.153370 0.396342 9.352972
v -0.196705 0.376718 9.367142
v -0.237644 0.352328 9.381336
v -0.275653 0.323458 9.395734
v -0.310152 0.290543 9.410117
v -0.340677 0.254065 9.424284
v -0.366905 0.214454 9.438435
v -0.388670 0.171887 9.452856
v -0.405516 0.127145 9.467277
v -0.417174 0.081090 9.481427
v -0.423626 0.033919 9.495608
v -0.424759 -0.013761 9.509995
v -0.420541 -0.061277 9.524385
v -0.411044 -0.107945 9.538570
v -0.396408 -0.153201 9.552737
v -0.376751 -0.196642 9.567120
v -0.352325 -0.237648 9.581518
v -0.323503 -0.275600 9.595713
v -0.290675 -0.310029 9.609882
v -0.254108 -0.340644 9.624268
v -0.214288 -0.367002 9.638673
v -0.171888 -0.388670 9.652856
v -0.127376 -0.405444 9.667024
v -0.081131 -0.417166 9.681415
v -0.033795 -0.423636 9.695827
v 0.013772 -0.424759 9.709998
v 0.061148 -0.420560 9.724165
v 0.107926 -0.411049 9.738564
v 0.153378 -0.396339 9.752975
v 0.196705 -0.376719 9.767142
v 0.237566 -0.352381 9.781307
v 0.275611 -0.323494 9.795717
v 0.310155 -0.290540 9.810118
v 0.340677 -0.254064 9.824285
v 0.366939 -0.214395 9.838455
v 0.388685 -0.171853 9.852867
v 0.405499 -0.127201 9.867259
v 0.417174 -0.081089 9.881428
v 0.423626 -0.033923 9.895607
v 0.424757 0.013824 9.910014
v 0.420533 0.061330 9.924401
v 0.411044 0.107946 9.938570
v 0.396377 0.153281 9.952763
v 0.376688 0.196763 9.967162
v 0.352275 0.237723 9.981545
v 0.323502 0.275601 9.995713
v 0.290721 0.309985 10.009863
v 0.254065 0.340677 10.024284
v 0.214194 0.367057 10.038706
v 0.171887 0.388670 10.052856
v 0.127332 0.405458 10.067038
v 0.081098 0.417172 10.081425
v 0.033838 0.423633 10.095814
v -0.013772 0.424759 10.109999
v -0.061150 0.420560 10.124165
v -0.107874 0.411063 10.138548
v -0.153286 0.396375 10.152945
v -0.196704 0.376719 10.167141
v -0.237580 0.352371 10.181313
v -0.275604 0.323499 10.195715
v -0.310144 0.290551 10.210114
v -0.340677 0.254064 10.224284
v -0.360132 0.225643 10.234515
v -0.311668 -0.250725 8.898997
v -0.289436 -0.276092 8.909815
v -0.265199 -0.299449 8.920531
v -0.239129 -0.320651 8.931180
v -0.201767 -0.345384 8.945393
v -0.161750 -0.365837 8.959762
v -0.119745 -0.381655 8.974064
v -0.076307 -0.392653 8.988272
v -0.031888 -0.398727 9.002522
v 0.013048 -0.399787 9.016893
v 0.057709 -0.395813 9.031161
v 0.101623 -0.386874 9.045392
v 0.144333 -0.373052 9.059683
v 0.185245 -0.354518 9.074016
v 0.223727 -0.331578 9.088289
v 0.259415 -0.304472 9.102547
v 0.291954 -0.273428 9.116846
v 0.320737 -0.239011 9.131168
v 0.345438 -0.201671 9.145475
v 0.365826 -0.161775 9.159728
v 0.382323 -0.117602 9.174686
v 0.393219 -0.073340 9.189299
v 0.398897 -0.029637 9.203416
v 0.399790 0.012963 9.216898
v 0.395817 0.057695 9.231109
v 0.386887 0.101579 9.245462
v 0.373102 0.144204 9.259820
v 0.354577 0.185134 9.274066
v 0.331648 0.223625 9.288318
v 0.304580 0.259286 9.302626
v 0.273628 0.291766 9.316949
v 0.239146 0.320638 9.331248
v 0.201777 0.345375 9.345505
v 0.161889 0.365774 9.359779
v 0.119862 0.381619 9.374112
v 0.076347 0.392645 9.388403
v 0.031946 0.398720 9.402634
v -0.012879 0.399792 9.416902
v -0.057652 0.395823 9.431273
v -0.101583 0.386885 9.445522
v -0.144218 0.373096 9.459730
v -0.185111 0.354590 9.474034
v -0.223718 0.331587 9.488401
v -0.259399 0.304487 9.502614
v -0.291825 0.273566 9.516825
v -0.320668 0.239106 9.531190
v -0.345440 0.201670 9.545498
v -0.365828 0.161769 9.559706
v -0.381632 0.119819 9.573950
v -0.392666 0.076245 9.588324
v -0.398731 0.031815 9.602593
v -0.399788 -0.012987 9.616821
v -0.395817 -0.057695 9.631109
v -0.386851 -0.101710 9.645446
v -0.373049 -0.144335 9.659718
v -0.354563 -0.185160 9.673974
v -0.331541 -0.223786 9.688274
v -0.304391 -0.259509 9.702595
v -0.273482 -0.291901 9.716899
v -0.239123 -0.320656 9.731155
v -0.199762 -0.346549 9.746102
v -0.159043 -0.367021 9.760709
v -0.117690 -0.382291 9.774830
v -0.076324 -0.392651 9.788326
v -0.031827 -0.398732 9.802539
v 0.012944 -0.399790 9.816891
v 0.057566 -0.395836 9.831249
v 0.101593 -0.386883 9.845492
v 0.144219 -0.373094 9.859743
v 0.185008 -0.354641 9.874052
v 0.223559 -0.331695 9.888377
v 0.259384 -0.304498 9.902674
v 0.291816 -0.273571 9.916933
v 0.320578 -0.239225 9.931209
v 0.345375 -0.201782 9.945538
v 0.365811 -0.161805 9.959833
v 0.381615 -0.119869 9.974066
v 0.392633 -0.076410 9.988333
v 0.398728 -0.031878 10.002701
v 0.399790 0.012945 10.016955
v 0.395833 0.057580 10.031164
v 0.386892 0.101560 10.045462
v 0.373057 0.144321 10.059833
v 0.354575 0.185139 10.074049
v 0.331645 0.223633 10.088258
v 0.304471 0.259417 10.102618
v 0.273482 0.291903 10.116933
v 0.239118 0.320659 10.131139
v 0.201760 0.345388 10.145372
v 0.161751 0.365837 10.159748
v 0.119780 0.381644 10.174051
v 0.076312 0.392653 10.188289
v 0.037553 0.398233 10.200707
v -0.001493 0.399997 10.213216
v -0.040500 0.397944 10.225751
v -0.079185 0.392084 10.238224
v -0.139760 0.374789 10.238224
v -0.196870 0.348199 10.238224
v -0.249096 0.312972 10.238224
v -0.295143 0.269982 10.238224
v -0.371955 -0.253277 8.902195
v -0.341617 -0.292913 8.916418
v -0.307081 -0.328939 8.930633
v -0.269021 -0.360732 8.944581
v -0.227078 -0.388504 8.958731
v -0.182006 -0.411551 8.973152
v -0.134630 -0.429389 8.987574
v -0.085864 -0.441732 9.001724
v -0.036025 -0.448556 9.015874
v 0.014583 -0.449764 9.030295
v 0.065007 -0.445280 9.044716
v 0.114300 -0.435242 9.058867
v 0.162164 -0.419765 9.073017
v 0.208284 -0.398896 9.087438
v 0.251769 -0.372978 9.101859
v 0.291825 -0.342547 9.116009
v 0.328234 -0.307835 9.130159
v 0.360732 -0.269021 9.144581
v 0.388665 -0.226803 9.159002
v 0.411551 -0.182006 9.173152
v 0.429293 -0.134935 9.187302
v 0.441732 -0.085864 9.201724
v 0.448581 -0.035707 9.216145
v 0.449764 0.014583 9.230295
v 0.445326 0.064692 9.244445
v 0.435242 0.114300 9.258867
v 0.419650 0.162461 9.273288
v 0.398896 0.208284 9.287438
v 0.373156 0.251505 9.301588
v 0.342547 0.291825 9.316009
v 0.307603 0.328452 9.330431
v 0.269021 0.360732 9.344581
v 0.227078 0.388504 9.358731
v 0.182006 0.411551 9.373152
v 0.134630 0.429389 9.387574
v 0.085864 0.441732 9.401724
v 0.036025 0.448556 9.415874
v -0.014583 0.449764 9.430295
v -0.065007 0.445280 9.444716
v -0.114300 0.435242 9.458867
v -0.162164 0.419765 9.473017
v -0.208284 0.398896 9.487438
v -0.251769 0.372978 9.501859
v -0.291825 0.342547 9.516009
v -0.328234 0.307835 9.530159
v -0.360732 0.269021 9.544581
v -0.388665 0.226803 9.559002
v -0.411551 0.182006 9.573152
v -0.429293 0.134935 9.587302
v -0.441732 0.085864 9.601724
v -0.448581 0.035707 9.616145
v -0.449764 -0.014583 9.630295
v -0.445326 -0.064692 9.644445
v -0.435242 -0.114300 9.658867
v -0.419650 -0.162461 9.673288
v -0.398896 -0.208284 9.687438
v -0.373156 -0.251505 9.701588
v -0.342547 -0.291825 9.716009
v -0.307603 -0.328452 9.730431
v -0.269021 -0.360732 9.744581
v -0.227078 -0.388504 9.758731
v -0.182006 -0.411551 9.773152
v -0.134630 -0.429389 9.787574
v -0.085864 -0.441732 9.801724
v -0.036025 -0.448556 9.815874
v 0.014583 -0.449764 9.830295
v 0.065007 -0.445280 9.844716
v 0.114300 -0.435242 9.858867
v 0.162164 -0.419765 9.873017
v 0.208284 -0.398896 9.887438
v 0.251769 -0.372978 9.901859
v 0.291825 -0.342547 9.916009
v 0.328234 -0.307835 9.930159
v 0.360732 -0.269021 9.944581
v 0.388665 -0.226803 9.959002
v 0.411551 -0.182006 9.973152
v 0.429293 -0.134935 9.987302
v 0.441732 -0.085864 10.001724
v 0.448581 -0.035707 10.016145
v 0.449764 0.014583 10.030295
v 0.445326 0.064692 10.044445
v 0.435242 0.114300 10.058867
v 0.419650 0.162461 10.073288
v 0.398896 0.208284 10.087438
v 0.373156 0.251505 10.101588
v 0.342547 0.291825 10.116009
v 0.307603 0.328452 10.130431
v 0.269021 0.360732 10.144581
v 0.227078 0.388504 10.158731
v 0.182006 0.411551 10.173152
v 0.134630 0.429389 10.187574
v 0.085864 0.441732 10.201724
v 0.022180 0.449453 10.219814
v -0.042328 0.448005 10.238224
v 0.081090 0.417174 10.195020
v -0.001509 0.424979 10.219886
v -0.351276 -0.239196 8.895492
v -0.322624 -0.276628 8.909714
v -0.290009 -0.310652 8.923929
v -0.254065 -0.340677 8.937877
v -0.214407 -0.366932 8.952043
v -0.171870 -0.388678 8.966454
v -0.127197 -0.405500 8.980854
v -0.081090 -0.417174 8.995020
v -0.033950 -0.423624 9.009192
v 0.013813 -0.424757 9.023604
v 0.061334 -0.420533 9.037995
v 0.107946 -0.411044 9.052163
v 0.153248 -0.396390 9.066345
v 0.196752 -0.376694 9.080751
v 0.237719 -0.352277 9.095137
v 0.275601 -0.323502 9.109306
v 0.310086 -0.290613 9.123500
v 0.340718 -0.254009 9.137898
v 0.367028 -0.214243 9.152281
v 0.388670 -0.171887 9.166449
v 0.405426 -0.127433 9.180599
v 0.417174 -0.081090 9.195020
v 0.423642 -0.033722 9.209441
v 0.424759 0.013773 9.223592
v 0.420553 0.061197 9.237773
v 0.411047 0.107934 9.252160
v 0.396362 0.153320 9.266549
v 0.376719 0.196704 9.280734
v 0.352378 0.237570 9.294902
v 0.323548 0.275548 9.309285
v 0.290609 0.310090 9.323683
v 0.254065 0.340676 9.337877
v 0.214399 0.366937 9.352046
v 0.171936 0.388649 9.366433
v 0.127247 0.405485 9.380838
v 0.081091 0.417174 9.395020
v 0.033962 0.423623 9.409188
v -0.013733 0.424760 9.423579
v -0.061322 0.420534 9.437991
v -0.107944 0.411045 9.452163
v -0.153199 0.396409 9.466329
v -0.196689 0.376727 9.480729
v -0.237727 0.352272 9.495140
v -0.275601 0.323503 9.509306
v -0.310022 0.290682 9.523472
v -0.340686 0.254052 9.537882
v -0.367030 0.214240 9.552282
v -0.388670 0.171887 9.566449
v -0.405447 0.127367 9.580619
v -0.417181 0.081052 9.595032
v -0.423637 0.033781 9.609424
v -0.424759 -0.013774 9.623592
v -0.420553 -0.061196 9.637772
v -0.411031 -0.107995 9.652179
v -0.396342 -0.153370 9.666565
v -0.376718 -0.196705 9.680735
v -0.352329 -0.237642 9.694928
v -0.323459 -0.275652 9.709326
v -0.290544 -0.310152 9.723710
v -0.254065 -0.340677 9.737877
v -0.214454 -0.366905 9.752027
v -0.171887 -0.388670 9.766449
v -0.127145 -0.405517 9.780870
v -0.081090 -0.417174 9.795020
v -0.033918 -0.423626 9.809201
v 0.013762 -0.424759 9.823588
v 0.061277 -0.420541 9.837978
v 0.107945 -0.411044 9.852163
v 0.153201 -0.396408 9.866330
v 0.196642 -0.376751 9.880713
v 0.237647 -0.352326 9.895110
v 0.275600 -0.323503 9.909306
v 0.310029 -0.290675 9.923475
v 0.340644 -0.254108 9.937861
v 0.367001 -0.214289 9.952265
v 0.388670 -0.171888 9.966448
v 0.405444 -0.127375 9.980617
v 0.417166 -0.081131 9.995007
v 0.423636 -0.033796 10.009419
v 0.424759 0.013772 10.023591
v 0.420560 0.061149 10.037758
v 0.411050 0.107925 10.052157
v 0.396339 0.153378 10.066568
v 0.376719 0.196705 10.080734
v 0.352381 0.237566 10.094900
v 0.323495 0.275610 10.109309
v 0.290540 0.310155 10.123711
v 0.254064 0.340677 10.137877
v 0.214406 0.366933 10.152044
v 0.171872 0.388677 10.166454
v 0.127215 0.405495 10.180848
v 0.040023 0.423093 10.207363
v -0.043044 0.422796 10.232450
v -0.449764 -0.014583 8.903295
v -0.445326 -0.064692 8.917445
v -0.435242 -0.114300 8.931867
v -0.419650 -0.162461 8.946288
v -0.398896 -0.208284 8.960438
v -0.373156 -0.251505 8.974588
v -0.342547 -0.291825 8.989009
v -0.307603 -0.328452 9.003431
v -0.269021 -0.360732 9.017581
v -0.227078 -0.388504 9.031731
v -0.182006 -0.411551 9.046152
v -0.134630 -0.429389 9.060574
v -0.085864 -0.441732 9.074724
v -0.036025 -0.448556 9.088874
v 0.014583 -0.449764 9.103295
v 0.065007 -0.445280 9.117716
v 0.114300 -0.435242 9.131867
v 0.162164 -0.419765 9.146017
v 0.208284 -0.398896 9.160438
v 0.251769 -0.372978 9.174859
v 0.291825 -0.342547 9.189009
v 0.328234 -0.307835 9.203159
v 0.360732 -0.269021 9.217581
v 0.388665 -0.226803 9.232002
v 0.411551 -0.182006 9.246152
v 0.429293 -0.134935 9.260302
v 0.441732 -0.085864 9.274724
v 0.448581 -0.035707 9.289145
v 0.449764 0.014583 9.303295
v 0.445326 0.064692 9.317445
v 0.435242 0.114300 9.331867
v 0.419650 0.162461 9.346288
v 0.398896 0.208284 9.360438
v 0.373156 0.251505 9.374588
v 0.342547 0.291825 9.389009
v 0.307603 0.328452 9.403431
v 0.269021 0.360732 9.417581
v 0.227078 0.388504 9.431731
v 0.182006 0.411551 9.446152
v 0.134630 0.429389 9.460574
v 0.085864 0.441732 9.474724
v 0.036025 0.448556 9.488874
v -0.014583 0.449764 9.503295
v -0.065007 0.445280 9.517716
v -0.114300 0.435242 9.531867
v -0.162164 0.419765 9.546017
v -0.208284 0.398896 9.560438
v -0.251769 0.372978 9.574859
v -0.291825 0.342547 9.589009
v -0.328234 0.307835 9.603159
v -0.360732 0.269021 9.617581
v -0.388665 0.226803 9.632002
v -0.411551 0.182006 9.646152
v -0.429293 0.134935 9.660302
v -0.441732 0.085864 9.674724
v -0.448581 0.035707 9.689145
v -0.449764 -0.014583 9.703295
v -0.445326 -0.064692 9.717445
v -0.435242 -0.114300 9.731867
v -0.419650 -0.162461 9.746288
v -0.398896 -0.208284 9.760438
v -0.373156 -0.251505 9.774588
v -0.342547 -0.291825 9.789009
v -0.307603 -0.328452 9.803431
v -0.269021 -0.360732 9.817581
v -0.227078 -0.388504 9.831731
v -0.182006 -0.411551 9.846152
v -0.134630 -0.429389 9.860574
v -0.085864 -0.441732 9.874724
v -0.036025 -0.448556 9.888874
v 0.014583 -0.449764 9.903295
v 0.065007 -0.445280 9.917716
v 0.114300 -0.435242 9.931867
v 0.162164 -0.419765 9.946017
v 0.208284 -0.398896 9.960438
v 0.251769 -0.372978 9.974859
v 0.291825 -0.342547 9.989009
v 0.328234 -0.307835 10.003159
v 0.360732 -0.269021 10.017581
v 0.388665 -0.226803 10.032002
v 0.411551 -0.182006 10.046152
v 0.429293 -0.134935 10.060302
v 0.441732 -0.085864 10.074724
v 0.448581 -0.035707 10.089145
v 0.449764 0.014583 10.103295
v 0.445326 0.064692 10.117445
v 0.435242 0.114300 10.131867
v 0.419650 0.162461 10.146288
v 0.398896 0.208284 10.160438
v 0.373156 0.251505 10.174588
v 0.342547 0.291825 10.189009
v 0.307603 0.328452 10.203431
v 0.269021 0.360732 10.217581
v 0.238926 0.381332 10.227812
v 0.207072 0.399526 10.238224
v 0.147980 0.424973 10.238224
v 0.085864 0.441732 10.238224
v 0.021993 0.449462 10.238224
v -0.398737 0.031728 8.902482
v -0.399787 -0.012977 8.916648
v -0.395806 -0.057768 8.930924
v -0.386844 -0.101736 8.945244
v -0.373049 -0.144334 8.959544
v -0.354569 -0.185151 8.973802
v -0.330460 -0.225381 8.988684
v -0.302718 -0.261459 9.003261
v -0.272058 -0.293226 9.017400
v -0.239130 -0.320651 9.030977
v -0.201673 -0.345439 9.045193
v -0.161794 -0.365818 9.059546
v -0.119878 -0.381614 9.073902
v -0.076329 -0.392650 9.088140
v -0.031943 -0.398721 9.102385
v 0.012810 -0.399793 9.116699
v 0.057496 -0.395846 9.131027
v 0.101581 -0.386886 9.145323
v 0.144219 -0.373093 9.159583
v 0.185033 -0.354629 9.173861
v 0.223617 -0.331656 9.188188
v 0.259380 -0.304501 9.202485
v 0.291814 -0.273574 9.216720
v 0.320596 -0.239202 9.230986
v 0.345408 -0.201725 9.245353
v 0.365814 -0.161800 9.259609
v 0.381616 -0.119868 9.273819
v 0.392642 -0.076367 9.288114
v 0.398731 -0.031837 9.302487
v 0.399790 0.012959 9.316704
v 0.395833 0.057590 9.330912
v 0.386877 0.101619 9.345269
v 0.373051 0.144336 9.359588
v 0.354567 0.185153 9.373794
v 0.331627 0.223660 9.388032
v 0.304438 0.259456 9.402408
v 0.273478 0.291905 9.416681
v 0.239110 0.320664 9.430904
v 0.201692 0.345428 9.445185
v 0.161682 0.365866 9.459529
v 0.119745 0.381653 9.473798
v 0.076301 0.392654 9.488050
v 0.031763 0.398737 9.502351
v -0.013101 0.399783 9.516670
v -0.057704 0.395813 9.530966
v -0.101611 0.386878 9.545226
v -0.146059 0.372380 9.560064
v -0.187377 0.353396 9.574622
v -0.225219 0.330565 9.588772
v -0.259400 0.304485 9.602404
v -0.291906 0.273479 9.616624
v -0.320647 0.239134 9.630977
v -0.345372 0.201787 9.645332
v -0.365821 0.161787 9.659564
v -0.381616 0.119867 9.673803
v -0.392619 0.076478 9.688122
v -0.398715 0.032038 9.702453
v -0.399790 -0.012946 9.716746
v -0.395831 -0.057583 9.731009
v -0.386912 -0.101477 9.745290
v -0.373105 -0.144198 9.759613
v -0.354584 -0.185119 9.773913
v -0.331650 -0.223622 9.788153
v -0.304548 -0.259326 9.802418
v -0.273536 -0.291853 9.816779
v -0.239146 -0.320638 9.831043
v -0.201781 -0.345374 9.845256
v -0.161833 -0.365801 9.859543
v -0.119770 -0.381648 9.873920
v -0.076330 -0.392650 9.888142
v -0.031938 -0.398723 9.902349
v 0.012971 -0.399790 9.916695
v 0.057704 -0.395816 9.931025
v 0.101610 -0.386879 9.945231
v 0.144251 -0.373084 9.959462
v 0.185200 -0.354543 9.973839
v 0.223731 -0.331577 9.988117
v 0.259416 -0.304470 10.002336
v 0.291878 -0.273509 10.016610
v 0.320712 -0.239046 10.030961
v 0.345439 -0.201668 10.045228
v 0.365831 -0.161761 10.059476
v 0.381668 -0.119705 10.073777
v 0.392674 -0.076192 10.088097
v 0.398730 -0.031820 10.102388
v 0.399789 0.012977 10.116650
v 0.395565 0.059399 10.131448
v 0.386275 0.103876 10.145988
v 0.372439 0.145896 10.160149
v 0.354573 0.185143 10.173830
v 0.331572 0.223740 10.188055
v 0.304441 0.259453 10.202429
v 0.273479 0.291906 10.216773
v 0.239123 0.320656 10.230951
v 0.220296 0.333871 10.238224
v -0.423649 0.033640 8.895873
v -0.424759 -0.013773 8.909999
v -0.420548 -0.061235 8.924191
v -0.411028 -0.108009 8.938590
v -0.396341 -0.153374 8.952973
v -0.376719 -0.196705 8.967142
v -0.352410 -0.237522 8.981292
v -0.323503 -0.275601 8.995713
v -0.290501 -0.310192 9.010134
v -0.254065 -0.340677 9.024284
v -0.214361 -0.366960 9.038467
v -0.171893 -0.388668 9.052854
v -0.127255 -0.405482 9.067242
v -0.081091 -0.417174 9.081427
v -0.033967 -0.423623 9.095594
v 0.013699 -0.424761 9.109976
v 0.061241 -0.420547 9.124374
v 0.107944 -0.411045 9.138570
v 0.153207 -0.396406 9.152739
v 0.196656 -0.376745 9.167125
v 0.237678 -0.352306 9.181529
v 0.275600 -0.323504 9.195713
v 0.310027 -0.290677 9.209881
v 0.340652 -0.254099 9.224271
v 0.367019 -0.214259 9.238683
v 0.388670 -0.171888 9.252855
v 0.405443 -0.127381 9.267022
v 0.417170 -0.081113 9.281420
v 0.423638 -0.033777 9.295832
v 0.424759 0.013773 9.309999
v 0.420560 0.061147 9.324164
v 0.411042 0.107955 9.338573
v 0.396339 0.153380 9.352975
v 0.376719 0.196705 9.367142
v 0.352374 0.237576 9.381311
v 0.323480 0.275628 9.395724
v 0.290544 0.310152 9.410117
v 0.254064 0.340678 9.424285
v 0.214371 0.366954 9.438463
v 0.171842 0.388691 9.452871
v 0.127206 0.405498 9.467258
v 0.081090 0.417174 9.481427
v 0.033885 0.423629 9.495619
v -0.013836 0.424757 9.510018
v -0.061333 0.420533 9.524402
v -0.107946 0.411045 9.538570
v -0.153148 0.396428 9.552720
v -0.196705 0.376719 9.567141
v -0.237772 0.352242 9.581563
v -0.275601 0.323503 9.595713
v -0.310062 0.290640 9.609896
v -0.340675 0.254067 9.624283
v -0.367000 0.214292 9.638672
v -0.388670 0.171887 9.652856
v -0.405443 0.127382 9.667022
v -0.417160 0.081165 9.681404
v -0.423630 0.033880 9.695801
v -0.424759 -0.013772 9.709998
v -0.420559 -0.061157 9.724168
v -0.411059 -0.107889 9.738553
v -0.396364 -0.153316 9.752955
v -0.376719 -0.196704 9.767141
v -0.352376 -0.237573 9.781310
v -0.323532 -0.275567 9.795699
v -0.290561 -0.310136 9.810110
v -0.254066 -0.340677 9.824284
v -0.214406 -0.366933 9.838451
v -0.171912 -0.388659 9.852847
v -0.127201 -0.405500 9.867260
v -0.081091 -0.417174 9.881427
v -0.033970 -0.423622 9.895593
v 0.013777 -0.424759 9.910000
v 0.061341 -0.420532 9.924404
v 0.107946 -0.411045 9.938570
v 0.153206 -0.396406 9.952739
v 0.196734 -0.376704 9.967151
v 0.237725 -0.352274 9.981546
v 0.275601 -0.323502 9.995713
v 0.310047 -0.290656 10.009890
v 0.340706 -0.254027 10.024299
v 0.367026 -0.214248 10.038687
v 0.388671 -0.171887 10.052856
v 0.405466 -0.127307 10.067045
v 0.417186 -0.081030 10.081446
v 0.423637 -0.033783 10.095830
v 0.424759 0.013773 10.109999
v 0.420568 0.061095 10.124149
v 0.411045 0.107945 10.138570
v 0.396320 0.153429 10.152991
v 0.376719 0.196705 10.167141
v 0.352346 0.237618 10.181326
v 0.323479 0.275629 10.195724
v 0.290534 0.310161 10.210121
v 0.254065 0.340677 10.224284
v 0.225643 0.360132 10.234515
v -0.250685 0.311701 8.898981
v -0.275982 0.289541 8.909775
v -0.299392 0.265263 8.920553
v -0.320635 0.239149 8.931261
v -0.345374 0.201781 8.945492
v -0.365788 0.161861 8.959760
v -0.381638 0.119800 8.974130
v -0.392647 0.076340 8.988381
v -0.398722 0.031944 9.002589
v -0.399791 -0.012926 9.016891
v -0.395818 -0.057692 9.031260
v -0.386882 -0.101598 9.045474
v -0.373093 -0.144229 9.059684
v -0.354561 -0.185166 9.074047
v -0.331579 -0.223729 9.088358
v -0.304476 -0.259411 9.102564
v -0.273539 -0.291850 9.116808
v -0.239066 -0.320698 9.131182
v -0.201667 -0.345440 9.145452
v -0.161760 -0.365831 9.159678
v -0.119761 -0.381651 9.173965
v -0.076212 -0.392671 9.188304
v -0.031818 -0.398730 9.202574
v 0.012985 -0.399788 9.216829
v 0.057769 -0.395806 9.231130
v 0.101737 -0.386844 9.245449
v 0.144334 -0.373049 9.259750
v 0.185151 -0.354569 9.274008
v 0.225406 -0.330443 9.288899
v 0.261489 -0.302692 9.303481
v 0.293247 -0.272036 9.317617
v 0.320651 -0.239130 9.331182
v 0.345438 -0.201674 9.345398
v 0.365817 -0.161795 9.359750
v 0.381614 -0.119879 9.374107
v 0.392650 -0.076330 9.388346
v 0.398721 -0.031943 9.402592
v 0.399793 0.012811 9.416905
v 0.395846 0.057497 9.431232
v 0.386886 0.101581 9.445529
v 0.373093 0.144219 9.459789
v 0.354628 0.185033 9.474066
v 0.331655 0.223619 9.488394
v 0.304501 0.259380 9.502690
v 0.273574 0.291814 9.516925
v 0.239202 0.320596 9.531191
v 0.201725 0.345408 9.545558
v 0.161800 0.365814 9.559814
v 0.119868 0.381616 9.574024
v 0.076367 0.392642 9.588319
v 0.031837 0.398731 9.602692
v -0.012959 0.399790 9.616909
v -0.057590 0.395833 9.631117
v -0.101619 0.386877 9.645474
v -0.144336 0.373051 9.659793
v -0.185153 0.354567 9.673999
v -0.223660 0.331627 9.688237
v -0.259456 0.304438 9.702613
v -0.291904 0.273478 9.716885
v -0.320664 0.239110 9.731109
v -0.345428 0.201691 9.745391
v -0.365866 0.161682 9.759734
v -0.381653 0.119746 9.774003
v -0.392654 0.076301 9.788256
v -0.398737 0.031761 9.802557
v -0.399783 -0.013102 9.816876
v -0.395814 -0.057704 9.831174
v -0.386879 -0.101610 9.845434
v -0.372338 -0.146169 9.860308
v -0.353324 -0.187513 9.874882
v -0.330500 -0.225315 9.889023
v -0.304486 -0.259400 9.902610
v -0.273482 -0.291903 9.916827
v -0.239138 -0.320644 9.931180
v -0.201789 -0.345371 9.945536
v -0.161788 -0.365820 9.959772
v -0.119866 -0.381616 9.974015
v -0.076475 -0.392619 9.988331
v -0.032033 -0.398715 10.002660
v 0.012945 -0.399790 10.016954
v 0.057582 -0.395831 10.031216
v 0.101479 -0.386912 10.045495
v 0.144204 -0.373102 10.059820
v 0.185119 -0.354584 10.074118
v 0.223622 -0.331650 10.088356
v 0.259328 -0.304546 10.102622
v 0.291856 -0.273532 10.116985
v 0.320638 -0.239145 10.131246
v 0.345363 -0.201801 10.145450
v 0.365783 -0.161872 10.159733
v 0.381633 -0.119818 10.174090
v 0.392653 -0.076313 10.188291
v 0.398228 -0.037607 10.200690
v 0.399997 0.001471 10.213209
v 0.397945 0.040495 10.225750
v 0.392084 0.079185 10.238224
v 0.374789 0.139760 10.238224
v 0.348199 0.196870 10.238224
v 0.312972 0.249096 10.238224
v 0.269982 0.295143 10.238224
v -0.253277 0.371955 8.902195
v -0.292913 0.341617 8.916418
v -0.328939 0.307081 8.930633
v -0.360732 0.269021 8.944581
v -0.388504 0.227078 8.958731
v -0.411551 0.182006 8.973152
v -0.429389 0.134630 8.987574
v -0.441732 0.085864 9.001724
v -0.448556 0.036025 9.015874
v -0.449764 -0.014583 9.030295
v -0.445280 -0.065007 9.044716
v -0.435242 -0.114300 9.058867
v -0.419765 -0.162164 9.073017
v -0.398896 -0.208284 9.087438
v -0.372978 -0.251769 9.101859
v -0.342547 -0.291825 9.116009
v -0.307835 -0.328234 9.130159
v -0.269021 -0.360732 9.144581
v -0.226803 -0.388665 9.159002
v -0.182006 -0.411551 9.173152
v -0.134935 -0.429293 9.187302
v -0.085864 -0.441732 9.201724
v -0.035707 -0.448581 9.216145
v 0.014583 -0.449764 9.230295
v 0.064692 -0.445326 9.244445
v 0.114300 -0.435242 9.258867
v 0.162461 -0.419650 9.273288
v 0.208284 -0.398896 9.287438
v 0.251505 -0.373156 9.301588
v 0.291825 -0.342547 9.316009
v 0.328452 -0.307603 9.330431
v 0.360732 -0.269021 9.344581
v 0.388504 -0.227078 9.358731
v 0.411551 -0.182006 9.373152
v 0.429389 -0.134630 9.387574
v 0.441732 -0.085864 9.401724
v 0.448556 -0.036025 9.415874
v 0.449764 0.014583 9.430295
v 0.445280 0.065007 9.444716
v 0.435242 0.114300 9.458867
v 0.419765 0.162164 9.473017
v 0.398896 0.208284 9.487438
v 0.372978 0.251769 9.501859
v 0.342547 0.291825 9.516009
v 0.307835 0.328234 9.530159
v 0.269021 0.360732 9.544581
v 0.226803 0.388665 9.559002
v 0.182006 0.411551 9.573152
v 0.134935 0.429293 9.587302
v 0.085864 0.441732 9.601724
v 0.035707 0.448581 9.616145
v -0.014583 0.449764 9.630295
v -0.064692 0.445326 9.644445
v -0.114300 0.435242 9.658867
v -0.162461 0.419650 9.673288
v -0.208284 0.398896 9.687438
v -0.251505 0.373156 9.701588
v -0.291825 0.342547 9.716009
v -0.328452 0.307603 9.730431
v -0.360732 0.269021 9.744581
v -0.388504 0.227078 9.758731
v -0.411551 0.182006 9.773152
v -0.429389 0.134630 9.787574
v -0.441732 0.085864 9.801724
v -0.448556 0.036025 9.815874
v -0.449764 -0.014583 9.830295
v -0.445280 -0.065007 9.844716
v -0.435242 -0.114300 9.858867
v -0.419765 -0.162164 9.873017
v -0.398896 -0.208284 9.887438
v -0.372978 -0.251769 9.901859
v -0.342547 -0.291825 9.916009
v -0.307835 -0.328234 9.930159
v -0.269021 -0.360732 9.944581
v -0.226803 -0.388665 9.959002
v -0.182006 -0.411551 9.973152
v -0.134935 -0.429293 9.987302
v -0.085864 -0.441732 10.001724
v -0.035707 -0.448581 10.016145
v 0.014583 -0.449764 10.030295
v 0.064692 -0.445326 10.044445
v 0.114300 -0.435242 10.058867
v 0.162461 -0.419650 10.073288
v 0.208284 -0.398896 10.087438
v 0.251505 -0.373156 10.101588
v 0.291825 -0.342547 10.116009
v 0.328452 -0.307603 10.130431
v 0.360732 -0.269021 10.144581
v 0.388504 -0.227078 10.158731
v 0.411551 -0.182006 10.173152
v 0.429389 -0.134630 10.187574
v 0.441732 -0.085864 10.201724
v 0.449453 -0.022180 10.219814
v 0.448005 0.042328 10.238224
v 0.417174 -0.081090 10.195020
v 0.424979 0.001498 10.219883
v -0.239196 0.351276 8.895492
v -0.276628 0.322624 8.909714
v -0.310651 0.290009 8.923929
v -0.340676 0.254065 8.937877
v -0.366935 0.214402 8.952045
v -0.388654 0.171924 8.966436
v -0.405495 0.127214 8.980848
v -0.417174 0.081091 8.995020
v -0.423622 0.033968 9.009186
v -0.424759 -0.013754 9.023586
v -0.420532 -0.061340 9.037997
v -0.411044 -0.107945 9.052163
v -0.396409 -0.153197 9.066329
v -0.376712 -0.196717 9.080739
v -0.352271 -0.237727 9.095140
v -0.323502 -0.275601 9.109306
v -0.290671 -0.310032 9.123476
v -0.254034 -0.340700 9.137889
v -0.214244 -0.367027 9.152281
v -0.171886 -0.388670 9.166449
v -0.127337 -0.405456 9.180629
v -0.081040 -0.417184 9.195036
v -0.033785 -0.423637 9.209422
v 0.013774 -0.424759 9.223592
v 0.061236 -0.420547 9.237784
v 0.108009 -0.411027 9.252183
v 0.153374 -0.396341 9.266566
v 0.196705 -0.376718 9.280734
v 0.237522 -0.352410 9.294884
v 0.275601 -0.323503 9.309306
v 0.310191 -0.290501 9.323727
v 0.340677 -0.254065 9.337877
v 0.366959 -0.214361 9.352059
v 0.388667 -0.171894 9.366446
v 0.405482 -0.127256 9.380835
v 0.417174 -0.081091 9.395020
v 0.423622 -0.033967 9.409187
v 0.424761 0.013700 9.423569
v 0.420546 0.061241 9.437967
v 0.411044 0.107944 9.452163
v 0.396405 0.153207 9.466332
v 0.376744 0.196656 9.480718
v 0.352305 0.237678 9.495122
v 0.323503 0.275600 9.509305
v 0.290677 0.310027 9.523474
v 0.254099 0.340651 9.537864
v 0.214259 0.367019 9.552276
v 0.171888 0.388670 9.566448
v 0.127381 0.405443 9.580615
v 0.081113 0.417169 9.595013
v 0.033777 0.423637 9.609425
v -0.013772 0.424759 9.623591
v -0.061147 0.420560 9.637757
v -0.107955 0.411042 9.652166
v -0.153380 0.396338 9.666568
v -0.196705 0.376718 9.680734
v -0.237576 0.352374 9.694904
v -0.275628 0.323479 9.709317
v -0.310152 0.290543 9.723710
v -0.340677 0.254064 9.737877
v -0.366953 0.214371 9.752056
v -0.388690 0.171841 9.766464
v -0.405498 0.127206 9.780851
v -0.417174 0.081089 9.795020
v -0.423629 0.033884 9.809212
v -0.424756 -0.013837 9.823611
v -0.420533 -0.061334 9.837995
v -0.411044 -0.107945 9.852163
v -0.396428 -0.153148 9.866313
v -0.376719 -0.196705 9.880734
v -0.352242 -0.237772 9.895156
v -0.323503 -0.275601 9.909306
v -0.290642 -0.310060 9.923488
v -0.254069 -0.340673 9.937876
v -0.214293 -0.366999 9.952264
v -0.171887 -0.388670 9.966449
v -0.127381 -0.405443 9.980615
v -0.081163 -0.417159 9.994998
v -0.033877 -0.423629 10.009395
v 0.013772 -0.424759 10.023591
v 0.061158 -0.420558 10.037761
v 0.107890 -0.411059 10.052146
v 0.153319 -0.396362 10.066549
v 0.196704 -0.376719 10.080734
v 0.237573 -0.352376 10.094903
v 0.275567 -0.323531 10.109292
v 0.310138 -0.290559 10.123703
v 0.340676 -0.254065 10.137877
v 0.366926 -0.214417 10.152040
v 0.388650 -0.171933 10.166433
v 0.405490 -0.127228 10.180844
v 0.423090 -0.040052 10.207354
v 0.422797 0.043042 10.232449
v -0.209890 -1.079790 8.913224
v -0.314717 -1.054018 8.913224
v -0.416513 -1.018095 8.913224
v -0.514299 -0.972367 8.913224
v -0.607131 -0.917274 8.913224
v -0.694116 -0.853348 8.913224
v -0.774416 -0.781204 8.913224
v -0.847259 -0.701536 8.913224
v -0.911941 -0.615112 8.913224
v -0.967842 -0.522764 8.913224
v -1.014421 -0.425382 8.913224
v -1.051231 -0.323903 8.913224
v -1.077917 -0.219305 8.913224
v -1.094222 -0.112594 8.913224
v -1.099990 -0.004800 8.913224
v -1.095163 0.103041 8.913224
v -1.079790 0.209890 8.913224
v -1.054018 0.314717 8.913224
v -1.018095 0.416513 8.913224
v -0.972367 0.514299 8.913224
v -0.917274 0.607131 8.913224
v -0.853348 0.694116 8.913224
v -0.781204 0.774416 8.913224
v -0.701536 0.847259 8.913224
v -0.615112 0.911941 8.913224
v -0.522764 0.967842 8.913224
v -0.425382 1.014421 8.913224
v -0.323903 1.051231 8.913224
v -0.219305 1.077917 8.913224
v -0.112594 1.094222 8.913224
v -0.004800 1.099990 8.913224
v 0.103041 1.095163 8.913224
v 0.209890 1.079790 8.913224
v 0.314717 1.054018 8.913224
v 0.416513 1.018095 8.913224
v 0.514299 0.972367 8.913224
v 0.607131 0.917274 8.913224
v 0.694116 0.853348 8.913224
v 0.774416 0.781204 8.913224
v 0.847259 0.701536 8.913224
v 0.911941 0.615112 8.913224
v 0.967842 0.522764 8.913224
v 1.014421 0.425382 8.913224
v 1.051231 0.323903 8.913224
v 1.077917 0.219305 8.913224
v 1.094222 0.112594 8.913224
v 1.099990 0.004800 8.913224
v 1.095163 -0.103041 8.913224
v 1.079790 -0.209890 8.913224
v 1.054018 -0.314717 8.913224
v 1.018095 -0.416513 8.913224
v 0.972367 -0.514299 8.913224
v 0.917274 -0.607131 8.913224
v 0.853348 -0.694116 8.913224
v 0.781204 -0.774416 8.913224
v 0.701536 -0.847259 8.913224
v 0.615112 -0.911941 8.913224
v 0.522764 -0.967842 8.913224
v 0.425382 -1.014421 8.913224
v 0.323903 -1.051231 8.913224
v 0.219305 -1.077917 8.913224
v 0.112594 -1.094222 8.913224
v 0.004800 -1.099990 8.913224
v -0.103041 -1.095163 8.913224
v 0.205120 1.055249 9.238224
v 0.309169 1.029582 9.238224
v 0.410146 0.993683 9.238224
v 0.507047 0.947907 9.238224
v 0.598908 0.892711 9.238224
v 0.684818 0.828643 9.238224
v 0.763921 0.756340 9.238224
v 0.835432 0.676519 9.238224
v 0.898640 0.589975 9.238224
v 0.952917 0.497568 9.238224
v 0.997724 0.400216 9.238224
v 1.032614 0.298886 9.238224
v 1.057242 0.194585 9.238224
v 1.071363 0.088351 9.238224
v 1.074836 -0.018761 9.238224
v 1.067627 -0.125687 9.238224
v 1.049807 -0.231364 9.238224
v 1.021554 -0.334741 9.238224
v 0.983149 -0.434792 9.238224
v 0.934972 -0.530521 9.238224
v 0.877503 -0.620978 9.238224
v 0.811313 -0.705263 9.238224
v 0.737060 -0.782540 9.238224
v 0.655481 -0.852038 9.238224
v 0.567388 -0.913069 9.238224
v 0.473657 -0.965026 9.238224
v 0.375217 -1.007391 9.238224
v 0.273049 -1.039745 9.238224
v 0.168167 -1.061765 9.238224
v 0.061614 -1.073233 9.238224
v -0.045552 -1.074034 9.238224
v -0.152265 -1.064162 9.238224
v -0.257465 -1.043713 9.238224
v -0.360105 -1.012891 9.238224
v -0.459167 -0.972003 9.238224
v -0.553666 -0.921455 9.238224
v -0.642662 -0.861749 9.238224
v -0.725271 -0.793478 9.238224
v -0.800672 -0.717321 9.238224
v -0.868115 -0.634036 9.238224
v -0.926931 -0.544449 9.238224
v -0.976534 -0.449451 9.238224
v -1.016432 -0.349986 9.238224
v -1.046229 -0.247043 9.238224
v -1.065627 -0.141644 9.238224
v -1.074435 -0.034838 9.238224
v -1.072565 0.072314 9.238224
v -1.060035 0.178748 9.238224
v -1.036970 0.283405 9.238224
v -1.003599 0.385246 9.238224
v -0.960254 0.483257 9.238224
v -0.907365 0.576466 9.238224
v -0.845459 0.663946 9.238224
v -0.775150 0.744827 9.238224
v -0.697137 0.818306 9.238224
v -0.612196 0.883652 9.238224
v -0.521170 0.940216 9.238224
v -0.424965 0.987436 9.238224
v -0.324537 1.024842 9.238224
v -0.220883 1.052063 9.238224
v -0.115033 1.068828 9.238224
v -0.008041 1.074970 9.238224
v 0.099031 1.070429 9.238224
v 0.209890 1.079790 9.213224
v 0.103041 1.095163 9.213224
v -0.004800 1.099990 9.213224
v -0.112594 1.094222 9.213224
v -0.219305 1.077917 9.213224
v -0.323903 1.051231 9.213224
v -0.425382 1.014421 9.213224
v -0.522764 0.967842 9.213224
v -0.615112 0.911941 9.213224
v -0.701536 0.847259 9.213224
v -0.781204 0.774416 9.213224
v -0.853348 0.694116 9.213224
v -0.917274 0.607131 9.213224
v -0.972367 0.514299 9.213224
v -1.018095 0.416513 9.213224
v -1.054018 0.314717 9.213224
v -1.079790 0.209890 9.213224
v -1.095163 0.103041 9.213224
v -1.099990 -0.004800 9.213224
v -1.094222 -0.112594 9.213224
v -1.077917 -0.219305 9.213224
v -1.051231 -0.323903 9.213224
v -1.014421 -0.425382 9.213224
v -0.967842 -0.522764 9.213224
v -0.911941 -0.615112 9.213224
v -0.847259 -0.701536 9.213224
v -0.774416 -0.781204 9.213224
v -0.694116 -0.853348 9.213224
v -0.607131 -0.917274 9.213224
v -0.514299 -0.972367 9.213224
v -0.416513 -1.018095 9.213224
v -0.314717 -1.054018 9.213224
v -0.209890 -1.079790 9.213224
v -0.103041 -1.095163 9.213224
v 0.004800 -1.099990 9.213224
v 0.112594 -1.094222 9.213224
v 0.219305 -1.077917 9.213224
v 0.323903 -1.051231 9.213224
v 0.425382 -1.014421 9.213224
v 0.522764 -0.967842 9.213224
v 0.615112 -0.911941 9.213224
v 0.701536 -0.847259 9.213224
v 0.781204 -0.774416 9.213224
v 0.853348 -0.694116 9.213224
v 0.917274 -0.607131 9.213224
v 0.972367 -0.514299 9.213224
v 1.018095 -0.416513 9.213224
v 1.054018 -0.314717 9.213224
v 1.079790 -0.209890 9.213224
v 1.095163 -0.103041 9.213224
v 1.099990 0.004800 9.213224
v 1.094222 0.112594 9.213224
v 1.077917 0.219305 9.213224
v 1.051231 0.323903 9.213224
v 1.014421 0.425382 9.213224
v 0.967842 0.522764 9.213224
v 0.911941 0.615112 9.213224
v 0.847259 0.701536 9.213224
v 0.774416 0.781204 9.213224
v 0.694116 0.853348 9.213224
v 0.607131 0.917274 9.213224
v 0.514299 0.972367 9.213224
v 0.416513 1.018095 9.213224
v 0.314717 1.054018 9.213224
v -0.751910 0.324432 8.913224
v -0.793991 0.327431 8.913224
v -0.835567 0.320273 8.913224
v -0.874222 0.303373 8.913224
v -0.907709 0.277713 8.913224
v -0.934082 0.244785 8.913224
v -0.951809 0.206502 8.913224
v -0.959859 0.165089 8.913224
v -0.957764 0.122953 8.913224
v -0.945646 0.082543 8.913224
v -0.924210 0.046207 8.913224
v -0.894701 0.016057 8.913224
v -0.858834 -0.006155 8.913224
v -0.818693 -0.019138 8.913224
v -0.776612 -0.022137 8.913224
v -0.735036 -0.014978 8.913224
v -0.696381 0.001922 8.913224
v -0.662894 0.027582 8.913224
v -0.636521 0.060510 8.913224
v -0.618794 0.098793 8.913224
v -0.610745 0.140205 8.913224
v -0.612839 0.182341 8.913224
v -0.624957 0.222751 8.913224
v -0.646393 0.259087 8.913224
v -0.675903 0.289237 8.913224
v -0.711770 0.311449 8.913224
v -0.119256 -0.613517 8.913224
v -0.161337 -0.610518 8.913224
v -0.202913 -0.617676 8.913224
v -0.241568 -0.634576 8.913224
v -0.275055 -0.660236 8.913224
v -0.301428 -0.693164 8.913224
v -0.319155 -0.731447 8.913224
v -0.327204 -0.772860 8.913224
v -0.325110 -0.814996 8.913224
v -0.312992 -0.855406 8.913224
v -0.291556 -0.891742 8.913224
v -0.262046 -0.921892 8.913224
v -0.226179 -0.944104 8.913224
v -0.186039 -0.957087 8.913224
v -0.143958 -0.960086 8.913224
v -0.102382 -0.952927 8.913224
v -0.063727 -0.936027 8.913224
v -0.030240 -0.910367 8.913224
v -0.003866 -0.877439 8.913224
v 0.013860 -0.839156 8.913224
v 0.021910 -0.797743 8.913224
v 0.019815 -0.755608 8.913224
v 0.007697 -0.715198 8.913224
v -0.013739 -0.678862 8.913224
v -0.043248 -0.648712 8.913224
v -0.079115 -0.626500 8.913224
v 0.818693 0.019138 8.913224
v 0.776612 0.022137 8.913224
v 0.735036 0.014978 8.913224
v 0.696381 -0.001922 8.913224
v 0.662894 -0.027582 8.913224
v 0.636521 -0.060510 8.913224
v 0.618794 -0.098793 8.913224
v 0.610745 -0.140205 8.913224
v 0.612839 -0.182341 8.913224
v 0.624957 -0.222751 8.913224
v 0.646393 -0.259087 8.913224
v 0.675903 -0.289237 8.913224
v 0.711770 -0.311449 8.913224
v 0.751910 -0.324432 8.913224
v 0.793991 -0.327431 8.913224
v 0.835567 -0.320273 8.913224
v 0.874222 -0.303373 8.913224
v 0.907709 -0.277713 8.913224
v 0.934082 -0.244785 8.913224
v 0.951809 -0.206502 8.913224
v 0.959859 -0.165089 8.913224
v 0.957764 -0.122953 8.913224
v 0.945646 -0.082543 8.913224
v 0.924210 -0.046207 8.913224
v 0.894701 -0.016057 8.913224
v 0.858834 0.006155 8.913224
v 0.186039 0.957087 8.913224
v 0.143958 0.960086 8.913224
v 0.102382 0.952927 8.913224
v 0.063727 0.936027 8.913224
v 0.030240 0.910367 8.913224
v 0.003866 0.877439 8.913224
v -0.013860 0.839156 8.913224
v -0.021910 0.797743 8.913224
v -0.019815 0.755608 8.913224
v -0.007697 0.715198 8.913224
v 0.013739 0.678862 8.913224
v 0.043248 0.648712 8.913224
v 0.079115 0.626500 8.913224
v 0.119256 0.613517 8.913224
v 0.161337 0.610518 8.913224
v 0.202913 0.617676 8.913224
v 0.241568 0.634576 8.913224
v 0.275055 0.660236 8.913224
v 0.301428 0.693164 8.913224
v 0.319155 0.731447 8.913224
v 0.327204 0.772860 8.913224
v 0.325110 0.814996 8.913224
v 0.312992 0.855406 8.913224
v 0.291556 0.891742 8.913224
v 0.262046 0.921892 8.913224
v 0.226179 0.944104 8.913224
v 0.119256 0.613517 9.213224
v 0.079115 0.626500 9.213224
v 0.043248 0.648712 9.213224
v 0.013739 0.678862 9.213224
v -0.007697 0.715198 9.213224
v -0.019815 0.755608 9.213224
v -0.021910 0.797743 9.213224
v -0.013860 0.839156 9.213224
v 0.003866 0.877439 9.213224
v 0.030240 0.910367 9.213224
v 0.063727 0.936027 9.213224
v 0.102382 0.952927 9.213224
v 0.143958 0.960086 9.213224
v 0.186039 0.957087 9.213224
v 0.226179 0.944104 9.213224
v 0.262046 0.921892 9.213224
v 0.291556 0.891742 9.213224
v 0.312992 0.855406 9.213224
v 0.325110 0.814996 9.213224
v 0.327204 0.772860 9.213224
v 0.319155 0.731447 9.213224
v 0.301428 0.693164 9.213224
v 0.275055 0.660236 9.213224
v 0.241568 0.634576 9.213224
v 0.202913 0.617676 9.213224
v 0.161337 0.610518 9.213224
v 0.114485 0.588976 9.238224
v 0.160790 0.585468 9.238224
v 0.206655 0.592732 9.238224
v 0.249609 0.610378 9.238224
v 0.287336 0.637454 9.238224
v 0.317801 0.672500 9.238224
v 0.339363 0.713628 9.238224
v 0.350859 0.758620 9.238224
v 0.351670 0.805050 9.238224
v 0.341751 0.850415 9.238224
v 0.321637 0.892271 9.238224
v 0.292414 0.928359 9.238224
v 0.255655 0.956735 9.238224
v 0.213343 0.975869 9.238224
v 0.167759 0.984730 9.238224
v 0.121360 0.982839 9.238224
v 0.076648 0.970300 9.238224
v 0.036033 0.947786 9.238224
v 0.001705 0.916514 9.238224
v -0.024486 0.878167 9.238224
v -0.041127 0.834814 9.238224
v -0.047322 0.788792 9.238224
v -0.042737 0.742582 9.238224
v -0.027619 0.698675 9.238224
v -0.002782 0.659438 9.238224
v 0.030434 0.626986 9.238224
v 0.070238 0.603069 9.238224
v -0.818693 -0.019138 9.213224
v -0.858834 -0.006155 9.213224
v -0.894701 0.016057 9.213224
v -0.924210 0.046207 9.213224
v -0.945646 0.082543 9.213224
v -0.957764 0.122953 9.213224
v -0.959859 0.165089 9.213224
v -0.951809 0.206502 9.213224
v -0.934082 0.244785 9.213224
v -0.907709 0.277713 9.213224
v -0.874222 0.303373 9.213224
v -0.835567 0.320273 9.213224
v -0.793991 0.327431 9.213224
v -0.751910 0.324432 9.213224
v -0.711770 0.311449 9.213224
v -0.675903 0.289237 9.213224
v -0.646393 0.259087 9.213224
v -0.624957 0.222751 9.213224
v -0.612839 0.182341 9.213224
v -0.610745 0.140205 9.213224
v -0.618794 0.098793 9.213224
v -0.636521 0.060510 9.213224
v -0.662894 0.027582 9.213224
v -0.696381 0.001922 9.213224
v -0.735036 -0.014978 9.213224
v -0.776612 -0.022137 9.213224
v -0.823464 -0.043678 9.238224
v -0.777159 -0.047187 9.238224
v -0.731294 -0.039923 9.238224
v -0.688340 -0.022277 9.238224
v -0.650613 0.004799 9.238224
v -0.620148 0.039846 9.238224
v -0.598586 0.080974 9.238224
v -0.587090 0.125965 9.238224
v -0.586279 0.172395 9.238224
v -0.596198 0.217761 9.238224
v -0.616312 0.259616 9.238224
v -0.645535 0.295704 9.238224
v -0.682294 0.324081 9.238224
v -0.724606 0.343215 9.238224
v -0.770190 0.352075 9.238224
v -0.816589 0.350185 9.238224
v -0.861301 0.337645 9.238224
v -0.901915 0.315132 9.238224
v -0.936244 0.283859 9.238224
v -0.962435 0.245513 9.238224
v -0.979076 0.202160 9.238224
v -0.985271 0.156138 9.238224
v -0.980686 0.109927 9.238224
v -0.965568 0.066020 9.238224
v -0.940731 0.026783 9.238224
v -0.907515 -0.005669 9.238224
v -0.867711 -0.029586 9.238224
v 0.751910 -0.324432 9.213224
v 0.711770 -0.311449 9.213224
v 0.675903 -0.289237 9.213224
v 0.646393 -0.259087 9.213224
v 0.624957 -0.222751 9.213224
v 0.612839 -0.182341 9.213224
v 0.610745 -0.140205 9.213224
v 0.618794 -0.098793 9.213224
v 0.636521 -0.060510 9.213224
v 0.662894 -0.027582 9.213224
v 0.696381 -0.001922 9.213224
v 0.735036 0.014978 9.213224
v 0.776612 0.022137 9.213224
v 0.818693 0.019138 9.213224
v 0.858834 0.006155 9.213224
v 0.894701 -0.016057 9.213224
v 0.924210 -0.046207 9.213224
v 0.945646 -0.082543 9.213224
v 0.957764 -0.122953 9.213224
v 0.959859 -0.165089 9.213224
v 0.951809 -0.206502 9.213224
v 0.934082 -0.244785 9.213224
v 0.907709 -0.277713 9.213224
v 0.874222 -0.303373 9.213224
v 0.835567 -0.320273 9.213224
v 0.793991 -0.327431 9.213224
v 0.747140 -0.348973 9.238224
v 0.793444 -0.352481 9.238224
v 0.839310 -0.345217 9.238224
v 0.882264 -0.327571 9.238224
v 0.919990 -0.300495 9.238224
v 0.950456 -0.265449 9.238224
v 0.972018 -0.224321 9.238224
v 0.983514 -0.179329 9.238224
v 0.984324 -0.132899 9.238224
v 0.974405 -0.087534 9.238224
v 0.954292 -0.045678 9.238224
v 0.925068 -0.009590 9.238224
v 0.888309 0.018786 9.238224
v 0.845998 0.037920 9.238224
v 0.800414 0.046781 9.238224
v 0.754015 0.044890 9.238224
v 0.709303 0.032351 9.238224
v 0.668688 0.009837 9.238224
v 0.634360 -0.021435 9.238224
v 0.608169 -0.059782 9.238224
v 0.591527 -0.103135 9.238224
v 0.585332 -0.149157 9.238224
v 0.589917 -0.195367 9.238224
v 0.605036 -0.239274 9.238224
v 0.629873 -0.278511 9.238224
v 0.663088 -0.310963 9.238224
v 0.702893 -0.334880 9.238224
v -0.186039 -0.957087 9.213224
v -0.226179 -0.944104 9.213224
v -0.262046 -0.921892 9.213224
v -0.291556 -0.891742 9.213224
v -0.312992 -0.855406 9.213224
v -0.325110 -0.814996 9.213224
v -0.327204 -0.772860 9.213224
v -0.319155 -0.731447 9.213224
v -0.301428 -0.693164 9.213224
v -0.275055 -0.660236 9.213224
v -0.241568 -0.634576 9.213224
v -0.202913 -0.617676 9.213224
v -0.161337 -0.610518 9.213224
v -0.119256 -0.613517 9.213224
v -0.079115 -0.626500 9.213224
v -0.043248 -0.648712 9.213224
v -0.013739 -0.678862 9.213224
v 0.007697 -0.715198 9.213224
v 0.019815 -0.755608 9.213224
v 0.021910 -0.797743 9.213224
v 0.013860 -0.839156 9.213224
v -0.003866 -0.877439 9.213224
v -0.030240 -0.910367 9.213224
v -0.063727 -0.936027 9.213224
v -0.102382 -0.952927 9.213224
v -0.143958 -0.960086 9.213224
v -0.190809 -0.981627 9.238224
v -0.144505 -0.985136 9.238224
v -0.098639 -0.977872 9.238224
v -0.055685 -0.960226 9.238224
v -0.017959 -0.933150 9.238224
v 0.012507 -0.898103 9.238224
v 0.034069 -0.856975 9.238224
v 0.045565 -0.811984 9.238224
v 0.046375 -0.765554 9.238224
v 0.036457 -0.720188 9.238224
v 0.016343 -0.678333 9.238224
v -0.012881 -0.642244 9.238224
v -0.049640 -0.613868 9.238224
v -0.091951 -0.594734 9.238224
v -0.137535 -0.585873 9.238224
v -0.183934 -0.587764 9.238224
v -0.228646 -0.600304 9.238224
v -0.269261 -0.622817 9.238224
v -0.303589 -0.654090 9.238224
v -0.329780 -0.692436 9.238224
v -0.346422 -0.735789 9.238224
v -0.352617 -0.781811 9.238224
v -0.348031 -0.828022 9.238224
v -0.332913 -0.871929 9.238224
v -0.308076 -0.911166 9.238224
v -0.274861 -0.943618 9.238224
v -0.235056 -0.967534 9.238224
v -0.097313 -0.500630 9.238224
v -0.025075 -0.509383 9.238224
v 0.047673 -0.507767 9.238224
v 0.119451 -0.495814 9.238224
v 0.188796 -0.473768 9.238224
v 0.254299 -0.442077 9.238224
v 0.314625 -0.401387 9.238224
v 0.368545 -0.352525 9.238224
v 0.414964 -0.296488 9.238224
v 0.452935 -0.234414 9.238224
v 0.481685 -0.167569 9.238224
v 0.500630 -0.097313 9.238224
v 0.509383 -0.025075 9.238224
v 0.507767 0.047673 9.238224
v 0.495814 0.119451 9.238224
v 0.473768 0.188796 9.238224
v 0.442077 0.254299 9.238224
v 0.401387 0.314625 9.238224
v 0.352525 0.368545 9.238224
v 0.296488 0.414964 9.238224
v 0.234414 0.452935 9.238224
v 0.167569 0.481685 9.238224
v 0.097313 0.500630 9.238224
v 0.025075 0.509383 9.238224
v -0.047673 0.507767 9.238224
v -0.119451 0.495814 9.238224
v -0.188796 0.473768 9.238224
v -0.254299 0.442077 9.238224
v -0.314625 0.401387 9.238224
v -0.368545 0.352525 9.238224
v -0.414964 0.296488 9.238224
v -0.452935 0.234414 9.238224
v -0.481685 0.167569 9.238224
v -0.500630 0.097313 9.238224
v -0.509383 0.025075 9.238224
v -0.507767 -0.047673 9.238224
v -0.495814 -0.119451 9.238224
v -0.473768 -0.188796 9.238224
v -0.442077 -0.254299 9.238224
v -0.401387 -0.314625 9.238224
v -0.352525 -0.368545 9.238224
v -0.296488 -0.414964 9.238224
v -0.234414 -0.452935 9.238224
v -0.167569 -0.481685 9.238224
v -0.097313 -0.500630 10.238224
v -0.167569 -0.481685 10.238224
v -0.234414 -0.452935 10.238224
v -0.296488 -0.414964 10.238224
v -0.352525 -0.368545 10.238224
v -0.401387 -0.314625 10.238224
v -0.442077 -0.254299 10.238224
v -0.473768 -0.188796 10.238224
v -0.495814 -0.119451 10.238224
v -0.507767 -0.047673 10.238224
v -0.509383 0.025075 10.238224
v -0.500630 0.097313 10.238224
v -0.481685 0.167569 10.238224
v -0.452935 0.234414 10.238224
v -0.414964 0.296488 10.238224
v -0.368545 0.352525 10.238224
v -0.314625 0.401387 10.238224
v -0.254299 0.442077 10.238224
v -0.188796 0.473768 10.238224
v -0.119451 0.495814 10.238224
v -0.047673 0.507767 10.238224
v 0.025075 0.509383 10.238224
v 0.097313 0.500630 10.238224
v 0.167569 0.481685 10.238224
v 0.234414 0.452935 10.238224
v 0.296488 0.414964 10.238224
v 0.352525 0.368545 10.238224
v 0.401387 0.314625 10.238224
v 0.442077 0.254299 10.238224
v 0.473768 0.188796 10.238224
v 0.495814 0.119451 10.238224
v 0.507767 0.047673 10.238224
v 0.509383 -0.025075 10.238224
v 0.500630 -0.097313 10.238224
v 0.481685 -0.167569 10.238224
v 0.452935 -0.234414 10.238224
v 0.414964 -0.296488 10.238224
v 0.368545 -0.352525 10.238224
v 0.314625 -0.401387 10.238224
v 0.254299 -0.442077 10.238224
v 0.188796 -0.473768 10.238224
v 0.119451 -0.495814 10.238224
v 0.047673 -0.507767 10.238224
v -0.025075 -0.509383 10.238224
v 0.311690 0.250699 8.898986
v 0.289493 0.276032 8.909797
v 0.265224 0.299426 8.920562
v 0.239143 0.320640 8.931236
v 0.201779 0.345376 8.945443
v 0.161814 0.365809 8.959748
v 0.119759 0.381652 8.974115
v 0.076324 0.392651 8.988328
v 0.031932 0.398724 9.002539
v -0.012994 0.399789 9.016904
v -0.057706 0.395815 9.031212
v -0.101615 0.386877 9.045419
v -0.144266 0.373078 9.059665
v -0.185213 0.354536 9.074038
v -0.223731 0.331576 9.088307
v -0.259418 0.304469 9.102535
v -0.291896 0.273490 9.116823
v -0.320718 0.239037 9.131160
v -0.345438 0.201669 9.145431
v -0.365830 0.161763 9.159688
v -0.381675 0.119682 9.173987
v -0.392676 0.076182 9.188308
v -0.398730 0.031819 9.202611
v -0.399789 -0.012973 9.216867
v -0.395507 -0.059789 9.231782
v -0.386145 -0.104360 9.246375
v -0.372303 -0.146246 9.260505
v -0.354574 -0.185142 9.274040
v -0.331584 -0.223724 9.288254
v -0.304497 -0.259387 9.302607
v -0.273584 -0.291808 9.316963
v -0.239135 -0.320646 9.331205
v -0.201778 -0.345375 9.345454
v -0.161920 -0.365760 9.359765
v -0.119944 -0.381593 9.374090
v -0.076343 -0.392646 9.388387
v -0.031942 -0.398720 9.402647
v 0.012843 -0.399792 9.416923
v 0.057578 -0.395834 9.431253
v 0.101575 -0.386887 9.445547
v 0.144216 -0.373095 9.459780
v 0.185064 -0.354614 9.474047
v 0.223680 -0.331613 9.488416
v 0.259386 -0.304497 9.502668
v 0.291816 -0.273574 9.516877
v 0.320627 -0.239162 9.531176
v 0.345432 -0.201685 9.545547
v 0.365822 -0.161785 9.559762
v 0.381621 -0.119858 9.573972
v 0.392656 -0.076300 9.588332
v 0.398732 -0.031818 9.602646
v 0.399789 0.012977 9.616852
v 0.395827 0.057627 9.631094
v 0.386862 0.101674 9.645469
v 0.373048 0.144339 9.659740
v 0.354562 0.185162 9.673965
v 0.331591 0.223713 9.688249
v 0.304413 0.259484 9.702590
v 0.273480 0.291902 9.716860
v 0.239112 0.320663 9.731114
v 0.201619 0.345471 9.745414
v 0.161654 0.365878 9.759734
v 0.119748 0.381652 9.774032
v 0.076313 0.392653 9.788292
v 0.029870 0.398884 9.803161
v -0.015622 0.399693 9.817732
v -0.059588 0.395533 9.831875
v -0.101600 0.386882 9.845467
v -0.144336 0.373051 9.859684
v -0.185132 0.354578 9.874037
v -0.223616 0.331656 9.888393
v -0.259396 0.304489 9.902629
v -0.291816 0.273572 9.916873
v -0.320557 0.239252 9.931188
v -0.345332 0.201855 9.945517
v -0.365814 0.161799 9.959813
v -0.381615 0.119865 9.974073
v -0.392626 0.076444 9.988352
v -0.398722 0.031956 10.002678
v -0.399789 -0.012938 10.016975
v -0.395832 -0.057579 10.031212
v -0.386904 -0.101511 10.045478
v -0.373074 -0.144276 10.059843
v -0.354582 -0.185124 10.074101
v -0.331651 -0.223623 10.088311
v -0.304516 -0.259365 10.102605
v -0.273496 -0.291890 10.116978
v -0.239133 -0.320648 10.131196
v -0.201773 -0.345381 10.145404
v -0.161767 -0.365830 10.159760
v -0.119748 -0.381655 10.174080
v -0.076311 -0.392653 10.188286
v -0.037708 -0.398219 10.200667
v 0.001371 -0.399998 10.213177
v 0.040457 -0.397949 10.225737
v 0.079185 -0.392084 10.238224
v 0.139760 -0.374789 10.238224
v 0.196870 -0.348199 10.238224
v 0.249096 -0.312972 10.238224
v 0.295143 -0.269982 10.238224
v 0.333871 -0.220296 10.238224
v 0.320656 -0.239122 10.230948
v 0.291870 -0.273517 10.216741
v 0.259378 -0.304505 10.202398
v 0.223645 -0.331636 10.188062
v 0.185137 -0.354576 10.173851
v 0.144206 -0.373101 10.159616
v 0.101586 -0.386885 10.145260
v 0.057702 -0.395816 10.130907
v 0.012963 -0.399790 10.116691
v -0.029843 -0.398882 10.103128
v -0.073610 -0.393167 10.088992
v -0.117808 -0.382259 10.074409
v -0.161773 -0.365827 10.059516
v -0.201671 -0.345437 10.045258
v -0.239016 -0.320733 10.030958
v -0.273438 -0.291945 10.016638
v -0.304471 -0.259416 10.002337
v -0.331578 -0.223728 9.988084
v -0.354521 -0.185239 9.973814
v -0.373058 -0.144317 9.959472
v -0.386874 -0.101622 9.945189
v -0.395813 -0.057709 9.930964
v -0.399787 -0.013039 9.916692
v -0.398726 0.031899 9.902317
v -0.392653 0.076310 9.888077
v -0.381655 0.119747 9.873871
v -0.365832 0.161763 9.859555
v -0.345381 0.201772 9.845196
v -0.320649 0.239132 9.830987
v -0.291892 0.273495 9.816771
v -0.259368 0.304513 9.802400
v -0.223623 0.331651 9.788102
v -0.185125 0.354581 9.773893
v -0.144280 0.373073 9.759639
v -0.101514 0.386904 9.745271
v -0.057578 0.395832 9.731004
v -0.012938 0.399789 9.716770
v 0.031948 0.398722 9.702476
v 0.076441 0.392626 9.688147
v 0.119865 0.381615 9.673871
v 0.161801 0.365814 9.659611
v 0.201849 0.345336 9.645314
v 0.239249 0.320559 9.630990
v 0.273572 0.291817 9.616680
v 0.304490 0.259394 9.602429
v 0.331658 0.223613 9.588187
v 0.354582 0.185126 9.573830
v 0.373054 0.144329 9.559477
v 0.386882 0.101600 9.545264
v 0.395505 0.059773 9.531744
v 0.399684 0.015870 9.517618
v 0.398899 -0.029678 9.503020
v 0.392652 -0.076315 9.488092
v 0.381653 -0.119747 9.473836
v 0.365879 -0.161650 9.459532
v 0.345475 -0.201610 9.445211
v 0.320662 -0.239112 9.430912
v 0.291901 -0.273480 9.416655
v 0.259487 -0.304410 9.402383
v 0.223722 -0.331585 9.388048
v 0.185163 -0.354561 9.373758
v 0.144339 -0.373048 9.359529
v 0.101679 -0.386860 9.345261
v 0.057633 -0.395826 9.330888
v 0.012979 -0.399789 9.316642
v -0.031817 -0.398732 9.302434
v -0.076292 -0.392657 9.288128
v -0.119855 -0.381621 9.273762
v -0.161783 -0.365823 9.259550
v -0.201681 -0.345434 9.245338
v -0.239156 -0.320632 9.230972
v -0.273574 -0.291817 9.216665
v -0.304496 -0.259387 9.202458
v -0.331609 -0.223686 9.188211
v -0.354611 -0.185068 9.173839
v -0.373096 -0.144216 9.159570
v -0.386887 -0.101576 9.145341
v -0.395833 -0.057589 9.131051
v -0.399792 -0.012847 9.116716
v -0.398720 0.031943 9.102444
v -0.392646 0.076344 9.088187
v -0.381596 0.119935 9.073887
v -0.365762 0.161916 9.059565
v -0.345376 0.201777 9.045259
v -0.320645 0.239137 9.031005
v -0.290255 0.275233 9.016036
v -0.257046 0.306475 9.001419
v -0.221778 0.332884 8.987304
v -0.185142 0.354574 8.973835
v -0.144230 0.373092 8.959624
v -0.101620 0.386876 8.945271
v -0.057722 0.395813 8.930913
v -0.012969 0.399789 8.916673
v 0.031740 0.398737 8.902499
v 0.250778 -0.311624 8.898994
v 0.276076 -0.289448 8.909747
v 0.299412 -0.265238 8.920473
v 0.320655 -0.239124 8.931161
v 0.345448 -0.201657 8.945404
v 0.365830 -0.161765 8.959761
v 0.381620 -0.119858 8.974114
v 0.392651 -0.076324 8.988326
v 0.398541 -0.034094 9.001820
v 0.399875 0.009966 9.015940
v 0.396148 0.055391 9.030549
v 0.386884 0.101591 9.045498
v 0.373094 0.144220 9.059753
v 0.354639 0.185012 9.074057
v 0.331689 0.223568 9.088379
v 0.304499 0.259383 9.102678
v 0.273572 0.291816 9.116935
v 0.239221 0.320581 9.131206
v 0.201769 0.345382 9.145543
v 0.161805 0.365812 9.159831
v 0.119869 0.381615 9.174059
v 0.076403 0.392635 9.188329
v 0.031868 0.398728 9.202702
v -0.012947 0.399790 9.216947
v -0.057581 0.395833 9.231154
v -0.101571 0.386889 9.245463
v -0.144326 0.373055 9.259827
v -0.185142 0.354574 9.274038
v -0.223636 0.331643 9.288251
v -0.259426 0.304463 9.302619
v -0.291904 0.273481 9.316923
v -0.320660 0.239116 9.331131
v -0.345404 0.201732 9.345379
v -0.365856 0.161706 9.359751
v -0.381654 0.119743 9.374019
v -0.392654 0.076299 9.388249
v -0.398732 0.031824 9.402540
v -0.399785 -0.013079 9.416874
v -0.395813 -0.057705 9.431147
v -0.386876 -0.101619 9.445404
v -0.373024 -0.144405 9.459703
v -0.354504 -0.185271 9.474026
v -0.331579 -0.223727 9.488333
v -0.304480 -0.259406 9.502586
v -0.273470 -0.291915 9.516833
v -0.239113 -0.320663 9.531190
v -0.201769 -0.345383 9.545543
v -0.161783 -0.365823 9.559755
v -0.121972 -0.380947 9.573227
v -0.079333 -0.392054 9.587343
v -0.034206 -0.398536 9.601958
v 0.012955 -0.399790 9.616923
v 0.057582 -0.395831 9.631177
v 0.101457 -0.386917 9.645484
v 0.144149 -0.373123 9.659806
v 0.185123 -0.354582 9.674105
v 0.223624 -0.331648 9.688363
v 0.259309 -0.304561 9.702637
v 0.291819 -0.273572 9.716969
v 0.320635 -0.239149 9.731261
v 0.345373 -0.201781 9.745492
v 0.365788 -0.161861 9.759760
v 0.381638 -0.119800 9.774130
v 0.392647 -0.076340 9.788381
v 0.398722 -0.031945 9.802589
v 0.399791 0.012926 9.816891
v 0.395818 0.057691 9.831260
v 0.386882 0.101598 9.845474
v 0.373093 0.144229 9.859684
v 0.354561 0.185166 9.874047
v 0.331579 0.223729 9.888358
v 0.304476 0.259411 9.902564
v 0.273539 0.291850 9.916808
v 0.239066 0.320697 9.931182
v 0.201667 0.345440 9.945452
v 0.161760 0.365831 9.959679
v 0.119760 0.381651 9.973965
v 0.076212 0.392671 9.988304
v 0.031818 0.398730 10.002575
v -0.012984 0.399788 10.016830
v -0.057772 0.395806 10.031130
v -0.101738 0.386843 10.045451
v -0.144334 0.373049 10.059754
v -0.185150 0.354569 10.074010
v -0.225510 0.330373 10.088940
v -0.261613 0.302585 10.103540
v -0.293331 0.271946 10.117665
v -0.320651 0.239130 10.131183
v -0.345436 0.201678 10.145396
v -0.365815 0.161800 10.159749
v -0.381613 0.119882 10.174106
v -0.392650 0.076328 10.188341
v -0.398223 0.037664 10.200698
v -0.399998 -0.001409 10.213188
v -0.397947 -0.040476 10.225744
v -0.392084 -0.079185 10.238224
v -0.374789 -0.139760 10.238224
v -0.348199 -0.196870 10.238224
v -0.312972 -0.249096 10.238224
v -0.269982 -0.295143 10.238224
v -0.220296 -0.333871 10.238224
v -0.239122 -0.320657 10.230945
v -0.273507 -0.291880 10.216732
v -0.304480 -0.259407 10.202410
v -0.331629 -0.223656 10.188078
v -0.354579 -0.185131 10.173874
v -0.373127 -0.144138 10.159598
v -0.386919 -0.101451 10.145273
v -0.395832 -0.057581 10.130960
v -0.399790 -0.012957 10.116713
v -0.398721 0.031957 10.102473
v -0.392648 0.076339 10.088116
v -0.381653 0.119752 10.073763
v -0.365823 0.161783 10.059549
v -0.346466 0.199897 10.046012
v -0.322347 0.236836 10.031882
v -0.293336 0.271946 10.017290
v -0.259407 0.304479 10.002375
v -0.223727 0.331579 9.988118
v -0.185267 0.354506 9.973816
v -0.144396 0.373028 9.959496
v -0.101620 0.386875 9.945195
v -0.057706 0.395813 9.930941
v -0.013075 0.399785 9.916670
v 0.031835 0.398731 9.902331
v 0.076300 0.392654 9.888045
v 0.119743 0.381655 9.873819
v 0.161712 0.365854 9.859549
v 0.201739 0.345400 9.845174
v 0.239118 0.320659 9.830932
v 0.273482 0.291903 9.816726
v 0.304470 0.259419 9.802413
v 0.331645 0.223633 9.788052
v 0.354575 0.185140 9.773842
v 0.373057 0.144322 9.759627
v 0.386892 0.101562 9.745257
v 0.395833 0.057580 9.730957
v 0.399790 0.012945 9.716748
v 0.398728 -0.031876 9.702496
v 0.392634 -0.076409 9.688127
v 0.381615 -0.119869 9.673860
v 0.365811 -0.161805 9.659627
v 0.345377 -0.201780 9.645334
v 0.320578 -0.239224 9.631003
v 0.291816 -0.273572 9.616729
v 0.259384 -0.304498 9.602470
v 0.223561 -0.331693 9.588172
v 0.185009 -0.354641 9.573849
v 0.144219 -0.373094 9.559541
v 0.101592 -0.386883 9.545288
v 0.057565 -0.395836 9.531043
v 0.012942 -0.399790 9.516686
v -0.031829 -0.398732 9.502333
v -0.076324 -0.392651 9.488121
v -0.117648 -0.382304 9.474644
v -0.158989 -0.367045 9.460527
v -0.199720 -0.346573 9.445913
v -0.239123 -0.320655 9.430952
v -0.273481 -0.291901 9.416699
v -0.304389 -0.259510 9.402392
v -0.331538 -0.223791 9.388070
v -0.354563 -0.185159 9.373771
v -0.373048 -0.144335 9.359513
v -0.386850 -0.101713 9.345239
v -0.395816 -0.057703 9.330907
v -0.399788 -0.012988 9.316615
v -0.398731 0.031815 9.302384
v -0.392667 0.076240 9.288116
v -0.381634 0.119813 9.273746
v -0.365829 0.161767 9.259496
v -0.345440 0.201669 9.245287
v -0.320673 0.239101 9.230985
v -0.291827 0.273563 9.216616
v -0.259401 0.304485 9.202403
v -0.223721 0.331586 9.188192
v -0.185117 0.354587 9.173829
v -0.144219 0.373096 9.159519
v -0.101585 0.386885 9.145312
v -0.057658 0.395823 9.131068
v -0.012884 0.399792 9.116694
v 0.031946 0.398720 9.102424
v 0.076347 0.392645 9.088197
v 0.119853 0.381622 9.073910
v 0.161886 0.365775 9.059572
v 0.201778 0.345375 9.045301
v 0.239147 0.320637 9.031046
v 0.273622 0.291772 9.016746
v 0.304578 0.259289 9.002425
v 0.331647 0.223625 8.988122
v 0.354578 0.185133 8.973865
v 0.373873 0.142198 8.958931
v 0.387616 0.098757 8.944330
v 0.396129 0.055491 8.930205
v 0.399790 0.012963 8.916693
v 0.398735 -0.031782 8.902529
v 0.449462 -0.021993 10.238224
v 0.441732 -0.085864 10.238224
v 0.424973 -0.147980 10.238224
v 0.399526 -0.207072 10.238224
v 0.042328 -0.448005 10.238224
v -0.021993 -0.449462 10.238224
v -0.085864 -0.441732 10.238224
v -0.147980 -0.424973 10.238224
v -0.207072 -0.399526 10.238224
v -0.014583 0.449764 8.903295
v -0.064692 0.445326 8.917445
v -0.114300 0.435242 8.931867
v -0.162461 0.419650 8.946288
v -0.208284 0.398896 8.960438
v -0.251505 0.373156 8.974588
v -0.291825 0.342547 8.989009
v -0.328452 0.307603 9.003431
v -0.360732 0.269021 9.017581
v -0.388504 0.227078 9.031731
v -0.411551 0.182006 9.046152
v -0.429389 0.134630 9.060574
v -0.441732 0.085864 9.074724
v -0.448556 0.036025 9.088874
v -0.449764 -0.014583 9.103295
v -0.445280 -0.065007 9.117716
v -0.435242 -0.114300 9.131867
v -0.419765 -0.162164 9.146017
v -0.398896 -0.208284 9.160438
v -0.372978 -0.251769 9.174859
v -0.342547 -0.291825 9.189009
v -0.307835 -0.328234 9.203159
v -0.269021 -0.360732 9.217581
v -0.226803 -0.388665 9.232002
v -0.182006 -0.411551 9.246152
v -0.134935 -0.429293 9.260302
v -0.085864 -0.441732 9.274724
v -0.035707 -0.448581 9.289145
v 0.014583 -0.449764 9.303295
v 0.064692 -0.445326 9.317445
v 0.114300 -0.435242 9.331867
v 0.162461 -0.419650 9.346288
v 0.208284 -0.398896 9.360438
v 0.251505 -0.373156 9.374588
v 0.291825 -0.342547 9.389009
v 0.328452 -0.307603 9.403431
v 0.360732 -0.269021 9.417581
v 0.388504 -0.227078 9.431731
v 0.411551 -0.182006 9.446152
v 0.429389 -0.134630 9.460574
v 0.441732 -0.085864 9.474724
v 0.448556 -0.036025 9.488874
v 0.449764 0.014583 9.503295
v 0.445280 0.065007 9.517716
v 0.435242 0.114300 9.531867
v 0.419765 0.162164 9.546017
v 0.398896 0.208284 9.560438
v 0.372978 0.251769 9.574859
v 0.342547 0.291825 9.589009
v 0.307835 0.328234 9.603159
v 0.269021 0.360732 9.617581
v 0.226803 0.388665 9.632002
v 0.182006 0.411551 9.646152
v 0.134935 0.429293 9.660302
v 0.085864 0.441732 9.674724
v 0.035707 0.448581 9.689145
v -0.014583 0.449764 9.703295
v -0.064692 0.445326 9.717445
v -0.114300 0.435242 9.731867
v -0.162461 0.419650 9.746288
v -0.208284 0.398896 9.760438
v -0.251505 0.373156 9.774588
v -0.291825 0.342547 9.789009
v -0.328452 0.307603 9.803431
v -0.360732 0.269021 9.817581
v -0.388504 0.227078 9.831731
v -0.411551 0.182006 9.846152
v -0.429389 0.134630 9.860574
v -0.441732 0.085864 9.874724
v -0.448556 0.036025 9.888874
v -0.449764 -0.014583 9.903295
v -0.445280 -0.065007 9.917716
v -0.435242 -0.114300 9.931867
v -0.419765 -0.162164 9.946017
v -0.398896 -0.208284 9.960438
v -0.372978 -0.251769 9.974859
v -0.342547 -0.291825 9.989009
v -0.307835 -0.328234 10.003159
v -0.269021 -0.360732 10.017581
v -0.226803 -0.388665 10.032002
v -0.182006 -0.411551 10.046152
v -0.134935 -0.429293 10.060302
v -0.085864 -0.441732 10.074724
v -0.035707 -0.448581 10.089145
v 0.014583 -0.449764 10.103295
v 0.064692 -0.445326 10.117445
v 0.114300 -0.435242 10.131867
v 0.162461 -0.419650 10.146288
v 0.208284 -0.398896 10.160438
v 0.251505 -0.373156 10.174588
v 0.291825 -0.342547 10.189009
v 0.328452 -0.307603 10.203431
v 0.360732 -0.269021 10.217581
v 0.381332 -0.238926 10.227812
v 0.033643 0.423648 8.895872
v -0.013773 0.424759 8.909999
v -0.061211 0.420551 8.924184
v -0.107956 0.411042 8.938573
v -0.153333 0.396357 8.952961
v -0.196705 0.376719 8.967142
v -0.237522 0.352410 8.981292
v -0.275601 0.323503 8.995713
v -0.310191 0.290501 9.010134
v -0.366934 0.214404 9.038452
v -0.340677 0.254065 9.024284
v -0.388642 0.171950 9.052835
v -0.405473 0.127285 9.067233
v -0.417174 0.081091 9.081427
v -0.423623 0.033959 9.095596
v -0.424760 -0.013720 9.109983
v -0.420539 -0.061289 9.124389
v -0.411045 -0.107944 9.138570
v -0.396407 -0.153203 9.152738
v -0.376737 -0.196670 9.167130
v -0.352281 -0.237714 9.181542
v -0.323503 -0.275600 9.195713
v -0.290682 -0.310022 9.209879
v -0.254078 -0.340667 9.224279
v -0.214239 -0.367030 9.238690
v -0.171887 -0.388670 9.252856
v -0.127382 -0.405442 9.267022
v -0.081074 -0.417177 9.281432
v -0.033775 -0.423638 9.295832
v 0.013773 -0.424759 9.309999
v 0.061164 -0.420557 9.324170
v 0.107983 -0.411034 9.338582
v 0.153374 -0.396341 9.352974
v 0.196705 -0.376718 9.367142
v 0.237608 -0.352352 9.381323
v 0.275641 -0.323469 9.395729
v 0.310148 -0.290547 9.410115
v 0.340677 -0.254064 9.424285
v 0.366978 -0.214328 9.438478
v 0.388697 -0.171825 9.452876
v 0.405499 -0.127201 9.467260
v 0.417174 -0.081090 9.481427
v 0.423618 -0.034022 9.495577
v 0.424759 0.013773 9.509999
v 0.420524 0.061393 9.524420
v 0.411044 0.107945 9.538570
v 0.396390 0.153246 9.552752
v 0.376723 0.196696 9.567139
v 0.352307 0.237675 9.581528
v 0.323503 0.275600 9.595713
v 0.290680 0.310024 9.609880
v 0.254122 0.340634 9.624263
v 0.214324 0.366981 9.638660
v 0.171888 0.388670 9.652856
v 0.127373 0.405445 9.667025
v 0.081144 0.417163 9.681411
v 0.033832 0.423633 9.695815
v -0.013772 0.424759 9.709998
v -0.061154 0.420559 9.724167
v -0.107904 0.411055 9.738557
v -0.153360 0.396346 9.752969
v -0.196704 0.376719 9.767141
v -0.237567 0.352380 9.781308
v -0.275584 0.323517 9.795706
v -0.310154 0.290541 9.810118
v -0.340677 0.254065 9.824284
v -0.366931 0.214408 9.838450
v -0.388675 0.171876 9.852859
v -0.405501 0.127196 9.867261
v -0.417174 0.081090 9.881427
v -0.423623 0.033956 9.895597
v -0.424758 -0.013809 9.910010
v -0.420533 -0.061335 9.924402
v -0.411044 -0.107946 9.938570
v -0.396393 -0.153239 9.952750
v -0.376695 -0.196749 9.967157
v -0.352277 -0.237719 9.981544
v -0.323502 -0.275601 9.995713
v -0.290618 -0.310082 10.009905
v -0.254012 -0.340716 10.024304
v -0.214245 -0.367027 10.038688
v -0.171887 -0.388670 10.052856
v -0.127433 -0.405426 10.067006
v -0.081090 -0.417174 10.081427
v -0.033722 -0.423642 10.095849
v 0.013773 -0.424759 10.109999
v 0.061201 -0.420552 10.124181
v 0.107938 -0.411046 10.138568
v 0.153321 -0.396361 10.152957
v 0.196704 -0.376719 10.167141
v 0.237573 -0.352376 10.181310
v 0.275589 -0.323513 10.195708
v 0.310141 -0.290555 10.210112
v 0.340677 -0.254065 10.224284
v 0.360132 -0.225643 10.234515
v -0.238926 -0.381332 10.227812
v -0.269021 -0.360732 10.217581
v -0.307603 -0.328452 10.203431
v -0.342547 -0.291825 10.189009
v -0.373156 -0.251505 10.174588
v -0.398896 -0.208284 10.160438
v -0.419650 -0.162461 10.146288
v -0.435242 -0.114300 10.131867
v -0.445326 -0.064692 10.117445
v -0.449764 -0.014583 10.103295
v -0.448581 0.035707 10.089145
v -0.441732 0.085864 10.074724
v -0.429293 0.134935 10.060302
v -0.411551 0.182006 10.046152
v -0.388665 0.226803 10.032002
v -0.360732 0.269021 10.017581
v -0.328234 0.307835 10.003159
v -0.291825 0.342547 9.989009
v -0.251769 0.372978 9.974859
v -0.208284 0.398896 9.960438
v -0.162164 0.419765 9.946017
v -0.114300 0.435242 9.931867
v -0.065007 0.445280 9.917716
v -0.014583 0.449764 9.903295
v 0.036025 0.448556 9.888874
v 0.085864 0.441732 9.874724
v 0.134630 0.429389 9.860574
v 0.182006 0.411551 9.846152
v 0.227078 0.388504 9.831731
v 0.269021 0.360732 9.817581
v 0.307603 0.328452 9.803431
v 0.342547 0.291825 9.789009
v 0.373156 0.251505 9.774588
v 0.398896 0.208284 9.760438
v 0.419650 0.162461 9.746288
v 0.435242 0.114300 9.731867
v 0.445326 0.064692 9.717445
v 0.449764 0.014583 9.703295
v 0.448581 -0.035707 9.689145
v 0.441732 -0.085864 9.674724
v 0.429293 -0.134935 9.660302
v 0.411551 -0.182006 9.646152
v 0.388665 -0.226803 9.632002
v 0.360732 -0.269021 9.617581
v 0.328234 -0.307835 9.603159
v 0.291825 -0.342547 9.589009
v 0.251769 -0.372978 9.574859
v 0.208284 -0.398896 9.560438
v 0.162164 -0.419765 9.546017
v 0.114300 -0.435242 9.531867
v 0.065007 -0.445280 9.517716
v 0.014583 -0.449764 9.503295
v -0.036025 -0.448556 9.488874
v -0.085864 -0.441732 9.474724
v -0.134630 -0.429389 9.460574
v -0.182006 -0.411551 9.446152
v -0.227078 -0.388504 9.431731
v -0.269021 -0.360732 9.417581
v -0.307603 -0.328452 9.403431
v -0.342547 -0.291825 9.389009
v -0.373156 -0.251505 9.374588
v -0.398896 -0.208284 9.360438
v -0.419650 -0.162461 9.346288
v -0.435242 -0.114300 9.331867
v -0.445326 -0.064692 9.317445
v -0.449764 -0.014583 9.303295
v -0.448581 0.035707 9.289145
v -0.441732 0.085864 9.274724
v -0.429293 0.134935 9.260302
v -0.411551 0.182006 9.246152
v -0.388665 0.226803 9.232002
v -0.360732 0.269021 9.217581
v -0.328234 0.307835 9.203159
v -0.291825 0.342547 9.189009
v -0.251769 0.372978 9.174859
v -0.208284 0.398896 9.160438
v -0.162164 0.419765 9.146017
v -0.114300 0.435242 9.131867
v -0.065007 0.445280 9.117716
v -0.014583 0.449764 9.103295
v 0.036025 0.448556 9.088874
v 0.085864 0.441732 9.074724
v 0.134630 0.429389 9.060574
v 0.182006 0.411551 9.046152
v 0.227078 0.388504 9.031731
v 0.269021 0.360732 9.017581
v 0.307603 0.328452 9.003431
v 0.342547 0.291825 8.989009
v 0.373156 0.251505 8.974588
v 0.398896 0.208284 8.960438
v 0.419650 0.162461 8.946288
v 0.435242 0.114300 8.931867
v 0.445326 0.064692 8.917445
v 0.449764 0.014583 8.903295
v 0.423647 -0.033659 8.895867
v 0.424759 0.013773 8.909999
v 0.420567 0.061095 8.924149
v 0.411044 0.107945 8.938570
v 0.396319 0.153429 8.952991
v 0.352377 0.237571 8.981309
v 0.376719 0.196704 8.967141
v 0.323546 0.275549 8.995693
v 0.290606 0.310093 9.010091
v 0.254066 0.340676 9.024284
v 0.214399 0.366937 9.038453
v 0.171935 0.388649 9.052840
v 0.127242 0.405486 9.067247
v 0.081091 0.417174 9.081427
v 0.033963 0.423623 9.095595
v -0.013734 0.424760 9.109987
v -0.061325 0.420534 9.124399
v -0.107944 0.411045 9.138570
v -0.153198 0.396409 9.152736
v -0.196692 0.376725 9.167137
v -0.237728 0.352271 9.181547
v -0.275601 0.323503 9.195713
v -0.310022 0.290682 9.209879
v -0.340688 0.254050 9.224290
v -0.367030 0.214240 9.238689
v -0.388670 0.171887 9.252856
v -0.405448 0.127364 9.267028
v -0.417182 0.081050 9.281440
v -0.423637 0.033781 9.295831
v -0.424759 -0.013774 9.309999
v -0.420552 -0.061201 9.324181
v -0.411031 -0.107997 9.338586
v -0.396342 -0.153370 9.352972
v -0.376718 -0.196705 9.367142
v -0.352328 -0.237644 9.381336
v -0.323458 -0.275653 9.395734
v -0.290543 -0.310152 9.410117
v -0.254065 -0.340677 9.424284
v -0.214454 -0.366905 9.438435
v -0.171887 -0.388670 9.452856
v -0.127145 -0.405516 9.467277
v -0.081090 -0.417174 9.481427
v -0.033919 -0.423626 9.495608
v 0.013761 -0.424759 9.509995
v 0.061277 -0.420541 9.524385
v 0.107945 -0.411044 9.538570
v 0.153201 -0.396408 9.552737
v 0.196642 -0.376751 9.567120
v 0.237648 -0.352325 9.581518
v 0.275600 -0.323503 9.595713
v 0.310029 -0.290675 9.609882
v 0.340644 -0.254108 9.624268
v 0.367002 -0.214288 9.638673
v 0.388670 -0.171888 9.652856
v 0.405444 -0.127376 9.667024
v 0.417166 -0.081131 9.681415
v 0.423636 -0.033795 9.695827
v 0.424759 0.013772 9.709998
v 0.420560 0.061148 9.724165
v 0.411049 0.107926 9.738564
v 0.396339 0.153378 9.752975
v 0.376719 0.196705 9.767142
v 0.352381 0.237566 9.781307
v 0.323494 0.275611 9.795717
v 0.290540 0.310155 9.810118
v 0.254064 0.340677 9.824285
v 0.214395 0.366939 9.838455
v 0.171853 0.388685 9.852867
v 0.127201 0.405499 9.867259
v 0.081089 0.417174 9.881428
v 0.033923 0.423626 9.895607
v -0.013824 0.424757 9.910014
v -0.061330 0.420533 9.924401
v -0.107946 0.411044 9.938570
v -0.153281 0.396377 9.952763
v -0.196763 0.376688 9.967162
v -0.237723 0.352275 9.981545
v -0.275601 0.323502 9.995713
v -0.309985 0.290721 10.009863
v -0.340677 0.254065 10.024284
v -0.367057 0.214194 10.038706
v -0.388670 0.171887 10.052856
v -0.405458 0.127332 10.067038
v -0.417172 0.081098 10.081425
v -0.423633 0.033838 10.095814
v -0.424759 -0.013772 10.109999
v -0.420560 -0.061150 10.124165
v -0.411063 -0.107874 10.138548
v -0.396375 -0.153286 10.152945
v -0.376719 -0.196704 10.167141
v -0.352371 -0.237580 10.181313
v -0.323499 -0.275604 10.195715
v -0.290551 -0.310144 10.210114
v -0.254064 -0.340677 10.224284
v -0.225643 -0.360132 10.234515
v -0.022180 -0.449453 10.219814
v -0.085864 -0.441732 10.201724
v -0.134630 -0.429389 10.187574
v -0.182006 -0.411551 10.173152
v -0.227078 -0.388504 10.158731
v -0.269021 -0.360732 10.144581
v -0.307603 -0.328452 10.130431
v -0.342547 -0.291825 10.116009
v -0.373156 -0.251505 10.101588
v -0.398896 -0.208284 10.087438
v -0.419650 -0.162461 10.073288
v -0.435242 -0.114300 10.058867
v -0.445326 -0.064692 10.044445
v -0.449764 -0.014583 10.030295
v -0.448581 0.035707 10.016145
v -0.441732 0.085864 10.001724
v -0.429293 0.134935 9.987302
v -0.411551 0.182006 9.973152
v -0.388665 0.226803 9.959002
v -0.360732 0.269021 9.944581
v -0.328234 0.307835 9.930159
v -0.291825 0.342547 9.916009
v -0.251769 0.372978 9.901859
v -0.208284 0.398896 9.887438
v -0.162164 0.419765 9.873017
v -0.114300 0.435242 9.858867
v -0.065007 0.445280 9.844716
v -0.014583 0.449764 9.830295
v 0.036025 0.448556 9.815874
v 0.085864 0.441732 9.801724
v 0.134630 0.429389 9.787574
v 0.182006 0.411551 9.773152
v 0.227078 0.388504 9.758731
v 0.269021 0.360732 9.744581
v 0.307603 0.328452 9.730431
v 0.342547 0.291825 9.716009
v 0.373156 0.251505 9.701588
v 0.398896 0.208284 9.687438
v 0.419650 0.162461 9.673288
v 0.435242 0.114300 9.658867
v 0.445326 0.064692 9.644445
v 0.449764 0.014583 9.630295
v 0.448581 -0.035707 9.616145
v 0.441732 -0.085864 9.601724
v 0.429293 -0.134935 9.587302
v 0.411551 -0.182006 9.573152
v 0.388665 -0.226803 9.559002
v 0.360732 -0.269021 9.544581
v 0.328234 -0.307835 9.530159
v 0.291825 -0.342547 9.516009
v 0.251769 -0.372978 9.501859
v 0.208284 -0.398896 9.487438
v 0.162164 -0.419765 9.473017
v 0.114300 -0.435242 9.458867
v 0.065007 -0.445280 9.444716
v 0.014583 -0.449764 9.430295
v -0.036025 -0.448556 9.415874
v -0.085864 -0.441732 9.401724
v -0.134630 -0.429389 9.387574
v -0.182006 -0.411551 9.373152
v -0.227078 -0.388504 9.358731
v -0.269021 -0.360732 9.344581
v -0.307603 -0.328452 9.330431
v -0.342547 -0.291825 9.316009
v -0.373156 -0.251505 9.301588
v -0.398896 -0.208284 9.287438
v -0.419650 -0.162461 9.273288
v -0.435242 -0.114300 9.258867
v -0.445326 -0.064692 9.244445
v -0.449764 -0.014583 9.230295
v -0.448581 0.035707 9.216145
v -0.441732 0.085864 9.201724
v -0.429293 0.134935 9.187302
v -0.411551 0.182006 9.173152
v -0.388665 0.226803 9.159002
v -0.360732 0.269021 9.144581
v -0.328234 0.307835 9.130159
v -0.291825 0.342547 9.116009
v -0.251769 0.372978 9.101859
v -0.208284 0.398896 9.087438
v -0.162164 0.419765 9.073017
v -0.114300 0.435242 9.058867
v -0.065007 0.445280 9.044716
v -0.014583 0.449764 9.030295
v 0.036025 0.448556 9.015874
v 0.085864 0.441732 9.001724
v 0.134630 0.429389 8.987574
v 0.182006 0.411551 8.973152
v 0.227078 0.388504 8.958731
v 0.269021 0.360732 8.944581
v 0.307081 0.328939 8.930633
v 0.341617 0.292913 8.916418
v 0.371955 0.253277 8.902195
v -0.081090 -0.417174 10.195020
v 0.001444 -0.424979 10.219867
v 0.351276 0.239196 8.895492
v 0.322624 0.276628 8.909714
v 0.290009 0.310651 8.923929
v 0.254065 0.340676 8.937877
v 0.214407 0.366932 8.952043
v 0.171903 0.388663 8.966443
v 0.127196 0.405500 8.980854
v 0.081090 0.417174 8.995020
v 0.033969 0.423622 9.009186
v -0.013788 0.424758 9.023596
v -0.061340 0.420532 9.037997
v -0.107946 0.411044 9.052163
v -0.153213 0.396403 9.066334
v -0.196739 0.376700 9.080746
v -0.237723 0.352275 9.095138
v -0.275601 0.323502 9.109306
v -0.310056 0.290646 9.123487
v -0.340708 0.254023 9.137893
v -0.367025 0.214248 9.152280
v -0.388670 0.171886 9.166449
v -0.405469 0.127295 9.180642
v -0.417186 0.081024 9.195040
v -0.423637 0.033780 9.209424
v -0.424759 -0.013773 9.223592
v -0.420567 -0.061095 9.237742
v -0.411044 -0.107945 9.252163
v -0.396319 -0.153429 9.266584
v -0.376719 -0.196705 9.280734
v -0.352351 -0.237609 9.294916
v -0.323508 -0.275594 9.309303
v -0.290586 -0.310112 9.323692
v -0.254065 -0.340677 9.337877
v -0.214405 -0.366933 9.352044
v -0.171953 -0.388641 9.366427
v -0.127290 -0.405471 9.380825
v -0.081091 -0.417174 9.395020
v -0.033959 -0.423623 9.409189
v 0.013718 -0.424760 9.423575
v 0.061284 -0.420540 9.437980
v 0.107944 -0.411045 9.452163
v 0.153204 -0.396406 9.466331
v 0.196668 -0.376738 9.480722
v 0.237710 -0.352283 9.495134
v 0.275600 -0.323503 9.509306
v 0.310023 -0.290681 9.523472
v 0.340664 -0.254081 9.537871
v 0.367029 -0.214241 9.552282
v 0.388670 -0.171887 9.566449
v 0.405442 -0.127383 9.580615
v 0.417176 -0.081078 9.595024
v 0.423638 -0.033775 9.609425
v 0.424759 0.013773 9.623592
v 0.420558 0.061161 9.637762
v 0.411035 0.107981 9.652174
v 0.396340 0.153375 9.666567
v 0.376718 0.196705 9.680735
v 0.352355 0.237604 9.694914
v 0.323469 0.275639 9.709321
v 0.290547 0.310148 9.723708
v 0.254064 0.340677 9.737877
v 0.214332 0.366976 9.752069
v 0.171827 0.388696 9.766468
v 0.127202 0.405499 9.780852
v 0.081090 0.417174 9.795020
v 0.034022 0.423618 9.809170
v -0.013773 0.424759 9.823591
v -0.061393 0.420524 9.838013
v -0.107945 0.411044 9.852163
v -0.153249 0.396389 9.866346
v -0.196700 0.376721 9.880733
v -0.237677 0.352306 9.895121
v -0.275600 0.323503 9.909306
v -0.310023 0.290681 9.923472
v -0.340632 0.254124 9.937855
v -0.366979 0.214327 9.952252
v -0.388670 0.171888 9.966448
v -0.405445 0.127372 9.980618
v -0.417163 0.081145 9.995003
v -0.423633 0.033837 10.009407
v -0.424759 -0.013772 10.023591
v -0.420559 -0.061155 10.037760
v -0.411055 -0.107903 10.052150
v -0.396347 -0.153358 10.066561
v -0.376719 -0.196704 10.080734
v -0.352379 -0.237567 10.094901
v -0.323518 -0.275583 10.109299
v -0.290542 -0.310153 10.123710
v -0.254065 -0.340677 10.137877
v -0.214408 -0.366931 10.152043
v -0.171878 -0.388674 10.166451
v -0.127196 -0.405501 10.180854
v -0.040104 -0.423085 10.207339
v 0.043023 -0.422798 10.232443
v -0.417174 0.081091 10.195020
v -0.424979 -0.001464 10.219873
v 0.239196 -0.351276 8.895492
v 0.276628 -0.322624 8.909714
v 0.310652 -0.290009 8.923929
v 0.340677 -0.254065 8.937877
v 0.366964 -0.214352 8.952062
v 0.388674 -0.171878 8.966452
v 0.405485 -0.127244 8.980839
v 0.417174 -0.081090 8.995020
v 0.423618 -0.034022 9.009170
v 0.424759 0.013773 9.023591
v 0.420524 0.061393 9.038013
v 0.411044 0.107945 9.052163
v 0.396407 0.153203 9.066331
v 0.376750 0.196645 9.080714
v 0.352323 0.237652 9.095112
v 0.323503 0.275600 9.109306
v 0.290674 0.310029 9.123475
v 0.254107 0.340646 9.137861
v 0.214282 0.367005 9.152268
v 0.171888 0.388670 9.166448
v 0.127376 0.405444 9.180617
v 0.081128 0.417166 9.195008
v 0.033791 0.423636 9.209421
v -0.013772 0.424759 9.223591
v -0.061148 0.420560 9.237758
v -0.107930 0.411048 9.252158
v -0.153380 0.396339 9.266568
v -0.196705 0.376719 9.280734
v -0.237566 0.352380 9.294901
v -0.275614 0.323491 9.309311
v -0.310155 0.290540 9.323711
v -0.340677 0.254064 9.337877
v -0.366941 0.214392 9.352049
v -0.388686 0.171850 9.366461
v -0.405499 0.127202 9.380852
v -0.417174 0.081089 9.395020
v -0.423626 0.033917 9.409202
v -0.424757 -0.013826 9.423608
v -0.420533 -0.061330 9.437994
v -0.411044 -0.107946 9.452163
v -0.396375 -0.153286 9.466357
v -0.376687 -0.196766 9.480755
v -0.352274 -0.237724 9.495138
v -0.323502 -0.275601 9.509306
v -0.290635 -0.310066 9.523491
v -0.254056 -0.340684 9.537881
v -0.214282 -0.367005 9.552268
v -0.171887 -0.388670 9.566449
v -0.127433 -0.405426 9.580599
v -0.081090 -0.417174 9.595020
v -0.033722 -0.423642 9.609441
v 0.013772 -0.424759 9.623591
v 0.061152 -0.420559 9.637759
v 0.107878 -0.411062 9.652142
v 0.153291 -0.396373 9.666540
v 0.196704 -0.376719 9.680734
v 0.237575 -0.352375 9.694904
v 0.275560 -0.323537 9.709290
v 0.310118 -0.290580 9.723695
v 0.340676 -0.254066 9.737877
v 0.366935 -0.214402 9.752045
v 0.388654 -0.171924 9.766436
v 0.405495 -0.127214 9.780848
v 0.417174 -0.081091 9.795020
v 0.423622 -0.033968 9.809186
v 0.424759 0.013754 9.823586
v 0.420532 0.061339 9.837997
v 0.411044 0.107945 9.852163
v 0.396409 0.153197 9.866329
v 0.376712 0.196717 9.880739
v 0.352272 0.237727 9.895140
v 0.323502 0.275601 9.909306
v 0.290671 0.310032 9.923476
v 0.254034 0.340700 9.937889
v 0.214244 0.367027 9.952281
v 0.171886 0.388670 9.966449
v 0.127336 0.405457 9.980629
v 0.081040 0.417184 9.995036
v 0.033785 0.423637 10.009422
v -0.013774 0.424759 10.023592
v -0.061237 0.420547 10.037785
v -0.108010 0.411027 10.052183
v -0.153374 0.396341 10.066567
v -0.196705 0.376718 10.080734
v -0.237522 0.352410 10.094884
v -0.275601 0.323503 10.109306
v -0.310191 0.290501 10.123727
v -0.340677 0.254065 10.137877
v -0.366958 0.214363 10.152059
v -0.388666 0.171896 10.166446
v -0.405481 0.127257 10.180835
v -0.423088 0.040078 10.207347
v -0.422798 -0.043033 10.232446
vt 0.107036 -1.884868 0.000000
vt 0.023218 -1.813854 0.000000
vt -0.000000 -1.890209 0.000000
vt -0.023218 -1.813854 0.000000
vt -0.107036 -1.884868 0.000000
vt -0.068404 -1.803145 0.000000
vt -0.109901 -1.782304 0.000000
vt 0.213007 -1.868895 0.000000
vt 0.109901 -1.782304 0.000000
vt 0.068404 -1.803145 0.000000
vt 0.316862 -1.842450 0.000000
vt 0.173204 -1.715207 0.000000
vt 0.145474 -1.752455 0.000000
vt 0.191596 -1.672568 0.000000
vt 0.417568 -1.805796 0.000000
vt 0.199660 -1.626837 0.000000
vt 0.514124 -1.759297 0.000000
vt 0.196960 -1.580479 0.000000
vt 0.605570 -1.703416 0.000000
vt 0.183642 -1.535993 0.000000
vt 0.690998 -1.638707 0.000000
vt 0.350054 -1.097984 0.000000
vt 0.769558 -1.565814 0.000000
vt 0.840470 -1.485460 0.000000
vt 0.731596 -1.003145 0.000000
vt 0.903029 -1.398446 0.000000
vt 0.776782 -1.013854 0.000000
vt 0.956614 -1.305635 0.000000
vt 0.823218 -1.013854 0.000000
vt 1.000691 -1.207950 0.000000
vt 0.868404 -1.003145 0.000000
vt 1.034823 -1.106362 0.000000
vt 0.909901 -0.982304 0.000000
vt 1.058670 -1.001880 0.000000
vt 0.945474 -0.952455 0.000000
vt 0.973204 -0.915207 0.000000
vt 1.071996 -0.895543 0.000000
vt 0.991596 -0.872568 0.000000
vt 0.999660 -0.826837 0.000000
vt 1.074667 -0.788407 0.000000
vt 0.996960 -0.780479 0.000000
vt 0.983642 -0.735993 0.000000
vt 1.066659 -0.681538 0.000000
vt 0.960423 -0.695777 0.000000
vt 1.048049 -0.575998 0.000000
vt 0.928557 -0.662000 0.000000
vt 0.889759 -0.636483 0.000000
vt 1.019023 -0.472834 0.000000
vt 0.846123 -0.620600 0.000000
vt 0.979870 -0.373074 0.000000
vt 0.800000 -0.615209 0.000000
vt 0.930979 -0.277707 0.000000
vt 0.753877 -0.620600 0.000000
vt 0.872835 -0.187683 0.000000
vt 0.710241 -0.636483 0.000000
vt 0.806016 -0.103895 0.000000
vt 0.282776 -0.465154 0.000000
vt 0.731187 -0.027176 0.000000
vt 0.649091 0.041711 0.000000
vt 0.191596 -0.072568 0.000000
vt 0.560544 0.102081 0.000000
vt 0.199660 -0.026837 0.000000
vt 0.466426 0.153335 0.000000
vt 0.196960 0.019521 0.000000
vt 0.367672 0.194963 0.000000
vt 0.183642 0.064007 0.000000
vt 0.265265 0.226552 0.000000
vt 0.160423 0.104223 0.000000
vt 0.128557 0.138000 0.000000
vt 0.160221 0.247787 0.000000
vt 0.089759 0.163517 0.000000
vt 0.053584 0.258457 0.000000
vt 0.046123 0.179400 0.000000
vt -0.000000 0.184791 0.000000
vt -0.053584 0.258457 0.000000
vt -0.046123 0.179400 0.000000
vt -0.089759 0.163517 0.000000
vt -0.160221 0.247787 0.000000
vt -0.128557 0.138000 0.000000
vt -0.265265 0.226552 0.000000
vt -0.160423 0.104223 0.000000
vt -0.183642 0.064007 0.000000
vt -0.367672 0.194963 0.000000
vt -0.196960 0.019521 0.000000
vt -0.466426 0.153335 0.000000
vt -0.199660 -0.026837 0.000000
vt -0.560544 0.102081 0.000000
vt -0.191596 -0.072568 0.000000
vt -0.649091 0.041711 0.000000
vt -0.173204 -0.115207 0.000000
vt -0.350054 -0.532432 0.000000
vt -0.235083 -0.491579 0.000000
vt -0.316460 -0.530956 0.000000
vt -0.282866 -0.532389 0.000000
vt -0.731187 -0.027176 0.000000
vt -0.806016 -0.103895 0.000000
vt -0.872835 -0.187683 0.000000
vt -0.930979 -0.277707 0.000000
vt -0.753877 -0.620600 0.000000
vt -0.710241 -0.636483 0.000000
vt -0.386903 -0.585412 0.000000
vt -0.671443 -0.662000 0.000000
vt -0.415795 -0.643118 0.000000
vt -0.639577 -0.695777 0.000000
vt -0.436135 -0.704364 0.000000
vt -0.616358 -0.735993 0.000000
vt -0.447505 -0.767889 0.000000
vt -0.603040 -0.780479 0.000000
vt -0.600340 -0.826837 0.000000
vt -0.800000 -0.615209 0.000000
vt -0.979870 -0.373074 0.000000
vt -0.846123 -0.620600 0.000000
vt -1.019023 -0.472834 0.000000
vt -0.889759 -0.636483 0.000000
vt -1.048049 -0.575998 0.000000
vt -0.928557 -0.662000 0.000000
vt -0.960423 -0.695777 0.000000
vt -1.066659 -0.681538 0.000000
vt -0.983642 -0.735993 0.000000
vt -1.074667 -0.788407 0.000000
vt -0.996960 -0.780479 0.000000
vt -0.999660 -0.826837 0.000000
vt -1.071996 -0.895543 0.000000
vt -0.991596 -0.872568 0.000000
vt -0.973204 -0.915207 0.000000
vt -1.058670 -1.001880 0.000000
vt -0.945474 -0.952455 0.000000
vt -0.909901 -0.982304 0.000000
vt -1.034823 -1.106362 0.000000
vt -0.868404 -1.003145 0.000000
vt -1.000691 -1.207950 0.000000
vt -0.823218 -1.013854 0.000000
vt -0.956614 -1.305635 0.000000
vt -0.776782 -1.013854 0.000000
vt -0.903029 -1.398446 0.000000
vt -0.731596 -1.003145 0.000000
vt -0.840470 -1.485460 0.000000
vt -0.282776 -1.165262 0.000000
vt -0.769558 -1.565814 0.000000
vt -0.690998 -1.638707 0.000000
vt -0.183642 -1.535993 0.000000
vt -0.605570 -1.703416 0.000000
vt -0.196960 -1.580479 0.000000
vt -0.514124 -1.759297 0.000000
vt -0.199660 -1.626837 0.000000
vt -0.417568 -1.805796 0.000000
vt -0.191596 -1.672568 0.000000
vt -0.316862 -1.842450 0.000000
vt -0.173204 -1.715207 0.000000
vt -0.213007 -1.868895 0.000000
vt -0.145474 -1.752455 0.000000
vt -0.608404 -0.872568 0.000000
vt -0.395115 -0.877532 0.000000
vt -0.424726 -0.792371 0.000000
vt -0.380479 -0.938642 0.000000
vt -0.626796 -0.915207 0.000000
vt -0.356452 -0.996706 0.000000
vt -0.654526 -0.952455 0.000000
vt -0.323629 -1.050291 0.000000
vt -0.690099 -0.982304 0.000000
vt 0.173204 -0.115207 0.000000
vt 0.229796 -0.428305 0.000000
vt 0.145474 -0.152455 0.000000
vt 0.172090 -0.399413 0.000000
vt 0.109901 -0.182304 0.000000
vt 0.110844 -0.379073 0.000000
vt 0.068404 -0.203145 0.000000
vt 0.047319 -0.367703 0.000000
vt 0.023218 -0.213854 0.000000
vt -0.023218 -0.213854 0.000000
vt -0.068404 -0.203145 0.000000
vt -0.062324 -0.420093 0.000000
vt 0.022837 -0.390482 0.000000
vt -0.123434 -0.434729 0.000000
vt -0.109901 -0.182304 0.000000
vt -0.181498 -0.458756 0.000000
vt -0.145474 -0.152455 0.000000
vt 0.690099 -0.982304 0.000000
vt 0.386903 -1.045004 0.000000
vt 0.654526 -0.952455 0.000000
vt 0.415795 -0.987298 0.000000
vt 0.626796 -0.915207 0.000000
vt 0.436135 -0.926052 0.000000
vt 0.608404 -0.872568 0.000000
vt 0.447505 -0.862527 0.000000
vt 0.600340 -0.826837 0.000000
vt 0.603040 -0.780479 0.000000
vt 0.616358 -0.735993 0.000000
vt 0.395115 -0.752884 0.000000
vt 0.424726 -0.838045 0.000000
vt 0.380479 -0.691774 0.000000
vt 0.639577 -0.695777 0.000000
vt 0.356452 -0.633710 0.000000
vt 0.671443 -0.662000 0.000000
vt 0.323629 -0.580125 0.000000
vt 0.284252 -0.498748 0.000000
vt 0.046123 -1.420600 0.000000
vt -0.022837 -1.239934 0.000000
vt -0.000000 -1.415209 0.000000
vt -0.047319 -1.262713 0.000000
vt -0.046123 -1.420600 0.000000
vt -0.110844 -1.251343 0.000000
vt -0.089759 -1.436483 0.000000
vt -0.172090 -1.231003 0.000000
vt -0.128557 -1.462000 0.000000
vt -0.160423 -1.495777 0.000000
vt -0.229796 -1.202111 0.000000
vt 0.062324 -1.210323 0.000000
vt 0.089759 -1.436483 0.000000
vt 0.123434 -1.195686 0.000000
vt 0.128557 -1.462000 0.000000
vt 0.181498 -1.171660 0.000000
vt 0.160423 -1.495777 0.000000
vt 0.235083 -1.138837 0.000000
vt 0.316460 -1.099460 0.000000
vt -0.284252 -1.131668 0.000000
vt -0.282819 -1.098074 0.000000
vt -0.400000 -0.814884 0.000000
vt 0.000324 -0.415208 0.000000
vt 0.282819 -0.532342 0.000000
vt 0.400000 -0.815532 0.000000
vt 0.282866 -1.098027 0.000000
vt -0.000324 -1.215208 0.000000
vt -0.250002 -0.948035 0.000000
vt -0.308064 -0.959467 0.000000
vt -0.250002 -1.012626 0.000000
vt -0.322214 -1.009798 0.000000
vt -0.336364 -1.060128 0.000000
vt -0.293643 -0.908818 0.000000
vt -0.250002 -0.883445 0.000000
vt -0.279222 -0.858169 0.000000
vt -0.250002 -0.818855 0.000000
vt -0.265071 -0.807838 0.000000
vt -0.250002 -0.754265 0.000000
vt -0.263972 -1.062269 0.000000
vt -0.350786 -1.110777 0.000000
vt -0.278194 -1.112209 0.000000
vt -0.365207 -1.161427 0.000000
vt -0.292409 -1.162140 0.000000
vt -0.379357 -1.211757 0.000000
vt -0.306357 -1.211757 0.000000
vt -0.320507 -1.262088 0.000000
vt -0.393507 -1.262088 0.000000
vt -0.334929 -1.312737 0.000000
vt -0.407929 -1.312737 0.000000
vt -0.349350 -1.363386 0.000000
vt -0.422350 -1.363386 0.000000
vt -0.363500 -1.413717 0.000000
vt -0.436500 -1.413717 0.000000
vt -0.363500 1.413717 0.000000
vt -0.436500 1.413717 0.000000
vt -0.377650 1.363386 0.000000
vt -0.450650 1.363386 0.000000
vt -0.392071 1.312737 0.000000
vt -0.465071 1.312737 0.000000
vt -0.406493 1.262088 0.000000
vt -0.479493 1.262088 0.000000
vt -0.420643 1.211757 0.000000
vt -0.493643 1.211757 0.000000
vt -0.434793 1.161427 0.000000
vt -0.507793 1.161427 0.000000
vt -0.449214 1.110777 0.000000
vt -0.522214 1.110777 0.000000
vt -0.463636 1.060128 0.000000
vt -0.536636 1.060128 0.000000
vt -0.477786 1.009798 0.000000
vt -0.550786 1.009798 0.000000
vt -0.491936 0.959467 0.000000
vt -0.564936 0.959467 0.000000
vt -0.506357 0.908818 0.000000
vt -0.579357 0.908818 0.000000
vt -0.520778 0.858169 0.000000
vt -0.593778 0.858169 0.000000
vt -0.534929 0.807838 0.000000
vt -0.607929 0.807838 0.000000
vt -0.549079 0.757508 0.000000
vt -0.622079 0.757508 0.000000
vt -0.563500 0.706858 0.000000
vt -0.636500 0.706858 0.000000
vt -0.577921 0.656209 0.000000
vt -0.650921 0.656209 0.000000
vt -0.592071 0.605879 0.000000
vt -0.665071 0.605879 0.000000
vt -0.606222 0.555548 0.000000
vt -0.679222 0.555548 0.000000
vt -0.620643 0.504899 0.000000
vt -0.693643 0.504899 0.000000
vt -0.635064 0.454250 0.000000
vt -0.708064 0.454250 0.000000
vt -0.649214 0.403919 0.000000
vt -0.722214 0.403919 0.000000
vt -0.663364 0.353589 0.000000
vt -0.736364 0.353589 0.000000
vt -0.677786 0.302939 0.000000
vt -0.750786 0.302939 0.000000
vt -0.692207 0.252290 0.000000
vt -0.765207 0.252290 0.000000
vt -0.706357 0.201960 0.000000
vt -0.779357 0.201960 0.000000
vt -0.720507 0.151629 0.000000
vt -0.793507 0.151629 0.000000
vt -0.734929 0.100980 0.000000
vt -0.807929 0.100980 0.000000
vt -0.749350 0.050330 0.000000
vt -0.822350 0.050330 0.000000
vt -0.763500 -0.000000 0.000000
vt -0.836500 -0.000000 0.000000
vt -0.777650 -0.050330 0.000000
vt -0.850650 -0.050330 0.000000
vt -0.792071 -0.100980 0.000000
vt -0.865071 -0.100980 0.000000
vt -0.806493 -0.151629 0.000000
vt -0.879493 -0.151629 0.000000
vt -0.820643 -0.201960 0.000000
vt -0.893643 -0.201960 0.000000
vt -0.834793 -0.252290 0.000000
vt -0.907793 -0.252290 0.000000
vt -0.849214 -0.302939 0.000000
vt -0.922214 -0.302939 0.000000
vt -0.863636 -0.353589 0.000000
vt -0.936636 -0.353589 0.000000
vt -0.877786 -0.403919 0.000000
vt -0.950786 -0.403919 0.000000
vt -0.891936 -0.454250 0.000000
vt -0.964936 -0.454250 0.000000
vt -0.906357 -0.504899 0.000000
vt -0.979357 -0.504899 0.000000
vt -0.920778 -0.555548 0.000000
vt -0.993778 -0.555548 0.000000
vt -0.934929 -0.605879 0.000000
vt -1.007929 -0.605879 0.000000
vt -0.949079 -0.656209 0.000000
vt -1.022079 -0.656209 0.000000
vt -0.963500 -0.706858 0.000000
vt -1.036500 -0.706858 0.000000
vt -0.977921 -0.757508 0.000000
vt -1.050921 -0.757508 0.000000
vt -0.992071 -0.807838 0.000000
vt -1.065071 -0.807838 0.000000
vt -1.006222 -0.858169 0.000000
vt -1.079222 -0.858169 0.000000
vt -1.020643 -0.908818 0.000000
vt -1.093643 -0.908818 0.000000
vt -1.035064 -0.959467 0.000000
vt -1.108064 -0.959467 0.000000
vt -1.049214 -1.009798 0.000000
vt -1.122214 -1.009798 0.000000
vt -1.063364 -1.060128 0.000000
vt -1.136364 -1.060128 0.000000
vt -1.077786 -1.110777 0.000000
vt -1.150786 -1.110777 0.000000
vt -1.092207 -1.161427 0.000000
vt -1.165207 -1.161427 0.000000
vt -1.106357 -1.211757 0.000000
vt -1.179357 -1.211757 0.000000
vt -1.120507 -1.262088 0.000000
vt -1.193507 -1.262088 0.000000
vt -1.134929 -1.312737 0.000000
vt -1.207929 -1.312737 0.000000
vt -1.149350 -1.363386 0.000000
vt -1.222350 -1.363386 0.000000
vt -1.163500 -1.413717 0.000000
vt -1.236500 -1.413717 0.000000
vt -1.163500 1.413717 0.000000
vt -1.236500 1.413717 0.000000
vt -1.177650 1.363386 0.000000
vt -1.250650 1.363386 0.000000
vt -1.192071 1.312737 0.000000
vt -1.265071 1.312737 0.000000
vt -1.206493 1.262088 0.000000
vt -1.279493 1.262088 0.000000
vt -1.220643 1.211757 0.000000
vt -1.293643 1.211757 0.000000
vt -1.234793 1.161427 0.000000
vt -1.307793 1.161427 0.000000
vt -1.249214 1.110777 0.000000
vt -1.322214 1.110777 0.000000
vt -1.263636 1.060128 0.000000
vt -1.336636 1.060128 0.000000
vt -1.277786 1.009798 0.000000
vt -1.350786 1.009798 0.000000
vt -1.291936 0.959467 0.000000
vt -1.364936 0.959467 0.000000
vt -1.306357 0.908818 0.000000
vt -1.379357 0.908818 0.000000
vt -1.320778 0.858169 0.000000
vt -1.393778 0.858169 0.000000
vt -1.334929 0.807838 0.000000
vt -1.407929 0.807838 0.000000
vt -1.349079 0.757508 0.000000
vt -1.422079 0.757508 0.000000
vt -1.363500 0.706858 0.000000
vt -1.436500 0.706858 0.000000
vt -1.377921 0.656209 0.000000
vt -1.450921 0.656209 0.000000
vt -1.392071 0.605879 0.000000
vt -1.465071 0.605879 0.000000
vt -1.406222 0.555548 0.000000
vt -1.479222 0.555548 0.000000
vt -1.420643 0.504899 0.000000
vt -1.493643 0.504899 0.000000
vt -1.435064 0.454250 0.000000
vt -1.508064 0.454250 0.000000
vt -1.449214 0.403919 0.000000
vt -1.522214 0.403919 0.000000
vt -1.463364 0.353589 0.000000
vt -1.536364 0.353589 0.000000
vt -1.477786 0.302939 0.000000
vt -1.550786 0.302939 0.000000
vt -1.492207 0.252290 0.000000
vt -1.565207 0.252290 0.000000
vt -1.506357 0.201960 0.000000
vt -1.579357 0.201960 0.000000
vt -1.589588 0.165479 0.000000
vt -1.520507 0.151629 0.000000
vt -1.600000 0.128785 0.000000
vt -1.534929 0.100980 0.000000
vt -1.600000 0.064392 0.000000
vt -1.549350 0.050330 0.000000
vt -1.600000 -0.000000 0.000000
vt -1.563500 -0.000000 0.000000
vt -1.581590 -0.064204 0.000000
vt -1.600000 -0.064392 0.000000
vt -1.600000 -0.128785 0.000000
vt -0.103528 0.800143 0.000000
vt -0.103528 0.746926 0.000000
vt -0.077627 0.750200 0.000000
vt -0.077997 0.723972 0.000000
vt -0.051764 0.750086 0.000000
vt -0.051764 0.700485 0.000000
vt -0.051764 0.800143 0.000000
vt -0.077627 0.800143 0.000000
vt -0.077627 0.850152 0.000000
vt -0.103528 0.850152 0.000000
vt -0.103528 0.900161 0.000000
vt -0.077627 0.900161 0.000000
vt -0.103528 0.950170 0.000000
vt -0.077627 0.950170 0.000000
vt -0.077627 1.000178 0.000000
vt -0.051756 1.000178 0.000000
vt -0.077627 1.050249 0.000000
vt -0.051736 1.050310 0.000000
vt -0.051747 1.100056 0.000000
vt -0.051758 0.847892 0.000000
vt -0.051761 0.896906 0.000000
vt -0.051765 0.947533 0.000000
vt -0.077627 1.100126 0.000000
vt -0.051763 1.149905 0.000000
vt -0.077627 1.150055 0.000000
vt -0.051745 1.200213 0.000000
vt -0.077627 1.200214 0.000000
vt -0.077627 1.250290 0.000000
vt -0.103528 1.250223 0.000000
vt -0.077627 1.300178 0.000000
vt -0.103528 1.300232 0.000000
vt -0.077627 1.350135 0.000000
vt -0.103528 1.350241 0.000000
vt -0.077627 1.400249 0.000000
vt -0.103528 1.400250 0.000000
vt -0.103528 1.450259 0.000000
vt -0.077627 1.450321 0.000000
vt -0.077627 1.500228 0.000000
vt -0.051757 1.500188 0.000000
vt -0.051765 1.550134 0.000000
vt -0.051726 1.250356 0.000000
vt -0.051748 1.300124 0.000000
vt -0.051764 1.350029 0.000000
vt -0.051743 1.400248 0.000000
vt -0.051732 1.450382 0.000000
vt -0.077627 1.550205 0.000000
vt -0.051751 1.600285 0.000000
vt -0.077627 1.600285 0.000000
vt -0.077627 1.650351 0.000000
vt -0.103528 1.650295 0.000000
vt -0.077627 1.700289 0.000000
vt -0.103528 1.700304 0.000000
vt -0.077627 1.750257 0.000000
vt -0.103528 1.750313 0.000000
vt -0.077627 1.800322 0.000000
vt -0.103528 1.800322 0.000000
vt -0.103528 1.850331 0.000000
vt -0.077627 1.850387 0.000000
vt -0.103528 1.900340 0.000000
vt -0.077627 1.900359 0.000000
vt -0.077627 1.950292 0.000000
vt -0.051784 1.950236 0.000000
vt -0.051777 2.000359 0.000000
vt -0.051745 1.650407 0.000000
vt -0.051763 1.700274 0.000000
vt -0.051772 1.750202 0.000000
vt -0.051765 1.800322 0.000000
vt -0.051757 1.850443 0.000000
vt -0.051765 1.900379 0.000000
vt -0.051763 2.050517 0.000000
vt -0.077627 2.050442 0.000000
vt -0.077627 2.000358 0.000000
vt -0.103528 1.950348 0.000000
vt -0.077627 2.100418 0.000000
vt -0.051771 2.100460 0.000000
vt -0.051794 2.150259 0.000000
vt -0.077627 2.150322 0.000000
vt -0.051783 2.200395 0.000000
vt -0.077627 2.200394 0.000000
vt -0.077627 2.250514 0.000000
vt -0.103528 2.250402 0.000000
vt -0.103528 2.300411 0.000000
vt -0.077627 2.300467 0.000000
vt -0.077627 2.350353 0.000000
vt -0.051796 2.350287 0.000000
vt -0.051780 2.400431 0.000000
vt -0.051764 2.250626 0.000000
vt -0.051777 2.300522 0.000000
vt -0.051765 2.450747 0.000000
vt -0.077627 2.450593 0.000000
vt -0.077627 2.400430 0.000000
vt -0.103528 2.350420 0.000000
vt -0.077627 2.500519 0.000000
vt -0.051777 2.500591 0.000000
vt -0.051786 2.550335 0.000000
vt -0.077627 2.550395 0.000000
vt -0.051770 2.600465 0.000000
vt -0.077627 2.600465 0.000000
vt -0.077627 2.650474 0.000000
vt -0.103528 2.650474 0.000000
vt -0.103528 2.700483 0.000000
vt -0.077627 2.700483 0.000000
vt -0.103528 2.750491 0.000000
vt -0.077627 2.750491 0.000000
vt -0.103528 2.800500 0.000000
vt -0.077627 2.800500 0.000000
vt -0.103528 2.850509 0.000000
vt -0.077627 2.850617 0.000000
vt -0.077627 2.900507 0.000000
vt -0.051764 2.900495 0.000000
vt -0.051764 2.950281 0.000000
vt -0.051765 2.653212 0.000000
vt -0.051764 2.703866 0.000000
vt -0.051761 2.752848 0.000000
vt -0.051764 2.800500 0.000000
vt -0.051764 2.850725 0.000000
vt -0.077627 2.950404 0.000000
vt -0.051757 3.000535 0.000000
vt -0.077627 3.000536 0.000000
vt -0.077627 3.050605 0.000000
vt -0.103528 3.050545 0.000000
vt -0.077627 3.100481 0.000000
vt -0.103528 3.100554 0.000000
vt -0.077627 3.150407 0.000000
vt -0.103528 3.150563 0.000000
vt -0.077627 3.200571 0.000000
vt -0.103528 3.200572 0.000000
vt -0.103528 3.250581 0.000000
vt -0.077627 3.250647 0.000000
vt -0.077627 3.300533 0.000000
vt -0.051747 3.300477 0.000000
vt -0.051764 3.350371 0.000000
vt -0.051738 3.050664 0.000000
vt -0.051747 3.100408 0.000000
vt -0.051762 3.150251 0.000000
vt -0.051746 3.200570 0.000000
vt -0.051727 3.250713 0.000000
vt -0.077627 3.350485 0.000000
vt -0.051742 3.400605 0.000000
vt -0.077627 3.400607 0.000000
vt -0.077627 3.450679 0.000000
vt -0.103528 3.450617 0.000000
vt -0.077627 3.500582 0.000000
vt -0.103528 3.500625 0.000000
vt -0.077627 3.550558 0.000000
vt -0.103528 3.550634 0.000000
vt -0.077627 3.600643 0.000000
vt -0.103528 3.600643 0.000000
vt -0.103528 3.650652 0.000000
vt -0.077627 3.650709 0.000000
vt -0.077627 3.700640 0.000000
vt -0.051762 3.700619 0.000000
vt -0.051771 3.750556 0.000000
vt -0.051730 3.450742 0.000000
vt -0.051755 3.500539 0.000000
vt -0.051764 3.550481 0.000000
vt -0.051749 3.600642 0.000000
vt -0.051742 3.650765 0.000000
vt -0.077627 3.750613 0.000000
vt -0.051762 3.800679 0.000000
vt -0.077627 3.800679 0.000000
vt -0.077627 3.850743 0.000000
vt -0.103528 3.850688 0.000000
vt -0.103528 3.900697 0.000000
vt -0.077627 3.900711 0.000000
vt -0.077627 3.950650 0.000000
vt -0.051782 3.950595 0.000000
vt -0.051775 4.000716 0.000000
vt -0.051755 3.850798 0.000000
vt -0.051764 3.900724 0.000000
vt -0.051762 4.050865 0.000000
vt -0.077627 4.050794 0.000000
vt -0.077627 4.000715 0.000000
vt -0.103528 3.950706 0.000000
vt -0.077627 4.100772 0.000000
vt -0.051770 4.100811 0.000000
vt -0.051792 4.150619 0.000000
vt -0.077627 4.150680 0.000000
vt -0.051782 4.200752 0.000000
vt -0.077627 4.200752 0.000000
vt -0.077627 4.250864 0.000000
vt -0.103528 4.250759 0.000000
vt -0.103528 4.300768 0.000000
vt -0.077627 4.300822 0.000000
vt -0.077627 4.350711 0.000000
vt -0.051796 4.350645 0.000000
vt -0.051781 4.400788 0.000000
vt -0.051764 4.250968 0.000000
vt -0.051776 4.300875 0.000000
vt -0.051765 4.451093 0.000000
vt -0.077627 4.450944 0.000000
vt -0.077627 4.400787 0.000000
vt -0.103528 4.350777 0.000000
vt -0.077627 4.500873 0.000000
vt -0.051777 4.500942 0.000000
vt -0.051788 4.550689 0.000000
vt -0.077627 4.550751 0.000000
vt -0.051772 4.600823 0.000000
vt -0.077627 4.600822 0.000000
vt -0.077627 4.650831 0.000000
vt -0.103528 4.650831 0.000000
vt -0.103528 4.700840 0.000000
vt -0.077627 4.700840 0.000000
vt -0.103528 4.750849 0.000000
vt -0.077627 4.750849 0.000000
vt -0.103528 4.800858 0.000000
vt -0.077627 4.800858 0.000000
vt -0.103528 4.850867 0.000000
vt -0.077627 4.850977 0.000000
vt -0.077627 4.900867 0.000000
vt -0.051764 4.900858 0.000000
vt -0.051764 4.950641 0.000000
vt -0.051765 4.653396 0.000000
vt -0.051766 4.704002 0.000000
vt -0.051764 4.753037 0.000000
vt -0.051764 4.800858 0.000000
vt -0.051764 4.851088 0.000000
vt -0.077627 4.950763 0.000000
vt -0.051758 5.000893 0.000000
vt -0.077627 5.000893 0.000000
vt -0.077627 5.050960 0.000000
vt -0.103528 5.050902 0.000000
vt -0.077627 5.100835 0.000000
vt -0.103528 5.100911 0.000000
vt -0.077627 5.150759 0.000000
vt -0.103528 5.150920 0.000000
vt -0.077627 5.200929 0.000000
vt -0.103528 5.200929 0.000000
vt -0.103528 5.250938 0.000000
vt -0.077627 5.251011 0.000000
vt -0.103528 5.300947 0.000000
vt -0.077627 5.300953 0.000000
vt -0.077627 5.350884 0.000000
vt -0.051778 5.350812 0.000000
vt -0.051772 5.400966 0.000000
vt -0.051740 5.051018 0.000000
vt -0.051748 5.100759 0.000000
vt -0.051762 5.150598 0.000000
vt -0.051754 5.200928 0.000000
vt -0.051751 5.251085 0.000000
vt -0.051764 5.300958 0.000000
vt -0.077627 5.400965 0.000000
vt -0.051764 5.426749 0.000000
vt -0.077627 5.437257 0.000000
vt -0.103528 5.473550 0.000000
vt -0.103528 5.437257 0.000000
vt -0.103528 5.400965 0.000000
vt -0.103528 5.350956 0.000000
vt -0.103528 5.000894 0.000000
vt -0.103528 4.950885 0.000000
vt -0.103528 4.900876 0.000000
vt -0.103528 4.600822 0.000000
vt -0.103528 4.550813 0.000000
vt -0.103528 4.500804 0.000000
vt -0.103528 4.450795 0.000000
vt -0.103528 4.400786 0.000000
vt -0.103528 4.200751 0.000000
vt -0.103528 4.150742 0.000000
vt -0.103528 4.100733 0.000000
vt -0.103528 4.050724 0.000000
vt -0.103528 4.000715 0.000000
vt -0.103528 3.800679 0.000000
vt -0.103528 3.750670 0.000000
vt -0.103528 3.700661 0.000000
vt -0.103528 3.400608 0.000000
vt -0.103528 3.350599 0.000000
vt -0.103528 3.300590 0.000000
vt -0.103528 3.000536 0.000000
vt -0.103528 2.950527 0.000000
vt -0.103528 2.900518 0.000000
vt -0.103528 2.600465 0.000000
vt -0.103528 2.550456 0.000000
vt -0.103528 2.500447 0.000000
vt -0.103528 2.450438 0.000000
vt -0.103528 2.400429 0.000000
vt -0.103528 2.200393 0.000000
vt -0.103528 2.150384 0.000000
vt -0.103528 2.100375 0.000000
vt -0.103528 2.050366 0.000000
vt -0.103528 2.000357 0.000000
vt -0.103528 1.600286 0.000000
vt -0.103528 1.550277 0.000000
vt -0.103528 1.500268 0.000000
vt -0.103528 1.200214 0.000000
vt -0.103528 1.150206 0.000000
vt -0.103528 1.100197 0.000000
vt -0.103528 1.050188 0.000000
vt -0.103528 1.000179 0.000000
vt 0.150002 -0.062579 0.000000
vt 0.235841 -0.044816 0.000000
vt 0.150002 0.000324 0.000000
vt 0.250049 0.000017 0.000000
vt 0.264299 0.044873 0.000000
vt 0.221538 -0.089723 0.000000
vt 0.150002 -0.125482 0.000000
vt 0.207169 -0.134688 0.000000
vt 0.150002 -0.188386 0.000000
vt 0.192956 -0.179518 0.000000
vt 0.182307 -0.213131 0.000000
vt 0.150002 -0.251289 0.000000
vt 0.171591 -0.246801 0.000000
vt 0.160774 -0.280542 0.000000
vt 0.150002 -0.314193 0.000000
vt 0.278669 0.089845 0.000000
vt 0.178469 0.089760 0.000000
vt 0.164305 0.044978 0.000000
vt 0.191982 0.132466 0.000000
vt 0.292937 0.134706 0.000000
vt 0.206106 0.176584 0.000000
vt 0.307168 0.179544 0.000000
vt 0.220707 0.222172 0.000000
vt 0.321459 0.224459 0.000000
vt 0.235642 0.269270 0.000000
vt 0.335792 0.269397 0.000000
vt 0.249898 0.314098 0.000000
vt 0.350066 0.314222 0.000000
vt 0.264201 0.358895 0.000000
vt 0.364324 0.359060 0.000000
vt 0.278522 0.403789 0.000000
vt 0.378622 0.404056 0.000000
vt 0.292822 0.448778 0.000000
vt 0.392944 0.448946 0.000000
vt 0.307078 0.493616 0.000000
vt 0.407251 0.493740 0.000000
vt 0.321349 0.538445 0.000000
vt 0.421505 0.538567 0.000000
vt 0.335687 0.583390 0.000000
vt 0.436463 0.585748 0.000000
vt 0.349974 0.628294 0.000000
vt 0.451075 0.631356 0.000000
vt 0.364201 0.673132 0.000000
vt 0.465193 0.675448 0.000000
vt 0.378471 0.717999 0.000000
vt 0.478674 0.718078 0.000000
vt 0.392845 0.762973 0.000000
vt 0.492886 0.763010 0.000000
vt 0.407088 0.807823 0.000000
vt 0.507239 0.807817 0.000000
vt 0.521596 0.852639 0.000000
vt 0.535842 0.897590 0.000000
vt 0.435606 0.897570 0.000000
vt 0.421295 0.852655 0.000000
vt 0.550095 0.942416 0.000000
vt 0.449969 0.942530 0.000000
vt 0.564402 0.987210 0.000000
vt 0.464179 0.987359 0.000000
vt 0.578725 1.032100 0.000000
vt 0.478393 1.032189 0.000000
vt 0.593024 1.077097 0.000000
vt 0.492762 1.077154 0.000000
vt 0.607282 1.121935 0.000000
vt 0.507064 1.122061 0.000000
vt 0.621555 1.166760 0.000000
vt 0.521272 1.166894 0.000000
vt 0.635889 1.211699 0.000000
vt 0.535522 1.211750 0.000000
vt 0.650180 1.256613 0.000000
vt 0.549893 1.256722 0.000000
vt 0.664410 1.301451 0.000000
vt 0.549893 -1.256552 0.000000
vt 0.664410 -1.211823 0.000000
vt 0.564160 -1.211691 0.000000
vt 0.678678 -1.166961 0.000000
vt 0.578391 -1.166853 0.000000
vt 0.693049 -1.121989 0.000000
vt 0.592683 -1.121938 0.000000
vt 0.707298 -1.077134 0.000000
vt 0.607016 -1.077000 0.000000
vt 0.721506 -1.032301 0.000000
vt 0.621289 -1.032175 0.000000
vt 0.735810 -0.987392 0.000000
vt 0.635547 -0.987337 0.000000
vt 0.750178 -0.942428 0.000000
vt 0.649846 -0.942340 0.000000
vt 0.764391 -0.897599 0.000000
vt 0.664168 -0.897451 0.000000
vt 0.778602 -0.852769 0.000000
vt 0.678475 -0.852656 0.000000
vt 0.692729 -0.807830 0.000000
vt 0.792966 -0.807808 0.000000
vt 0.807275 -0.762895 0.000000
vt 0.707689 -0.760639 0.000000
vt 0.821482 -0.718063 0.000000
vt 0.722303 -0.715029 0.000000
vt 0.835727 -0.673212 0.000000
vt 0.736420 -0.670939 0.000000
vt 0.850100 -0.628238 0.000000
vt 0.749897 -0.628319 0.000000
vt 0.764109 -0.583387 0.000000
vt 0.864370 -0.583373 0.000000
vt 0.778462 -0.538580 0.000000
vt 0.878597 -0.538534 0.000000
vt 0.792820 -0.493758 0.000000
vt 0.892885 -0.493628 0.000000
vt 0.807065 -0.448807 0.000000
vt 0.907222 -0.448685 0.000000
vt 0.821317 -0.403981 0.000000
vt 0.921494 -0.403856 0.000000
vt 0.835625 -0.359188 0.000000
vt 0.935750 -0.359018 0.000000
vt 0.849948 -0.314300 0.000000
vt 0.950050 -0.314028 0.000000
vt 0.864246 -0.269299 0.000000
vt 0.964371 -0.269135 0.000000
vt 0.878505 -0.224462 0.000000
vt 0.978675 -0.224338 0.000000
vt 0.892780 -0.179638 0.000000
vt 0.992931 -0.179510 0.000000
vt 0.907111 -0.134703 0.000000
vt 1.007878 -0.132369 0.000000
vt 0.921404 -0.089784 0.000000
vt 1.022486 -0.086769 0.000000
vt 0.935636 -0.044946 0.000000
vt 1.036606 -0.042665 0.000000
vt 0.949903 -0.000087 0.000000
vt 1.050102 0.000000 0.000000
vt 0.964273 0.044885 0.000000
vt 1.064315 0.044933 0.000000
vt 0.978525 0.089742 0.000000
vt 1.078668 0.089741 0.000000
vt 1.093025 0.134561 0.000000
vt 1.107268 0.179512 0.000000
vt 1.007033 0.179480 0.000000
vt 0.992733 0.134575 0.000000
vt 1.121519 0.224338 0.000000
vt 1.021403 0.224447 0.000000
vt 1.135829 0.269130 0.000000
vt 1.035618 0.269277 0.000000
vt 1.150153 0.314016 0.000000
vt 1.049828 0.314106 0.000000
vt 1.164450 0.359020 0.000000
vt 1.064189 0.359064 0.000000
vt 1.178710 0.403857 0.000000
vt 1.078502 0.403982 0.000000
vt 1.192985 0.448679 0.000000
vt 1.092709 0.448814 0.000000
vt 1.207315 0.493613 0.000000
vt 1.106950 0.493662 0.000000
vt 1.221609 0.538534 0.000000
vt 1.121325 0.538636 0.000000
vt 1.235842 0.583373 0.000000
vt 1.135596 0.583505 0.000000
vt 1.250109 0.628230 0.000000
vt 1.149822 0.628343 0.000000
vt 1.264477 0.673201 0.000000
vt 1.164107 0.673244 0.000000
vt 1.278731 0.718060 0.000000
vt 1.178447 0.718191 0.000000
vt 1.292940 0.762894 0.000000
vt 1.192717 0.763021 0.000000
vt 1.307238 0.807797 0.000000
vt 1.206972 0.807860 0.000000
vt 1.321610 0.852764 0.000000
vt 1.221272 0.852845 0.000000
vt 1.335825 0.897595 0.000000
vt 1.235593 0.897740 0.000000
vt 1.350034 0.942424 0.000000
vt 1.249894 0.942539 0.000000
vt 1.264152 0.987368 0.000000
vt 1.364394 0.987381 0.000000
vt 1.378709 1.032300 0.000000
vt 1.279066 1.034401 0.000000
vt 1.392915 1.077132 0.000000
vt 1.293659 1.079970 0.000000
vt 1.407149 1.121957 0.000000
vt 1.307789 1.124109 0.000000
vt 1.421524 1.166913 0.000000
vt 1.321325 1.166877 0.000000
vt 1.335540 1.211814 0.000000
vt 1.435827 1.211785 0.000000
vt 1.349892 1.256622 0.000000
vt 1.450066 1.256649 0.000000
vt 1.462483 1.295823 0.000000
vt 1.364249 1.301440 0.000000
vt 1.364249 -1.211834 0.000000
vt 1.462483 -1.217451 0.000000
vt 1.474992 -1.178349 0.000000
vt 1.378489 -1.166884 0.000000
vt 1.487528 -1.139273 0.000000
vt 1.392737 -1.122060 0.000000
vt 1.500000 -1.100131 0.000000
vt 1.407049 -1.077271 0.000000
vt 1.500000 -1.037070 0.000000
vt 1.421375 -1.032387 0.000000
vt 1.435650 -0.987370 0.000000
vt 1.500000 -0.974008 0.000000
vt 1.449855 -0.942503 0.000000
vt 1.500000 -0.910947 0.000000
vt 1.464186 -0.897588 0.000000
vt 1.500000 -0.847886 0.000000
vt 1.478508 -0.852689 0.000000
vt 1.492721 -0.807828 0.000000
vt 1.500000 -0.784824 0.000000
vt -0.051764 1.075383 0.000000
vt -0.051764 1.038416 0.000000
vt -0.025901 1.040390 0.000000
vt -0.025491 1.014832 0.000000
vt -0.000000 1.040390 0.000000
vt -0.000000 0.991646 0.000000
vt -0.025901 1.089135 0.000000
vt -0.000000 1.089135 0.000000
vt -0.025901 1.137880 0.000000
vt -0.000000 1.137880 0.000000
vt -0.000000 1.186625 0.000000
vt -0.025901 1.186625 0.000000
vt -0.000000 1.236067 0.000000
vt -0.025901 1.236123 0.000000
vt -0.000000 1.285510 0.000000
vt -0.025901 1.285529 0.000000
vt -0.025901 1.334897 0.000000
vt -0.051765 1.285549 0.000000
vt -0.051785 1.334841 0.000000
vt -0.025901 1.384396 0.000000
vt -0.051779 1.384397 0.000000
vt -0.025901 1.433913 0.000000
vt -0.051763 1.433987 0.000000
vt -0.025901 1.483323 0.000000
vt -0.051772 1.483365 0.000000
vt -0.025901 1.532662 0.000000
vt -0.051797 1.532600 0.000000
vt -0.025901 1.582167 0.000000
vt -0.051785 1.582168 0.000000
vt -0.025901 1.631720 0.000000
vt -0.051764 1.631830 0.000000
vt -0.025901 1.681107 0.000000
vt -0.051780 1.681162 0.000000
vt -0.025901 1.730429 0.000000
vt -0.051801 1.730363 0.000000
vt -0.025901 1.779938 0.000000
vt -0.051782 1.779939 0.000000
vt -0.025901 1.829532 0.000000
vt -0.051765 1.829685 0.000000
vt -0.025901 1.878894 0.000000
vt -0.051781 1.878965 0.000000
vt -0.025901 1.928206 0.000000
vt -0.051791 1.928146 0.000000
vt -0.025901 1.977708 0.000000
vt -0.051771 1.977709 0.000000
vt -0.025901 2.027151 0.000000
vt -0.051763 2.029847 0.000000
vt -0.025901 2.076593 0.000000
vt -0.051765 2.079924 0.000000
vt -0.025901 2.126036 0.000000
vt -0.051768 2.128356 0.000000
vt -0.025901 2.175479 0.000000
vt -0.051764 2.175479 0.000000
vt -0.025901 2.225028 0.000000
vt -0.051764 2.225134 0.000000
vt -0.025901 2.274352 0.000000
vt -0.051764 2.274341 0.000000
vt -0.051764 2.323564 0.000000
vt -0.025901 2.323685 0.000000
vt -0.051758 2.373249 0.000000
vt -0.025901 2.373249 0.000000
vt -0.025901 2.422752 0.000000
vt -0.000000 2.422692 0.000000
vt -0.025901 2.472063 0.000000
vt -0.000000 2.472135 0.000000
vt -0.025901 2.521424 0.000000
vt -0.000000 2.521577 0.000000
vt -0.025901 2.571019 0.000000
vt -0.000000 2.571020 0.000000
vt -0.000000 2.620463 0.000000
vt -0.000000 1.334953 0.000000
vt -0.000000 1.384395 0.000000
vt -0.000000 1.433838 0.000000
vt -0.000000 1.483281 0.000000
vt -0.000000 1.532724 0.000000
vt -0.000000 1.582166 0.000000
vt -0.000000 1.631609 0.000000
vt -0.000000 1.681052 0.000000
vt -0.000000 1.730494 0.000000
vt -0.000000 1.779937 0.000000
vt -0.000000 1.829380 0.000000
vt -0.000000 1.878822 0.000000
vt -0.000000 1.928265 0.000000
vt -0.000000 1.977708 0.000000
vt -0.000000 2.027151 0.000000
vt -0.000000 2.076593 0.000000
vt -0.000000 2.126036 0.000000
vt -0.000000 2.175479 0.000000
vt -0.000000 2.224921 0.000000
vt -0.000000 2.274364 0.000000
vt -0.000000 2.323807 0.000000
vt -0.000000 2.373249 0.000000
vt -0.025901 2.620529 0.000000
vt -0.000000 2.669906 0.000000
vt -0.025901 2.669851 0.000000
vt -0.025901 2.719238 0.000000
vt -0.051764 2.719128 0.000000
vt -0.051745 2.768789 0.000000
vt -0.025901 2.768790 0.000000
vt -0.025901 2.818295 0.000000
vt -0.000000 2.818234 0.000000
vt -0.000000 2.867676 0.000000
vt -0.000000 2.719348 0.000000
vt -0.000000 2.768791 0.000000
vt -0.000000 2.917119 0.000000
vt -0.025901 2.917045 0.000000
vt -0.025901 2.867635 0.000000
vt -0.051734 2.818357 0.000000
vt -0.025901 2.966561 0.000000
vt -0.000000 2.966562 0.000000
vt -0.000000 3.016004 0.000000
vt -0.025901 3.016060 0.000000
vt -0.000000 3.065447 0.000000
vt -0.025901 3.065429 0.000000
vt -0.025901 3.114834 0.000000
vt -0.051771 3.114779 0.000000
vt -0.051763 3.164332 0.000000
vt -0.025901 3.164333 0.000000
vt -0.025901 3.213830 0.000000
vt -0.000000 3.213775 0.000000
vt -0.000000 3.263218 0.000000
vt -0.000000 3.114890 0.000000
vt -0.000000 3.164333 0.000000
vt -0.000000 3.312661 0.000000
vt -0.025901 3.312605 0.000000
vt -0.025901 3.263234 0.000000
vt -0.051756 3.213885 0.000000
vt -0.000000 3.362103 0.000000
vt -0.025901 3.362104 0.000000
vt -0.051784 3.312550 0.000000
vt -0.051777 3.362105 0.000000
vt -0.025901 3.411618 0.000000
vt -0.051763 3.411689 0.000000
vt -0.025901 3.461029 0.000000
vt -0.051771 3.461069 0.000000
vt -0.025901 3.510370 0.000000
vt -0.051796 3.510309 0.000000
vt -0.025901 3.559875 0.000000
vt -0.051785 3.559876 0.000000
vt -0.025901 3.609423 0.000000
vt -0.051764 3.609529 0.000000
vt -0.025901 3.658813 0.000000
vt -0.051779 3.658867 0.000000
vt -0.025901 3.708137 0.000000
vt -0.051801 3.708071 0.000000
vt -0.025901 3.757646 0.000000
vt -0.051782 3.757647 0.000000
vt -0.025901 3.807238 0.000000
vt -0.051765 3.807387 0.000000
vt -0.025901 3.856600 0.000000
vt -0.051781 3.856670 0.000000
vt -0.025901 3.905913 0.000000
vt -0.051792 3.905852 0.000000
vt -0.025901 3.955416 0.000000
vt -0.051772 3.955416 0.000000
vt -0.025901 4.004858 0.000000
vt -0.051763 4.007512 0.000000
vt -0.025901 4.054301 0.000000
vt -0.051766 4.057580 0.000000
vt -0.025901 4.103744 0.000000
vt -0.051769 4.106024 0.000000
vt -0.025901 4.153186 0.000000
vt -0.051764 4.153186 0.000000
vt -0.025901 4.202737 0.000000
vt -0.051764 4.202844 0.000000
vt -0.025901 4.252061 0.000000
vt -0.051764 4.252051 0.000000
vt -0.051764 4.301272 0.000000
vt -0.025901 4.301393 0.000000
vt -0.051758 4.350957 0.000000
vt -0.025901 4.350957 0.000000
vt -0.025901 4.400459 0.000000
vt -0.000000 4.400400 0.000000
vt -0.025901 4.449770 0.000000
vt -0.000000 4.449843 0.000000
vt -0.025901 4.499130 0.000000
vt -0.000000 4.499285 0.000000
vt -0.025901 4.548727 0.000000
vt -0.000000 4.548728 0.000000
vt -0.000000 4.598171 0.000000
vt -0.000000 3.411546 0.000000
vt -0.000000 3.460989 0.000000
vt -0.000000 3.510431 0.000000
vt -0.000000 3.559874 0.000000
vt -0.000000 3.609317 0.000000
vt -0.000000 3.658760 0.000000
vt -0.000000 3.708202 0.000000
vt -0.000000 3.757645 0.000000
vt -0.000000 3.807088 0.000000
vt -0.000000 3.856530 0.000000
vt -0.000000 3.905973 0.000000
vt -0.000000 3.955416 0.000000
vt -0.000000 4.004858 0.000000
vt -0.000000 4.054301 0.000000
vt -0.000000 4.103744 0.000000
vt -0.000000 4.153186 0.000000
vt -0.000000 4.202629 0.000000
vt -0.000000 4.252072 0.000000
vt -0.000000 4.301515 0.000000
vt -0.000000 4.350957 0.000000
vt -0.025901 4.598236 0.000000
vt -0.000000 4.647613 0.000000
vt -0.025901 4.647557 0.000000
vt -0.025901 4.696942 0.000000
vt -0.051764 4.696827 0.000000
vt -0.051745 4.746497 0.000000
vt -0.025901 4.746498 0.000000
vt -0.025901 4.796004 0.000000
vt -0.000000 4.795942 0.000000
vt -0.000000 4.845384 0.000000
vt -0.000000 4.697056 0.000000
vt -0.000000 4.746499 0.000000
vt -0.000000 4.894827 0.000000
vt -0.025901 4.894750 0.000000
vt -0.025901 4.845341 0.000000
vt -0.051733 4.796066 0.000000
vt -0.025901 4.944269 0.000000
vt -0.000000 4.944270 0.000000
vt -0.000000 4.993712 0.000000
vt -0.025901 4.993769 0.000000
vt -0.000000 5.043155 0.000000
vt -0.025901 5.043133 0.000000
vt -0.025901 5.092541 0.000000
vt -0.051770 5.092484 0.000000
vt -0.051761 5.142040 0.000000
vt -0.025901 5.142040 0.000000
vt -0.025901 5.191537 0.000000
vt -0.000000 5.191483 0.000000
vt -0.000000 5.240926 0.000000
vt -0.000000 5.092598 0.000000
vt -0.000000 5.142040 0.000000
vt -0.000000 5.290368 0.000000
vt -0.025901 5.290314 0.000000
vt -0.025901 5.240938 0.000000
vt -0.051754 5.191592 0.000000
vt -0.000000 5.339811 0.000000
vt -0.025901 5.339812 0.000000
vt -0.051782 5.290259 0.000000
vt -0.051776 5.339812 0.000000
vt -0.025901 5.389311 0.000000
vt -0.051762 5.389367 0.000000
vt -0.025901 5.438713 0.000000
vt -0.051768 5.438730 0.000000
vt -0.025901 5.488063 0.000000
vt -0.051786 5.487988 0.000000
vt -0.025901 5.537582 0.000000
vt -0.051774 5.537583 0.000000
vt -0.025901 5.580782 0.000000
vt -0.051764 5.580912 0.000000
vt -0.025901 5.623801 0.000000
vt -0.051764 5.623881 0.000000
vt -0.025901 5.666778 0.000000
vt -0.051764 5.666762 0.000000
vt -0.051764 5.709861 0.000000
vt -0.000000 5.663590 0.000000
vt -0.000000 5.600586 0.000000
vt -0.000000 5.389254 0.000000
vt -0.000000 5.438697 0.000000
vt -0.000000 5.488139 0.000000
vt -0.000000 5.537582 0.000000
vt -0.051764 5.240950 0.000000
vt -0.051762 5.043111 0.000000
vt -0.051743 4.993825 0.000000
vt -0.051750 4.944268 0.000000
vt -0.051764 4.894673 0.000000
vt -0.051756 4.845298 0.000000
vt -0.051750 4.647501 0.000000
vt -0.051732 4.598302 0.000000
vt -0.051749 4.548726 0.000000
vt -0.051763 4.498974 0.000000
vt -0.051752 4.449697 0.000000
vt -0.051743 4.400517 0.000000
vt -0.051765 3.263250 0.000000
vt -0.051763 3.065411 0.000000
vt -0.051744 3.016116 0.000000
vt -0.051751 2.966560 0.000000
vt -0.051765 2.916972 0.000000
vt -0.051757 2.867594 0.000000
vt -0.051751 2.669796 0.000000
vt -0.051732 2.620594 0.000000
vt -0.051748 2.571019 0.000000
vt -0.051763 2.521271 0.000000
vt -0.051751 2.471992 0.000000
vt -0.051742 2.422811 0.000000
vt -0.051757 1.236179 0.000000
vt -0.051765 1.186625 0.000000
vt -0.051774 1.149424 0.000000
vt -0.051766 1.112403 0.000000
vt -0.250002 -0.948035 0.000000
vt -0.308064 -0.959467 0.000000
vt -0.250002 -1.012626 0.000000
vt -0.322214 -1.009798 0.000000
vt -0.336364 -1.060128 0.000000
vt -0.293643 -0.908818 0.000000
vt -0.250002 -0.883445 0.000000
vt -0.279222 -0.858169 0.000000
vt -0.250002 -0.818855 0.000000
vt -0.265071 -0.807838 0.000000
vt -0.250002 -0.754265 0.000000
vt -0.263972 -1.062269 0.000000
vt -0.350786 -1.110777 0.000000
vt -0.278194 -1.112209 0.000000
vt -0.365207 -1.161427 0.000000
vt -0.292409 -1.162140 0.000000
vt -0.379357 -1.211757 0.000000
vt -0.306357 -1.211757 0.000000
vt -0.320507 -1.262088 0.000000
vt -0.393507 -1.262088 0.000000
vt -0.334929 -1.312737 0.000000
vt -0.407929 -1.312737 0.000000
vt -0.349350 -1.363386 0.000000
vt -0.422350 -1.363386 0.000000
vt -0.363500 -1.413717 0.000000
vt -0.436500 -1.413717 0.000000
vt -0.363500 1.413717 0.000000
vt -0.436500 1.413717 0.000000
vt -0.377650 1.363386 0.000000
vt -0.450650 1.363386 0.000000
vt -0.392071 1.312737 0.000000
vt -0.465071 1.312737 0.000000
vt -0.406493 1.262088 0.000000
vt -0.479493 1.262088 0.000000
vt -0.420643 1.211757 0.000000
vt -0.493643 1.211757 0.000000
vt -0.434793 1.161427 0.000000
vt -0.507793 1.161427 0.000000
vt -0.449214 1.110777 0.000000
vt -0.522214 1.110777 0.000000
vt -0.463636 1.060128 0.000000
vt -0.536636 1.060128 0.000000
vt -0.477786 1.009798 0.000000
vt -0.550786 1.009798 0.000000
vt -0.491936 0.959467 0.000000
vt -0.564936 0.959467 0.000000
vt -0.506357 0.908818 0.000000
vt -0.579357 0.908818 0.000000
vt -0.520778 0.858169 0.000000
vt -0.593778 0.858169 0.000000
vt -0.534929 0.807838 0.000000
vt -0.607929 0.807838 0.000000
vt -0.549079 0.757508 0.000000
vt -0.622079 0.757508 0.000000
vt -0.563500 0.706858 0.000000
vt -0.636500 0.706858 0.000000
vt -0.577921 0.656209 0.000000
vt -0.650921 0.656209 0.000000
vt -0.592071 0.605879 0.000000
vt -0.665071 0.605879 0.000000
vt -0.606222 0.555548 0.000000
vt -0.679222 0.555548 0.000000
vt -0.620643 0.504899 0.000000
vt -0.693643 0.504899 0.000000
vt -0.635064 0.454250 0.000000
vt -0.708064 0.454250 0.000000
vt -0.649214 0.403919 0.000000
vt -0.722214 0.403919 0.000000
vt -0.663364 0.353589 0.000000
vt -0.736364 0.353589 0.000000
vt -0.677786 0.302939 0.000000
vt -0.750786 0.302939 0.000000
vt -0.692207 0.252290 0.000000
vt -0.765207 0.252290 0.000000
vt -0.706357 0.201960 0.000000
vt -0.779357 0.201960 0.000000
vt -0.720507 0.151629 0.000000
vt -0.793507 0.151629 0.000000
vt -0.734929 0.100980 0.000000
vt -0.807929 0.100980 0.000000
vt -0.749350 0.050330 0.000000
vt -0.822350 0.050330 0.000000
vt -0.763500 -0.000000 0.000000
vt -0.836500 0.000000 0.000000
vt -0.777650 -0.050330 0.000000
vt -0.850650 -0.050330 0.000000
vt -0.792071 -0.100980 0.000000
vt -0.865071 -0.100980 0.000000
vt -0.806493 -0.151629 0.000000
vt -0.879493 -0.151629 0.000000
vt -0.820643 -0.201960 0.000000
vt -0.893643 -0.201960 0.000000
vt -0.834793 -0.252290 0.000000
vt -0.907793 -0.252290 0.000000
vt -0.849214 -0.302939 0.000000
vt -0.922214 -0.302939 0.000000
vt -0.863636 -0.353589 0.000000
vt -0.936636 -0.353589 0.000000
vt -0.877786 -0.403919 0.000000
vt -0.950786 -0.403919 0.000000
vt -0.891936 -0.454250 0.000000
vt -0.964936 -0.454250 0.000000
vt -0.906357 -0.504899 0.000000
vt -0.979357 -0.504899 0.000000
vt -0.920778 -0.555548 0.000000
vt -0.993778 -0.555548 0.000000
vt -0.934929 -0.605879 0.000000
vt -1.007929 -0.605879 0.000000
vt -0.949079 -0.656209 0.000000
vt -1.022079 -0.656209 0.000000
vt -0.963500 -0.706858 0.000000
vt -1.036500 -0.706858 0.000000
vt -0.977921 -0.757508 0.000000
vt -1.050921 -0.757508 0.000000
vt -0.992071 -0.807838 0.000000
vt -1.065071 -0.807838 0.000000
vt -1.006222 -0.858169 0.000000
vt -1.079222 -0.858169 0.000000
vt -1.020643 -0.908818 0.000000
vt -1.093643 -0.908818 0.000000
vt -1.035064 -0.959467 0.000000
vt -1.108064 -0.959467 0.000000
vt -1.049214 -1.009798 0.000000
vt -1.122214 -1.009798 0.000000
vt -1.063364 -1.060128 0.000000
vt -1.136364 -1.060128 0.000000
vt -1.077786 -1.110777 0.000000
vt -1.150786 -1.110777 0.000000
vt -1.092207 -1.161427 0.000000
vt -1.165207 -1.161427 0.000000
vt -1.106357 -1.211757 0.000000
vt -1.179357 -1.211757 0.000000
vt -1.120507 -1.262088 0.000000
vt -1.193507 -1.262088 0.000000
vt -1.134929 -1.312737 0.000000
vt -1.207929 -1.312737 0.000000
vt -1.149350 -1.363386 0.000000
vt -1.222350 -1.363386 0.000000
vt -1.163500 -1.413717 0.000000
vt -1.236500 -1.413717 0.000000
vt -1.163500 1.413717 0.000000
vt -1.236500 1.413717 0.000000
vt -1.177650 1.363386 0.000000
vt -1.250650 1.363386 0.000000
vt -1.192071 1.312737 0.000000
vt -1.265071 1.312737 0.000000
vt -1.206493 1.262088 0.000000
vt -1.279493 1.262088 0.000000
vt -1.220643 1.211757 0.000000
vt -1.293643 1.211757 0.000000
vt -1.234793 1.161427 0.000000
vt -1.307793 1.161427 0.000000
vt -1.249214 1.110777 0.000000
vt -1.322214 1.110777 0.000000
vt -1.263636 1.060128 0.000000
vt -1.336636 1.060128 0.000000
vt -1.277786 1.009798 0.000000
vt -1.350786 1.009798 0.000000
vt -1.291936 0.959467 0.000000
vt -1.364936 0.959467 0.000000
vt -1.306357 0.908818 0.000000
vt -1.379357 0.908818 0.000000
vt -1.320778 0.858169 0.000000
vt -1.393778 0.858169 0.000000
vt -1.334929 0.807838 0.000000
vt -1.407929 0.807838 0.000000
vt -1.349079 0.757508 0.000000
vt -1.422079 0.757508 0.000000
vt -1.363500 0.706858 0.000000
vt -1.436500 0.706858 0.000000
vt -1.377921 0.656209 0.000000
vt -1.450921 0.656209 0.000000
vt -1.392071 0.605879 0.000000
vt -1.465071 0.605879 0.000000
vt -1.406222 0.555548 0.000000
vt -1.479222 0.555548 0.000000
vt -1.420643 0.504899 0.000000
vt -1.493643 0.504899 0.000000
vt -1.435064 0.454250 0.000000
vt -1.508064 0.454250 0.000000
vt -1.449214 0.403919 0.000000
vt -1.522214 0.403919 0.000000
vt -1.463364 0.353589 0.000000
vt -1.536364 0.353589 0.000000
vt -1.477786 0.302939 0.000000
vt -1.550786 0.302939 0.000000
vt -1.492207 0.252290 0.000000
vt -1.565207 0.252290 0.000000
vt -1.506357 0.201960 0.000000
vt -1.579357 0.201960 0.000000
vt -1.589588 0.165479 0.000000
vt -1.520507 0.151629 0.000000
vt -1.600000 0.128785 0.000000
vt -1.534929 0.100980 0.000000
vt -1.600000 0.064392 0.000000
vt -1.549350 0.050330 0.000000
vt -1.600000 -0.000000 0.000000
vt -1.563500 -0.000000 0.000000
vt -1.581590 -0.064204 0.000000
vt -1.600000 -0.064392 0.000000
vt -1.600000 -0.128785 0.000000
vt -0.103528 0.800144 0.000000
vt -0.103528 0.746927 0.000000
vt -0.077627 0.750221 0.000000
vt -0.077997 0.723973 0.000000
vt -0.051776 0.750128 0.000000
vt -0.051764 0.700486 0.000000
vt -0.051774 0.800145 0.000000
vt -0.077627 0.800144 0.000000
vt -0.103528 0.850153 0.000000
vt -0.077627 0.850301 0.000000
vt -0.103528 0.900162 0.000000
vt -0.077627 0.900230 0.000000
vt -0.077627 0.950108 0.000000
vt -0.051789 0.950046 0.000000
vt -0.051772 1.000181 0.000000
vt -0.051765 0.850449 0.000000
vt -0.051777 0.900299 0.000000
vt -0.051766 1.052636 0.000000
vt -0.077627 1.050189 0.000000
vt -0.077627 1.000180 0.000000
vt -0.103528 0.950171 0.000000
vt -0.077627 1.100198 0.000000
vt -0.051767 1.103204 0.000000
vt -0.077627 1.150207 0.000000
vt -0.051766 1.152276 0.000000
vt -0.077627 1.200216 0.000000
vt -0.051764 1.200216 0.000000
vt -0.077627 1.250337 0.000000
vt -0.051764 1.250450 0.000000
vt -0.051764 1.300220 0.000000
vt -0.077627 1.300227 0.000000
vt -0.051764 1.350001 0.000000
vt -0.077627 1.350122 0.000000
vt -0.051759 1.400251 0.000000
vt -0.077627 1.400251 0.000000
vt -0.077627 1.450318 0.000000
vt -0.103528 1.450261 0.000000
vt -0.077627 1.500193 0.000000
vt -0.103528 1.500270 0.000000
vt -0.077627 1.550117 0.000000
vt -0.103528 1.550279 0.000000
vt -0.077627 1.600287 0.000000
vt -0.103528 1.600287 0.000000
vt -0.103528 1.650296 0.000000
vt -0.077627 1.650363 0.000000
vt -0.077627 1.700248 0.000000
vt -0.051747 1.700190 0.000000
vt -0.051764 1.750076 0.000000
vt -0.051741 1.450375 0.000000
vt -0.051749 1.500116 0.000000
vt -0.051762 1.549956 0.000000
vt -0.051748 1.600286 0.000000
vt -0.051727 1.650429 0.000000
vt -0.077627 1.750195 0.000000
vt -0.051742 1.800321 0.000000
vt -0.077627 1.800322 0.000000
vt -0.077627 1.850396 0.000000
vt -0.103528 1.850332 0.000000
vt -0.077627 1.900297 0.000000
vt -0.103528 1.900341 0.000000
vt -0.077627 1.950271 0.000000
vt -0.103528 1.950350 0.000000
vt -0.077627 2.000359 0.000000
vt -0.103528 2.000359 0.000000
vt -0.103528 2.050368 0.000000
vt -0.077627 2.050425 0.000000
vt -0.077627 2.100354 0.000000
vt -0.051762 2.100330 0.000000
vt -0.051770 2.150271 0.000000
vt -0.051729 1.850459 0.000000
vt -0.051754 1.900253 0.000000
vt -0.051764 1.950192 0.000000
vt -0.051748 2.000358 0.000000
vt -0.051741 2.050483 0.000000
vt -0.077627 2.150328 0.000000
vt -0.051761 2.200395 0.000000
vt -0.077627 2.200395 0.000000
vt -0.077627 2.250459 0.000000
vt -0.103528 2.250404 0.000000
vt -0.103528 2.300413 0.000000
vt -0.077627 2.300424 0.000000
vt -0.077627 2.350367 0.000000
vt -0.051781 2.350312 0.000000
vt -0.051774 2.400432 0.000000
vt -0.051754 2.250514 0.000000
vt -0.051764 2.300435 0.000000
vt -0.051762 2.450577 0.000000
vt -0.077627 2.450509 0.000000
vt -0.077627 2.400432 0.000000
vt -0.103528 2.350422 0.000000
vt -0.077627 2.500487 0.000000
vt -0.051769 2.500524 0.000000
vt -0.051791 2.550337 0.000000
vt -0.077627 2.550398 0.000000
vt -0.051782 2.600469 0.000000
vt -0.077627 2.600468 0.000000
vt -0.077627 2.650576 0.000000
vt -0.103528 2.650476 0.000000
vt -0.103528 2.700485 0.000000
vt -0.077627 2.700537 0.000000
vt -0.077627 2.750428 0.000000
vt -0.051796 2.750362 0.000000
vt -0.051781 2.800505 0.000000
vt -0.051764 2.650676 0.000000
vt -0.051776 2.700590 0.000000
vt -0.051764 2.850800 0.000000
vt -0.077627 2.850656 0.000000
vt -0.077627 2.800504 0.000000
vt -0.103528 2.750494 0.000000
vt -0.077627 2.900588 0.000000
vt -0.051778 2.900654 0.000000
vt -0.051790 2.950403 0.000000
vt -0.077627 2.950467 0.000000
vt -0.051773 3.000540 0.000000
vt -0.077627 3.000540 0.000000
vt -0.077627 3.050548 0.000000
vt -0.103528 3.050548 0.000000
vt -0.103528 3.100557 0.000000
vt -0.077627 3.100557 0.000000
vt -0.103528 3.150566 0.000000
vt -0.077627 3.150566 0.000000
vt -0.103528 3.200575 0.000000
vt -0.077627 3.200575 0.000000
vt -0.103528 3.250584 0.000000
vt -0.077627 3.250700 0.000000
vt -0.077627 3.300590 0.000000
vt -0.051764 3.300587 0.000000
vt -0.051764 3.350365 0.000000
vt -0.051766 3.052832 0.000000
vt -0.051768 3.103353 0.000000
vt -0.051768 3.152475 0.000000
vt -0.051764 3.200575 0.000000
vt -0.051764 3.250817 0.000000
vt -0.077627 3.350483 0.000000
vt -0.051760 3.400611 0.000000
vt -0.077627 3.400611 0.000000
vt -0.077627 3.450675 0.000000
vt -0.103528 3.450620 0.000000
vt -0.077627 3.500549 0.000000
vt -0.103528 3.500629 0.000000
vt -0.077627 3.550472 0.000000
vt -0.103528 3.550638 0.000000
vt -0.077627 3.600646 0.000000
vt -0.103528 3.600647 0.000000
vt -0.103528 3.650656 0.000000
vt -0.077627 3.650722 0.000000
vt -0.077627 3.700605 0.000000
vt -0.051746 3.700545 0.000000
vt -0.051764 3.750421 0.000000
vt -0.051744 3.450731 0.000000
vt -0.051750 3.500470 0.000000
vt -0.051762 3.550307 0.000000
vt -0.051749 3.600645 0.000000
vt -0.051728 3.650787 0.000000
vt -0.077627 3.750547 0.000000
vt -0.051742 3.800681 0.000000
vt -0.077627 3.800682 0.000000
vt -0.077627 3.850756 0.000000
vt -0.103528 3.850692 0.000000
vt -0.077627 3.900654 0.000000
vt -0.103528 3.900701 0.000000
vt -0.077627 3.950625 0.000000
vt -0.103528 3.950710 0.000000
vt -0.077627 4.000718 0.000000
vt -0.103528 4.000719 0.000000
vt -0.103528 4.050728 0.000000
vt -0.077627 4.050786 0.000000
vt -0.077627 4.100708 0.000000
vt -0.051761 4.100680 0.000000
vt -0.051768 4.150625 0.000000
vt -0.051728 3.850820 0.000000
vt -0.051753 3.900607 0.000000
vt -0.051764 3.950540 0.000000
vt -0.051746 4.000717 0.000000
vt -0.051738 4.050844 0.000000
vt -0.077627 4.150685 0.000000
vt -0.051758 4.200754 0.000000
vt -0.077627 4.200754 0.000000
vt -0.077627 4.250818 0.000000
vt -0.103528 4.250764 0.000000
vt -0.103528 4.300773 0.000000
vt -0.077627 4.300777 0.000000
vt -0.077627 4.350727 0.000000
vt -0.051778 4.350672 0.000000
vt -0.051772 4.400791 0.000000
vt -0.051752 4.250873 0.000000
vt -0.051764 4.300782 0.000000
vt -0.051761 4.450929 0.000000
vt -0.077627 4.450864 0.000000
vt -0.077627 4.400791 0.000000
vt -0.103528 4.350782 0.000000
vt -0.077627 4.500842 0.000000
vt -0.051768 4.500876 0.000000
vt -0.051790 4.550698 0.000000
vt -0.077627 4.550758 0.000000
vt -0.051781 4.600828 0.000000
vt -0.077627 4.600827 0.000000
vt -0.077627 4.650929 0.000000
vt -0.103528 4.650836 0.000000
vt -0.103528 4.700845 0.000000
vt -0.077627 4.700895 0.000000
vt -0.077627 4.750788 0.000000
vt -0.051796 4.750722 0.000000
vt -0.051782 4.800864 0.000000
vt -0.051764 4.651023 0.000000
vt -0.051775 4.700945 0.000000
vt -0.051764 4.851147 0.000000
vt -0.077627 4.851010 0.000000
vt -0.077627 4.800863 0.000000
vt -0.103528 4.750854 0.000000
vt -0.077627 4.900945 0.000000
vt -0.051778 4.901009 0.000000
vt -0.051792 4.950760 0.000000
vt -0.077627 4.950825 0.000000
vt -0.051774 5.000900 0.000000
vt -0.077627 5.000899 0.000000
vt -0.077627 5.050907 0.000000
vt -0.103528 5.050907 0.000000
vt -0.103528 5.100916 0.000000
vt -0.077627 5.100916 0.000000
vt -0.103528 5.150925 0.000000
vt -0.077627 5.150925 0.000000
vt -0.103528 5.200934 0.000000
vt -0.077627 5.200934 0.000000
vt -0.103528 5.250943 0.000000
vt -0.077627 5.251065 0.000000
vt -0.103528 5.300952 0.000000
vt -0.077627 5.300991 0.000000
vt -0.077627 5.350915 0.000000
vt -0.051772 5.350868 0.000000
vt -0.051771 5.400971 0.000000
vt -0.051766 5.053038 0.000000
vt -0.051769 5.103520 0.000000
vt -0.051771 5.152689 0.000000
vt -0.051765 5.200934 0.000000
vt -0.051764 5.251186 0.000000
vt -0.051764 5.301029 0.000000
vt -0.077627 5.400971 0.000000
vt -0.051764 5.426754 0.000000
vt -0.077627 5.437263 0.000000
vt -0.103528 5.473555 0.000000
vt -0.103528 5.437263 0.000000
vt -0.103528 5.400970 0.000000
vt -0.103528 5.350961 0.000000
vt -0.103528 5.000898 0.000000
vt -0.103528 4.950889 0.000000
vt -0.103528 4.900880 0.000000
vt -0.103528 4.850871 0.000000
vt -0.103528 4.800862 0.000000
vt -0.103528 4.600827 0.000000
vt -0.103528 4.550818 0.000000
vt -0.103528 4.500809 0.000000
vt -0.103528 4.450800 0.000000
vt -0.103528 4.400791 0.000000
vt -0.103528 4.200755 0.000000
vt -0.103528 4.150746 0.000000
vt -0.103528 4.100737 0.000000
vt -0.103528 3.800683 0.000000
vt -0.103528 3.750674 0.000000
vt -0.103528 3.700665 0.000000
vt -0.103528 3.400611 0.000000
vt -0.103528 3.350602 0.000000
vt -0.103528 3.300593 0.000000
vt -0.103528 3.000539 0.000000
vt -0.103528 2.950530 0.000000
vt -0.103528 2.900521 0.000000
vt -0.103528 2.850512 0.000000
vt -0.103528 2.800503 0.000000
vt -0.103528 2.600467 0.000000
vt -0.103528 2.550458 0.000000
vt -0.103528 2.500449 0.000000
vt -0.103528 2.450440 0.000000
vt -0.103528 2.400431 0.000000
vt -0.103528 2.200395 0.000000
vt -0.103528 2.150386 0.000000
vt -0.103528 2.100377 0.000000
vt -0.103528 1.800323 0.000000
vt -0.103528 1.750314 0.000000
vt -0.103528 1.700305 0.000000
vt -0.103528 1.400252 0.000000
vt -0.103528 1.350243 0.000000
vt -0.103528 1.300234 0.000000
vt -0.103528 1.250225 0.000000
vt -0.103528 1.200216 0.000000
vt -0.103528 1.150207 0.000000
vt -0.103528 1.100198 0.000000
vt -0.103528 1.050189 0.000000
vt -0.103528 1.000180 0.000000
vt 0.150002 -0.690898 0.000000
vt 0.235906 -0.673192 0.000000
vt 0.150002 -0.627994 0.000000
vt 0.250157 -0.628336 0.000000
vt 0.264365 -0.583503 0.000000
vt 0.221536 -0.718164 0.000000
vt 0.150002 -0.753801 0.000000
vt 0.207269 -0.763024 0.000000
vt 0.150002 -0.816704 0.000000
vt 0.193037 -0.807863 0.000000
vt 0.182329 -0.841536 0.000000
vt 0.150002 -0.879608 0.000000
vt 0.171551 -0.875272 0.000000
vt 0.160757 -0.908912 0.000000
vt 0.150002 -0.942511 0.000000
vt 0.164258 -0.583286 0.000000
vt 0.278667 -0.538596 0.000000
vt 0.178424 -0.538545 0.000000
vt 0.293036 -0.493631 0.000000
vt 0.192700 -0.493554 0.000000
vt 0.307250 -0.448800 0.000000
vt 0.207020 -0.448657 0.000000
vt 0.321460 -0.403971 0.000000
vt 0.221320 -0.403858 0.000000
vt 0.235578 -0.359029 0.000000
vt 0.335823 -0.359012 0.000000
vt 0.350134 -0.314096 0.000000
vt 0.250460 -0.312101 0.000000
vt 0.364341 -0.269264 0.000000
vt 0.265037 -0.266565 0.000000
vt 0.378584 -0.224414 0.000000
vt 0.279176 -0.222393 0.000000
vt 0.392958 -0.179440 0.000000
vt 0.292753 -0.179519 0.000000
vt 0.306969 -0.134579 0.000000
vt 0.407228 -0.134573 0.000000
vt 0.321322 -0.089772 0.000000
vt 0.421455 -0.089736 0.000000
vt 0.335678 -0.044955 0.000000
vt 0.435741 -0.044832 0.000000
vt 0.349916 -0.000006 0.000000
vt 0.450080 0.000113 0.000000
vt 0.364161 0.044817 0.000000
vt 0.464350 0.044943 0.000000
vt 0.378475 0.089607 0.000000
vt 0.478605 0.089782 0.000000
vt 0.392803 0.134490 0.000000
vt 0.492906 0.134766 0.000000
vt 0.407099 0.179501 0.000000
vt 0.507225 0.179662 0.000000
vt 0.421360 0.224338 0.000000
vt 0.521526 0.224461 0.000000
vt 0.435637 0.269158 0.000000
vt 0.535784 0.269290 0.000000
vt 0.449965 0.314087 0.000000
vt 0.550675 0.316248 0.000000
vt 0.464261 0.359014 0.000000
vt 0.565257 0.361793 0.000000
vt 0.478496 0.403854 0.000000
vt 0.579393 0.405955 0.000000
vt 0.492763 0.448709 0.000000
vt 0.592959 0.448799 0.000000
vt 0.507129 0.493678 0.000000
vt 0.607174 0.493738 0.000000
vt 0.521385 0.538540 0.000000
vt 0.621527 0.538545 0.000000
vt 0.535595 0.583374 0.000000
vt 0.635883 0.583363 0.000000
vt 0.549891 0.628274 0.000000
vt 0.650122 0.628312 0.000000
vt 0.664368 0.673136 0.000000
vt 0.564263 0.673243 0.000000
vt 0.678682 0.717926 0.000000
vt 0.578480 0.718075 0.000000
vt 0.693009 0.762810 0.000000
vt 0.592689 0.762904 0.000000
vt 0.707305 0.807819 0.000000
vt 0.607045 0.807858 0.000000
vt 0.721565 0.852656 0.000000
vt 0.621364 0.852780 0.000000
vt 0.735842 0.897477 0.000000
vt 0.635570 0.897611 0.000000
vt 0.750170 0.942407 0.000000
vt 0.649808 0.942457 0.000000
vt 0.764466 0.987333 0.000000
vt 0.664184 0.987432 0.000000
vt 0.778701 1.032172 0.000000
vt 0.678457 1.032304 0.000000
vt 0.792967 1.077027 0.000000
vt 0.692680 1.077141 0.000000
vt 0.807334 1.121997 0.000000
vt 0.706962 1.122035 0.000000
vt 0.821590 1.166859 0.000000
vt 0.721306 1.166987 0.000000
vt 0.835800 1.211692 0.000000
vt 0.735574 1.211821 0.000000
vt 0.850096 1.256593 0.000000
vt 0.749826 1.256660 0.000000
vt 0.864468 1.301561 0.000000
vt 0.749826 -1.256614 0.000000
vt 0.864468 -1.211713 0.000000
vt 0.764127 -1.211639 0.000000
vt 0.878685 -1.166881 0.000000
vt 0.778446 -1.166739 0.000000
vt 0.892894 -1.122052 0.000000
vt 0.792742 -1.121936 0.000000
vt 0.807003 -1.077106 0.000000
vt 0.907250 -1.077098 0.000000
vt 0.921569 -1.032176 0.000000
vt 0.821841 -1.030326 0.000000
vt 0.935775 -0.987344 0.000000
vt 0.836398 -0.984831 0.000000
vt 0.950013 -0.942499 0.000000
vt 0.850548 -0.940612 0.000000
vt 0.964389 -0.897524 0.000000
vt 0.864180 -0.897597 0.000000
vt 0.878400 -0.852651 0.000000
vt 0.978662 -0.852652 0.000000
vt 0.892753 -0.807843 0.000000
vt 0.992885 -0.807814 0.000000
vt 0.907108 -0.763030 0.000000
vt 1.007167 -0.762919 0.000000
vt 0.921340 -0.718083 0.000000
vt 1.021511 -0.717969 0.000000
vt 0.935580 -0.673262 0.000000
vt 1.035779 -0.673135 0.000000
vt 0.949898 -0.628476 0.000000
vt 1.050032 -0.628296 0.000000
vt 0.964230 -0.583596 0.000000
vt 1.064333 -0.583318 0.000000
vt 0.978523 -0.538576 0.000000
vt 1.078653 -0.538419 0.000000
vt 0.992785 -0.493740 0.000000
vt 1.092951 -0.493618 0.000000
vt 1.007067 -0.448925 0.000000
vt 1.107210 -0.448788 0.000000
vt 1.021389 -0.404005 0.000000
vt 1.122084 -0.401890 0.000000
vt 1.035689 -0.359064 0.000000
vt 1.136658 -0.356359 0.000000
vt 1.049929 -0.314225 0.000000
vt 1.150799 -0.312177 0.000000
vt 1.064195 -0.269376 0.000000
vt 1.164387 -0.269279 0.000000
vt 1.078556 -0.224410 0.000000
vt 1.178603 -0.224337 0.000000
vt 1.092820 -0.179540 0.000000
vt 1.192956 -0.179530 0.000000
vt 1.107033 -0.134705 0.000000
vt 1.207312 -0.134714 0.000000
vt 1.121320 -0.089814 0.000000
vt 1.221548 -0.089765 0.000000
vt 1.235792 -0.044943 0.000000
vt 1.135696 -0.044842 0.000000
vt 1.250107 -0.000155 0.000000
vt 1.149918 -0.000007 0.000000
vt 1.264436 0.044727 0.000000
vt 1.164125 0.044822 0.000000
vt 1.278731 0.089742 0.000000
vt 1.178471 0.089768 0.000000
vt 1.292992 0.134578 0.000000
vt 1.192802 0.134700 0.000000
vt 1.307272 0.179395 0.000000
vt 1.207007 0.179530 0.000000
vt 1.321596 0.224320 0.000000
vt 1.221238 0.224371 0.000000
vt 1.335895 0.269255 0.000000
vt 1.235615 0.269345 0.000000
vt 1.350133 0.314094 0.000000
vt 1.249893 0.314225 0.000000
vt 1.364398 0.358945 0.000000
vt 1.264112 0.359062 0.000000
vt 1.378762 0.403913 0.000000
vt 1.278386 0.403945 0.000000
vt 1.393022 0.448779 0.000000
vt 1.292738 0.448903 0.000000
vt 1.407227 0.493590 0.000000
vt 1.307004 0.493743 0.000000
vt 1.421509 0.538462 0.000000
vt 1.321252 0.538582 0.000000
vt 1.435866 0.583427 0.000000
vt 1.335554 0.583545 0.000000
vt 1.450067 0.628330 0.000000
vt 1.349873 0.628453 0.000000
vt 1.462466 0.667451 0.000000
vt 1.364164 0.673259 0.000000
vt 1.474985 0.706584 0.000000
vt 1.378426 0.718092 0.000000
vt 1.487526 0.745678 0.000000
vt 1.393225 0.764733 0.000000
vt 1.500000 0.784824 0.000000
vt 1.407764 0.810194 0.000000
vt 1.500000 0.847886 0.000000
vt 1.421925 0.854456 0.000000
vt 1.435607 0.897600 0.000000
vt 1.500000 0.910947 0.000000
vt 1.449831 0.942554 0.000000
vt 1.500000 0.974008 0.000000
vt 1.464205 0.987427 0.000000
vt 1.500000 1.037070 0.000000
vt 1.478549 1.032304 0.000000
vt 1.492728 1.077126 0.000000
vt 1.500000 1.100131 0.000000
vt -0.051763 1.075326 0.000000
vt -0.051764 1.038416 0.000000
vt -0.025901 1.040390 0.000000
vt -0.025491 1.014832 0.000000
vt -0.000000 1.040390 0.000000
vt -0.000000 0.991645 0.000000
vt -0.025901 1.089135 0.000000
vt -0.000000 1.089135 0.000000
vt -0.025901 1.137880 0.000000
vt -0.000000 1.137880 0.000000
vt -0.025901 1.186623 0.000000
vt -0.000000 1.186624 0.000000
vt -0.000000 1.236067 0.000000
vt -0.025901 1.236129 0.000000
vt -0.000000 1.285510 0.000000
vt -0.025901 1.285468 0.000000
vt -0.025901 1.334878 0.000000
vt -0.051765 1.334803 0.000000
vt -0.051750 1.384394 0.000000
vt -0.025901 1.384395 0.000000
vt -0.025901 1.433894 0.000000
vt -0.000000 1.433838 0.000000
vt -0.000000 1.483281 0.000000
vt -0.000000 1.334952 0.000000
vt -0.000000 1.384395 0.000000
vt -0.000000 1.532723 0.000000
vt -0.025901 1.532667 0.000000
vt -0.025901 1.483261 0.000000
vt -0.051744 1.433950 0.000000
vt -0.025901 1.582166 0.000000
vt -0.000000 1.582166 0.000000
vt -0.000000 1.631609 0.000000
vt -0.025901 1.631663 0.000000
vt -0.000000 1.681051 0.000000
vt -0.025901 1.681066 0.000000
vt -0.025901 1.730439 0.000000
vt -0.051764 1.681081 0.000000
vt -0.051783 1.730384 0.000000
vt -0.025901 1.779937 0.000000
vt -0.051777 1.779938 0.000000
vt -0.025901 1.829450 0.000000
vt -0.051763 1.829520 0.000000
vt -0.025901 1.878861 0.000000
vt -0.051771 1.878901 0.000000
vt -0.025901 1.928204 0.000000
vt -0.051796 1.928143 0.000000
vt -0.025901 1.977708 0.000000
vt -0.051785 1.977709 0.000000
vt -0.025901 2.027254 0.000000
vt -0.051764 2.027358 0.000000
vt -0.025901 2.076646 0.000000
vt -0.051779 2.076699 0.000000
vt -0.025901 2.125970 0.000000
vt -0.051802 2.125905 0.000000
vt -0.025901 2.175479 0.000000
vt -0.051783 2.175480 0.000000
vt -0.025901 2.225068 0.000000
vt -0.051765 2.225215 0.000000
vt -0.025901 2.274432 0.000000
vt -0.051781 2.274500 0.000000
vt -0.025901 2.323745 0.000000
vt -0.051793 2.323683 0.000000
vt -0.025901 2.373249 0.000000
vt -0.051773 2.373250 0.000000
vt -0.025901 2.422692 0.000000
vt -0.051764 2.425145 0.000000
vt -0.025901 2.472134 0.000000
vt -0.051769 2.475151 0.000000
vt -0.025901 2.521577 0.000000
vt -0.051772 2.523656 0.000000
vt -0.025901 2.571020 0.000000
vt -0.051764 2.571020 0.000000
vt -0.025901 2.620573 0.000000
vt -0.051764 2.620683 0.000000
vt -0.025901 2.669898 0.000000
vt -0.051764 2.669890 0.000000
vt -0.051764 2.719109 0.000000
vt -0.025901 2.719228 0.000000
vt -0.051759 2.768790 0.000000
vt -0.025901 2.768790 0.000000
vt -0.025901 2.818290 0.000000
vt -0.000000 2.818233 0.000000
vt -0.025901 2.867601 0.000000
vt -0.000000 2.867676 0.000000
vt -0.025901 2.916960 0.000000
vt -0.000000 2.917118 0.000000
vt -0.025901 2.966560 0.000000
vt -0.000000 2.966561 0.000000
vt -0.000000 3.016004 0.000000
vt -0.000000 1.730494 0.000000
vt -0.000000 1.779937 0.000000
vt -0.000000 1.829379 0.000000
vt -0.000000 1.878822 0.000000
vt -0.000000 1.928265 0.000000
vt -0.000000 1.977707 0.000000
vt -0.000000 2.027150 0.000000
vt -0.000000 2.076593 0.000000
vt -0.000000 2.126035 0.000000
vt -0.000000 2.175478 0.000000
vt -0.000000 2.224921 0.000000
vt -0.000000 2.274363 0.000000
vt -0.000000 2.323806 0.000000
vt -0.000000 2.373249 0.000000
vt -0.000000 2.422692 0.000000
vt -0.000000 2.472134 0.000000
vt -0.000000 2.521577 0.000000
vt -0.000000 2.571020 0.000000
vt -0.000000 2.620462 0.000000
vt -0.000000 2.669905 0.000000
vt -0.000000 2.719348 0.000000
vt -0.000000 2.768790 0.000000
vt -0.025901 3.016069 0.000000
vt -0.000000 3.065446 0.000000
vt -0.025901 3.065390 0.000000
vt -0.025901 3.114772 0.000000
vt -0.051764 3.114655 0.000000
vt -0.051745 3.164330 0.000000
vt -0.025901 3.164331 0.000000
vt -0.025901 3.213837 0.000000
vt -0.000000 3.213775 0.000000
vt -0.000000 3.263217 0.000000
vt -0.000000 3.114889 0.000000
vt -0.000000 3.164332 0.000000
vt -0.000000 3.312660 0.000000
vt -0.025901 3.312582 0.000000
vt -0.025901 3.263173 0.000000
vt -0.051733 3.213900 0.000000
vt -0.025901 3.362102 0.000000
vt -0.000000 3.362103 0.000000
vt -0.000000 3.411545 0.000000
vt -0.025901 3.411602 0.000000
vt -0.000000 3.460988 0.000000
vt -0.025901 3.460965 0.000000
vt -0.025901 3.510373 0.000000
vt -0.051770 3.510316 0.000000
vt -0.051761 3.559873 0.000000
vt -0.025901 3.559873 0.000000
vt -0.025901 3.609370 0.000000
vt -0.000000 3.609316 0.000000
vt -0.000000 3.658759 0.000000
vt -0.000000 3.510431 0.000000
vt -0.000000 3.559873 0.000000
vt -0.000000 3.708201 0.000000
vt -0.025901 3.708147 0.000000
vt -0.025901 3.658769 0.000000
vt -0.051754 3.609424 0.000000
vt -0.000000 3.757644 0.000000
vt -0.025901 3.757645 0.000000
vt -0.051781 3.708092 0.000000
vt -0.051775 3.757645 0.000000
vt -0.025901 3.807154 0.000000
vt -0.051762 3.807222 0.000000
vt -0.025901 3.856566 0.000000
vt -0.051770 3.856604 0.000000
vt -0.025901 3.905912 0.000000
vt -0.051795 3.905852 0.000000
vt -0.025901 3.955416 0.000000
vt -0.051784 3.955417 0.000000
vt -0.025901 4.004957 0.000000
vt -0.051764 4.005056 0.000000
vt -0.025901 4.054352 0.000000
vt -0.051778 4.054404 0.000000
vt -0.025901 4.103678 0.000000
vt -0.051801 4.103612 0.000000
vt -0.025901 4.153186 0.000000
vt -0.051783 4.153187 0.000000
vt -0.025901 4.202772 0.000000
vt -0.051765 4.202915 0.000000
vt -0.025901 4.252138 0.000000
vt -0.051781 4.252204 0.000000
vt -0.025901 4.301451 0.000000
vt -0.051794 4.301389 0.000000
vt -0.025901 4.350957 0.000000
vt -0.051773 4.350957 0.000000
vt -0.025901 4.400399 0.000000
vt -0.051764 4.402786 0.000000
vt -0.025901 4.449842 0.000000
vt -0.051770 4.452777 0.000000
vt -0.025901 4.499284 0.000000
vt -0.051773 4.501302 0.000000
vt -0.025901 4.548727 0.000000
vt -0.051764 4.548727 0.000000
vt -0.025901 4.598282 0.000000
vt -0.051764 4.598394 0.000000
vt -0.025901 4.647607 0.000000
vt -0.051764 4.647601 0.000000
vt -0.051764 4.696818 0.000000
vt -0.025901 4.696936 0.000000
vt -0.051760 4.746497 0.000000
vt -0.025901 4.746498 0.000000
vt -0.025901 4.795997 0.000000
vt -0.000000 4.795940 0.000000
vt -0.025901 4.845306 0.000000
vt -0.000000 4.845383 0.000000
vt -0.025901 4.894664 0.000000
vt -0.000000 4.894826 0.000000
vt -0.025901 4.944268 0.000000
vt -0.000000 4.944268 0.000000
vt -0.000000 4.993711 0.000000
vt -0.000000 3.807087 0.000000
vt -0.000000 3.856529 0.000000
vt -0.000000 3.905972 0.000000
vt -0.000000 3.955415 0.000000
vt -0.000000 4.004857 0.000000
vt -0.000000 4.054300 0.000000
vt -0.000000 4.103743 0.000000
vt -0.000000 4.153186 0.000000
vt -0.000000 4.202628 0.000000
vt -0.000000 4.252071 0.000000
vt -0.000000 4.301514 0.000000
vt -0.000000 4.350956 0.000000
vt -0.000000 4.400399 0.000000
vt -0.000000 4.449842 0.000000
vt -0.000000 4.499284 0.000000
vt -0.000000 4.548727 0.000000
vt -0.000000 4.598170 0.000000
vt -0.000000 4.647612 0.000000
vt -0.000000 4.697055 0.000000
vt -0.000000 4.746498 0.000000
vt -0.025901 4.993777 0.000000
vt -0.000000 5.043154 0.000000
vt -0.025901 5.043096 0.000000
vt -0.025901 5.092475 0.000000
vt -0.051764 5.092353 0.000000
vt -0.051745 5.142037 0.000000
vt -0.025901 5.142038 0.000000
vt -0.025901 5.191545 0.000000
vt -0.000000 5.191482 0.000000
vt -0.000000 5.240925 0.000000
vt -0.000000 5.092597 0.000000
vt -0.000000 5.142039 0.000000
vt -0.000000 5.290367 0.000000
vt -0.025901 5.290286 0.000000
vt -0.025901 5.240879 0.000000
vt -0.051733 5.191608 0.000000
vt -0.025901 5.339809 0.000000
vt -0.000000 5.339810 0.000000
vt -0.000000 5.389253 0.000000
vt -0.000000 5.438695 0.000000
vt -0.025901 5.438643 0.000000
vt -0.025901 5.389297 0.000000
vt -0.051748 5.339808 0.000000
vt -0.051764 5.290204 0.000000
vt -0.051755 5.240834 0.000000
vt -0.025901 5.488048 0.000000
vt -0.000000 5.488138 0.000000
vt -0.000000 5.537581 0.000000
vt -0.025901 5.537581 0.000000
vt -0.000000 5.600585 0.000000
vt -0.025901 5.580751 0.000000
vt -0.025901 5.623788 0.000000
vt -0.051764 5.580851 0.000000
vt -0.051764 5.623856 0.000000
vt -0.025901 5.666774 0.000000
vt -0.051764 5.666756 0.000000
vt -0.051764 5.709860 0.000000
vt -0.000000 5.663589 0.000000
vt -0.051773 5.537582 0.000000
vt -0.051772 5.487958 0.000000
vt -0.051762 5.438592 0.000000
vt -0.051741 5.389341 0.000000
vt -0.051750 5.043037 0.000000
vt -0.051733 4.993842 0.000000
vt -0.051750 4.944267 0.000000
vt -0.051763 4.894503 0.000000
vt -0.051753 4.845230 0.000000
vt -0.051745 4.796053 0.000000
vt -0.051764 3.658780 0.000000
vt -0.051762 3.460941 0.000000
vt -0.051742 3.411658 0.000000
vt -0.051749 3.362101 0.000000
vt -0.051764 3.312503 0.000000
vt -0.051756 3.263129 0.000000
vt -0.051750 3.065333 0.000000
vt -0.051732 3.016135 0.000000
vt -0.051749 2.966560 0.000000
vt -0.051763 2.916802 0.000000
vt -0.051752 2.867526 0.000000
vt -0.051744 2.818347 0.000000
vt -0.051755 1.631718 0.000000
vt -0.051762 1.582166 0.000000
vt -0.051771 1.532612 0.000000
vt -0.051763 1.483241 0.000000
vt -0.051757 1.285426 0.000000
vt -0.051734 1.236191 0.000000
vt -0.051745 1.186623 0.000000
vt -0.051763 1.149343 0.000000
vt -0.051763 1.112238 0.000000
vt -0.000002 -3.308025 0.000000
vt -0.035355 -3.309719 0.000000
vt -0.000002 -3.416484 0.000000
vt -0.035355 -3.416484 0.000000
vt -0.000002 3.416484 0.000000
vt -0.035355 3.416484 0.000000
vt -0.035355 3.309719 0.000000
vt -0.035355 -3.202954 0.000000
vt -0.000002 -3.199565 0.000000
vt -0.035355 -3.096189 0.000000
vt -0.000002 -3.091105 0.000000
vt -0.035355 -2.989424 0.000000
vt -0.000002 -2.982645 0.000000
vt -0.035355 -2.882659 0.000000
vt -0.000002 -2.874185 0.000000
vt -0.035355 -2.775894 0.000000
vt -0.000002 -2.765725 0.000000
vt -0.035355 -2.669128 0.000000
vt -0.000002 -2.657266 0.000000
vt -0.035355 -2.562363 0.000000
vt -0.000002 -2.548806 0.000000
vt -0.035355 -2.455598 0.000000
vt -0.000002 -2.440346 0.000000
vt -0.035355 -2.348833 0.000000
vt -0.000002 -2.331886 0.000000
vt -0.035355 -2.242068 0.000000
vt -0.000002 -2.223426 0.000000
vt -0.035355 -2.135303 0.000000
vt -0.000002 -2.114967 0.000000
vt -0.035355 -2.028538 0.000000
vt -0.000002 -2.006507 0.000000
vt -0.035355 -1.921772 0.000000
vt -0.000002 -1.898047 0.000000
vt -0.035355 -1.815007 0.000000
vt -0.000002 -1.789587 0.000000
vt -0.035355 -1.708242 0.000000
vt -0.000002 -1.681127 0.000000
vt -0.035355 -1.601477 0.000000
vt -0.000002 -1.572667 0.000000
vt -0.035355 -1.494712 0.000000
vt -0.000002 -1.464208 0.000000
vt -0.035355 -1.387947 0.000000
vt -0.000002 -1.355748 0.000000
vt -0.035355 -1.281182 0.000000
vt -0.000002 -1.247288 0.000000
vt -0.035355 -1.174417 0.000000
vt -0.000002 -1.138828 0.000000
vt -0.035355 -1.067651 0.000000
vt -0.000002 -1.030368 0.000000
vt -0.035355 -0.960886 0.000000
vt -0.000002 -0.921908 0.000000
vt -0.035355 -0.854121 0.000000
vt -0.000002 -0.813449 0.000000
vt -0.035355 -0.747356 0.000000
vt -0.000002 -0.704989 0.000000
vt -0.035355 -0.640591 0.000000
vt -0.000002 -0.596529 0.000000
vt -0.035355 -0.533826 0.000000
vt -0.000002 -0.488069 0.000000
vt -0.035355 -0.427061 0.000000
vt -0.000002 -0.379609 0.000000
vt -0.035355 -0.320295 0.000000
vt -0.000002 -0.271150 0.000000
vt -0.035355 -0.213530 0.000000
vt -0.000002 -0.162690 0.000000
vt -0.035355 -0.106765 0.000000
vt -0.000002 -0.054230 0.000000
vt -0.035355 0.000000 0.000000
vt -0.000002 0.054230 0.000000
vt -0.035355 0.106765 0.000000
vt -0.000002 0.162690 0.000000
vt -0.035355 0.213530 0.000000
vt -0.000002 0.271150 0.000000
vt -0.035355 0.320295 0.000000
vt -0.000002 0.379609 0.000000
vt -0.035355 0.427061 0.000000
vt -0.000002 0.488069 0.000000
vt -0.035355 0.533826 0.000000
vt -0.000002 0.596529 0.000000
vt -0.035355 0.640591 0.000000
vt -0.000002 0.704989 0.000000
vt -0.035355 0.747356 0.000000
vt -0.000002 0.813449 0.000000
vt -0.035355 0.854121 0.000000
vt -0.000002 0.921908 0.000000
vt -0.035355 0.960886 0.000000
vt -0.000002 1.030368 0.000000
vt -0.035355 1.067651 0.000000
vt -0.000002 1.138828 0.000000
vt -0.035355 1.174417 0.000000
vt -0.000002 1.247288 0.000000
vt -0.035355 1.281182 0.000000
vt -0.000002 1.355748 0.000000
vt -0.035355 1.387947 0.000000
vt -0.000002 1.464208 0.000000
vt -0.035355 1.494712 0.000000
vt -0.000002 1.572667 0.000000
vt -0.035355 1.601477 0.000000
vt -0.000002 1.681127 0.000000
vt -0.035355 1.708242 0.000000
vt -0.000002 1.789587 0.000000
vt -0.035355 1.815007 0.000000
vt -0.000002 1.898047 0.000000
vt -0.035355 1.921772 0.000000
vt -0.000002 2.006507 0.000000
vt -0.035355 2.028538 0.000000
vt -0.000002 2.114967 0.000000
vt -0.035355 2.135303 0.000000
vt -0.000002 2.223426 0.000000
vt -0.035355 2.242068 0.000000
vt -0.000002 2.331886 0.000000
vt -0.035355 2.348833 0.000000
vt -0.000002 2.440346 0.000000
vt -0.035355 2.455598 0.000000
vt -0.000002 2.548806 0.000000
vt -0.035355 2.562363 0.000000
vt -0.000002 2.657266 0.000000
vt -0.035355 2.669128 0.000000
vt -0.000002 2.765725 0.000000
vt -0.035355 2.775894 0.000000
vt -0.000002 2.874185 0.000000
vt -0.035355 2.882659 0.000000
vt -0.000002 2.982645 0.000000
vt -0.035355 2.989424 0.000000
vt -0.000002 3.091105 0.000000
vt -0.035355 3.096189 0.000000
vt -0.000002 3.199565 0.000000
vt -0.035355 3.202954 0.000000
vt -0.000002 3.308025 0.000000
vt 0.035355 0.108460 0.000000
vt 0.000000 0.106765 0.000000
vt 0.035355 0.000000 0.000000
vt 0.000000 0.000000 0.000000
vt 0.000000 -0.106765 0.000000
vt 0.000000 0.213530 0.000000
vt 0.035355 0.216919 0.000000
vt -0.000000 0.320295 0.000000
vt 0.035355 0.325379 0.000000
vt -0.000000 0.427060 0.000000
vt 0.035355 0.433839 0.000000
vt -0.000000 0.533825 0.000000
vt 0.035355 0.542299 0.000000
vt 0.000000 0.640590 0.000000
vt 0.035355 0.650758 0.000000
vt 0.000000 0.747355 0.000000
vt 0.035355 0.759218 0.000000
vt 0.000000 0.854121 0.000000
vt 0.035355 0.867678 0.000000
vt -0.000000 0.960886 0.000000
vt 0.035355 0.976138 0.000000
vt -0.000000 1.067651 0.000000
vt 0.035355 1.084597 0.000000
vt 0.000000 1.174416 0.000000
vt 0.035355 1.193057 0.000000
vt 0.000000 1.281181 0.000000
vt 0.035355 1.301517 0.000000
vt 0.000000 1.387946 0.000000
vt 0.035355 1.409977 0.000000
vt -0.000000 1.494711 0.000000
vt 0.035355 1.518436 0.000000
vt -0.000000 1.601476 0.000000
vt 0.035355 1.626896 0.000000
vt 0.000000 1.708241 0.000000
vt 0.035355 1.735356 0.000000
vt 0.000000 1.815006 0.000000
vt 0.035355 1.843816 0.000000
vt 0.000000 1.921771 0.000000
vt 0.035355 1.952275 0.000000
vt -0.000000 2.028536 0.000000
vt 0.035355 2.060735 0.000000
vt 0.000000 2.135301 0.000000
vt 0.035355 2.169195 0.000000
vt -0.000000 2.242066 0.000000
vt 0.035355 2.277655 0.000000
vt 0.000000 2.348831 0.000000
vt 0.035355 2.386114 0.000000
vt 0.000000 2.455596 0.000000
vt 0.035355 2.494574 0.000000
vt -0.000000 2.562362 0.000000
vt 0.035355 2.603034 0.000000
vt -0.000000 2.669127 0.000000
vt 0.035355 2.711494 0.000000
vt 0.000000 2.775892 0.000000
vt 0.035355 2.819953 0.000000
vt 0.000000 2.882657 0.000000
vt 0.035355 2.928413 0.000000
vt 0.000000 2.989422 0.000000
vt 0.035355 3.036873 0.000000
vt 0.000000 3.096187 0.000000
vt 0.035355 3.145333 0.000000
vt -0.000000 3.202952 0.000000
vt 0.035355 3.253792 0.000000
vt 0.000000 3.309717 0.000000
vt 0.035355 3.362252 0.000000
vt 0.000000 3.416482 0.000000
vt 0.000000 -3.416482 0.000000
vt 0.035355 -3.470712 0.000000
vt 0.035355 -3.362252 0.000000
vt -0.000000 -3.309717 0.000000
vt 0.035355 -3.253792 0.000000
vt -0.000000 -3.202952 0.000000
vt 0.035355 -3.145333 0.000000
vt 0.000000 -3.096187 0.000000
vt 0.035355 -3.036873 0.000000
vt 0.000000 -2.989422 0.000000
vt 0.035355 -2.928413 0.000000
vt 0.000000 -2.882657 0.000000
vt 0.035355 -2.819953 0.000000
vt 0.000000 -2.775892 0.000000
vt 0.035355 -2.711494 0.000000
vt -0.000000 -2.669127 0.000000
vt 0.035355 -2.603034 0.000000
vt -0.000000 -2.562362 0.000000
vt 0.035355 -2.494574 0.000000
vt 0.000000 -2.455596 0.000000
vt 0.035355 -2.386114 0.000000
vt 0.000000 -2.348831 0.000000
vt 0.035355 -2.277655 0.000000
vt -0.000000 -2.242066 0.000000
vt 0.035355 -2.169195 0.000000
vt 0.000000 -2.135301 0.000000
vt 0.035355 -2.060735 0.000000
vt 0.000000 -2.028536 0.000000
vt 0.035355 -1.952275 0.000000
vt 0.000000 -1.921771 0.000000
vt 0.035355 -1.843816 0.000000
vt 0.000000 -1.815006 0.000000
vt 0.035355 -1.735356 0.000000
vt 0.000000 -1.708241 0.000000
vt 0.035355 -1.626896 0.000000
vt -0.000000 -1.601476 0.000000
vt 0.035355 -1.518436 0.000000
vt -0.000000 -1.494711 0.000000
vt 0.035355 -1.409977 0.000000
vt 0.000000 -1.387946 0.000000
vt 0.035355 -1.301517 0.000000
vt 0.000000 -1.281181 0.000000
vt 0.035355 -1.193057 0.000000
vt 0.000000 -1.174416 0.000000
vt 0.035355 -1.084597 0.000000
vt -0.000000 -1.067651 0.000000
vt 0.035355 -0.976138 0.000000
vt -0.000000 -0.960886 0.000000
vt 0.035355 -0.867678 0.000000
vt 0.000000 -0.854121 0.000000
vt 0.035355 -0.759218 0.000000
vt 0.000000 -0.747355 0.000000
vt 0.035355 -0.650758 0.000000
vt 0.000000 -0.640590 0.000000
vt 0.035355 -0.542299 0.000000
vt -0.000000 -0.533825 0.000000
vt 0.035355 -0.433839 0.000000
vt -0.000000 -0.427060 0.000000
vt 0.035355 -0.325379 0.000000
vt -0.000000 -0.320295 0.000000
vt 0.035355 -0.216919 0.000000
vt 0.000000 -0.213530 0.000000
vt 0.035355 -0.108460 0.000000
vt 0.035353 0.545413 0.000000
vt 0.035353 0.589046 0.000000
vt 0.000000 0.589046 0.000000
vt 0.000000 -0.589046 0.000000
vt 0.035353 -0.589046 0.000000
vt 0.035353 -0.545413 0.000000
vt 0.000000 -0.543735 0.000000
vt 0.035353 -0.501780 0.000000
vt 0.000000 -0.498424 0.000000
vt 0.035353 -0.458147 0.000000
vt -0.000000 -0.453112 0.000000
vt 0.035353 -0.414514 0.000000
vt -0.000000 -0.407801 0.000000
vt 0.035353 -0.370881 0.000000
vt 0.000000 -0.362490 0.000000
vt 0.035353 -0.327248 0.000000
vt -0.000000 -0.317179 0.000000
vt 0.035353 -0.283615 0.000000
vt 0.000000 -0.271867 0.000000
vt 0.035353 -0.239982 0.000000
vt -0.000000 -0.226556 0.000000
vt 0.035353 -0.196349 0.000000
vt 0.000000 -0.181245 0.000000
vt 0.035353 -0.152716 0.000000
vt 0.000000 -0.135934 0.000000
vt 0.035353 -0.109083 0.000000
vt -0.000000 -0.090622 0.000000
vt 0.035353 -0.065450 0.000000
vt -0.000000 -0.045311 0.000000
vt 0.035353 -0.021817 0.000000
vt 0.000000 -0.000000 0.000000
vt 0.035353 0.021817 0.000000
vt -0.000000 0.045311 0.000000
vt 0.035353 0.065450 0.000000
vt -0.000000 0.090622 0.000000
vt 0.035353 0.109083 0.000000
vt 0.000000 0.135934 0.000000
vt 0.035353 0.152716 0.000000
vt 0.000000 0.181245 0.000000
vt 0.035353 0.196349 0.000000
vt -0.000000 0.226556 0.000000
vt 0.035353 0.239982 0.000000
vt 0.000000 0.271867 0.000000
vt 0.035353 0.283615 0.000000
vt -0.000000 0.317179 0.000000
vt 0.035353 0.327248 0.000000
vt 0.000000 0.362490 0.000000
vt 0.035353 0.370881 0.000000
vt -0.000000 0.407801 0.000000
vt 0.035353 0.414514 0.000000
vt -0.000000 0.453112 0.000000
vt 0.035353 0.458147 0.000000
vt 0.000000 0.498424 0.000000
vt 0.035353 0.501780 0.000000
vt 0.000000 0.543735 0.000000
vt 0.035353 0.545413 0.000000
vt 0.035353 0.589046 0.000000
vt 0.000000 0.589046 0.000000
vt 0.000000 -0.589046 0.000000
vt 0.035353 -0.589046 0.000000
vt 0.035353 -0.545413 0.000000
vt 0.000000 -0.543735 0.000000
vt 0.035353 -0.501780 0.000000
vt 0.000000 -0.498424 0.000000
vt 0.035353 -0.458147 0.000000
vt -0.000000 -0.453112 0.000000
vt 0.035353 -0.414514 0.000000
vt -0.000000 -0.407801 0.000000
vt 0.035353 -0.370881 0.000000
vt 0.000000 -0.362490 0.000000
vt 0.035353 -0.327248 0.000000
vt -0.000000 -0.317179 0.000000
vt 0.035353 -0.283615 0.000000
vt 0.000000 -0.271867 0.000000
vt 0.035353 -0.239982 0.000000
vt -0.000000 -0.226556 0.000000
vt 0.035353 -0.196349 0.000000
vt 0.000000 -0.181245 0.000000
vt 0.035353 -0.152716 0.000000
vt 0.000000 -0.135934 0.000000
vt 0.035353 -0.109083 0.000000
vt -0.000000 -0.090622 0.000000
vt 0.035353 -0.065450 0.000000
vt -0.000000 -0.045311 0.000000
vt 0.035353 -0.021817 0.000000
vt -0.000000 0.000000 0.000000
vt 0.035353 0.021817 0.000000
vt -0.000000 0.045311 0.000000
vt 0.035353 0.065450 0.000000
vt -0.000000 0.090622 0.000000
vt 0.035353 0.109083 0.000000
vt 0.000000 0.135934 0.000000
vt 0.035353 0.152716 0.000000
vt 0.000000 0.181245 0.000000
vt 0.035353 0.196349 0.000000
vt -0.000000 0.226556 0.000000
vt 0.035353 0.239982 0.000000
vt 0.000000 0.271867 0.000000
vt 0.035353 0.283615 0.000000
vt -0.000000 0.317179 0.000000
vt 0.035353 0.327248 0.000000
vt 0.000000 0.362490 0.000000
vt 0.035353 0.370881 0.000000
vt -0.000000 0.407801 0.000000
vt 0.035353 0.414514 0.000000
vt -0.000000 0.453112 0.000000
vt 0.035353 0.458147 0.000000
vt 0.000000 0.498424 0.000000
vt 0.035353 0.501780 0.000000
vt 0.000000 0.543735 0.000000
vt 0.035353 0.545413 0.000000
vt 0.035353 0.589046 0.000000
vt 0.000000 0.589046 0.000000
vt 0.000000 -0.589046 0.000000
vt 0.035353 -0.589046 0.000000
vt 0.035353 -0.545413 0.000000
vt 0.000000 -0.543735 0.000000
vt 0.035353 -0.501780 0.000000
vt 0.000000 -0.498424 0.000000
vt 0.035353 -0.458147 0.000000
vt -0.000000 -0.453112 0.000000
vt 0.035353 -0.414514 0.000000
vt -0.000000 -0.407801 0.000000
vt 0.035353 -0.370881 0.000000
vt 0.000000 -0.362490 0.000000
vt 0.035353 -0.327248 0.000000
vt -0.000000 -0.317179 0.000000
vt 0.035353 -0.283615 0.000000
vt 0.000000 -0.271867 0.000000
vt 0.035353 -0.239982 0.000000
vt -0.000000 -0.226556 0.000000
vt 0.035353 -0.196349 0.000000
vt 0.000000 -0.181245 0.000000
vt 0.035353 -0.152716 0.000000
vt 0.000000 -0.135934 0.000000
vt 0.035353 -0.109083 0.000000
vt -0.000000 -0.090622 0.000000
vt 0.035353 -0.065450 0.000000
vt -0.000000 -0.045311 0.000000
vt 0.035353 -0.021817 0.000000
vt 0.000000 0.000000 0.000000
vt 0.035353 0.021817 0.000000
vt -0.000000 0.045311 0.000000
vt 0.035353 0.065450 0.000000
vt -0.000000 0.090622 0.000000
vt 0.035353 0.109083 0.000000
vt 0.000000 0.135934 0.000000
vt 0.035353 0.152716 0.000000
vt 0.000000 0.181245 0.000000
vt 0.035353 0.196349 0.000000
vt -0.000000 0.226556 0.000000
vt 0.035353 0.239982 0.000000
vt 0.000000 0.271867 0.000000
vt 0.035353 0.283615 0.000000
vt -0.000000 0.317179 0.000000
vt 0.035353 0.327248 0.000000
vt 0.000000 0.362490 0.000000
vt 0.035353 0.370881 0.000000
vt -0.000000 0.407801 0.000000
vt 0.035353 0.414514 0.000000
vt -0.000000 0.453112 0.000000
vt 0.035353 0.458147 0.000000
vt 0.000000 0.498424 0.000000
vt 0.035353 0.501780 0.000000
vt 0.000000 0.543735 0.000000
vt 0.035353 0.545413 0.000000
vt 0.035353 0.589046 0.000000
vt 0.000000 0.589046 0.000000
vt 0.000000 -0.589046 0.000000
vt 0.035353 -0.589046 0.000000
vt 0.035353 -0.545413 0.000000
vt 0.000000 -0.543735 0.000000
vt 0.035353 -0.501780 0.000000
vt 0.000000 -0.498424 0.000000
vt 0.035353 -0.458147 0.000000
vt -0.000000 -0.453112 0.000000
vt 0.035353 -0.414514 0.000000
vt -0.000000 -0.407801 0.000000
vt 0.035353 -0.370881 0.000000
vt 0.000000 -0.362490 0.000000
vt 0.035353 -0.327248 0.000000
vt -0.000000 -0.317179 0.000000
vt 0.035353 -0.283615 0.000000
vt 0.000000 -0.271867 0.000000
vt 0.035353 -0.239982 0.000000
vt -0.000000 -0.226556 0.000000
vt 0.035353 -0.196349 0.000000
vt 0.000000 -0.181245 0.000000
vt 0.035353 -0.152716 0.000000
vt 0.000000 -0.135934 0.000000
vt 0.035353 -0.109083 0.000000
vt -0.000000 -0.090622 0.000000
vt 0.035353 -0.065450 0.000000
vt -0.000000 -0.045311 0.000000
vt 0.035353 -0.021817 0.000000
vt -0.000000 0.000000 0.000000
vt 0.035353 0.021817 0.000000
vt -0.000000 0.045311 0.000000
vt 0.035353 0.065450 0.000000
vt -0.000000 0.090622 0.000000
vt 0.035353 0.109083 0.000000
vt 0.000000 0.135934 0.000000
vt 0.035353 0.152716 0.000000
vt 0.000000 0.181245 0.000000
vt 0.035353 0.196349 0.000000
vt -0.000000 0.226556 0.000000
vt 0.035353 0.239982 0.000000
vt 0.000000 0.271867 0.000000
vt 0.035353 0.283615 0.000000
vt -0.000000 0.317179 0.000000
vt 0.035353 0.327248 0.000000
vt 0.000000 0.362490 0.000000
vt 0.035353 0.370881 0.000000
vt -0.000000 0.407801 0.000000
vt 0.035353 0.414514 0.000000
vt -0.000000 0.453112 0.000000
vt 0.035353 0.458147 0.000000
vt 0.000000 0.498424 0.000000
vt 0.035353 0.501780 0.000000
vt 0.000000 0.543735 0.000000
vt -0.035355 -0.045311 0.000000
vt -0.000000 -0.043633 0.000000
vt -0.035355 0.000000 0.000000
vt -0.000000 -0.000000 0.000000
vt -0.000000 0.043633 0.000000
vt 0.000000 -0.087266 0.000000
vt -0.035355 -0.090623 0.000000
vt -0.000000 -0.130900 0.000000
vt -0.035355 -0.135934 0.000000
vt 0.000000 -0.174533 0.000000
vt -0.035355 -0.181246 0.000000
vt 0.000000 -0.218166 0.000000
vt -0.035355 -0.226557 0.000000
vt -0.000000 -0.261799 0.000000
vt -0.035355 -0.271869 0.000000
vt -0.000000 -0.305433 0.000000
vt -0.035355 -0.317180 0.000000
vt 0.000000 -0.349066 0.000000
vt -0.035355 -0.362491 0.000000
vt 0.000000 -0.392699 0.000000
vt -0.035355 -0.407803 0.000000
vt 0.000000 -0.436332 0.000000
vt -0.035355 -0.453114 0.000000
vt 0.000000 -0.479966 0.000000
vt -0.035355 -0.498426 0.000000
vt 0.000000 -0.523599 0.000000
vt -0.035355 -0.543737 0.000000
vt 0.000000 -0.567232 0.000000
vt -0.035355 -0.589049 0.000000
vt 0.000000 -0.610865 0.000000
vt 0.000000 0.567232 0.000000
vt -0.035355 0.589049 0.000000
vt -0.035355 0.543737 0.000000
vt 0.000000 0.523599 0.000000
vt -0.035355 0.498426 0.000000
vt 0.000000 0.479966 0.000000
vt -0.035355 0.453114 0.000000
vt 0.000000 0.436332 0.000000
vt -0.035355 0.407803 0.000000
vt 0.000000 0.392699 0.000000
vt -0.035355 0.362491 0.000000
vt 0.000000 0.349066 0.000000
vt -0.035355 0.317180 0.000000
vt -0.000000 0.305433 0.000000
vt -0.035355 0.271869 0.000000
vt -0.000000 0.261799 0.000000
vt -0.035355 0.226557 0.000000
vt 0.000000 0.218166 0.000000
vt -0.035355 0.181246 0.000000
vt 0.000000 0.174533 0.000000
vt -0.035355 0.135934 0.000000
vt -0.000000 0.130900 0.000000
vt -0.035355 0.090623 0.000000
vt 0.000000 0.087266 0.000000
vt -0.035355 0.045311 0.000000
vt -0.035355 -0.045311 0.000000
vt -0.000000 -0.043633 0.000000
vt -0.035355 0.000000 0.000000
vt -0.000000 -0.000000 0.000000
vt -0.000000 0.043633 0.000000
vt 0.000000 -0.087266 0.000000
vt -0.035355 -0.090623 0.000000
vt -0.000000 -0.130900 0.000000
vt -0.035355 -0.135934 0.000000
vt 0.000000 -0.174533 0.000000
vt -0.035355 -0.181246 0.000000
vt 0.000000 -0.218166 0.000000
vt -0.035355 -0.226557 0.000000
vt -0.000000 -0.261799 0.000000
vt -0.035355 -0.271869 0.000000
vt -0.000000 -0.305433 0.000000
vt -0.035355 -0.317180 0.000000
vt 0.000000 -0.349066 0.000000
vt -0.035355 -0.362491 0.000000
vt 0.000000 -0.392699 0.000000
vt -0.035355 -0.407803 0.000000
vt 0.000000 -0.436332 0.000000
vt -0.035355 -0.453114 0.000000
vt 0.000000 -0.479966 0.000000
vt -0.035355 -0.498426 0.000000
vt 0.000000 -0.523599 0.000000
vt -0.035355 -0.543737 0.000000
vt 0.000000 -0.567232 0.000000
vt -0.035355 -0.589049 0.000000
vt 0.000000 -0.610865 0.000000
vt 0.000000 0.567232 0.000000
vt -0.035355 0.589049 0.000000
vt -0.035355 0.543737 0.000000
vt 0.000000 0.523599 0.000000
vt -0.035355 0.498426 0.000000
vt 0.000000 0.479966 0.000000
vt -0.035355 0.453114 0.000000
vt 0.000000 0.436332 0.000000
vt -0.035355 0.407803 0.000000
vt 0.000000 0.392699 0.000000
vt -0.035355 0.362491 0.000000
vt 0.000000 0.349066 0.000000
vt -0.035355 0.317180 0.000000
vt -0.000000 0.305433 0.000000
vt -0.035355 0.271869 0.000000
vt -0.000000 0.261799 0.000000
vt -0.035355 0.226557 0.000000
vt 0.000000 0.218166 0.000000
vt -0.035355 0.181246 0.000000
vt 0.000000 0.174533 0.000000
vt -0.035355 0.135934 0.000000
vt -0.000000 0.130900 0.000000
vt -0.035355 0.090623 0.000000
vt 0.000000 0.087266 0.000000
vt -0.035355 0.045311 0.000000
vt -0.035355 -0.045311 0.000000
vt -0.000000 -0.043633 0.000000
vt -0.035355 0.000000 0.000000
vt -0.000000 -0.000000 0.000000
vt -0.000000 0.043633 0.000000
vt 0.000000 -0.087266 0.000000
vt -0.035355 -0.090623 0.000000
vt -0.000000 -0.130900 0.000000
vt -0.035355 -0.135934 0.000000
vt 0.000000 -0.174533 0.000000
vt -0.035355 -0.181246 0.000000
vt 0.000000 -0.218166 0.000000
vt -0.035355 -0.226557 0.000000
vt -0.000000 -0.261799 0.000000
vt -0.035355 -0.271869 0.000000
vt -0.000000 -0.305433 0.000000
vt -0.035355 -0.317180 0.000000
vt 0.000000 -0.349066 0.000000
vt -0.035355 -0.362491 0.000000
vt 0.000000 -0.392699 0.000000
vt -0.035355 -0.407803 0.000000
vt 0.000000 -0.436332 0.000000
vt -0.035355 -0.453114 0.000000
vt 0.000000 -0.479966 0.000000
vt -0.035355 -0.498426 0.000000
vt 0.000000 -0.523599 0.000000
vt -0.035355 -0.543737 0.000000
vt 0.000000 -0.567232 0.000000
vt -0.035355 -0.589049 0.000000
vt 0.000000 -0.610865 0.000000
vt 0.000000 0.567232 0.000000
vt -0.035355 0.589049 0.000000
vt -0.035355 0.543737 0.000000
vt 0.000000 0.523599 0.000000
vt -0.035355 0.498426 0.000000
vt 0.000000 0.479966 0.000000
vt -0.035355 0.453114 0.000000
vt 0.000000 0.436332 0.000000
vt -0.035355 0.407803 0.000000
vt 0.000000 0.392699 0.000000
vt -0.035355 0.362491 0.000000
vt 0.000000 0.349066 0.000000
vt -0.035355 0.317180 0.000000
vt -0.000000 0.305433 0.000000
vt -0.035355 0.271869 0.000000
vt -0.000000 0.261799 0.000000
vt -0.035355 0.226557 0.000000
vt 0.000000 0.218166 0.000000
vt -0.035355 0.181246 0.000000
vt 0.000000 0.174533 0.000000
vt -0.035355 0.135934 0.000000
vt -0.000000 0.130900 0.000000
vt -0.035355 0.090623 0.000000
vt 0.000000 0.087266 0.000000
vt -0.035355 0.045311 0.000000
vt -0.035355 -0.045311 0.000000
vt -0.000000 -0.043633 0.000000
vt -0.035355 0.000000 0.000000
vt 0.000000 0.000000 0.000000
vt -0.000000 0.043633 0.000000
vt 0.000000 -0.087266 0.000000
vt -0.035355 -0.090623 0.000000
vt -0.000000 -0.130900 0.000000
vt -0.035355 -0.135934 0.000000
vt 0.000000 -0.174533 0.000000
vt -0.035355 -0.181246 0.000000
vt 0.000000 -0.218166 0.000000
vt -0.035355 -0.226557 0.000000
vt -0.000000 -0.261799 0.000000
vt -0.035355 -0.271869 0.000000
vt -0.000000 -0.305433 0.000000
vt -0.035355 -0.317180 0.000000
vt 0.000000 -0.349066 0.000000
vt -0.035355 -0.362491 0.000000
vt 0.000000 -0.392699 0.000000
vt -0.035355 -0.407803 0.000000
vt 0.000000 -0.436332 0.000000
vt -0.035355 -0.453114 0.000000
vt 0.000000 -0.479966 0.000000
vt -0.035355 -0.498426 0.000000
vt 0.000000 -0.523599 0.000000
vt -0.035355 -0.543737 0.000000
vt 0.000000 -0.567232 0.000000
vt -0.035355 -0.589049 0.000000
vt 0.000000 -0.610865 0.000000
vt 0.000000 0.567232 0.000000
vt -0.035355 0.589049 0.000000
vt -0.035355 0.543737 0.000000
vt 0.000000 0.523599 0.000000
vt -0.035355 0.498426 0.000000
vt 0.000000 0.479966 0.000000
vt -0.035355 0.453114 0.000000
vt 0.000000 0.436332 0.000000
vt -0.035355 0.407803 0.000000
vt 0.000000 0.392699 0.000000
vt -0.035355 0.362491 0.000000
vt 0.000000 0.349066 0.000000
vt -0.035355 0.317180 0.000000
vt -0.000000 0.305433 0.000000
vt -0.035355 0.271869 0.000000
vt -0.000000 0.261799 0.000000
vt -0.035355 0.226557 0.000000
vt 0.000000 0.218166 0.000000
vt -0.035355 0.181246 0.000000
vt 0.000000 0.174533 0.000000
vt -0.035355 0.135934 0.000000
vt -0.000000 0.130900 0.000000
vt -0.035355 0.090623 0.000000
vt 0.000000 0.087266 0.000000
vt -0.035355 0.045311 0.000000
vt 0.025000 0.507488 0.000000
vt 0.325000 0.507488 0.000000
vt 0.025000 0.549779 0.000000
vt 0.325000 0.549779 0.000000
vt 0.025000 -0.549779 0.000000
vt 0.325000 -0.549779 0.000000
vt 0.025000 -0.507488 0.000000
vt 0.325000 -0.507488 0.000000
vt 0.025000 -0.465197 0.000000
vt 0.325000 -0.465197 0.000000
vt 0.025000 -0.422907 0.000000
vt 0.325000 -0.422907 0.000000
vt 0.025000 -0.380616 0.000000
vt 0.325000 -0.380616 0.000000
vt 0.025000 -0.338325 0.000000
vt 0.325000 -0.338325 0.000000
vt 0.025000 -0.296035 0.000000
vt 0.325000 -0.296035 0.000000
vt 0.025000 -0.253744 0.000000
vt 0.325000 -0.253744 0.000000
vt 0.025000 -0.211453 0.000000
vt 0.325000 -0.211453 0.000000
vt 0.025000 -0.169163 0.000000
vt 0.325000 -0.169163 0.000000
vt 0.025000 -0.126872 0.000000
vt 0.325000 -0.126872 0.000000
vt 0.025000 -0.084581 0.000000
vt 0.325000 -0.084581 0.000000
vt 0.025000 -0.042291 0.000000
vt 0.325000 -0.042291 0.000000
vt 0.025000 0.000000 0.000000
vt 0.325000 0.000000 0.000000
vt 0.025000 0.042291 0.000000
vt 0.325000 0.042291 0.000000
vt 0.025000 0.084581 0.000000
vt 0.325000 0.084581 0.000000
vt 0.025000 0.126872 0.000000
vt 0.325000 0.126872 0.000000
vt 0.025000 0.169163 0.000000
vt 0.325000 0.169163 0.000000
vt 0.025000 0.211453 0.000000
vt 0.325000 0.211453 0.000000
vt 0.025000 0.253744 0.000000
vt 0.325000 0.253744 0.000000
vt 0.025000 0.296035 0.000000
vt 0.325000 0.296035 0.000000
vt 0.025000 0.338325 0.000000
vt 0.325000 0.338325 0.000000
vt 0.025000 0.380616 0.000000
vt 0.325000 0.380616 0.000000
vt 0.025000 0.422907 0.000000
vt 0.325000 0.422907 0.000000
vt 0.025000 0.465197 0.000000
vt 0.325000 0.465197 0.000000
vt 0.025000 0.507488 0.000000
vt 0.325000 0.507488 0.000000
vt 0.025000 0.549779 0.000000
vt 0.325000 0.549779 0.000000
vt 0.025000 -0.549779 0.000000
vt 0.325000 -0.549779 0.000000
vt 0.025000 -0.507488 0.000000
vt 0.325000 -0.507488 0.000000
vt 0.025000 -0.465197 0.000000
vt 0.325000 -0.465197 0.000000
vt 0.025000 -0.422907 0.000000
vt 0.325000 -0.422907 0.000000
vt 0.025000 -0.380616 0.000000
vt 0.325000 -0.380616 0.000000
vt 0.025000 -0.338325 0.000000
vt 0.325000 -0.338325 0.000000
vt 0.025000 -0.296035 0.000000
vt 0.325000 -0.296035 0.000000
vt 0.025000 -0.253744 0.000000
vt 0.325000 -0.253744 0.000000
vt 0.025000 -0.211453 0.000000
vt 0.325000 -0.211453 0.000000
vt 0.025000 -0.169163 0.000000
vt 0.325000 -0.169163 0.000000
vt 0.025000 -0.126872 0.000000
vt 0.325000 -0.126872 0.000000
vt 0.025000 -0.084581 0.000000
vt 0.325000 -0.084581 0.000000
vt 0.025000 -0.042291 0.000000
vt 0.325000 -0.042291 0.000000
vt 0.025000 -0.000000 0.000000
vt 0.325000 0.000000 0.000000
vt 0.025000 0.042291 0.000000
vt 0.325000 0.042291 0.000000
vt 0.025000 0.084581 0.000000
vt 0.325000 0.084581 0.000000
vt 0.025000 0.126872 0.000000
vt 0.325000 0.126872 0.000000
vt 0.025000 0.169163 0.000000
vt 0.325000 0.169163 0.000000
vt 0.025000 0.211453 0.000000
vt 0.325000 0.211453 0.000000
vt 0.025000 0.253744 0.000000
vt 0.325000 0.253744 0.000000
vt 0.025000 0.296035 0.000000
vt 0.325000 0.296035 0.000000
vt 0.025000 0.338325 0.000000
vt 0.325000 0.338325 0.000000
vt 0.025000 0.380616 0.000000
vt 0.325000 0.380616 0.000000
vt 0.025000 0.422907 0.000000
vt 0.325000 0.422907 0.000000
vt 0.025000 0.465197 0.000000
vt 0.325000 0.465197 0.000000
vt 0.025000 0.507488 0.000000
vt 0.325000 0.507488 0.000000
vt 0.025000 0.549779 0.000000
vt 0.325000 0.549779 0.000000
vt 0.025000 -0.549779 0.000000
vt 0.325000 -0.549779 0.000000
vt 0.025000 -0.507488 0.000000
vt 0.325000 -0.507488 0.000000
vt 0.025000 -0.465197 0.000000
vt 0.325000 -0.465197 0.000000
vt 0.025000 -0.422907 0.000000
vt 0.325000 -0.422907 0.000000
vt 0.025000 -0.380616 0.000000
vt 0.325000 -0.380616 0.000000
vt 0.025000 -0.338325 0.000000
vt 0.325000 -0.338325 0.000000
vt 0.025000 -0.296035 0.000000
vt 0.325000 -0.296035 0.000000
vt 0.025000 -0.253744 0.000000
vt 0.325000 -0.253744 0.000000
vt 0.025000 -0.211453 0.000000
vt 0.325000 -0.211453 0.000000
vt 0.025000 -0.169163 0.000000
vt 0.325000 -0.169163 0.000000
vt 0.025000 -0.126872 0.000000
vt 0.325000 -0.126872 0.000000
vt 0.025000 -0.084581 0.000000
vt 0.325000 -0.084581 0.000000
vt 0.025000 -0.042291 0.000000
vt 0.325000 -0.042291 0.000000
vt 0.025000 0.000000 0.000000
vt 0.325000 -0.000000 0.000000
vt 0.025000 0.042291 0.000000
vt 0.325000 0.042291 0.000000
vt 0.025000 0.084581 0.000000
vt 0.325000 0.084581 0.000000
vt 0.025000 0.126872 0.000000
vt 0.325000 0.126872 0.000000
vt 0.025000 0.169163 0.000000
vt 0.325000 0.169163 0.000000
vt 0.025000 0.211453 0.000000
vt 0.325000 0.211453 0.000000
vt 0.025000 0.253744 0.000000
vt 0.325000 0.253744 0.000000
vt 0.025000 0.296035 0.000000
vt 0.325000 0.296035 0.000000
vt 0.025000 0.338325 0.000000
vt 0.325000 0.338325 0.000000
vt 0.025000 0.380616 0.000000
vt 0.325000 0.380616 0.000000
vt 0.025000 0.422907 0.000000
vt 0.325000 0.422907 0.000000
vt 0.025000 0.465197 0.000000
vt 0.325000 0.465197 0.000000
vt 0.025000 0.507488 0.000000
vt 0.325000 0.507488 0.000000
vt 0.025000 0.549779 0.000000
vt 0.325000 0.549779 0.000000
vt 0.025000 -0.549779 0.000000
vt 0.325000 -0.549779 0.000000
vt 0.025000 -0.507488 0.000000
vt 0.325000 -0.507488 0.000000
vt 0.025000 -0.465197 0.000000
vt 0.325000 -0.465197 0.000000
vt 0.025000 -0.422907 0.000000
vt 0.325000 -0.422907 0.000000
vt 0.025000 -0.380616 0.000000
vt 0.325000 -0.380616 0.000000
vt 0.025000 -0.338325 0.000000
vt 0.325000 -0.338325 0.000000
vt 0.025000 -0.296035 0.000000
vt 0.325000 -0.296035 0.000000
vt 0.025000 -0.253744 0.000000
vt 0.325000 -0.253744 0.000000
vt 0.025000 -0.211453 0.000000
vt 0.325000 -0.211453 0.000000
vt 0.025000 -0.169163 0.000000
vt 0.325000 -0.169163 0.000000
vt 0.025000 -0.126872 0.000000
vt 0.325000 -0.126872 0.000000
vt 0.025000 -0.084581 0.000000
vt 0.325000 -0.084581 0.000000
vt 0.025000 -0.042291 0.000000
vt 0.325000 -0.042291 0.000000
vt 0.025000 0.000000 0.000000
vt 0.325000 0.000000 0.000000
vt 0.025000 0.042291 0.000000
vt 0.325000 0.042291 0.000000
vt 0.025000 0.084581 0.000000
vt 0.325000 0.084581 0.000000
vt 0.025000 0.126872 0.000000
vt 0.325000 0.126872 0.000000
vt 0.025000 0.169163 0.000000
vt 0.325000 0.169163 0.000000
vt 0.025000 0.211453 0.000000
vt 0.325000 0.211453 0.000000
vt 0.025000 0.253744 0.000000
vt 0.325000 0.253744 0.000000
vt 0.025000 0.296035 0.000000
vt 0.325000 0.296035 0.000000
vt 0.025000 0.338325 0.000000
vt 0.325000 0.338325 0.000000
vt 0.025000 0.380616 0.000000
vt 0.325000 0.380616 0.000000
vt 0.025000 0.422907 0.000000
vt 0.325000 0.422907 0.000000
vt 0.025000 0.465197 0.000000
vt 0.325000 0.465197 0.000000
vt -0.025000 0.107992 0.000000
vt -0.325000 0.107992 0.000000
vt -0.025000 0.000000 0.000000
vt -0.325000 0.000000 0.000000
vt -0.025000 -0.107992 0.000000
vt -0.325000 -0.107992 0.000000
vt -0.025000 -0.215984 0.000000
vt -0.325000 -0.215984 0.000000
vt -0.025000 -0.323977 0.000000
vt -0.325000 -0.323977 0.000000
vt -0.025000 -0.431969 0.000000
vt -0.325000 -0.431969 0.000000
vt -0.025000 -0.539961 0.000000
vt -0.325000 -0.539961 0.000000
vt -0.025000 -0.647953 0.000000
vt -0.325000 -0.647953 0.000000
vt -0.025000 -0.755946 0.000000
vt -0.325000 -0.755946 0.000000
vt -0.025000 -0.863938 0.000000
vt -0.325000 -0.863938 0.000000
vt -0.025000 -0.971930 0.000000
vt -0.325000 -0.971930 0.000000
vt -0.025000 -1.079922 0.000000
vt -0.325000 -1.079922 0.000000
vt -0.025000 -1.187915 0.000000
vt -0.325000 -1.187915 0.000000
vt -0.025000 -1.295907 0.000000
vt -0.325000 -1.295907 0.000000
vt -0.025000 -1.403899 0.000000
vt -0.325000 -1.403899 0.000000
vt -0.025000 -1.511891 0.000000
vt -0.325000 -1.511891 0.000000
vt -0.025000 -1.619884 0.000000
vt -0.325000 -1.619884 0.000000
vt -0.025000 -1.727876 0.000000
vt -0.325000 -1.727876 0.000000
vt -0.025000 -1.835868 0.000000
vt -0.325000 -1.835868 0.000000
vt -0.025000 -1.943860 0.000000
vt -0.325000 -1.943860 0.000000
vt -0.025000 -2.051853 0.000000
vt -0.325000 -2.051853 0.000000
vt -0.025000 -2.159845 0.000000
vt -0.325000 -2.159845 0.000000
vt -0.025000 -2.267837 0.000000
vt -0.325000 -2.267837 0.000000
vt -0.025000 -2.375829 0.000000
vt -0.325000 -2.375829 0.000000
vt -0.025000 -2.483822 0.000000
vt -0.325000 -2.483822 0.000000
vt -0.025000 -2.591814 0.000000
vt -0.325000 -2.591814 0.000000
vt -0.025000 -2.699806 0.000000
vt -0.325000 -2.699806 0.000000
vt -0.025000 -2.807798 0.000000
vt -0.325000 -2.807798 0.000000
vt -0.025000 -2.915791 0.000000
vt -0.325000 -2.915791 0.000000
vt -0.025000 -3.023783 0.000000
vt -0.325000 -3.023783 0.000000
vt -0.025000 -3.131775 0.000000
vt -0.325000 -3.131775 0.000000
vt -0.025000 -3.239767 0.000000
vt -0.325000 -3.239767 0.000000
vt -0.025000 -3.347760 0.000000
vt -0.325000 -3.347760 0.000000
vt -0.025000 -3.455752 0.000000
vt -0.325000 -3.455752 0.000000
vt -0.025000 3.455752 0.000000
vt -0.325000 3.455752 0.000000
vt -0.025000 3.347760 0.000000
vt -0.325000 3.347760 0.000000
vt -0.025000 3.239767 0.000000
vt -0.325000 3.239767 0.000000
vt -0.025000 3.131775 0.000000
vt -0.325000 3.131775 0.000000
vt -0.025000 3.023783 0.000000
vt -0.325000 3.023783 0.000000
vt -0.025000 2.915791 0.000000
vt -0.325000 2.915791 0.000000
vt -0.025000 2.807798 0.000000
vt -0.325000 2.807798 0.000000
vt -0.025000 2.699806 0.000000
vt -0.325000 2.699806 0.000000
vt -0.025000 2.591814 0.000000
vt -0.325000 2.591814 0.000000
vt -0.025000 2.483822 0.000000
vt -0.325000 2.483822 0.000000
vt -0.025000 2.375829 0.000000
vt -0.325000 2.375829 0.000000
vt -0.025000 2.267837 0.000000
vt -0.325000 2.267837 0.000000
vt -0.025000 2.159845 0.000000
vt -0.325000 2.159845 0.000000
vt -0.025000 2.051853 0.000000
vt -0.325000 2.051853 0.000000
vt -0.025000 1.943860 0.000000
vt -0.325000 1.943860 0.000000
vt -0.025000 1.835868 0.000000
vt -0.325000 1.835868 0.000000
vt -0.025000 1.727876 0.000000
vt -0.325000 1.727876 0.000000
vt -0.025000 1.619884 0.000000
vt -0.325000 1.619884 0.000000
vt -0.025000 1.511891 0.000000
vt -0.325000 1.511891 0.000000
vt -0.025000 1.403899 0.000000
vt -0.325000 1.403899 0.000000
vt -0.025000 1.295907 0.000000
vt -0.325000 1.295907 0.000000
vt -0.025000 1.187915 0.000000
vt -0.325000 1.187915 0.000000
vt -0.025000 1.079922 0.000000
vt -0.325000 1.079922 0.000000
vt -0.025000 0.971930 0.000000
vt -0.325000 0.971930 0.000000
vt -0.025000 0.863938 0.000000
vt -0.325000 0.863938 0.000000
vt -0.025000 0.755946 0.000000
vt -0.325000 0.755946 0.000000
vt -0.025000 0.647953 0.000000
vt -0.325000 0.647953 0.000000
vt -0.025000 0.539961 0.000000
vt -0.325000 0.539961 0.000000
vt -0.025000 0.431969 0.000000
vt -0.325000 0.431969 0.000000
vt -0.025000 0.323977 0.000000
vt -0.325000 0.323977 0.000000
vt -0.025000 0.215984 0.000000
vt -0.325000 0.215984 0.000000
vt -0.500000 0.072828 0.000000
vt -1.500000 -0.000000 0.000000
vt -0.500000 -0.000000 0.000000
vt -1.500000 -0.072828 0.000000
vt -0.500000 -0.072828 0.000000
vt -1.500000 -0.145656 0.000000
vt -0.500000 -0.145656 0.000000
vt -1.500000 -0.218483 0.000000
vt -0.500000 -0.218483 0.000000
vt -1.500000 -0.291311 0.000000
vt -0.500000 -0.291311 0.000000
vt -1.500000 -0.364139 0.000000
vt -0.500000 -0.364139 0.000000
vt -1.500000 -0.436967 0.000000
vt -0.500000 -0.436967 0.000000
vt -1.500000 -0.509795 0.000000
vt -0.500000 -0.509795 0.000000
vt -1.500000 -0.582623 0.000000
vt -0.500000 -0.582623 0.000000
vt -1.500000 -0.655450 0.000000
vt -0.500000 -0.655450 0.000000
vt -1.500000 -0.728278 0.000000
vt -0.500000 -0.728278 0.000000
vt -1.500000 -0.801106 0.000000
vt -0.500000 -0.801106 0.000000
vt -1.500000 -0.873934 0.000000
vt -0.500000 -0.873934 0.000000
vt -1.500000 -0.946762 0.000000
vt -0.500000 -0.946762 0.000000
vt -1.500000 -1.019590 0.000000
vt -0.500000 -1.019590 0.000000
vt -1.500000 -1.092417 0.000000
vt -0.500000 -1.092417 0.000000
vt -1.500000 -1.165245 0.000000
vt -0.500000 -1.165245 0.000000
vt -1.500000 -1.238073 0.000000
vt -0.500000 -1.238073 0.000000
vt -1.500000 -1.310901 0.000000
vt -0.500000 -1.310901 0.000000
vt -1.500000 -1.383729 0.000000
vt -0.500000 -1.383729 0.000000
vt -1.500000 -1.456557 0.000000
vt -0.500000 -1.456557 0.000000
vt -1.500000 -1.529384 0.000000
vt -0.500000 -1.529384 0.000000
vt -0.500000 -1.602212 0.000000
vt -1.500000 -1.602212 0.000000
vt -0.500000 1.602212 0.000000
vt -1.500000 1.602212 0.000000
vt -0.500000 1.529384 0.000000
vt -1.500000 1.529384 0.000000
vt -1.500000 1.456557 0.000000
vt -1.500000 0.072828 0.000000
vt -0.500000 0.145656 0.000000
vt -1.500000 0.145656 0.000000
vt -0.500000 0.218483 0.000000
vt -1.500000 0.218483 0.000000
vt -0.500000 0.291311 0.000000
vt -1.500000 0.291311 0.000000
vt -0.500000 0.364139 0.000000
vt -1.500000 0.364139 0.000000
vt -0.500000 0.436967 0.000000
vt -1.500000 0.436967 0.000000
vt -0.500000 0.509795 0.000000
vt -1.500000 0.509795 0.000000
vt -0.500000 0.582623 0.000000
vt -1.500000 0.582623 0.000000
vt -0.500000 0.655450 0.000000
vt -1.500000 0.655450 0.000000
vt -0.500000 0.728278 0.000000
vt -1.500000 0.728278 0.000000
vt -0.500000 0.801106 0.000000
vt -1.500000 0.801106 0.000000
vt -0.500000 0.873934 0.000000
vt -1.500000 0.873934 0.000000
vt -0.500000 0.946762 0.000000
vt -1.500000 0.946762 0.000000
vt -0.500000 1.019590 0.000000
vt -1.500000 1.019590 0.000000
vt -0.500000 1.092417 0.000000
vt -1.500000 1.092417 0.000000
vt -0.500000 1.165245 0.000000
vt -1.500000 1.165245 0.000000
vt -0.500000 1.238073 0.000000
vt -1.500000 1.238073 0.000000
vt -0.500000 1.310901 0.000000
vt -1.500000 1.310901 0.000000
vt -0.500000 1.383729 0.000000
vt -1.500000 1.383729 0.000000
vt -0.500000 1.456557 0.000000
vt 0.150002 1.194058 0.000000
vt 0.235892 1.211807 0.000000
vt 0.150002 1.256961 0.000000
vt 0.250104 1.256637 0.000000
vt 0.150002 -1.256313 0.000000
vt 0.250104 -1.256638 0.000000
vt 0.264315 -1.211808 0.000000
vt 0.221524 1.166844 0.000000
vt 0.150002 1.131155 0.000000
vt 0.207220 1.121934 0.000000
vt 0.150002 1.068251 0.000000
vt 0.193012 1.077101 0.000000
vt 0.182338 1.043472 0.000000
vt 0.150002 1.005348 0.000000
vt 0.171573 1.009753 0.000000
vt 0.160763 0.976061 0.000000
vt 0.150002 0.942445 0.000000
vt 0.164276 -1.211616 0.000000
vt 0.278680 -1.166847 0.000000
vt 0.178450 -1.166871 0.000000
vt 0.192690 -1.121918 0.000000
vt 0.292988 -1.121934 0.000000
vt 0.307196 -1.077102 0.000000
vt 0.321441 -1.032250 0.000000
vt 0.221400 -1.032289 0.000000
vt 0.207047 -1.077096 0.000000
vt 0.235612 -0.987358 0.000000
vt 0.335814 -0.987276 0.000000
vt 0.249081 -0.944762 0.000000
vt 0.350083 -0.942411 0.000000
vt 0.263195 -0.900680 0.000000
vt 0.364311 -0.897574 0.000000
vt 0.277813 -0.855059 0.000000
vt 0.378600 -0.852666 0.000000
vt 0.292781 -0.807847 0.000000
vt 0.392936 -0.807723 0.000000
vt 0.307036 -0.763020 0.000000
vt 0.407208 -0.762895 0.000000
vt 0.321341 -0.718224 0.000000
vt 0.421464 -0.718057 0.000000
vt 0.335664 -0.673333 0.000000
vt 0.435764 -0.673068 0.000000
vt 0.349963 -0.628339 0.000000
vt 0.450084 -0.628175 0.000000
vt 0.364220 -0.583501 0.000000
vt 0.464387 -0.583377 0.000000
vt 0.378493 -0.538674 0.000000
vt 0.478644 -0.538549 0.000000
vt 0.392828 -0.493734 0.000000
vt 0.493559 -0.491510 0.000000
vt 0.407117 -0.448823 0.000000
vt 0.508151 -0.445942 0.000000
vt 0.421346 -0.403985 0.000000
vt 0.522281 -0.401806 0.000000
vt 0.435615 -0.359121 0.000000
vt 0.535816 -0.359039 0.000000
vt 0.449987 -0.314149 0.000000
vt 0.550030 -0.314103 0.000000
vt 0.464234 -0.269296 0.000000
vt 0.564383 -0.269296 0.000000
vt 0.578740 -0.224476 0.000000
vt 0.592981 -0.179526 0.000000
vt 0.492748 -0.179552 0.000000
vt 0.478442 -0.224463 0.000000
vt 0.607230 -0.134702 0.000000
vt 0.507114 -0.134589 0.000000
vt 0.621541 -0.089910 0.000000
vt 0.521326 -0.089760 0.000000
vt 0.635867 -0.045024 0.000000
vt 0.535538 -0.044930 0.000000
vt 0.650164 -0.000019 0.000000
vt 0.549904 0.000032 0.000000
vt 0.664423 0.044818 0.000000
vt 0.564210 0.044943 0.000000
vt 0.678699 0.089640 0.000000
vt 0.578418 0.089776 0.000000
vt 0.693029 0.134574 0.000000
vt 0.592665 0.134629 0.000000
vt 0.707323 0.179495 0.000000
vt 0.607037 0.179602 0.000000
vt 0.721556 0.224334 0.000000
vt 0.621306 0.224466 0.000000
vt 0.735823 0.269192 0.000000
vt 0.635535 0.269304 0.000000
vt 0.750192 0.314163 0.000000
vt 0.649824 0.314213 0.000000
vt 0.764445 0.359021 0.000000
vt 0.664160 0.359155 0.000000
vt 0.778654 0.403855 0.000000
vt 0.678431 0.403982 0.000000
vt 0.792953 0.448759 0.000000
vt 0.692688 0.448820 0.000000
vt 0.807323 0.493726 0.000000
vt 0.706988 0.493811 0.000000
vt 0.821538 0.538556 0.000000
vt 0.721309 0.538704 0.000000
vt 0.835748 0.583385 0.000000
vt 0.735612 0.583500 0.000000
vt 0.850108 0.628343 0.000000
vt 0.749868 0.628328 0.000000
vt 0.864422 0.673261 0.000000
vt 0.764796 0.675408 0.000000
vt 0.878629 0.718093 0.000000
vt 0.779394 0.720988 0.000000
vt 0.892870 0.762941 0.000000
vt 0.793520 0.765111 0.000000
vt 0.907245 0.807915 0.000000
vt 0.807040 0.807838 0.000000
vt 0.821253 0.852773 0.000000
vt 0.921516 0.852784 0.000000
vt 0.835606 0.897580 0.000000
vt 0.935741 0.897622 0.000000
vt 0.849963 0.942400 0.000000
vt 0.950026 0.942521 0.000000
vt 0.864206 0.987351 0.000000
vt 0.964367 0.987469 0.000000
vt 0.878456 1.032176 0.000000
vt 0.978636 1.032301 0.000000
vt 0.892766 1.076968 0.000000
vt 0.992890 1.077140 0.000000
vt 0.907091 1.121854 0.000000
vt 1.007191 1.122121 0.000000
vt 0.921388 1.166858 0.000000
vt 1.021510 1.167018 0.000000
vt 0.935647 1.211695 0.000000
vt 1.035809 1.211818 0.000000
vt 0.949923 1.256517 0.000000
vt 1.050068 1.256648 0.000000
vt 0.964252 1.301450 0.000000
vt 0.964252 -1.211824 0.000000
vt 1.050068 -1.256626 0.000000
vt 1.064937 -1.209741 0.000000
vt 0.978547 -1.166902 0.000000
vt 1.079509 -1.164216 0.000000
vt 0.992780 -1.122063 0.000000
vt 1.093651 -1.120031 0.000000
vt 1.007047 -1.077206 0.000000
vt 1.107244 -1.077117 0.000000
vt 1.021415 -1.032235 0.000000
vt 1.121461 -1.032175 0.000000
vt 1.035669 -0.987376 0.000000
vt 1.135814 -0.987368 0.000000
vt 1.049879 -0.942542 0.000000
vt 1.150169 -0.942552 0.000000
vt 1.064176 -0.897640 0.000000
vt 1.164406 -0.897603 0.000000
vt 1.178650 -0.852781 0.000000
vt 1.078548 -0.852672 0.000000
vt 1.192965 -0.807992 0.000000
vt 1.092764 -0.807841 0.000000
vt 1.207294 -0.763109 0.000000
vt 1.106973 -0.763012 0.000000
vt 1.221589 -0.718097 0.000000
vt 1.121332 -0.718056 0.000000
vt 1.235850 -0.673260 0.000000
vt 1.135647 -0.673136 0.000000
vt 1.250128 -0.628441 0.000000
vt 1.149854 -0.628305 0.000000
vt 1.264455 -0.583514 0.000000
vt 1.164093 -0.583457 0.000000
vt 1.278752 -0.538583 0.000000
vt 1.178469 -0.538483 0.000000
vt 1.292988 -0.493744 0.000000
vt 1.192741 -0.493613 0.000000
vt 1.307254 -0.448890 0.000000
vt 1.206965 -0.448775 0.000000
vt 1.321620 -0.403921 0.000000
vt 1.221249 -0.403877 0.000000
vt 1.335877 -0.359058 0.000000
vt 1.235590 -0.358928 0.000000
vt 1.350088 -0.314224 0.000000
vt 1.249860 -0.314096 0.000000
vt 1.364381 -0.269325 0.000000
vt 1.264113 -0.269257 0.000000
vt 1.378755 -0.224356 0.000000
vt 1.278414 -0.224276 0.000000
vt 1.392973 -0.179524 0.000000
vt 1.292734 -0.179379 0.000000
vt 1.407181 -0.134695 0.000000
vt 1.307034 -0.134579 0.000000
vt 1.421536 -0.089742 0.000000
vt 1.321292 -0.089749 0.000000
vt 1.435856 -0.044818 0.000000
vt 1.336186 -0.042787 0.000000
vt 1.450062 0.000013 0.000000
vt 1.350769 0.002763 0.000000
vt 1.462444 0.039031 0.000000
vt 1.364904 0.046923 0.000000
vt 1.474953 0.078166 0.000000
vt 1.378468 0.089760 0.000000
vt 1.487514 0.117320 0.000000
vt 1.392683 0.134699 0.000000
vt 1.500000 0.156506 0.000000
vt 1.407036 0.179506 0.000000
vt 1.500000 0.219567 0.000000
vt 1.421392 0.224323 0.000000
vt 1.435627 0.269275 0.000000
vt 1.500000 0.282629 0.000000
vt 1.449838 0.314121 0.000000
vt 1.500000 0.345690 0.000000
vt 1.464175 0.359010 0.000000
vt 1.500000 0.408751 0.000000
vt 1.478517 0.403934 0.000000
vt 1.492724 0.448809 0.000000
vt 1.500000 0.471813 0.000000
vt 0.150002 0.565739 0.000000
vt 0.235890 0.583385 0.000000
vt 0.150002 0.628643 0.000000
vt 0.250103 0.628318 0.000000
vt 0.263596 0.670978 0.000000
vt 0.221537 0.538578 0.000000
vt 0.150002 0.502836 0.000000
vt 0.207180 0.493757 0.000000
vt 0.150002 0.439933 0.000000
vt 0.192938 0.448806 0.000000
vt 0.182250 0.415133 0.000000
vt 0.150002 0.377029 0.000000
vt 0.171523 0.381497 0.000000
vt 0.160770 0.347845 0.000000
vt 0.150002 0.314126 0.000000
vt 0.164305 0.673297 0.000000
vt 0.277717 0.715080 0.000000
vt 0.178469 0.718078 0.000000
vt 0.292325 0.760682 0.000000
vt 0.191982 0.760784 0.000000
vt 0.206106 0.804902 0.000000
vt 0.307274 0.807829 0.000000
vt 0.220707 0.850490 0.000000
vt 0.321529 0.852657 0.000000
vt 0.235642 0.897588 0.000000
vt 0.335834 0.897453 0.000000
vt 0.350155 0.942346 0.000000
vt 0.364455 0.987337 0.000000
vt 0.264201 0.987214 0.000000
vt 0.249898 0.942416 0.000000
vt 0.278522 1.032108 0.000000
vt 0.378711 1.032175 0.000000
vt 0.392983 1.077003 0.000000
vt 0.407320 1.121946 0.000000
vt 0.307078 1.121935 0.000000
vt 0.292822 1.077096 0.000000
vt 0.321349 1.166764 0.000000
vt 0.421608 1.166853 0.000000
vt 0.335687 1.211708 0.000000
vt 0.435836 1.211691 0.000000
vt 0.450105 1.256556 0.000000
vt 0.464478 1.301530 0.000000
vt 0.364201 1.301451 0.000000
vt 0.349974 1.256613 0.000000
vt 0.364201 -1.211823 0.000000
vt 0.464478 -1.211744 0.000000
vt 0.378471 -1.166957 0.000000
vt 0.478723 -1.166893 0.000000
vt 0.492930 -1.122060 0.000000
vt 0.392845 -1.121983 0.000000
vt 0.507239 -1.077147 0.000000
vt 0.407088 -1.077133 0.000000
vt 0.421295 -1.032300 0.000000
vt 0.521603 -1.032186 0.000000
vt 0.435606 -0.987385 0.000000
vt 0.535814 -0.987357 0.000000
vt 0.550027 -0.942527 0.000000
vt 0.449969 -0.942426 0.000000
vt 0.564395 -0.897563 0.000000
vt 0.464179 -0.897597 0.000000
vt 0.478393 -0.852766 0.000000
vt 0.578699 -0.852654 0.000000
vt 0.492762 -0.807801 0.000000
vt 0.592907 -0.807821 0.000000
vt 0.607156 -0.762967 0.000000
vt 0.507064 -0.762894 0.000000
vt 0.621527 -0.717994 0.000000
vt 0.521272 -0.718061 0.000000
vt 0.535522 -0.673205 0.000000
vt 0.635795 -0.673132 0.000000
vt 0.549893 -0.628233 0.000000
vt 0.650025 -0.628294 0.000000
vt 0.664316 -0.583382 0.000000
vt 0.678650 -0.538442 0.000000
vt 0.578391 -0.538534 0.000000
vt 0.564160 -0.583372 0.000000
vt 0.592683 -0.493619 0.000000
vt 0.692923 -0.493617 0.000000
vt 0.707181 -0.448778 0.000000
vt 0.607016 -0.448681 0.000000
vt 0.721480 -0.403782 0.000000
vt 0.621289 -0.403857 0.000000
vt 0.635547 -0.359019 0.000000
vt 0.735802 -0.358892 0.000000
vt 0.649846 -0.314022 0.000000
vt 0.750109 -0.314098 0.000000
vt 0.764362 -0.269271 0.000000
vt 0.664168 -0.269132 0.000000
vt 0.778609 -0.224320 0.000000
vt 0.678475 -0.224338 0.000000
vt 0.692729 -0.179511 0.000000
vt 0.792967 -0.179498 0.000000
vt 0.807319 -0.134691 0.000000
vt 0.707689 -0.132321 0.000000
vt 0.821531 -0.089760 0.000000
vt 0.722303 -0.086710 0.000000
vt 0.835003 -0.047153 0.000000
vt 0.736420 -0.042621 0.000000
vt 0.849119 -0.003068 0.000000
vt 0.749897 0.000000 0.000000
vt 0.863735 0.042547 0.000000
vt 0.764109 0.044932 0.000000
vt 0.878700 0.089752 0.000000
vt 0.778462 0.089739 0.000000
vt 0.792820 0.134560 0.000000
vt 0.892953 0.134578 0.000000
vt 0.907260 0.179372 0.000000
vt 0.807065 0.179512 0.000000
vt 0.921583 0.224261 0.000000
vt 0.821317 0.224338 0.000000
vt 0.835625 0.269131 0.000000
vt 0.935881 0.269259 0.000000
vt 0.849948 0.314019 0.000000
vt 0.950139 0.314097 0.000000
vt 0.964413 0.358921 0.000000
vt 0.978745 0.403859 0.000000
vt 0.878505 0.403857 0.000000
vt 0.864246 0.359019 0.000000
vt 0.892780 0.448680 0.000000
vt 0.993037 0.448774 0.000000
vt 0.907111 0.493616 0.000000
vt 1.007269 0.493613 0.000000
vt 1.021536 0.538473 0.000000
vt 1.035906 0.583445 0.000000
vt 0.935636 0.583373 0.000000
vt 0.921404 0.538534 0.000000
vt 0.949903 0.628232 0.000000
vt 1.050157 0.628301 0.000000
vt 0.964273 0.673203 0.000000
vt 1.064365 0.673134 0.000000
vt 1.078667 0.718041 0.000000
vt 1.093036 0.763006 0.000000
vt 0.992733 0.762894 0.000000
vt 0.978525 0.718061 0.000000
vt 1.007033 0.807799 0.000000
vt 1.107250 0.807837 0.000000
vt 1.121460 0.852666 0.000000
vt 1.021403 0.852765 0.000000
vt 1.135823 0.897625 0.000000
vt 1.035618 0.897596 0.000000
vt 1.049828 0.942425 0.000000
vt 1.150134 0.942541 0.000000
vt 1.064189 0.987383 0.000000
vt 1.164341 0.987373 0.000000
vt 1.178584 1.032223 0.000000
vt 1.078502 1.032300 0.000000
vt 1.192958 1.077196 0.000000
vt 1.092709 1.077132 0.000000
vt 1.106950 1.121981 0.000000
vt 1.207228 1.122063 0.000000
vt 1.121325 1.166955 0.000000
vt 1.221455 1.166901 0.000000
vt 1.235742 1.211806 0.000000
vt 1.250080 1.256750 0.000000
vt 1.149822 1.256661 0.000000
vt 1.135596 1.211823 0.000000
vt 1.149822 -1.256613 0.000000
vt 1.250080 -1.256524 0.000000
vt 1.164107 -1.211711 0.000000
vt 1.264351 -1.211694 0.000000
vt 1.278606 -1.166856 0.000000
vt 1.178447 -1.166765 0.000000
vt 1.292906 -1.121868 0.000000
vt 1.192717 -1.121935 0.000000
vt 1.206972 -1.077096 0.000000
vt 1.307227 -1.076974 0.000000
vt 1.221272 -1.032111 0.000000
vt 1.321530 -1.032176 0.000000
vt 1.335787 -0.987348 0.000000
vt 1.350716 -0.940264 0.000000
vt 1.249894 -0.942417 0.000000
vt 1.235593 -0.987215 0.000000
vt 1.264152 -0.897588 0.000000
vt 1.365316 -0.894680 0.000000
vt 1.279066 -0.850555 0.000000
vt 1.379442 -0.850558 0.000000
vt 1.392959 -0.807838 0.000000
vt 1.293659 -0.804985 0.000000
vt 1.407172 -0.762903 0.000000
vt 1.307789 -0.760847 0.000000
vt 1.421525 -0.718097 0.000000
vt 1.321325 -0.718078 0.000000
vt 1.435882 -0.673278 0.000000
vt 1.335540 -0.673141 0.000000
vt 1.349892 -0.628334 0.000000
vt 1.450117 -0.628323 0.000000
vt 1.462474 -0.589243 0.000000
vt 1.364249 -0.583515 0.000000
vt 1.474965 -0.550115 0.000000
vt 1.378489 -0.538565 0.000000
vt 1.487520 -0.510979 0.000000
vt 1.392737 -0.493742 0.000000
vt 1.500000 -0.471813 0.000000
vt 1.407049 -0.448952 0.000000
vt 1.500000 -0.408751 0.000000
vt 1.421375 -0.404068 0.000000
vt 1.435650 -0.359051 0.000000
vt 1.500000 -0.345690 0.000000
vt 1.449855 -0.314185 0.000000
vt 1.500000 -0.282629 0.000000
vt 1.464186 -0.269270 0.000000
vt 1.500000 -0.219567 0.000000
vt 1.478508 -0.224371 0.000000
vt 1.492721 -0.179509 0.000000
vt 1.500000 -0.156506 0.000000
vt 0.504809 -0.072581 0.000000
vt 0.510000 0.000000 0.000000
vt 0.450000 0.000000 0.000000
vt 0.504809 0.072581 0.000000
vt 0.445401 0.064173 0.000000
vt 0.489341 0.143684 0.000000
vt 0.431697 0.127034 0.000000
vt 0.463912 0.211862 0.000000
vt 0.369771 0.152543 0.000000
vt 0.341236 0.208706 0.000000
vt 0.429039 0.275727 0.000000
vt 0.304237 0.259692 0.000000
vt 0.385432 0.333979 0.000000
vt 0.259692 0.304237 0.000000
vt 0.333979 0.385432 0.000000
vt 0.275727 0.429039 0.000000
vt 0.208706 0.341236 0.000000
vt 0.211862 0.463912 0.000000
vt 0.152543 0.369771 0.000000
vt 0.127034 0.431697 0.000000
vt 0.143684 0.489341 0.000000
vt 0.064173 0.445401 0.000000
vt 0.072581 0.504809 0.000000
vt -0.000000 0.450000 0.000000
vt -0.000000 0.510000 0.000000
vt -0.072581 0.504809 0.000000
vt -0.064173 0.445401 0.000000
vt -0.143684 0.489341 0.000000
vt -0.127034 0.431697 0.000000
vt -0.211862 0.463912 0.000000
vt -0.152543 0.369771 0.000000
vt -0.208706 0.341236 0.000000
vt -0.275727 0.429039 0.000000
vt -0.259692 0.304237 0.000000
vt -0.333979 0.385432 0.000000
vt -0.385432 0.333979 0.000000
vt -0.304237 0.259692 0.000000
vt -0.429039 0.275727 0.000000
vt -0.341236 0.208706 0.000000
vt -0.463912 0.211862 0.000000
vt -0.369771 0.152543 0.000000
vt -0.431697 0.127034 0.000000
vt -0.489341 0.143684 0.000000
vt -0.445401 0.064173 0.000000
vt -0.504809 0.072581 0.000000
vt -0.450000 -0.000000 0.000000
vt -0.510000 -0.000000 0.000000
vt -0.504809 -0.072581 0.000000
vt -0.445401 -0.064173 0.000000
vt -0.489341 -0.143684 0.000000
vt -0.431697 -0.127034 0.000000
vt -0.463912 -0.211862 0.000000
vt -0.369771 -0.152543 0.000000
vt -0.341236 -0.208706 0.000000
vt -0.429039 -0.275727 0.000000
vt -0.304237 -0.259692 0.000000
vt -0.385432 -0.333979 0.000000
vt -0.259692 -0.304237 0.000000
vt -0.333979 -0.385432 0.000000
vt -0.275727 -0.429039 0.000000
vt -0.208706 -0.341236 0.000000
vt -0.211862 -0.463912 0.000000
vt -0.152543 -0.369771 0.000000
vt -0.127034 -0.431697 0.000000
vt -0.143684 -0.489341 0.000000
vt -0.064173 -0.445401 0.000000
vt -0.072581 -0.504809 0.000000
vt 0.000000 -0.450000 0.000000
vt -0.000000 -0.510000 0.000000
vt 0.072581 -0.504809 0.000000
vt 0.064173 -0.445401 0.000000
vt 0.143684 -0.489341 0.000000
vt 0.127034 -0.431697 0.000000
vt 0.211862 -0.463912 0.000000
vt 0.152543 -0.369771 0.000000
vt 0.208706 -0.341236 0.000000
vt 0.275727 -0.429039 0.000000
vt 0.259692 -0.304237 0.000000
vt 0.333979 -0.385432 0.000000
vt 0.385432 -0.333979 0.000000
vt 0.304237 -0.259692 0.000000
vt 0.429039 -0.275727 0.000000
vt 0.341236 -0.208706 0.000000
vt 0.463912 -0.211862 0.000000
vt 0.369771 -0.152543 0.000000
vt 0.431697 -0.127034 0.000000
vt 0.489341 -0.143684 0.000000
vt 0.445401 -0.064173 0.000000
vt -1.069658 -0.107035 0.000000
vt -0.998648 -0.023219 0.000000
vt -1.075000 -0.000000 0.000000
vt -0.998648 0.023219 0.000000
vt -1.069658 0.107035 0.000000
vt -0.987939 0.068404 0.000000
vt -0.967098 0.109902 0.000000
vt -1.053685 -0.213007 0.000000
vt -0.967098 -0.109902 0.000000
vt -0.987939 -0.068404 0.000000
vt -1.027241 -0.316862 0.000000
vt -0.900000 -0.173205 0.000000
vt -0.937248 -0.145475 0.000000
vt -0.857361 -0.191598 0.000000
vt -0.990587 -0.417567 0.000000
vt -0.811629 -0.199662 0.000000
vt -0.944088 -0.514123 0.000000
vt -0.765270 -0.196962 0.000000
vt -0.888207 -0.605569 0.000000
vt -0.720784 -0.183643 0.000000
vt -0.429039 -0.275727 0.000000
vt -0.680568 -0.160425 0.000000
vt -0.463912 -0.211862 0.000000
vt -0.646791 -0.128558 0.000000
vt -0.489341 -0.143684 0.000000
vt -0.621273 -0.089760 0.000000
vt -0.504809 -0.072581 0.000000
vt -0.605391 -0.046123 0.000000
vt -0.510000 -0.000000 0.000000
vt -0.600000 0.000000 0.000000
vt -0.605391 0.046123 0.000000
vt -0.504809 0.072581 0.000000
vt -0.621273 0.089760 0.000000
vt -0.489341 0.143684 0.000000
vt -0.646791 0.128558 0.000000
vt -0.463912 0.211862 0.000000
vt -0.680568 0.160425 0.000000
vt -0.429039 0.275727 0.000000
vt -0.720784 0.183643 0.000000
vt -0.888207 0.605569 0.000000
vt -0.765270 0.196962 0.000000
vt -0.944088 0.514123 0.000000
vt -0.811629 0.199662 0.000000
vt -0.990587 0.417567 0.000000
vt -0.857361 0.191598 0.000000
vt -1.027241 0.316862 0.000000
vt -0.900000 0.173205 0.000000
vt -1.053685 0.213007 0.000000
vt -0.937248 0.145475 0.000000
vt -0.385432 -0.333979 0.000000
vt -0.823498 -0.690997 0.000000
vt -0.750605 -0.769557 0.000000
vt -0.333979 -0.385432 0.000000
vt -0.670252 -0.840469 0.000000
vt -0.275727 -0.429039 0.000000
vt -0.583237 -0.903028 0.000000
vt -0.187939 -0.731596 0.000000
vt -0.198648 -0.776781 0.000000
vt -0.490426 -0.956612 0.000000
vt -0.198648 -0.823219 0.000000
vt -0.392742 -1.000689 0.000000
vt -0.187939 -0.868404 0.000000
vt -0.291154 -1.034821 0.000000
vt -0.167098 -0.909902 0.000000
vt -0.186672 -1.058668 0.000000
vt -0.137248 -0.945475 0.000000
vt -0.100000 -0.973205 0.000000
vt -0.080335 -1.071994 0.000000
vt -0.057361 -0.991598 0.000000
vt -0.011629 -0.999662 0.000000
vt 0.026800 -1.074666 0.000000
vt 0.034730 -0.996962 0.000000
vt 0.079216 -0.983643 0.000000
vt 0.133669 -1.066657 0.000000
vt 0.119432 -0.960425 0.000000
vt 0.239210 -1.048048 0.000000
vt 0.153209 -0.928558 0.000000
vt 0.178727 -0.889760 0.000000
vt 0.342373 -1.019022 0.000000
vt 0.194609 -0.846123 0.000000
vt 0.442134 -0.979869 0.000000
vt 0.200000 -0.800000 0.000000
vt 0.537500 -0.930977 0.000000
vt 0.194609 -0.753877 0.000000
vt 0.627524 -0.872833 0.000000
vt 0.275727 -0.429039 0.000000
vt 0.333979 -0.385432 0.000000
vt 0.711312 -0.806015 0.000000
vt 0.788031 -0.731186 0.000000
vt 0.385432 -0.333979 0.000000
vt 0.856917 -0.649090 0.000000
vt 0.429039 -0.275727 0.000000
vt 0.742639 -0.191598 0.000000
vt 0.700000 -0.173205 0.000000
vt 0.917288 -0.560543 0.000000
vt 0.788371 -0.199662 0.000000
vt 0.968542 -0.466425 0.000000
vt 0.834730 -0.196962 0.000000
vt 1.010170 -0.367672 0.000000
vt 0.879216 -0.183643 0.000000
vt 1.041758 -0.265264 0.000000
vt 0.919432 -0.160425 0.000000
vt 0.953209 -0.128558 0.000000
vt 1.062993 -0.160220 0.000000
vt 0.978727 -0.089760 0.000000
vt 1.073664 -0.053584 0.000000
vt 0.994609 -0.046123 0.000000
vt 1.000000 0.000000 0.000000
vt 1.073664 0.053584 0.000000
vt 0.994609 0.046123 0.000000
vt 0.978727 0.089760 0.000000
vt 1.062993 0.160220 0.000000
vt 0.953209 0.128558 0.000000
vt 1.041758 0.265264 0.000000
vt 0.919432 0.160425 0.000000
vt 0.879216 0.183643 0.000000
vt 1.010170 0.367672 0.000000
vt 0.834730 0.196962 0.000000
vt 0.968542 0.466425 0.000000
vt 0.788371 0.199662 0.000000
vt 0.917288 0.560543 0.000000
vt 0.742639 0.191598 0.000000
vt 0.856917 0.649090 0.000000
vt 0.429039 0.275727 0.000000
vt 0.385432 0.333979 0.000000
vt 0.788031 0.731186 0.000000
vt 0.333979 0.385432 0.000000
vt 0.711312 0.806015 0.000000
vt 0.627524 0.872833 0.000000
vt 0.537500 0.930977 0.000000
vt 0.194609 0.753877 0.000000
vt 0.275727 0.429039 0.000000
vt 0.200000 0.800000 0.000000
vt 0.442134 0.979869 0.000000
vt 0.194609 0.846123 0.000000
vt 0.342373 1.019022 0.000000
vt 0.178727 0.889760 0.000000
vt 0.239210 1.048048 0.000000
vt 0.153209 0.928558 0.000000
vt 0.119432 0.960425 0.000000
vt 0.133669 1.066657 0.000000
vt 0.079216 0.983643 0.000000
vt 0.026800 1.074666 0.000000
vt 0.034730 0.996962 0.000000
vt -0.011629 0.999662 0.000000
vt -0.080335 1.071994 0.000000
vt -0.057361 0.991598 0.000000
vt -0.100000 0.973205 0.000000
vt -0.186672 1.058668 0.000000
vt -0.137248 0.945475 0.000000
vt -0.167098 0.909902 0.000000
vt -0.291154 1.034821 0.000000
vt -0.187939 0.868404 0.000000
vt -0.392742 1.000689 0.000000
vt -0.198648 0.823219 0.000000
vt -0.490426 0.956612 0.000000
vt -0.198648 0.776781 0.000000
vt -0.583237 0.903028 0.000000
vt -0.187939 0.731596 0.000000
vt -0.275727 0.429039 0.000000
vt -0.167098 0.690098 0.000000
vt -0.211862 0.463912 0.000000
vt -0.137248 0.654525 0.000000
vt -0.143684 0.489341 0.000000
vt -0.100000 0.626795 0.000000
vt -0.072581 0.504809 0.000000
vt -0.057361 0.608402 0.000000
vt -0.011629 0.600338 0.000000
vt -0.000000 0.510000 0.000000
vt 0.034730 0.603038 0.000000
vt 0.072581 0.504809 0.000000
vt 0.079216 0.616357 0.000000
vt 0.143684 0.489341 0.000000
vt 0.119432 0.639575 0.000000
vt 0.211862 0.463912 0.000000
vt 0.153209 0.671442 0.000000
vt 0.178727 0.710240 0.000000
vt -0.670252 0.840469 0.000000
vt -0.333979 0.385432 0.000000
vt -0.750605 0.769557 0.000000
vt -0.385432 0.333979 0.000000
vt -0.823498 0.690997 0.000000
vt 0.463912 -0.211862 0.000000
vt 0.662752 -0.145475 0.000000
vt 0.489341 -0.143684 0.000000
vt 0.632902 -0.109902 0.000000
vt 0.612061 -0.068404 0.000000
vt 0.504809 -0.072581 0.000000
vt 0.601352 -0.023219 0.000000
vt 0.510000 0.000000 0.000000
vt 0.601352 0.023219 0.000000
vt 0.504809 0.072581 0.000000
vt 0.612061 0.068404 0.000000
vt 0.489341 0.143684 0.000000
vt 0.632902 0.109902 0.000000
vt 0.662752 0.145475 0.000000
vt 0.463912 0.211862 0.000000
vt 0.700000 0.173205 0.000000
vt -0.167098 -0.690098 0.000000
vt -0.211862 -0.463912 0.000000
vt -0.137248 -0.654525 0.000000
vt -0.143684 -0.489341 0.000000
vt -0.100000 -0.626795 0.000000
vt -0.072581 -0.504809 0.000000
vt -0.057361 -0.608402 0.000000
vt -0.011629 -0.600338 0.000000
vt -0.000000 -0.510000 0.000000
vt 0.034730 -0.603038 0.000000
vt 0.072581 -0.504809 0.000000
vt 0.079216 -0.616357 0.000000
vt 0.143684 -0.489341 0.000000
vt 0.119432 -0.639575 0.000000
vt 0.211862 -0.463912 0.000000
vt 0.153209 -0.671442 0.000000
vt 0.178727 -0.710240 0.000000
vt -0.250002 -0.948035 0.000000
vt -0.308064 -0.959467 0.000000
vt -0.250002 -1.012626 0.000000
vt -0.322214 -1.009798 0.000000
vt -0.336364 -1.060128 0.000000
vt -0.293643 -0.908818 0.000000
vt -0.250002 -0.883445 0.000000
vt -0.279222 -0.858169 0.000000
vt -0.250002 -0.818855 0.000000
vt -0.265071 -0.807838 0.000000
vt -0.250002 -0.754265 0.000000
vt -0.263972 -1.062269 0.000000
vt -0.350786 -1.110777 0.000000
vt -0.278194 -1.112209 0.000000
vt -0.365207 -1.161427 0.000000
vt -0.292409 -1.162140 0.000000
vt -0.379357 -1.211757 0.000000
vt -0.306357 -1.211757 0.000000
vt -0.320507 -1.262088 0.000000
vt -0.393507 -1.262088 0.000000
vt -0.334929 -1.312737 0.000000
vt -0.407929 -1.312737 0.000000
vt -0.349350 -1.363386 0.000000
vt -0.422350 -1.363386 0.000000
vt -0.363500 -1.413717 0.000000
vt -0.436500 -1.413717 0.000000
vt -0.363500 1.413717 0.000000
vt -0.436500 1.413717 0.000000
vt -0.377650 1.363386 0.000000
vt -0.450650 1.363386 0.000000
vt -0.392071 1.312737 0.000000
vt -0.465071 1.312737 0.000000
vt -0.406493 1.262088 0.000000
vt -0.479493 1.262088 0.000000
vt -0.420643 1.211757 0.000000
vt -0.493643 1.211757 0.000000
vt -0.434793 1.161427 0.000000
vt -0.507793 1.161427 0.000000
vt -0.449214 1.110777 0.000000
vt -0.522214 1.110777 0.000000
vt -0.463636 1.060128 0.000000
vt -0.536636 1.060128 0.000000
vt -0.477786 1.009798 0.000000
vt -0.550786 1.009798 0.000000
vt -0.491936 0.959467 0.000000
vt -0.564936 0.959467 0.000000
vt -0.506357 0.908818 0.000000
vt -0.579357 0.908818 0.000000
vt -0.520778 0.858169 0.000000
vt -0.593778 0.858169 0.000000
vt -0.534929 0.807838 0.000000
vt -0.607929 0.807838 0.000000
vt -0.549079 0.757508 0.000000
vt -0.622079 0.757508 0.000000
vt -0.563500 0.706858 0.000000
vt -0.636500 0.706858 0.000000
vt -0.577921 0.656209 0.000000
vt -0.650921 0.656209 0.000000
vt -0.592071 0.605879 0.000000
vt -0.665071 0.605879 0.000000
vt -0.606222 0.555548 0.000000
vt -0.679222 0.555548 0.000000
vt -0.620643 0.504899 0.000000
vt -0.693643 0.504899 0.000000
vt -0.635064 0.454250 0.000000
vt -0.708064 0.454250 0.000000
vt -0.649214 0.403919 0.000000
vt -0.722214 0.403919 0.000000
vt -0.663364 0.353589 0.000000
vt -0.736364 0.353589 0.000000
vt -0.677786 0.302939 0.000000
vt -0.750786 0.302939 0.000000
vt -0.692207 0.252290 0.000000
vt -0.765207 0.252290 0.000000
vt -0.706357 0.201960 0.000000
vt -0.779357 0.201960 0.000000
vt -0.720507 0.151629 0.000000
vt -0.793507 0.151629 0.000000
vt -0.734929 0.100980 0.000000
vt -0.807929 0.100980 0.000000
vt -0.749350 0.050330 0.000000
vt -0.822350 0.050330 0.000000
vt -0.763500 -0.000000 0.000000
vt -0.836500 -0.000000 0.000000
vt -0.777650 -0.050330 0.000000
vt -0.850650 -0.050330 0.000000
vt -0.792071 -0.100980 0.000000
vt -0.865071 -0.100980 0.000000
vt -0.806493 -0.151629 0.000000
vt -0.879493 -0.151629 0.000000
vt -0.820643 -0.201960 0.000000
vt -0.893643 -0.201960 0.000000
vt -0.834793 -0.252290 0.000000
vt -0.907793 -0.252290 0.000000
vt -0.849214 -0.302939 0.000000
vt -0.922214 -0.302939 0.000000
vt -0.863636 -0.353589 0.000000
vt -0.936636 -0.353589 0.000000
vt -0.877786 -0.403919 0.000000
vt -0.950786 -0.403919 0.000000
vt -0.891936 -0.454250 0.000000
vt -0.964936 -0.454250 0.000000
vt -0.906357 -0.504899 0.000000
vt -0.979357 -0.504899 0.000000
vt -0.920778 -0.555548 0.000000
vt -0.993778 -0.555548 0.000000
vt -0.934929 -0.605879 0.000000
vt -1.007929 -0.605879 0.000000
vt -0.949079 -0.656209 0.000000
vt -1.022079 -0.656209 0.000000
vt -0.963500 -0.706858 0.000000
vt -1.036500 -0.706858 0.000000
vt -0.977921 -0.757508 0.000000
vt -1.050921 -0.757508 0.000000
vt -0.992071 -0.807838 0.000000
vt -1.065071 -0.807838 0.000000
vt -1.006222 -0.858169 0.000000
vt -1.079222 -0.858169 0.000000
vt -1.020643 -0.908818 0.000000
vt -1.093643 -0.908818 0.000000
vt -1.035064 -0.959467 0.000000
vt -1.108064 -0.959467 0.000000
vt -1.049214 -1.009798 0.000000
vt -1.122214 -1.009798 0.000000
vt -1.063364 -1.060128 0.000000
vt -1.136364 -1.060128 0.000000
vt -1.077786 -1.110777 0.000000
vt -1.150786 -1.110777 0.000000
vt -1.092207 -1.161427 0.000000
vt -1.165207 -1.161427 0.000000
vt -1.106357 -1.211757 0.000000
vt -1.179357 -1.211757 0.000000
vt -1.120507 -1.262088 0.000000
vt -1.193507 -1.262088 0.000000
vt -1.134929 -1.312737 0.000000
vt -1.207929 -1.312737 0.000000
vt -1.149350 -1.363386 0.000000
vt -1.222350 -1.363386 0.000000
vt -1.163500 -1.413717 0.000000
vt -1.236500 -1.413717 0.000000
vt -1.163500 1.413717 0.000000
vt -1.236500 1.413717 0.000000
vt -1.177650 1.363386 0.000000
vt -1.250650 1.363386 0.000000
vt -1.192071 1.312737 0.000000
vt -1.265071 1.312737 0.000000
vt -1.206493 1.262088 0.000000
vt -1.279493 1.262088 0.000000
vt -1.220643 1.211757 0.000000
vt -1.293643 1.211757 0.000000
vt -1.234793 1.161427 0.000000
vt -1.307793 1.161427 0.000000
vt -1.249214 1.110777 0.000000
vt -1.322214 1.110777 0.000000
vt -1.263636 1.060128 0.000000
vt -1.336636 1.060128 0.000000
vt -1.277786 1.009798 0.000000
vt -1.350786 1.009798 0.000000
vt -1.291936 0.959467 0.000000
vt -1.364936 0.959467 0.000000
vt -1.306357 0.908818 0.000000
vt -1.379357 0.908818 0.000000
vt -1.320778 0.858169 0.000000
vt -1.393778 0.858169 0.000000
vt -1.334929 0.807838 0.000000
vt -1.407929 0.807838 0.000000
vt -1.349079 0.757508 0.000000
vt -1.422079 0.757508 0.000000
vt -1.363500 0.706858 0.000000
vt -1.436500 0.706858 0.000000
vt -1.377921 0.656209 0.000000
vt -1.450921 0.656209 0.000000
vt -1.392071 0.605879 0.000000
vt -1.465071 0.605879 0.000000
vt -1.406222 0.555548 0.000000
vt -1.479222 0.555548 0.000000
vt -1.420643 0.504899 0.000000
vt -1.493643 0.504899 0.000000
vt -1.435064 0.454250 0.000000
vt -1.508064 0.454250 0.000000
vt -1.449214 0.403919 0.000000
vt -1.522214 0.403919 0.000000
vt -1.463364 0.353589 0.000000
vt -1.536364 0.353589 0.000000
vt -1.477786 0.302939 0.000000
vt -1.550786 0.302939 0.000000
vt -1.492207 0.252290 0.000000
vt -1.565207 0.252290 0.000000
vt -1.506357 0.201960 0.000000
vt -1.579357 0.201960 0.000000
vt -1.589588 0.165479 0.000000
vt -1.520507 0.151629 0.000000
vt -1.600000 0.128785 0.000000
vt -1.534929 0.100980 0.000000
vt -1.600000 0.064392 0.000000
vt -1.549350 0.050330 0.000000
vt -1.600000 -0.000000 0.000000
vt -1.563500 -0.000000 0.000000
vt -1.581590 -0.064204 0.000000
vt -1.600000 -0.064392 0.000000
vt -1.600000 -0.128785 0.000000
vt -0.103528 0.800143 0.000000
vt -0.103528 0.746926 0.000000
vt -0.077627 0.750217 0.000000
vt -0.077997 0.723972 0.000000
vt -0.051772 0.750121 0.000000
vt -0.051764 0.700485 0.000000
vt -0.051768 0.800143 0.000000
vt -0.077627 0.800143 0.000000
vt -0.103528 0.850152 0.000000
vt -0.077627 0.850275 0.000000
vt -0.103528 0.900161 0.000000
vt -0.077627 0.900173 0.000000
vt -0.077627 0.950062 0.000000
vt -0.051764 0.949955 0.000000
vt -0.051764 1.000179 0.000000
vt -0.051764 0.850398 0.000000
vt -0.051764 0.900185 0.000000
vt -0.077627 1.000179 0.000000
vt -0.051760 1.047803 0.000000
vt -0.077627 1.050188 0.000000
vt -0.051763 1.096777 0.000000
vt -0.077627 1.100197 0.000000
vt -0.051765 1.147442 0.000000
vt -0.077627 1.150206 0.000000
vt -0.051757 1.200214 0.000000
vt -0.077627 1.200214 0.000000
vt -0.077627 1.250284 0.000000
vt -0.103528 1.250224 0.000000
vt -0.077627 1.300161 0.000000
vt -0.103528 1.300232 0.000000
vt -0.077627 1.350088 0.000000
vt -0.103528 1.350241 0.000000
vt -0.077627 1.400249 0.000000
vt -0.103528 1.400250 0.000000
vt -0.103528 1.450259 0.000000
vt -0.077627 1.450326 0.000000
vt -0.077627 1.500213 0.000000
vt -0.051748 1.500158 0.000000
vt -0.051764 1.550058 0.000000
vt -0.051737 1.250344 0.000000
vt -0.051747 1.300089 0.000000
vt -0.051763 1.349935 0.000000
vt -0.051746 1.400249 0.000000
vt -0.051726 1.450392 0.000000
vt -0.077627 1.550168 0.000000
vt -0.051742 1.600284 0.000000
vt -0.077627 1.600285 0.000000
vt -0.077627 1.650357 0.000000
vt -0.103528 1.650295 0.000000
vt -0.077627 1.700263 0.000000
vt -0.103528 1.700304 0.000000
vt -0.077627 1.750239 0.000000
vt -0.103528 1.750313 0.000000
vt -0.077627 1.800321 0.000000
vt -0.103528 1.800322 0.000000
vt -0.103528 1.850331 0.000000
vt -0.077627 1.850387 0.000000
vt -0.077627 1.900323 0.000000
vt -0.051763 1.900305 0.000000
vt -0.051772 1.950238 0.000000
vt -0.051731 1.650419 0.000000
vt -0.051756 1.700222 0.000000
vt -0.051765 1.750166 0.000000
vt -0.051750 1.800321 0.000000
vt -0.051744 1.850443 0.000000
vt -0.077627 1.950293 0.000000
vt -0.051764 2.000358 0.000000
vt -0.077627 2.000358 0.000000
vt -0.077627 2.050422 0.000000
vt -0.103528 2.050367 0.000000
vt -0.103528 2.100376 0.000000
vt -0.077627 2.100393 0.000000
vt -0.077627 2.150328 0.000000
vt -0.051783 2.150272 0.000000
vt -0.051776 2.200395 0.000000
vt -0.051756 2.050478 0.000000
vt -0.051765 2.100410 0.000000
vt -0.051763 2.250549 0.000000
vt -0.077627 2.250476 0.000000
vt -0.077627 2.200394 0.000000
vt -0.103528 2.150385 0.000000
vt -0.077627 2.300453 0.000000
vt -0.051770 2.300494 0.000000
vt -0.051793 2.350296 0.000000
vt -0.077627 2.350358 0.000000
vt -0.051783 2.400431 0.000000
vt -0.077627 2.400430 0.000000
vt -0.077627 2.450547 0.000000
vt -0.103528 2.450438 0.000000
vt -0.103528 2.500447 0.000000
vt -0.077627 2.500502 0.000000
vt -0.077627 2.550390 0.000000
vt -0.051796 2.550323 0.000000
vt -0.051780 2.600467 0.000000
vt -0.051764 2.450656 0.000000
vt -0.051777 2.500557 0.000000
vt -0.051765 2.650778 0.000000
vt -0.077627 2.650626 0.000000
vt -0.077627 2.600466 0.000000
vt -0.103528 2.550456 0.000000
vt -0.077627 2.700553 0.000000
vt -0.051777 2.700624 0.000000
vt -0.051787 2.750369 0.000000
vt -0.077627 2.750430 0.000000
vt -0.051771 2.800501 0.000000
vt -0.077627 2.800501 0.000000
vt -0.077627 2.850510 0.000000
vt -0.103528 2.850510 0.000000
vt -0.103528 2.900519 0.000000
vt -0.077627 2.900519 0.000000
vt -0.103528 2.950528 0.000000
vt -0.077627 2.950528 0.000000
vt -0.103528 3.000537 0.000000
vt -0.077627 3.000537 0.000000
vt -0.103528 3.050545 0.000000
vt -0.077627 3.050655 0.000000
vt -0.077627 3.100544 0.000000
vt -0.051764 3.100535 0.000000
vt -0.051764 3.150319 0.000000
vt -0.051765 2.853126 0.000000
vt -0.051765 2.903744 0.000000
vt -0.051763 2.952763 0.000000
vt -0.051764 3.000537 0.000000
vt -0.051764 3.050764 0.000000
vt -0.077627 3.150441 0.000000
vt -0.051758 3.200572 0.000000
vt -0.077627 3.200572 0.000000
vt -0.077627 3.250640 0.000000
vt -0.103528 3.250581 0.000000
vt -0.077627 3.300516 0.000000
vt -0.103528 3.300590 0.000000
vt -0.077627 3.350441 0.000000
vt -0.103528 3.350599 0.000000
vt -0.077627 3.400607 0.000000
vt -0.103528 3.400608 0.000000
vt -0.103528 3.450617 0.000000
vt -0.077627 3.450683 0.000000
vt -0.077627 3.500569 0.000000
vt -0.051747 3.500512 0.000000
vt -0.051764 3.550402 0.000000
vt -0.051739 3.250699 0.000000
vt -0.051748 3.300442 0.000000
vt -0.051762 3.350283 0.000000
vt -0.051747 3.400606 0.000000
vt -0.051727 3.450749 0.000000
vt -0.077627 3.550519 0.000000
vt -0.051742 3.600642 0.000000
vt -0.077627 3.600643 0.000000
vt -0.077627 3.650716 0.000000
vt -0.103528 3.650653 0.000000
vt -0.077627 3.700618 0.000000
vt -0.103528 3.700662 0.000000
vt -0.077627 3.750593 0.000000
vt -0.103528 3.750671 0.000000
vt -0.077627 3.800679 0.000000
vt -0.103528 3.800680 0.000000
vt -0.103528 3.850689 0.000000
vt -0.077627 3.850745 0.000000
vt -0.077627 3.900675 0.000000
vt -0.051762 3.900653 0.000000
vt -0.051770 3.950592 0.000000
vt -0.051729 3.650778 0.000000
vt -0.051755 3.700574 0.000000
vt -0.051764 3.750515 0.000000
vt -0.051748 3.800678 0.000000
vt -0.051741 3.850802 0.000000
vt -0.077627 3.950649 0.000000
vt -0.051762 4.000715 0.000000
vt -0.077627 4.000715 0.000000
vt -0.077627 4.050779 0.000000
vt -0.103528 4.050724 0.000000
vt -0.103528 4.100733 0.000000
vt -0.077627 4.100745 0.000000
vt -0.077627 4.150687 0.000000
vt -0.051781 4.150631 0.000000
vt -0.051775 4.200752 0.000000
vt -0.051754 4.050834 0.000000
vt -0.051764 4.100758 0.000000
vt -0.051762 4.250899 0.000000
vt -0.077627 4.250830 0.000000
vt -0.077627 4.200752 0.000000
vt -0.103528 4.150742 0.000000
vt -0.077627 4.300807 0.000000
vt -0.051769 4.300846 0.000000
vt -0.051792 4.350656 0.000000
vt -0.077627 4.350717 0.000000
vt -0.051782 4.400789 0.000000
vt -0.077627 4.400788 0.000000
vt -0.077627 4.450898 0.000000
vt -0.103528 4.450796 0.000000
vt -0.103528 4.500805 0.000000
vt -0.077627 4.500858 0.000000
vt -0.077627 4.550747 0.000000
vt -0.051796 4.550681 0.000000
vt -0.051781 4.600824 0.000000
vt -0.051764 4.451001 0.000000
vt -0.051776 4.500910 0.000000
vt -0.051764 4.651126 0.000000
vt -0.077627 4.650979 0.000000
vt -0.077627 4.600824 0.000000
vt -0.103528 4.550814 0.000000
vt -0.077627 4.700909 0.000000
vt -0.051777 4.700977 0.000000
vt -0.051789 4.750724 0.000000
vt -0.077627 4.750787 0.000000
vt -0.051772 4.800859 0.000000
vt -0.077627 4.800859 0.000000
vt -0.077627 4.850867 0.000000
vt -0.103528 4.850867 0.000000
vt -0.103528 4.900876 0.000000
vt -0.077627 4.900876 0.000000
vt -0.103528 4.950885 0.000000
vt -0.077627 4.950885 0.000000
vt -0.103528 5.000894 0.000000
vt -0.077627 5.000894 0.000000
vt -0.103528 5.050903 0.000000
vt -0.077627 5.051015 0.000000
vt -0.077627 5.100904 0.000000
vt -0.051764 5.100897 0.000000
vt -0.051764 5.150678 0.000000
vt -0.051766 4.853353 0.000000
vt -0.051766 4.903937 0.000000
vt -0.051765 4.952996 0.000000
vt -0.051764 5.000894 0.000000
vt -0.051764 5.051127 0.000000
vt -0.077627 5.150799 0.000000
vt -0.051760 5.200930 0.000000
vt -0.077627 5.200930 0.000000
vt -0.077627 5.251003 0.000000
vt -0.103528 5.250939 0.000000
vt -0.077627 5.300932 0.000000
vt -0.103528 5.300948 0.000000
vt -0.077627 5.350879 0.000000
vt -0.103528 5.350957 0.000000
vt -0.077627 5.400966 0.000000
vt -0.103528 5.400966 0.000000
vt -0.103528 5.437258 0.000000
vt -0.077627 5.437258 0.000000
vt -0.103528 5.473550 0.000000
vt -0.051764 5.426749 0.000000
vt -0.051772 5.400966 0.000000
vt -0.051775 5.350801 0.000000
vt -0.051764 5.300916 0.000000
vt -0.051753 5.251067 0.000000
vt -0.103528 5.200930 0.000000
vt -0.103528 5.150921 0.000000
vt -0.103528 5.100912 0.000000
vt -0.103528 4.800858 0.000000
vt -0.103528 4.750849 0.000000
vt -0.103528 4.700841 0.000000
vt -0.103528 4.650832 0.000000
vt -0.103528 4.600823 0.000000
vt -0.103528 4.400787 0.000000
vt -0.103528 4.350778 0.000000
vt -0.103528 4.300769 0.000000
vt -0.103528 4.250760 0.000000
vt -0.103528 4.200751 0.000000
vt -0.103528 4.000715 0.000000
vt -0.103528 3.950706 0.000000
vt -0.103528 3.900697 0.000000
vt -0.103528 3.600644 0.000000
vt -0.103528 3.550635 0.000000
vt -0.103528 3.500626 0.000000
vt -0.103528 3.200572 0.000000
vt -0.103528 3.150563 0.000000
vt -0.103528 3.100554 0.000000
vt -0.103528 2.800501 0.000000
vt -0.103528 2.750492 0.000000
vt -0.103528 2.700483 0.000000
vt -0.103528 2.650474 0.000000
vt -0.103528 2.600465 0.000000
vt -0.103528 2.400429 0.000000
vt -0.103528 2.350420 0.000000
vt -0.103528 2.300411 0.000000
vt -0.103528 2.250402 0.000000
vt -0.103528 2.200393 0.000000
vt -0.103528 2.000358 0.000000
vt -0.103528 1.950349 0.000000
vt -0.103528 1.900340 0.000000
vt -0.103528 1.600286 0.000000
vt -0.103528 1.550277 0.000000
vt -0.103528 1.500268 0.000000
vt -0.103528 1.200215 0.000000
vt -0.103528 1.150206 0.000000
vt -0.103528 1.100197 0.000000
vt -0.103528 1.050188 0.000000
vt -0.103528 1.000179 0.000000
vt -0.103528 0.950170 0.000000
vt -0.103528 0.800143 0.000000
vt -0.103528 0.746926 0.000000
vt -0.077627 0.750200 0.000000
vt -0.077997 0.723972 0.000000
vt -0.051764 0.750086 0.000000
vt -0.051764 0.700485 0.000000
vt -0.051764 0.800143 0.000000
vt -0.077627 0.800143 0.000000
vt -0.077627 0.850152 0.000000
vt -0.103528 0.850152 0.000000
vt -0.103528 0.900161 0.000000
vt -0.077627 0.900161 0.000000
vt -0.103528 0.950170 0.000000
vt -0.077627 0.950170 0.000000
vt -0.077627 1.000178 0.000000
vt -0.051756 1.000178 0.000000
vt -0.077627 1.050249 0.000000
vt -0.051736 1.050310 0.000000
vt -0.051747 1.100056 0.000000
vt -0.051758 0.847892 0.000000
vt -0.051761 0.896906 0.000000
vt -0.051765 0.947533 0.000000
vt -0.077627 1.100126 0.000000
vt -0.051763 1.149905 0.000000
vt -0.077627 1.150055 0.000000
vt -0.051745 1.200213 0.000000
vt -0.077627 1.200214 0.000000
vt -0.077627 1.250290 0.000000
vt -0.103528 1.250223 0.000000
vt -0.077627 1.300178 0.000000
vt -0.103528 1.300232 0.000000
vt -0.077627 1.350135 0.000000
vt -0.103528 1.350241 0.000000
vt -0.077627 1.400249 0.000000
vt -0.103528 1.400250 0.000000
vt -0.103528 1.450259 0.000000
vt -0.077627 1.450321 0.000000
vt -0.077627 1.500228 0.000000
vt -0.051757 1.500188 0.000000
vt -0.051765 1.550134 0.000000
vt -0.051726 1.250356 0.000000
vt -0.051748 1.300124 0.000000
vt -0.051764 1.350029 0.000000
vt -0.051743 1.400248 0.000000
vt -0.051732 1.450382 0.000000
vt -0.077627 1.550205 0.000000
vt -0.051751 1.600285 0.000000
vt -0.077627 1.600285 0.000000
vt -0.077627 1.650351 0.000000
vt -0.103528 1.650295 0.000000
vt -0.077627 1.700289 0.000000
vt -0.103528 1.700304 0.000000
vt -0.077627 1.750257 0.000000
vt -0.103528 1.750313 0.000000
vt -0.077627 1.800322 0.000000
vt -0.103528 1.800322 0.000000
vt -0.103528 1.850331 0.000000
vt -0.077627 1.850387 0.000000
vt -0.103528 1.900340 0.000000
vt -0.077627 1.900359 0.000000
vt -0.077627 1.950292 0.000000
vt -0.051784 1.950236 0.000000
vt -0.051777 2.000359 0.000000
vt -0.051745 1.650407 0.000000
vt -0.051763 1.700274 0.000000
vt -0.051772 1.750202 0.000000
vt -0.051765 1.800322 0.000000
vt -0.051757 1.850443 0.000000
vt -0.051765 1.900379 0.000000
vt -0.051763 2.050517 0.000000
vt -0.077627 2.050442 0.000000
vt -0.077627 2.000358 0.000000
vt -0.103528 1.950348 0.000000
vt -0.077627 2.100418 0.000000
vt -0.051771 2.100460 0.000000
vt -0.051794 2.150259 0.000000
vt -0.077627 2.150322 0.000000
vt -0.051783 2.200395 0.000000
vt -0.077627 2.200394 0.000000
vt -0.077627 2.250514 0.000000
vt -0.103528 2.250402 0.000000
vt -0.103528 2.300411 0.000000
vt -0.077627 2.300467 0.000000
vt -0.077627 2.350353 0.000000
vt -0.051796 2.350287 0.000000
vt -0.051780 2.400431 0.000000
vt -0.051764 2.250626 0.000000
vt -0.051777 2.300522 0.000000
vt -0.051765 2.450747 0.000000
vt -0.077627 2.450593 0.000000
vt -0.077627 2.400430 0.000000
vt -0.103528 2.350420 0.000000
vt -0.077627 2.500519 0.000000
vt -0.051777 2.500591 0.000000
vt -0.051786 2.550335 0.000000
vt -0.077627 2.550395 0.000000
vt -0.051770 2.600465 0.000000
vt -0.077627 2.600465 0.000000
vt -0.077627 2.650474 0.000000
vt -0.103528 2.650474 0.000000
vt -0.103528 2.700483 0.000000
vt -0.077627 2.700483 0.000000
vt -0.103528 2.750491 0.000000
vt -0.077627 2.750491 0.000000
vt -0.103528 2.800500 0.000000
vt -0.077627 2.800500 0.000000
vt -0.103528 2.850509 0.000000
vt -0.077627 2.850617 0.000000
vt -0.077627 2.900507 0.000000
vt -0.051764 2.900495 0.000000
vt -0.051764 2.950281 0.000000
vt -0.051765 2.653212 0.000000
vt -0.051764 2.703866 0.000000
vt -0.051761 2.752848 0.000000
vt -0.051764 2.800500 0.000000
vt -0.051764 2.850725 0.000000
vt -0.077627 2.950404 0.000000
vt -0.051757 3.000535 0.000000
vt -0.077627 3.000536 0.000000
vt -0.077627 3.050605 0.000000
vt -0.103528 3.050545 0.000000
vt -0.077627 3.100481 0.000000
vt -0.103528 3.100554 0.000000
vt -0.077627 3.150407 0.000000
vt -0.103528 3.150563 0.000000
vt -0.077627 3.200571 0.000000
vt -0.103528 3.200572 0.000000
vt -0.103528 3.250581 0.000000
vt -0.077627 3.250647 0.000000
vt -0.077627 3.300533 0.000000
vt -0.051747 3.300477 0.000000
vt -0.051764 3.350371 0.000000
vt -0.051738 3.050664 0.000000
vt -0.051747 3.100408 0.000000
vt -0.051762 3.150251 0.000000
vt -0.051746 3.200570 0.000000
vt -0.051727 3.250713 0.000000
vt -0.077627 3.350485 0.000000
vt -0.051742 3.400605 0.000000
vt -0.077627 3.400607 0.000000
vt -0.077627 3.450679 0.000000
vt -0.103528 3.450617 0.000000
vt -0.077627 3.500582 0.000000
vt -0.103528 3.500625 0.000000
vt -0.077627 3.550558 0.000000
vt -0.103528 3.550634 0.000000
vt -0.077627 3.600643 0.000000
vt -0.103528 3.600643 0.000000
vt -0.103528 3.650652 0.000000
vt -0.077627 3.650709 0.000000
vt -0.077627 3.700640 0.000000
vt -0.051762 3.700619 0.000000
vt -0.051771 3.750556 0.000000
vt -0.051730 3.450742 0.000000
vt -0.051755 3.500539 0.000000
vt -0.051764 3.550481 0.000000
vt -0.051749 3.600642 0.000000
vt -0.051742 3.650765 0.000000
vt -0.077627 3.750613 0.000000
vt -0.051762 3.800679 0.000000
vt -0.077627 3.800679 0.000000
vt -0.077627 3.850743 0.000000
vt -0.103528 3.850688 0.000000
vt -0.103528 3.900697 0.000000
vt -0.077627 3.900711 0.000000
vt -0.077627 3.950650 0.000000
vt -0.051782 3.950595 0.000000
vt -0.051775 4.000716 0.000000
vt -0.051755 3.850798 0.000000
vt -0.051764 3.900724 0.000000
vt -0.051762 4.050865 0.000000
vt -0.077627 4.050794 0.000000
vt -0.077627 4.000715 0.000000
vt -0.103528 3.950706 0.000000
vt -0.077627 4.100772 0.000000
vt -0.051770 4.100811 0.000000
vt -0.051792 4.150619 0.000000
vt -0.077627 4.150680 0.000000
vt -0.051782 4.200752 0.000000
vt -0.077627 4.200752 0.000000
vt -0.077627 4.250864 0.000000
vt -0.103528 4.250759 0.000000
vt -0.103528 4.300768 0.000000
vt -0.077627 4.300822 0.000000
vt -0.077627 4.350711 0.000000
vt -0.051796 4.350645 0.000000
vt -0.051781 4.400788 0.000000
vt -0.051764 4.250968 0.000000
vt -0.051776 4.300875 0.000000
vt -0.051765 4.451093 0.000000
vt -0.077627 4.450944 0.000000
vt -0.077627 4.400787 0.000000
vt -0.103528 4.350777 0.000000
vt -0.077627 4.500873 0.000000
vt -0.051777 4.500942 0.000000
vt -0.051788 4.550689 0.000000
vt -0.077627 4.550751 0.000000
vt -0.051772 4.600823 0.000000
vt -0.077627 4.600822 0.000000
vt -0.077627 4.650831 0.000000
vt -0.103528 4.650831 0.000000
vt -0.103528 4.700840 0.000000
vt -0.077627 4.700840 0.000000
vt -0.103528 4.750849 0.000000
vt -0.077627 4.750849 0.000000
vt -0.103528 4.800858 0.000000
vt -0.077627 4.800858 0.000000
vt -0.103528 4.850867 0.000000
vt -0.077627 4.850977 0.000000
vt -0.077627 4.900867 0.000000
vt -0.051764 4.900858 0.000000
vt -0.051764 4.950641 0.000000
vt -0.051765 4.653396 0.000000
vt -0.051766 4.704002 0.000000
vt -0.051764 4.753037 0.000000
vt -0.051764 4.800858 0.000000
vt -0.051764 4.851088 0.000000
vt -0.077627 4.950763 0.000000
vt -0.051758 5.000893 0.000000
vt -0.077627 5.000893 0.000000
vt -0.077627 5.050960 0.000000
vt -0.103528 5.050902 0.000000
vt -0.077627 5.100835 0.000000
vt -0.103528 5.100911 0.000000
vt -0.077627 5.150759 0.000000
vt -0.103528 5.150920 0.000000
vt -0.077627 5.200929 0.000000
vt -0.103528 5.200929 0.000000
vt -0.103528 5.250938 0.000000
vt -0.077627 5.251011 0.000000
vt -0.103528 5.300947 0.000000
vt -0.077627 5.300953 0.000000
vt -0.077627 5.350884 0.000000
vt -0.051778 5.350812 0.000000
vt -0.051772 5.400966 0.000000
vt -0.051740 5.051018 0.000000
vt -0.051748 5.100759 0.000000
vt -0.051762 5.150598 0.000000
vt -0.051754 5.200928 0.000000
vt -0.051751 5.251085 0.000000
vt -0.051764 5.300958 0.000000
vt -0.077627 5.400965 0.000000
vt -0.051764 5.426749 0.000000
vt -0.077627 5.437257 0.000000
vt -0.103528 5.473550 0.000000
vt -0.103528 5.437257 0.000000
vt -0.103528 5.400965 0.000000
vt -0.103528 5.350956 0.000000
vt -0.103528 5.000894 0.000000
vt -0.103528 4.950885 0.000000
vt -0.103528 4.900876 0.000000
vt -0.103528 4.600822 0.000000
vt -0.103528 4.550813 0.000000
vt -0.103528 4.500804 0.000000
vt -0.103528 4.450795 0.000000
vt -0.103528 4.400786 0.000000
vt -0.103528 4.200751 0.000000
vt -0.103528 4.150742 0.000000
vt -0.103528 4.100733 0.000000
vt -0.103528 4.050724 0.000000
vt -0.103528 4.000715 0.000000
vt -0.103528 3.800679 0.000000
vt -0.103528 3.750670 0.000000
vt -0.103528 3.700661 0.000000
vt -0.103528 3.400608 0.000000
vt -0.103528 3.350599 0.000000
vt -0.103528 3.300590 0.000000
vt -0.103528 3.000536 0.000000
vt -0.103528 2.950527 0.000000
vt -0.103528 2.900518 0.000000
vt -0.103528 2.600465 0.000000
vt -0.103528 2.550456 0.000000
vt -0.103528 2.500447 0.000000
vt -0.103528 2.450438 0.000000
vt -0.103528 2.400429 0.000000
vt -0.103528 2.200393 0.000000
vt -0.103528 2.150384 0.000000
vt -0.103528 2.100375 0.000000
vt -0.103528 2.050366 0.000000
vt -0.103528 2.000357 0.000000
vt -0.103528 1.600286 0.000000
vt -0.103528 1.550277 0.000000
vt -0.103528 1.500268 0.000000
vt -0.103528 1.200214 0.000000
vt -0.103528 1.150206 0.000000
vt -0.103528 1.100197 0.000000
vt -0.103528 1.050188 0.000000
vt -0.103528 1.000179 0.000000
vt -0.250002 -0.948035 0.000000
vt -0.308064 -0.959467 0.000000
vt -0.250002 -1.012626 0.000000
vt -0.322214 -1.009798 0.000000
vt -0.336364 -1.060128 0.000000
vt -0.293643 -0.908818 0.000000
vt -0.250002 -0.883445 0.000000
vt -0.279222 -0.858169 0.000000
vt -0.250002 -0.818855 0.000000
vt -0.265071 -0.807838 0.000000
vt -0.250002 -0.754265 0.000000
vt -0.263972 -1.062269 0.000000
vt -0.350786 -1.110777 0.000000
vt -0.278194 -1.112209 0.000000
vt -0.365207 -1.161427 0.000000
vt -0.292409 -1.162140 0.000000
vt -0.379357 -1.211757 0.000000
vt -0.306357 -1.211757 0.000000
vt -0.320507 -1.262088 0.000000
vt -0.393507 -1.262088 0.000000
vt -0.334929 -1.312737 0.000000
vt -0.407929 -1.312737 0.000000
vt -0.349350 -1.363386 0.000000
vt -0.422350 -1.363386 0.000000
vt -0.363500 -1.413717 0.000000
vt -0.436500 -1.413717 0.000000
vt -0.363500 1.413717 0.000000
vt -0.436500 1.413717 0.000000
vt -0.377650 1.363386 0.000000
vt -0.450650 1.363386 0.000000
vt -0.392071 1.312737 0.000000
vt -0.465071 1.312737 0.000000
vt -0.406493 1.262088 0.000000
vt -0.479493 1.262088 0.000000
vt -0.420643 1.211757 0.000000
vt -0.493643 1.211757 0.000000
vt -0.434793 1.161427 0.000000
vt -0.507793 1.161427 0.000000
vt -0.449214 1.110777 0.000000
vt -0.522214 1.110777 0.000000
vt -0.463636 1.060128 0.000000
vt -0.536636 1.060128 0.000000
vt -0.477786 1.009798 0.000000
vt -0.550786 1.009798 0.000000
vt -0.491936 0.959467 0.000000
vt -0.564936 0.959467 0.000000
vt -0.506357 0.908818 0.000000
vt -0.579357 0.908818 0.000000
vt -0.520778 0.858169 0.000000
vt -0.593778 0.858169 0.000000
vt -0.534929 0.807838 0.000000
vt -0.607929 0.807838 0.000000
vt -0.549079 0.757508 0.000000
vt -0.622079 0.757508 0.000000
vt -0.563500 0.706858 0.000000
vt -0.636500 0.706858 0.000000
vt -0.577921 0.656209 0.000000
vt -0.650921 0.656209 0.000000
vt -0.592071 0.605879 0.000000
vt -0.665071 0.605879 0.000000
vt -0.606222 0.555548 0.000000
vt -0.679222 0.555548 0.000000
vt -0.620643 0.504899 0.000000
vt -0.693643 0.504899 0.000000
vt -0.635064 0.454250 0.000000
vt -0.708064 0.454250 0.000000
vt -0.649214 0.403919 0.000000
vt -0.722214 0.403919 0.000000
vt -0.663364 0.353589 0.000000
vt -0.736364 0.353589 0.000000
vt -0.677786 0.302939 0.000000
vt -0.750786 0.302939 0.000000
vt -0.692207 0.252290 0.000000
vt -0.765207 0.252290 0.000000
vt -0.706357 0.201960 0.000000
vt -0.779357 0.201960 0.000000
vt -0.720507 0.151629 0.000000
vt -0.793507 0.151629 0.000000
vt -0.734929 0.100980 0.000000
vt -0.807929 0.100980 0.000000
vt -0.749350 0.050330 0.000000
vt -0.822350 0.050330 0.000000
vt -0.763500 0.000000 0.000000
vt -0.836500 0.000000 0.000000
vt -0.777650 -0.050330 0.000000
vt -0.850650 -0.050330 0.000000
vt -0.792071 -0.100980 0.000000
vt -0.865071 -0.100980 0.000000
vt -0.806493 -0.151629 0.000000
vt -0.879493 -0.151629 0.000000
vt -0.820643 -0.201960 0.000000
vt -0.893643 -0.201960 0.000000
vt -0.834793 -0.252290 0.000000
vt -0.907793 -0.252290 0.000000
vt -0.849214 -0.302939 0.000000
vt -0.922214 -0.302939 0.000000
vt -0.863636 -0.353589 0.000000
vt -0.936636 -0.353589 0.000000
vt -0.877786 -0.403919 0.000000
vt -0.950786 -0.403919 0.000000
vt -0.891936 -0.454250 0.000000
vt -0.964936 -0.454250 0.000000
vt -0.906357 -0.504899 0.000000
vt -0.979357 -0.504899 0.000000
vt -0.920778 -0.555548 0.000000
vt -0.993778 -0.555548 0.000000
vt -0.934929 -0.605879 0.000000
vt -1.007929 -0.605879 0.000000
vt -0.949079 -0.656209 0.000000
vt -1.022079 -0.656209 0.000000
vt -0.963500 -0.706858 0.000000
vt -1.036500 -0.706858 0.000000
vt -0.977921 -0.757508 0.000000
vt -1.050921 -0.757508 0.000000
vt -0.992071 -0.807838 0.000000
vt -1.065071 -0.807838 0.000000
vt -1.006222 -0.858169 0.000000
vt -1.079222 -0.858169 0.000000
vt -1.020643 -0.908818 0.000000
vt -1.093643 -0.908818 0.000000
vt -1.035064 -0.959467 0.000000
vt -1.108064 -0.959467 0.000000
vt -1.049214 -1.009798 0.000000
vt -1.122214 -1.009798 0.000000
vt -1.063364 -1.060128 0.000000
vt -1.136364 -1.060128 0.000000
vt -1.077786 -1.110777 0.000000
vt -1.150786 -1.110777 0.000000
vt -1.092207 -1.161427 0.000000
vt -1.165207 -1.161427 0.000000
vt -1.106357 -1.211757 0.000000
vt -1.179357 -1.211757 0.000000
vt -1.120507 -1.262088 0.000000
vt -1.193507 -1.262088 0.000000
vt -1.134929 -1.312737 0.000000
vt -1.207929 -1.312737 0.000000
vt -1.149350 -1.363386 0.000000
vt -1.222350 -1.363386 0.000000
vt -1.163500 -1.413717 0.000000
vt -1.236500 -1.413717 0.000000
vt -1.163500 1.413717 0.000000
vt -1.236500 1.413717 0.000000
vt -1.177650 1.363386 0.000000
vt -1.250650 1.363386 0.000000
vt -1.192071 1.312737 0.000000
vt -1.265071 1.312737 0.000000
vt -1.206493 1.262088 0.000000
vt -1.279493 1.262088 0.000000
vt -1.220643 1.211757 0.000000
vt -1.293643 1.211757 0.000000
vt -1.234793 1.161427 0.000000
vt -1.307793 1.161427 0.000000
vt -1.249214 1.110777 0.000000
vt -1.322214 1.110777 0.000000
vt -1.263636 1.060128 0.000000
vt -1.336636 1.060128 0.000000
vt -1.277786 1.009798 0.000000
vt -1.350786 1.009798 0.000000
vt -1.291936 0.959467 0.000000
vt -1.364936 0.959467 0.000000
vt -1.306357 0.908818 0.000000
vt -1.379357 0.908818 0.000000
vt -1.320778 0.858169 0.000000
vt -1.393778 0.858169 0.000000
vt -1.334929 0.807838 0.000000
vt -1.407929 0.807838 0.000000
vt -1.349079 0.757508 0.000000
vt -1.422079 0.757508 0.000000
vt -1.363500 0.706858 0.000000
vt -1.436500 0.706858 0.000000
vt -1.377921 0.656209 0.000000
vt -1.450921 0.656209 0.000000
vt -1.392071 0.605879 0.000000
vt -1.465071 0.605879 0.000000
vt -1.406222 0.555548 0.000000
vt -1.479222 0.555548 0.000000
vt -1.420643 0.504899 0.000000
vt -1.493643 0.504899 0.000000
vt -1.435064 0.454250 0.000000
vt -1.508064 0.454250 0.000000
vt -1.449214 0.403919 0.000000
vt -1.522214 0.403919 0.000000
vt -1.463364 0.353589 0.000000
vt -1.536364 0.353589 0.000000
vt -1.477786 0.302939 0.000000
vt -1.550786 0.302939 0.000000
vt -1.492207 0.252290 0.000000
vt -1.565207 0.252290 0.000000
vt -1.506357 0.201960 0.000000
vt -1.579357 0.201960 0.000000
vt -1.589588 0.165479 0.000000
vt -1.520507 0.151629 0.000000
vt -1.600000 0.128785 0.000000
vt -1.534929 0.100980 0.000000
vt -1.600000 0.064392 0.000000
vt -1.549350 0.050330 0.000000
vt -1.600000 -0.000000 0.000000
vt -1.563500 0.000000 0.000000
vt -1.581590 -0.064204 0.000000
vt -1.600000 -0.064392 0.000000
vt -1.600000 -0.128785 0.000000
vt -0.051763 1.075346 0.000000
vt -0.051764 1.038416 0.000000
vt -0.025901 1.040390 0.000000
vt -0.025491 1.014832 0.000000
vt -0.000000 1.040390 0.000000
vt -0.000000 0.991645 0.000000
vt -0.025901 1.089135 0.000000
vt -0.000000 1.089135 0.000000
vt -0.025901 1.137880 0.000000
vt -0.000000 1.137880 0.000000
vt -0.025901 1.186624 0.000000
vt -0.000000 1.186624 0.000000
vt -0.000000 1.236067 0.000000
vt -0.025901 1.236123 0.000000
vt -0.000000 1.285510 0.000000
vt -0.025901 1.285492 0.000000
vt -0.025901 1.334897 0.000000
vt -0.051771 1.334842 0.000000
vt -0.051763 1.384395 0.000000
vt -0.025901 1.384395 0.000000
vt -0.025901 1.433893 0.000000
vt -0.000000 1.433838 0.000000
vt -0.000000 1.483281 0.000000
vt -0.000000 1.334952 0.000000
vt -0.000000 1.384395 0.000000
vt -0.000000 1.532723 0.000000
vt -0.025901 1.532668 0.000000
vt -0.025901 1.483297 0.000000
vt -0.051756 1.433948 0.000000
vt -0.000000 1.582166 0.000000
vt -0.025901 1.582167 0.000000
vt -0.051784 1.532612 0.000000
vt -0.051777 1.582167 0.000000
vt -0.025901 1.631681 0.000000
vt -0.051763 1.631752 0.000000
vt -0.025901 1.681092 0.000000
vt -0.051771 1.681132 0.000000
vt -0.025901 1.730433 0.000000
vt -0.051797 1.730372 0.000000
vt -0.025901 1.779938 0.000000
vt -0.051785 1.779939 0.000000
vt -0.025901 1.829486 0.000000
vt -0.051764 1.829592 0.000000
vt -0.025901 1.878876 0.000000
vt -0.051779 1.878930 0.000000
vt -0.025901 1.928199 0.000000
vt -0.051801 1.928134 0.000000
vt -0.025901 1.977708 0.000000
vt -0.051782 1.977709 0.000000
vt -0.025901 2.027299 0.000000
vt -0.051765 2.027448 0.000000
vt -0.025901 2.076662 0.000000
vt -0.051781 2.076731 0.000000
vt -0.025901 2.125975 0.000000
vt -0.051792 2.125914 0.000000
vt -0.025901 2.175478 0.000000
vt -0.051772 2.175479 0.000000
vt -0.025901 2.224921 0.000000
vt -0.051763 2.227462 0.000000
vt -0.025901 2.274363 0.000000
vt -0.051767 2.277494 0.000000
vt -0.025901 2.323806 0.000000
vt -0.051770 2.325973 0.000000
vt -0.025901 2.373249 0.000000
vt -0.051764 2.373249 0.000000
vt -0.025901 2.422800 0.000000
vt -0.051764 2.422909 0.000000
vt -0.025901 2.472125 0.000000
vt -0.051764 2.472116 0.000000
vt -0.051764 2.521336 0.000000
vt -0.025901 2.521456 0.000000
vt -0.051758 2.571019 0.000000
vt -0.025901 2.571019 0.000000
vt -0.025901 2.620520 0.000000
vt -0.000000 2.620462 0.000000
vt -0.025901 2.669831 0.000000
vt -0.000000 2.669905 0.000000
vt -0.025901 2.719191 0.000000
vt -0.000000 2.719348 0.000000
vt -0.025901 2.768790 0.000000
vt -0.000000 2.768790 0.000000
vt -0.000000 2.818233 0.000000
vt -0.000000 1.631609 0.000000
vt -0.000000 1.681051 0.000000
vt -0.000000 1.730494 0.000000
vt -0.000000 1.779937 0.000000
vt -0.000000 1.829379 0.000000
vt -0.000000 1.878822 0.000000
vt -0.000000 1.928265 0.000000
vt -0.000000 1.977707 0.000000
vt -0.000000 2.027150 0.000000
vt -0.000000 2.076593 0.000000
vt -0.000000 2.126035 0.000000
vt -0.000000 2.175478 0.000000
vt -0.000000 2.224921 0.000000
vt -0.000000 2.274363 0.000000
vt -0.000000 2.323806 0.000000
vt -0.000000 2.373249 0.000000
vt -0.000000 2.422692 0.000000
vt -0.000000 2.472134 0.000000
vt -0.000000 2.521577 0.000000
vt -0.000000 2.571020 0.000000
vt -0.025901 2.818299 0.000000
vt -0.000000 2.867676 0.000000
vt -0.025901 2.867620 0.000000
vt -0.025901 2.917004 0.000000
vt -0.051764 2.916890 0.000000
vt -0.051745 2.966559 0.000000
vt -0.025901 2.966560 0.000000
vt -0.025901 3.016066 0.000000
vt -0.000000 3.016004 0.000000
vt -0.000000 3.065446 0.000000
vt -0.000000 2.917118 0.000000
vt -0.000000 2.966561 0.000000
vt -0.000000 3.114889 0.000000
vt -0.025901 3.114813 0.000000
vt -0.025901 3.065404 0.000000
vt -0.051734 3.016128 0.000000
vt -0.025901 3.164331 0.000000
vt -0.000000 3.164332 0.000000
vt -0.000000 3.213774 0.000000
vt -0.025901 3.213831 0.000000
vt -0.000000 3.263217 0.000000
vt -0.025901 3.263196 0.000000
vt -0.025901 3.312603 0.000000
vt -0.051770 3.312547 0.000000
vt -0.051762 3.362102 0.000000
vt -0.025901 3.362102 0.000000
vt -0.025901 3.411600 0.000000
vt -0.000000 3.411545 0.000000
vt -0.000000 3.460988 0.000000
vt -0.000000 3.312660 0.000000
vt -0.000000 3.362103 0.000000
vt -0.000000 3.510431 0.000000
vt -0.025901 3.510376 0.000000
vt -0.025901 3.461001 0.000000
vt -0.051755 3.411654 0.000000
vt -0.000000 3.559873 0.000000
vt -0.025901 3.559874 0.000000
vt -0.051782 3.510321 0.000000
vt -0.051776 3.559874 0.000000
vt -0.025901 3.609385 0.000000
vt -0.051762 3.609455 0.000000
vt -0.025901 3.658797 0.000000
vt -0.051770 3.658836 0.000000
vt -0.025901 3.708141 0.000000
vt -0.051795 3.708081 0.000000
vt -0.025901 3.757645 0.000000
vt -0.051785 3.757646 0.000000
vt -0.025901 3.807189 0.000000
vt -0.051764 3.807290 0.000000
vt -0.025901 3.856582 0.000000
vt -0.051779 3.856635 0.000000
vt -0.025901 3.905907 0.000000
vt -0.051802 3.905842 0.000000
vt -0.025901 3.955416 0.000000
vt -0.051783 3.955417 0.000000
vt -0.025901 4.005003 0.000000
vt -0.051765 4.005148 0.000000
vt -0.025901 4.054367 0.000000
vt -0.051781 4.054435 0.000000
vt -0.025901 4.103681 0.000000
vt -0.051794 4.103619 0.000000
vt -0.025901 4.153186 0.000000
vt -0.051773 4.153186 0.000000
vt -0.025901 4.202628 0.000000
vt -0.051764 4.205001 0.000000
vt -0.025901 4.252071 0.000000
vt -0.051770 4.254984 0.000000
vt -0.025901 4.301514 0.000000
vt -0.051774 4.303514 0.000000
vt -0.025901 4.350956 0.000000
vt -0.051764 4.350956 0.000000
vt -0.025901 4.400511 0.000000
vt -0.051764 4.400623 0.000000
vt -0.025901 4.449836 0.000000
vt -0.051764 4.449830 0.000000
vt -0.051764 4.499047 0.000000
vt -0.025901 4.499165 0.000000
vt -0.051759 4.548727 0.000000
vt -0.025901 4.548727 0.000000
vt -0.025901 4.598226 0.000000
vt -0.000000 4.598170 0.000000
vt -0.025901 4.647536 0.000000
vt -0.000000 4.647612 0.000000
vt -0.025901 4.696895 0.000000
vt -0.000000 4.697055 0.000000
vt -0.025901 4.746497 0.000000
vt -0.000000 4.746498 0.000000
vt -0.000000 4.795940 0.000000
vt -0.000000 3.609316 0.000000
vt -0.000000 3.658759 0.000000
vt -0.000000 3.708201 0.000000
vt -0.000000 3.757644 0.000000
vt -0.000000 3.807087 0.000000
vt -0.000000 3.856529 0.000000
vt -0.000000 3.905972 0.000000
vt -0.000000 3.955415 0.000000
vt -0.000000 4.004857 0.000000
vt -0.000000 4.054300 0.000000
vt -0.000000 4.103743 0.000000
vt -0.000000 4.153185 0.000000
vt -0.000000 4.202628 0.000000
vt -0.000000 4.252071 0.000000
vt -0.000000 4.301514 0.000000
vt -0.000000 4.350956 0.000000
vt -0.000000 4.400399 0.000000
vt -0.000000 4.449842 0.000000
vt -0.000000 4.499284 0.000000
vt -0.000000 4.548727 0.000000
vt -0.025901 4.796006 0.000000
vt -0.000000 4.845383 0.000000
vt -0.025901 4.845326 0.000000
vt -0.025901 4.894706 0.000000
vt -0.051764 4.894587 0.000000
vt -0.051745 4.944266 0.000000
vt -0.025901 4.944267 0.000000
vt -0.025901 4.993774 0.000000
vt -0.000000 4.993711 0.000000
vt -0.000000 5.043154 0.000000
vt -0.000000 4.894826 0.000000
vt -0.000000 4.944268 0.000000
vt -0.000000 5.092596 0.000000
vt -0.025901 5.092517 0.000000
vt -0.025901 5.043109 0.000000
vt -0.051733 4.993837 0.000000
vt -0.025901 5.142038 0.000000
vt -0.000000 5.142039 0.000000
vt -0.000000 5.191482 0.000000
vt -0.025901 5.191539 0.000000
vt -0.000000 5.240925 0.000000
vt -0.025901 5.240900 0.000000
vt -0.025901 5.290310 0.000000
vt -0.051769 5.290252 0.000000
vt -0.051760 5.339810 0.000000
vt -0.025901 5.339810 0.000000
vt -0.025901 5.389307 0.000000
vt -0.000000 5.389253 0.000000
vt -0.000000 5.438695 0.000000
vt -0.000000 5.290367 0.000000
vt -0.000000 5.339810 0.000000
vt -0.000000 5.488138 0.000000
vt -0.025901 5.488083 0.000000
vt -0.025901 5.438705 0.000000
vt -0.051754 5.389361 0.000000
vt -0.000000 5.537581 0.000000
vt -0.025901 5.537581 0.000000
vt -0.051781 5.488029 0.000000
vt -0.051775 5.537582 0.000000
vt -0.025901 5.580696 0.000000
vt -0.051762 5.580742 0.000000
vt -0.025901 5.623733 0.000000
vt -0.051764 5.623746 0.000000
vt -0.051764 5.666713 0.000000
vt -0.025901 5.666754 0.000000
vt -0.051764 5.709860 0.000000
vt -0.000000 5.663589 0.000000
vt -0.000000 5.600585 0.000000
vt -0.051764 5.438715 0.000000
vt -0.051762 5.240876 0.000000
vt -0.051742 5.191595 0.000000
vt -0.051749 5.142038 0.000000
vt -0.051764 5.092438 0.000000
vt -0.051756 5.043065 0.000000
vt -0.051750 4.845268 0.000000
vt -0.051733 4.796071 0.000000
vt -0.051750 4.746496 0.000000
vt -0.051763 4.696734 0.000000
vt -0.051753 4.647460 0.000000
vt -0.051745 4.598282 0.000000
vt -0.051764 3.461014 0.000000
vt -0.051762 3.263175 0.000000
vt -0.051743 3.213887 0.000000
vt -0.051750 3.164330 0.000000
vt -0.051764 3.114737 0.000000
vt -0.051756 3.065361 0.000000
vt -0.051750 2.867564 0.000000
vt -0.051732 2.818364 0.000000
vt -0.051749 2.768789 0.000000
vt -0.051763 2.719035 0.000000
vt -0.051752 2.669757 0.000000
vt -0.051743 2.620578 0.000000
vt -0.051765 1.483313 0.000000
vt -0.051763 1.285474 0.000000
vt -0.051744 1.236179 0.000000
vt -0.051751 1.186623 0.000000
vt -0.051765 1.149399 0.000000
vt -0.051764 1.112314 0.000000
vt -0.051771 1.075451 0.000000
vt -0.051764 1.038416 0.000000
vt -0.025901 1.040390 0.000000
vt -0.025491 1.014832 0.000000
vt -0.000000 1.040390 0.000000
vt -0.000000 0.991646 0.000000
vt -0.025901 1.089135 0.000000
vt -0.000000 1.089135 0.000000
vt -0.025901 1.137880 0.000000
vt -0.000000 1.137880 0.000000
vt -0.000000 1.186625 0.000000
vt -0.025901 1.186625 0.000000
vt -0.000000 1.236067 0.000000
vt -0.025901 1.236189 0.000000
vt -0.000000 1.285510 0.000000
vt -0.025901 1.285521 0.000000
vt -0.025901 1.334845 0.000000
vt -0.051764 1.334738 0.000000
vt -0.051764 1.384395 0.000000
vt -0.025901 1.384395 0.000000
vt -0.051765 1.431552 0.000000
vt -0.025901 1.433838 0.000000
vt -0.051763 1.479993 0.000000
vt -0.025901 1.483281 0.000000
vt -0.051762 1.530063 0.000000
vt -0.025901 1.532723 0.000000
vt -0.051757 1.582165 0.000000
vt -0.025901 1.582166 0.000000
vt -0.025901 1.631669 0.000000
vt -0.000000 1.631609 0.000000
vt -0.025901 1.680982 0.000000
vt -0.000000 1.681052 0.000000
vt -0.025901 1.730344 0.000000
vt -0.000000 1.730494 0.000000
vt -0.025901 1.779936 0.000000
vt -0.000000 1.779937 0.000000
vt -0.000000 1.829380 0.000000
vt -0.000000 1.334953 0.000000
vt -0.000000 1.384395 0.000000
vt -0.000000 1.433838 0.000000
vt -0.000000 1.483281 0.000000
vt -0.000000 1.532723 0.000000
vt -0.000000 1.582166 0.000000
vt -0.025901 1.829445 0.000000
vt -0.000000 1.878822 0.000000
vt -0.025901 1.878769 0.000000
vt -0.025901 1.928159 0.000000
vt -0.051764 1.928052 0.000000
vt -0.051745 1.977706 0.000000
vt -0.025901 1.977707 0.000000
vt -0.025901 2.027212 0.000000
vt -0.000000 2.027150 0.000000
vt -0.000000 2.076593 0.000000
vt -0.000000 1.928265 0.000000
vt -0.000000 1.977708 0.000000
vt -0.000000 2.126036 0.000000
vt -0.025901 2.125964 0.000000
vt -0.025901 2.076553 0.000000
vt -0.051735 2.027273 0.000000
vt -0.025901 2.175478 0.000000
vt -0.000000 2.175479 0.000000
vt -0.000000 2.224921 0.000000
vt -0.025901 2.224977 0.000000
vt -0.000000 2.274364 0.000000
vt -0.025901 2.274348 0.000000
vt -0.025901 2.323752 0.000000
vt -0.051772 2.323697 0.000000
vt -0.025901 2.373249 0.000000
vt -0.051764 2.373249 0.000000
vt -0.025901 2.422747 0.000000
vt -0.051756 2.422803 0.000000
vt -0.025901 2.472153 0.000000
vt -0.051765 2.472172 0.000000
vt -0.025901 2.521522 0.000000
vt -0.051785 2.521466 0.000000
vt -0.025901 2.571021 0.000000
vt -0.051778 2.571021 0.000000
vt -0.025901 2.620537 0.000000
vt -0.051763 2.620610 0.000000
vt -0.025901 2.669947 0.000000
vt -0.051772 2.669988 0.000000
vt -0.025901 2.719287 0.000000
vt -0.051797 2.719225 0.000000
vt -0.025901 2.768792 0.000000
vt -0.051785 2.768793 0.000000
vt -0.025901 2.818343 0.000000
vt -0.051764 2.818452 0.000000
vt -0.025901 2.867731 0.000000
vt -0.051780 2.867786 0.000000
vt -0.025901 2.917053 0.000000
vt -0.051801 2.916988 0.000000
vt -0.025901 2.966562 0.000000
vt -0.051782 2.966563 0.000000
vt -0.025901 3.016157 0.000000
vt -0.051765 3.016309 0.000000
vt -0.025901 3.065518 0.000000
vt -0.051780 3.065590 0.000000
vt -0.025901 3.114830 0.000000
vt -0.051790 3.114771 0.000000
vt -0.025901 3.164333 0.000000
vt -0.051771 3.164333 0.000000
vt -0.025901 3.213897 0.000000
vt -0.051764 3.214018 0.000000
vt -0.025901 3.263230 0.000000
vt -0.051764 3.263242 0.000000
vt -0.051764 3.312448 0.000000
vt -0.025901 3.312554 0.000000
vt -0.051764 3.362103 0.000000
vt -0.025901 3.362103 0.000000
vt -0.051766 3.409201 0.000000
vt -0.025901 3.411546 0.000000
vt -0.051764 3.457623 0.000000
vt -0.025901 3.460989 0.000000
vt -0.051762 3.507708 0.000000
vt -0.025901 3.510431 0.000000
vt -0.051757 3.559873 0.000000
vt -0.025901 3.559874 0.000000
vt -0.025901 3.609376 0.000000
vt -0.000000 3.609317 0.000000
vt -0.025901 3.658688 0.000000
vt -0.000000 3.658759 0.000000
vt -0.025901 3.708049 0.000000
vt -0.000000 3.708202 0.000000
vt -0.025901 3.757644 0.000000
vt -0.000000 3.757645 0.000000
vt -0.000000 3.807087 0.000000
vt -0.000000 2.323807 0.000000
vt -0.000000 2.373249 0.000000
vt -0.000000 2.422692 0.000000
vt -0.000000 2.472135 0.000000
vt -0.000000 2.521577 0.000000
vt -0.000000 2.571020 0.000000
vt -0.000000 2.620463 0.000000
vt -0.000000 2.669905 0.000000
vt -0.000000 2.719348 0.000000
vt -0.000000 2.768791 0.000000
vt -0.000000 2.818234 0.000000
vt -0.000000 2.867676 0.000000
vt -0.000000 2.917119 0.000000
vt -0.000000 2.966562 0.000000
vt -0.000000 3.016004 0.000000
vt -0.000000 3.065447 0.000000
vt -0.000000 3.114890 0.000000
vt -0.000000 3.164332 0.000000
vt -0.000000 3.213775 0.000000
vt -0.000000 3.263218 0.000000
vt -0.000000 3.312660 0.000000
vt -0.000000 3.362103 0.000000
vt -0.000000 3.411546 0.000000
vt -0.000000 3.460989 0.000000
vt -0.000000 3.510431 0.000000
vt -0.000000 3.559874 0.000000
vt -0.025901 3.807153 0.000000
vt -0.000000 3.856530 0.000000
vt -0.025901 3.856475 0.000000
vt -0.025901 3.905861 0.000000
vt -0.051764 3.905750 0.000000
vt -0.051745 3.955414 0.000000
vt -0.025901 3.955415 0.000000
vt -0.025901 4.004920 0.000000
vt -0.000000 4.004858 0.000000
vt -0.000000 4.054301 0.000000
vt -0.000000 3.905973 0.000000
vt -0.000000 3.955415 0.000000
vt -0.000000 4.103744 0.000000
vt -0.025901 4.103669 0.000000
vt -0.025901 4.054259 0.000000
vt -0.051734 4.004982 0.000000
vt -0.025901 4.153186 0.000000
vt -0.000000 4.153186 0.000000
vt -0.000000 4.202629 0.000000
vt -0.025901 4.202685 0.000000
vt -0.000000 4.252072 0.000000
vt -0.025901 4.252052 0.000000
vt -0.025901 4.301458 0.000000
vt -0.051771 4.301403 0.000000
vt -0.051762 4.350957 0.000000
vt -0.025901 4.350957 0.000000
vt -0.025901 4.400454 0.000000
vt -0.000000 4.400400 0.000000
vt -0.000000 4.449842 0.000000
vt -0.000000 4.301514 0.000000
vt -0.000000 4.350957 0.000000
vt -0.000000 4.499285 0.000000
vt -0.025901 4.499230 0.000000
vt -0.025901 4.449857 0.000000
vt -0.051755 4.400509 0.000000
vt -0.000000 4.548728 0.000000
vt -0.025901 4.548728 0.000000
vt -0.051783 4.499175 0.000000
vt -0.051777 4.548729 0.000000
vt -0.025901 4.598241 0.000000
vt -0.051763 4.598312 0.000000
vt -0.025901 4.647652 0.000000
vt -0.051771 4.647692 0.000000
vt -0.025901 4.696995 0.000000
vt -0.051796 4.696934 0.000000
vt -0.025901 4.746500 0.000000
vt -0.051785 4.746501 0.000000
vt -0.025901 4.796046 0.000000
vt -0.051764 4.796150 0.000000
vt -0.025901 4.845437 0.000000
vt -0.051779 4.845491 0.000000
vt -0.025901 4.894761 0.000000
vt -0.051801 4.894696 0.000000
vt -0.025901 4.944270 0.000000
vt -0.051783 4.944271 0.000000
vt -0.025901 4.993861 0.000000
vt -0.051765 4.994009 0.000000
vt -0.025901 5.043224 0.000000
vt -0.051781 5.043293 0.000000
vt -0.025901 5.092537 0.000000
vt -0.051792 5.092476 0.000000
vt -0.025901 5.142041 0.000000
vt -0.051772 5.142041 0.000000
vt -0.025901 5.191483 0.000000
vt -0.051763 5.194074 0.000000
vt -0.025901 5.240926 0.000000
vt -0.051767 5.244123 0.000000
vt -0.025901 5.290368 0.000000
vt -0.051770 5.292587 0.000000
vt -0.025901 5.339811 0.000000
vt -0.051764 5.339811 0.000000
vt -0.025901 5.389362 0.000000
vt -0.051764 5.389470 0.000000
vt -0.025901 5.438686 0.000000
vt -0.051764 5.438676 0.000000
vt -0.051764 5.487896 0.000000
vt -0.025901 5.488017 0.000000
vt -0.051760 5.537581 0.000000
vt -0.025901 5.537581 0.000000
vt -0.025901 5.580724 0.000000
vt -0.000000 5.600586 0.000000
vt -0.025901 5.623755 0.000000
vt -0.000000 5.663590 0.000000
vt -0.025901 5.666765 0.000000
vt -0.051764 5.709861 0.000000
vt -0.051764 5.666735 0.000000
vt -0.000000 4.598170 0.000000
vt -0.000000 4.647613 0.000000
vt -0.000000 4.697056 0.000000
vt -0.000000 4.746499 0.000000
vt -0.000000 4.795941 0.000000
vt -0.000000 4.845384 0.000000
vt -0.000000 4.894827 0.000000
vt -0.000000 4.944269 0.000000
vt -0.000000 4.993712 0.000000
vt -0.000000 5.043155 0.000000
vt -0.000000 5.092597 0.000000
vt -0.000000 5.142040 0.000000
vt -0.000000 5.191483 0.000000
vt -0.000000 5.240926 0.000000
vt -0.000000 5.290368 0.000000
vt -0.000000 5.339811 0.000000
vt -0.000000 5.389254 0.000000
vt -0.000000 5.438696 0.000000
vt -0.000000 5.488139 0.000000
vt -0.000000 5.537582 0.000000
vt -0.051764 5.623788 0.000000
vt -0.051757 5.580797 0.000000
vt -0.051764 4.449871 0.000000
vt -0.051763 4.252032 0.000000
vt -0.051744 4.202741 0.000000
vt -0.051750 4.153185 0.000000
vt -0.051765 4.103594 0.000000
vt -0.051757 4.054217 0.000000
vt -0.051751 3.856420 0.000000
vt -0.051732 3.807219 0.000000
vt -0.051748 3.757643 0.000000
vt -0.051763 3.707896 0.000000
vt -0.051751 3.658616 0.000000
vt -0.051741 3.609436 0.000000
vt -0.051763 2.274332 0.000000
vt -0.051745 2.225032 0.000000
vt -0.051752 2.175477 0.000000
vt -0.051765 2.125893 0.000000
vt -0.051758 2.076513 0.000000
vt -0.051751 1.878715 0.000000
vt -0.051732 1.829511 0.000000
vt -0.051747 1.779935 0.000000
vt -0.051763 1.730194 0.000000
vt -0.051751 1.680912 0.000000
vt -0.051740 1.631730 0.000000
vt -0.051764 1.285531 0.000000
vt -0.051764 1.236310 0.000000
vt -0.051770 1.186625 0.000000
vt -0.051786 1.149352 0.000000
vt -0.051783 1.112362 0.000000
vn 0.000000 0.000000 -1.000000
vn 0.000000 0.000000 -1.000000
vn 0.000000 0.000000 -1.000000
vn 0.000000 0.000000 -1.000000
vn 0.000000 0.000000 -1.000000
vn 0.000000 0.000000 -1.000000
vn 0.000000 0.000000 -1.000000
vn 0.000000 0.000000 -1.000000
vn 0.000000 0.000000 -1.000000
vn 0.000000 0.000000 -1.000000
vn 0.000000 0.000000 -1.000000
vn 0.000000 0.000000 -1.000000
vn 0.000000 0.000000 -1.000000
vn 0.000000 0.000000 -1.000000
vn 0.000000 0.000000 -1.000000
vn 0.000000 0.000000 -1.000000
vn 0.000000 0.000000 -1.000000
vn 0.000000 0.000000 -1.000000
vn 0.000000 0.000000 -1.000000
vn 0.000000 0.000000 -1.000000
vn 0.000000 0.000000 -1.000000
vn 0.000000 0.000000 -1.000000
vn 0.000000 0.000000 -1.000000
vn 0.000000 0.000000 -1.000000
vn 0.000000 0.000000 -1.000000
vn 0.000000 0.000000 -1.000000
vn 0.000000 0.000000 -1.000000
vn 0.000000 0.000000 -1.000000
vn 0.000000 0.000000 -1.000000
vn 0.000000 0.000000 -1.000000
vn 0.000000 0.000000 -1.000000
vn 0.000000 0.000000 -1.000000
vn 0.000000 0.000000 -1.000000
vn 0.000000 0.000000 -1.000000
vn 0.000000 0.000000 -1.000000
vn 0.000000 0.000000 -1.000000
vn 0.000000 0.000000 -1.000000
vn 0.000000 0.000000 -1.000000
vn 0.000000 0.000000 -1.000000
vn 0.000000 0.000000 -1.000000
vn 0.000000 0.000000 -1.000000
vn 0.000000 0.000000 -1.000000
vn 0.000000 0.000000 -1.000000
vn 0.000000 0.000000 -1.000000
vn 0.000000 0.000000 -1.000000
vn 0.000000 0.000000 -1.000000
vn 0.000000 0.000000 -1.000000
vn 0.000000 0.000000 -1.000000
vn 0.000000 0.000000 -1.000000
vn 0.000000 0.000000 -1.000000
vn 0.000000 0.000000 -1.000000
vn 0.000000 0.000000 -1.000000
vn 0.000000 0.000000 -1.000000
vn 0.000000 0.000000 -1.000000
vn 0.000000 0.000000 -1.000000
vn 0.000000 0.000000 -1.000000
vn 0.000000 0.000000 -1.000000
vn 0.000000 0.000000 -1.000000
vn 0.000000 0.000000 -1.000000
vn 0.000000 0.000000 -1.000000
vn 0.000000 0.000000 -1.000000
vn 0.000000 0.000000 -1.000000
vn 0.000000 0.000000 -1.000000
vn 0.000000 0.000000 -1.000000
vn 0.000000 0.000000 -1.000000
vn 0.000000 0.000000 -1.000000
vn 0.000000 0.000000 -1.000000
vn 0.000000 0.000000 -1.000000
vn 0.000000 0.000000 -1.000000
vn 0.000000 0.000000 -1.000000
vn 0.000000 0.000000 -1.000000
vn 0.000000 0.000000 -1.000000
vn 0.000000 0.000000 -1.000000
vn 0.000000 0.000000 -1.000000
vn 0.000000 0.000000 -1.000000
vn 0.000000 0.000000 -1.000000
vn 0.000000 0.000000 -1.000000
vn 0.000000 0.000000 -1.000000
vn 0.000000 0.000000 -1.000000
vn 0.000000 0.000000 -1.000000
vn 0.000000 0.000000 -1.000000
vn 0.000000 0.000000 -1.000000
vn 0.000000 0.000000 -1.000000
vn 0.000000 0.000000 -1.000000
vn 0.000000 0.000000 -1.000000
vn 0.000000 0.000000 -1.000000
vn 0.000000 0.000000 -1.000000
vn 0.000000 0.000000 -1.000000
vn 0.000000 0.000000 -1.000000
vn 0.000000 0.000000 -1.000000
vn 0.000000 0.000000 -1.000000
vn 0.000000 0.000000 -1.000000
vn 0.000000 0.000000 -1.000000
vn 0.000000 0.000000 -1.000000
vn 0.000000 0.000000 -1.000000
vn 0.000000 0.000000 -1.000000
vn 0.000000 0.000000 -1.000000
vn 0.000000 0.000000 -1.000000
vn 0.000000 0.000000 -1.000000
vn 0.000000 0.000000 -1.000000
vn 0.000000 0.000000 -1.000000
vn 0.000000 0.000000 -1.000000
vn 0.000000 0.000000 -1.000000
vn 0.000000 0.000000 -1.000000
vn 0.000000 0.000000 -1.000000
vn 0.000000 0.000000 -1.000000
vn 0.000000 0.000000 -1.000000
vn 0.000000 0.000000 -1.000000
vn 0.000000 0.000000 -1.000000
vn 0.000000 0.000000 -1.000000
vn 0.000000 0.000000 -1.000000
vn 0.000000 0.000000 -1.000000
vn 0.000000 0.000000 -1.000000
vn 0.000000 0.000000 -1.000000
vn 0.000000 0.000000 -1.000000
vn 0.000000 0.000000 -1.000000
vn 0.000000 0.000000 -1.000000
vn 0.000000 0.000000 -1.000000
vn 0.000000 0.000000 -1.000000
vn 0.000000 0.000000 -1.000000
vn 0.000000 0.000000 -1.000000
vn 0.000000 0.000000 -1.000000
vn 0.000000 0.000000 -1.000000
vn 0.000000 0.000000 -1.000000
vn 0.000000 0.000000 -1.000000
vn 0.000000 0.000000 -1.000000
vn 0.000000 0.000000 -1.000000
vn 0.000000 0.000000 -1.000000
vn 0.000000 0.000000 -1.000000
vn 0.000000 0.000000 -1.000000
vn 0.000000 0.000000 -1.000000
vn 0.000000 0.000000 -1.000000
vn 0.000000 0.000000 -1.000000
vn 0.000000 0.000000 -1.000000
vn 0.000000 0.000000 -1.000000
vn 0.000000 0.000000 -1.000000
vn 0.000000 0.000000 -1.000000
vn 0.000000 0.000000 -1.000000
vn 0.000000 0.000000 -1.000000
vn 0.000000 0.000000 -1.000000
vn 0.000000 0.000000 -1.000000
vn 0.000000 0.000000 -1.000000
vn 0.000000 0.000000 -1.000000
vn 0.000000 0.000000 -1.000000
vn 0.000000 0.000000 -1.000000
vn 0.000000 0.000000 -1.000000
vn 0.000000 0.000000 -1.000000
vn 0.000000 0.000000 -1.000000
vn 0.000000 0.000000 -1.000000
vn 0.000000 0.000000 -1.000000
vn 0.000000 0.000000 -1.000000
vn 0.000000 0.000000 -1.000000
vn 0.000000 0.000000 -1.000000
vn 0.000000 0.000000 -1.000000
vn 0.000000 0.000000 -1.000000
vn 0.000000 0.000000 -1.000000
vn 0.000000 0.000000 -1.000000
vn 0.000000 0.000000 -1.000000
vn 0.000000 0.000000 -1.000000
vn 0.000000 0.000000 -1.000000
vn 0.000000 0.000000 -1.000000
vn 0.000000 0.000000 -1.000000
vn 0.000000 0.000000 -1.000000
vn 0.000000 0.000000 -1.000000
vn 0.000000 0.000000 -1.000000
vn 0.000000 0.000000 -1.000000
vn 0.000000 0.000000 -1.000000
vn 0.000000 0.000000 -1.000000
vn 0.000000 0.000000 -1.000000
vn 0.000000 0.000000 -1.000000
vn 0.000000 0.000000 -1.000000
vn 0.000000 0.000000 -1.000000
vn 0.000000 0.000000 -1.000000
vn 0.000000 0.000000 -1.000000
vn 0.000000 0.000000 -1.000000
vn 0.000000 0.000000 -1.000000
vn 0.000000 0.000000 -1.000000
vn 0.000000 0.000000 -1.000000
vn 0.000000 0.000000 -1.000000
vn 0.000000 0.000000 -1.000000
vn 0.000000 0.000000 -1.000000
vn 0.000000 0.000000 -1.000000
vn 0.000000 0.000000 -1.000000
vn 0.000000 0.000000 -1.000000
vn 0.000000 0.000000 -1.000000
vn 0.000000 0.000000 -1.000000
vn 0.000000 0.000000 -1.000000
vn 0.000000 0.000000 -1.000000
vn 0.000000 0.000000 -1.000000
vn 0.000000 0.000000 -1.000000
vn 0.000000 0.000000 -1.000000
vn 0.000000 0.000000 -1.000000
vn 0.000000 0.000000 -1.000000
vn 0.000000 0.000000 -1.000000
vn 0.000000 0.000000 -1.000000
vn 0.000000 0.000000 -1.000000
vn 0.000000 0.000000 -1.000000
vn 0.000000 0.000000 -1.000000
vn 0.000000 0.000000 -1.000000
vn 0.000000 0.000000 -1.000000
vn 0.000000 0.000000 -1.000000
vn 0.000000 0.000000 -1.000000
vn 0.000000 0.000000 -1.000000
vn 0.000000 0.000000 -1.000000
vn 0.000000 0.000000 -1.000000
vn 0.000000 0.000000 -1.000000
vn 0.000000 0.000000 -1.000000
vn 0.000000 0.000000 -1.000000
vn 0.000000 0.000000 -1.000000
vn 0.000000 0.000000 -1.000000
vn 0.000000 0.000000 -1.000000
vn 0.000000 0.000000 -1.000000
vn 0.000000 0.000000 -1.000000
vn 0.000000 0.000000 -1.000000
vn 0.000000 0.000000 -1.000000
vn 0.000000 0.000000 -1.000000
vn 0.000000 0.000000 -1.000000
vn 0.000000 0.000000 -1.000000
vn 0.000000 0.000000 -1.000000
vn 0.000000 0.000000 -1.000000
vn 0.000000 0.000000 -1.000000
vn 0.000000 0.000000 -1.000000
vn 0.000000 0.000000 -1.000000
vn -0.337221 0.941426 0.000000
vn -0.361025 0.932556 0.000000
vn -0.468416 0.883508 0.000000
vn -0.462854 0.886434 0.000000
vn -0.558899 0.829236 0.000000
vn -0.253999 0.967204 0.000000
vn -0.199090 0.979981 0.000000
vn -0.143759 0.989613 0.000000
vn -0.056865 0.998382 0.000000
vn -0.032408 0.999475 0.000000
vn 0.086530 0.996249 0.000000
vn -0.562838 0.826567 0.000000
vn -0.648500 0.761215 0.000000
vn -0.650918 0.759148 0.000000
vn -0.729893 0.683561 0.000000
vn -0.730976 0.682403 0.000000
vn -0.801627 0.597825 0.000000
vn -0.801627 0.597825 0.000000
vn -0.863343 0.504618 0.000000
vn -0.863343 0.504618 0.000000
vn -0.914557 0.404458 0.000000
vn -0.914557 0.404458 0.000000
vn -0.954197 0.299179 0.000000
vn -0.954197 0.299179 0.000000
vn -0.981627 0.190809 0.000000
vn -0.981627 0.190809 0.000000
vn -0.996790 0.080055 -0.000000
vn -0.996790 0.080055 -0.000000
vn -0.999475 -0.032408 -0.000000
vn -0.999475 -0.032408 -0.000000
vn -0.989511 -0.144460 -0.000000
vn -0.989511 -0.144460 -0.000000
vn -0.967204 -0.253999 -0.000000
vn -0.967204 -0.253999 -0.000000
vn -0.932812 -0.360364 -0.000000
vn -0.932812 -0.360364 -0.000000
vn -0.886434 -0.462854 -0.000000
vn -0.886434 -0.462854 -0.000000
vn -0.828839 -0.559487 -0.000000
vn -0.828839 -0.559487 -0.000000
vn -0.761215 -0.648500 -0.000000
vn -0.761215 -0.648500 -0.000000
vn -0.684078 -0.729409 -0.000000
vn -0.684078 -0.729409 -0.000000
vn -0.597825 -0.801627 -0.000000
vn -0.597825 -0.801627 -0.000000
vn -0.504006 -0.863700 -0.000000
vn -0.504006 -0.863700 -0.000000
vn -0.404458 -0.914557 -0.000000
vn -0.404458 -0.914557 -0.000000
vn -0.299855 -0.953985 -0.000000
vn -0.299855 -0.953985 -0.000000
vn -0.190809 -0.981627 -0.000000
vn -0.190809 -0.981627 -0.000000
vn -0.079349 -0.996847 -0.000000
vn -0.079349 -0.996847 -0.000000
vn 0.032408 -0.999475 -0.000000
vn 0.032408 -0.999475 -0.000000
vn 0.143759 -0.989613 -0.000000
vn 0.143759 -0.989613 -0.000000
vn 0.253999 -0.967204 -0.000000
vn 0.253999 -0.967204 -0.000000
vn 0.361025 -0.932556 -0.000000
vn 0.361025 -0.932556 -0.000000
vn 0.462854 -0.886434 -0.000000
vn 0.462854 -0.886434 -0.000000
vn 0.558899 -0.829236 -0.000000
vn 0.558899 -0.829236 -0.000000
vn 0.648500 -0.761215 -0.000000
vn 0.648500 -0.761215 -0.000000
vn 0.729893 -0.683561 -0.000000
vn 0.729893 -0.683561 -0.000000
vn 0.801627 -0.597825 -0.000000
vn 0.801627 -0.597825 -0.000000
vn 0.863343 -0.504618 -0.000000
vn 0.863343 -0.504618 -0.000000
vn 0.914557 -0.404458 -0.000000
vn 0.914557 -0.404458 -0.000000
vn 0.954197 -0.299179 -0.000000
vn 0.954197 -0.299179 -0.000000
vn 0.981627 -0.190809 -0.000000
vn 0.981627 -0.190809 -0.000000
vn 0.996790 -0.080055 0.000000
vn 0.996790 -0.080055 0.000000
vn 0.999475 0.032408 0.000000
vn 0.999475 0.032408 0.000000
vn 0.989511 0.144460 0.000000
vn 0.989511 0.144460 0.000000
vn 0.967204 0.253999 0.000000
vn 0.967204 0.253999 0.000000
vn 0.932812 0.360364 0.000000
vn 0.932812 0.360364 0.000000
vn 0.886434 0.462854 0.000000
vn 0.886434 0.462854 0.000000
vn 0.828839 0.559487 0.000000
vn 0.828839 0.559487 0.000000
vn 0.761215 0.648500 0.000000
vn 0.761215 0.648500 0.000000
vn 0.684078 0.729409 0.000000
vn 0.684078 0.729409 0.000000
vn 0.597825 0.801627 0.000000
vn 0.597825 0.801627 0.000000
vn 0.504006 0.863700 0.000000
vn 0.504006 0.863700 0.000000
vn 0.404458 0.914557 0.000000
vn 0.404458 0.914557 0.000000
vn 0.299855 0.953985 0.000000
vn 0.299855 0.953985 0.000000
vn 0.190809 0.981627 0.000000
vn 0.190809 0.981627 0.000000
vn 0.079349 0.996847 0.000000
vn 0.079349 0.996847 0.000000
vn -0.032408 0.999475 0.000000
vn -0.032408 0.999475 0.000000
vn -0.143759 0.989613 0.000000
vn -0.143759 0.989613 0.000000
vn -0.253999 0.967204 0.000000
vn -0.253999 0.967204 0.000000
vn -0.361025 0.932556 0.000000
vn -0.361025 0.932556 0.000000
vn -0.462854 0.886434 0.000000
vn -0.462854 0.886434 0.000000
vn -0.558899 0.829236 0.000000
vn -0.558899 0.829236 0.000000
vn -0.648500 0.761215 0.000000
vn -0.648500 0.761215 0.000000
vn -0.729893 0.683561 0.000000
vn -0.729893 0.683561 0.000000
vn -0.801627 0.597825 0.000000
vn -0.801627 0.597825 0.000000
vn -0.863343 0.504618 0.000000
vn -0.863343 0.504618 0.000000
vn -0.914557 0.404458 0.000000
vn -0.914557 0.404458 0.000000
vn -0.954197 0.299179 0.000000
vn -0.954197 0.299179 0.000000
vn -0.981627 0.190809 0.000000
vn -0.981627 0.190809 0.000000
vn -0.996790 0.080055 -0.000000
vn -0.996790 0.080055 -0.000000
vn -0.999475 -0.032408 -0.000000
vn -0.999475 -0.032408 -0.000000
vn -0.989511 -0.144460 -0.000000
vn -0.989511 -0.144460 -0.000000
vn -0.967204 -0.253999 -0.000000
vn -0.967204 -0.253999 -0.000000
vn -0.932812 -0.360364 -0.000000
vn -0.932812 -0.360364 -0.000000
vn -0.886434 -0.462854 -0.000000
vn -0.886434 -0.462854 -0.000000
vn -0.828839 -0.559487 -0.000000
vn -0.828839 -0.559487 -0.000000
vn -0.761215 -0.648500 -0.000000
vn -0.761215 -0.648500 -0.000000
vn -0.684078 -0.729409 -0.000000
vn -0.684078 -0.729409 -0.000000
vn -0.597825 -0.801627 -0.000000
vn -0.597825 -0.801627 -0.000000
vn -0.504006 -0.863700 -0.000000
vn -0.504006 -0.863700 -0.000000
vn -0.404458 -0.914557 -0.000000
vn -0.404458 -0.914557 -0.000000
vn -0.299855 -0.953985 -0.000000
vn -0.299855 -0.953985 -0.000000
vn -0.190809 -0.981627 -0.000000
vn -0.190809 -0.981627 -0.000000
vn -0.079349 -0.996847 -0.000000
vn -0.079349 -0.996847 -0.000000
vn 0.032408 -0.999475 -0.000000
vn 0.032408 -0.999475 -0.000000
vn 0.143759 -0.989613 -0.000000
vn 0.143759 -0.989613 -0.000000
vn 0.253999 -0.967204 -0.000000
vn 0.253999 -0.967204 -0.000000
vn 0.361025 -0.932556 -0.000000
vn 0.361025 -0.932556 -0.000000
vn 0.462854 -0.886434 -0.000000
vn 0.462854 -0.886434 -0.000000
vn 0.558899 -0.829236 -0.000000
vn 0.558899 -0.829236 -0.000000
vn 0.648500 -0.761215 -0.000000
vn 0.648500 -0.761215 -0.000000
vn 0.729893 -0.683561 -0.000000
vn 0.729893 -0.683561 -0.000000
vn 0.801627 -0.597825 -0.000000
vn 0.801627 -0.597825 -0.000000
vn 0.847405 -0.530946 -0.000000
vn 0.863343 -0.504618 -0.000000
vn 0.887836 -0.460159 -0.000000
vn 0.914557 -0.404458 -0.000000
vn 0.944384 -0.328845 -0.000000
vn 0.954197 -0.299179 -0.000000
vn 0.981627 -0.190809 0.000000
vn 0.981627 -0.190809 -0.000000
vn 0.998785 -0.049290 0.000000
vn 0.998805 -0.048873 0.000000
vn 0.995566 0.094063 0.000000
vn 0.251257 0.258231 -0.932838
vn 0.284939 0.225804 -0.931570
vn 0.297321 0.225739 -0.927708
vn 0.311140 0.207596 -0.927413
vn 0.313165 0.223168 -0.923105
vn 0.337728 0.186432 -0.922596
vn 0.281174 0.256994 -0.924605
vn 0.265444 0.257677 -0.929054
vn 0.239884 0.286035 -0.927707
vn 0.225508 0.285006 -0.931621
vn 0.193611 0.308821 -0.931206
vn 0.207852 0.311464 -0.927247
vn 0.156202 0.328152 -0.931621
vn 0.169986 0.332363 -0.927707
vn 0.127355 0.347331 -0.929054
vn 0.141828 0.353542 -0.924604
vn 0.091976 0.361805 -0.927706
vn 0.105840 0.369712 -0.923098
vn 0.065249 0.380218 -0.922592
vn 0.257122 0.285794 -0.923152
vn 0.225941 0.312674 -0.922597
vn 0.187444 0.335910 -0.923054
vn 0.052188 0.370795 -0.927247
vn 0.021007 0.383986 -0.923100
vn 0.009078 0.373206 -0.927704
vn -0.025608 0.380073 -0.924602
vn -0.035957 0.368192 -0.929054
vn -0.074118 0.365881 -0.927705
vn -0.082225 0.354008 -0.931621
vn -0.113875 0.356714 -0.927247
vn -0.120731 0.343918 -0.931206
vn -0.153784 0.340168 -0.927705
vn -0.159169 0.326723 -0.931621
vn -0.192149 0.316128 -0.929054
vn -0.195847 0.302420 -0.932838
vn -0.227680 0.283274 -0.931621
vn -0.225525 0.297491 -0.927706
vn -0.257379 0.271971 -0.927247
vn -0.256624 0.288034 -0.922594
vn -0.287204 0.255721 -0.923104
vn -0.065058 0.379025 -0.923096
vn -0.106211 0.370867 -0.922593
vn -0.147752 0.355038 -0.923102
vn -0.187979 0.331325 -0.924601
vn -0.223062 0.313263 -0.923098
vn -0.286166 0.239732 -0.927705
vn -0.313119 0.216947 -0.924603
vn -0.310283 0.201451 -0.929054
vn -0.332265 0.170183 -0.927706
vn -0.328041 0.156434 -0.931621
vn -0.349902 0.133345 -0.927247
vn -0.344161 0.120038 -0.931206
vn -0.361846 0.091814 -0.927706
vn -0.354682 0.079265 -0.931621
vn -0.366962 0.046874 -0.929054
vn -0.358550 0.035436 -0.932838
vn -0.363429 -0.001389 -0.931621
vn -0.373200 0.009165 -0.927706
vn -0.362160 -0.041175 -0.931206
vn -0.373105 -0.031706 -0.927247
vn -0.365849 -0.074276 -0.927706
vn -0.378983 -0.065140 -0.923108
vn -0.364827 -0.109552 -0.924608
vn -0.336885 0.185457 -0.923100
vn -0.356199 0.148121 -0.922596
vn -0.369720 0.105750 -0.923106
vn -0.376235 0.059596 -0.924606
vn -0.383984 0.020915 -0.923103
vn -0.385187 -0.021157 -0.922596
vn -0.355019 -0.147791 -0.923103
vn -0.340213 -0.153683 -0.927705
vn -0.350959 -0.116988 -0.929054
vn -0.353950 -0.082476 -0.931621
vn -0.322389 -0.190467 -0.927247
vn -0.337839 -0.186224 -0.922597
vn -0.313190 -0.223116 -0.923110
vn -0.297394 -0.225652 -0.927706
vn -0.281161 -0.256996 -0.924609
vn -0.265444 -0.257678 -0.929054
vn -0.239819 -0.286096 -0.927705
vn -0.225508 -0.285006 -0.931621
vn -0.193611 -0.308821 -0.931206
vn -0.207813 -0.311490 -0.927247
vn -0.170039 -0.332339 -0.927705
vn -0.185373 -0.336905 -0.923110
vn -0.141812 -0.353537 -0.924608
vn -0.255694 -0.287234 -0.923102
vn -0.223560 -0.314378 -0.922598
vn -0.105680 -0.369753 -0.923100
vn -0.091905 -0.361827 -0.927704
vn -0.127355 -0.347331 -0.929054
vn -0.156202 -0.328152 -0.931621
vn -0.052069 -0.370812 -0.927247
vn -0.064989 -0.380249 -0.922598
vn -0.020831 -0.383975 -0.923108
vn -0.008998 -0.373204 -0.927706
vn 0.025621 -0.380061 -0.924607
vn 0.035958 -0.368192 -0.929054
vn 0.074066 -0.365889 -0.927707
vn 0.082225 -0.354008 -0.931621
vn 0.120731 -0.343918 -0.931206
vn 0.113919 -0.356700 -0.927247
vn 0.159169 -0.326723 -0.931621
vn 0.153868 -0.340125 -0.927707
vn 0.195847 -0.302420 -0.932838
vn 0.192150 -0.316128 -0.929054
vn 0.227680 -0.283274 -0.931621
vn 0.225555 -0.297471 -0.927705
vn 0.257396 -0.271955 -0.927247
vn 0.256661 -0.287997 -0.922596
vn 0.287146 -0.255795 -0.923101
vn 0.067192 -0.378760 -0.923053
vn 0.109133 -0.370004 -0.922598
vn 0.149863 -0.354014 -0.923155
vn 0.187984 -0.331311 -0.924605
vn 0.223130 -0.313202 -0.923102
vn 0.286139 -0.239769 -0.927704
vn 0.313119 -0.216942 -0.924604
vn 0.310283 -0.201451 -0.929054
vn 0.332267 -0.170180 -0.927706
vn 0.328041 -0.156434 -0.931621
vn 0.349884 -0.133391 -0.927247
vn 0.344161 -0.120038 -0.931206
vn 0.361828 -0.091902 -0.927704
vn 0.354682 -0.079265 -0.931621
vn 0.366962 -0.046874 -0.929054
vn 0.358550 -0.035436 -0.932838
vn 0.363429 0.001389 -0.931621
vn 0.373201 -0.009157 -0.927705
vn 0.373110 0.031642 -0.927247
vn 0.385203 0.021018 -0.922592
vn 0.379017 0.065030 -0.923102
vn 0.336889 -0.185456 -0.923099
vn 0.356164 -0.148224 -0.922592
vn 0.369682 -0.105935 -0.923100
vn 0.376242 -0.059608 -0.924602
vn 0.383999 -0.020914 -0.923097
vn 0.365861 0.074227 -0.927705
vn 0.364847 0.109539 -0.924601
vn 0.350959 0.116986 -0.929054
vn 0.340216 0.153673 -0.927706
vn 0.326836 0.158937 -0.931621
vn 0.322426 0.190404 -0.927247
vn 0.308430 0.194233 -0.931206
vn 0.297402 0.225643 -0.927705
vn 0.283113 0.227881 -0.931621
vn 0.265445 0.257677 -0.929054
vn 0.251257 0.258231 -0.932838
vn 0.225508 0.285006 -0.931621
vn 0.239851 0.286066 -0.927706
vn 0.207867 0.311454 -0.927247
vn 0.223678 0.314302 -0.922595
vn 0.185373 0.336917 -0.923105
vn 0.355046 0.147763 -0.923097
vn 0.337921 0.186092 -0.922594
vn 0.313225 0.223093 -0.923103
vn 0.281184 0.256993 -0.924603
vn 0.255772 0.287171 -0.923100
vn 0.170032 0.332342 -0.927706
vn 0.141824 0.353541 -0.924605
vn 0.127355 0.347331 -0.929054
vn 0.091981 0.361803 -0.927706
vn 0.079516 0.354626 -0.931621
vn 0.040445 0.362243 -0.931206
vn 0.052118 0.370805 -0.927247
vn 0.008994 0.373204 -0.927706
vn 0.020825 0.383977 -0.923108
vn -0.025623 0.380058 -0.924608
vn 0.105839 0.369703 -0.923102
vn 0.065096 0.380236 -0.922596
vn -0.065078 0.379005 -0.923103
vn -0.074121 0.365881 -0.927705
vn -0.035959 0.368192 -0.929054
vn -0.001647 0.363428 -0.931621
vn -0.113950 0.356690 -0.927247
vn -0.106373 0.370810 -0.922597
vn -0.147832 0.354985 -0.923109
vn -0.153819 0.340150 -0.927706
vn -0.187989 0.331299 -0.924609
vn -0.192150 0.316127 -0.929054
vn -0.225553 0.297472 -0.927705
vn -0.227680 0.283274 -0.931621
vn -0.257996 0.257476 -0.931206
vn -0.257436 0.271917 -0.927247
vn -0.286169 0.239728 -0.927705
vn -0.287209 0.255693 -0.923110
vn -0.313117 0.216926 -0.924609
vn -0.223125 0.313205 -0.923102
vn -0.256746 0.287914 -0.922598
vn -0.336962 0.185316 -0.923101
vn -0.332302 0.170119 -0.927704
vn -0.310284 0.201450 -0.929054
vn -0.285166 0.225306 -0.931621
vn -0.349927 0.133279 -0.927247
vn -0.356252 0.147978 -0.922598
vn -0.369712 0.105753 -0.923109
vn -0.361845 0.091820 -0.927706
vn -0.376232 0.059592 -0.924607
vn -0.366962 0.046873 -0.929054
vn -0.373196 0.009209 -0.927707
vn -0.363429 -0.001389 -0.931621
vn -0.362160 -0.041175 -0.931206
vn -0.373106 -0.031689 -0.927247
vn -0.353950 -0.082476 -0.931621
vn -0.365836 -0.074325 -0.927707
vn -0.338417 -0.123642 -0.932838
vn -0.350959 -0.116987 -0.929054
vn -0.326836 -0.158937 -0.931621
vn -0.340203 -0.153709 -0.927705
vn -0.322411 -0.190429 -0.927247
vn -0.337886 -0.186145 -0.922596
vn -0.313276 -0.223029 -0.923102
vn -0.384200 0.018916 -0.923056
vn -0.385023 -0.023872 -0.922598
vn -0.378520 -0.067181 -0.923152
vn -0.364834 -0.109547 -0.924606
vn -0.354999 -0.147846 -0.923102
vn -0.297428 -0.225612 -0.927704
vn -0.281177 -0.256994 -0.924604
vn -0.265444 -0.257677 -0.929054
vn -0.239851 -0.286066 -0.927706
vn -0.225508 -0.285006 -0.931621
vn -0.207906 -0.311428 -0.927247
vn -0.193611 -0.308821 -0.931206
vn -0.170116 -0.332305 -0.927704
vn -0.156202 -0.328152 -0.931621
vn -0.127356 -0.347331 -0.929054
vn -0.114333 -0.341675 -0.932838
vn -0.079516 -0.354626 -0.931621
vn -0.091967 -0.361808 -0.927705
vn -0.040445 -0.362243 -0.931206
vn -0.052125 -0.370804 -0.927247
vn -0.009009 -0.373205 -0.927705
vn -0.020856 -0.383979 -0.923106
vn 0.025622 -0.380060 -0.924607
vn -0.255772 -0.287173 -0.923099
vn -0.223765 -0.314248 -0.922593
vn -0.185549 -0.336836 -0.923100
vn -0.141830 -0.353543 -0.924604
vn -0.105813 -0.369714 -0.923101
vn -0.065110 -0.380234 -0.922596
vn 0.035959 -0.368192 -0.929054
vn 0.045558 -0.380365 -0.923714
vn 0.063375 -0.367174 -0.927991
vn 0.099511 -0.350314 -0.931331
vn 0.071866 -0.355584 -0.931877
vn 0.045237 -0.357445 -0.932838
vn 0.001647 -0.363428 -0.931621
vn -0.251257 -0.258231 -0.932838
vn -0.283113 -0.227881 -0.931621
vn -0.308430 -0.194233 -0.931206
vn -0.358550 0.035436 -0.932838
vn -0.354682 0.079265 -0.931621
vn -0.344161 0.120038 -0.931206
vn -0.328041 0.156434 -0.931621
vn -0.307667 0.187496 -0.932838
vn -0.195847 0.302420 -0.932838
vn -0.159169 0.326723 -0.931621
vn -0.120731 0.343918 -0.931206
vn -0.082225 0.354008 -0.931621
vn -0.045237 0.357445 -0.932838
vn 0.114333 0.341675 -0.932838
vn 0.156202 0.328152 -0.931621
vn 0.193611 0.308821 -0.931206
vn 0.338417 0.123642 -0.932838
vn 0.353950 0.082476 -0.931621
vn 0.362160 0.041175 -0.931206
vn 0.307667 -0.187496 -0.932838
vn 0.285166 -0.225306 -0.931621
vn 0.257996 -0.257476 -0.931206
vn 0.045237 -0.357445 -0.932838
vn 0.001647 -0.363428 -0.931621
vn -0.040445 -0.362243 -0.931206
vn -0.079516 -0.354626 -0.931621
vn -0.114333 -0.341675 -0.932838
vn -0.251257 -0.258231 -0.932838
vn -0.283113 -0.227881 -0.931621
vn -0.308430 -0.194233 -0.931206
vn -0.326836 -0.158937 -0.931621
vn -0.338417 -0.123642 -0.932838
vn -0.307667 0.187496 -0.932838
vn -0.285166 0.225306 -0.931621
vn -0.257996 0.257476 -0.931206
vn -0.045237 0.357445 -0.932838
vn -0.001647 0.363428 -0.931621
vn 0.040445 0.362243 -0.931206
vn 0.079516 0.354626 -0.931621
vn 0.114333 0.341675 -0.932838
vn 0.341426 0.939909 0.000000
vn 0.299364 0.954139 0.000000
vn 0.190013 0.981782 0.000000
vn 0.190767 0.981635 0.000000
vn 0.079720 0.996817 0.000000
vn 0.404375 0.914593 0.000000
vn 0.484413 0.874839 0.000000
vn 0.504417 0.863460 0.000000
vn 0.615445 0.788180 0.000000
vn 0.597823 0.801628 0.000000
vn 0.662996 0.748623 0.000000
vn 0.731288 0.682068 0.000000
vn 0.723590 0.690231 0.000000
vn 0.779170 0.626812 0.000000
vn 0.829084 0.559124 0.000000
vn -0.032620 0.999468 0.000000
vn -0.032407 0.999475 0.000000
vn 0.079456 0.996838 0.000000
vn -0.138729 0.990330 0.000000
vn -0.144273 0.989538 0.000000
vn -0.246894 0.969043 0.000000
vn -0.254059 0.967189 0.000000
vn -0.355494 0.934678 0.000000
vn -0.360833 0.932631 0.000000
vn -0.462833 0.886445 0.000000
vn -0.463114 0.886299 0.000000
vn -0.559066 0.829123 0.000000
vn -0.559322 0.828950 0.000000
vn -0.648226 0.761448 0.000000
vn -0.648539 0.761182 0.000000
vn -0.729429 0.684056 0.000000
vn -0.729885 0.683570 0.000000
vn -0.801595 0.597868 0.000000
vn -0.801846 0.597531 0.000000
vn -0.863442 0.504448 0.000000
vn -0.863599 0.504179 0.000000
vn -0.914442 0.404717 0.000000
vn -0.914565 0.404439 0.000000
vn -0.954054 0.299634 0.000000
vn -0.955804 0.294004 0.000000
vn -0.981616 0.190868 0.000000
vn -0.983048 0.183350 -0.000000
vn -0.996806 0.079867 -0.000000
vn -0.997251 0.074094 -0.000000
vn -0.999481 -0.032209 -0.000000
vn -0.999475 -0.032408 -0.000000
vn -0.989557 -0.144145 -0.000000
vn -0.989543 -0.144238 -0.000000
vn -0.967214 -0.253962 -0.000000
vn -0.967218 -0.253948 -0.000000
vn -0.932755 -0.360510 -0.000000
vn -0.886444 -0.462836 -0.000000
vn -0.886467 -0.462793 -0.000000
vn -0.932741 -0.360548 -0.000000
vn -0.829124 -0.559065 -0.000000
vn -0.828965 -0.559301 -0.000000
vn -0.761454 -0.648219 -0.000000
vn -0.761213 -0.648502 -0.000000
vn -0.684071 -0.729415 -0.000000
vn -0.683908 -0.729568 -0.000000
vn -0.597866 -0.801596 -0.000000
vn -0.597752 -0.801681 -0.000000
vn -0.504447 -0.863443 -0.000000
vn -0.504174 -0.863602 -0.000000
vn -0.404725 -0.914439 -0.000000
vn -0.404418 -0.914574 -0.000000
vn -0.299656 -0.954047 -0.000000
vn -0.299533 -0.954086 -0.000000
vn -0.190869 -0.981615 -0.000000
vn -0.190600 -0.981668 -0.000000
vn -0.079866 -0.996806 -0.000000
vn -0.079537 -0.996832 -0.000000
vn 0.032198 -0.999482 -0.000000
vn 0.032469 -0.999473 -0.000000
vn 0.144131 -0.989559 -0.000000
vn 0.144257 -0.989540 -0.000000
vn 0.253959 -0.967215 -0.000000
vn 0.254283 -0.967130 -0.000000
vn 0.360546 -0.932741 -0.000000
vn 0.360840 -0.932628 -0.000000
vn 0.462778 -0.886474 -0.000000
vn 0.462899 -0.886411 -0.000000
vn 0.559295 -0.828968 -0.000000
vn 0.559478 -0.828845 -0.000000
vn 0.648498 -0.761216 -0.000000
vn 0.648779 -0.760977 -0.000000
vn 0.729563 -0.683914 -0.000000
vn 0.729756 -0.683707 -0.000000
vn 0.801639 -0.597808 -0.000000
vn 0.801671 -0.597765 -0.000000
vn 0.863601 -0.504176 -0.000000
vn 0.866430 -0.499298 -0.000000
vn 0.914573 -0.404422 -0.000000
vn 0.917614 -0.397473 -0.000000
vn 0.954081 -0.299548 -0.000000
vn 0.955768 -0.294123 -0.000000
vn 0.981666 -0.190612 0.000000
vn 0.981627 -0.190809 0.000000
vn 0.996829 -0.079573 0.000000
vn 0.996832 -0.079537 0.000000
vn 0.999476 0.032355 0.000000
vn 0.999473 0.032468 0.000000
vn 0.989590 0.143913 0.000000
vn 0.989543 0.144236 0.000000
vn 0.967209 0.253980 0.000000
vn 0.967132 0.254275 0.000000
vn 0.932740 0.360550 0.000000
vn 0.932628 0.360840 0.000000
vn 0.886606 0.462525 0.000000
vn 0.886410 0.462901 0.000000
vn 0.829234 0.558902 0.000000
vn 0.828853 0.559466 0.000000
vn 0.761247 0.648461 0.000000
vn 0.760981 0.648775 0.000000
vn 0.683933 0.729544 0.000000
vn 0.683708 0.729756 0.000000
vn 0.598063 0.801449 0.000000
vn 0.597807 0.801640 0.000000
vn 0.504449 0.863442 0.000000
vn 0.499403 0.866370 0.000000
vn 0.404514 0.914532 0.000000
vn 0.397609 0.917555 0.000000
vn 0.299674 0.954042 0.000000
vn 0.294228 0.955735 0.000000
vn 0.191022 0.981586 0.000000
vn 0.190809 0.981627 0.000000
vn 0.079690 0.996820 0.000000
vn 0.079568 0.996829 0.000000
vn -0.032364 0.999476 0.000000
vn -0.032360 0.999476 0.000000
vn -0.143915 0.989590 0.000000
vn -0.253982 0.967209 0.000000
vn -0.253904 0.967229 0.000000
vn -0.143950 0.989585 0.000000
vn -0.360550 0.932740 0.000000
vn -0.360805 0.932641 0.000000
vn -0.462522 0.886608 0.000000
vn -0.462850 0.886437 0.000000
vn -0.558897 0.829237 0.000000
vn -0.559083 0.829112 0.000000
vn -0.648462 0.761247 0.000000
vn -0.648548 0.761174 0.000000
vn -0.729545 0.683933 0.000000
vn -0.729758 0.683705 0.000000
vn -0.801447 0.598065 0.000000
vn -0.801648 0.597796 0.000000
vn -0.863438 0.504456 0.000000
vn -0.863500 0.504348 0.000000
vn -0.914532 0.404514 0.000000
vn -0.914635 0.404280 0.000000
vn -0.954042 0.299674 0.000000
vn -0.954141 0.299359 0.000000
vn -0.981585 0.191025 0.000000
vn -0.981639 0.190750 -0.000000
vn -0.996819 0.079695 -0.000000
vn -0.996828 0.079588 -0.000000
vn -0.999476 -0.032362 -0.000000
vn -0.999466 -0.032688 -0.000000
vn -0.989585 -0.143950 -0.000000
vn -0.989539 -0.144265 -0.000000
vn -0.967231 -0.253899 -0.000000
vn -0.967191 -0.254052 -0.000000
vn -0.932643 -0.360802 -0.000000
vn -0.932570 -0.360990 -0.000000
vn -0.886438 -0.462848 -0.000000
vn -0.886270 -0.463169 -0.000000
vn -0.829113 -0.559081 -0.000000
vn -0.828952 -0.559320 -0.000000
vn -0.761199 -0.648519 -0.000000
vn -0.761178 -0.648543 -0.000000
vn -0.683706 -0.729758 -0.000000
vn -0.679863 -0.733339 -0.000000
vn -0.597797 -0.801648 -0.000000
vn -0.592092 -0.805870 -0.000000
vn -0.504399 -0.863470 -0.000000
vn -0.499747 -0.866172 -0.000000
vn -0.404377 -0.914592 -0.000000
vn -0.404457 -0.914557 -0.000000
vn -0.299381 -0.954134 -0.000000
vn -0.299450 -0.954112 -0.000000
vn -0.190847 -0.981620 -0.000000
vn -0.190780 -0.981633 -0.000000
vn -0.093883 -0.995583 -0.000000
vn -0.079893 -0.996803 -0.000000
vn 0.003734 -0.999993 -0.000000
vn 0.032392 -0.999475 -0.000000
vn 0.101250 -0.994861 -0.000000
vn 0.143954 -0.989584 -0.000000
vn 0.197962 -0.980210 -0.000000
vn 0.253629 -0.967302 -0.000000
vn 0.349401 -0.936973 -0.000000
vn 0.360346 -0.932819 -0.000000
vn 0.462827 -0.886449 -0.000000
vn 0.492174 -0.870497 -0.000000
vn 0.559140 -0.829073 -0.000000
vn 0.622739 -0.782430 -0.000000
vn 0.648518 -0.761199 -0.000000
vn 0.737858 -0.674956 -0.000000
vn 0.729700 -0.683767 -0.000000
vn 0.801642 -0.597804 -0.000000
vn 0.834677 -0.550740 -0.000000
vn 0.007061 0.385627 0.922628
vn 0.040437 0.382418 0.923104
vn 0.048625 0.370225 0.927669
vn 0.071312 0.364915 0.928306
vn 0.057586 0.358929 0.931587
vn 0.099103 0.346638 0.932749
vn 0.006262 0.374396 0.927248
vn 0.016470 0.364120 0.931206
vn -0.033919 0.371733 0.927720
vn -0.022698 0.362692 0.931633
vn -0.058589 0.355501 0.932838
vn -0.070547 0.363155 0.929054
vn -0.102075 0.348803 0.931621
vn -0.115063 0.355138 0.927706
vn -0.142081 0.335661 0.931206
vn -0.155736 0.340527 0.927247
vn -0.191349 0.320543 0.927706
vn -0.170892 0.345852 0.922595
vn -0.206892 0.324164 0.923100
vn -0.221128 0.296581 0.929054
vn -0.236776 0.298407 0.924603
vn -0.257769 0.270033 0.927705
vn -0.273794 0.270031 0.923104
vn -0.288075 0.239218 0.927247
vn -0.304057 0.237423 0.922594
vn -0.311476 0.205780 0.927706
vn -0.327056 0.202301 0.923097
vn -0.327912 0.171266 0.929054
vn -0.342807 0.166120 0.924601
vn -0.349418 0.131420 0.927705
vn -0.363867 0.124432 0.923102
vn -0.363342 0.090526 0.927247
vn -0.376969 0.081959 0.922592
vn -0.369914 0.050260 0.927705
vn -0.382444 0.040368 0.923097
vn -0.369748 0.012030 0.929054
vn -0.380933 0.000933 0.924602
vn -0.371834 -0.033239 0.927704
vn -0.381818 -0.045845 0.923100
vn -0.366635 -0.076100 0.927247
vn -0.375192 -0.089746 0.922592
vn -0.355086 -0.115222 0.927706
vn -0.362078 -0.129569 0.923099
vn -0.338351 -0.149588 0.929054
vn -0.343612 -0.164433 0.924604
vn -0.320653 -0.191159 0.927707
vn -0.323020 -0.208882 0.923053
vn -0.297345 -0.227593 0.927247
vn -0.297317 -0.245797 0.922598
vn -0.269894 -0.257910 0.927707
vn -0.268483 -0.275141 0.923154
vn -0.239940 -0.281579 0.929054
vn -0.238240 -0.297231 0.924605
vn -0.205881 -0.311412 0.927705
vn -0.202287 -0.327052 0.923102
vn -0.169159 -0.334063 0.927247
vn -0.163898 -0.349220 0.922596
vn -0.124557 -0.363826 0.923101
vn -0.131356 -0.349442 0.927704
vn -0.085686 -0.371161 0.924607
vn -0.094006 -0.357800 0.929054
vn -0.050417 -0.369893 0.927706
vn -0.059373 -0.358549 0.931621
vn -0.007514 -0.374374 0.927247
vn -0.017628 -0.364067 0.931206
vn 0.033244 -0.371834 0.927704
vn 0.022157 -0.362756 0.931621
vn 0.070547 -0.363155 0.929054
vn 0.058589 -0.355501 0.932838
vn 0.102075 -0.348803 0.931621
vn -0.177357 0.317218 0.931621
vn -0.207033 0.294875 0.932838
vn -0.243306 0.269971 0.931621
vn -0.273648 0.240774 0.931206
vn -0.297429 0.208851 0.931621
vn -0.314472 0.175845 0.932838
vn -0.336348 0.137669 0.931621
vn -0.351017 0.098198 0.931206
vn -0.358591 0.059119 0.931621
vn -0.359625 0.021986 0.932838
vn -0.362771 -0.021900 0.931621
vn -0.358862 -0.063827 0.931206
vn -0.348730 -0.102322 0.931621
vn -0.333551 -0.136226 0.932838
vn -0.317343 -0.177132 0.931621
vn -0.295630 -0.213210 0.931206
vn -0.269799 -0.243498 0.931621
vn -0.241412 -0.267458 0.932838
vn -0.209062 -0.297281 0.931621
vn -0.173845 -0.320365 0.931206
vn -0.137431 -0.336445 0.931621
vn -0.101459 -0.345716 0.932838
vn 0.115072 -0.355135 0.927705
vn 0.142081 -0.335661 0.931206
vn 0.155678 -0.340553 0.927247
vn 0.191313 -0.320567 0.927705
vn 0.206806 -0.324213 0.923102
vn 0.236753 -0.298407 0.924609
vn 0.221127 -0.296582 0.929054
vn 0.257761 -0.270041 0.927706
vn 0.243306 -0.269971 0.931621
vn 0.273648 -0.240774 0.931206
vn 0.177357 -0.317218 0.931621
vn 0.207033 -0.294875 0.932838
vn 0.297429 -0.208851 0.931621
vn 0.311471 -0.205788 0.927705
vn 0.288029 -0.239273 0.927247
vn 0.273758 -0.270046 0.923110
vn 0.327911 -0.171267 0.929054
vn 0.314472 -0.175845 0.932838
vn 0.336348 -0.137669 0.931621
vn 0.349398 -0.131465 0.927706
vn 0.351017 -0.098198 0.931206
vn 0.363327 -0.090587 0.927247
vn 0.369915 -0.050252 0.927706
vn 0.382429 -0.040363 0.923103
vn 0.380925 -0.000943 0.924606
vn 0.369748 -0.012031 0.929054
vn 0.371838 0.033152 0.927706
vn 0.362771 0.021900 0.931621
vn 0.358862 0.063827 0.931206
vn 0.358591 -0.059119 0.931621
vn 0.359625 -0.021986 0.932838
vn 0.348730 0.102322 0.931621
vn 0.355085 0.115225 0.927706
vn 0.366645 0.076054 0.927247
vn 0.381826 0.045660 0.923106
vn 0.333551 0.136226 0.932838
vn 0.338351 0.149589 0.929054
vn 0.362073 0.129571 0.923100
vn 0.343613 0.164437 0.924603
vn 0.320623 0.191216 0.927705
vn 0.324188 0.206837 0.923104
vn 0.297324 0.227620 0.927247
vn 0.299131 0.243599 0.922594
vn 0.269930 0.257877 0.927706
vn 0.270005 0.273839 0.923098
vn 0.239939 0.281580 0.929054
vn 0.238237 0.297246 0.924601
vn 0.205881 0.311411 0.927705
vn 0.202287 0.327051 0.923102
vn 0.169109 0.334088 0.927247
vn 0.163790 0.349279 0.922593
vn 0.131313 0.349456 0.927705
vn 0.124457 0.363872 0.923097
vn 0.094005 0.357801 0.929054
vn 0.085675 0.371175 0.924602
vn 0.050337 0.369908 0.927704
vn 0.040272 0.382445 0.923100
vn 0.007393 0.374376 0.927247
vn -0.004005 0.385756 0.922592
vn -0.033318 0.371823 0.927706
vn -0.045750 0.381832 0.923099
vn -0.070548 0.363155 0.929054
vn -0.083850 0.371587 0.924604
vn -0.115015 0.355151 0.927707
vn -0.131729 0.361413 0.923054
vn -0.155721 0.340534 0.927247
vn -0.173435 0.344578 0.922598
vn -0.191386 0.320518 0.927707
vn -0.208474 0.322996 0.923153
vn -0.221128 0.296582 0.929054
vn -0.236766 0.298407 0.924605
vn -0.257792 0.270014 0.927705
vn -0.273840 0.269989 0.923102
vn -0.288046 0.239253 0.927247
vn -0.303995 0.237496 0.922596
vn -0.326988 0.202393 0.923101
vn -0.311452 0.205821 0.927704
vn -0.342789 0.166128 0.924607
vn -0.327911 0.171267 0.929054
vn -0.349399 0.131463 0.927706
vn -0.336348 0.137669 0.931621
vn -0.363316 0.090632 0.927247
vn -0.351017 0.098198 0.931206
vn -0.369909 0.050332 0.927704
vn -0.358591 0.059119 0.931621
vn -0.369748 0.012031 0.929054
vn -0.359625 0.021986 0.932838
vn -0.362771 -0.021900 0.931621
vn 0.317343 0.177132 0.931621
vn 0.295630 0.213210 0.931206
vn 0.269799 0.243498 0.931621
vn 0.241412 0.267458 0.932838
vn 0.209062 0.297281 0.931621
vn 0.173845 0.320365 0.931206
vn 0.137431 0.336445 0.931621
vn 0.101459 0.345716 0.932838
vn 0.059373 0.358549 0.931621
vn 0.017628 0.364067 0.931206
vn -0.022157 0.362756 0.931621
vn -0.058589 0.355501 0.932838
vn -0.102075 0.348803 0.931621
vn -0.142081 0.335661 0.931206
vn -0.177357 0.317218 0.931621
vn -0.207033 0.294875 0.932838
vn -0.243306 0.269971 0.931621
vn -0.273648 0.240774 0.931206
vn -0.297429 0.208851 0.931621
vn -0.314472 0.175845 0.932838
vn -0.371837 -0.033161 0.927705
vn -0.358862 -0.063827 0.931206
vn -0.366657 -0.075994 0.927247
vn -0.355102 -0.115181 0.927705
vn -0.362106 -0.129470 0.923102
vn -0.343607 -0.164415 0.924609
vn -0.338352 -0.149587 0.929054
vn -0.320627 -0.191209 0.927706
vn -0.317343 -0.177132 0.931621
vn -0.295630 -0.213210 0.931206
vn -0.348730 -0.102322 0.931621
vn -0.333551 -0.136226 0.932838
vn -0.269799 -0.243498 0.931621
vn -0.269939 -0.257868 0.927705
vn -0.297367 -0.227563 0.927247
vn -0.324192 -0.206804 0.923110
vn -0.239940 -0.281579 0.929054
vn -0.241412 -0.267458 0.932838
vn -0.209062 -0.297281 0.931621
vn -0.205917 -0.311385 0.927706
vn -0.173845 -0.320365 0.931206
vn -0.169166 -0.334059 0.927247
vn -0.131307 -0.349458 0.927706
vn -0.124452 -0.363858 0.923103
vn -0.085684 -0.371163 0.924606
vn -0.094006 -0.357800 0.929054
vn -0.050422 -0.369892 0.927706
vn -0.059373 -0.358549 0.931621
vn -0.017628 -0.364067 0.931206
vn -0.137431 -0.336445 0.931621
vn -0.101459 -0.345716 0.932838
vn 0.022157 -0.362756 0.931621
vn 0.033322 -0.371822 0.927706
vn -0.007442 -0.374376 0.927247
vn -0.040451 -0.382412 0.923106
vn 0.058589 -0.355501 0.932838
vn 0.070548 -0.363154 0.929054
vn 0.045754 -0.381827 0.923101
vn 0.083852 -0.371588 0.924603
vn 0.115064 -0.355137 0.927706
vn 0.129487 -0.362093 0.923104
vn 0.155734 -0.340528 0.927247
vn 0.170890 -0.345855 0.922595
vn 0.191336 -0.320552 0.927705
vn 0.206865 -0.324183 0.923099
vn 0.221128 -0.296581 0.929054
vn 0.236773 -0.298407 0.924604
vn 0.253426 -0.273694 0.927829
vn 0.269468 -0.273890 0.923240
vn 0.280920 -0.247467 0.927278
vn 0.296960 -0.246111 0.922629
vn 0.303264 -0.218911 0.927421
vn 0.319024 -0.216070 0.922788
vn 0.335602 -0.184728 0.923714
vn 0.287528 -0.223495 0.931331
vn 0.252254 -0.262327 0.931425
vn 0.102075 -0.348803 0.931621
vn 0.142081 -0.335661 0.931206
vn 0.177357 -0.317218 0.931621
vn 0.207033 -0.294875 0.932838
vn 0.003896 -0.385749 0.922596
vn -0.163914 -0.349212 0.922596
vn -0.202366 -0.326985 0.923108
vn -0.238242 -0.297222 0.924608
vn -0.270025 -0.273801 0.923103
vn -0.299222 -0.243476 0.922597
vn -0.375234 -0.089511 0.922598
vn -0.381815 -0.045668 0.923110
vn -0.380918 0.000951 0.924608
vn -0.382417 0.040532 0.923100
vn -0.376905 0.082190 0.922598
vn -0.363819 0.124527 0.923108
vn 0.375209 0.089642 0.922595
vn 0.376932 -0.082092 0.922596
vn 0.363818 -0.124531 0.923108
vn 0.342784 -0.166130 0.924608
vn 0.327025 -0.202324 0.923103
vn 0.303957 -0.237539 0.922597
vn 0.170767 -0.345907 0.922598
vn 0.129485 -0.362080 0.923110
vn 0.083835 -0.371579 0.924608
vn 0.045584 -0.381848 0.923100
vn 0.003743 -0.385744 0.922598
vn -0.040446 -0.382407 0.923108
vn -0.129481 0.362092 0.923106
vn -0.083845 0.371584 0.924605
vn -0.055668 0.379814 0.923386
vn -0.025214 0.384638 0.922723
vn 0.941426 0.337221 0.000000
vn 0.932556 0.361025 0.000000
vn 0.883508 0.468416 0.000000
vn 0.886434 0.462854 0.000000
vn 0.829236 0.558899 0.000000
vn 0.967204 0.253999 0.000000
vn 0.979981 0.199090 0.000000
vn 0.989613 0.143759 0.000000
vn 0.998382 0.056865 0.000000
vn 0.999475 0.032408 0.000000
vn 0.996249 -0.086530 0.000000
vn 0.826567 0.562838 0.000000
vn 0.761215 0.648500 0.000000
vn 0.759148 0.650918 0.000000
vn 0.683561 0.729893 0.000000
vn 0.682403 0.730976 0.000000
vn 0.597825 0.801627 0.000000
vn 0.597825 0.801627 0.000000
vn 0.504618 0.863343 0.000000
vn 0.504618 0.863343 0.000000
vn 0.404458 0.914557 0.000000
vn 0.404458 0.914557 0.000000
vn 0.299179 0.954197 0.000000
vn 0.299179 0.954197 0.000000
vn 0.190809 0.981627 0.000000
vn 0.190809 0.981627 0.000000
vn 0.080055 0.996790 0.000000
vn 0.080055 0.996790 0.000000
vn -0.032408 0.999475 0.000000
vn -0.032408 0.999475 0.000000
vn -0.144460 0.989511 0.000000
vn -0.144460 0.989511 0.000000
vn -0.253999 0.967204 0.000000
vn -0.253999 0.967204 0.000000
vn -0.360364 0.932812 0.000000
vn -0.360364 0.932812 0.000000
vn -0.462854 0.886434 0.000000
vn -0.462854 0.886434 0.000000
vn -0.559487 0.828839 0.000000
vn -0.559487 0.828839 0.000000
vn -0.648500 0.761215 0.000000
vn -0.648500 0.761215 0.000000
vn -0.729409 0.684078 0.000000
vn -0.729409 0.684078 0.000000
vn -0.801627 0.597825 0.000000
vn -0.801627 0.597825 0.000000
vn -0.863700 0.504006 0.000000
vn -0.863700 0.504006 0.000000
vn -0.914557 0.404458 0.000000
vn -0.914557 0.404458 0.000000
vn -0.953985 0.299855 0.000000
vn -0.953985 0.299855 0.000000
vn -0.981627 0.190809 0.000000
vn -0.981627 0.190809 0.000000
vn -0.996847 0.079349 -0.000000
vn -0.996847 0.079349 -0.000000
vn -0.999475 -0.032408 -0.000000
vn -0.999475 -0.032408 -0.000000
vn -0.989613 -0.143759 -0.000000
vn -0.989613 -0.143759 -0.000000
vn -0.967204 -0.253999 -0.000000
vn -0.967204 -0.253999 -0.000000
vn -0.932556 -0.361025 -0.000000
vn -0.932556 -0.361025 -0.000000
vn -0.886434 -0.462854 -0.000000
vn -0.886434 -0.462854 -0.000000
vn -0.829236 -0.558899 -0.000000
vn -0.829236 -0.558899 -0.000000
vn -0.761215 -0.648500 -0.000000
vn -0.761215 -0.648500 -0.000000
vn -0.683561 -0.729893 -0.000000
vn -0.683561 -0.729893 -0.000000
vn -0.597825 -0.801627 -0.000000
vn -0.597825 -0.801627 -0.000000
vn -0.504618 -0.863343 -0.000000
vn -0.504618 -0.863343 -0.000000
vn -0.404458 -0.914557 -0.000000
vn -0.404458 -0.914557 -0.000000
vn -0.299179 -0.954197 -0.000000
vn -0.299179 -0.954197 -0.000000
vn -0.190809 -0.981627 -0.000000
vn -0.190809 -0.981627 -0.000000
vn -0.080055 -0.996790 -0.000000
vn -0.080055 -0.996790 -0.000000
vn 0.032408 -0.999475 -0.000000
vn 0.032408 -0.999475 -0.000000
vn 0.144460 -0.989511 -0.000000
vn 0.144460 -0.989511 -0.000000
vn 0.253999 -0.967204 -0.000000
vn 0.253999 -0.967204 -0.000000
vn 0.360364 -0.932812 -0.000000
vn 0.360364 -0.932812 -0.000000
vn 0.462854 -0.886434 -0.000000
vn 0.462854 -0.886434 -0.000000
vn 0.559487 -0.828839 -0.000000
vn 0.559487 -0.828839 -0.000000
vn 0.648500 -0.761215 -0.000000
vn 0.648500 -0.761215 -0.000000
vn 0.729409 -0.684078 -0.000000
vn 0.729409 -0.684078 -0.000000
vn 0.801627 -0.597825 -0.000000
vn 0.801627 -0.597825 -0.000000
vn 0.863700 -0.504006 -0.000000
vn 0.863700 -0.504006 -0.000000
vn 0.914557 -0.404458 -0.000000
vn 0.914557 -0.404458 -0.000000
vn 0.953985 -0.299855 -0.000000
vn 0.953985 -0.299855 -0.000000
vn 0.981627 -0.190809 -0.000000
vn 0.981627 -0.190809 -0.000000
vn 0.996847 -0.079349 0.000000
vn 0.996847 -0.079349 0.000000
vn 0.999475 0.032408 0.000000
vn 0.999475 0.032408 0.000000
vn 0.989613 0.143759 0.000000
vn 0.989613 0.143759 0.000000
vn 0.967204 0.253999 0.000000
vn 0.967204 0.253999 0.000000
vn 0.932556 0.361025 0.000000
vn 0.932556 0.361025 0.000000
vn 0.886434 0.462854 0.000000
vn 0.886434 0.462854 0.000000
vn 0.829236 0.558899 0.000000
vn 0.829236 0.558899 0.000000
vn 0.761215 0.648500 0.000000
vn 0.761215 0.648500 0.000000
vn 0.683561 0.729893 0.000000
vn 0.683561 0.729893 0.000000
vn 0.597825 0.801627 0.000000
vn 0.597825 0.801627 0.000000
vn 0.504618 0.863343 0.000000
vn 0.504618 0.863343 0.000000
vn 0.404458 0.914557 0.000000
vn 0.404458 0.914557 0.000000
vn 0.299179 0.954197 0.000000
vn 0.299179 0.954197 0.000000
vn 0.190809 0.981627 0.000000
vn 0.190809 0.981627 0.000000
vn 0.080055 0.996790 0.000000
vn 0.080055 0.996790 0.000000
vn -0.032408 0.999475 0.000000
vn -0.032408 0.999475 0.000000
vn -0.144460 0.989511 0.000000
vn -0.144460 0.989511 0.000000
vn -0.253999 0.967204 0.000000
vn -0.253999 0.967204 0.000000
vn -0.360364 0.932812 0.000000
vn -0.360364 0.932812 0.000000
vn -0.462854 0.886434 0.000000
vn -0.462854 0.886434 0.000000
vn -0.559487 0.828839 0.000000
vn -0.559487 0.828839 0.000000
vn -0.648500 0.761215 0.000000
vn -0.648500 0.761215 0.000000
vn -0.729409 0.684078 0.000000
vn -0.729409 0.684078 0.000000
vn -0.801627 0.597825 0.000000
vn -0.801627 0.597825 0.000000
vn -0.863700 0.504006 0.000000
vn -0.863700 0.504006 0.000000
vn -0.914557 0.404458 0.000000
vn -0.914557 0.404458 0.000000
vn -0.953985 0.299855 0.000000
vn -0.953985 0.299855 0.000000
vn -0.981627 0.190809 0.000000
vn -0.981627 0.190809 0.000000
vn -0.996847 0.079349 -0.000000
vn -0.996847 0.079349 -0.000000
vn -0.999475 -0.032408 -0.000000
vn -0.999475 -0.032408 -0.000000
vn -0.989613 -0.143759 -0.000000
vn -0.989613 -0.143759 -0.000000
vn -0.967204 -0.253999 -0.000000
vn -0.967204 -0.253999 -0.000000
vn -0.932556 -0.361025 -0.000000
vn -0.932556 -0.361025 -0.000000
vn -0.886434 -0.462854 -0.000000
vn -0.886434 -0.462854 -0.000000
vn -0.829236 -0.558899 -0.000000
vn -0.829236 -0.558899 -0.000000
vn -0.761215 -0.648500 -0.000000
vn -0.761215 -0.648500 -0.000000
vn -0.683561 -0.729893 -0.000000
vn -0.683561 -0.729893 -0.000000
vn -0.597825 -0.801627 -0.000000
vn -0.597825 -0.801627 -0.000000
vn -0.530946 -0.847405 -0.000000
vn -0.504618 -0.863343 -0.000000
vn -0.460159 -0.887836 -0.000000
vn -0.404458 -0.914557 -0.000000
vn -0.328845 -0.944384 -0.000000
vn -0.299179 -0.954197 -0.000000
vn -0.190809 -0.981627 -0.000000
vn -0.190809 -0.981627 -0.000000
vn -0.049290 -0.998785 -0.000000
vn -0.048873 -0.998805 -0.000000
vn 0.094063 -0.995566 -0.000000
vn 0.258231 -0.251257 -0.932838
vn 0.225804 -0.284939 -0.931570
vn 0.225753 -0.297309 -0.927708
vn 0.207596 -0.311140 -0.927413
vn 0.223198 -0.313134 -0.923109
vn 0.186432 -0.337728 -0.922596
vn 0.256995 -0.281167 -0.924607
vn 0.257677 -0.265444 -0.929054
vn 0.285006 -0.225508 -0.931621
vn 0.286115 -0.239798 -0.927704
vn 0.308821 -0.193611 -0.931206
vn 0.311496 -0.207804 -0.927247
vn 0.332340 -0.170036 -0.927706
vn 0.336909 -0.185371 -0.923109
vn 0.353539 -0.141817 -0.924607
vn 0.287276 -0.255652 -0.923101
vn 0.314391 -0.223542 -0.922598
vn 0.370327 -0.104026 -0.923058
vn 0.361790 -0.092022 -0.927707
vn 0.347331 -0.127355 -0.929054
vn 0.328152 -0.156202 -0.931621
vn 0.370803 -0.052129 -0.927247
vn 0.380660 -0.062536 -0.922598
vn 0.373203 -0.008945 -0.927707
vn 0.383979 -0.018840 -0.923150
vn 0.368192 0.035958 -0.929054
vn 0.380064 0.025618 -0.924606
vn 0.365876 0.074154 -0.927705
vn 0.378997 0.065147 -0.923102
vn 0.370835 0.106295 -0.922596
vn 0.356702 0.113913 -0.927247
vn 0.355049 0.147728 -0.923102
vn 0.340174 0.153773 -0.927705
vn 0.331314 0.187983 -0.924605
vn 0.316127 0.192150 -0.929054
vn 0.297493 0.225522 -0.927706
vn 0.283274 0.227680 -0.931621
vn 0.271992 0.257357 -0.927247
vn 0.257476 0.257996 -0.931206
vn 0.239795 0.286119 -0.927704
vn 0.225306 0.285166 -0.931621
vn 0.201451 0.310283 -0.929054
vn 0.187496 0.307667 -0.932838
vn 0.156434 0.328041 -0.931621
vn 0.170176 0.332269 -0.927706
vn 0.133379 0.349889 -0.927247
vn 0.148199 0.356175 -0.922592
vn 0.105869 0.369696 -0.923102
vn 0.313261 0.223057 -0.923100
vn 0.288082 0.256577 -0.922593
vn 0.255850 0.287102 -0.923100
vn 0.216949 0.313119 -0.924602
vn 0.185454 0.336897 -0.923097
vn 0.091869 0.361835 -0.927705
vn 0.059610 0.376243 -0.924601
vn 0.046874 0.366962 -0.929054
vn 0.009159 0.373200 -0.927706
vn -0.001389 0.363429 -0.931621
vn -0.031652 0.373109 -0.927247
vn -0.041175 0.362160 -0.931206
vn -0.074257 0.365854 -0.927705
vn -0.082476 0.353950 -0.931621
vn -0.116987 0.350959 -0.929054
vn -0.123642 0.338417 -0.932838
vn -0.158937 0.326836 -0.931621
vn -0.153669 0.340218 -0.927706
vn -0.190419 0.322417 -0.927247
vn -0.186122 0.337900 -0.922595
vn -0.223120 0.313200 -0.923105
vn 0.020918 0.383998 -0.923097
vn -0.021042 0.385199 -0.922594
vn -0.065092 0.379003 -0.923103
vn -0.109541 0.364844 -0.924602
vn -0.147757 0.355042 -0.923100
vn -0.225656 0.297391 -0.927706
vn -0.256994 0.281176 -0.924605
vn -0.257677 0.265444 -0.929054
vn -0.286065 0.239852 -0.927706
vn -0.285006 0.225508 -0.931621
vn -0.308821 0.193611 -0.931206
vn -0.311469 0.207844 -0.927247
vn -0.332343 0.170030 -0.927706
vn -0.336917 0.185364 -0.923107
vn -0.353538 0.141816 -0.924607
vn -0.287169 0.255766 -0.923102
vn -0.314334 0.223632 -0.922596
vn -0.369708 0.105814 -0.923103
vn -0.361807 0.091970 -0.927705
vn -0.347331 0.127355 -0.929054
vn -0.328152 0.156202 -0.931621
vn -0.370807 0.052098 -0.927247
vn -0.380242 0.065052 -0.922597
vn -0.383973 0.020829 -0.923109
vn -0.373204 0.008998 -0.927706
vn -0.380055 -0.025627 -0.924609
vn -0.368192 -0.035959 -0.929054
vn -0.365877 -0.074144 -0.927705
vn -0.354008 -0.082225 -0.931621
vn -0.343918 -0.120731 -0.931206
vn -0.356686 -0.113961 -0.927247
vn -0.340152 -0.153816 -0.927706
vn -0.354986 -0.147826 -0.923110
vn -0.331299 -0.187988 -0.924609
vn -0.378999 -0.065127 -0.923102
vn -0.370800 -0.106397 -0.922598
vn -0.313171 -0.223180 -0.923101
vn -0.297455 -0.225579 -0.927704
vn -0.316127 -0.192150 -0.929054
vn -0.326723 -0.159169 -0.931621
vn -0.271909 -0.257444 -0.927247
vn -0.287897 -0.256763 -0.922598
vn -0.255693 -0.287212 -0.923109
vn -0.239726 -0.286171 -0.927706
vn -0.216931 -0.313117 -0.924607
vn -0.201450 -0.310284 -0.929054
vn -0.170221 -0.332243 -0.927707
vn -0.156434 -0.328041 -0.931621
vn -0.120038 -0.344161 -0.931206
vn -0.133333 -0.349906 -0.927247
vn -0.079265 -0.354682 -0.931621
vn -0.091766 -0.361855 -0.927707
vn -0.035436 -0.358550 -0.932838
vn -0.046873 -0.366962 -0.929054
vn 0.001389 -0.363429 -0.931621
vn -0.009117 -0.373204 -0.927705
vn 0.031687 -0.373106 -0.927247
vn 0.021118 -0.385190 -0.922596
vn 0.065022 -0.379019 -0.923102
vn -0.183937 -0.337824 -0.923061
vn -0.145842 -0.357131 -0.922598
vn -0.103953 -0.370127 -0.923147
vn -0.059596 -0.376235 -0.924606
vn -0.020815 -0.383992 -0.923102
vn 0.074223 -0.365862 -0.927705
vn 0.109546 -0.364837 -0.924605
vn 0.116987 -0.350959 -0.929054
vn 0.153668 -0.340218 -0.927706
vn 0.158937 -0.326836 -0.931621
vn 0.190378 -0.322441 -0.927247
vn 0.194233 -0.308430 -0.931206
vn 0.225582 -0.297453 -0.927704
vn 0.227881 -0.283113 -0.931621
vn 0.257677 -0.265445 -0.929054
vn 0.258231 -0.251257 -0.932838
vn 0.285006 -0.225508 -0.931621
vn 0.286071 -0.239846 -0.927706
vn 0.311436 -0.207894 -0.927247
vn 0.314265 -0.223744 -0.922592
vn 0.336863 -0.185492 -0.923101
vn 0.147756 -0.355041 -0.923100
vn 0.186035 -0.337955 -0.922593
vn 0.222965 -0.313327 -0.923099
vn 0.256993 -0.281184 -0.924603
vn 0.287182 -0.255770 -0.923097
vn 0.332317 -0.170088 -0.927704
vn 0.353545 -0.141838 -0.924601
vn 0.347331 -0.127356 -0.929054
vn 0.361806 -0.091974 -0.927706
vn 0.354626 -0.079516 -0.931621
vn 0.370797 -0.052168 -0.927247
vn 0.362243 -0.040445 -0.931206
vn 0.373205 -0.009020 -0.927705
vn 0.363428 0.001647 -0.931621
vn 0.368192 0.035958 -0.929054
vn 0.357445 0.045237 -0.932838
vn 0.354008 0.082225 -0.931621
vn 0.365882 0.074111 -0.927706
vn 0.356707 0.113896 -0.927247
vn 0.370847 0.106258 -0.922595
vn 0.354999 0.147828 -0.923105
vn 0.369716 -0.105840 -0.923097
vn 0.380223 -0.065206 -0.922594
vn 0.383985 -0.020886 -0.923103
vn 0.380073 0.025608 -0.924602
vn 0.379021 0.065049 -0.923099
vn 0.340149 0.153820 -0.927706
vn 0.331314 0.187983 -0.924604
vn 0.316127 0.192150 -0.929054
vn 0.297494 0.225520 -0.927706
vn 0.283274 0.227680 -0.931621
vn 0.257476 0.257996 -0.931206
vn 0.271945 0.257406 -0.927247
vn 0.239720 0.286175 -0.927706
vn 0.255688 0.287223 -0.923107
vn 0.216931 0.313118 -0.924607
vn 0.313256 0.223055 -0.923102
vn 0.287978 0.256682 -0.922596
vn 0.185435 0.336889 -0.923103
vn 0.170177 0.332268 -0.927706
vn 0.201450 0.310284 -0.929054
vn 0.225306 0.285166 -0.931621
vn 0.133307 0.349917 -0.927247
vn 0.148040 0.356230 -0.922596
vn 0.105748 0.369712 -0.923109
vn 0.091818 0.361845 -0.927706
vn 0.059587 0.376229 -0.924609
vn 0.046873 0.366962 -0.929054
vn 0.009135 0.373202 -0.927705
vn -0.001389 0.363429 -0.931621
vn -0.041175 0.362160 -0.931206
vn -0.031732 0.373102 -0.927247
vn -0.074269 0.365850 -0.927706
vn -0.065128 0.378980 -0.923110
vn -0.109554 0.364824 -0.924609
vn 0.020852 0.383988 -0.923103
vn -0.021214 0.385180 -0.922598
vn -0.147888 0.354984 -0.923101
vn -0.153729 0.340194 -0.927704
vn -0.116988 0.350959 -0.929054
vn -0.082476 0.353950 -0.931621
vn -0.190482 0.322380 -0.927247
vn -0.186259 0.337816 -0.922598
vn -0.223113 0.313193 -0.923109
vn -0.225651 0.297395 -0.927706
vn -0.256995 0.281166 -0.924607
vn -0.257677 0.265444 -0.929054
vn -0.286035 0.239884 -0.927707
vn -0.285006 0.225508 -0.931621
vn -0.308821 0.193611 -0.931206
vn -0.311464 0.207852 -0.927247
vn -0.328152 0.156202 -0.931621
vn -0.332363 0.169985 -0.927707
vn -0.341675 0.114333 -0.932838
vn -0.347331 0.127355 -0.929054
vn -0.354626 0.079516 -0.931621
vn -0.361819 0.091930 -0.927705
vn -0.362243 0.040445 -0.931206
vn -0.370807 0.052097 -0.927247
vn -0.373204 0.008986 -0.927706
vn -0.383982 0.020813 -0.923106
vn -0.380060 -0.025621 -0.924607
vn -0.288336 0.254587 -0.923064
vn -0.315629 0.221791 -0.922598
vn -0.337658 0.183826 -0.923144
vn -0.353540 0.141822 -0.924606
vn -0.369736 0.105731 -0.923102
vn -0.380244 0.065053 -0.922596
vn -0.368192 -0.035959 -0.929054
vn -0.380365 -0.045558 -0.923714
vn -0.367174 -0.063375 -0.927991
vn -0.350314 -0.099511 -0.931331
vn -0.355584 -0.071866 -0.931877
vn -0.357445 -0.045237 -0.932838
vn -0.363428 -0.001647 -0.931621
vn -0.258231 0.251257 -0.932838
vn -0.227881 0.283113 -0.931621
vn -0.194233 0.308430 -0.931206
vn -0.158937 0.326836 -0.931621
vn -0.123642 0.338417 -0.932838
vn 0.035436 0.358550 -0.932838
vn 0.079265 0.354682 -0.931621
vn 0.120038 0.344161 -0.931206
vn 0.156434 0.328041 -0.931621
vn 0.187496 0.307667 -0.932838
vn 0.302420 0.195847 -0.932838
vn 0.326723 0.159169 -0.931621
vn 0.343918 0.120731 -0.931206
vn 0.341675 -0.114333 -0.932838
vn 0.328152 -0.156202 -0.931621
vn 0.308821 -0.193611 -0.931206
vn 0.123642 -0.338417 -0.932838
vn 0.082476 -0.353950 -0.931621
vn 0.041175 -0.362160 -0.931206
vn -0.187496 -0.307667 -0.932838
vn -0.225306 -0.285166 -0.931621
vn -0.257476 -0.257996 -0.931206
vn -0.283274 -0.227680 -0.931621
vn -0.302420 -0.195847 -0.932838
vn -0.357445 -0.045237 -0.932838
vn -0.363428 -0.001647 -0.931621
vn -0.362243 0.040445 -0.931206
vn -0.354626 0.079516 -0.931621
vn -0.341675 0.114333 -0.932838
vn -0.258231 0.251257 -0.932838
vn -0.227881 0.283113 -0.931621
vn -0.194233 0.308430 -0.931206
vn 0.035436 0.358550 -0.932838
vn 0.079265 0.354682 -0.931621
vn 0.120038 0.344161 -0.931206
vn 0.302420 0.195847 -0.932838
vn 0.326723 0.159169 -0.931621
vn 0.343918 0.120731 -0.931206
vn 0.354008 0.082225 -0.931621
vn 0.357445 0.045237 -0.932838
vn 0.363428 0.001647 -0.931621
vn 0.362243 -0.040445 -0.931206
vn 0.354626 -0.079516 -0.931621
vn 0.341675 -0.114333 -0.932838
vn 0.939909 -0.341426 -0.000000
vn 0.954096 -0.299501 -0.000000
vn 0.981782 -0.190013 0.000000
vn 0.981619 -0.190851 -0.000000
vn 0.996806 -0.079861 0.000000
vn 0.914470 -0.404653 -0.000000
vn 0.874839 -0.484413 -0.000000
vn 0.863438 -0.504454 -0.000000
vn 0.788180 -0.615445 -0.000000
vn 0.801590 -0.597874 -0.000000
vn 0.748479 -0.663158 -0.000000
vn 0.682068 -0.731288 -0.000000
vn 0.689955 -0.723852 -0.000000
vn 0.626712 -0.779251 -0.000000
vn 0.559124 -0.829084 -0.000000
vn 0.996849 -0.079321 0.000000
vn 0.999478 0.032315 0.000000
vn 0.999474 0.032443 0.000000
vn 0.989544 0.144229 0.000000
vn 0.989517 0.144419 0.000000
vn 0.967205 0.253996 0.000000
vn 0.967114 0.254341 0.000000
vn 0.932731 0.360573 0.000000
vn 0.932629 0.360837 0.000000
vn 0.886422 0.462877 0.000000
vn 0.886403 0.462915 0.000000
vn 0.828950 0.559323 0.000000
vn 0.826149 0.563451 0.000000
vn 0.761191 0.648528 0.000000
vn 0.756797 0.653650 0.000000
vn 0.683847 0.729625 0.000000
vn 0.680151 0.733072 0.000000
vn 0.597666 0.801745 0.000000
vn 0.597824 0.801627 0.000000
vn 0.504182 0.863597 0.000000
vn 0.504169 0.863605 0.000000
vn 0.404485 0.914545 0.000000
vn 0.404402 0.914581 0.000000
vn 0.299695 0.954035 0.000000
vn 0.299403 0.954127 0.000000
vn 0.190823 0.981624 0.000000
vn 0.190531 0.981681 0.000000
vn 0.079858 0.996806 0.000000
vn 0.079545 0.996831 0.000000
vn -0.032025 0.999487 0.000000
vn -0.032462 0.999473 0.000000
vn -0.143740 0.989615 0.000000
vn -0.144423 0.989516 0.000000
vn -0.253954 0.967216 0.000000
vn -0.254343 0.967114 0.000000
vn -0.360551 0.932740 0.000000
vn -0.360837 0.932629 0.000000
vn -0.462584 0.886575 0.000000
vn -0.462877 0.886423 0.000000
vn -0.559043 0.829139 0.000000
vn -0.563515 0.826106 0.000000
vn -0.648453 0.761255 0.000000
vn -0.653725 0.756732 0.000000
vn -0.729539 0.683939 0.000000
vn -0.733123 0.680096 0.000000
vn -0.801492 0.598006 0.000000
vn -0.801627 0.597824 0.000000
vn -0.863521 0.504313 0.000000
vn -0.863596 0.504185 0.000000
vn -0.914538 0.404500 0.000000
vn -0.914543 0.404488 0.000000
vn -0.954043 0.299671 0.000000
vn -0.954035 0.299697 0.000000
vn -0.981606 0.190918 0.000000
vn -0.981624 0.190824 0.000000
vn -0.996806 0.079858 -0.000000
vn -0.996828 0.079591 -0.000000
vn -0.999487 -0.032027 -0.000000
vn -0.999475 -0.032399 -0.000000
vn -0.989615 -0.143744 -0.000000
vn -0.989581 -0.143974 -0.000000
vn -0.967216 -0.253953 -0.000000
vn -0.967192 -0.254047 -0.000000
vn -0.932740 -0.360551 -0.000000
vn -0.932628 -0.360839 -0.000000
vn -0.886575 -0.462586 -0.000000
vn -0.886419 -0.462883 -0.000000
vn -0.829136 -0.559047 -0.000000
vn -0.829067 -0.559150 -0.000000
vn -0.761255 -0.648452 -0.000000
vn -0.761095 -0.648640 -0.000000
vn -0.683940 -0.729538 -0.000000
vn -0.683698 -0.729765 -0.000000
vn -0.598006 -0.801492 -0.000000
vn -0.597778 -0.801662 -0.000000
vn -0.504313 -0.863521 -0.000000
vn -0.504230 -0.863569 -0.000000
vn -0.404500 -0.914538 -0.000000
vn -0.404208 -0.914667 -0.000000
vn -0.299671 -0.954042 -0.000000
vn -0.299365 -0.954139 -0.000000
vn -0.190918 -0.981606 -0.000000
vn -0.190753 -0.981638 -0.000000
vn -0.079591 -0.996828 -0.000000
vn -0.079408 -0.996842 -0.000000
vn 0.032399 -0.999475 -0.000000
vn 0.032754 -0.999463 -0.000000
vn 0.143974 -0.989581 -0.000000
vn 0.144261 -0.989540 -0.000000
vn 0.254028 -0.967197 -0.000000
vn 0.254047 -0.967192 -0.000000
vn 0.360839 -0.932628 -0.000000
vn 0.365147 -0.930950 -0.000000
vn 0.462884 -0.886419 -0.000000
vn 0.468444 -0.883493 -0.000000
vn 0.559150 -0.829067 -0.000000
vn 0.563054 -0.826420 -0.000000
vn 0.648640 -0.761095 -0.000000
vn 0.648501 -0.761214 -0.000000
vn 0.729766 -0.683697 -0.000000
vn 0.729764 -0.683699 -0.000000
vn 0.801619 -0.597836 -0.000000
vn 0.801662 -0.597778 -0.000000
vn 0.863431 -0.504467 -0.000000
vn 0.863571 -0.504228 -0.000000
vn 0.914552 -0.404468 -0.000000
vn 0.914667 -0.404207 -0.000000
vn 0.954044 -0.299668 -0.000000
vn 0.954138 -0.299366 -0.000000
vn 0.981552 -0.191195 -0.000000
vn 0.981638 -0.190754 0.000000
vn 0.996787 -0.080095 0.000000
vn 0.996843 -0.079402 0.000000
vn 0.999476 0.032365 0.000000
vn 0.999463 0.032756 0.000000
vn 0.989584 0.143957 0.000000
vn 0.989540 0.144260 0.000000
vn 0.967285 0.253693 0.000000
vn 0.967197 0.254026 0.000000
vn 0.932761 0.360494 0.000000
vn 0.930842 0.365421 0.000000
vn 0.886463 0.462800 0.000000
vn 0.883313 0.468784 0.000000
vn 0.829129 0.559058 0.000000
vn 0.826257 0.563294 0.000000
vn 0.761371 0.648316 0.000000
vn 0.761214 0.648501 0.000000
vn 0.683839 0.729633 0.000000
vn 0.683706 0.729757 0.000000
vn 0.597866 0.801596 0.000000
vn 0.597845 0.801611 0.000000
vn 0.504454 0.863438 0.000000
vn 0.504472 0.863428 0.000000
vn 0.404582 0.914502 0.000000
vn 0.404470 0.914551 0.000000
vn 0.299666 0.954044 0.000000
vn 0.299426 0.954120 0.000000
vn 0.191189 0.981553 0.000000
vn 0.190825 0.981624 0.000000
vn 0.080083 0.996788 0.000000
vn 0.079845 0.996807 0.000000
vn -0.032363 0.999476 0.000000
vn -0.032428 0.999474 0.000000
vn -0.143957 0.989584 0.000000
vn -0.144259 0.989540 0.000000
vn -0.253698 0.967283 0.000000
vn -0.254025 0.967198 0.000000
vn -0.360509 0.932756 0.000000
vn -0.360628 0.932710 0.000000
vn -0.462799 0.886463 0.000000
vn -0.463000 0.886358 0.000000
vn -0.559057 0.829129 0.000000
vn -0.559330 0.828945 0.000000
vn -0.648321 0.761367 0.000000
vn -0.648543 0.761178 0.000000
vn -0.729640 0.683831 0.000000
vn -0.729696 0.683772 0.000000
vn -0.801597 0.597865 0.000000
vn -0.801782 0.597617 0.000000
vn -0.863409 0.504504 0.000000
vn -0.863602 0.504174 0.000000
vn -0.914458 0.404680 0.000000
vn -0.914581 0.404404 0.000000
vn -0.954083 0.299544 0.000000
vn -0.954171 0.299262 0.000000
vn -0.981632 0.190782 -0.000000
vn -0.981691 0.190480 -0.000000
vn -0.995571 0.094017 -0.000000
vn -0.996831 0.079550 -0.000000
vn -0.999993 -0.003678 -0.000000
vn -0.999474 -0.032442 -0.000000
vn -0.994862 -0.101239 -0.000000
vn -0.988913 -0.148498 -0.000000
vn -0.980210 -0.197962 -0.000000
vn -0.965692 -0.259691 -0.000000
vn -0.936973 -0.349401 -0.000000
vn -0.931108 -0.364744 -0.000000
vn -0.886433 -0.462858 -0.000000
vn -0.870497 -0.492174 -0.000000
vn -0.828931 -0.559351 -0.000000
vn -0.782430 -0.622739 -0.000000
vn -0.761102 -0.648632 -0.000000
vn -0.674956 -0.737858 -0.000000
vn -0.683698 -0.729765 -0.000000
vn -0.597808 -0.801639 -0.000000
vn -0.550740 -0.834677 -0.000000
vn 0.385625 -0.007111 0.922628
vn 0.382418 -0.040437 0.923104
vn 0.370225 -0.048625 0.927669
vn 0.364915 -0.071312 0.928306
vn 0.358929 -0.057586 0.931587
vn 0.346638 -0.099103 0.932749
vn 0.374396 -0.006262 0.927248
vn 0.364120 -0.016470 0.931206
vn 0.371733 0.033919 0.927720
vn 0.362692 0.022698 0.931633
vn 0.363155 0.070547 0.929054
vn 0.355501 0.058589 0.932838
vn 0.348803 0.102075 0.931621
vn 0.355136 0.115068 0.927706
vn 0.335661 0.142081 0.931206
vn 0.340549 0.155688 0.927247
vn 0.320551 0.191337 0.927705
vn 0.324179 0.206853 0.923103
vn 0.298407 0.236756 0.924608
vn 0.296582 0.221128 0.929054
vn 0.270044 0.257757 0.927706
vn 0.269971 0.243306 0.931621
vn 0.240774 0.273648 0.931206
vn 0.317218 0.177357 0.931621
vn 0.294875 0.207033 0.932838
vn 0.208851 0.297429 0.931621
vn 0.205776 0.311478 0.927706
vn 0.239259 0.288041 0.927247
vn 0.270054 0.273757 0.923108
vn 0.171267 0.327911 0.929054
vn 0.175845 0.314472 0.932838
vn 0.137669 0.336348 0.931621
vn 0.131466 0.349398 0.927706
vn 0.098198 0.351017 0.931206
vn 0.090560 0.363334 0.927247
vn 0.050252 0.369915 0.927706
vn 0.082035 0.376945 0.922596
vn 0.040358 0.382435 0.923100
vn 0.012030 0.369748 0.929054
vn 0.000936 0.380931 0.924603
vn -0.033166 0.371837 0.927705
vn -0.045692 0.381827 0.923104
vn -0.076074 0.366640 0.927247
vn -0.089686 0.375202 0.922594
vn -0.115221 0.355087 0.927706
vn -0.129570 0.362080 0.923098
vn -0.149589 0.338351 0.929054
vn -0.164442 0.343614 0.924601
vn -0.191242 0.320609 0.927705
vn -0.206891 0.324159 0.923102
vn -0.227629 0.297317 0.927247
vn -0.243622 0.299117 0.922593
vn -0.257874 0.269932 0.927705
vn -0.273838 0.270010 0.923096
vn -0.281580 0.239939 0.929054
vn -0.297245 0.238237 0.924602
vn -0.311433 0.205851 0.927704
vn -0.327095 0.202225 0.923100
vn -0.334093 0.169098 0.927247
vn -0.349291 0.163767 0.922592
vn -0.349457 0.131310 0.927706
vn -0.363870 0.124453 0.923098
vn -0.357800 0.094005 0.929054
vn -0.371170 0.085679 0.924604
vn -0.369883 0.050470 0.927707
vn -0.382750 0.038310 0.923057
vn -0.374375 0.007452 0.927247
vn -0.385711 -0.006524 0.922597
vn -0.371816 -0.033366 0.927707
vn -0.381495 -0.047525 0.923148
vn -0.363155 -0.070547 0.929054
vn -0.371584 -0.083845 0.924605
vn -0.355125 -0.115110 0.927705
vn -0.362065 -0.129583 0.923102
vn -0.340537 -0.155715 0.927247
vn -0.345872 -0.170850 0.922596
vn -0.324223 -0.206793 0.923102
vn -0.320571 -0.191307 0.927704
vn -0.298407 -0.236762 0.924606
vn -0.296582 -0.221128 0.929054
vn -0.270043 -0.257758 0.927706
vn -0.269971 -0.243306 0.931621
vn -0.239295 -0.288011 0.927247
vn -0.240774 -0.273648 0.931206
vn -0.205847 -0.311437 0.927704
vn -0.208851 -0.297429 0.931621
vn -0.171267 -0.327911 0.929054
vn -0.175845 -0.314472 0.932838
vn -0.137669 -0.336348 0.931621
vn 0.059119 0.358591 0.931621
vn 0.021986 0.359625 0.932838
vn -0.021900 0.362771 0.931621
vn -0.063827 0.358862 0.931206
vn -0.102322 0.348730 0.931621
vn -0.136226 0.333551 0.932838
vn -0.177132 0.317343 0.931621
vn -0.213210 0.295630 0.931206
vn -0.243498 0.269799 0.931621
vn -0.267458 0.241412 0.932838
vn -0.297281 0.209062 0.931621
vn -0.320365 0.173845 0.931206
vn -0.336445 0.137431 0.931621
vn -0.345716 0.101459 0.932838
vn -0.358549 0.059373 0.931621
vn -0.364067 0.017628 0.931206
vn -0.362756 -0.022157 0.931621
vn -0.355501 -0.058589 0.932838
vn -0.348803 -0.102075 0.931621
vn -0.335661 -0.142081 0.931206
vn -0.317218 -0.177357 0.931621
vn -0.294875 -0.207033 0.932838
vn -0.131457 -0.349402 0.927705
vn -0.098198 -0.351017 0.931206
vn -0.090619 -0.363319 0.927247
vn -0.050301 -0.369911 0.927704
vn -0.040468 -0.382421 0.923102
vn -0.000953 -0.380916 0.924609
vn -0.012032 -0.369748 0.929054
vn 0.033159 -0.371837 0.927705
vn 0.021900 -0.362771 0.931621
vn 0.063827 -0.358862 0.931206
vn -0.059119 -0.358591 0.931621
vn -0.021986 -0.359625 0.932838
vn 0.102322 -0.348730 0.931621
vn 0.115208 -0.355092 0.927705
vn 0.076004 -0.366655 0.927247
vn 0.045663 -0.381816 0.923110
vn 0.149588 -0.338352 0.929054
vn 0.136226 -0.333551 0.932838
vn 0.177132 -0.317343 0.931621
vn 0.191204 -0.320629 0.927706
vn 0.213210 -0.295630 0.931206
vn 0.227577 -0.297357 0.927247
vn 0.257879 -0.269928 0.927706
vn 0.273826 -0.270000 0.923103
vn 0.297229 -0.238240 0.924606
vn 0.281579 -0.239940 0.929054
vn 0.311384 -0.205918 0.927706
vn 0.297281 -0.209062 0.931621
vn 0.320365 -0.173845 0.931206
vn 0.243498 -0.269799 0.931621
vn 0.267458 -0.241412 0.932838
vn 0.336445 -0.137431 0.931621
vn 0.349458 -0.131305 0.927706
vn 0.334071 -0.169142 0.927247
vn 0.326990 -0.202367 0.923106
vn 0.345716 -0.101459 0.932838
vn 0.357801 -0.094005 0.929054
vn 0.363866 -0.124446 0.923101
vn 0.371171 -0.085678 0.924603
vn 0.369894 -0.050410 0.927705
vn 0.382420 -0.040423 0.923104
vn 0.374376 -0.007421 0.927247
vn 0.385751 0.003942 0.922595
vn 0.371823 0.033318 0.927706
vn 0.381834 0.045752 0.923098
vn 0.363154 0.070548 0.929054
vn 0.371591 0.083858 0.924602
vn 0.355128 0.115101 0.927705
vn 0.362071 0.129563 0.923102
vn 0.340516 0.155761 0.927247
vn 0.345830 0.170951 0.922593
vn 0.320547 0.191343 0.927705
vn 0.324175 0.206889 0.923097
vn 0.296581 0.221129 0.929054
vn 0.298407 0.236780 0.924602
vn 0.269993 0.257816 0.927704
vn 0.269944 0.273890 0.923100
vn 0.239202 0.288088 0.927247
vn 0.237388 0.304090 0.922592
vn 0.205780 0.311476 0.927706
vn 0.202302 0.327053 0.923098
vn 0.171267 0.327912 0.929054
vn 0.166124 0.342799 0.924604
vn 0.131511 0.349378 0.927707
vn 0.122576 0.364607 0.923059
vn 0.090572 0.363331 0.927247
vn 0.079538 0.377478 0.922596
vn 0.050207 0.369918 0.927707
vn 0.038607 0.382504 0.923147
vn 0.012031 0.369748 0.929054
vn 0.000943 0.380925 0.924605
vn -0.033203 0.371836 0.927705
vn -0.045770 0.381822 0.923102
vn -0.076036 0.366648 0.927247
vn -0.089605 0.375218 0.922596
vn -0.129463 0.362109 0.923102
vn -0.115177 0.355104 0.927704
vn -0.164425 0.343610 0.924606
vn -0.149588 0.338351 0.929054
vn -0.191204 0.320630 0.927706
vn -0.177132 0.317343 0.931621
vn -0.227541 0.297385 0.927247
vn -0.213210 0.295630 0.931206
vn -0.257822 0.269989 0.927704
vn -0.243498 0.269799 0.931621
vn -0.281579 0.239941 0.929054
vn -0.267458 0.241412 0.932838
vn -0.297281 0.209062 0.931621
vn 0.358549 -0.059373 0.931621
vn 0.364067 -0.017628 0.931206
vn 0.362756 0.022157 0.931621
vn 0.355501 0.058589 0.932838
vn 0.348803 0.102075 0.931621
vn 0.335661 0.142081 0.931206
vn 0.317218 0.177357 0.931621
vn 0.294875 0.207033 0.932838
vn 0.269971 0.243306 0.931621
vn 0.240774 0.273648 0.931206
vn 0.208851 0.297429 0.931621
vn 0.175845 0.314472 0.932838
vn 0.137669 0.336348 0.931621
vn 0.098198 0.351017 0.931206
vn 0.059119 0.358591 0.931621
vn 0.021986 0.359625 0.932838
vn -0.021900 0.362771 0.931621
vn -0.063827 0.358862 0.931206
vn -0.102322 0.348730 0.931621
vn -0.136226 0.333551 0.932838
vn -0.311390 0.205910 0.927705
vn -0.320365 0.173845 0.931206
vn -0.334045 0.169194 0.927247
vn -0.349442 0.131357 0.927704
vn -0.363826 0.124558 0.923101
vn -0.371154 0.085691 0.924609
vn -0.357800 0.094007 0.929054
vn -0.369893 0.050414 0.927705
vn -0.358549 0.059373 0.931621
vn -0.364067 0.017628 0.931206
vn -0.336445 0.137431 0.931621
vn -0.345716 0.101459 0.932838
vn -0.362756 -0.022157 0.931621
vn -0.371825 -0.033301 0.927705
vn -0.374375 0.007491 0.927247
vn -0.382404 0.040443 0.923110
vn -0.363155 -0.070547 0.929054
vn -0.355501 -0.058589 0.932838
vn -0.348803 -0.102075 0.931621
vn -0.335661 -0.142081 0.931206
vn -0.340552 -0.155681 0.927247
vn -0.355140 -0.115053 0.927706
vn -0.371579 -0.083835 0.924608
vn -0.381827 -0.045701 0.923103
vn -0.385746 -0.003791 0.922597
vn -0.320558 -0.191327 0.927705
vn -0.317218 -0.177357 0.931621
vn -0.294875 -0.207033 0.932838
vn -0.296581 -0.221128 0.929054
vn -0.262327 -0.252254 0.931425
vn -0.273711 -0.253405 0.927830
vn -0.247475 -0.280913 0.927278
vn -0.273926 -0.269427 0.923241
vn -0.246127 -0.296946 0.922629
vn -0.218913 -0.303263 0.927421
vn -0.216073 -0.319021 0.922788
vn -0.184728 -0.335602 0.923714
vn -0.223495 -0.287528 0.931331
vn -0.298407 -0.236772 0.924604
vn -0.324195 -0.206838 0.923101
vn -0.345907 -0.170778 0.922596
vn -0.362094 -0.129452 0.923109
vn -0.349177 0.163975 0.922598
vn -0.326989 0.202353 0.923110
vn -0.297222 0.238242 0.924608
vn -0.273708 0.270130 0.923100
vn -0.243428 0.299259 0.922598
vn -0.206802 0.324199 0.923108
vn 0.349237 -0.163862 0.922596
vn 0.243507 -0.299201 0.922596
vn 0.206800 -0.324199 0.923108
vn 0.164418 -0.343608 0.924608
vn 0.129525 -0.362083 0.923103
vn 0.089535 -0.375230 0.922597
vn -0.082162 -0.376911 0.922598
vn -0.124518 -0.363818 0.923110
vn -0.166131 -0.342783 0.924608
vn -0.202447 -0.326958 0.923100
vn -0.237586 -0.303918 0.922598
vn -0.270052 -0.273759 0.923108
vn 0.124530 0.363824 0.923106
vn 0.166127 0.342792 0.924606
vn 0.202297 0.327043 0.923103
vn 0.237509 0.303984 0.922596
vn 0.345898 0.170790 0.922597
vn 0.362082 0.129479 0.923110
vn 0.371578 0.083833 0.924609
vn 0.379824 0.055599 0.923386
vn 0.384651 0.025073 0.922722
vn 0.065140 0.704100 -0.707107
vn 0.066237 0.703998 -0.707107
vn 0.134922 0.694115 -0.707107
vn 0.134922 0.694115 -0.707107
vn 0.202308 0.677548 -0.707107
vn -0.003085 0.707100 -0.707107
vn -0.005289 0.707087 -0.707107
vn -0.072378 0.703393 -0.707107
vn -0.075666 0.703047 -0.707107
vn -0.140974 0.692911 -0.707107
vn -0.145291 0.692019 -0.707107
vn -0.208213 0.675757 -0.707107
vn -0.213472 0.674114 -0.707107
vn -0.273446 0.652095 -0.707107
vn -0.279531 0.649509 -0.707107
vn -0.336046 0.622152 -0.707107
vn -0.342812 0.618450 -0.707107
vn -0.395409 0.586218 -0.707107
vn -0.402686 0.581243 -0.707107
vn -0.450965 0.544638 -0.707107
vn -0.458558 0.538260 -0.707107
vn -0.502177 0.497814 -0.707107
vn -0.509873 0.489928 -0.707107
vn -0.548553 0.446195 -0.707107
vn -0.556121 0.436726 -0.707107
vn -0.589646 0.390278 -0.707107
vn -0.596841 0.379184 -0.707107
vn -0.625061 0.330604 -0.707107
vn -0.631630 0.317874 -0.707107
vn -0.654456 0.267745 -0.707107
vn -0.660141 0.253404 -0.707107
vn -0.677548 0.202308 -0.707107
vn -0.682092 0.186416 -0.707107
vn -0.694115 0.134922 -0.707107
vn -0.697263 0.117576 -0.707107
vn -0.703998 0.066237 -0.707107
vn -0.705505 0.047566 -0.707107
vn -0.707100 -0.003085 -0.707107
vn -0.706735 -0.022916 -0.707107
vn -0.703393 -0.072378 -0.707107
vn -0.700942 -0.093170 -0.707107
vn -0.692911 -0.140974 -0.707107
vn -0.688182 -0.162498 -0.707107
vn -0.675757 -0.208213 -0.707107
vn -0.668583 -0.230211 -0.707107
vn -0.652095 -0.273446 -0.707107
vn -0.642339 -0.295637 -0.707107
vn -0.622152 -0.336046 -0.707107
vn -0.609711 -0.358124 -0.707107
vn -0.586218 -0.395409 -0.707107
vn -0.571023 -0.417052 -0.707107
vn -0.544638 -0.450965 -0.707107
vn -0.526661 -0.471835 -0.707107
vn -0.497814 -0.502177 -0.707107
vn -0.477064 -0.521929 -0.707107
vn -0.446195 -0.548553 -0.707107
vn -0.422726 -0.566836 -0.707107
vn -0.390278 -0.589646 -0.707107
vn -0.364187 -0.606109 -0.707107
vn -0.330604 -0.625061 -0.707107
vn -0.302028 -0.639358 -0.707107
vn -0.267745 -0.654456 -0.707107
vn -0.236868 -0.666253 -0.707107
vn -0.202308 -0.677548 -0.707107
vn -0.169353 -0.686527 -0.707107
vn -0.134922 -0.694115 -0.707107
vn -0.100156 -0.699978 -0.707107
vn -0.066237 -0.703998 -0.707107
vn -0.029963 -0.706472 -0.707107
vn 0.003085 -0.707100 -0.707107
vn 0.040528 -0.705944 -0.707107
vn 0.072378 -0.703393 -0.707107
vn 0.110616 -0.698401 -0.707107
vn 0.140974 -0.692911 -0.707107
vn 0.179604 -0.683917 -0.707107
vn 0.208213 -0.675757 -0.707107
vn 0.246808 -0.662635 -0.707107
vn 0.273446 -0.652095 -0.707107
vn 0.311559 -0.634769 -0.707107
vn 0.336046 -0.622152 -0.707107
vn 0.373213 -0.600593 -0.707107
vn 0.395409 -0.586218 -0.707107
vn 0.431158 -0.560448 -0.707107
vn 0.450965 -0.544638 -0.707107
vn 0.484818 -0.514734 -0.707107
vn 0.502177 -0.497814 -0.707107
vn 0.533660 -0.463904 -0.707107
vn 0.548553 -0.446195 -0.707107
vn 0.577198 -0.408463 -0.707107
vn 0.589646 -0.390278 -0.707107
vn 0.615000 -0.348963 -0.707107
vn 0.625061 -0.330604 -0.707107
vn 0.646689 -0.285995 -0.707107
vn 0.654456 -0.267745 -0.707107
vn 0.671952 -0.220184 -0.707107
vn 0.677548 -0.202308 -0.707107
vn 0.690536 -0.152185 -0.707107
vn 0.694115 -0.134922 -0.707107
vn 0.702257 -0.082674 -0.707107
vn 0.703998 -0.066237 -0.707107
vn 0.706999 -0.012341 -0.707107
vn 0.707100 0.003085 -0.707107
vn 0.704715 0.058115 -0.707107
vn 0.703393 0.072378 -0.707107
vn 0.695426 0.127993 -0.707107
vn 0.692911 0.140974 -0.707107
vn 0.679227 0.196599 -0.707107
vn 0.675757 0.208213 -0.707107
vn 0.656276 0.263251 -0.707107
vn 0.652095 0.273446 -0.707107
vn 0.626804 0.327287 -0.707107
vn 0.622152 0.336046 -0.707107
vn 0.591102 0.388070 -0.707107
vn 0.586218 0.395409 -0.707107
vn 0.549525 0.444997 -0.707107
vn 0.544638 0.450965 -0.707107
vn 0.502487 0.497500 -0.707107
vn 0.497814 0.502177 -0.707107
vn 0.450455 0.545060 -0.707107
vn 0.446195 0.548553 -0.707107
vn 0.393946 0.587202 -0.707107
vn 0.390278 0.589646 -0.707107
vn 0.333522 0.623509 -0.707107
vn 0.330604 0.625061 -0.707107
vn 0.269783 0.653618 -0.707107
vn 0.267745 0.654456 -0.707107
vn 0.203363 0.677232 -0.707107
vn 0.203363 0.677232 0.707107
vn 0.202308 0.677548 0.707107
vn 0.134922 0.694115 0.707107
vn 0.134922 0.694115 0.707107
vn 0.066237 0.703998 0.707107
vn 0.267745 0.654456 0.707107
vn 0.269783 0.653618 0.707107
vn 0.330604 0.625061 0.707107
vn 0.333522 0.623509 0.707107
vn 0.390278 0.589646 0.707107
vn 0.393946 0.587202 0.707107
vn 0.446195 0.548553 0.707107
vn 0.450455 0.545060 0.707107
vn 0.497814 0.502177 0.707107
vn 0.502487 0.497500 0.707107
vn 0.544638 0.450965 0.707107
vn 0.549525 0.444997 0.707107
vn 0.586218 0.395409 0.707107
vn 0.591102 0.388070 0.707107
vn 0.622152 0.336046 0.707107
vn 0.626804 0.327287 0.707107
vn 0.652095 0.273446 0.707107
vn 0.656276 0.263251 0.707107
vn 0.675757 0.208213 0.707107
vn 0.679227 0.196599 0.707107
vn 0.692911 0.140974 0.707107
vn 0.695426 0.127993 0.707107
vn 0.703393 0.072378 0.707107
vn 0.704715 0.058115 0.707107
vn 0.707100 0.003085 0.707107
vn 0.706999 -0.012341 0.707107
vn 0.703998 -0.066237 0.707107
vn 0.702257 -0.082674 0.707107
vn 0.694115 -0.134922 0.707107
vn 0.690536 -0.152185 0.707107
vn 0.677548 -0.202308 0.707107
vn 0.671952 -0.220184 0.707107
vn 0.654456 -0.267745 0.707107
vn 0.646689 -0.285995 0.707107
vn 0.625061 -0.330604 0.707107
vn 0.615000 -0.348963 0.707107
vn 0.589646 -0.390278 0.707107
vn 0.577198 -0.408463 0.707107
vn 0.548553 -0.446195 0.707107
vn 0.533660 -0.463904 0.707107
vn 0.502177 -0.497814 0.707107
vn 0.484818 -0.514734 0.707107
vn 0.450965 -0.544638 0.707107
vn 0.431158 -0.560448 0.707107
vn 0.395409 -0.586218 0.707107
vn 0.373213 -0.600593 0.707107
vn 0.336046 -0.622152 0.707107
vn 0.311559 -0.634769 0.707107
vn 0.273446 -0.652095 0.707107
vn 0.246808 -0.662635 0.707107
vn 0.208213 -0.675757 0.707107
vn 0.179604 -0.683917 0.707107
vn 0.140974 -0.692911 0.707107
vn 0.110616 -0.698401 0.707107
vn 0.072378 -0.703393 0.707107
vn 0.040528 -0.705944 0.707107
vn 0.003085 -0.707100 0.707107
vn -0.029963 -0.706472 0.707107
vn -0.066237 -0.703998 0.707107
vn -0.100156 -0.699978 0.707107
vn -0.134922 -0.694115 0.707107
vn -0.169353 -0.686527 0.707107
vn -0.202308 -0.677548 0.707107
vn -0.236868 -0.666253 0.707107
vn -0.267745 -0.654456 0.707107
vn -0.302028 -0.639358 0.707107
vn -0.330604 -0.625061 0.707107
vn -0.364187 -0.606109 0.707107
vn -0.390278 -0.589646 0.707107
vn -0.422726 -0.566836 0.707107
vn -0.446195 -0.548553 0.707107
vn -0.477064 -0.521929 0.707107
vn -0.497814 -0.502177 0.707107
vn -0.526661 -0.471835 0.707107
vn -0.544638 -0.450965 0.707107
vn -0.571023 -0.417052 0.707107
vn -0.586218 -0.395409 0.707107
vn -0.609711 -0.358124 0.707107
vn -0.622152 -0.336046 0.707107
vn -0.642339 -0.295637 0.707107
vn -0.652095 -0.273446 0.707107
vn -0.668583 -0.230211 0.707107
vn -0.675757 -0.208213 0.707107
vn -0.688182 -0.162498 0.707107
vn -0.692911 -0.140974 0.707107
vn -0.700942 -0.093170 0.707107
vn -0.703393 -0.072378 0.707107
vn -0.706735 -0.022916 0.707107
vn -0.707100 -0.003085 0.707107
vn -0.705505 0.047566 0.707107
vn -0.703998 0.066237 0.707107
vn -0.697263 0.117576 0.707107
vn -0.694115 0.134922 0.707107
vn -0.682092 0.186416 0.707107
vn -0.677548 0.202308 0.707107
vn -0.660141 0.253404 0.707107
vn -0.654456 0.267745 0.707107
vn -0.631630 0.317874 0.707107
vn -0.625061 0.330604 0.707107
vn -0.596841 0.379184 0.707107
vn -0.589646 0.390278 0.707107
vn -0.556121 0.436726 0.707107
vn -0.548553 0.446195 0.707107
vn -0.509873 0.489928 0.707107
vn -0.502177 0.497814 0.707107
vn -0.458558 0.538260 0.707107
vn -0.450965 0.544638 0.707107
vn -0.402686 0.581243 0.707107
vn -0.395409 0.586218 0.707107
vn -0.342812 0.618450 0.707107
vn -0.336046 0.622152 0.707107
vn -0.279531 0.649509 0.707107
vn -0.273446 0.652095 0.707107
vn -0.213472 0.674114 0.707107
vn -0.208213 0.675757 0.707107
vn -0.145291 0.692019 0.707107
vn -0.140974 0.692911 0.707107
vn -0.075666 0.703047 0.707107
vn -0.072378 0.703393 0.707107
vn -0.005289 0.707087 0.707107
vn -0.003085 0.707100 0.707107
vn 0.065140 0.704100 0.707107
vn -0.028789 0.706521 -0.707107
vn 0.134922 0.694115 -0.707107
vn 0.134922 0.694115 -0.707107
vn 0.291359 0.644290 -0.707107
vn 0.297114 0.641656 -0.707107
vn 0.432089 0.559731 -0.707107
vn 0.442039 0.551907 -0.707107
vn 0.549525 0.444997 -0.707107
vn 0.561274 0.430083 -0.707107
vn 0.637336 0.306273 -0.707107
vn 0.647890 0.283263 -0.707107
vn 0.690788 0.151037 -0.707107
vn 0.696853 0.119982 -0.707107
vn 0.706999 -0.012341 -0.707107
vn 0.705317 -0.050272 -0.707107
vn 0.685096 -0.175053 -0.707107
vn 0.672791 -0.217605 -0.707107
vn 0.626259 -0.328329 -0.707107
vn 0.601165 -0.372291 -0.707107
vn 0.533660 -0.463904 -0.707107
vn 0.494601 -0.505341 -0.707107
vn 0.412292 -0.574470 -0.707107
vn 0.359293 -0.609023 -0.707107
vn 0.268697 -0.654066 -0.707107
vn 0.203104 -0.677310 -0.707107
vn 0.110616 -0.698401 -0.707107
vn 0.035111 -0.706235 -0.707107
vn -0.053428 -0.705085 -0.707107
vn -0.134922 -0.694115 -0.707107
vn -0.214592 -0.673758 -0.707107
vn -0.297114 -0.641656 -0.707107
vn -0.364187 -0.606109 -0.707107
vn -0.442039 -0.551907 -0.707107
vn -0.494149 -0.505784 -0.707107
vn -0.561274 -0.430083 -0.707107
vn -0.597470 -0.378192 -0.707107
vn -0.647890 -0.283263 -0.707107
vn -0.668583 -0.230211 -0.707107
vn -0.696853 -0.119982 -0.707107
vn -0.703651 -0.069820 -0.707107
vn -0.705317 0.050272 -0.707107
vn -0.700786 0.094335 -0.707107
vn -0.672791 0.217605 -0.707107
vn -0.660141 0.253404 -0.707107
vn -0.601165 0.372291 -0.707107
vn -0.583908 0.398813 -0.707107
vn -0.494601 0.505341 -0.707107
vn -0.476196 0.522721 -0.707107
vn -0.359293 0.609023 -0.707107
vn -0.342812 0.618450 -0.707107
vn -0.203104 0.677310 -0.707107
vn -0.190947 0.680837 -0.707107
vn -0.035111 0.706235 -0.707107
vn -0.028789 0.706521 -0.707107
vn 0.134922 0.694115 -0.707107
vn 0.134922 0.694115 -0.707107
vn 0.291359 0.644290 -0.707107
vn 0.297114 0.641656 -0.707107
vn 0.432089 0.559731 -0.707107
vn 0.442039 0.551907 -0.707107
vn 0.549525 0.444997 -0.707107
vn 0.561274 0.430083 -0.707107
vn 0.637336 0.306273 -0.707107
vn 0.647890 0.283263 -0.707107
vn 0.690788 0.151037 -0.707107
vn 0.696853 0.119982 -0.707107
vn 0.706999 -0.012341 -0.707107
vn 0.705317 -0.050272 -0.707107
vn 0.685096 -0.175053 -0.707107
vn 0.672791 -0.217605 -0.707107
vn 0.626259 -0.328329 -0.707107
vn 0.601165 -0.372291 -0.707107
vn 0.533660 -0.463904 -0.707107
vn 0.494601 -0.505341 -0.707107
vn 0.412292 -0.574470 -0.707107
vn 0.359293 -0.609023 -0.707107
vn 0.268697 -0.654066 -0.707107
vn 0.203104 -0.677310 -0.707107
vn 0.110616 -0.698401 -0.707107
vn 0.035111 -0.706235 -0.707107
vn -0.053428 -0.705085 -0.707107
vn -0.134922 -0.694115 -0.707107
vn -0.214592 -0.673758 -0.707107
vn -0.297114 -0.641656 -0.707107
vn -0.364187 -0.606109 -0.707107
vn -0.442039 -0.551907 -0.707107
vn -0.494149 -0.505784 -0.707107
vn -0.561274 -0.430083 -0.707107
vn -0.597470 -0.378192 -0.707107
vn -0.647890 -0.283263 -0.707107
vn -0.668583 -0.230211 -0.707107
vn -0.696853 -0.119982 -0.707107
vn -0.703651 -0.069820 -0.707107
vn -0.705317 0.050272 -0.707107
vn -0.700786 0.094335 -0.707107
vn -0.672791 0.217605 -0.707107
vn -0.660141 0.253404 -0.707107
vn -0.601165 0.372291 -0.707107
vn -0.583908 0.398813 -0.707107
vn -0.494601 0.505341 -0.707107
vn -0.476196 0.522721 -0.707107
vn -0.359293 0.609023 -0.707107
vn -0.342812 0.618450 -0.707107
vn -0.203104 0.677310 -0.707107
vn -0.190947 0.680837 -0.707107
vn -0.035111 0.706235 -0.707107
vn -0.028789 0.706521 -0.707107
vn 0.134922 0.694115 -0.707107
vn 0.134922 0.694115 -0.707107
vn 0.291359 0.644290 -0.707107
vn 0.297114 0.641656 -0.707107
vn 0.432089 0.559731 -0.707107
vn 0.442039 0.551907 -0.707107
vn 0.549525 0.444997 -0.707107
vn 0.561274 0.430083 -0.707107
vn 0.637336 0.306273 -0.707107
vn 0.647890 0.283263 -0.707107
vn 0.690788 0.151037 -0.707107
vn 0.696853 0.119982 -0.707107
vn 0.706999 -0.012341 -0.707107
vn 0.705317 -0.050272 -0.707107
vn 0.685096 -0.175053 -0.707107
vn 0.672791 -0.217605 -0.707107
vn 0.626259 -0.328329 -0.707107
vn 0.601165 -0.372291 -0.707107
vn 0.533660 -0.463904 -0.707107
vn 0.494601 -0.505341 -0.707107
vn 0.412292 -0.574470 -0.707107
vn 0.359293 -0.609023 -0.707107
vn 0.268697 -0.654066 -0.707107
vn 0.203104 -0.677310 -0.707107
vn 0.110616 -0.698401 -0.707107
vn 0.035111 -0.706235 -0.707107
vn -0.053428 -0.705085 -0.707107
vn -0.134922 -0.694115 -0.707107
vn -0.214592 -0.673758 -0.707107
vn -0.297114 -0.641656 -0.707107
vn -0.364187 -0.606109 -0.707107
vn -0.442039 -0.551907 -0.707107
vn -0.494149 -0.505784 -0.707107
vn -0.561274 -0.430083 -0.707107
vn -0.597470 -0.378192 -0.707107
vn -0.647890 -0.283263 -0.707107
vn -0.668583 -0.230211 -0.707107
vn -0.696853 -0.119982 -0.707107
vn -0.703651 -0.069820 -0.707107
vn -0.705317 0.050272 -0.707107
vn -0.700786 0.094335 -0.707107
vn -0.672791 0.217605 -0.707107
vn -0.660141 0.253404 -0.707107
vn -0.601165 0.372291 -0.707107
vn -0.583908 0.398813 -0.707107
vn -0.494601 0.505341 -0.707107
vn -0.476196 0.522721 -0.707107
vn -0.359293 0.609023 -0.707107
vn -0.342812 0.618450 -0.707107
vn -0.203104 0.677310 -0.707107
vn -0.190947 0.680837 -0.707107
vn -0.035111 0.706235 -0.707107
vn -0.028789 0.706521 -0.707107
vn 0.134922 0.694115 -0.707107
vn 0.134922 0.694115 -0.707107
vn 0.291359 0.644290 -0.707107
vn 0.297114 0.641656 -0.707107
vn 0.432089 0.559731 -0.707107
vn 0.442039 0.551907 -0.707107
vn 0.549525 0.444997 -0.707107
vn 0.561274 0.430083 -0.707107
vn 0.637336 0.306273 -0.707107
vn 0.647890 0.283263 -0.707107
vn 0.690788 0.151037 -0.707107
vn 0.696853 0.119982 -0.707107
vn 0.706999 -0.012341 -0.707107
vn 0.705317 -0.050272 -0.707107
vn 0.685096 -0.175053 -0.707107
vn 0.672791 -0.217605 -0.707107
vn 0.626259 -0.328329 -0.707107
vn 0.601165 -0.372291 -0.707107
vn 0.533660 -0.463904 -0.707107
vn 0.494601 -0.505341 -0.707107
vn 0.412292 -0.574470 -0.707107
vn 0.359293 -0.609023 -0.707107
vn 0.268697 -0.654066 -0.707107
vn 0.203104 -0.677310 -0.707107
vn 0.110616 -0.698401 -0.707107
vn 0.035111 -0.706235 -0.707107
vn -0.053428 -0.705085 -0.707107
vn -0.134922 -0.694115 -0.707107
vn -0.214592 -0.673758 -0.707107
vn -0.297114 -0.641656 -0.707107
vn -0.364187 -0.606109 -0.707107
vn -0.442039 -0.551907 -0.707107
vn -0.494149 -0.505784 -0.707107
vn -0.561274 -0.430083 -0.707107
vn -0.597470 -0.378192 -0.707107
vn -0.647890 -0.283263 -0.707107
vn -0.668583 -0.230211 -0.707107
vn -0.696853 -0.119982 -0.707107
vn -0.703651 -0.069820 -0.707107
vn -0.705317 0.050272 -0.707107
vn -0.700786 0.094335 -0.707107
vn -0.672791 0.217605 -0.707107
vn -0.660141 0.253404 -0.707107
vn -0.601165 0.372291 -0.707107
vn -0.583908 0.398813 -0.707107
vn -0.494601 0.505341 -0.707107
vn -0.476196 0.522721 -0.707107
vn -0.359293 0.609023 -0.707107
vn -0.342812 0.618450 -0.707107
vn -0.203104 0.677310 -0.707107
vn -0.190947 0.680837 -0.707107
vn -0.035111 0.706235 -0.707107
vn 0.297114 0.641656 0.707107
vn 0.291359 0.644290 0.707107
vn 0.134922 0.694115 0.707107
vn 0.134922 0.694115 0.707107
vn -0.028789 0.706521 0.707107
vn 0.432089 0.559731 0.707107
vn 0.442039 0.551907 0.707107
vn 0.549525 0.444997 0.707107
vn 0.561274 0.430083 0.707107
vn 0.637336 0.306273 0.707107
vn 0.647890 0.283263 0.707107
vn 0.690788 0.151037 0.707107
vn 0.696853 0.119982 0.707107
vn 0.706999 -0.012341 0.707107
vn 0.705317 -0.050272 0.707107
vn 0.685096 -0.175053 0.707107
vn 0.672791 -0.217605 0.707107
vn 0.626259 -0.328329 0.707107
vn 0.601165 -0.372291 0.707107
vn 0.533660 -0.463904 0.707107
vn 0.494601 -0.505341 0.707107
vn 0.412292 -0.574470 0.707107
vn 0.359293 -0.609023 0.707107
vn 0.268697 -0.654066 0.707107
vn 0.203104 -0.677310 0.707107
vn 0.110616 -0.698401 0.707107
vn 0.035111 -0.706235 0.707107
vn -0.053428 -0.705085 0.707107
vn -0.134922 -0.694115 0.707107
vn -0.214592 -0.673758 0.707107
vn -0.297114 -0.641656 0.707107
vn -0.364187 -0.606109 0.707107
vn -0.442039 -0.551907 0.707107
vn -0.494149 -0.505784 0.707107
vn -0.561274 -0.430083 0.707107
vn -0.597470 -0.378192 0.707107
vn -0.647890 -0.283263 0.707107
vn -0.668583 -0.230211 0.707107
vn -0.696853 -0.119982 0.707107
vn -0.703651 -0.069820 0.707107
vn -0.705317 0.050272 0.707107
vn -0.700786 0.094335 0.707107
vn -0.672791 0.217605 0.707107
vn -0.660141 0.253404 0.707107
vn -0.601165 0.372291 0.707107
vn -0.583908 0.398813 0.707107
vn -0.494601 0.505341 0.707107
vn -0.476196 0.522721 0.707107
vn -0.359293 0.609023 0.707107
vn -0.342812 0.618450 0.707107
vn -0.203104 0.677310 0.707107
vn -0.190947 0.680837 0.707107
vn -0.035111 0.706235 0.707107
vn 0.297114 0.641656 0.707107
vn 0.291359 0.644290 0.707107
vn 0.134922 0.694115 0.707107
vn 0.134922 0.694115 0.707107
vn -0.028789 0.706521 0.707107
vn 0.432089 0.559731 0.707107
vn 0.442039 0.551907 0.707107
vn 0.549525 0.444997 0.707107
vn 0.561274 0.430083 0.707107
vn 0.637336 0.306273 0.707107
vn 0.647890 0.283263 0.707107
vn 0.690788 0.151037 0.707107
vn 0.696853 0.119982 0.707107
vn 0.706999 -0.012341 0.707107
vn 0.705317 -0.050272 0.707107
vn 0.685096 -0.175053 0.707107
vn 0.672791 -0.217605 0.707107
vn 0.626259 -0.328329 0.707107
vn 0.601165 -0.372291 0.707107
vn 0.533660 -0.463904 0.707107
vn 0.494601 -0.505341 0.707107
vn 0.412292 -0.574470 0.707107
vn 0.359293 -0.609023 0.707107
vn 0.268697 -0.654066 0.707107
vn 0.203104 -0.677310 0.707107
vn 0.110616 -0.698401 0.707107
vn 0.035111 -0.706235 0.707107
vn -0.053428 -0.705085 0.707107
vn -0.134922 -0.694115 0.707107
vn -0.214592 -0.673758 0.707107
vn -0.297114 -0.641656 0.707107
vn -0.364187 -0.606109 0.707107
vn -0.442039 -0.551907 0.707107
vn -0.494149 -0.505784 0.707107
vn -0.561274 -0.430083 0.707107
vn -0.597470 -0.378192 0.707107
vn -0.647890 -0.283263 0.707107
vn -0.668583 -0.230211 0.707107
vn -0.696853 -0.119982 0.707107
vn -0.703651 -0.069820 0.707107
vn -0.705317 0.050272 0.707107
vn -0.700786 0.094335 0.707107
vn -0.672791 0.217605 0.707107
vn -0.660141 0.253404 0.707107
vn -0.601165 0.372291 0.707107
vn -0.583908 0.398813 0.707107
vn -0.494601 0.505341 0.707107
vn -0.476196 0.522721 0.707107
vn -0.359293 0.609023 0.707107
vn -0.342812 0.618450 0.707107
vn -0.203104 0.677310 0.707107
vn -0.190947 0.680837 0.707107
vn -0.035111 0.706235 0.707107
vn 0.297114 0.641656 0.707107
vn 0.291359 0.644290 0.707107
vn 0.134922 0.694115 0.707107
vn 0.134922 0.694115 0.707107
vn -0.028789 0.706521 0.707107
vn 0.432089 0.559731 0.707107
vn 0.442039 0.551907 0.707107
vn 0.549525 0.444997 0.707107
vn 0.561274 0.430083 0.707107
vn 0.637336 0.306273 0.707107
vn 0.647890 0.283263 0.707107
vn 0.690788 0.151037 0.707107
vn 0.696853 0.119982 0.707107
vn 0.706999 -0.012341 0.707107
vn 0.705317 -0.050272 0.707107
vn 0.685096 -0.175053 0.707107
vn 0.672791 -0.217605 0.707107
vn 0.626259 -0.328329 0.707107
vn 0.601165 -0.372291 0.707107
vn 0.533660 -0.463904 0.707107
vn 0.494601 -0.505341 0.707107
vn 0.412292 -0.574470 0.707107
vn 0.359293 -0.609023 0.707107
vn 0.268697 -0.654066 0.707107
vn 0.203104 -0.677310 0.707107
vn 0.110616 -0.698401 0.707107
vn 0.035111 -0.706235 0.707107
vn -0.053428 -0.705085 0.707107
vn -0.134922 -0.694115 0.707107
vn -0.214592 -0.673758 0.707107
vn -0.297114 -0.641656 0.707107
vn -0.364187 -0.606109 0.707107
vn -0.442039 -0.551907 0.707107
vn -0.494149 -0.505784 0.707107
vn -0.561274 -0.430083 0.707107
vn -0.597470 -0.378192 0.707107
vn -0.647890 -0.283263 0.707107
vn -0.668583 -0.230211 0.707107
vn -0.696853 -0.119982 0.707107
vn -0.703651 -0.069820 0.707107
vn -0.705317 0.050272 0.707107
vn -0.700786 0.094335 0.707107
vn -0.672791 0.217605 0.707107
vn -0.660141 0.253404 0.707107
vn -0.601165 0.372291 0.707107
vn -0.583908 0.398813 0.707107
vn -0.494601 0.505341 0.707107
vn -0.476196 0.522721 0.707107
vn -0.359293 0.609023 0.707107
vn -0.342812 0.618450 0.707107
vn -0.203104 0.677310 0.707107
vn -0.190947 0.680837 0.707107
vn -0.035111 0.706235 0.707107
vn 0.297114 0.641656 0.707107
vn 0.291359 0.644290 0.707107
vn 0.134922 0.694115 0.707107
vn 0.134922 0.694115 0.707107
vn -0.028789 0.706521 0.707107
vn 0.432089 0.559731 0.707107
vn 0.442039 0.551907 0.707107
vn 0.549525 0.444997 0.707107
vn 0.561274 0.430083 0.707107
vn 0.637336 0.306273 0.707107
vn 0.647890 0.283263 0.707107
vn 0.690788 0.151037 0.707107
vn 0.696853 0.119982 0.707107
vn 0.706999 -0.012341 0.707107
vn 0.705317 -0.050272 0.707107
vn 0.685096 -0.175053 0.707107
vn 0.672791 -0.217605 0.707107
vn 0.626259 -0.328329 0.707107
vn 0.601165 -0.372291 0.707107
vn 0.533660 -0.463904 0.707107
vn 0.494601 -0.505341 0.707107
vn 0.412292 -0.574470 0.707107
vn 0.359293 -0.609023 0.707107
vn 0.268697 -0.654066 0.707107
vn 0.203104 -0.677310 0.707107
vn 0.110616 -0.698401 0.707107
vn 0.035111 -0.706235 0.707107
vn -0.053428 -0.705085 0.707107
vn -0.134922 -0.694115 0.707107
vn -0.214592 -0.673758 0.707107
vn -0.297114 -0.641656 0.707107
vn -0.364187 -0.606109 0.707107
vn -0.442039 -0.551907 0.707107
vn -0.494149 -0.505784 0.707107
vn -0.561274 -0.430083 0.707107
vn -0.597470 -0.378192 0.707107
vn -0.647890 -0.283263 0.707107
vn -0.668583 -0.230211 0.707107
vn -0.696853 -0.119982 0.707107
vn -0.703651 -0.069820 0.707107
vn -0.705317 0.050272 0.707107
vn -0.700786 0.094335 0.707107
vn -0.672791 0.217605 0.707107
vn -0.660141 0.253404 0.707107
vn -0.601165 0.372291 0.707107
vn -0.583908 0.398813 0.707107
vn -0.494601 0.505341 0.707107
vn -0.476196 0.522721 0.707107
vn -0.359293 0.609023 0.707107
vn -0.342812 0.618450 0.707107
vn -0.203104 0.677310 0.707107
vn -0.190947 0.680837 0.707107
vn -0.035111 0.706235 0.707107
vn -0.049654 0.998766 0.000000
vn -0.049654 0.998766 0.000000
vn 0.190809 0.981627 0.000000
vn 0.190809 0.981627 0.000000
vn 0.420183 0.907439 0.000000
vn 0.420183 0.907439 0.000000
vn 0.625138 0.780514 0.000000
vn 0.625138 0.780514 0.000000
vn 0.793762 0.608229 0.000000
vn 0.793762 0.608229 0.000000
vn 0.916255 0.400595 0.000000
vn 0.916255 0.400595 0.000000
vn 0.985499 0.169680 0.000000
vn 0.985499 0.169680 0.000000
vn 0.997469 -0.071096 0.000000
vn 0.997469 -0.071096 0.000000
vn 0.951471 -0.307740 -0.000000
vn 0.951471 -0.307740 -0.000000
vn 0.850176 -0.526499 -0.000000
vn 0.850176 -0.526499 -0.000000
vn 0.699471 -0.714661 -0.000000
vn 0.699471 -0.714661 -0.000000
vn 0.508117 -0.861288 -0.000000
vn 0.508117 -0.861288 -0.000000
vn 0.287232 -0.957861 -0.000000
vn 0.287232 -0.957861 -0.000000
vn 0.049654 -0.998766 -0.000000
vn 0.049654 -0.998766 -0.000000
vn -0.190809 -0.981627 -0.000000
vn -0.190809 -0.981627 -0.000000
vn -0.420183 -0.907439 -0.000000
vn -0.420183 -0.907439 -0.000000
vn -0.625138 -0.780514 -0.000000
vn -0.625138 -0.780514 -0.000000
vn -0.793762 -0.608229 -0.000000
vn -0.793762 -0.608229 -0.000000
vn -0.916255 -0.400595 -0.000000
vn -0.916255 -0.400595 -0.000000
vn -0.985499 -0.169680 -0.000000
vn -0.985499 -0.169680 -0.000000
vn -0.997469 0.071096 -0.000000
vn -0.997469 0.071096 -0.000000
vn -0.951471 0.307740 0.000000
vn -0.951471 0.307740 0.000000
vn -0.850176 0.526499 0.000000
vn -0.850176 0.526499 0.000000
vn -0.699471 0.714661 0.000000
vn -0.699471 0.714661 0.000000
vn -0.508117 0.861288 0.000000
vn -0.508117 0.861288 0.000000
vn -0.287232 0.957861 0.000000
vn -0.287232 0.957861 0.000000
vn -0.049654 0.998766 0.000000
vn -0.049654 0.998766 0.000000
vn 0.190809 0.981627 0.000000
vn 0.190809 0.981627 0.000000
vn 0.420183 0.907439 0.000000
vn 0.420183 0.907439 0.000000
vn 0.625138 0.780514 0.000000
vn 0.625138 0.780514 0.000000
vn 0.793762 0.608229 0.000000
vn 0.793762 0.608229 0.000000
vn 0.916255 0.400595 0.000000
vn 0.916255 0.400595 0.000000
vn 0.985499 0.169680 0.000000
vn 0.985499 0.169680 0.000000
vn 0.997469 -0.071096 0.000000
vn 0.997469 -0.071096 0.000000
vn 0.951471 -0.307740 -0.000000
vn 0.951471 -0.307740 -0.000000
vn 0.850176 -0.526499 -0.000000
vn 0.850176 -0.526499 -0.000000
vn 0.699471 -0.714661 -0.000000
vn 0.699471 -0.714661 -0.000000
vn 0.508117 -0.861288 -0.000000
vn 0.508117 -0.861288 -0.000000
vn 0.287232 -0.957861 -0.000000
vn 0.287232 -0.957861 -0.000000
vn 0.049654 -0.998766 -0.000000
vn 0.049654 -0.998766 -0.000000
vn -0.190809 -0.981627 -0.000000
vn -0.190809 -0.981627 -0.000000
vn -0.420183 -0.907439 -0.000000
vn -0.420183 -0.907439 -0.000000
vn -0.625138 -0.780514 -0.000000
vn -0.625138 -0.780514 -0.000000
vn -0.793762 -0.608229 -0.000000
vn -0.793762 -0.608229 -0.000000
vn -0.916255 -0.400595 -0.000000
vn -0.916255 -0.400595 -0.000000
vn -0.985499 -0.169680 -0.000000
vn -0.985499 -0.169680 -0.000000
vn -0.997469 0.071096 -0.000000
vn -0.997469 0.071096 -0.000000
vn -0.951471 0.307740 0.000000
vn -0.951471 0.307740 0.000000
vn -0.850176 0.526499 0.000000
vn -0.850176 0.526499 0.000000
vn -0.699471 0.714661 0.000000
vn -0.699471 0.714661 0.000000
vn -0.508117 0.861288 0.000000
vn -0.508117 0.861288 0.000000
vn -0.287232 0.957861 0.000000
vn -0.287232 0.957861 0.000000
vn -0.049654 0.998766 0.000000
vn -0.049654 0.998766 0.000000
vn 0.190809 0.981627 0.000000
vn 0.190809 0.981627 0.000000
vn 0.420183 0.907439 0.000000
vn 0.420183 0.907439 0.000000
vn 0.625138 0.780514 0.000000
vn 0.625138 0.780514 0.000000
vn 0.793762 0.608229 0.000000
vn 0.793762 0.608229 0.000000
vn 0.916255 0.400595 0.000000
vn 0.916255 0.400595 0.000000
vn 0.985499 0.169680 0.000000
vn 0.985499 0.169680 0.000000
vn 0.997469 -0.071096 0.000000
vn 0.997469 -0.071096 0.000000
vn 0.951471 -0.307740 -0.000000
vn 0.951471 -0.307740 -0.000000
vn 0.850176 -0.526499 -0.000000
vn 0.850176 -0.526499 -0.000000
vn 0.699471 -0.714661 -0.000000
vn 0.699471 -0.714661 -0.000000
vn 0.508117 -0.861288 -0.000000
vn 0.508117 -0.861288 -0.000000
vn 0.287232 -0.957861 -0.000000
vn 0.287232 -0.957861 -0.000000
vn 0.049654 -0.998766 -0.000000
vn 0.049654 -0.998766 -0.000000
vn -0.190809 -0.981627 -0.000000
vn -0.190809 -0.981627 -0.000000
vn -0.420183 -0.907439 -0.000000
vn -0.420183 -0.907439 -0.000000
vn -0.625138 -0.780514 -0.000000
vn -0.625138 -0.780514 -0.000000
vn -0.793762 -0.608229 -0.000000
vn -0.793762 -0.608229 -0.000000
vn -0.916255 -0.400595 -0.000000
vn -0.916255 -0.400595 -0.000000
vn -0.985499 -0.169680 -0.000000
vn -0.985499 -0.169680 -0.000000
vn -0.997469 0.071096 -0.000000
vn -0.997469 0.071096 -0.000000
vn -0.951471 0.307740 0.000000
vn -0.951471 0.307740 0.000000
vn -0.850176 0.526499 0.000000
vn -0.850176 0.526499 0.000000
vn -0.699471 0.714661 0.000000
vn -0.699471 0.714661 0.000000
vn -0.508117 0.861288 0.000000
vn -0.508117 0.861288 0.000000
vn -0.287232 0.957861 0.000000
vn -0.287232 0.957861 0.000000
vn -0.049654 0.998766 0.000000
vn -0.049654 0.998766 0.000000
vn 0.190809 0.981627 0.000000
vn 0.190809 0.981627 0.000000
vn 0.420183 0.907439 0.000000
vn 0.420183 0.907439 0.000000
vn 0.625138 0.780514 0.000000
vn 0.625138 0.780514 0.000000
vn 0.793762 0.608229 0.000000
vn 0.793762 0.608229 0.000000
vn 0.916255 0.400595 0.000000
vn 0.916255 0.400595 0.000000
vn 0.985499 0.169680 0.000000
vn 0.985499 0.169680 0.000000
vn 0.997469 -0.071096 0.000000
vn 0.997469 -0.071096 0.000000
vn 0.951471 -0.307740 -0.000000
vn 0.951471 -0.307740 -0.000000
vn 0.850176 -0.526499 -0.000000
vn 0.850176 -0.526499 -0.000000
vn 0.699471 -0.714661 -0.000000
vn 0.699471 -0.714661 -0.000000
vn 0.508117 -0.861288 -0.000000
vn 0.508117 -0.861288 -0.000000
vn 0.287232 -0.957861 -0.000000
vn 0.287232 -0.957861 -0.000000
vn 0.049654 -0.998766 -0.000000
vn 0.049654 -0.998766 -0.000000
vn -0.190809 -0.981627 -0.000000
vn -0.190809 -0.981627 -0.000000
vn -0.420183 -0.907439 -0.000000
vn -0.420183 -0.907439 -0.000000
vn -0.625138 -0.780514 -0.000000
vn -0.625138 -0.780514 -0.000000
vn -0.793762 -0.608229 -0.000000
vn -0.793762 -0.608229 -0.000000
vn -0.916255 -0.400595 -0.000000
vn -0.916255 -0.400595 -0.000000
vn -0.985499 -0.169680 -0.000000
vn -0.985499 -0.169680 -0.000000
vn -0.997469 0.071096 -0.000000
vn -0.997469 0.071096 -0.000000
vn -0.951471 0.307740 0.000000
vn -0.951471 0.307740 0.000000
vn -0.850176 0.526499 0.000000
vn -0.850176 0.526499 0.000000
vn -0.699471 0.714661 0.000000
vn -0.699471 0.714661 0.000000
vn -0.508117 0.861288 0.000000
vn -0.508117 0.861288 0.000000
vn -0.287232 0.957861 0.000000
vn -0.287232 0.957861 0.000000
vn 0.286106 0.958198 0.000000
vn 0.286106 0.958198 0.000000
vn 0.190809 0.981627 0.000000
vn 0.190809 0.981627 0.000000
vn 0.093674 0.995603 0.000000
vn 0.093674 0.995603 0.000000
vn -0.004363 0.999990 0.000000
vn -0.004363 0.999990 0.000000
vn -0.102359 0.994748 0.000000
vn -0.102359 0.994748 0.000000
vn -0.199368 0.979925 0.000000
vn -0.199368 0.979925 0.000000
vn -0.294457 0.955665 0.000000
vn -0.294457 0.955665 0.000000
vn -0.386711 0.922201 0.000000
vn -0.386711 0.922201 0.000000
vn -0.475240 0.879856 0.000000
vn -0.475240 0.879856 0.000000
vn -0.559193 0.829038 0.000000
vn -0.559193 0.829038 0.000000
vn -0.637760 0.770235 0.000000
vn -0.637760 0.770235 0.000000
vn -0.710185 0.704015 0.000000
vn -0.710185 0.704015 0.000000
vn -0.775771 0.631014 0.000000
vn -0.775771 0.631014 0.000000
vn -0.833886 0.551937 0.000000
vn -0.833886 0.551937 0.000000
vn -0.883970 0.467544 0.000000
vn -0.883970 0.467544 0.000000
vn -0.925541 0.378649 0.000000
vn -0.925541 0.378649 0.000000
vn -0.958198 0.286106 0.000000
vn -0.958198 0.286106 0.000000
vn -0.981627 0.190809 -0.000000
vn -0.981627 0.190809 0.000000
vn -0.995603 0.093674 -0.000000
vn -0.995603 0.093674 -0.000000
vn -0.999990 -0.004363 -0.000000
vn -0.999990 -0.004363 -0.000000
vn -0.994748 -0.102359 -0.000000
vn -0.994748 -0.102359 -0.000000
vn -0.979925 -0.199368 -0.000000
vn -0.979925 -0.199368 -0.000000
vn -0.955665 -0.294457 -0.000000
vn -0.955665 -0.294457 -0.000000
vn -0.922201 -0.386711 -0.000000
vn -0.922201 -0.386711 -0.000000
vn -0.879856 -0.475240 -0.000000
vn -0.879856 -0.475240 -0.000000
vn -0.829038 -0.559193 -0.000000
vn -0.829038 -0.559193 -0.000000
vn -0.770235 -0.637760 -0.000000
vn -0.770235 -0.637760 -0.000000
vn -0.704015 -0.710185 -0.000000
vn -0.704015 -0.710185 -0.000000
vn -0.631014 -0.775771 -0.000000
vn -0.631014 -0.775771 -0.000000
vn -0.551937 -0.833886 -0.000000
vn -0.551937 -0.833886 -0.000000
vn -0.467544 -0.883970 -0.000000
vn -0.467544 -0.883970 -0.000000
vn -0.378649 -0.925541 -0.000000
vn -0.378649 -0.925541 -0.000000
vn -0.286106 -0.958198 -0.000000
vn -0.286106 -0.958198 -0.000000
vn -0.190809 -0.981627 -0.000000
vn -0.190809 -0.981627 -0.000000
vn -0.093674 -0.995603 -0.000000
vn -0.093674 -0.995603 -0.000000
vn 0.004363 -0.999990 -0.000000
vn 0.004363 -0.999990 -0.000000
vn 0.102359 -0.994748 -0.000000
vn 0.102359 -0.994748 -0.000000
vn 0.199368 -0.979925 -0.000000
vn 0.199368 -0.979925 -0.000000
vn 0.294457 -0.955665 -0.000000
vn 0.294457 -0.955665 -0.000000
vn 0.386711 -0.922201 -0.000000
vn 0.386711 -0.922201 -0.000000
vn 0.475240 -0.879856 -0.000000
vn 0.475240 -0.879856 -0.000000
vn 0.559193 -0.829038 -0.000000
vn 0.559193 -0.829038 -0.000000
vn 0.637760 -0.770235 -0.000000
vn 0.637760 -0.770235 -0.000000
vn 0.710185 -0.704015 -0.000000
vn 0.710185 -0.704015 -0.000000
vn 0.775771 -0.631014 -0.000000
vn 0.775771 -0.631014 -0.000000
vn 0.833886 -0.551937 -0.000000
vn 0.833886 -0.551937 -0.000000
vn 0.883970 -0.467544 -0.000000
vn 0.883970 -0.467544 -0.000000
vn 0.925541 -0.378649 -0.000000
vn 0.925541 -0.378649 -0.000000
vn 0.958198 -0.286106 -0.000000
vn 0.958198 -0.286106 -0.000000
vn 0.981627 -0.190809 -0.000000
vn 0.981627 -0.190809 -0.000000
vn 0.995603 -0.093674 0.000000
vn 0.995603 -0.093674 0.000000
vn 0.999990 0.004363 0.000000
vn 0.999990 0.004363 0.000000
vn 0.994748 0.102359 0.000000
vn 0.994748 0.102359 0.000000
vn 0.979925 0.199368 0.000000
vn 0.979925 0.199368 0.000000
vn 0.955665 0.294457 0.000000
vn 0.955665 0.294457 0.000000
vn 0.922201 0.386711 0.000000
vn 0.922201 0.386711 0.000000
vn 0.879856 0.475240 0.000000
vn 0.879856 0.475240 0.000000
vn 0.829038 0.559193 0.000000
vn 0.829038 0.559193 0.000000
vn 0.770235 0.637760 0.000000
vn 0.770235 0.637760 0.000000
vn 0.704015 0.710185 0.000000
vn 0.704015 0.710185 0.000000
vn 0.631014 0.775771 0.000000
vn 0.631014 0.775771 0.000000
vn 0.551937 0.833886 0.000000
vn 0.551937 0.833886 0.000000
vn 0.467544 0.883970 0.000000
vn 0.467544 0.883970 0.000000
vn 0.378649 0.925541 0.000000
vn 0.378649 0.925541 0.000000
vn -0.049167 -0.998791 -0.000000
vn -0.190809 -0.981627 -0.000000
vn -0.190809 -0.981627 -0.000000
vn -0.328567 -0.944481 -0.000000
vn -0.328567 -0.944481 -0.000000
vn -0.459636 -0.888107 -0.000000
vn -0.459636 -0.888107 -0.000000
vn -0.581349 -0.813655 -0.000000
vn -0.581349 -0.813655 -0.000000
vn -0.691226 -0.722638 -0.000000
vn -0.691226 -0.722638 -0.000000
vn -0.787033 -0.616911 -0.000000
vn -0.787033 -0.616911 -0.000000
vn -0.866818 -0.498625 -0.000000
vn -0.866818 -0.498625 -0.000000
vn -0.928956 -0.370189 -0.000000
vn -0.928956 -0.370189 -0.000000
vn -0.972184 -0.234217 -0.000000
vn -0.972184 -0.234217 -0.000000
vn -0.995621 -0.093476 -0.000000
vn -0.995621 -0.093476 -0.000000
vn -0.998791 0.049167 -0.000000
vn -0.998791 0.049167 -0.000000
vn -0.981627 0.190809 0.000000
vn -0.981627 0.190809 0.000000
vn -0.944481 0.328567 0.000000
vn -0.944481 0.328567 0.000000
vn -0.888107 0.459636 0.000000
vn -0.888107 0.459636 0.000000
vn -0.813655 0.581349 0.000000
vn -0.813655 0.581349 0.000000
vn -0.722638 0.691226 0.000000
vn -0.722638 0.691226 0.000000
vn -0.616911 0.787033 0.000000
vn -0.616911 0.787033 0.000000
vn -0.498625 0.866818 0.000000
vn -0.498625 0.866818 0.000000
vn -0.370189 0.928956 0.000000
vn -0.370189 0.928956 0.000000
vn -0.234217 0.972184 0.000000
vn -0.234217 0.972184 0.000000
vn -0.093476 0.995621 0.000000
vn -0.093476 0.995621 0.000000
vn 0.049167 0.998791 0.000000
vn 0.049167 0.998791 0.000000
vn 0.190809 0.981627 0.000000
vn 0.190809 0.981627 0.000000
vn 0.328567 0.944481 0.000000
vn 0.328567 0.944481 0.000000
vn 0.459636 0.888107 0.000000
vn -0.049167 -0.998791 -0.000000
vn 0.093476 -0.995621 -0.000000
vn 0.093476 -0.995621 -0.000000
vn 0.234217 -0.972184 -0.000000
vn 0.234217 -0.972184 -0.000000
vn 0.370189 -0.928956 -0.000000
vn 0.370189 -0.928956 -0.000000
vn 0.498625 -0.866818 -0.000000
vn 0.498625 -0.866818 -0.000000
vn 0.616911 -0.787033 -0.000000
vn 0.616911 -0.787033 -0.000000
vn 0.722638 -0.691226 -0.000000
vn 0.722638 -0.691226 -0.000000
vn 0.813655 -0.581349 -0.000000
vn 0.813655 -0.581349 -0.000000
vn 0.888107 -0.459636 -0.000000
vn 0.888107 -0.459636 -0.000000
vn 0.944481 -0.328567 -0.000000
vn 0.944481 -0.328567 -0.000000
vn 0.981627 -0.190809 0.000000
vn 0.981627 -0.190809 -0.000000
vn 0.998791 -0.049167 0.000000
vn 0.998791 -0.049167 0.000000
vn 0.995621 0.093476 0.000000
vn 0.995621 0.093476 0.000000
vn 0.972184 0.234217 0.000000
vn 0.972184 0.234217 0.000000
vn 0.928956 0.370189 0.000000
vn 0.928956 0.370189 0.000000
vn 0.866818 0.498625 0.000000
vn 0.866818 0.498625 0.000000
vn 0.787033 0.616911 0.000000
vn 0.787033 0.616911 0.000000
vn 0.691226 0.722638 0.000000
vn 0.691226 0.722638 0.000000
vn 0.581349 0.813655 0.000000
vn 0.581349 0.813655 0.000000
vn 0.459636 0.888107 0.000000
vn -0.341426 -0.939909 -0.000000
vn -0.299398 -0.954128 -0.000000
vn -0.190013 -0.981782 -0.000000
vn -0.190810 -0.981627 -0.000000
vn -0.079829 -0.996809 -0.000000
vn -0.404535 -0.914523 -0.000000
vn -0.484413 -0.874839 -0.000000
vn -0.504449 -0.863441 -0.000000
vn -0.615445 -0.788180 -0.000000
vn -0.597858 -0.801602 -0.000000
vn -0.663060 -0.748566 -0.000000
vn -0.731288 -0.682068 -0.000000
vn -0.723733 -0.690080 -0.000000
vn -0.779223 -0.626747 -0.000000
vn -0.829084 -0.559124 -0.000000
vn -0.079349 -0.996847 -0.000000
vn 0.032484 -0.999472 -0.000000
vn 0.032423 -0.999474 -0.000000
vn 0.144306 -0.989533 -0.000000
vn 0.144266 -0.989539 -0.000000
vn 0.254037 -0.967194 -0.000000
vn 0.360666 -0.932695 -0.000000
vn 0.360574 -0.932731 -0.000000
vn 0.254051 -0.967191 -0.000000
vn 0.462854 -0.886435 -0.000000
vn 0.463034 -0.886340 -0.000000
vn 0.554450 -0.832217 -0.000000
vn 0.559330 -0.828945 -0.000000
vn 0.642615 -0.766189 -0.000000
vn 0.648546 -0.761175 -0.000000
vn 0.725636 -0.688079 -0.000000
vn 0.729739 -0.683725 -0.000000
vn 0.801614 -0.597842 -0.000000
vn 0.801798 -0.597595 -0.000000
vn 0.863444 -0.504445 -0.000000
vn 0.863601 -0.504177 -0.000000
vn 0.914409 -0.404792 -0.000000
vn 0.914578 -0.404409 -0.000000
vn 0.953990 -0.299838 -0.000000
vn 0.954189 -0.299205 -0.000000
vn 0.981617 -0.190860 -0.000000
vn 0.981696 -0.190456 0.000000
vn 0.996806 -0.079857 0.000000
vn 0.996831 -0.079549 0.000000
vn 0.999484 0.032119 0.000000
vn 0.999474 0.032431 0.000000
vn 0.989582 0.143974 0.000000
vn 0.988766 0.149473 0.000000
vn 0.967220 0.253940 0.000000
vn 0.965366 0.260900 0.000000
vn 0.932743 0.360541 0.000000
vn 0.930765 0.365618 0.000000
vn 0.886530 0.462672 0.000000
vn 0.886434 0.462854 0.000000
vn 0.829023 0.559215 0.000000
vn 0.828959 0.559309 0.000000
vn 0.761241 0.648469 0.000000
vn 0.761242 0.648468 0.000000
vn 0.683960 0.729519 0.000000
vn 0.597839 0.801616 0.000000
vn 0.597889 0.801579 0.000000
vn 0.683935 0.729543 0.000000
vn 0.504447 0.863443 0.000000
vn 0.504203 0.863585 0.000000
vn 0.404802 0.914404 0.000000
vn 0.404458 0.914557 0.000000
vn 0.299861 0.953983 0.000000
vn 0.299637 0.954053 0.000000
vn 0.190857 0.981618 0.000000
vn 0.190730 0.981643 0.000000
vn 0.079856 0.996806 0.000000
vn 0.079544 0.996831 0.000000
vn -0.032109 0.999484 0.000000
vn -0.032448 0.999473 0.000000
vn -0.143946 0.989586 0.000000
vn -0.144083 0.989566 0.000000
vn -0.253939 0.967220 0.000000
vn -0.254198 0.967152 0.000000
vn -0.360541 0.932743 0.000000
vn -0.360849 0.932624 0.000000
vn -0.462661 0.886536 0.000000
vn -0.462908 0.886406 0.000000
vn -0.559200 0.829032 0.000000
vn -0.559305 0.828962 0.000000
vn -0.648466 0.761244 0.000000
vn -0.648719 0.761028 0.000000
vn -0.729541 0.683937 0.000000
vn -0.729758 0.683705 0.000000
vn -0.801567 0.597905 0.000000
vn -0.801658 0.597783 0.000000
vn -0.863580 0.504212 0.000000
vn -0.863688 0.504026 0.000000
vn -0.914554 0.404463 0.000000
vn -0.914703 0.404127 0.000000
vn -0.954051 0.299644 0.000000
vn -0.954137 0.299370 0.000000
vn -0.981639 0.190749 -0.000000
vn -0.981632 0.190786 -0.000000
vn -0.996831 0.079546 -0.000000
vn -0.997244 0.074194 -0.000000
vn -0.999474 -0.032443 -0.000000
vn -0.999213 -0.039676 -0.000000
vn -0.989568 -0.144066 -0.000000
vn -0.988772 -0.149434 -0.000000
vn -0.967156 -0.254185 -0.000000
vn -0.967204 -0.253999 -0.000000
vn -0.932635 -0.360822 -0.000000
vn -0.932624 -0.360849 -0.000000
vn -0.886455 -0.462814 -0.000000
vn -0.886407 -0.462907 -0.000000
vn -0.829146 -0.559032 -0.000000
vn -0.828977 -0.559283 -0.000000
vn -0.761227 -0.648486 -0.000000
vn -0.761034 -0.648712 -0.000000
vn -0.683933 -0.729545 -0.000000
vn -0.683704 -0.729759 -0.000000
vn -0.598125 -0.801402 -0.000000
vn -0.597781 -0.801660 -0.000000
vn -0.504622 -0.863340 -0.000000
vn -0.504046 -0.863677 -0.000000
vn -0.404502 -0.914537 -0.000000
vn -0.404136 -0.914699 -0.000000
vn -0.299665 -0.954045 -0.000000
vn -0.299371 -0.954137 -0.000000
vn -0.191104 -0.981570 -0.000000
vn -0.190782 -0.981632 -0.000000
vn -0.079869 -0.996805 -0.000000
vn -0.074676 -0.997208 -0.000000
vn 0.032346 -0.999477 -0.000000
vn 0.039056 -0.999237 -0.000000
vn 0.143946 -0.989585 -0.000000
vn 0.148972 -0.988841 -0.000000
vn 0.253785 -0.967261 -0.000000
vn 0.254000 -0.967204 -0.000000
vn 0.360700 -0.932682 -0.000000
vn 0.360840 -0.932628 -0.000000
vn 0.462814 -0.886456 -0.000000
vn 0.462831 -0.886446 -0.000000
vn 0.559059 -0.829128 -0.000000
vn 0.559040 -0.829141 -0.000000
vn 0.648420 -0.761283 -0.000000
vn 0.648489 -0.761224 -0.000000
vn 0.729544 -0.683934 -0.000000
vn 0.729729 -0.683736 -0.000000
vn 0.801396 -0.598134 -0.000000
vn 0.801622 -0.597831 -0.000000
vn 0.863331 -0.504639 -0.000000
vn 0.863453 -0.504429 -0.000000
vn 0.914538 -0.404500 -0.000000
vn 0.914579 -0.404406 -0.000000
vn 0.954045 -0.299664 -0.000000
vn 0.954138 -0.299368 -0.000000
vn 0.981569 -0.191110 -0.000000
vn 0.981634 -0.190775 0.000000
vn 0.996804 -0.079889 0.000000
vn 0.996815 -0.079749 0.000000
vn 0.999477 0.032346 0.000000
vn 0.999469 0.032597 0.000000
vn 0.989585 0.143948 0.000000
vn 0.989538 0.144273 0.000000
vn 0.967262 0.253779 0.000000
vn 0.967189 0.254057 0.000000
vn 0.932686 0.360689 0.000000
vn 0.932646 0.360793 0.000000
vn 0.886457 0.462812 0.000000
vn 0.886306 0.463100 0.000000
vn 0.829128 0.559058 0.000000
vn 0.828949 0.559324 0.000000
vn 0.761290 0.648412 0.000000
vn 0.761179 0.648542 0.000000
vn 0.683741 0.729725 0.000000
vn 0.683595 0.729862 0.000000
vn 0.597833 0.801620 0.000000
vn 0.597543 0.801837 0.000000
vn 0.504431 0.863452 0.000000
vn 0.504180 0.863598 0.000000
vn 0.404416 0.914575 0.000000
vn 0.404433 0.914568 0.000000
vn 0.299369 0.954137 0.000000
vn 0.294520 0.955645 0.000000
vn 0.190778 0.981633 0.000000
vn 0.184025 0.982922 0.000000
vn 0.094270 0.995547 0.000000
vn 0.074608 0.997213 0.000000
vn -0.003429 0.999994 0.000000
vn -0.032408 0.999475 0.000000
vn -0.101141 0.994872 0.000000
vn -0.144256 0.989540 0.000000
vn -0.197962 0.980210 0.000000
vn -0.253966 0.967213 0.000000
vn -0.349401 0.936973 0.000000
vn -0.360516 0.932753 0.000000
vn -0.462843 0.886440 0.000000
vn -0.492174 0.870497 0.000000
vn -0.559114 0.829091 0.000000
vn -0.622739 0.782430 0.000000
vn -0.648444 0.761262 0.000000
vn -0.737858 0.674956 0.000000
vn -0.729676 0.683793 0.000000
vn -0.801641 0.597806 0.000000
vn -0.834677 0.550740 0.000000
vn -0.939909 0.341426 0.000000
vn -0.954051 0.299644 0.000000
vn -0.981782 0.190013 -0.000000
vn -0.981627 0.190809 0.000000
vn -0.996361 0.085235 -0.000000
vn -0.914576 0.404413 0.000000
vn -0.874839 0.484413 0.000000
vn -0.863620 0.504143 0.000000
vn -0.788180 0.615445 0.000000
vn -0.801637 0.597811 0.000000
vn -0.748533 0.663097 0.000000
vn -0.682068 0.731288 0.000000
vn -0.690193 0.723625 0.000000
vn -0.626946 0.779063 0.000000
vn -0.559124 0.829084 0.000000
vn -0.996838 0.079456 -0.000000
vn -0.999690 -0.024915 -0.000000
vn -0.999475 -0.032407 -0.000000
vn -0.990366 -0.138476 -0.000000
vn -0.990330 -0.138729 -0.000000
vn -0.969043 -0.246894 -0.000000
vn -0.967210 -0.253977 -0.000000
vn -0.934678 -0.355494 -0.000000
vn -0.932739 -0.360551 -0.000000
vn -0.886445 -0.462833 -0.000000
vn -0.886602 -0.462533 -0.000000
vn -0.829222 -0.558919 -0.000000
vn -0.761249 -0.648459 -0.000000
vn -0.761448 -0.648226 -0.000000
vn -0.829123 -0.559066 -0.000000
vn -0.684056 -0.729429 -0.000000
vn -0.683934 -0.729544 -0.000000
vn -0.598054 -0.801456 -0.000000
vn -0.504424 -0.863456 -0.000000
vn -0.504448 -0.863442 -0.000000
vn -0.597868 -0.801595 -0.000000
vn -0.404717 -0.914442 -0.000000
vn -0.404513 -0.914532 -0.000000
vn -0.299634 -0.954054 -0.000000
vn -0.299674 -0.954042 -0.000000
vn -0.191007 -0.981589 -0.000000
vn -0.079670 -0.996821 -0.000000
vn -0.079867 -0.996806 -0.000000
vn -0.190868 -0.981616 -0.000000
vn 0.032209 -0.999481 -0.000000
vn 0.032369 -0.999476 -0.000000
vn 0.143953 -0.989584 -0.000000
vn 0.144145 -0.989557 -0.000000
vn 0.253928 -0.967223 -0.000000
vn 0.253962 -0.967214 -0.000000
vn 0.360548 -0.932741 -0.000000
vn 0.360815 -0.932637 -0.000000
vn 0.462793 -0.886467 -0.000000
vn 0.462856 -0.886434 -0.000000
vn 0.559091 -0.829107 -0.000000
vn 0.559301 -0.828965 -0.000000
vn 0.648566 -0.761159 -0.000000
vn 0.648502 -0.761213 -0.000000
vn 0.729568 -0.683908 -0.000000
vn 0.729760 -0.683703 -0.000000
vn 0.801681 -0.597752 -0.000000
vn 0.801652 -0.597792 -0.000000
vn 0.863510 -0.504331 -0.000000
vn 0.863602 -0.504174 -0.000000
vn 0.914642 -0.404265 -0.000000
vn 0.914574 -0.404418 -0.000000
vn 0.954086 -0.299533 -0.000000
vn 0.954141 -0.299359 -0.000000
vn 0.981668 -0.190600 0.000000
vn 0.981639 -0.190749 0.000000
vn 0.996830 -0.079560 0.000000
vn 0.999465 0.032698 0.000000
vn 0.999473 0.032469 0.000000
vn 0.996832 -0.079537 0.000000
vn 0.989540 0.144257 0.000000
vn 0.989539 0.144264 0.000000
vn 0.967191 0.254049 0.000000
vn 0.967130 0.254283 0.000000
vn 0.932561 0.361013 0.000000
vn 0.932628 0.360840 0.000000
vn 0.886411 0.462899 0.000000
vn 0.886264 0.463180 0.000000
vn 0.828845 0.559478 0.000000
vn 0.828951 0.559321 0.000000
vn 0.761202 0.648515 0.000000
vn 0.760977 0.648779 0.000000
vn 0.683675 0.729786 0.000000
vn 0.683707 0.729756 0.000000
vn 0.597808 0.801639 0.000000
vn 0.597782 0.801659 0.000000
vn 0.504423 0.863457 0.000000
vn 0.499298 0.866430 0.000000
vn 0.404458 0.914557 0.000000
vn 0.397473 0.917614 0.000000
vn 0.304933 0.952374 0.000000
vn 0.294123 0.955768 0.000000
vn 0.198332 0.980135 0.000000
vn 0.190809 0.981627 0.000000
vn 0.085514 0.996337 0.000000
vn 0.079573 0.996829 0.000000
vn -0.032387 0.999475 0.000000
vn -0.032355 0.999476 0.000000
vn -0.143913 0.989590 0.000000
vn -0.143957 0.989584 0.000000
vn -0.253643 0.967298 0.000000
vn -0.253980 0.967209 0.000000
vn -0.360373 0.932808 0.000000
vn -0.360550 0.932740 0.000000
vn -0.462525 0.886606 0.000000
vn -0.462809 0.886458 0.000000
vn -0.558902 0.829234 0.000000
vn -0.559063 0.829125 0.000000
vn -0.648275 0.761406 0.000000
vn -0.729548 0.683930 0.000000
vn -0.729544 0.683933 0.000000
vn -0.648461 0.761247 0.000000
vn -0.801449 0.598063 0.000000
vn -0.801590 0.597874 0.000000
vn -0.863442 0.504449 0.000000
vn -0.863438 0.504455 0.000000
vn -0.914470 0.404653 0.000000
vn -0.954096 0.299501 0.000000
vn -0.954042 0.299674 0.000000
vn -0.914532 0.404514 0.000000
vn -0.981586 0.191022 0.000000
vn -0.981619 0.190851 0.000000
vn -0.996820 0.079690 -0.000000
vn -0.996806 0.079862 -0.000000
vn -0.999478 -0.032315 -0.000000
vn -0.989544 -0.144229 -0.000000
vn -0.989585 -0.143950 -0.000000
vn -0.999476 -0.032364 -0.000000
vn -0.967229 -0.253904 -0.000000
vn -0.967205 -0.253996 -0.000000
vn -0.932731 -0.360572 -0.000000
vn -0.932641 -0.360805 -0.000000
vn -0.886403 -0.462914 -0.000000
vn -0.886437 -0.462850 -0.000000
vn -0.829112 -0.559083 -0.000000
vn -0.828950 -0.559323 -0.000000
vn -0.761174 -0.648548 -0.000000
vn -0.761191 -0.648528 -0.000000
vn -0.683847 -0.729626 -0.000000
vn -0.683705 -0.729758 -0.000000
vn -0.597667 -0.801745 -0.000000
vn -0.597796 -0.801648 -0.000000
vn -0.504348 -0.863500 -0.000000
vn -0.504170 -0.863605 -0.000000
vn -0.404280 -0.914635 -0.000000
vn -0.404402 -0.914581 -0.000000
vn -0.299401 -0.954127 -0.000000
vn -0.190531 -0.981681 -0.000000
vn -0.190750 -0.981639 -0.000000
vn -0.299359 -0.954141 -0.000000
vn -0.079588 -0.996828 -0.000000
vn -0.079546 -0.996831 -0.000000
vn 0.032461 -0.999473 -0.000000
vn 0.032688 -0.999466 -0.000000
vn 0.144429 -0.989515 -0.000000
vn 0.144265 -0.989539 -0.000000
vn 0.254052 -0.967191 -0.000000
vn 0.254346 -0.967113 -0.000000
vn 0.360990 -0.932570 -0.000000
vn 0.360837 -0.932629 -0.000000
vn 0.462875 -0.886423 -0.000000
vn 0.563772 -0.825930 -0.000000
vn 0.559320 -0.828952 -0.000000
vn 0.463169 -0.886270 -0.000000
vn 0.648519 -0.761199 -0.000000
vn 0.654034 -0.756465 -0.000000
vn 0.733339 -0.679863 -0.000000
vn 0.733333 -0.679869 -0.000000
vn 0.801627 -0.597825 -0.000000
vn 0.805870 -0.592092 -0.000000
vn 0.863590 -0.504194 -0.000000
vn 0.866172 -0.499747 -0.000000
vn 0.914538 -0.404500 -0.000000
vn 0.914557 -0.404457 -0.000000
vn 0.954032 -0.299705 -0.000000
vn 0.954134 -0.299381 -0.000000
vn 0.981620 -0.190847 -0.000000
vn 0.981625 -0.190820 -0.000000
vn 0.995557 -0.094159 0.000000
vn 0.996803 -0.079893 0.000000
vn 0.999994 0.003522 0.000000
vn 0.999475 0.032392 0.000000
vn 0.994867 0.101190 0.000000
vn 0.989584 0.143954 0.000000
vn 0.980210 0.197962 0.000000
vn 0.967302 0.253629 0.000000
vn 0.936973 0.349401 0.000000
vn 0.932819 0.360346 0.000000
vn 0.886449 0.462827 0.000000
vn 0.870497 0.492174 0.000000
vn 0.829073 0.559140 0.000000
vn 0.782430 0.622739 0.000000
vn 0.761199 0.648518 0.000000
vn 0.674956 0.737858 0.000000
vn 0.683767 0.729700 0.000000
vn 0.597804 0.801642 0.000000
vn 0.550740 0.834677 0.000000
vn -0.000000 -0.000000 1.000000
vn -0.000000 -0.000000 1.000000
vn -0.000000 -0.000000 1.000000
vn -0.000000 -0.000000 1.000000
vn -0.000000 -0.000000 1.000000
vn -0.000000 -0.000000 1.000000
vn -0.000000 -0.000000 1.000000
vn -0.000000 -0.000000 1.000000
vn -0.000000 -0.000000 1.000000
vn -0.000000 -0.000000 1.000000
vn -0.000000 -0.000000 1.000000
vn -0.000000 -0.000000 1.000000
vn -0.000000 -0.000000 1.000000
vn -0.000000 -0.000000 1.000000
vn -0.000000 -0.000000 1.000000
vn -0.000000 -0.000000 1.000000
vn -0.000000 -0.000000 1.000000
vn -0.000000 -0.000000 1.000000
vn -0.000000 -0.000000 1.000000
vn -0.000000 -0.000000 1.000000
vn -0.000000 -0.000000 1.000000
vn -0.000000 -0.000000 1.000000
vn -0.000000 -0.000000 1.000000
vn -0.000000 -0.000000 1.000000
vn -0.000000 -0.000000 1.000000
vn -0.000000 -0.000000 1.000000
vn -0.000000 -0.000000 1.000000
vn -0.000000 -0.000000 1.000000
vn -0.000000 -0.000000 1.000000
vn -0.000000 -0.000000 1.000000
vn -0.000000 -0.000000 1.000000
vn -0.000000 -0.000000 1.000000
vn -0.000000 -0.000000 1.000000
vn -0.000000 -0.000000 1.000000
vn -0.000000 -0.000000 1.000000
vn -0.000000 -0.000000 1.000000
vn -0.000000 -0.000000 1.000000
vn -0.000000 -0.000000 1.000000
vn -0.000000 -0.000000 1.000000
vn -0.000000 -0.000000 1.000000
vn -0.000000 -0.000000 1.000000
vn -0.000000 -0.000000 1.000000
vn -0.000000 -0.000000 1.000000
vn -0.000000 -0.000000 1.000000
vn -0.000000 -0.000000 1.000000
vn -0.000000 -0.000000 1.000000
vn -0.000000 -0.000000 1.000000
vn -0.000000 -0.000000 1.000000
vn -0.000000 -0.000000 1.000000
vn -0.000000 -0.000000 1.000000
vn -0.000000 -0.000000 1.000000
vn -0.000000 -0.000000 1.000000
vn -0.000000 -0.000000 1.000000
vn -0.000000 -0.000000 1.000000
vn -0.000000 -0.000000 1.000000
vn -0.000000 -0.000000 1.000000
vn -0.000000 -0.000000 1.000000
vn -0.000000 -0.000000 1.000000
vn -0.000000 -0.000000 1.000000
vn -0.000000 -0.000000 1.000000
vn -0.000000 -0.000000 1.000000
vn -0.000000 -0.000000 1.000000
vn -0.000000 -0.000000 1.000000
vn -0.000000 -0.000000 1.000000
vn -0.000000 -0.000000 1.000000
vn -0.000000 -0.000000 1.000000
vn -0.000000 -0.000000 1.000000
vn -0.000000 -0.000000 1.000000
vn -0.000000 -0.000000 1.000000
vn -0.000000 -0.000000 1.000000
vn -0.000000 -0.000000 1.000000
vn -0.000000 -0.000000 1.000000
vn -0.000000 -0.000000 1.000000
vn -0.000000 -0.000000 1.000000
vn -0.000000 -0.000000 1.000000
vn -0.000000 -0.000000 1.000000
vn -0.000000 -0.000000 1.000000
vn -0.000000 -0.000000 1.000000
vn -0.000000 -0.000000 1.000000
vn -0.000000 -0.000000 1.000000
vn -0.000000 -0.000000 1.000000
vn -0.000000 -0.000000 1.000000
vn -0.000000 -0.000000 1.000000
vn -0.000000 -0.000000 1.000000
vn -0.000000 -0.000000 1.000000
vn -0.000000 -0.000000 1.000000
vn -0.000000 -0.000000 1.000000
vn -0.000000 -0.000000 1.000000
vn -0.000000 -0.000000 1.000000
vn -0.000000 -0.000000 1.000000
vn -0.000000 -0.000000 1.000000
vn -0.000000 -0.000000 1.000000
vn -0.000000 -0.000000 1.000000
vn -0.000000 -0.000000 1.000000
vn -0.000000 -0.000000 1.000000
vn -0.000000 -0.000000 1.000000
vn -0.000000 -0.000000 1.000000
vn -0.000000 -0.000000 1.000000
vn -0.000000 -0.000000 1.000000
vn -0.000000 -0.000000 1.000000
vn -0.000000 -0.000000 1.000000
vn -0.000000 -0.000000 1.000000
vn -0.000000 -0.000000 1.000000
vn -0.000000 -0.000000 1.000000
vn -0.000000 -0.000000 1.000000
vn -0.000000 -0.000000 1.000000
vn -0.000000 -0.000000 1.000000
vn -0.000000 -0.000000 1.000000
vn -0.000000 -0.000000 1.000000
vn -0.000000 -0.000000 1.000000
vn -0.000000 -0.000000 1.000000
vn -0.000000 -0.000000 1.000000
vn -0.000000 -0.000000 1.000000
vn -0.000000 -0.000000 1.000000
vn -0.000000 -0.000000 1.000000
vn -0.000000 -0.000000 1.000000
vn -0.000000 -0.000000 1.000000
vn -0.000000 -0.000000 1.000000
vn -0.000000 -0.000000 1.000000
vn -0.000000 -0.000000 1.000000
vn -0.000000 -0.000000 1.000000
vn -0.000000 -0.000000 1.000000
vn -0.000000 -0.000000 1.000000
vn -0.000000 -0.000000 1.000000
vn -0.000000 -0.000000 1.000000
vn -0.000000 -0.000000 1.000000
vn -0.000000 -0.000000 1.000000
vn -0.000000 -0.000000 1.000000
vn -0.000000 -0.000000 1.000000
vn -0.000000 -0.000000 1.000000
vn -0.000000 -0.000000 1.000000
vn -0.000000 -0.000000 1.000000
vn -0.000000 -0.000000 1.000000
vn -0.000000 -0.000000 1.000000
vn -0.000000 -0.000000 1.000000
vn -0.000000 -0.000000 1.000000
vn -0.000000 -0.000000 1.000000
vn -0.000000 -0.000000 1.000000
vn -0.000000 -0.000000 1.000000
vn -0.000000 -0.000000 1.000000
vn -0.000000 -0.000000 1.000000
vn -0.000000 -0.000000 1.000000
vn -0.000000 -0.000000 1.000000
vn -0.000000 -0.000000 1.000000
vn -0.000000 -0.000000 1.000000
vn -0.000000 -0.000000 1.000000
vn -0.000000 -0.000000 1.000000
vn -0.000000 -0.000000 1.000000
vn -0.000000 -0.000000 1.000000
vn -0.000000 -0.000000 1.000000
vn -0.000000 -0.000000 1.000000
vn -0.000000 -0.000000 1.000000
vn -0.000000 -0.000000 1.000000
vn -0.000000 -0.000000 1.000000
vn -0.000000 -0.000000 1.000000
vn -0.000000 -0.000000 1.000000
vn -0.000000 -0.000000 1.000000
vn -0.000000 -0.000000 1.000000
vn -0.000000 -0.000000 1.000000
vn -0.000000 -0.000000 1.000000
vn -0.000000 -0.000000 1.000000
vn -0.000000 -0.000000 1.000000
vn -0.000000 -0.000000 1.000000
vn -0.000000 -0.000000 1.000000
vn -0.000000 -0.000000 1.000000
vn -0.000000 -0.000000 1.000000
vn -0.000000 -0.000000 1.000000
vn -0.000000 -0.000000 1.000000
vn -0.000000 -0.000000 1.000000
vn -0.000000 -0.000000 1.000000
vn -0.000000 -0.000000 1.000000
vn -0.000000 -0.000000 1.000000
vn -0.000000 -0.000000 1.000000
vn -0.000000 -0.000000 1.000000
vn -0.000000 -0.000000 1.000000
vn -0.000000 -0.000000 1.000000
vn -0.000000 -0.000000 1.000000
vn -0.000000 -0.000000 1.000000
vn -0.000000 -0.000000 1.000000
vn -0.000000 -0.000000 1.000000
vn -0.000000 -0.000000 1.000000
vn -0.000000 -0.000000 1.000000
vn -0.000000 -0.000000 1.000000
vn -0.000000 -0.000000 1.000000
vn -0.000000 -0.000000 1.000000
vn -0.000000 -0.000000 1.000000
vn -0.000000 -0.000000 1.000000
vn -0.000000 -0.000000 1.000000
vn -0.000000 -0.000000 1.000000
vn -0.000000 -0.000000 1.000000
vn -0.000000 -0.000000 1.000000
vn -0.000000 -0.000000 1.000000
vn -0.000000 -0.000000 1.000000
vn -0.000000 -0.000000 1.000000
vn -0.000000 -0.000000 1.000000
vn -0.000000 -0.000000 1.000000
vn -0.000000 -0.000000 1.000000
vn -0.000000 -0.000000 1.000000
vn -0.000000 -0.000000 1.000000
vn -0.000000 -0.000000 1.000000
vn -0.000000 -0.000000 1.000000
vn -0.000000 -0.000000 1.000000
vn -0.000000 -0.000000 1.000000
vn -0.000000 -0.000000 1.000000
vn -0.000000 -0.000000 1.000000
vn -0.000000 -0.000000 1.000000
vn -0.000000 -0.000000 1.000000
vn -0.000000 -0.000000 1.000000
vn -0.000000 -0.000000 1.000000
vn -0.000000 -0.000000 1.000000
vn -0.000000 -0.000000 1.000000
vn -0.000000 -0.000000 1.000000
vn -0.000000 -0.000000 1.000000
vn -0.000000 -0.000000 1.000000
vn -0.000000 -0.000000 1.000000
vn -0.000000 -0.000000 1.000000
vn -0.000000 -0.000000 1.000000
vn -0.000000 -0.000000 1.000000
vn -0.000000 -0.000000 1.000000
vn -0.000000 -0.000000 1.000000
vn -0.000000 -0.000000 1.000000
vn -0.000000 -0.000000 1.000000
vn -0.000000 -0.000000 1.000000
vn -0.000000 -0.000000 1.000000
vn -0.000000 -0.000000 1.000000
vn -0.000000 -0.000000 1.000000
vn -0.000000 -0.000000 1.000000
vn -0.000000 -0.000000 1.000000
vn -0.000000 -0.000000 1.000000
vn -0.000000 -0.000000 1.000000
vn -0.000000 -0.000000 1.000000
vn -0.000000 -0.000000 1.000000
vn -0.000000 -0.000000 1.000000
vn -0.000000 -0.000000 1.000000
vn -0.000000 -0.000000 1.000000
vn -0.000000 -0.000000 1.000000
vn -0.000000 -0.000000 1.000000
vn -0.000000 -0.000000 1.000000
vn -0.000000 -0.000000 1.000000
vn -0.000000 -0.000000 1.000000
vn -0.000000 -0.000000 1.000000
vn -0.000000 -0.000000 1.000000
vn -0.000000 -0.000000 1.000000
vn -0.000000 -0.000000 1.000000
vn -0.000000 -0.000000 1.000000
vn -0.000000 -0.000000 1.000000
vn -0.000000 -0.000000 1.000000
vn -0.000000 -0.000000 1.000000
vn -0.000000 -0.000000 1.000000
vn -0.000000 -0.000000 1.000000
vn -0.000000 -0.000000 1.000000
vn -0.000000 -0.000000 1.000000
vn -0.000000 -0.000000 1.000000
vn -0.000000 -0.000000 1.000000
vn -0.000000 -0.000000 1.000000
vn -0.000000 -0.000000 1.000000
vn -0.000000 -0.000000 1.000000
vn -0.000000 -0.000000 1.000000
vn -0.000000 -0.000000 1.000000
vn -0.000000 -0.000000 1.000000
vn -0.000000 -0.000000 1.000000
vn -0.000000 -0.000000 1.000000
vn -0.000000 -0.000000 1.000000
vn -0.000000 -0.000000 1.000000
vn -0.000000 -0.000000 1.000000
vn -0.000000 -0.000000 1.000000
vn -0.000000 -0.000000 1.000000
vn -0.000000 -0.000000 1.000000
vn -0.000000 -0.000000 1.000000
vn -0.000000 -0.000000 1.000000
vn -0.000000 -0.000000 1.000000
vn -0.000000 -0.000000 1.000000
vn -0.000000 -0.000000 1.000000
vn -0.000000 -0.000000 1.000000
vn -0.000000 -0.000000 1.000000
vn -0.000000 -0.000000 1.000000
vn -0.000000 -0.000000 1.000000
vn -0.000000 -0.000000 1.000000
vn -0.000000 -0.000000 1.000000
vn -0.000000 -0.000000 1.000000
vn -0.000000 -0.000000 1.000000
vn -0.000000 -0.000000 1.000000
vn -0.000000 -0.000000 1.000000
vn -0.000000 -0.000000 1.000000
vn -0.000000 -0.000000 1.000000
vn -0.000000 -0.000000 1.000000
vn -0.000000 -0.000000 1.000000
vn -0.000000 -0.000000 1.000000
vn -0.000000 -0.000000 1.000000
vn -0.000000 -0.000000 1.000000
vn -0.000000 -0.000000 1.000000
vn -0.000000 -0.000000 1.000000
vn -0.000000 -0.000000 1.000000
vn -0.000000 -0.000000 1.000000
vn -0.000000 -0.000000 1.000000
vn -0.000000 -0.000000 1.000000
vn -0.000000 -0.000000 1.000000
vn -0.000000 -0.000000 1.000000
vn -0.000000 -0.000000 1.000000
vn -0.000000 -0.000000 1.000000
vn -0.000000 -0.000000 1.000000
vn -0.000000 -0.000000 1.000000
vn -0.000000 -0.000000 1.000000
vn 0.337221 -0.941426 -0.000000
vn 0.361025 -0.932556 -0.000000
vn 0.468416 -0.883508 -0.000000
vn 0.462854 -0.886434 -0.000000
vn 0.558899 -0.829236 -0.000000
vn 0.253999 -0.967204 -0.000000
vn 0.199090 -0.979981 -0.000000
vn 0.143759 -0.989613 -0.000000
vn 0.056865 -0.998382 -0.000000
vn 0.032408 -0.999475 -0.000000
vn -0.086530 -0.996249 -0.000000
vn 0.562838 -0.826567 -0.000000
vn 0.648500 -0.761215 -0.000000
vn 0.650918 -0.759148 -0.000000
vn 0.729893 -0.683561 -0.000000
vn 0.730976 -0.682403 -0.000000
vn 0.801627 -0.597825 -0.000000
vn 0.801627 -0.597825 -0.000000
vn 0.863343 -0.504618 -0.000000
vn 0.863343 -0.504618 -0.000000
vn 0.914557 -0.404458 -0.000000
vn 0.914557 -0.404458 -0.000000
vn 0.954197 -0.299179 -0.000000
vn 0.954197 -0.299179 -0.000000
vn 0.981627 -0.190809 -0.000000
vn 0.981627 -0.190809 -0.000000
vn 0.996790 -0.080055 0.000000
vn 0.996790 -0.080055 0.000000
vn 0.999475 0.032408 0.000000
vn 0.999475 0.032408 0.000000
vn 0.989511 0.144460 0.000000
vn 0.989511 0.144460 0.000000
vn 0.967204 0.253999 0.000000
vn 0.967204 0.253999 0.000000
vn 0.932812 0.360364 0.000000
vn 0.932812 0.360364 0.000000
vn 0.886434 0.462854 0.000000
vn 0.886434 0.462854 0.000000
vn 0.828839 0.559487 0.000000
vn 0.828839 0.559487 0.000000
vn 0.761215 0.648500 0.000000
vn 0.761215 0.648500 0.000000
vn 0.684078 0.729409 0.000000
vn 0.684078 0.729409 0.000000
vn 0.597825 0.801627 0.000000
vn 0.597825 0.801627 0.000000
vn 0.504006 0.863700 0.000000
vn 0.504006 0.863700 0.000000
vn 0.404458 0.914557 0.000000
vn 0.404458 0.914557 0.000000
vn 0.299855 0.953985 0.000000
vn 0.299855 0.953985 0.000000
vn 0.190809 0.981627 0.000000
vn 0.190809 0.981627 0.000000
vn 0.079349 0.996847 0.000000
vn 0.079349 0.996847 0.000000
vn -0.032408 0.999475 0.000000
vn -0.032408 0.999475 0.000000
vn -0.143759 0.989613 0.000000
vn -0.143759 0.989613 0.000000
vn -0.253999 0.967204 0.000000
vn -0.253999 0.967204 0.000000
vn -0.361025 0.932556 0.000000
vn -0.361025 0.932556 0.000000
vn -0.462854 0.886434 0.000000
vn -0.462854 0.886434 0.000000
vn -0.558899 0.829236 0.000000
vn -0.558899 0.829236 0.000000
vn -0.648500 0.761215 0.000000
vn -0.648500 0.761215 0.000000
vn -0.729893 0.683561 0.000000
vn -0.729893 0.683561 0.000000
vn -0.801627 0.597825 0.000000
vn -0.801627 0.597825 0.000000
vn -0.863343 0.504618 0.000000
vn -0.863343 0.504618 0.000000
vn -0.914557 0.404458 0.000000
vn -0.914557 0.404458 0.000000
vn -0.954197 0.299179 0.000000
vn -0.954197 0.299179 0.000000
vn -0.981627 0.190809 0.000000
vn -0.981627 0.190809 0.000000
vn -0.996790 0.080055 -0.000000
vn -0.996790 0.080055 -0.000000
vn -0.999475 -0.032408 -0.000000
vn -0.999475 -0.032408 -0.000000
vn -0.989511 -0.144460 -0.000000
vn -0.989511 -0.144460 -0.000000
vn -0.967204 -0.253999 -0.000000
vn -0.967204 -0.253999 -0.000000
vn -0.932812 -0.360364 -0.000000
vn -0.932812 -0.360364 -0.000000
vn -0.886434 -0.462854 -0.000000
vn -0.886434 -0.462854 -0.000000
vn -0.828839 -0.559487 -0.000000
vn -0.828839 -0.559487 -0.000000
vn -0.761215 -0.648500 -0.000000
vn -0.761215 -0.648500 -0.000000
vn -0.684078 -0.729409 -0.000000
vn -0.684078 -0.729409 -0.000000
vn -0.597825 -0.801627 -0.000000
vn -0.597825 -0.801627 -0.000000
vn -0.504006 -0.863700 -0.000000
vn -0.504006 -0.863700 -0.000000
vn -0.404458 -0.914557 -0.000000
vn -0.404458 -0.914557 -0.000000
vn -0.299855 -0.953985 -0.000000
vn -0.299855 -0.953985 -0.000000
vn -0.190809 -0.981627 -0.000000
vn -0.190809 -0.981627 -0.000000
vn -0.079349 -0.996847 -0.000000
vn -0.079349 -0.996847 -0.000000
vn 0.032408 -0.999475 -0.000000
vn 0.032408 -0.999475 -0.000000
vn 0.143759 -0.989613 -0.000000
vn 0.143759 -0.989613 -0.000000
vn 0.253999 -0.967204 -0.000000
vn 0.253999 -0.967204 -0.000000
vn 0.361025 -0.932556 -0.000000
vn 0.361025 -0.932556 -0.000000
vn 0.462854 -0.886434 -0.000000
vn 0.462854 -0.886434 -0.000000
vn 0.558899 -0.829236 -0.000000
vn 0.558899 -0.829236 -0.000000
vn 0.648500 -0.761215 -0.000000
vn 0.648500 -0.761215 -0.000000
vn 0.729893 -0.683561 -0.000000
vn 0.729893 -0.683561 -0.000000
vn 0.801627 -0.597825 -0.000000
vn 0.801627 -0.597825 -0.000000
vn 0.863343 -0.504618 -0.000000
vn 0.863343 -0.504618 -0.000000
vn 0.914557 -0.404458 -0.000000
vn 0.914557 -0.404458 -0.000000
vn 0.954197 -0.299179 -0.000000
vn 0.954197 -0.299179 -0.000000
vn 0.981627 -0.190809 -0.000000
vn 0.981627 -0.190809 -0.000000
vn 0.996790 -0.080055 0.000000
vn 0.996790 -0.080055 0.000000
vn 0.999475 0.032408 0.000000
vn 0.999475 0.032408 0.000000
vn 0.989511 0.144460 0.000000
vn 0.989511 0.144460 0.000000
vn 0.967204 0.253999 0.000000
vn 0.967204 0.253999 0.000000
vn 0.932812 0.360364 0.000000
vn 0.932812 0.360364 0.000000
vn 0.886434 0.462854 0.000000
vn 0.886434 0.462854 0.000000
vn 0.828839 0.559487 0.000000
vn 0.828839 0.559487 0.000000
vn 0.761215 0.648500 0.000000
vn 0.761215 0.648500 0.000000
vn 0.684078 0.729409 0.000000
vn 0.684078 0.729409 0.000000
vn 0.597825 0.801627 0.000000
vn 0.597825 0.801627 0.000000
vn 0.504006 0.863700 0.000000
vn 0.504006 0.863700 0.000000
vn 0.404458 0.914557 0.000000
vn 0.404458 0.914557 0.000000
vn 0.299855 0.953985 0.000000
vn 0.299855 0.953985 0.000000
vn 0.190809 0.981627 0.000000
vn 0.190809 0.981627 0.000000
vn 0.079349 0.996847 0.000000
vn 0.079349 0.996847 0.000000
vn -0.032408 0.999475 0.000000
vn -0.032408 0.999475 0.000000
vn -0.143759 0.989613 0.000000
vn -0.143759 0.989613 0.000000
vn -0.253999 0.967204 0.000000
vn -0.253999 0.967204 0.000000
vn -0.361025 0.932556 0.000000
vn -0.361025 0.932556 0.000000
vn -0.462854 0.886434 0.000000
vn -0.462854 0.886434 0.000000
vn -0.558899 0.829236 0.000000
vn -0.558899 0.829236 0.000000
vn -0.648500 0.761215 0.000000
vn -0.648500 0.761215 0.000000
vn -0.729893 0.683561 0.000000
vn -0.729893 0.683561 0.000000
vn -0.801627 0.597825 0.000000
vn -0.801627 0.597825 0.000000
vn -0.847405 0.530946 0.000000
vn -0.863343 0.504618 0.000000
vn -0.887836 0.460159 0.000000
vn -0.914557 0.404458 0.000000
vn -0.944384 0.328845 0.000000
vn -0.954197 0.299179 0.000000
vn -0.981627 0.190809 -0.000000
vn -0.981627 0.190809 0.000000
vn -0.998785 0.049290 -0.000000
vn -0.998805 0.048873 -0.000000
vn -0.995566 -0.094063 -0.000000
vn -0.251257 -0.258231 -0.932838
vn -0.284939 -0.225804 -0.931570
vn -0.297311 -0.225751 -0.927708
vn -0.311140 -0.207596 -0.927413
vn -0.313140 -0.223194 -0.923108
vn -0.337728 -0.186432 -0.922596
vn -0.281170 -0.256995 -0.924606
vn -0.265444 -0.257677 -0.929054
vn -0.225508 -0.285006 -0.931621
vn -0.239813 -0.286102 -0.927704
vn -0.193611 -0.308821 -0.931206
vn -0.207844 -0.311470 -0.927247
vn -0.170073 -0.332324 -0.927705
vn -0.185460 -0.336878 -0.923102
vn -0.141823 -0.353541 -0.924605
vn -0.255681 -0.287247 -0.923101
vn -0.223631 -0.314335 -0.922596
vn -0.127355 -0.347331 -0.929054
vn -0.107753 -0.369017 -0.923155
vn -0.092022 -0.361790 -0.927707
vn -0.068041 -0.379715 -0.922598
vn -0.052129 -0.370803 -0.927247
vn -0.023251 -0.383972 -0.923052
vn -0.008945 -0.373203 -0.927707
vn 0.025614 -0.380067 -0.924604
vn 0.035958 -0.368192 -0.929054
vn 0.074113 -0.365882 -0.927706
vn 0.082225 -0.354008 -0.931621
vn 0.113861 -0.356718 -0.927247
vn 0.120731 -0.343918 -0.931206
vn 0.153747 -0.340187 -0.927704
vn 0.159169 -0.326723 -0.931621
vn 0.192149 -0.316128 -0.929054
vn 0.195847 -0.302420 -0.932838
vn 0.227680 -0.283274 -0.931621
vn 0.225528 -0.297489 -0.927705
vn 0.257370 -0.271980 -0.927247
vn 0.256605 -0.288057 -0.922593
vn 0.287161 -0.255776 -0.923102
vn 0.065053 -0.379021 -0.923099
vn 0.106181 -0.370876 -0.922592
vn 0.147674 -0.355076 -0.923100
vn 0.187980 -0.331323 -0.924602
vn 0.223068 -0.313262 -0.923097
vn 0.286146 -0.239759 -0.927705
vn 0.313120 -0.216953 -0.924601
vn 0.310283 -0.201451 -0.929054
vn 0.332267 -0.170179 -0.927706
vn 0.328041 -0.156434 -0.931621
vn 0.349894 -0.133366 -0.927247
vn 0.344161 -0.120038 -0.931206
vn 0.361843 -0.091830 -0.927705
vn 0.354682 -0.079265 -0.931621
vn 0.366962 -0.046874 -0.929054
vn 0.358550 -0.035436 -0.932838
vn 0.363429 0.001389 -0.931621
vn 0.373200 -0.009165 -0.927706
vn 0.373107 0.031675 -0.927247
vn 0.385192 0.021093 -0.922595
vn 0.378989 0.065137 -0.923106
vn 0.336893 -0.185457 -0.923098
vn 0.356183 -0.148167 -0.922594
vn 0.369715 -0.105787 -0.923104
vn 0.376240 -0.059605 -0.924603
vn 0.383990 -0.020922 -0.923100
vn 0.365848 0.074277 -0.927706
vn 0.364834 0.109547 -0.924606
vn 0.350959 0.116987 -0.929054
vn 0.340218 0.153668 -0.927706
vn 0.326836 0.158937 -0.931621
vn 0.308430 0.194233 -0.931206
vn 0.322400 0.190448 -0.927247
vn 0.297391 0.225657 -0.927706
vn 0.313189 0.223124 -0.923108
vn 0.281165 0.256996 -0.924608
vn 0.355033 0.147759 -0.923103
vn 0.337864 0.186185 -0.922596
vn 0.255739 0.287190 -0.923103
vn 0.239842 0.286075 -0.927705
vn 0.265444 0.257677 -0.929054
vn 0.283113 0.227881 -0.931621
vn 0.207823 0.311483 -0.927247
vn 0.223585 0.314364 -0.922597
vn 0.185367 0.336909 -0.923110
vn 0.170036 0.332341 -0.927706
vn 0.141810 0.353537 -0.924609
vn 0.127354 0.347331 -0.929054
vn 0.091940 0.361816 -0.927705
vn 0.079516 0.354626 -0.931621
vn 0.040445 0.362243 -0.931206
vn 0.052083 0.370810 -0.927247
vn 0.009004 0.373204 -0.927705
vn 0.020837 0.383971 -0.923110
vn -0.025626 0.380056 -0.924608
vn 0.105751 0.369729 -0.923102
vn 0.065019 0.380244 -0.922598
vn -0.065212 0.378989 -0.923100
vn -0.074185 0.365872 -0.927704
vn -0.035959 0.368192 -0.929054
vn -0.001647 0.363428 -0.931621
vn -0.113975 0.356682 -0.927247
vn -0.106428 0.370791 -0.922598
vn -0.147831 0.354988 -0.923109
vn -0.153819 0.340150 -0.927706
vn -0.187986 0.331306 -0.924607
vn -0.192150 0.316127 -0.929054
vn -0.225484 0.297518 -0.927707
vn -0.227680 0.283274 -0.931621
vn -0.257996 0.257476 -0.931206
vn -0.257404 0.271948 -0.927247
vn -0.285166 0.225306 -0.931621
vn -0.286205 0.239681 -0.927707
vn -0.307667 0.187496 -0.932838
vn -0.310284 0.201450 -0.929054
vn -0.328041 0.156434 -0.931621
vn -0.332286 0.170146 -0.927705
vn -0.349903 0.133341 -0.927247
vn -0.356202 0.148112 -0.922596
vn -0.369695 0.105874 -0.923101
vn -0.224791 0.312151 -0.923055
vn -0.258763 0.286103 -0.922598
vn -0.288555 0.254018 -0.923153
vn -0.313118 0.216937 -0.924606
vn -0.336928 0.185371 -0.923102
vn -0.361834 0.091872 -0.927704
vn -0.376237 0.059601 -0.924604
vn -0.366962 0.046874 -0.929054
vn -0.373200 0.009162 -0.927706
vn -0.363429 -0.001389 -0.931621
vn -0.373111 -0.031627 -0.927247
vn -0.362160 -0.041175 -0.931206
vn -0.365871 -0.074189 -0.927704
vn -0.353950 -0.082476 -0.931621
vn -0.350959 -0.116986 -0.929054
vn -0.338417 -0.123642 -0.932838
vn -0.326836 -0.158937 -0.931621
vn -0.340215 -0.153676 -0.927705
vn -0.322432 -0.190394 -0.927247
vn -0.337937 -0.186069 -0.922592
vn -0.313270 -0.223036 -0.923102
vn -0.383992 0.020920 -0.923099
vn -0.385205 -0.020987 -0.922593
vn -0.379036 -0.064951 -0.923100
vn -0.364845 -0.109541 -0.924602
vn -0.355045 -0.147768 -0.923097
vn -0.297425 -0.225616 -0.927705
vn -0.281189 -0.256992 -0.924601
vn -0.265445 -0.257676 -0.929054
vn -0.239848 -0.286069 -0.927706
vn -0.225508 -0.285006 -0.931621
vn -0.207883 -0.311444 -0.927247
vn -0.193611 -0.308821 -0.931206
vn -0.170049 -0.332335 -0.927705
vn -0.156202 -0.328152 -0.931621
vn -0.127356 -0.347331 -0.929054
vn -0.114333 -0.341675 -0.932838
vn -0.079516 -0.354626 -0.931621
vn -0.091979 -0.361804 -0.927706
vn -0.052148 -0.370800 -0.927247
vn -0.065159 -0.380227 -0.922595
vn -0.020833 -0.383982 -0.923105
vn -0.255773 -0.287179 -0.923097
vn -0.223715 -0.314280 -0.922594
vn -0.185411 -0.336902 -0.923103
vn -0.141834 -0.353544 -0.924602
vn -0.105844 -0.369708 -0.923100
vn -0.008996 -0.373204 -0.927706
vn 0.025616 -0.380065 -0.924605
vn 0.035958 -0.368192 -0.929054
vn 0.074109 -0.365883 -0.927706
vn 0.082225 -0.354008 -0.931621
vn 0.120731 -0.343918 -0.931206
vn 0.113929 -0.356697 -0.927247
vn 0.153824 -0.340148 -0.927706
vn 0.147839 -0.354987 -0.923108
vn 0.187987 -0.331303 -0.924607
vn 0.065050 -0.379012 -0.923102
vn 0.106327 -0.370826 -0.922596
vn 0.223076 -0.313237 -0.923103
vn 0.225530 -0.297488 -0.927705
vn 0.192150 -0.316127 -0.929054
vn 0.159169 -0.326723 -0.931621
vn 0.257427 -0.271926 -0.927247
vn 0.256726 -0.287936 -0.922597
vn 0.287215 -0.255688 -0.923109
vn 0.286172 -0.239725 -0.927706
vn 0.313117 -0.216925 -0.924609
vn 0.310284 -0.201450 -0.929054
vn 0.332284 -0.170151 -0.927705
vn 0.328041 -0.156434 -0.931621
vn 0.344161 -0.120038 -0.931206
vn 0.349922 -0.133292 -0.927247
vn 0.361844 -0.091824 -0.927705
vn 0.369707 -0.105756 -0.923110
vn 0.376229 -0.059587 -0.924609
vn 0.336922 -0.185381 -0.923102
vn 0.356241 -0.148004 -0.922598
vn 0.383998 -0.020765 -0.923101
vn 0.373206 -0.009093 -0.927704
vn 0.366962 -0.046873 -0.929054
vn 0.354682 -0.079265 -0.931621
vn 0.373101 0.031747 -0.927247
vn 0.385177 0.021247 -0.922598
vn 0.378983 0.065131 -0.923109
vn 0.365850 0.074271 -0.927706
vn 0.364829 0.109551 -0.924607
vn 0.350959 0.116987 -0.929054
vn 0.340234 0.153627 -0.927707
vn 0.326836 0.158937 -0.931621
vn 0.308430 0.194233 -0.931206
vn 0.322408 0.190436 -0.927247
vn 0.283113 0.227881 -0.931621
vn 0.297359 0.225695 -0.927707
vn 0.251257 0.258231 -0.932838
vn 0.265444 0.257677 -0.929054
vn 0.225508 0.285006 -0.931621
vn 0.239819 0.286096 -0.927705
vn 0.207858 0.311461 -0.927247
vn 0.223658 0.314316 -0.922596
vn 0.185483 0.336867 -0.923102
vn 0.354382 0.149594 -0.923057
vn 0.336580 0.188486 -0.922598
vn 0.311929 0.224707 -0.923151
vn 0.281173 0.256994 -0.924606
vn 0.255694 0.287234 -0.923102
vn 0.170084 0.332319 -0.927704
vn 0.141826 0.353542 -0.924605
vn 0.127355 0.347331 -0.929054
vn 0.091974 0.361806 -0.927706
vn 0.079516 0.354626 -0.931621
vn 0.052143 0.370801 -0.927247
vn 0.040445 0.362243 -0.931206
vn 0.009014 0.373205 -0.927705
vn -0.001647 0.363428 -0.931621
vn -0.035959 0.368192 -0.929054
vn -0.045237 0.357445 -0.932838
vn -0.071866 0.355584 -0.931877
vn -0.063375 0.367174 -0.927991
vn -0.099511 0.350314 -0.931331
vn -0.045558 0.380365 -0.923714
vn -0.025621 0.380060 -0.924607
vn 0.020868 0.383980 -0.923105
vn 0.065147 0.380228 -0.922596
vn 0.105825 0.369708 -0.923102
vn 0.114333 0.341675 -0.932838
vn 0.156202 0.328152 -0.931621
vn 0.193611 0.308821 -0.931206
vn 0.338417 0.123642 -0.932838
vn 0.353950 0.082476 -0.931621
vn 0.362160 0.041175 -0.931206
vn 0.363429 0.001389 -0.931621
vn 0.358550 -0.035436 -0.932838
vn 0.307667 -0.187496 -0.932838
vn 0.285166 -0.225306 -0.931621
vn 0.257996 -0.257476 -0.931206
vn 0.227680 -0.283274 -0.931621
vn 0.195847 -0.302420 -0.932838
vn 0.045237 -0.357445 -0.932838
vn 0.001647 -0.363428 -0.931621
vn -0.040445 -0.362243 -0.931206
vn -0.251257 -0.258231 -0.932838
vn -0.283113 -0.227881 -0.931621
vn -0.308430 -0.194233 -0.931206
vn -0.358550 0.035436 -0.932838
vn -0.354682 0.079265 -0.931621
vn -0.344161 0.120038 -0.931206
vn -0.195847 0.302420 -0.932838
vn -0.159169 0.326723 -0.931621
vn -0.120731 0.343918 -0.931206
vn -0.082225 0.354008 -0.931621
vn -0.045237 0.357445 -0.932838
vn 0.114333 0.341675 -0.932838
vn 0.156202 0.328152 -0.931621
vn 0.193611 0.308821 -0.931206
vn 0.225508 0.285006 -0.931621
vn 0.251257 0.258231 -0.932838
vn 0.338417 0.123642 -0.932838
vn 0.353950 0.082476 -0.931621
vn 0.362160 0.041175 -0.931206
vn 0.307667 -0.187496 -0.932838
vn 0.285166 -0.225306 -0.931621
vn 0.257996 -0.257476 -0.931206
vn 0.045237 -0.357445 -0.932838
vn 0.001647 -0.363428 -0.931621
vn -0.040445 -0.362243 -0.931206
vn -0.079516 -0.354626 -0.931621
vn -0.114333 -0.341675 -0.932838
vn -0.156202 -0.328152 -0.931621
vn -0.258231 0.251257 -0.932838
vn -0.225804 0.284939 -0.931570
vn -0.225739 0.297321 -0.927708
vn -0.207596 0.311140 -0.927413
vn -0.223168 0.313165 -0.923105
vn -0.186432 0.337728 -0.922596
vn -0.256994 0.281174 -0.924605
vn -0.257677 0.265444 -0.929054
vn -0.286035 0.239884 -0.927707
vn -0.285006 0.225508 -0.931621
vn -0.308821 0.193611 -0.931206
vn -0.311464 0.207852 -0.927247
vn -0.328152 0.156202 -0.931621
vn -0.332363 0.169986 -0.927707
vn -0.347331 0.127355 -0.929054
vn -0.353542 0.141828 -0.924604
vn -0.361805 0.091976 -0.927706
vn -0.369712 0.105840 -0.923098
vn -0.380218 0.065249 -0.922592
vn -0.285794 0.257122 -0.923152
vn -0.312674 0.225941 -0.922597
vn -0.335910 0.187444 -0.923054
vn -0.370795 0.052188 -0.927247
vn -0.383986 0.021007 -0.923100
vn -0.373206 0.009078 -0.927704
vn -0.380073 -0.025608 -0.924602
vn -0.368192 -0.035957 -0.929054
vn -0.365881 -0.074118 -0.927705
vn -0.354008 -0.082225 -0.931621
vn -0.356714 -0.113875 -0.927247
vn -0.343918 -0.120731 -0.931206
vn -0.340168 -0.153784 -0.927705
vn -0.326723 -0.159169 -0.931621
vn -0.316128 -0.192149 -0.929054
vn -0.302420 -0.195847 -0.932838
vn -0.283274 -0.227680 -0.931621
vn -0.297491 -0.225525 -0.927706
vn -0.271971 -0.257379 -0.927247
vn -0.288034 -0.256624 -0.922594
vn -0.255721 -0.287204 -0.923104
vn -0.379025 -0.065058 -0.923096
vn -0.370867 -0.106211 -0.922593
vn -0.355038 -0.147752 -0.923102
vn -0.331325 -0.187979 -0.924601
vn -0.313263 -0.223062 -0.923098
vn -0.239732 -0.286166 -0.927705
vn -0.216947 -0.313119 -0.924603
vn -0.201451 -0.310283 -0.929054
vn -0.170183 -0.332265 -0.927706
vn -0.156434 -0.328041 -0.931621
vn -0.133345 -0.349902 -0.927247
vn -0.120038 -0.344161 -0.931206
vn -0.091814 -0.361846 -0.927706
vn -0.079265 -0.354682 -0.931621
vn -0.046874 -0.366962 -0.929054
vn -0.035436 -0.358550 -0.932838
vn 0.001389 -0.363429 -0.931621
vn -0.009165 -0.373200 -0.927706
vn 0.041175 -0.362160 -0.931206
vn 0.031706 -0.373105 -0.927247
vn 0.074276 -0.365849 -0.927706
vn 0.065140 -0.378983 -0.923108
vn 0.109552 -0.364827 -0.924608
vn -0.185457 -0.336885 -0.923100
vn -0.148121 -0.356199 -0.922596
vn -0.105750 -0.369720 -0.923106
vn -0.059596 -0.376235 -0.924606
vn -0.020915 -0.383984 -0.923103
vn 0.021157 -0.385187 -0.922596
vn 0.147791 -0.355019 -0.923103
vn 0.153683 -0.340213 -0.927705
vn 0.116988 -0.350959 -0.929054
vn 0.082476 -0.353950 -0.931621
vn 0.190467 -0.322389 -0.927247
vn 0.186224 -0.337839 -0.922597
vn 0.223116 -0.313190 -0.923110
vn 0.225652 -0.297394 -0.927706
vn 0.256996 -0.281161 -0.924609
vn 0.257678 -0.265444 -0.929054
vn 0.286096 -0.239819 -0.927705
vn 0.285006 -0.225508 -0.931621
vn 0.308821 -0.193611 -0.931206
vn 0.311490 -0.207813 -0.927247
vn 0.332339 -0.170039 -0.927705
vn 0.336905 -0.185373 -0.923110
vn 0.353537 -0.141812 -0.924608
vn 0.287234 -0.255694 -0.923102
vn 0.314378 -0.223560 -0.922598
vn 0.369753 -0.105680 -0.923100
vn 0.361827 -0.091905 -0.927704
vn 0.347331 -0.127355 -0.929054
vn 0.328152 -0.156202 -0.931621
vn 0.370812 -0.052069 -0.927247
vn 0.380249 -0.064989 -0.922598
vn 0.383975 -0.020831 -0.923108
vn 0.373204 -0.008998 -0.927706
vn 0.380061 0.025621 -0.924607
vn 0.368192 0.035958 -0.929054
vn 0.365889 0.074066 -0.927707
vn 0.354008 0.082225 -0.931621
vn 0.343918 0.120731 -0.931206
vn 0.356700 0.113919 -0.927247
vn 0.326723 0.159169 -0.931621
vn 0.340125 0.153868 -0.927707
vn 0.302420 0.195847 -0.932838
vn 0.316128 0.192150 -0.929054
vn 0.283274 0.227680 -0.931621
vn 0.297471 0.225555 -0.927705
vn 0.271955 0.257396 -0.927247
vn 0.287997 0.256661 -0.922596
vn 0.255795 0.287146 -0.923101
vn 0.378760 0.067192 -0.923053
vn 0.370004 0.109133 -0.922598
vn 0.354014 0.149863 -0.923155
vn 0.331311 0.187984 -0.924605
vn 0.313202 0.223130 -0.923102
vn 0.239769 0.286139 -0.927704
vn 0.216942 0.313119 -0.924604
vn 0.201451 0.310283 -0.929054
vn 0.170180 0.332267 -0.927706
vn 0.156434 0.328041 -0.931621
vn 0.133391 0.349884 -0.927247
vn 0.120038 0.344161 -0.931206
vn 0.091902 0.361828 -0.927704
vn 0.079265 0.354682 -0.931621
vn 0.046874 0.366962 -0.929054
vn 0.035436 0.358550 -0.932838
vn -0.001389 0.363429 -0.931621
vn 0.009157 0.373201 -0.927705
vn -0.031642 0.373110 -0.927247
vn -0.021018 0.385203 -0.922592
vn -0.065030 0.379017 -0.923102
vn 0.185456 0.336889 -0.923099
vn 0.148224 0.356164 -0.922592
vn 0.105935 0.369682 -0.923100
vn 0.059608 0.376242 -0.924602
vn 0.020914 0.383999 -0.923097
vn -0.074227 0.365861 -0.927705
vn -0.109539 0.364847 -0.924601
vn -0.116986 0.350959 -0.929054
vn -0.153673 0.340216 -0.927706
vn -0.158937 0.326836 -0.931621
vn -0.190404 0.322426 -0.927247
vn -0.194233 0.308430 -0.931206
vn -0.225643 0.297402 -0.927705
vn -0.227881 0.283113 -0.931621
vn -0.257677 0.265445 -0.929054
vn -0.258231 0.251257 -0.932838
vn -0.285006 0.225508 -0.931621
vn -0.286066 0.239851 -0.927706
vn -0.311454 0.207867 -0.927247
vn -0.314302 0.223678 -0.922595
vn -0.336917 0.185373 -0.923105
vn -0.147763 0.355046 -0.923097
vn -0.186092 0.337921 -0.922594
vn -0.223093 0.313225 -0.923103
vn -0.256993 0.281184 -0.924603
vn -0.287171 0.255772 -0.923100
vn -0.332342 0.170032 -0.927706
vn -0.353541 0.141824 -0.924605
vn -0.347331 0.127355 -0.929054
vn -0.361803 0.091981 -0.927706
vn -0.354626 0.079516 -0.931621
vn -0.362243 0.040445 -0.931206
vn -0.370805 0.052118 -0.927247
vn -0.373204 0.008994 -0.927706
vn -0.383977 0.020825 -0.923108
vn -0.380058 -0.025623 -0.924608
vn -0.369703 0.105839 -0.923102
vn -0.380236 0.065096 -0.922596
vn -0.379005 -0.065078 -0.923103
vn -0.365881 -0.074121 -0.927705
vn -0.368192 -0.035959 -0.929054
vn -0.363428 -0.001647 -0.931621
vn -0.356690 -0.113950 -0.927247
vn -0.370810 -0.106373 -0.922597
vn -0.354985 -0.147832 -0.923109
vn -0.340150 -0.153819 -0.927706
vn -0.331299 -0.187989 -0.924609
vn -0.316127 -0.192150 -0.929054
vn -0.297472 -0.225553 -0.927705
vn -0.283274 -0.227680 -0.931621
vn -0.257476 -0.257996 -0.931206
vn -0.271917 -0.257436 -0.927247
vn -0.239728 -0.286169 -0.927705
vn -0.255693 -0.287209 -0.923110
vn -0.216926 -0.313117 -0.924609
vn -0.313205 -0.223125 -0.923102
vn -0.287914 -0.256746 -0.922598
vn -0.185316 -0.336962 -0.923101
vn -0.170119 -0.332302 -0.927704
vn -0.201450 -0.310284 -0.929054
vn -0.225306 -0.285166 -0.931621
vn -0.133279 -0.349927 -0.927247
vn -0.147978 -0.356252 -0.922598
vn -0.105753 -0.369712 -0.923109
vn -0.091820 -0.361845 -0.927706
vn -0.059592 -0.376232 -0.924607
vn -0.046873 -0.366962 -0.929054
vn -0.009209 -0.373196 -0.927707
vn 0.001389 -0.363429 -0.931621
vn 0.041175 -0.362160 -0.931206
vn 0.031689 -0.373106 -0.927247
vn 0.082476 -0.353950 -0.931621
vn 0.074325 -0.365836 -0.927707
vn 0.123642 -0.338417 -0.932838
vn 0.116987 -0.350959 -0.929054
vn 0.158937 -0.326836 -0.931621
vn 0.153709 -0.340203 -0.927705
vn 0.190429 -0.322411 -0.927247
vn 0.186145 -0.337886 -0.922596
vn 0.223029 -0.313276 -0.923102
vn -0.018916 -0.384200 -0.923056
vn 0.023872 -0.385023 -0.922598
vn 0.067181 -0.378520 -0.923152
vn 0.109547 -0.364834 -0.924606
vn 0.147846 -0.354999 -0.923102
vn 0.225612 -0.297428 -0.927704
vn 0.256994 -0.281177 -0.924604
vn 0.257677 -0.265444 -0.929054
vn 0.286066 -0.239851 -0.927706
vn 0.285006 -0.225508 -0.931621
vn 0.311428 -0.207906 -0.927247
vn 0.308821 -0.193611 -0.931206
vn 0.332305 -0.170116 -0.927704
vn 0.328152 -0.156202 -0.931621
vn 0.347331 -0.127356 -0.929054
vn 0.341675 -0.114333 -0.932838
vn 0.354626 -0.079516 -0.931621
vn 0.361808 -0.091967 -0.927705
vn 0.362243 -0.040445 -0.931206
vn 0.370804 -0.052125 -0.927247
vn 0.373205 -0.009009 -0.927705
vn 0.383979 -0.020856 -0.923106
vn 0.380060 0.025622 -0.924607
vn 0.287173 -0.255772 -0.923099
vn 0.314248 -0.223765 -0.922593
vn 0.336836 -0.185549 -0.923100
vn 0.353543 -0.141830 -0.924604
vn 0.369714 -0.105813 -0.923101
vn 0.380234 -0.065110 -0.922596
vn 0.368192 0.035959 -0.929054
vn 0.380365 0.045558 -0.923714
vn 0.367174 0.063375 -0.927991
vn 0.350314 0.099511 -0.931331
vn 0.355584 0.071866 -0.931877
vn 0.357445 0.045237 -0.932838
vn 0.363428 0.001647 -0.931621
vn 0.258231 -0.251257 -0.932838
vn 0.227881 -0.283113 -0.931621
vn 0.194233 -0.308430 -0.931206
vn -0.035436 -0.358550 -0.932838
vn -0.079265 -0.354682 -0.931621
vn -0.120038 -0.344161 -0.931206
vn -0.156434 -0.328041 -0.931621
vn -0.187496 -0.307667 -0.932838
vn -0.302420 -0.195847 -0.932838
vn -0.326723 -0.159169 -0.931621
vn -0.343918 -0.120731 -0.931206
vn -0.354008 -0.082225 -0.931621
vn -0.357445 -0.045237 -0.932838
vn -0.341675 0.114333 -0.932838
vn -0.328152 0.156202 -0.931621
vn -0.308821 0.193611 -0.931206
vn -0.123642 0.338417 -0.932838
vn -0.082476 0.353950 -0.931621
vn -0.041175 0.362160 -0.931206
vn 0.187496 0.307667 -0.932838
vn 0.225306 0.285166 -0.931621
vn 0.257476 0.257996 -0.931206
vn 0.357445 0.045237 -0.932838
vn 0.363428 0.001647 -0.931621
vn 0.362243 -0.040445 -0.931206
vn 0.354626 -0.079516 -0.931621
vn 0.341675 -0.114333 -0.932838
vn 0.258231 -0.251257 -0.932838
vn 0.227881 -0.283113 -0.931621
vn 0.194233 -0.308430 -0.931206
vn 0.158937 -0.326836 -0.931621
vn 0.123642 -0.338417 -0.932838
vn -0.187496 -0.307667 -0.932838
vn -0.225306 -0.285166 -0.931621
vn -0.257476 -0.257996 -0.931206
vn -0.357445 -0.045237 -0.932838
vn -0.363428 -0.001647 -0.931621
vn -0.362243 0.040445 -0.931206
vn -0.354626 0.079516 -0.931621
vn -0.341675 0.114333 -0.932838
vn -0.941426 -0.337221 -0.000000
vn -0.932556 -0.361025 -0.000000
vn -0.883508 -0.468416 -0.000000
vn -0.886434 -0.462854 -0.000000
vn -0.829236 -0.558899 -0.000000
vn -0.967204 -0.253999 -0.000000
vn -0.979981 -0.199090 -0.000000
vn -0.989613 -0.143759 -0.000000
vn -0.998382 -0.056865 -0.000000
vn -0.999475 -0.032408 -0.000000
vn -0.996249 0.086530 -0.000000
vn -0.826567 -0.562838 -0.000000
vn -0.761215 -0.648500 -0.000000
vn -0.759148 -0.650918 -0.000000
vn -0.683561 -0.729893 -0.000000
vn -0.682403 -0.730976 -0.000000
vn -0.597825 -0.801627 -0.000000
vn -0.597825 -0.801627 -0.000000
vn -0.504618 -0.863343 -0.000000
vn -0.504618 -0.863343 -0.000000
vn -0.404458 -0.914557 -0.000000
vn -0.404458 -0.914557 -0.000000
vn -0.299179 -0.954197 -0.000000
vn -0.299179 -0.954197 -0.000000
vn -0.190809 -0.981627 -0.000000
vn -0.190809 -0.981627 -0.000000
vn -0.080055 -0.996790 -0.000000
vn -0.080055 -0.996790 -0.000000
vn 0.032408 -0.999475 -0.000000
vn 0.032408 -0.999475 -0.000000
vn 0.144460 -0.989511 -0.000000
vn 0.144460 -0.989511 -0.000000
vn 0.253999 -0.967204 -0.000000
vn 0.253999 -0.967204 -0.000000
vn 0.360364 -0.932812 -0.000000
vn 0.360364 -0.932812 -0.000000
vn 0.462854 -0.886434 -0.000000
vn 0.462854 -0.886434 -0.000000
vn 0.559487 -0.828839 -0.000000
vn 0.559487 -0.828839 -0.000000
vn 0.648500 -0.761215 -0.000000
vn 0.648500 -0.761215 -0.000000
vn 0.729409 -0.684078 -0.000000
vn 0.729409 -0.684078 -0.000000
vn 0.801627 -0.597825 -0.000000
vn 0.801627 -0.597825 -0.000000
vn 0.863700 -0.504006 -0.000000
vn 0.863700 -0.504006 -0.000000
vn 0.914557 -0.404458 -0.000000
vn 0.914557 -0.404458 -0.000000
vn 0.953985 -0.299855 -0.000000
vn 0.953985 -0.299855 -0.000000
vn 0.981627 -0.190809 -0.000000
vn 0.981627 -0.190809 -0.000000
vn 0.996847 -0.079349 0.000000
vn 0.996847 -0.079349 0.000000
vn 0.999475 0.032408 0.000000
vn 0.999475 0.032408 0.000000
vn 0.989613 0.143759 0.000000
vn 0.989613 0.143759 0.000000
vn 0.967204 0.253999 0.000000
vn 0.967204 0.253999 0.000000
vn 0.932556 0.361025 0.000000
vn 0.932556 0.361025 0.000000
vn 0.886434 0.462854 0.000000
vn 0.886434 0.462854 0.000000
vn 0.829236 0.558899 0.000000
vn 0.829236 0.558899 0.000000
vn 0.761215 0.648500 0.000000
vn 0.761215 0.648500 0.000000
vn 0.683561 0.729893 0.000000
vn 0.683561 0.729893 0.000000
vn 0.597825 0.801627 0.000000
vn 0.597825 0.801627 0.000000
vn 0.504618 0.863343 0.000000
vn 0.504618 0.863343 0.000000
vn 0.404458 0.914557 0.000000
vn 0.404458 0.914557 0.000000
vn 0.299179 0.954197 0.000000
vn 0.299179 0.954197 0.000000
vn 0.190809 0.981627 0.000000
vn 0.190809 0.981627 0.000000
vn 0.080055 0.996790 0.000000
vn 0.080055 0.996790 0.000000
vn -0.032408 0.999475 0.000000
vn -0.032408 0.999475 0.000000
vn -0.144460 0.989511 0.000000
vn -0.144460 0.989511 0.000000
vn -0.253999 0.967204 0.000000
vn -0.253999 0.967204 0.000000
vn -0.360364 0.932812 0.000000
vn -0.360364 0.932812 0.000000
vn -0.462854 0.886434 0.000000
vn -0.462854 0.886434 0.000000
vn -0.559487 0.828839 0.000000
vn -0.559487 0.828839 0.000000
vn -0.648500 0.761215 0.000000
vn -0.648500 0.761215 0.000000
vn -0.729409 0.684078 0.000000
vn -0.729409 0.684078 0.000000
vn -0.801627 0.597825 0.000000
vn -0.801627 0.597825 0.000000
vn -0.863700 0.504006 0.000000
vn -0.863700 0.504006 0.000000
vn -0.914557 0.404458 0.000000
vn -0.914557 0.404458 0.000000
vn -0.953985 0.299855 0.000000
vn -0.953985 0.299855 0.000000
vn -0.981627 0.190809 0.000000
vn -0.981627 0.190809 0.000000
vn -0.996847 0.079349 -0.000000
vn -0.996847 0.079349 -0.000000
vn -0.999475 -0.032408 -0.000000
vn -0.999475 -0.032408 -0.000000
vn -0.989613 -0.143759 -0.000000
vn -0.989613 -0.143759 -0.000000
vn -0.967204 -0.253999 -0.000000
vn -0.967204 -0.253999 -0.000000
vn -0.932556 -0.361025 -0.000000
vn -0.932556 -0.361025 -0.000000
vn -0.886434 -0.462854 -0.000000
vn -0.886434 -0.462854 -0.000000
vn -0.829236 -0.558899 -0.000000
vn -0.829236 -0.558899 -0.000000
vn -0.761215 -0.648500 -0.000000
vn -0.761215 -0.648500 -0.000000
vn -0.683561 -0.729893 -0.000000
vn -0.683561 -0.729893 -0.000000
vn -0.597825 -0.801627 -0.000000
vn -0.597825 -0.801627 -0.000000
vn -0.504618 -0.863343 -0.000000
vn -0.504618 -0.863343 -0.000000
vn -0.404458 -0.914557 -0.000000
vn -0.404458 -0.914557 -0.000000
vn -0.299179 -0.954197 -0.000000
vn -0.299179 -0.954197 -0.000000
vn -0.190809 -0.981627 -0.000000
vn -0.190809 -0.981627 -0.000000
vn -0.080055 -0.996790 -0.000000
vn -0.080055 -0.996790 -0.000000
vn 0.032408 -0.999475 -0.000000
vn 0.032408 -0.999475 -0.000000
vn 0.144460 -0.989511 -0.000000
vn 0.144460 -0.989511 -0.000000
vn 0.253999 -0.967204 -0.000000
vn 0.253999 -0.967204 -0.000000
vn 0.360364 -0.932812 -0.000000
vn 0.360364 -0.932812 -0.000000
vn 0.462854 -0.886434 -0.000000
vn 0.462854 -0.886434 -0.000000
vn 0.559487 -0.828839 -0.000000
vn 0.559487 -0.828839 -0.000000
vn 0.648500 -0.761215 -0.000000
vn 0.648500 -0.761215 -0.000000
vn 0.729409 -0.684078 -0.000000
vn 0.729409 -0.684078 -0.000000
vn 0.801627 -0.597825 -0.000000
vn 0.801627 -0.597825 -0.000000
vn 0.863700 -0.504006 -0.000000
vn 0.863700 -0.504006 -0.000000
vn 0.914557 -0.404458 -0.000000
vn 0.914557 -0.404458 -0.000000
vn 0.953985 -0.299855 -0.000000
vn 0.953985 -0.299855 -0.000000
vn 0.981627 -0.190809 -0.000000
vn 0.981627 -0.190809 -0.000000
vn 0.996847 -0.079349 0.000000
vn 0.996847 -0.079349 0.000000
vn 0.999475 0.032408 0.000000
vn 0.999475 0.032408 0.000000
vn 0.989613 0.143759 0.000000
vn 0.989613 0.143759 0.000000
vn 0.967204 0.253999 0.000000
vn 0.967204 0.253999 0.000000
vn 0.932556 0.361025 0.000000
vn 0.932556 0.361025 0.000000
vn 0.886434 0.462854 0.000000
vn 0.886434 0.462854 0.000000
vn 0.829236 0.558899 0.000000
vn 0.829236 0.558899 0.000000
vn 0.761215 0.648500 0.000000
vn 0.761215 0.648500 0.000000
vn 0.683561 0.729893 0.000000
vn 0.683561 0.729893 0.000000
vn 0.597825 0.801627 0.000000
vn 0.597825 0.801627 0.000000
vn 0.530946 0.847405 0.000000
vn 0.504618 0.863343 0.000000
vn 0.460159 0.887836 0.000000
vn 0.404458 0.914557 0.000000
vn 0.328845 0.944384 0.000000
vn 0.299179 0.954197 0.000000
vn 0.190809 0.981627 0.000000
vn 0.190809 0.981627 0.000000
vn 0.049290 0.998785 0.000000
vn 0.048873 0.998805 0.000000
vn -0.094063 0.995566 0.000000
vn -0.007094 -0.385626 0.922628
vn -0.040437 -0.382418 0.923104
vn -0.048625 -0.370225 0.927669
vn -0.071312 -0.364915 0.928306
vn -0.057586 -0.358929 0.931587
vn -0.099103 -0.346638 0.932749
vn -0.006262 -0.374396 0.927248
vn -0.016470 -0.364120 0.931206
vn 0.033919 -0.371733 0.927720
vn 0.022698 -0.362692 0.931633
vn 0.070547 -0.363155 0.929054
vn 0.058589 -0.355501 0.932838
vn 0.102075 -0.348803 0.931621
vn 0.115063 -0.355138 0.927706
vn 0.142081 -0.335661 0.931206
vn 0.155707 -0.340540 0.927247
vn 0.191350 -0.320542 0.927706
vn 0.206884 -0.324161 0.923103
vn 0.236765 -0.298407 0.924606
vn 0.221128 -0.296582 0.929054
vn 0.257756 -0.270045 0.927706
vn 0.243306 -0.269971 0.931621
vn 0.273648 -0.240774 0.931206
vn 0.177357 -0.317218 0.931621
vn 0.207033 -0.294875 0.932838
vn 0.297429 -0.208851 0.931621
vn 0.311478 -0.205775 0.927706
vn 0.288061 -0.239235 0.927247
vn 0.273763 -0.270055 0.923106
vn 0.314472 -0.175845 0.932838
vn 0.327912 -0.171266 0.929054
vn 0.327052 -0.202294 0.923100
vn 0.342801 -0.166123 0.924603
vn 0.349404 -0.131452 0.927705
vn 0.363840 -0.124499 0.923104
vn 0.363339 -0.090539 0.927247
vn 0.376959 -0.081988 0.922594
vn 0.369915 -0.050256 0.927706
vn 0.382442 -0.040362 0.923098
vn 0.369748 -0.012030 0.929054
vn 0.380935 -0.000931 0.924601
vn 0.371836 0.033198 0.927705
vn 0.381823 0.045759 0.923102
vn 0.366638 0.076086 0.927247
vn 0.375199 0.089716 0.922593
vn 0.355088 0.115217 0.927705
vn 0.362085 0.129566 0.923096
vn 0.338351 0.149589 0.929054
vn 0.343614 0.164441 0.924602
vn 0.320591 0.191278 0.927704
vn 0.324118 0.206964 0.923100
vn 0.297309 0.227640 0.927247
vn 0.299099 0.243645 0.922592
vn 0.269930 0.257877 0.927706
vn 0.270005 0.273837 0.923098
vn 0.239940 0.281580 0.929054
vn 0.238239 0.297237 0.924604
vn 0.205958 0.311355 0.927707
vn 0.200518 0.328270 0.923056
vn 0.169150 0.334067 0.927247
vn 0.161385 0.350385 0.922597
vn 0.131263 0.349471 0.927707
vn 0.122637 0.364353 0.923151
vn 0.094006 0.357800 0.929054
vn 0.085683 0.371165 0.924605
vn 0.050374 0.369901 0.927705
vn 0.040347 0.382433 0.923102
vn 0.007460 0.374375 0.927247
vn -0.003859 0.385749 0.922596
vn -0.045638 0.381839 0.923101
vn -0.033270 0.371830 0.927704
vn -0.083841 0.371582 0.924606
vn -0.070547 0.363155 0.929054
vn -0.115065 0.355137 0.927706
vn -0.102075 0.348803 0.931621
vn -0.155664 0.340560 0.927247
vn -0.142081 0.335661 0.931206
vn -0.191283 0.320588 0.927704
vn -0.177357 0.317218 0.931621
vn -0.221128 0.296582 0.929054
vn -0.207033 0.294875 0.932838
vn -0.243306 0.269971 0.931621
vn 0.336348 -0.137669 0.931621
vn 0.351017 -0.098198 0.931206
vn 0.358591 -0.059119 0.931621
vn 0.359625 -0.021986 0.932838
vn 0.362771 0.021900 0.931621
vn 0.358862 0.063827 0.931206
vn 0.348730 0.102322 0.931621
vn 0.333551 0.136226 0.932838
vn 0.317343 0.177132 0.931621
vn 0.295630 0.213210 0.931206
vn 0.269799 0.243498 0.931621
vn 0.241412 0.267458 0.932838
vn 0.209062 0.297281 0.931621
vn 0.173845 0.320365 0.931206
vn 0.137431 0.336445 0.931621
vn 0.101459 0.345716 0.932838
vn 0.059373 0.358549 0.931621
vn 0.017628 0.364067 0.931206
vn -0.022157 0.362756 0.931621
vn -0.058589 0.355501 0.932838
vn -0.257763 0.270038 0.927705
vn -0.273648 0.240774 0.931206
vn -0.288021 0.239283 0.927247
vn -0.311455 0.205816 0.927705
vn -0.326993 0.202383 0.923102
vn -0.342780 0.166132 0.924609
vn -0.327911 0.171268 0.929054
vn -0.349401 0.131459 0.927706
vn -0.336348 0.137669 0.931621
vn -0.351017 0.098198 0.931206
vn -0.297429 0.208851 0.931621
vn -0.314472 0.175845 0.932838
vn -0.358591 0.059119 0.931621
vn -0.369914 0.050268 0.927705
vn -0.363322 0.090607 0.927247
vn -0.363816 0.124523 0.923110
vn -0.369748 0.012031 0.929054
vn -0.359625 0.021986 0.932838
vn -0.362771 -0.021900 0.931621
vn -0.371838 -0.033153 0.927706
vn -0.358862 -0.063827 0.931206
vn -0.366651 -0.076023 0.927247
vn -0.355085 -0.115224 0.927706
vn -0.362070 -0.129562 0.923103
vn -0.343610 -0.164426 0.924606
vn -0.338351 -0.149588 0.929054
vn -0.320630 -0.191203 0.927706
vn -0.317343 -0.177132 0.931621
vn -0.295630 -0.213210 0.931206
vn -0.348730 -0.102322 0.931621
vn -0.333551 -0.136226 0.932838
vn -0.269799 -0.243498 0.931621
vn -0.269926 -0.257880 0.927706
vn -0.297338 -0.227602 0.927247
vn -0.324202 -0.206805 0.923106
vn -0.241412 -0.267458 0.932838
vn -0.239940 -0.281580 0.929054
vn -0.269997 -0.273837 0.923101
vn -0.238238 -0.297240 0.924603
vn -0.205907 -0.311392 0.927705
vn -0.202343 -0.327011 0.923104
vn -0.169120 -0.334082 0.927247
vn -0.163817 -0.349262 0.922594
vn -0.131309 -0.349457 0.927706
vn -0.124451 -0.363871 0.923098
vn -0.094005 -0.357801 0.929054
vn -0.085674 -0.371177 0.924601
vn -0.050380 -0.369900 0.927705
vn -0.040360 -0.382431 0.923102
vn -0.007407 -0.374376 0.927247
vn 0.003974 -0.385755 0.922593
vn 0.033314 -0.371824 0.927705
vn 0.045747 -0.381838 0.923096
vn 0.070548 -0.363154 0.929054
vn 0.083857 -0.371591 0.924602
vn 0.115140 -0.355117 0.927704
vn 0.129645 -0.362047 0.923100
vn 0.155773 -0.340510 0.927247
vn 0.170978 -0.345818 0.922592
vn 0.191345 -0.320545 0.927706
vn 0.206889 -0.324171 0.923098
vn 0.221128 -0.296581 0.929054
vn 0.236772 -0.298407 0.924604
vn 0.257719 -0.270077 0.927707
vn 0.275306 -0.268643 0.923059
vn 0.288052 -0.239246 0.927247
vn 0.305574 -0.235458 0.922596
vn 0.311501 -0.205737 0.927707
vn 0.327867 -0.200758 0.923146
vn 0.327911 -0.171267 0.929054
vn 0.342793 -0.166126 0.924605
vn 0.349419 -0.131418 0.927705
vn 0.363869 -0.124429 0.923102
vn 0.363329 -0.090577 0.927247
vn 0.376938 -0.082070 0.922596
vn 0.382421 -0.040471 0.923102
vn 0.369911 -0.050302 0.927704
vn 0.380923 -0.000945 0.924606
vn 0.369748 -0.012031 0.929054
vn 0.371838 0.033153 0.927706
vn 0.362771 0.021900 0.931621
vn 0.366661 0.075977 0.927247
vn 0.358862 0.063827 0.931206
vn 0.355116 0.115146 0.927704
vn 0.348730 0.102322 0.931621
vn 0.338352 0.149588 0.929054
vn 0.333551 0.136226 0.932838
vn 0.317343 0.177132 0.931621
vn -0.209062 -0.297281 0.931621
vn -0.173845 -0.320365 0.931206
vn -0.137431 -0.336445 0.931621
vn -0.101459 -0.345716 0.932838
vn -0.059373 -0.358549 0.931621
vn -0.017628 -0.364067 0.931206
vn 0.022157 -0.362756 0.931621
vn 0.058589 -0.355501 0.932838
vn 0.102075 -0.348803 0.931621
vn 0.142081 -0.335661 0.931206
vn 0.177357 -0.317218 0.931621
vn 0.207033 -0.294875 0.932838
vn 0.243306 -0.269971 0.931621
vn 0.273648 -0.240774 0.931206
vn 0.297429 -0.208851 0.931621
vn 0.314472 -0.175845 0.932838
vn 0.336348 -0.137669 0.931621
vn 0.351017 -0.098198 0.931206
vn 0.358591 -0.059119 0.931621
vn 0.359625 -0.021986 0.932838
vn 0.320626 0.191211 0.927705
vn 0.295630 0.213210 0.931206
vn 0.297375 0.227554 0.927247
vn 0.269964 0.257845 0.927704
vn 0.270077 0.273755 0.923102
vn 0.238242 0.297218 0.924609
vn 0.239941 0.281579 0.929054
vn 0.205912 0.311388 0.927705
vn 0.209062 0.297281 0.931621
vn 0.173845 0.320365 0.931206
vn 0.269799 0.243498 0.931621
vn 0.241412 0.267458 0.932838
vn 0.137431 0.336445 0.931621
vn 0.131324 0.349453 0.927705
vn 0.169184 0.334050 0.927247
vn 0.202357 0.326986 0.923110
vn 0.094006 0.357800 0.929054
vn 0.101459 0.345716 0.932838
vn 0.059373 0.358549 0.931621
vn 0.050420 0.369892 0.927706
vn 0.017628 0.364067 0.931206
vn 0.007473 0.374375 0.927247
vn -0.033320 0.371823 0.927706
vn -0.045743 0.381823 0.923103
vn -0.083843 0.371583 0.924606
vn -0.070547 0.363155 0.929054
vn -0.115061 0.355138 0.927706
vn -0.102075 0.348803 0.931621
vn -0.142081 0.335661 0.931206
vn -0.022157 0.362756 0.931621
vn -0.058589 0.355501 0.932838
vn -0.177357 0.317218 0.931621
vn -0.191350 0.320542 0.927706
vn -0.155729 0.340531 0.927247
vn -0.129477 0.362092 0.923106
vn -0.207033 0.294875 0.932838
vn -0.221128 0.296581 0.929054
vn -0.206891 0.324162 0.923101
vn -0.236774 0.298407 0.924603
vn -0.253367 0.273743 0.927831
vn -0.269349 0.273992 0.923244
vn -0.280881 0.247510 0.927278
vn -0.296883 0.246201 0.922630
vn -0.319002 0.216104 0.922787
vn -0.303254 0.218926 0.927420
vn -0.335602 0.184728 0.923714
vn -0.287528 0.223495 0.931331
vn -0.252254 0.262327 0.931425
vn -0.170876 0.345859 0.922596
vn -0.003831 0.385749 0.922596
vn 0.040451 0.382406 0.923108
vn 0.085689 0.371156 0.924608
vn 0.124490 0.363845 0.923103
vn 0.163952 0.349191 0.922597
vn 0.299238 0.243453 0.922598
vn 0.324189 0.206809 0.923110
vn 0.343608 0.164418 0.924608
vn 0.362135 0.129399 0.923100
vn 0.375243 0.089478 0.922598
vn 0.381821 0.045657 0.923108
vn -0.299161 -0.243558 0.922596
vn -0.375223 -0.089578 0.922596
vn -0.381821 -0.045656 0.923108
vn -0.380919 0.000950 0.924608
vn -0.382424 0.040401 0.923103
vn -0.376919 0.082136 0.922597
vn -0.303937 0.237560 0.922598
vn -0.273762 0.270041 0.923110
vn -0.236755 0.298407 0.924608
vn -0.206743 0.324258 0.923100
vn -0.170737 0.345922 0.922598
vn -0.129478 0.362087 0.923108
vn 0.304025 -0.237459 0.922595
vn 0.170832 -0.345880 0.922596
vn 0.129474 -0.362089 0.923108
vn 0.083837 -0.371580 0.924608
vn 0.055644 -0.379815 0.923387
vn 0.025138 -0.384645 0.922722
vn -0.385632 0.006997 0.922626
vn -0.382418 0.040437 0.923104
vn -0.370225 0.048625 0.927669
vn -0.364915 0.071312 0.928306
vn -0.358929 0.057586 0.931587
vn -0.346638 0.099103 0.932749
vn -0.374396 0.006262 0.927248
vn -0.364120 0.016470 0.931206
vn -0.371733 -0.033919 0.927720
vn -0.362692 -0.022698 0.931633
vn -0.355501 -0.058589 0.932838
vn -0.363155 -0.070548 0.929054
vn -0.348803 -0.102075 0.931621
vn -0.355122 -0.115120 0.927704
vn -0.335661 -0.142081 0.931206
vn -0.340530 -0.155729 0.927247
vn -0.320566 -0.191315 0.927705
vn -0.324211 -0.206809 0.923102
vn -0.298407 -0.236766 0.924605
vn -0.296582 -0.221128 0.929054
vn -0.271540 -0.272126 0.923154
vn -0.270077 -0.257719 0.927707
vn -0.239753 -0.302211 0.922598
vn -0.239246 -0.288052 0.927247
vn -0.204151 -0.326028 0.923054
vn -0.205737 -0.311501 0.927707
vn -0.166129 -0.342788 0.924607
vn -0.171267 -0.327911 0.929054
vn -0.131461 -0.349400 0.927706
vn -0.137669 -0.336348 0.931621
vn -0.090630 -0.363316 0.927247
vn -0.098198 -0.351017 0.931206
vn -0.050327 -0.369909 0.927704
vn -0.059119 -0.358591 0.931621
vn -0.012031 -0.369748 0.929054
vn -0.021986 -0.359625 0.932838
vn 0.021900 -0.362771 0.931621
vn -0.317218 -0.177357 0.931621
vn -0.294875 -0.207033 0.932838
vn -0.269971 -0.243306 0.931621
vn -0.240774 -0.273648 0.931206
vn -0.208851 -0.297429 0.931621
vn -0.175845 -0.314472 0.932838
vn 0.033161 -0.371837 0.927705
vn 0.063827 -0.358862 0.931206
vn 0.075996 -0.366657 0.927247
vn 0.115187 -0.355100 0.927705
vn 0.129482 -0.362101 0.923102
vn 0.164415 -0.343607 0.924609
vn 0.149588 -0.338352 0.929054
vn 0.191208 -0.320627 0.927706
vn 0.177132 -0.317343 0.931621
vn 0.213210 -0.295630 0.931206
vn 0.102322 -0.348730 0.931621
vn 0.136226 -0.333551 0.932838
vn 0.243498 -0.269799 0.931621
vn 0.257871 -0.269936 0.927705
vn 0.227566 -0.297366 0.927247
vn 0.206803 -0.324193 0.923110
vn 0.281579 -0.239940 0.929054
vn 0.267458 -0.241412 0.932838
vn 0.297281 -0.209062 0.931621
vn 0.311384 -0.205918 0.927706
vn 0.320365 -0.173845 0.931206
vn 0.334061 -0.169162 0.927247
vn 0.349458 -0.131305 0.927706
vn 0.363860 -0.124449 0.923103
vn 0.357800 -0.094006 0.929054
vn 0.371165 -0.085683 0.924605
vn 0.369892 -0.050421 0.927706
vn 0.382413 -0.040448 0.923106
vn 0.374376 -0.007437 0.927247
vn 0.385749 0.003907 0.922595
vn 0.371822 0.033322 0.927706
vn 0.381828 0.045754 0.923100
vn 0.363154 0.070548 0.929054
vn 0.371589 0.083854 0.924603
vn 0.355134 0.115078 0.927705
vn 0.362084 0.129517 0.923104
vn 0.340519 0.155753 0.927247
vn 0.345836 0.170931 0.922594
vn 0.320545 0.191346 0.927706
vn 0.324171 0.206892 0.923097
vn 0.296581 0.221129 0.929054
vn 0.298407 0.236781 0.924601
vn 0.270013 0.257793 0.927705
vn 0.269987 0.273843 0.923102
vn 0.239210 0.288082 0.927247
vn 0.237404 0.304076 0.922593
vn 0.205782 0.311474 0.927705
vn 0.202306 0.327055 0.923097
vn 0.171266 0.327912 0.929054
vn 0.166121 0.342804 0.924602
vn 0.131385 0.349433 0.927704
vn 0.124360 0.363897 0.923100
vn 0.090513 0.363345 0.927247
vn 0.081931 0.376975 0.922592
vn 0.050255 0.369915 0.927706
vn 0.040362 0.382439 0.923099
vn 0.012031 0.369748 0.929054
vn 0.000939 0.380928 0.924604
vn -0.033211 0.371835 0.927704
vn -0.045787 0.381821 0.923101
vn -0.076051 0.366645 0.927247
vn -0.089635 0.375211 0.922596
vn -0.129482 0.362101 0.923102
vn -0.115187 0.355100 0.927705
vn -0.164428 0.343611 0.924605
vn -0.149588 0.338351 0.929054
vn -0.204833 0.325312 0.923155
vn -0.191159 0.320653 0.927707
vn -0.241231 0.301033 0.922598
vn -0.227593 0.297345 0.927247
vn -0.272392 0.271619 0.923052
vn -0.257910 0.269894 0.927707
vn -0.297227 0.238241 0.924607
vn -0.281579 0.239940 0.929054
vn -0.311387 0.205914 0.927706
vn -0.297281 0.209062 0.931621
vn -0.334039 0.169204 0.927247
vn -0.320365 0.173845 0.931206
vn -0.349435 0.131381 0.927704
vn -0.336445 0.137431 0.931621
vn -0.357800 0.094006 0.929054
vn -0.345716 0.101459 0.932838
vn -0.358549 0.059373 0.931621
vn 0.336445 -0.137431 0.931621
vn 0.345716 -0.101459 0.932838
vn 0.358549 -0.059373 0.931621
vn 0.364067 -0.017628 0.931206
vn 0.362756 0.022157 0.931621
vn 0.355501 0.058589 0.932838
vn 0.348803 0.102075 0.931621
vn 0.335661 0.142081 0.931206
vn 0.317218 0.177357 0.931621
vn 0.294875 0.207033 0.932838
vn 0.269971 0.243306 0.931621
vn 0.240774 0.273648 0.931206
vn 0.208851 0.297429 0.931621
vn 0.175845 0.314472 0.932838
vn 0.137669 0.336348 0.931621
vn 0.098198 0.351017 0.931206
vn 0.059119 0.358591 0.931621
vn 0.021986 0.359625 0.932838
vn -0.021900 0.362771 0.931621
vn -0.063827 0.358862 0.931206
vn -0.102322 0.348730 0.931621
vn -0.136226 0.333551 0.932838
vn -0.177132 0.317343 0.931621
vn -0.213210 0.295630 0.931206
vn -0.243498 0.269799 0.931621
vn -0.267458 0.241412 0.932838
vn -0.369894 0.050412 0.927705
vn -0.364067 0.017628 0.931206
vn -0.374374 0.007500 0.927247
vn -0.371829 -0.033278 0.927705
vn -0.381836 -0.045653 0.923102
vn -0.371578 -0.083833 0.924609
vn -0.363155 -0.070547 0.929054
vn -0.355136 -0.115068 0.927706
vn -0.348803 -0.102075 0.931621
vn -0.335661 -0.142081 0.931206
vn -0.362756 -0.022157 0.931621
vn -0.355501 -0.058589 0.932838
vn -0.317218 -0.177357 0.931621
vn -0.320551 -0.191337 0.927705
vn -0.340549 -0.155688 0.927247
vn -0.362082 -0.129479 0.923110
vn -0.296582 -0.221128 0.929054
vn -0.294875 -0.207033 0.932838
vn -0.269971 -0.243306 0.931621
vn -0.270044 -0.257757 0.927706
vn -0.240774 -0.273648 0.931206
vn -0.239259 -0.288041 0.927247
vn -0.205776 -0.311478 0.927706
vn -0.202297 -0.327043 0.923103
vn -0.166127 -0.342792 0.924606
vn -0.171267 -0.327911 0.929054
vn -0.131466 -0.349398 0.927706
vn -0.137669 -0.336348 0.931621
vn -0.098198 -0.351017 0.931206
vn -0.208851 -0.297429 0.931621
vn -0.175845 -0.314472 0.932838
vn -0.059119 -0.358591 0.931621
vn -0.050252 -0.369915 0.927706
vn -0.090560 -0.363334 0.927247
vn -0.124530 -0.363824 0.923106
vn -0.021986 -0.359625 0.932838
vn -0.012030 -0.369748 0.929054
vn -0.040358 -0.382435 0.923100
vn -0.000936 -0.380931 0.924603
vn 0.033166 -0.371837 0.927705
vn 0.045692 -0.381827 0.923104
vn 0.076074 -0.366640 0.927247
vn 0.089685 -0.375202 0.922594
vn 0.115221 -0.355087 0.927706
vn 0.129570 -0.362080 0.923098
vn 0.149589 -0.338351 0.929054
vn 0.164442 -0.343614 0.924601
vn 0.191242 -0.320609 0.927705
vn 0.206891 -0.324158 0.923102
vn 0.227629 -0.297317 0.927247
vn 0.243622 -0.299117 0.922593
vn 0.257874 -0.269932 0.927705
vn 0.273838 -0.270011 0.923096
vn 0.281580 -0.239939 0.929054
vn 0.297244 -0.238237 0.924602
vn 0.311434 -0.205850 0.927704
vn 0.327096 -0.202223 0.923100
vn 0.334094 -0.169097 0.927247
vn 0.349291 -0.163766 0.922592
vn 0.349457 -0.131310 0.927706
vn 0.363869 -0.124452 0.923098
vn 0.357800 -0.094005 0.929054
vn 0.371169 -0.085679 0.924604
vn 0.369883 -0.050470 0.927707
vn 0.382769 -0.038185 0.923055
vn 0.374375 -0.007452 0.927247
vn 0.385707 0.006682 0.922597
vn 0.371816 0.033366 0.927707
vn 0.381473 0.047636 0.923152
vn 0.363155 0.070547 0.929054
vn 0.371584 0.083845 0.924605
vn 0.355126 0.115108 0.927705
vn 0.362066 0.129578 0.923102
vn 0.340538 0.155713 0.927247
vn 0.345875 0.170845 0.922596
vn 0.324224 0.206790 0.923101
vn 0.320572 0.191306 0.927704
vn 0.298407 0.236763 0.924606
vn 0.296582 0.221128 0.929054
vn 0.273727 0.253386 0.927830
vn 0.262327 0.252254 0.931425
vn 0.247497 0.280893 0.927278
vn 0.223495 0.287528 0.931331
vn 0.218920 0.303258 0.927420
vn 0.184728 0.335602 0.923714
vn 0.216089 0.319012 0.922788
vn 0.021900 -0.362771 0.931621
vn 0.063827 -0.358862 0.931206
vn 0.102322 -0.348730 0.931621
vn 0.136226 -0.333551 0.932838
vn 0.177132 -0.317343 0.931621
vn 0.213210 -0.295630 0.931206
vn 0.243498 -0.269799 0.931621
vn 0.267458 -0.241412 0.932838
vn 0.297281 -0.209062 0.931621
vn 0.320365 -0.173845 0.931206
vn 0.336445 -0.137431 0.931621
vn 0.345716 -0.101459 0.932838
vn 0.358549 -0.059373 0.931621
vn 0.364067 -0.017628 0.931206
vn 0.362756 0.022157 0.931621
vn 0.355501 0.058589 0.932838
vn 0.348803 0.102075 0.931621
vn 0.335661 0.142081 0.931206
vn 0.317218 0.177357 0.931621
vn 0.294875 0.207033 0.932838
vn 0.246174 0.296907 0.922629
vn 0.273959 0.269384 0.923243
vn -0.082035 -0.376945 0.922596
vn -0.237509 -0.303984 0.922596
vn -0.270054 -0.273756 0.923108
vn -0.298407 -0.236756 0.924608
vn -0.324179 -0.206853 0.923103
vn -0.345898 -0.170790 0.922597
vn -0.385744 -0.003771 0.922598
vn -0.382404 0.040439 0.923110
vn -0.371156 0.085689 0.924608
vn -0.363811 0.124608 0.923100
vn -0.349168 0.163996 0.922598
vn -0.326988 0.202361 0.923108
vn 0.349217 -0.163905 0.922596
vn 0.326986 -0.202367 0.923108
vn 0.297223 -0.238242 0.924608
vn 0.273807 -0.270018 0.923103
vn 0.243481 -0.299219 0.922597
vn 0.089516 -0.375233 0.922598
vn 0.045668 -0.381815 0.923110
vn -0.000951 -0.380918 0.924608
vn -0.040523 -0.382418 0.923100
vn -0.082184 -0.376906 0.922598
vn -0.124525 -0.363819 0.923108
vn -0.345859 -0.170878 0.922596
vn -0.362060 -0.129602 0.923101
vn -0.371586 -0.083848 0.924604
vn -0.379832 -0.055618 0.923382
vn -0.384649 -0.025188 0.922719
usemtl Brass_-_Polished
f 2/1/1 158/2/2 1/3/3
f 1/3/3 158/2/2 159/4/4
f 1/3/3 159/4/4 63/5/5
f 63/5/5 159/4/4 160/6/6
f 63/5/5 160/6/6 161/7/7
f 3/8/8 156/9/9 2/1/1
f 2/1/1 156/9/9 157/10/10
f 2/1/1 157/10/10 158/2/2
f 4/11/11 154/12/12 3/8/8
f 3/8/8 154/12/12 155/13/13
f 3/8/8 155/13/13 156/9/9
f 154/12/12 4/11/11 153/14/14
f 153/14/14 4/11/11 5/15/15
f 153/14/14 5/15/15 152/16/16
f 152/16/16 5/15/15 6/17/17
f 152/16/16 6/17/17 151/18/18
f 151/18/18 6/17/17 7/19/19
f 151/18/18 7/19/19 150/20/20
f 150/20/20 7/19/19 8/21/21
f 150/20/20 8/21/21 215/22/22
f 215/22/22 8/21/21 9/23/23
f 215/22/22 9/23/23 10/24/24
f 215/22/22 10/24/24 133/25/25
f 133/25/25 10/24/24 11/26/26
f 133/25/25 11/26/26 132/27/27
f 132/27/27 11/26/26 12/28/28
f 132/27/27 12/28/28 131/29/29
f 131/29/29 12/28/28 13/30/30
f 131/29/29 13/30/30 130/31/31
f 130/31/31 13/30/30 14/32/32
f 130/31/31 14/32/32 129/33/33
f 129/33/33 14/32/32 15/34/34
f 129/33/33 15/34/34 128/35/35
f 128/35/35 15/34/34 127/36/36
f 127/36/36 15/34/34 16/37/37
f 127/36/36 16/37/37 126/38/38
f 126/38/38 16/37/37 125/39/39
f 125/39/39 16/37/37 17/40/40
f 125/39/39 17/40/40 124/41/41
f 124/41/41 17/40/40 123/42/42
f 123/42/42 17/40/40 18/43/43
f 123/42/42 18/43/43 122/44/44
f 122/44/44 18/43/43 19/45/45
f 122/44/44 19/45/45 121/46/46
f 121/46/46 19/45/45 120/47/47
f 120/47/47 19/45/45 20/48/48
f 120/47/47 20/48/48 119/49/49
f 119/49/49 20/48/48 21/50/50
f 119/49/49 21/50/50 118/51/51
f 118/51/51 21/50/50 22/52/52
f 118/51/51 22/52/52 144/53/53
f 144/53/53 22/52/52 23/54/54
f 144/53/53 23/54/54 143/55/55
f 143/55/55 23/54/54 24/56/56
f 143/55/55 24/56/56 202/57/57
f 202/57/57 24/56/56 25/58/58
f 202/57/57 25/58/58 26/59/59
f 202/57/57 26/59/59 99/60/60
f 99/60/60 26/59/59 27/61/61
f 99/60/60 27/61/61 98/62/62
f 98/62/62 27/61/61 28/63/63
f 98/62/62 28/63/63 97/64/64
f 97/64/64 28/63/63 29/65/65
f 97/64/64 29/65/65 96/66/66
f 96/66/66 29/65/65 30/67/67
f 96/66/66 30/67/67 95/68/68
f 95/68/68 30/67/67 94/69/69
f 94/69/69 30/67/67 31/70/70
f 94/69/69 31/70/70 93/71/71
f 93/71/71 31/70/70 32/72/72
f 93/71/71 32/72/72 92/73/73
f 92/73/73 32/72/72 91/74/74
f 91/74/74 32/72/72 33/75/75
f 91/74/74 33/75/75 117/76/76
f 117/76/76 33/75/75 116/77/77
f 116/77/77 33/75/75 34/78/78
f 116/77/77 34/78/78 115/79/79
f 115/79/79 34/78/78 35/80/80
f 115/79/79 35/80/80 114/81/81
f 114/81/81 35/80/80 113/82/82
f 113/82/82 35/80/80 36/83/83
f 113/82/82 36/83/83 112/84/84
f 112/84/84 36/83/83 37/85/85
f 112/84/84 37/85/85 111/86/86
f 111/86/86 37/85/85 38/87/87
f 111/86/86 38/87/87 110/88/88
f 110/88/88 38/87/87 39/89/89
f 110/88/88 39/89/89 109/90/90
f 109/90/90 39/89/89 189/91/91
f 109/90/90 189/91/91 192/92/92
f 192/92/92 189/91/91 190/93/93
f 192/92/92 190/93/93 191/94/94
f 39/89/89 40/95/95 189/91/91
f 189/91/91 40/95/95 41/96/96
f 189/91/91 41/96/96 42/97/97
f 43/98/98 65/99/99 42/97/97
f 42/97/97 65/99/99 66/100/100
f 42/97/97 66/100/100 189/91/91
f 189/91/91 66/100/100 188/101/101
f 188/101/101 66/100/100 67/102/102
f 188/101/101 67/102/102 187/103/103
f 187/103/103 67/102/102 68/104/104
f 187/103/103 68/104/104 186/105/105
f 186/105/105 68/104/104 69/106/106
f 186/105/105 69/106/106 185/107/107
f 185/107/107 69/106/106 70/108/108
f 185/107/107 70/108/108 71/109/109
f 65/99/99 43/98/98 64/110/110
f 64/110/110 43/98/98 44/111/111
f 64/110/110 44/111/111 90/112/112
f 90/112/112 44/111/111 45/113/113
f 90/112/112 45/113/113 89/114/114
f 89/114/114 45/113/113 46/115/115
f 89/114/114 46/115/115 88/116/116
f 88/116/116 46/115/115 87/117/117
f 87/117/117 46/115/115 47/118/118
f 87/117/117 47/118/118 86/119/119
f 86/119/119 47/118/118 48/120/120
f 86/119/119 48/120/120 85/121/121
f 85/121/121 48/120/120 84/122/122
f 84/122/122 48/120/120 49/123/123
f 84/122/122 49/123/123 83/124/124
f 83/124/124 49/123/123 82/125/125
f 82/125/125 49/123/123 50/126/126
f 82/125/125 50/126/126 81/127/127
f 81/127/127 50/126/126 80/128/128
f 80/128/128 50/126/126 51/129/129
f 80/128/128 51/129/129 79/130/130
f 79/130/130 51/129/129 52/131/131
f 79/130/130 52/131/131 78/132/132
f 78/132/132 52/131/131 53/133/133
f 78/132/132 53/133/133 77/134/134
f 77/134/134 53/133/133 54/135/135
f 77/134/134 54/135/135 76/136/136
f 76/136/136 54/135/135 55/137/137
f 76/136/136 55/137/137 176/138/138
f 176/138/138 55/137/137 56/139/139
f 176/138/138 56/139/139 57/140/140
f 176/138/138 57/140/140 167/141/141
f 167/141/141 57/140/140 58/142/142
f 167/141/141 58/142/142 166/143/143
f 166/143/143 58/142/142 59/144/144
f 166/143/143 59/144/144 165/145/145
f 165/145/145 59/144/144 60/146/146
f 165/145/145 60/146/146 164/147/147
f 164/147/147 60/146/146 61/148/148
f 164/147/147 61/148/148 163/149/149
f 163/149/149 61/148/148 62/150/150
f 163/149/149 62/150/150 162/151/151
f 162/151/151 62/150/150 161/7/7
f 161/7/7 62/150/150 63/5/5
f 72/152/152 182/153/153 71/109/109
f 71/109/109 182/153/153 184/154/154
f 71/109/109 184/154/154 185/107/107
f 182/153/153 72/152/152 181/155/155
f 181/155/155 72/152/152 73/156/156
f 181/155/155 73/156/156 180/157/157
f 180/157/157 73/156/156 74/158/158
f 180/157/157 74/158/158 179/159/159
f 179/159/159 74/158/158 75/160/160
f 179/159/159 75/160/160 176/138/138
f 176/138/138 75/160/160 76/136/136
f 99/60/60 100/161/161 202/57/57
f 202/57/57 100/161/161 201/162/162
f 201/162/162 100/161/161 101/163/163
f 201/162/162 101/163/163 200/164/164
f 200/164/164 101/163/163 102/165/165
f 200/164/164 102/165/165 199/166/166
f 199/166/166 102/165/165 103/167/167
f 199/166/166 103/167/167 198/168/168
f 198/168/168 103/167/167 104/169/169
f 198/168/168 104/169/169 105/170/170
f 106/171/171 195/172/172 105/170/170
f 105/170/170 195/172/172 197/173/173
f 105/170/170 197/173/173 198/168/168
f 195/172/172 106/171/171 194/174/174
f 194/174/174 106/171/171 107/175/175
f 194/174/174 107/175/175 193/176/176
f 193/176/176 107/175/175 108/177/177
f 193/176/176 108/177/177 192/92/92
f 192/92/92 108/177/177 109/90/90
f 133/25/25 134/178/178 215/22/22
f 215/22/22 134/178/178 214/179/179
f 214/179/179 134/178/178 135/180/180
f 214/179/179 135/180/180 213/181/181
f 213/181/181 135/180/180 136/182/182
f 213/181/181 136/182/182 212/183/183
f 212/183/183 136/182/182 137/184/184
f 212/183/183 137/184/184 211/185/185
f 211/185/185 137/184/184 138/186/186
f 211/185/185 138/186/186 139/187/187
f 140/188/188 208/189/189 139/187/187
f 139/187/187 208/189/189 210/190/190
f 139/187/187 210/190/190 211/185/185
f 208/189/189 140/188/188 207/191/191
f 207/191/191 140/188/188 141/192/192
f 207/191/191 141/192/192 206/193/193
f 206/193/193 141/192/192 142/194/194
f 206/193/193 142/194/194 205/195/195
f 205/195/195 142/194/194 202/57/57
f 205/195/195 202/57/57 203/196/196
f 142/194/194 143/55/55 202/57/57
f 146/197/197 223/198/198 145/199/199
f 145/199/199 223/198/198 172/200/200
f 145/199/199 172/200/200 171/201/201
f 171/201/201 172/200/200 173/202/202
f 171/201/201 173/202/202 170/203/203
f 170/203/203 173/202/202 174/204/204
f 170/203/203 174/204/204 169/205/205
f 169/205/205 174/204/204 168/206/206
f 168/206/206 174/204/204 175/207/207
f 168/206/206 175/207/207 167/141/141
f 167/141/141 175/207/207 176/138/138
f 223/198/198 146/197/197 221/208/208
f 221/208/208 146/197/197 147/209/209
f 221/208/208 147/209/209 220/210/210
f 220/210/210 147/209/209 148/211/211
f 220/210/210 148/211/211 219/212/212
f 219/212/212 148/211/211 149/213/213
f 219/212/212 149/213/213 218/214/214
f 218/214/214 149/213/213 215/22/22
f 218/214/214 215/22/22 216/215/215
f 149/213/213 150/20/20 215/22/22
f 176/138/138 177/216/216 179/159/159
f 179/159/159 177/216/216 178/217/217
f 182/153/153 183/218/218 184/154/154
f 195/172/172 196/219/219 197/173/173
f 203/196/196 204/220/220 205/195/195
f 208/189/189 209/221/221 210/190/190
f 216/215/215 217/222/222 218/214/214
f 221/208/208 222/223/223 223/198/198
f 201/224/224 227/225/225 202/226/226
f 202/226/226 227/225/225 228/227/227
f 202/226/226 228/227/227 229/228/228
f 227/225/225 201/224/224 226/229/229
f 226/229/229 201/224/224 200/230/230
f 226/229/229 200/230/230 225/231/231
f 225/231/231 200/230/230 199/232/232
f 225/231/231 199/232/232 224/233/233
f 224/233/233 199/232/232 198/234/234
f 202/226/226 229/228/228 415/235/235
f 415/235/235 229/228/228 230/236/236
f 415/235/235 230/236/236 414/237/237
f 414/237/237 230/236/236 231/238/238
f 414/237/237 231/238/238 413/239/239
f 413/239/239 231/238/238 232/240/240
f 413/239/239 232/240/240 412/241/241
f 412/241/241 232/240/240 411/242/242
f 411/242/242 232/240/240 233/243/243
f 411/242/242 233/243/243 410/244/244
f 410/244/244 233/243/243 234/245/245
f 410/244/244 234/245/245 409/246/246
f 409/246/246 234/245/245 235/247/247
f 409/246/246 235/247/247 408/248/248
f 408/248/248 235/247/247 236/249/249
f 408/250/248 236/251/249 407/252/250
f 407/252/250 236/251/249 237/253/251
f 407/252/250 237/253/251 406/254/252
f 406/254/252 237/253/251 238/255/253
f 406/254/252 238/255/253 405/256/254
f 405/256/254 238/255/253 239/257/255
f 405/256/254 239/257/255 404/258/256
f 404/258/256 239/257/255 240/259/257
f 404/258/256 240/259/257 403/260/258
f 403/260/258 240/259/257 241/261/259
f 403/260/258 241/261/259 402/262/260
f 402/262/260 241/261/259 242/263/261
f 402/262/260 242/263/261 401/264/262
f 401/264/262 242/263/261 243/265/263
f 401/264/262 243/265/263 400/266/264
f 400/266/264 243/265/263 244/267/265
f 400/266/264 244/267/265 399/268/266
f 399/268/266 244/267/265 245/269/267
f 399/268/266 245/269/267 398/270/268
f 398/270/268 245/269/267 246/271/269
f 398/270/268 246/271/269 397/272/270
f 397/272/270 246/271/269 247/273/271
f 397/272/270 247/273/271 396/274/272
f 396/274/272 247/273/271 248/275/273
f 396/274/272 248/275/273 395/276/274
f 395/276/274 248/275/273 249/277/275
f 395/276/274 249/277/275 394/278/276
f 394/278/276 249/277/275 250/279/277
f 394/278/276 250/279/277 393/280/278
f 393/280/278 250/279/277 251/281/279
f 393/280/278 251/281/279 392/282/280
f 392/282/280 251/281/279 252/283/281
f 392/282/280 252/283/281 391/284/282
f 391/284/282 252/283/281 253/285/283
f 391/284/282 253/285/283 390/286/284
f 390/286/284 253/285/283 254/287/285
f 390/286/284 254/287/285 389/288/286
f 389/288/286 254/287/285 255/289/287
f 389/288/286 255/289/287 388/290/288
f 388/290/288 255/289/287 256/291/289
f 388/290/288 256/291/289 387/292/290
f 387/292/290 256/291/289 257/293/291
f 387/292/290 257/293/291 386/294/292
f 386/294/292 257/293/291 258/295/293
f 386/294/292 258/295/293 385/296/294
f 385/296/294 258/295/293 259/297/295
f 385/296/294 259/297/295 384/298/296
f 384/298/296 259/297/295 260/299/297
f 384/298/296 260/299/297 383/300/298
f 383/300/298 260/299/297 261/301/299
f 383/300/298 261/301/299 382/302/300
f 382/302/300 261/301/299 262/303/301
f 382/302/300 262/303/301 381/304/302
f 381/304/302 262/303/301 263/305/303
f 381/304/302 263/305/303 380/306/304
f 380/306/304 263/305/303 264/307/305
f 380/306/304 264/307/305 379/308/306
f 379/308/306 264/307/305 265/309/307
f 379/308/306 265/309/307 378/310/308
f 378/310/308 265/309/307 266/311/309
f 378/310/308 266/311/309 377/312/310
f 377/312/310 266/311/309 267/313/311
f 377/312/310 267/313/311 376/314/312
f 376/314/312 267/313/311 268/315/313
f 376/314/312 268/315/313 375/316/314
f 375/316/314 268/315/313 269/317/315
f 375/316/314 269/317/315 374/318/316
f 374/318/316 269/317/315 270/319/317
f 374/318/316 270/319/317 373/320/318
f 373/320/318 270/319/317 271/321/319
f 373/320/318 271/321/319 372/322/320
f 372/322/320 271/321/319 272/323/321
f 372/322/320 272/323/321 371/324/322
f 371/324/322 272/323/321 273/325/323
f 371/324/322 273/325/323 370/326/324
f 370/326/324 273/325/323 274/327/325
f 370/326/324 274/327/325 369/328/326
f 369/328/326 274/327/325 275/329/327
f 369/328/326 275/329/327 368/330/328
f 368/330/328 275/329/327 276/331/329
f 368/330/328 276/331/329 367/332/330
f 367/332/330 276/331/329 277/333/331
f 367/332/330 277/333/331 366/334/332
f 366/334/332 277/333/331 278/335/333
f 366/334/332 278/335/333 365/336/334
f 365/336/334 278/335/333 279/337/335
f 365/336/334 279/337/335 364/338/336
f 364/338/336 279/337/335 280/339/337
f 364/338/336 280/339/337 363/340/338
f 363/340/338 280/339/337 281/341/339
f 363/340/338 281/341/339 362/342/340
f 362/342/340 281/341/339 282/343/341
f 362/342/340 282/343/341 361/344/342
f 361/344/342 282/343/341 283/345/343
f 361/344/342 283/345/343 360/346/344
f 360/346/344 283/345/343 284/347/345
f 360/346/344 284/347/345 359/348/346
f 359/348/346 284/347/345 285/349/347
f 359/348/346 285/349/347 358/350/348
f 358/350/348 285/349/347 286/351/349
f 358/350/348 286/351/349 357/352/350
f 357/352/350 286/351/349 287/353/351
f 357/352/350 287/353/351 356/354/352
f 356/354/352 287/353/351 288/355/353
f 356/354/352 288/355/353 355/356/354
f 355/356/354 288/355/353 289/357/355
f 355/356/354 289/357/355 354/358/356
f 354/358/356 289/357/355 290/359/357
f 354/358/356 290/359/357 353/360/358
f 353/360/358 290/359/357 291/361/359
f 353/360/358 291/361/359 352/362/360
f 352/362/360 291/361/359 292/363/361
f 352/364/360 292/365/361 351/366/362
f 351/366/362 292/365/361 293/367/363
f 351/366/362 293/367/363 350/368/364
f 350/368/364 293/367/363 294/369/365
f 350/368/364 294/369/365 349/370/366
f 349/370/366 294/369/365 295/371/367
f 349/370/366 295/371/367 348/372/368
f 348/372/368 295/371/367 296/373/369
f 348/372/368 296/373/369 347/374/370
f 347/374/370 296/373/369 297/375/371
f 347/374/370 297/375/371 346/376/372
f 346/376/372 297/375/371 298/377/373
f 346/376/372 298/377/373 345/378/374
f 345/378/374 298/377/373 299/379/375
f 345/378/374 299/379/375 344/380/376
f 344/380/376 299/379/375 300/381/377
f 344/380/376 300/381/377 343/382/378
f 343/382/378 300/381/377 301/383/379
f 343/382/378 301/383/379 342/384/380
f 342/384/380 301/383/379 302/385/381
f 342/384/380 302/385/381 341/386/382
f 341/386/382 302/385/381 303/387/383
f 341/386/382 303/387/383 340/388/384
f 340/388/384 303/387/383 304/389/385
f 340/388/384 304/389/385 339/390/386
f 339/390/386 304/389/385 305/391/387
f 339/390/386 305/391/387 338/392/388
f 338/392/388 305/391/387 306/393/389
f 338/392/388 306/393/389 337/394/390
f 337/394/390 306/393/389 307/395/391
f 337/394/390 307/395/391 336/396/392
f 336/396/392 307/395/391 308/397/393
f 336/396/392 308/397/393 335/398/394
f 335/398/394 308/397/393 309/399/395
f 335/398/394 309/399/395 334/400/396
f 334/400/396 309/399/395 310/401/397
f 334/400/396 310/401/397 333/402/398
f 333/402/398 310/401/397 311/403/399
f 333/402/398 311/403/399 332/404/400
f 332/404/400 311/403/399 312/405/401
f 332/404/400 312/405/401 331/406/402
f 331/406/402 312/405/401 313/407/403
f 331/406/402 313/407/403 330/408/404
f 330/408/404 313/407/403 314/409/405
f 330/408/404 314/409/405 329/410/406
f 329/410/406 314/409/405 315/411/407
f 329/410/406 315/411/407 328/412/408
f 328/412/408 315/411/407 316/413/409
f 328/412/408 316/413/409 317/414/410
f 328/412/408 317/414/410 327/415/411
f 327/415/411 317/414/410 318/416/412
f 327/415/411 318/416/412 326/417/413
f 326/417/413 318/416/412 319/418/414
f 326/417/413 319/418/414 325/419/415
f 325/419/415 319/418/414 320/420/416
f 325/419/415 320/420/416 324/421/417
f 324/421/417 320/420/416 323/422/418
f 323/422/418 320/420/416 321/423/419
f 323/422/418 321/423/419 322/424/420
f 224/425/421 198/426/422 511/427/423
f 511/427/423 198/426/422 197/428/424
f 511/427/423 197/428/424 416/429/425
f 416/429/425 197/428/424 196/430/426
f 416/429/425 417/431/427 511/427/423
f 511/427/423 417/431/427 512/432/428
f 511/427/423 512/432/428 224/425/421
f 224/425/421 512/432/428 513/433/429
f 224/425/421 513/433/429 225/434/430
f 225/434/430 513/433/429 226/435/431
f 226/435/431 513/433/429 514/436/432
f 226/435/431 514/436/432 227/437/433
f 227/437/433 514/436/432 515/438/434
f 227/437/433 515/438/434 517/439/435
f 517/439/435 515/438/434 421/440/436
f 517/439/435 421/440/436 516/441/437
f 516/441/437 421/440/436 422/442/438
f 516/441/437 422/442/438 423/443/439
f 417/431/427 418/444/440 512/432/428
f 512/432/428 418/444/440 513/433/429
f 418/444/440 419/445/441 513/433/429
f 513/433/429 419/445/441 514/436/432
f 419/445/441 420/446/442 514/436/432
f 514/436/432 420/446/442 515/438/434
f 420/446/442 421/440/436 515/438/434
f 516/441/437 423/443/439 518/447/443
f 518/447/443 423/443/439 424/448/444
f 518/447/443 424/448/444 519/449/445
f 519/449/445 424/448/444 425/450/446
f 519/449/445 425/450/446 520/451/447
f 520/451/447 425/450/446 521/452/448
f 520/451/447 521/452/448 233/453/449
f 233/453/449 521/452/448 522/454/450
f 233/453/449 522/454/450 234/455/451
f 234/455/451 522/454/450 523/456/452
f 234/455/451 523/456/452 235/457/453
f 235/457/453 523/456/452 524/458/454
f 235/457/453 524/458/454 236/459/455
f 236/459/455 524/458/454 237/460/456
f 237/460/456 524/458/454 525/461/457
f 237/460/456 525/461/457 526/462/458
f 526/462/458 525/461/457 431/463/459
f 526/462/458 431/463/459 432/464/460
f 425/450/446 426/465/461 521/452/448
f 521/452/448 426/465/461 427/466/462
f 521/452/448 427/466/462 522/454/450
f 522/454/450 427/466/462 428/467/463
f 522/454/450 428/467/463 523/456/452
f 523/456/452 428/467/463 429/468/464
f 523/456/452 429/468/464 524/458/454
f 524/458/454 429/468/464 525/461/457
f 429/468/464 430/469/465 525/461/457
f 525/461/457 430/469/465 431/463/459
f 526/462/458 432/464/460 527/470/466
f 527/470/466 432/464/460 433/471/467
f 527/470/466 433/471/467 528/472/468
f 528/472/468 433/471/467 529/473/469
f 528/472/468 529/473/469 241/474/470
f 241/474/470 529/473/469 530/475/471
f 241/474/470 530/475/471 242/476/472
f 242/476/472 530/475/471 531/477/473
f 242/476/472 531/477/473 243/478/474
f 243/478/474 531/477/473 532/479/475
f 243/478/474 532/479/475 244/480/476
f 244/480/476 532/479/475 245/481/477
f 245/481/477 532/479/475 533/482/478
f 245/481/477 533/482/478 246/483/479
f 246/483/479 533/482/478 534/484/480
f 246/483/479 534/484/480 535/485/481
f 535/485/481 534/484/480 440/486/482
f 535/485/481 440/486/482 441/487/483
f 433/471/467 434/488/484 529/473/469
f 529/473/469 434/488/484 435/489/485
f 529/473/469 435/489/485 530/475/471
f 530/475/471 435/489/485 436/490/486
f 530/475/471 436/490/486 531/477/473
f 531/477/473 436/490/486 437/491/487
f 531/477/473 437/491/487 532/479/475
f 532/479/475 437/491/487 533/482/478
f 437/491/487 438/492/488 533/482/478
f 533/482/478 438/492/488 534/484/480
f 438/492/488 439/493/489 534/484/480
f 534/484/480 439/493/489 440/486/482
f 442/494/490 537/495/491 441/487/483
f 441/487/483 537/495/491 536/496/492
f 441/487/483 536/496/492 535/485/481
f 535/485/481 536/496/492 247/497/493
f 535/485/481 247/497/493 246/483/479
f 537/495/491 442/494/490 538/498/494
f 538/498/494 442/494/490 443/499/495
f 538/498/494 443/499/495 444/500/496
f 538/498/494 444/500/496 539/501/497
f 539/501/497 444/500/496 445/502/498
f 539/501/497 445/502/498 540/503/499
f 540/503/499 445/502/498 541/504/500
f 540/503/499 541/504/500 253/505/501
f 253/505/501 541/504/500 254/506/502
f 254/506/502 541/504/500 542/507/503
f 254/506/502 542/507/503 543/508/504
f 543/508/504 542/507/503 448/509/505
f 543/508/504 448/509/505 449/510/506
f 445/502/498 446/511/507 541/504/500
f 541/504/500 446/511/507 542/507/503
f 446/511/507 447/512/508 542/507/503
f 542/507/503 447/512/508 448/509/505
f 450/513/509 545/514/510 449/510/506
f 449/510/506 545/514/510 544/515/511
f 449/510/506 544/515/511 543/508/504
f 543/508/504 544/515/511 255/516/512
f 543/508/504 255/516/512 254/506/502
f 545/514/510 450/513/509 546/517/513
f 546/517/513 450/513/509 451/518/514
f 546/517/513 451/518/514 452/519/515
f 546/517/513 452/519/515 547/520/516
f 547/520/516 452/519/515 453/521/517
f 547/520/516 453/521/517 548/522/518
f 548/522/518 453/521/517 549/523/519
f 548/522/518 549/523/519 261/524/520
f 261/524/520 549/523/519 262/525/521
f 262/525/521 549/523/519 550/526/522
f 262/525/521 550/526/522 263/527/523
f 263/527/523 550/526/522 551/528/524
f 263/527/523 551/528/524 264/529/525
f 264/529/525 551/528/524 552/530/526
f 264/529/525 552/530/526 265/531/527
f 265/531/527 552/530/526 553/532/528
f 265/531/527 553/532/528 554/533/529
f 554/533/529 553/532/528 459/534/530
f 554/533/529 459/534/530 460/535/531
f 453/521/517 454/536/532 549/523/519
f 549/523/519 454/536/532 550/526/522
f 454/536/532 455/537/533 550/526/522
f 550/526/522 455/537/533 551/528/524
f 455/537/533 456/538/534 551/528/524
f 551/528/524 456/538/534 552/530/526
f 456/538/534 457/539/535 552/530/526
f 552/530/526 457/539/535 553/532/528
f 457/539/535 458/540/536 553/532/528
f 553/532/528 458/540/536 459/534/530
f 554/533/529 460/535/531 555/541/537
f 555/541/537 460/535/531 461/542/538
f 555/541/537 461/542/538 556/543/539
f 556/543/539 461/542/538 557/544/540
f 556/543/539 557/544/540 269/545/541
f 269/545/541 557/544/540 558/546/542
f 269/545/541 558/546/542 270/547/543
f 270/547/543 558/546/542 559/548/544
f 270/547/543 559/548/544 271/549/545
f 271/549/545 559/548/544 560/550/546
f 271/549/545 560/550/546 272/551/547
f 272/551/547 560/550/546 273/552/548
f 273/552/548 560/550/546 561/553/549
f 273/552/548 561/553/549 562/554/550
f 562/554/550 561/553/549 467/555/551
f 562/554/550 467/555/551 468/556/552
f 461/542/538 462/557/553 557/544/540
f 557/544/540 462/557/553 463/558/554
f 557/544/540 463/558/554 558/546/542
f 558/546/542 463/558/554 464/559/555
f 558/546/542 464/559/555 559/548/544
f 559/548/544 464/559/555 465/560/556
f 559/548/544 465/560/556 560/550/546
f 560/550/546 465/560/556 561/553/549
f 465/560/556 466/561/557 561/553/549
f 561/553/549 466/561/557 467/555/551
f 562/554/550 468/556/552 563/562/558
f 563/562/558 468/556/552 469/563/559
f 563/562/558 469/563/559 564/564/560
f 564/564/560 469/563/559 565/565/561
f 564/564/560 565/565/561 277/566/562
f 277/566/562 565/565/561 566/567/563
f 277/566/562 566/567/563 278/568/564
f 278/568/564 566/567/563 567/569/565
f 278/568/564 567/569/565 279/570/566
f 279/570/566 567/569/565 568/571/567
f 279/570/566 568/571/567 280/572/568
f 280/572/568 568/571/567 281/573/569
f 281/573/569 568/571/567 569/574/570
f 281/573/569 569/574/570 570/575/571
f 570/575/571 569/574/570 475/576/572
f 570/575/571 475/576/572 476/577/573
f 469/563/559 470/578/574 565/565/561
f 565/565/561 470/578/574 471/579/575
f 565/565/561 471/579/575 566/567/563
f 566/567/563 471/579/575 472/580/576
f 566/567/563 472/580/576 567/569/565
f 567/569/565 472/580/576 473/581/577
f 567/569/565 473/581/577 568/571/567
f 568/571/567 473/581/577 569/574/570
f 473/581/577 474/582/578 569/574/570
f 569/574/570 474/582/578 475/576/572
f 570/575/571 476/577/573 571/583/579
f 571/583/579 476/577/573 477/584/580
f 571/583/579 477/584/580 572/585/581
f 572/585/581 477/584/580 573/586/582
f 572/585/581 573/586/582 285/587/583
f 285/587/583 573/586/582 286/588/584
f 286/588/584 573/586/582 574/589/585
f 286/588/584 574/589/585 575/590/586
f 575/590/586 574/589/585 480/591/587
f 575/590/586 480/591/587 481/592/588
f 477/584/580 478/593/589 573/586/582
f 573/586/582 478/593/589 574/589/585
f 478/593/589 479/594/590 574/589/585
f 574/589/585 479/594/590 480/591/587
f 482/595/591 577/596/592 481/592/588
f 481/592/588 577/596/592 576/597/593
f 481/592/588 576/597/593 575/590/586
f 575/590/586 576/597/593 287/598/594
f 575/590/586 287/598/594 286/588/584
f 577/596/592 482/595/591 578/599/595
f 578/599/595 482/595/591 483/600/596
f 578/599/595 483/600/596 484/601/597
f 578/599/595 484/601/597 579/602/598
f 579/602/598 484/601/597 485/603/599
f 579/602/598 485/603/599 580/604/600
f 580/604/600 485/603/599 581/605/601
f 580/604/600 581/605/601 293/606/602
f 293/606/602 581/605/601 294/607/603
f 294/607/603 581/605/601 582/608/604
f 294/607/603 582/608/604 583/609/605
f 583/609/605 582/608/604 488/610/606
f 583/609/605 488/610/606 489/611/607
f 485/603/599 486/612/608 581/605/601
f 581/605/601 486/612/608 582/608/604
f 486/612/608 487/613/609 582/608/604
f 582/608/604 487/613/609 488/610/606
f 490/614/610 585/615/611 489/611/607
f 489/611/607 585/615/611 584/616/612
f 489/611/607 584/616/612 583/609/605
f 583/609/605 584/616/612 295/617/613
f 583/609/605 295/617/613 294/607/603
f 585/615/611 490/614/610 586/618/614
f 586/618/614 490/614/610 491/619/615
f 586/618/614 491/619/615 492/620/616
f 586/618/614 492/620/616 587/621/617
f 587/621/617 492/620/616 493/622/618
f 587/621/617 493/622/618 588/623/619
f 588/623/619 493/622/618 589/624/620
f 588/623/619 589/624/620 301/625/621
f 301/625/621 589/624/620 302/626/622
f 302/626/622 589/624/620 590/627/623
f 302/626/622 590/627/623 303/628/624
f 303/628/624 590/627/623 591/629/625
f 303/628/624 591/629/625 304/630/626
f 304/630/626 591/629/625 592/631/627
f 304/630/626 592/631/627 305/632/628
f 305/632/628 592/631/627 593/633/629
f 305/632/628 593/633/629 594/634/630
f 594/634/630 593/633/629 499/635/631
f 594/634/630 499/635/631 500/636/632
f 493/622/618 494/637/633 589/624/620
f 589/624/620 494/637/633 590/627/623
f 494/637/633 495/638/634 590/627/623
f 590/627/623 495/638/634 591/629/625
f 495/638/634 496/639/635 591/629/625
f 591/629/625 496/639/635 592/631/627
f 496/639/635 497/640/636 592/631/627
f 592/631/627 497/640/636 593/633/629
f 497/640/636 498/641/637 593/633/629
f 593/633/629 498/641/637 499/635/631
f 594/634/630 500/636/632 595/642/638
f 595/642/638 500/636/632 501/643/639
f 595/642/638 501/643/639 596/644/640
f 596/644/640 501/643/639 597/645/641
f 596/644/640 597/645/641 309/646/642
f 309/646/642 597/645/641 598/647/643
f 309/646/642 598/647/643 310/648/644
f 310/648/644 598/647/643 599/649/645
f 310/648/644 599/649/645 311/650/646
f 311/650/646 599/649/645 600/651/647
f 311/650/646 600/651/647 312/652/648
f 312/652/648 600/651/647 313/653/649
f 313/653/649 600/651/647 601/654/650
f 313/653/649 601/654/650 314/655/651
f 314/655/651 601/654/650 602/656/652
f 314/655/651 602/656/652 603/657/653
f 603/657/653 602/656/652 508/658/654
f 603/657/653 508/658/654 509/659/655
f 501/643/639 502/660/656 597/645/641
f 597/645/641 502/660/656 503/661/657
f 597/645/641 503/661/657 598/647/643
f 598/647/643 503/661/657 504/662/658
f 598/647/643 504/662/658 599/649/645
f 599/649/645 504/662/658 505/663/659
f 599/649/645 505/663/659 600/651/647
f 600/651/647 505/663/659 601/654/650
f 505/663/659 506/664/660 601/654/650
f 601/654/650 506/664/660 602/656/652
f 506/664/660 507/665/661 602/656/652
f 602/656/652 507/665/661 508/658/654
f 603/657/653 509/659/655 604/666/662
f 604/666/662 509/659/655 510/667/663
f 604/666/662 510/667/663 605/668/664
f 605/668/664 510/667/663 318/669/665
f 605/668/664 318/669/665 317/670/666
f 605/668/664 317/670/666 604/666/662
f 604/666/662 317/670/666 316/671/667
f 604/666/662 316/671/667 315/672/668
f 604/666/662 315/672/668 603/657/653
f 603/657/653 315/672/668 314/655/651
f 309/646/642 308/673/669 596/644/640
f 596/644/640 308/673/669 307/674/670
f 596/644/640 307/674/670 595/642/638
f 595/642/638 307/674/670 306/675/671
f 595/642/638 306/675/671 594/634/630
f 594/634/630 306/675/671 305/632/628
f 301/625/621 300/676/672 588/623/619
f 588/623/619 300/676/672 299/677/673
f 588/623/619 299/677/673 587/621/617
f 587/621/617 299/677/673 298/678/674
f 587/621/617 298/678/674 586/618/614
f 586/618/614 298/678/674 585/615/611
f 298/678/674 297/679/675 585/615/611
f 585/615/611 297/679/675 584/616/612
f 297/679/675 296/680/676 584/616/612
f 584/616/612 296/680/676 295/617/613
f 293/606/602 292/681/677 580/604/600
f 580/604/600 292/681/677 291/682/678
f 580/604/600 291/682/678 579/602/598
f 579/602/598 291/682/678 290/683/679
f 579/602/598 290/683/679 578/599/595
f 578/599/595 290/683/679 577/596/592
f 290/683/679 289/684/680 577/596/592
f 577/596/592 289/684/680 576/597/593
f 289/684/680 288/685/681 576/597/593
f 576/597/593 288/685/681 287/598/594
f 285/587/583 284/686/682 572/585/581
f 572/585/581 284/686/682 283/687/683
f 572/585/581 283/687/683 571/583/579
f 571/583/579 283/687/683 282/688/684
f 571/583/579 282/688/684 570/575/571
f 570/575/571 282/688/684 281/573/569
f 277/566/562 276/689/685 564/564/560
f 564/564/560 276/689/685 275/690/686
f 564/564/560 275/690/686 563/562/558
f 563/562/558 275/690/686 274/691/687
f 563/562/558 274/691/687 562/554/550
f 562/554/550 274/691/687 273/552/548
f 269/545/541 268/692/688 556/543/539
f 556/543/539 268/692/688 267/693/689
f 556/543/539 267/693/689 555/541/537
f 555/541/537 267/693/689 266/694/690
f 555/541/537 266/694/690 554/533/529
f 554/533/529 266/694/690 265/531/527
f 261/524/520 260/695/691 548/522/518
f 548/522/518 260/695/691 259/696/692
f 548/522/518 259/696/692 547/520/516
f 547/520/516 259/696/692 258/697/693
f 547/520/516 258/697/693 546/517/513
f 546/517/513 258/697/693 545/514/510
f 258/697/693 257/698/694 545/514/510
f 545/514/510 257/698/694 544/515/511
f 257/698/694 256/699/695 544/515/511
f 544/515/511 256/699/695 255/516/512
f 253/505/501 252/700/696 540/503/499
f 540/503/499 252/700/696 251/701/697
f 540/503/499 251/701/697 539/501/497
f 539/501/497 251/701/697 250/702/698
f 539/501/497 250/702/698 538/498/494
f 538/498/494 250/702/698 537/495/491
f 250/702/698 249/703/699 537/495/491
f 537/495/491 249/703/699 536/496/492
f 249/703/699 248/704/700 536/496/492
f 536/496/492 248/704/700 247/497/493
f 241/474/470 240/705/701 528/472/468
f 528/472/468 240/705/701 239/706/702
f 528/472/468 239/706/702 527/470/466
f 527/470/466 239/706/702 238/707/703
f 527/470/466 238/707/703 526/462/458
f 526/462/458 238/707/703 237/460/456
f 233/453/449 232/708/704 520/451/447
f 520/451/447 232/708/704 231/709/705
f 520/451/447 231/709/705 519/449/445
f 519/449/445 231/709/705 230/710/706
f 519/449/445 230/710/706 518/447/443
f 518/447/443 230/710/706 229/711/707
f 518/447/443 229/711/707 516/441/437
f 516/441/437 229/711/707 517/439/435
f 229/711/707 228/712/708 517/439/435
f 517/439/435 228/712/708 227/437/433
f 195/713/709 612/714/710 196/715/711
f 196/715/711 612/714/710 613/716/712
f 196/715/711 613/716/712 614/717/713
f 612/714/710 195/713/709 611/718/714
f 611/718/714 195/713/709 194/719/715
f 611/718/714 194/719/715 610/720/716
f 610/720/716 194/719/715 193/721/717
f 610/720/716 193/721/717 609/722/718
f 609/722/718 193/721/717 608/723/719
f 608/723/719 193/721/717 192/724/720
f 608/723/719 192/724/720 607/725/721
f 607/725/721 192/724/720 606/726/722
f 606/726/722 192/724/720 191/727/723
f 615/728/724 417/729/725 614/717/713
f 614/717/713 417/729/725 416/730/726
f 614/717/713 416/730/726 196/715/711
f 417/729/725 615/728/724 418/731/727
f 418/731/727 615/728/724 616/732/728
f 418/731/727 616/732/728 419/733/729
f 419/733/729 616/732/728 617/734/730
f 419/733/729 617/734/730 420/735/731
f 420/735/731 617/734/730 618/736/732
f 420/735/731 618/736/732 421/737/733
f 421/737/733 618/736/732 619/738/734
f 421/737/733 619/738/734 422/739/735
f 422/739/735 619/738/734 620/740/736
f 422/739/735 620/740/736 423/741/737
f 423/741/737 620/740/736 621/742/738
f 423/741/737 621/742/738 424/743/739
f 424/743/739 621/742/738 622/744/740
f 424/743/739 622/744/740 425/745/741
f 425/745/741 622/744/740 623/746/742
f 425/745/741 623/746/742 426/747/743
f 426/747/743 623/746/742 624/748/744
f 426/747/743 624/748/744 427/749/745
f 427/749/745 624/748/744 625/750/746
f 427/749/745 625/750/746 428/751/747
f 428/751/747 625/750/746 626/752/748
f 428/751/747 626/752/748 429/753/749
f 429/753/749 626/752/748 627/754/750
f 429/753/749 627/754/750 430/755/751
f 430/755/751 627/754/750 628/756/752
f 430/755/751 628/756/752 431/757/753
f 431/757/753 628/756/752 629/758/754
f 431/757/753 629/758/754 432/759/755
f 432/759/755 629/758/754 630/760/756
f 432/759/755 630/760/756 433/761/757
f 433/761/757 630/760/756 631/762/758
f 433/761/757 631/762/758 632/763/759
f 633/764/760 435/765/761 632/763/759
f 632/763/759 435/765/761 434/766/762
f 632/763/759 434/766/762 433/761/757
f 633/764/760 634/767/763 435/765/761
f 435/765/761 634/767/763 436/768/764
f 436/768/764 634/767/763 635/769/765
f 436/768/764 635/769/765 437/770/766
f 437/770/766 635/769/765 636/771/767
f 437/770/766 636/771/767 438/772/768
f 438/772/768 636/771/767 637/773/769
f 438/772/768 637/773/769 439/774/770
f 439/774/770 637/773/769 638/775/771
f 439/774/770 638/775/771 440/776/772
f 440/776/772 638/775/771 639/777/773
f 440/776/772 639/777/773 441/778/774
f 441/778/774 639/777/773 640/779/775
f 441/778/774 640/779/775 442/780/776
f 442/780/776 640/779/775 641/781/777
f 442/780/776 641/781/777 443/782/778
f 443/782/778 641/781/777 642/783/779
f 443/784/778 642/785/779 444/786/780
f 444/786/780 642/785/779 643/787/781
f 444/786/780 643/787/781 445/788/782
f 445/788/782 643/787/781 644/789/783
f 445/788/782 644/789/783 446/790/784
f 446/790/784 644/789/783 645/791/785
f 446/790/784 645/791/785 447/792/786
f 447/792/786 645/791/785 646/793/787
f 447/792/786 646/793/787 448/794/788
f 448/794/788 646/793/787 647/795/789
f 448/794/788 647/795/789 449/796/790
f 449/796/790 647/795/789 648/797/791
f 449/796/790 648/797/791 450/798/792
f 450/798/792 648/797/791 649/799/793
f 450/798/792 649/799/793 451/800/794
f 451/800/794 649/799/793 650/801/795
f 451/800/794 650/801/795 452/802/796
f 452/802/796 650/801/795 453/803/797
f 453/803/797 650/801/795 651/804/798
f 453/803/797 651/804/798 652/805/799
f 453/803/797 652/805/799 454/806/800
f 454/806/800 652/805/799 653/807/801
f 454/806/800 653/807/801 455/808/802
f 455/808/802 653/807/801 654/809/803
f 455/808/802 654/809/803 456/810/804
f 456/810/804 654/809/803 655/811/805
f 456/810/804 655/811/805 457/812/806
f 457/812/806 655/811/805 458/813/807
f 458/813/807 655/811/805 656/814/808
f 458/813/807 656/814/808 459/815/809
f 459/815/809 656/814/808 657/816/810
f 459/815/809 657/816/810 460/817/811
f 460/817/811 657/816/810 658/818/812
f 460/817/811 658/818/812 461/819/813
f 461/819/813 658/818/812 659/820/814
f 461/819/813 659/820/814 462/821/815
f 462/821/815 659/820/814 660/822/816
f 462/821/815 660/822/816 463/823/817
f 463/823/817 660/822/816 661/824/818
f 463/823/817 661/824/818 464/825/819
f 464/825/819 661/824/818 662/826/820
f 464/825/819 662/826/820 465/827/821
f 465/827/821 662/826/820 663/828/822
f 465/827/821 663/828/822 466/829/823
f 466/829/823 663/828/822 664/830/824
f 466/829/823 664/830/824 467/831/825
f 467/831/825 664/830/824 665/832/826
f 467/831/825 665/832/826 468/833/827
f 468/833/827 665/832/826 666/834/828
f 468/833/827 666/834/828 469/835/829
f 469/835/829 666/834/828 667/836/830
f 469/835/829 667/836/830 470/837/831
f 470/837/831 667/836/830 668/838/832
f 470/837/831 668/838/832 471/839/833
f 471/839/833 668/838/832 669/840/834
f 471/839/833 669/840/834 472/841/835
f 472/841/835 669/840/834 670/842/836
f 472/841/835 670/842/836 473/843/837
f 473/843/837 670/842/836 671/844/838
f 473/843/837 671/844/838 672/845/839
f 673/846/840 475/847/841 672/845/839
f 672/845/839 475/847/841 474/848/842
f 672/845/839 474/848/842 473/843/837
f 673/846/840 674/849/843 475/847/841
f 475/847/841 674/849/843 476/850/844
f 476/850/844 674/849/843 675/851/845
f 476/850/844 675/851/845 477/852/846
f 477/852/846 675/851/845 676/853/847
f 477/852/846 676/853/847 478/854/848
f 478/854/848 676/853/847 677/855/849
f 478/854/848 677/855/849 479/856/850
f 479/856/850 677/855/849 678/857/851
f 479/856/850 678/857/851 480/858/852
f 480/858/852 678/857/851 679/859/853
f 480/858/852 679/859/853 481/860/854
f 481/860/854 679/859/853 680/861/855
f 481/860/854 680/861/855 482/862/856
f 482/862/856 680/861/855 681/863/857
f 482/862/856 681/863/857 483/864/858
f 483/864/858 681/863/857 682/865/859
f 483/864/858 682/865/859 484/866/860
f 484/866/860 682/865/859 683/867/861
f 484/866/860 683/867/861 485/868/862
f 485/868/862 683/867/861 684/869/863
f 485/868/862 684/869/863 486/870/864
f 486/870/864 684/869/863 685/871/865
f 486/870/864 685/871/865 487/872/866
f 487/872/866 685/871/865 686/873/867
f 487/872/866 686/873/867 488/874/868
f 488/874/868 686/873/867 687/875/869
f 488/874/868 687/875/869 489/876/870
f 489/876/870 687/875/869 688/877/871
f 489/876/870 688/877/871 490/878/872
f 490/878/872 688/877/871 689/879/873
f 490/878/872 689/879/873 491/880/874
f 491/880/874 689/879/873 690/881/875
f 491/880/874 690/881/875 492/882/876
f 492/882/876 690/881/875 493/883/877
f 493/883/877 690/881/875 691/884/878
f 493/883/877 691/884/878 692/885/879
f 493/883/877 692/885/879 494/886/880
f 494/886/880 692/885/879 693/887/881
f 494/886/880 693/887/881 495/888/882
f 495/888/882 693/887/881 694/889/883
f 495/888/882 694/889/883 496/890/884
f 496/890/884 694/889/883 695/891/885
f 496/890/884 695/891/885 497/892/886
f 497/892/886 695/891/885 498/893/887
f 498/893/887 695/891/885 696/894/888
f 498/893/887 696/894/888 499/895/889
f 499/895/889 696/894/888 697/896/890
f 499/895/889 697/896/890 698/897/891
f 499/895/889 698/897/891 500/898/892
f 500/899/892 698/900/891 699/901/893
f 500/899/892 699/901/893 501/902/894
f 501/902/894 699/901/893 700/903/895
f 501/902/894 700/903/895 502/904/896
f 502/904/896 700/903/895 701/905/897
f 502/904/896 701/905/897 503/906/898
f 503/906/898 701/905/897 702/907/899
f 503/906/898 702/907/899 504/908/900
f 504/908/900 702/907/899 505/909/901
f 505/909/901 702/907/899 703/910/902
f 505/909/901 703/910/902 506/911/903
f 506/911/903 703/910/902 704/912/904
f 506/911/903 704/912/904 507/913/905
f 507/913/905 704/912/904 705/914/906
f 507/913/905 705/914/906 508/915/907
f 508/915/907 705/914/906 509/916/908
f 509/916/908 705/914/906 510/917/909
f 606/918/910 191/919/911 802/920/912
f 802/920/912 191/919/911 190/921/913
f 802/920/912 190/921/913 706/922/914
f 706/922/914 190/921/913 189/923/915
f 802/920/912 706/922/914 803/924/916
f 803/924/916 706/922/914 707/925/917
f 803/924/916 707/925/917 804/926/918
f 804/926/918 707/925/917 708/927/919
f 804/926/918 708/927/919 709/928/920
f 804/926/918 709/928/920 805/929/921
f 805/929/921 709/928/920 710/930/922
f 805/929/921 710/930/922 806/931/923
f 806/931/923 710/930/922 711/932/924
f 806/931/923 711/932/924 807/933/925
f 807/933/925 711/932/924 808/934/926
f 807/933/925 808/934/926 611/935/927
f 611/935/927 808/934/926 612/936/928
f 612/936/928 808/934/926 809/937/929
f 612/936/928 809/937/929 613/938/930
f 613/938/930 809/937/929 810/939/931
f 613/938/930 810/939/931 614/940/932
f 614/940/932 810/939/931 811/941/933
f 614/940/932 811/941/933 615/942/934
f 615/942/934 811/941/933 812/943/935
f 615/942/934 812/943/935 616/944/936
f 616/944/936 812/943/935 813/945/937
f 616/944/936 813/945/937 617/946/938
f 617/946/938 813/945/937 814/947/939
f 617/946/938 814/947/939 618/948/940
f 618/948/940 814/947/939 815/949/941
f 618/948/940 815/949/941 619/950/942
f 619/950/942 815/949/941 816/951/943
f 619/950/942 816/951/943 620/952/944
f 620/952/944 816/951/943 817/953/945
f 620/952/944 817/953/945 621/954/946
f 621/954/946 817/953/945 818/955/947
f 621/954/946 818/955/947 622/956/948
f 622/956/948 818/955/947 819/957/949
f 622/956/948 819/957/949 623/958/950
f 623/958/950 819/957/949 820/959/951
f 623/958/950 820/959/951 624/960/952
f 624/960/952 820/959/951 821/961/953
f 624/960/952 821/961/953 625/962/954
f 625/962/954 821/961/953 822/963/955
f 625/962/954 822/963/955 626/964/956
f 626/964/956 822/963/955 823/965/957
f 626/964/956 823/965/957 627/966/958
f 627/966/958 823/965/957 824/967/959
f 627/966/958 824/967/959 628/968/960
f 628/968/960 824/967/959 825/969/961
f 628/968/960 825/969/961 629/970/962
f 629/970/962 825/969/961 826/971/963
f 629/970/962 826/971/963 630/972/964
f 630/972/964 826/971/963 827/973/965
f 630/972/964 827/973/965 631/974/966
f 631/974/966 827/973/965 632/975/967
f 632/975/967 827/973/965 828/976/968
f 632/975/967 828/976/968 633/977/969
f 633/977/969 828/976/968 829/978/970
f 633/977/969 829/978/970 830/979/971
f 830/979/971 829/978/970 734/980/972
f 830/979/971 734/980/972 831/981/973
f 831/981/973 734/980/972 735/982/974
f 831/981/973 735/982/974 832/983/975
f 832/983/975 735/982/974 736/984/976
f 832/983/975 736/984/976 833/985/977
f 833/985/977 736/984/976 737/986/978
f 833/985/977 737/986/978 738/987/979
f 711/932/924 712/988/980 808/934/926
f 808/934/926 712/988/980 713/989/981
f 808/934/926 713/989/981 809/937/929
f 809/937/929 713/989/981 714/990/982
f 809/937/929 714/990/982 810/939/931
f 810/939/931 714/990/982 715/991/983
f 810/939/931 715/991/983 811/941/933
f 811/941/933 715/991/983 812/943/935
f 715/991/983 716/992/984 812/943/935
f 812/943/935 716/992/984 717/993/985
f 812/943/935 717/993/985 813/945/937
f 813/945/937 717/993/985 718/994/986
f 813/945/937 718/994/986 814/947/939
f 814/947/939 718/994/986 719/995/987
f 814/947/939 719/995/987 815/949/941
f 815/949/941 719/995/987 816/951/943
f 719/995/987 720/996/988 816/951/943
f 816/951/943 720/996/988 721/997/989
f 816/951/943 721/997/989 817/953/945
f 817/953/945 721/997/989 722/998/990
f 817/953/945 722/998/990 818/955/947
f 818/955/947 722/998/990 723/999/991
f 818/955/947 723/999/991 819/957/949
f 819/957/949 723/999/991 724/1000/992
f 819/957/949 724/1000/992 820/959/951
f 820/959/951 724/1000/992 725/1001/993
f 820/959/951 725/1001/993 821/961/953
f 821/961/953 725/1001/993 726/1002/994
f 821/961/953 726/1002/994 822/963/955
f 822/963/955 726/1002/994 823/965/957
f 726/1002/994 727/1003/995 823/965/957
f 823/965/957 727/1003/995 824/967/959
f 727/1003/995 728/1004/996 824/967/959
f 824/967/959 728/1004/996 729/1005/997
f 824/967/959 729/1005/997 825/969/961
f 825/969/961 729/1005/997 730/1006/998
f 825/969/961 730/1006/998 826/971/963
f 826/971/963 730/1006/998 731/1007/999
f 826/971/963 731/1007/999 827/973/965
f 827/973/965 731/1007/999 828/976/968
f 731/1007/999 732/1008/1000 828/976/968
f 828/976/968 732/1008/1000 829/978/970
f 732/1008/1000 733/1009/1001 829/978/970
f 829/978/970 733/1009/1001 734/980/972
f 833/985/977 738/987/979 834/1010/1002
f 834/1010/1002 738/987/979 739/1011/1003
f 834/1010/1002 739/1011/1003 835/1012/1004
f 835/1012/1004 739/1011/1003 836/1013/1005
f 835/1012/1004 836/1013/1005 640/1014/1006
f 640/1014/1006 836/1013/1005 641/1015/1007
f 641/1015/1007 836/1013/1005 837/1016/1008
f 641/1015/1007 837/1016/1008 838/1017/1009
f 838/1017/1009 837/1016/1008 742/1018/1010
f 838/1017/1009 742/1018/1010 743/1019/1011
f 739/1011/1003 740/1020/1012 836/1013/1005
f 836/1013/1005 740/1020/1012 837/1016/1008
f 740/1020/1012 741/1021/1013 837/1016/1008
f 837/1016/1008 741/1021/1013 742/1018/1010
f 744/1022/1014 840/1023/1015 743/1019/1011
f 743/1019/1011 840/1023/1015 839/1024/1016
f 743/1019/1011 839/1024/1016 838/1017/1009
f 838/1017/1009 839/1024/1016 642/1025/1017
f 838/1017/1009 642/1025/1017 641/1015/1007
f 840/1023/1015 744/1022/1014 841/1026/1018
f 841/1026/1018 744/1022/1014 745/1027/1019
f 841/1026/1018 745/1027/1019 746/1028/1020
f 841/1026/1018 746/1028/1020 842/1029/1021
f 842/1029/1021 746/1028/1020 747/1030/1022
f 842/1029/1021 747/1030/1022 843/1031/1023
f 843/1031/1023 747/1030/1022 844/1032/1024
f 843/1031/1023 844/1032/1024 648/1033/1025
f 648/1033/1025 844/1032/1024 649/1034/1026
f 649/1034/1026 844/1032/1024 845/1035/1027
f 649/1034/1026 845/1035/1027 846/1036/1028
f 846/1036/1028 845/1035/1027 750/1037/1029
f 846/1036/1028 750/1037/1029 751/1038/1030
f 747/1030/1022 748/1039/1031 844/1032/1024
f 844/1032/1024 748/1039/1031 845/1035/1027
f 748/1039/1031 749/1040/1032 845/1035/1027
f 845/1035/1027 749/1040/1032 750/1037/1029
f 752/1041/1033 848/1042/1034 751/1038/1030
f 751/1038/1030 848/1042/1034 847/1043/1035
f 751/1038/1030 847/1043/1035 846/1036/1028
f 846/1036/1028 847/1043/1035 650/1044/1036
f 846/1036/1028 650/1044/1036 649/1034/1026
f 752/1041/1033 753/1045/1037 848/1042/1034
f 848/1042/1034 753/1045/1037 849/1046/1038
f 848/1042/1034 849/1046/1038 652/1047/1039
f 652/1047/1039 849/1046/1038 653/1048/1040
f 653/1048/1040 849/1046/1038 850/1049/1041
f 653/1048/1040 850/1049/1041 654/1050/1042
f 654/1050/1042 850/1049/1041 851/1051/1043
f 654/1050/1042 851/1051/1043 655/1052/1044
f 655/1052/1044 851/1051/1043 852/1053/1045
f 655/1052/1044 852/1053/1045 656/1054/1046
f 656/1054/1046 852/1053/1045 853/1055/1047
f 656/1054/1046 853/1055/1047 657/1056/1048
f 657/1056/1048 853/1055/1047 854/1057/1049
f 657/1056/1048 854/1057/1049 658/1058/1050
f 658/1058/1050 854/1057/1049 855/1059/1051
f 658/1058/1050 855/1059/1051 659/1060/1052
f 659/1060/1052 855/1059/1051 856/1061/1053
f 659/1060/1052 856/1061/1053 660/1062/1054
f 660/1062/1054 856/1061/1053 857/1063/1055
f 660/1062/1054 857/1063/1055 661/1064/1056
f 661/1064/1056 857/1063/1055 858/1065/1057
f 661/1064/1056 858/1065/1057 662/1066/1058
f 662/1066/1058 858/1065/1057 859/1067/1059
f 662/1066/1058 859/1067/1059 663/1068/1060
f 663/1068/1060 859/1067/1059 860/1069/1061
f 663/1068/1060 860/1069/1061 664/1070/1062
f 664/1070/1062 860/1069/1061 861/1071/1063
f 664/1070/1062 861/1071/1063 665/1072/1064
f 665/1072/1064 861/1071/1063 862/1073/1065
f 665/1072/1064 862/1073/1065 666/1074/1066
f 666/1074/1066 862/1073/1065 863/1075/1067
f 666/1074/1066 863/1075/1067 667/1076/1068
f 667/1076/1068 863/1075/1067 864/1077/1069
f 667/1076/1068 864/1077/1069 668/1078/1070
f 668/1078/1070 864/1077/1069 865/1079/1071
f 668/1078/1070 865/1079/1071 669/1080/1072
f 669/1080/1072 865/1079/1071 866/1081/1073
f 669/1080/1072 866/1081/1073 670/1082/1074
f 670/1082/1074 866/1081/1073 867/1083/1075
f 670/1082/1074 867/1083/1075 671/1084/1076
f 671/1084/1076 867/1083/1075 672/1085/1077
f 672/1085/1077 867/1083/1075 868/1086/1078
f 672/1085/1077 868/1086/1078 673/1087/1079
f 673/1087/1079 868/1086/1078 869/1088/1080
f 673/1087/1079 869/1088/1080 870/1089/1081
f 870/1089/1081 869/1088/1080 774/1090/1082
f 870/1089/1081 774/1090/1082 871/1091/1083
f 871/1091/1083 774/1090/1082 775/1092/1084
f 871/1091/1083 775/1092/1084 872/1093/1085
f 872/1093/1085 775/1092/1084 776/1094/1086
f 872/1093/1085 776/1094/1086 873/1095/1087
f 873/1095/1087 776/1094/1086 777/1096/1088
f 873/1095/1087 777/1096/1088 778/1097/1089
f 753/1045/1037 754/1098/1090 849/1046/1038
f 849/1046/1038 754/1098/1090 850/1049/1041
f 754/1098/1090 755/1099/1091 850/1049/1041
f 850/1049/1041 755/1099/1091 851/1051/1043
f 851/1051/1043 755/1099/1091 852/1053/1045
f 852/1053/1045 755/1099/1091 756/1100/1092
f 852/1053/1045 756/1100/1092 757/1101/1093
f 852/1053/1045 757/1101/1093 853/1055/1047
f 853/1055/1047 757/1101/1093 758/1102/1094
f 853/1055/1047 758/1102/1094 854/1057/1049
f 854/1057/1049 758/1102/1094 759/1103/1095
f 854/1057/1049 759/1103/1095 855/1059/1051
f 855/1059/1051 759/1103/1095 856/1061/1053
f 759/1103/1095 760/1104/1096 856/1061/1053
f 856/1061/1053 760/1104/1096 761/1105/1097
f 856/1061/1053 761/1105/1097 857/1063/1055
f 857/1063/1055 761/1105/1097 762/1106/1098
f 857/1063/1055 762/1106/1098 858/1065/1057
f 858/1065/1057 762/1106/1098 763/1107/1099
f 858/1065/1057 763/1107/1099 859/1067/1059
f 859/1067/1059 763/1107/1099 764/1108/1100
f 859/1067/1059 764/1108/1100 860/1069/1061
f 860/1069/1061 764/1108/1100 765/1109/1101
f 860/1069/1061 765/1109/1101 861/1071/1063
f 861/1071/1063 765/1109/1101 766/1110/1102
f 861/1071/1063 766/1110/1102 862/1073/1065
f 862/1073/1065 766/1110/1102 863/1075/1067
f 766/1110/1102 767/1111/1103 863/1075/1067
f 863/1075/1067 767/1111/1103 864/1077/1069
f 767/1111/1103 768/1112/1104 864/1077/1069
f 864/1077/1069 768/1112/1104 769/1113/1105
f 864/1077/1069 769/1113/1105 865/1079/1071
f 865/1079/1071 769/1113/1105 770/1114/1106
f 865/1079/1071 770/1114/1106 866/1081/1073
f 866/1081/1073 770/1114/1106 771/1115/1107
f 866/1081/1073 771/1115/1107 867/1083/1075
f 867/1083/1075 771/1115/1107 868/1086/1078
f 771/1115/1107 772/1116/1108 868/1086/1078
f 868/1086/1078 772/1116/1108 869/1088/1080
f 772/1116/1108 773/1117/1109 869/1088/1080
f 869/1088/1080 773/1117/1109 774/1090/1082
f 873/1095/1087 778/1097/1089 874/1118/1110
f 874/1118/1110 778/1097/1089 779/1119/1111
f 874/1118/1110 779/1119/1111 875/1120/1112
f 875/1120/1112 779/1119/1111 876/1121/1113
f 875/1120/1112 876/1121/1113 680/1122/1114
f 680/1122/1114 876/1121/1113 681/1123/1115
f 681/1123/1115 876/1121/1113 877/1124/1116
f 681/1123/1115 877/1124/1116 878/1125/1117
f 878/1125/1117 877/1124/1116 782/1126/1118
f 878/1125/1117 782/1126/1118 783/1127/1119
f 779/1119/1111 780/1128/1120 876/1121/1113
f 876/1121/1113 780/1128/1120 877/1124/1116
f 780/1128/1120 781/1129/1121 877/1124/1116
f 877/1124/1116 781/1129/1121 782/1126/1118
f 784/1130/1122 880/1131/1123 783/1127/1119
f 783/1127/1119 880/1131/1123 879/1132/1124
f 783/1127/1119 879/1132/1124 878/1125/1117
f 878/1125/1117 879/1132/1124 682/1133/1125
f 878/1125/1117 682/1133/1125 681/1123/1115
f 880/1131/1123 784/1130/1122 881/1134/1126
f 881/1134/1126 784/1130/1122 785/1135/1127
f 881/1134/1126 785/1135/1127 786/1136/1128
f 881/1134/1126 786/1136/1128 882/1137/1129
f 882/1137/1129 786/1136/1128 787/1138/1130
f 882/1137/1129 787/1138/1130 883/1139/1131
f 883/1139/1131 787/1138/1130 884/1140/1132
f 883/1139/1131 884/1140/1132 688/1141/1133
f 688/1141/1133 884/1140/1132 689/1142/1134
f 689/1142/1134 884/1140/1132 885/1143/1135
f 689/1142/1134 885/1143/1135 886/1144/1136
f 886/1144/1136 885/1143/1135 790/1145/1137
f 886/1144/1136 790/1145/1137 791/1146/1138
f 787/1138/1130 788/1147/1139 884/1140/1132
f 884/1140/1132 788/1147/1139 885/1143/1135
f 788/1147/1139 789/1148/1140 885/1143/1135
f 885/1143/1135 789/1148/1140 790/1145/1137
f 792/1149/1141 888/1150/1142 791/1146/1138
f 791/1146/1138 888/1150/1142 887/1151/1143
f 791/1146/1138 887/1151/1143 886/1144/1136
f 886/1144/1136 887/1151/1143 690/1152/1144
f 886/1144/1136 690/1152/1144 689/1142/1134
f 792/1149/1141 793/1153/1145 888/1150/1142
f 888/1150/1142 793/1153/1145 889/1154/1146
f 888/1150/1142 889/1154/1146 692/1155/1147
f 692/1155/1147 889/1154/1146 693/1156/1148
f 693/1156/1148 889/1154/1146 890/1157/1149
f 693/1156/1148 890/1157/1149 694/1158/1150
f 694/1158/1150 890/1157/1149 891/1159/1151
f 694/1158/1150 891/1159/1151 695/1160/1152
f 695/1160/1152 891/1159/1151 892/1161/1153
f 695/1160/1152 892/1161/1153 696/1162/1154
f 696/1162/1154 892/1161/1153 800/1163/1155
f 696/1162/1154 800/1163/1155 697/1164/1156
f 697/1164/1156 800/1163/1155 893/1165/1157
f 697/1164/1156 893/1165/1157 698/1166/1158
f 698/1166/1158 893/1165/1157 801/1167/1159
f 698/1166/1158 801/1167/1159 699/1168/1160
f 699/1168/1160 801/1167/1159 894/1169/1161
f 699/1168/1160 894/1169/1161 700/1170/1162
f 700/1170/1162 894/1169/1161 701/1171/1163
f 701/1171/1163 894/1169/1161 799/1172/1164
f 799/1172/1164 894/1169/1161 801/1167/1159
f 799/1172/1164 801/1167/1159 798/1173/1165
f 798/1173/1165 801/1167/1159 893/1165/1157
f 798/1173/1165 893/1165/1157 800/1163/1155
f 793/1153/1145 794/1174/1166 889/1154/1146
f 889/1154/1146 794/1174/1166 890/1157/1149
f 794/1174/1166 795/1175/1167 890/1157/1149
f 890/1157/1149 795/1175/1167 891/1159/1151
f 891/1159/1151 795/1175/1167 892/1161/1153
f 892/1161/1153 795/1175/1167 796/1176/1168
f 892/1161/1153 796/1176/1168 797/1177/1169
f 892/1161/1153 797/1177/1169 800/1163/1155
f 800/1163/1155 797/1177/1169 798/1173/1165
f 692/1155/1147 691/1178/1170 888/1150/1142
f 888/1150/1142 691/1178/1170 887/1151/1143
f 691/1178/1170 690/1152/1144 887/1151/1143
f 688/1141/1133 687/1179/1171 883/1139/1131
f 883/1139/1131 687/1179/1171 686/1180/1172
f 883/1139/1131 686/1180/1172 882/1137/1129
f 882/1137/1129 686/1180/1172 685/1181/1173
f 882/1137/1129 685/1181/1173 881/1134/1126
f 881/1134/1126 685/1181/1173 880/1131/1123
f 685/1181/1173 684/1182/1174 880/1131/1123
f 880/1131/1123 684/1182/1174 879/1132/1124
f 684/1182/1174 683/1183/1175 879/1132/1124
f 879/1132/1124 683/1183/1175 682/1133/1125
f 680/1122/1114 679/1184/1176 875/1120/1112
f 875/1120/1112 679/1184/1176 678/1185/1177
f 875/1120/1112 678/1185/1177 874/1118/1110
f 874/1118/1110 678/1185/1177 677/1186/1178
f 874/1118/1110 677/1186/1178 873/1095/1087
f 873/1095/1087 677/1186/1178 872/1093/1085
f 677/1186/1178 676/1187/1179 872/1093/1085
f 872/1093/1085 676/1187/1179 871/1091/1083
f 676/1187/1179 675/1188/1180 871/1091/1083
f 871/1091/1083 675/1188/1180 674/1189/1181
f 871/1091/1083 674/1189/1181 870/1089/1081
f 870/1089/1081 674/1189/1181 673/1087/1079
f 652/1047/1039 651/1190/1182 848/1042/1034
f 848/1042/1034 651/1190/1182 847/1043/1035
f 651/1190/1182 650/1044/1036 847/1043/1035
f 648/1033/1025 647/1191/1183 843/1031/1023
f 843/1031/1023 647/1191/1183 646/1192/1184
f 843/1031/1023 646/1192/1184 842/1029/1021
f 842/1029/1021 646/1192/1184 645/1193/1185
f 842/1029/1021 645/1193/1185 841/1026/1018
f 841/1026/1018 645/1193/1185 840/1023/1015
f 645/1193/1185 644/1194/1186 840/1023/1015
f 840/1023/1015 644/1194/1186 839/1024/1016
f 644/1194/1186 643/1195/1187 839/1024/1016
f 839/1024/1016 643/1195/1187 642/1025/1017
f 640/1014/1006 639/1196/1188 835/1012/1004
f 835/1012/1004 639/1196/1188 638/1197/1189
f 835/1012/1004 638/1197/1189 834/1010/1002
f 834/1010/1002 638/1197/1189 637/1198/1190
f 834/1010/1002 637/1198/1190 833/985/977
f 833/985/977 637/1198/1190 832/983/975
f 637/1198/1190 636/1199/1191 832/983/975
f 832/983/975 636/1199/1191 831/981/973
f 636/1199/1191 635/1200/1192 831/981/973
f 831/981/973 635/1200/1192 634/1201/1193
f 831/981/973 634/1201/1193 830/979/971
f 830/979/971 634/1201/1193 633/977/969
f 611/935/927 610/1202/1194 807/933/925
f 807/933/925 610/1202/1194 806/931/923
f 610/1202/1194 609/1203/1195 806/931/923
f 806/931/923 609/1203/1195 805/929/921
f 609/1203/1195 608/1204/1196 805/929/921
f 805/929/921 608/1204/1196 804/926/918
f 608/1204/1196 607/1205/1197 804/926/918
f 804/926/918 607/1205/1197 803/924/916
f 607/1205/1197 606/918/910 803/924/916
f 803/924/916 606/918/910 802/920/912
f 188/1206/1198 898/1207/1199 189/1208/1200
f 189/1208/1200 898/1207/1199 899/1209/1201
f 189/1208/1200 899/1209/1201 900/1210/1202
f 898/1207/1199 188/1206/1198 897/1211/1203
f 897/1211/1203 188/1206/1198 187/1212/1204
f 897/1211/1203 187/1212/1204 896/1213/1205
f 896/1213/1205 187/1212/1204 186/1214/1206
f 896/1213/1205 186/1214/1206 895/1215/1207
f 895/1215/1207 186/1214/1206 185/1216/1208
f 189/1208/1200 900/1210/1202 706/1217/1209
f 706/1217/1209 900/1210/1202 901/1218/1210
f 706/1217/1209 901/1218/1210 707/1219/1211
f 707/1219/1211 901/1218/1210 902/1220/1212
f 707/1219/1211 902/1220/1212 708/1221/1213
f 708/1221/1213 902/1220/1212 903/1222/1214
f 708/1221/1213 903/1222/1214 709/1223/1215
f 709/1223/1215 903/1222/1214 710/1224/1216
f 710/1224/1216 903/1222/1214 904/1225/1217
f 710/1224/1216 904/1225/1217 711/1226/1218
f 711/1226/1218 904/1225/1217 905/1227/1219
f 711/1226/1218 905/1227/1219 712/1228/1220
f 712/1228/1220 905/1227/1219 906/1229/1221
f 712/1228/1220 906/1229/1221 713/1230/1222
f 713/1230/1222 906/1229/1221 907/1231/1223
f 713/1232/1222 907/1233/1223 714/1234/1224
f 714/1234/1224 907/1233/1223 908/1235/1225
f 714/1234/1224 908/1235/1225 715/1236/1226
f 715/1236/1226 908/1235/1225 909/1237/1227
f 715/1236/1226 909/1237/1227 716/1238/1228
f 716/1238/1228 909/1237/1227 910/1239/1229
f 716/1238/1228 910/1239/1229 717/1240/1230
f 717/1240/1230 910/1239/1229 911/1241/1231
f 717/1240/1230 911/1241/1231 718/1242/1232
f 718/1242/1232 911/1241/1231 912/1243/1233
f 718/1242/1232 912/1243/1233 719/1244/1234
f 719/1244/1234 912/1243/1233 913/1245/1235
f 719/1244/1234 913/1245/1235 720/1246/1236
f 720/1246/1236 913/1245/1235 914/1247/1237
f 720/1246/1236 914/1247/1237 721/1248/1238
f 721/1248/1238 914/1247/1237 915/1249/1239
f 721/1248/1238 915/1249/1239 722/1250/1240
f 722/1250/1240 915/1249/1239 916/1251/1241
f 722/1250/1240 916/1251/1241 723/1252/1242
f 723/1252/1242 916/1251/1241 917/1253/1243
f 723/1252/1242 917/1253/1243 724/1254/1244
f 724/1254/1244 917/1253/1243 918/1255/1245
f 724/1254/1244 918/1255/1245 725/1256/1246
f 725/1256/1246 918/1255/1245 919/1257/1247
f 725/1256/1246 919/1257/1247 726/1258/1248
f 726/1258/1248 919/1257/1247 920/1259/1249
f 726/1258/1248 920/1259/1249 727/1260/1250
f 727/1260/1250 920/1259/1249 921/1261/1251
f 727/1260/1250 921/1261/1251 728/1262/1252
f 728/1262/1252 921/1261/1251 922/1263/1253
f 728/1262/1252 922/1263/1253 729/1264/1254
f 729/1264/1254 922/1263/1253 923/1265/1255
f 729/1264/1254 923/1265/1255 730/1266/1256
f 730/1266/1256 923/1265/1255 924/1267/1257
f 730/1266/1256 924/1267/1257 731/1268/1258
f 731/1268/1258 924/1267/1257 925/1269/1259
f 731/1268/1258 925/1269/1259 732/1270/1260
f 732/1270/1260 925/1269/1259 926/1271/1261
f 732/1270/1260 926/1271/1261 733/1272/1262
f 733/1272/1262 926/1271/1261 927/1273/1263
f 733/1272/1262 927/1273/1263 734/1274/1264
f 734/1274/1264 927/1273/1263 928/1275/1265
f 734/1274/1264 928/1275/1265 735/1276/1266
f 735/1276/1266 928/1275/1265 929/1277/1267
f 735/1276/1266 929/1277/1267 736/1278/1268
f 736/1278/1268 929/1277/1267 930/1279/1269
f 736/1278/1268 930/1279/1269 737/1280/1270
f 737/1280/1270 930/1279/1269 931/1281/1271
f 737/1280/1270 931/1281/1271 738/1282/1272
f 738/1282/1272 931/1281/1271 932/1283/1273
f 738/1282/1272 932/1283/1273 739/1284/1274
f 739/1284/1274 932/1283/1273 933/1285/1275
f 739/1284/1274 933/1285/1275 740/1286/1276
f 740/1286/1276 933/1285/1275 934/1287/1277
f 740/1286/1276 934/1287/1277 741/1288/1278
f 741/1288/1278 934/1287/1277 935/1289/1279
f 741/1288/1278 935/1289/1279 742/1290/1280
f 742/1290/1280 935/1289/1279 936/1291/1281
f 742/1290/1280 936/1291/1281 743/1292/1282
f 743/1292/1282 936/1291/1281 937/1293/1283
f 743/1292/1282 937/1293/1283 744/1294/1284
f 744/1294/1284 937/1293/1283 938/1295/1285
f 744/1294/1284 938/1295/1285 745/1296/1286
f 745/1296/1286 938/1295/1285 939/1297/1287
f 745/1296/1286 939/1297/1287 746/1298/1288
f 746/1298/1288 939/1297/1287 940/1299/1289
f 746/1298/1288 940/1299/1289 747/1300/1290
f 747/1300/1290 940/1299/1289 941/1301/1291
f 747/1300/1290 941/1301/1291 748/1302/1292
f 748/1302/1292 941/1301/1291 942/1303/1293
f 748/1302/1292 942/1303/1293 749/1304/1294
f 749/1304/1294 942/1303/1293 943/1305/1295
f 749/1304/1294 943/1305/1295 750/1306/1296
f 750/1306/1296 943/1305/1295 944/1307/1297
f 750/1306/1296 944/1307/1297 751/1308/1298
f 751/1308/1298 944/1307/1297 945/1309/1299
f 751/1308/1298 945/1309/1299 752/1310/1300
f 752/1310/1300 945/1309/1299 946/1311/1301
f 752/1310/1300 946/1311/1301 753/1312/1302
f 753/1312/1302 946/1311/1301 947/1313/1303
f 753/1312/1302 947/1313/1303 754/1314/1304
f 754/1314/1304 947/1313/1303 948/1315/1305
f 754/1314/1304 948/1315/1305 755/1316/1306
f 755/1316/1306 948/1315/1305 949/1317/1307
f 755/1316/1306 949/1317/1307 756/1318/1308
f 756/1318/1308 949/1317/1307 950/1319/1309
f 756/1318/1308 950/1319/1309 757/1320/1310
f 757/1320/1310 950/1319/1309 951/1321/1311
f 757/1320/1310 951/1321/1311 758/1322/1312
f 758/1322/1312 951/1321/1311 952/1323/1313
f 758/1322/1312 952/1323/1313 759/1324/1314
f 759/1324/1314 952/1323/1313 953/1325/1315
f 759/1324/1314 953/1325/1315 760/1326/1316
f 760/1326/1316 953/1325/1315 954/1327/1317
f 760/1326/1316 954/1327/1317 761/1328/1318
f 761/1328/1318 954/1327/1317 955/1329/1319
f 761/1328/1318 955/1329/1319 762/1330/1320
f 762/1330/1320 955/1329/1319 956/1331/1321
f 762/1330/1320 956/1331/1321 763/1332/1322
f 763/1332/1322 956/1331/1321 957/1333/1323
f 763/1332/1322 957/1333/1323 764/1334/1324
f 764/1334/1324 957/1333/1323 958/1335/1325
f 764/1334/1324 958/1335/1325 765/1336/1326
f 765/1336/1326 958/1335/1325 959/1337/1327
f 765/1336/1326 959/1337/1327 766/1338/1328
f 766/1338/1328 959/1337/1327 960/1339/1329
f 766/1338/1328 960/1339/1329 767/1340/1330
f 767/1340/1330 960/1339/1329 961/1341/1331
f 767/1340/1330 961/1341/1331 768/1342/1332
f 768/1342/1332 961/1341/1331 962/1343/1333
f 768/1342/1332 962/1343/1333 769/1344/1334
f 769/1344/1334 962/1343/1333 963/1345/1335
f 769/1346/1334 963/1347/1335 770/1348/1336
f 770/1348/1336 963/1347/1335 964/1349/1337
f 770/1348/1336 964/1349/1337 771/1350/1338
f 771/1350/1338 964/1349/1337 965/1351/1339
f 771/1350/1338 965/1351/1339 772/1352/1340
f 772/1352/1340 965/1351/1339 966/1353/1341
f 772/1352/1340 966/1353/1341 773/1354/1342
f 773/1354/1342 966/1353/1341 967/1355/1343
f 773/1354/1342 967/1355/1343 774/1356/1344
f 774/1356/1344 967/1355/1343 968/1357/1345
f 774/1356/1344 968/1357/1345 775/1358/1346
f 775/1358/1346 968/1357/1345 969/1359/1347
f 775/1358/1346 969/1359/1347 776/1360/1348
f 776/1360/1348 969/1359/1347 970/1361/1349
f 776/1360/1348 970/1361/1349 777/1362/1350
f 777/1362/1350 970/1361/1349 971/1363/1351
f 777/1362/1350 971/1363/1351 778/1364/1352
f 778/1364/1352 971/1363/1351 972/1365/1353
f 778/1364/1352 972/1365/1353 779/1366/1354
f 779/1366/1354 972/1365/1353 973/1367/1355
f 779/1366/1354 973/1367/1355 780/1368/1356
f 780/1368/1356 973/1367/1355 974/1369/1357
f 780/1368/1356 974/1369/1357 781/1370/1358
f 781/1370/1358 974/1369/1357 975/1371/1359
f 781/1370/1358 975/1371/1359 782/1372/1360
f 782/1372/1360 975/1371/1359 976/1373/1361
f 782/1372/1360 976/1373/1361 783/1374/1362
f 783/1374/1362 976/1373/1361 977/1375/1363
f 783/1374/1362 977/1375/1363 784/1376/1364
f 784/1376/1364 977/1375/1363 978/1377/1365
f 784/1376/1364 978/1377/1365 785/1378/1366
f 785/1378/1366 978/1377/1365 979/1379/1367
f 785/1378/1366 979/1379/1367 786/1380/1368
f 786/1380/1368 979/1379/1367 980/1381/1369
f 786/1380/1368 980/1381/1369 787/1382/1370
f 787/1382/1370 980/1381/1369 981/1383/1371
f 787/1382/1370 981/1383/1371 788/1384/1372
f 788/1384/1372 981/1383/1371 982/1385/1373
f 788/1384/1372 982/1385/1373 789/1386/1374
f 789/1386/1374 982/1385/1373 983/1387/1375
f 789/1386/1374 983/1387/1375 790/1388/1376
f 790/1388/1376 983/1387/1375 984/1389/1377
f 790/1388/1376 984/1389/1377 791/1390/1378
f 791/1390/1378 984/1389/1377 985/1391/1379
f 791/1390/1378 985/1391/1379 792/1392/1380
f 792/1392/1380 985/1391/1379 986/1393/1381
f 792/1392/1380 986/1393/1381 793/1394/1382
f 793/1394/1382 986/1393/1381 987/1395/1383
f 793/1394/1382 987/1395/1383 988/1396/1384
f 793/1394/1382 988/1396/1384 794/1397/1385
f 794/1397/1385 988/1396/1384 989/1398/1386
f 794/1397/1385 989/1398/1386 795/1399/1387
f 795/1399/1387 989/1398/1386 990/1400/1388
f 795/1399/1387 990/1400/1388 796/1401/1389
f 796/1401/1389 990/1400/1388 991/1402/1390
f 796/1401/1389 991/1402/1390 797/1403/1391
f 797/1403/1391 991/1402/1390 798/1404/1392
f 798/1404/1392 991/1402/1390 992/1405/1393
f 798/1404/1392 992/1405/1393 799/1406/1394
f 895/1407/1395 185/1408/1396 1088/1409/1397
f 1088/1409/1397 185/1408/1396 184/1410/1398
f 1088/1409/1397 184/1410/1398 993/1411/1399
f 993/1411/1399 184/1410/1398 183/1412/1400
f 993/1411/1399 994/1413/1401 1088/1409/1397
f 1088/1409/1397 994/1413/1401 1089/1414/1402
f 1088/1409/1397 1089/1414/1402 895/1407/1395
f 895/1407/1395 1089/1414/1402 896/1415/1403
f 896/1415/1403 1089/1414/1402 1090/1416/1404
f 896/1415/1403 1090/1416/1404 897/1417/1405
f 897/1417/1405 1090/1416/1404 1091/1418/1406
f 897/1417/1405 1091/1418/1406 1092/1419/1407
f 1092/1419/1407 1091/1418/1406 997/1420/1408
f 1092/1419/1407 997/1420/1408 998/1421/1409
f 1089/1414/1402 994/1413/1401 1090/1416/1404
f 1090/1416/1404 994/1413/1401 995/1422/1410
f 1090/1416/1404 995/1422/1410 1091/1418/1406
f 1091/1418/1406 995/1422/1410 996/1423/1411
f 1091/1418/1406 996/1423/1411 997/1420/1408
f 999/1424/1412 1094/1425/1413 998/1421/1409
f 998/1421/1409 1094/1425/1413 1093/1426/1414
f 998/1421/1409 1093/1426/1414 1092/1419/1407
f 1092/1419/1407 1093/1426/1414 898/1427/1415
f 1092/1419/1407 898/1427/1415 897/1417/1405
f 1094/1425/1413 999/1424/1412 1095/1428/1416
f 1095/1428/1416 999/1424/1412 1000/1429/1417
f 1095/1428/1416 1000/1429/1417 1096/1430/1418
f 1096/1430/1418 1000/1429/1417 1001/1431/1419
f 1096/1430/1418 1001/1431/1419 1097/1432/1420
f 1097/1432/1420 1001/1431/1419 1002/1433/1421
f 1097/1432/1420 1002/1433/1421 1098/1434/1422
f 1098/1434/1422 1002/1433/1421 1003/1435/1423
f 1098/1434/1422 1003/1435/1423 1004/1436/1424
f 1098/1434/1422 1004/1436/1424 1099/1437/1425
f 1099/1437/1425 1004/1436/1424 1005/1438/1426
f 1099/1437/1425 1005/1438/1426 1100/1439/1427
f 1100/1439/1427 1005/1438/1426 1006/1440/1428
f 1100/1439/1427 1006/1440/1428 1101/1441/1429
f 1101/1441/1429 1006/1440/1428 1102/1442/1430
f 1101/1441/1429 1102/1442/1430 908/1443/1431
f 908/1443/1431 1102/1442/1430 1103/1444/1432
f 908/1443/1431 1103/1444/1432 909/1445/1433
f 909/1445/1433 1103/1444/1432 1104/1446/1434
f 909/1445/1433 1104/1446/1434 910/1447/1435
f 910/1447/1435 1104/1446/1434 1105/1448/1436
f 910/1447/1435 1105/1448/1436 911/1449/1437
f 911/1449/1437 1105/1448/1436 912/1450/1438
f 912/1450/1438 1105/1448/1436 1106/1451/1439
f 912/1450/1438 1106/1451/1439 1107/1452/1440
f 1107/1452/1440 1106/1451/1439 1012/1453/1441
f 1107/1452/1440 1012/1453/1441 1013/1454/1442
f 1006/1440/1428 1007/1455/1443 1102/1442/1430
f 1102/1442/1430 1007/1455/1443 1008/1456/1444
f 1102/1442/1430 1008/1456/1444 1103/1444/1432
f 1103/1444/1432 1008/1456/1444 1009/1457/1445
f 1103/1444/1432 1009/1457/1445 1104/1446/1434
f 1104/1446/1434 1009/1457/1445 1010/1458/1446
f 1104/1446/1434 1010/1458/1446 1105/1448/1436
f 1105/1448/1436 1010/1458/1446 1106/1451/1439
f 1010/1458/1446 1011/1459/1447 1106/1451/1439
f 1106/1451/1439 1011/1459/1447 1012/1453/1441
f 1107/1452/1440 1013/1454/1442 1108/1460/1448
f 1108/1460/1448 1013/1454/1442 1014/1461/1449
f 1108/1460/1448 1014/1461/1449 1109/1462/1450
f 1109/1462/1450 1014/1461/1449 1110/1463/1451
f 1109/1462/1450 1110/1463/1451 916/1464/1452
f 916/1464/1452 1110/1463/1451 1111/1465/1453
f 916/1464/1452 1111/1465/1453 917/1466/1454
f 917/1466/1454 1111/1465/1453 1112/1467/1455
f 917/1466/1454 1112/1467/1455 918/1468/1456
f 918/1468/1456 1112/1467/1455 1113/1469/1457
f 918/1468/1456 1113/1469/1457 919/1470/1458
f 919/1470/1458 1113/1469/1457 920/1471/1459
f 920/1471/1459 1113/1469/1457 1114/1472/1460
f 920/1471/1459 1114/1472/1460 1115/1473/1461
f 1115/1473/1461 1114/1472/1460 1020/1474/1462
f 1115/1473/1461 1020/1474/1462 1021/1475/1463
f 1014/1461/1449 1015/1476/1464 1110/1463/1451
f 1110/1463/1451 1015/1476/1464 1016/1477/1465
f 1110/1463/1451 1016/1477/1465 1111/1465/1453
f 1111/1465/1453 1016/1477/1465 1017/1478/1466
f 1111/1465/1453 1017/1478/1466 1112/1467/1455
f 1112/1467/1455 1017/1478/1466 1018/1479/1467
f 1112/1467/1455 1018/1479/1467 1113/1469/1457
f 1113/1469/1457 1018/1479/1467 1114/1472/1460
f 1018/1479/1467 1019/1480/1468 1114/1472/1460
f 1114/1472/1460 1019/1480/1468 1020/1474/1462
f 1115/1473/1461 1021/1475/1463 1116/1481/1469
f 1116/1481/1469 1021/1475/1463 1022/1482/1470
f 1116/1481/1469 1022/1482/1470 1117/1483/1471
f 1117/1483/1471 1022/1482/1470 1118/1484/1472
f 1117/1483/1471 1118/1484/1472 924/1485/1473
f 924/1485/1473 1118/1484/1472 925/1486/1474
f 925/1486/1474 1118/1484/1472 1119/1487/1475
f 925/1486/1474 1119/1487/1475 1120/1488/1476
f 1120/1488/1476 1119/1487/1475 1025/1489/1477
f 1120/1488/1476 1025/1489/1477 1026/1490/1478
f 1022/1482/1470 1023/1491/1479 1118/1484/1472
f 1118/1484/1472 1023/1491/1479 1119/1487/1475
f 1023/1491/1479 1024/1492/1480 1119/1487/1475
f 1119/1487/1475 1024/1492/1480 1025/1489/1477
f 1027/1493/1481 1122/1494/1482 1026/1490/1478
f 1026/1490/1478 1122/1494/1482 1121/1495/1483
f 1026/1490/1478 1121/1495/1483 1120/1488/1476
f 1120/1488/1476 1121/1495/1483 926/1496/1484
f 1120/1488/1476 926/1496/1484 925/1486/1474
f 1122/1494/1482 1027/1493/1481 1123/1497/1485
f 1123/1497/1485 1027/1493/1481 1028/1498/1486
f 1123/1497/1485 1028/1498/1486 1029/1499/1487
f 1123/1497/1485 1029/1499/1487 1124/1500/1488
f 1124/1500/1488 1029/1499/1487 1030/1501/1489
f 1124/1500/1488 1030/1501/1489 1125/1502/1490
f 1125/1502/1490 1030/1501/1489 1126/1503/1491
f 1125/1502/1490 1126/1503/1491 932/1504/1492
f 932/1504/1492 1126/1503/1491 933/1505/1493
f 933/1505/1493 1126/1503/1491 1127/1506/1494
f 933/1505/1493 1127/1506/1494 1128/1507/1495
f 1128/1507/1495 1127/1506/1494 1033/1508/1496
f 1128/1507/1495 1033/1508/1496 1034/1509/1497
f 1030/1501/1489 1031/1510/1498 1126/1503/1491
f 1126/1503/1491 1031/1510/1498 1127/1506/1494
f 1031/1510/1498 1032/1511/1499 1127/1506/1494
f 1127/1506/1494 1032/1511/1499 1033/1508/1496
f 1035/1512/1500 1130/1513/1501 1034/1509/1497
f 1034/1509/1497 1130/1513/1501 1129/1514/1502
f 1034/1509/1497 1129/1514/1502 1128/1507/1495
f 1128/1507/1495 1129/1514/1502 934/1515/1503
f 1128/1507/1495 934/1515/1503 933/1505/1493
f 1130/1513/1501 1035/1512/1500 1131/1516/1504
f 1131/1516/1504 1035/1512/1500 1036/1517/1505
f 1131/1516/1504 1036/1517/1505 1037/1518/1506
f 1131/1516/1504 1037/1518/1506 1132/1519/1507
f 1132/1519/1507 1037/1518/1506 1038/1520/1508
f 1132/1519/1507 1038/1520/1508 1133/1521/1509
f 1133/1521/1509 1038/1520/1508 1134/1522/1510
f 1133/1521/1509 1134/1522/1510 940/1523/1511
f 940/1523/1511 1134/1522/1510 941/1524/1512
f 941/1524/1512 1134/1522/1510 1135/1525/1513
f 941/1524/1512 1135/1525/1513 942/1526/1514
f 942/1526/1514 1135/1525/1513 1136/1527/1515
f 942/1526/1514 1136/1527/1515 943/1528/1516
f 943/1528/1516 1136/1527/1515 1137/1529/1517
f 943/1528/1516 1137/1529/1517 944/1530/1518
f 944/1530/1518 1137/1529/1517 1138/1531/1519
f 944/1530/1518 1138/1531/1519 1139/1532/1520
f 1139/1532/1520 1138/1531/1519 1044/1533/1521
f 1139/1532/1520 1044/1533/1521 1045/1534/1522
f 1038/1520/1508 1039/1535/1523 1134/1522/1510
f 1134/1522/1510 1039/1535/1523 1135/1525/1513
f 1039/1535/1523 1040/1536/1524 1135/1525/1513
f 1135/1525/1513 1040/1536/1524 1136/1527/1515
f 1040/1536/1524 1041/1537/1525 1136/1527/1515
f 1136/1527/1515 1041/1537/1525 1137/1529/1517
f 1041/1537/1525 1042/1538/1526 1137/1529/1517
f 1137/1529/1517 1042/1538/1526 1138/1531/1519
f 1042/1538/1526 1043/1539/1527 1138/1531/1519
f 1138/1531/1519 1043/1539/1527 1044/1533/1521
f 1139/1532/1520 1045/1534/1522 1140/1540/1528
f 1140/1540/1528 1045/1534/1522 1046/1541/1529
f 1140/1540/1528 1046/1541/1529 1141/1542/1530
f 1141/1542/1530 1046/1541/1529 1142/1543/1531
f 1141/1542/1530 1142/1543/1531 948/1544/1532
f 948/1544/1532 1142/1543/1531 1143/1545/1533
f 948/1544/1532 1143/1545/1533 949/1546/1534
f 949/1546/1534 1143/1545/1533 1144/1547/1535
f 949/1546/1534 1144/1547/1535 950/1548/1536
f 950/1548/1536 1144/1547/1535 1145/1549/1537
f 950/1548/1536 1145/1549/1537 951/1550/1538
f 951/1550/1538 1145/1549/1537 952/1551/1539
f 952/1551/1539 1145/1549/1537 1146/1552/1540
f 952/1551/1539 1146/1552/1540 1147/1553/1541
f 1147/1553/1541 1146/1552/1540 1052/1554/1542
f 1147/1553/1541 1052/1554/1542 1053/1555/1543
f 1046/1541/1529 1047/1556/1544 1142/1543/1531
f 1142/1543/1531 1047/1556/1544 1048/1557/1545
f 1142/1543/1531 1048/1557/1545 1143/1545/1533
f 1143/1545/1533 1048/1557/1545 1049/1558/1546
f 1143/1545/1533 1049/1558/1546 1144/1547/1535
f 1144/1547/1535 1049/1558/1546 1050/1559/1547
f 1144/1547/1535 1050/1559/1547 1145/1549/1537
f 1145/1549/1537 1050/1559/1547 1146/1552/1540
f 1050/1559/1547 1051/1560/1548 1146/1552/1540
f 1146/1552/1540 1051/1560/1548 1052/1554/1542
f 1147/1553/1541 1053/1555/1543 1148/1561/1549
f 1148/1561/1549 1053/1555/1543 1054/1562/1550
f 1148/1561/1549 1054/1562/1550 1149/1563/1551
f 1149/1563/1551 1054/1562/1550 1150/1564/1552
f 1149/1563/1551 1150/1564/1552 956/1565/1553
f 956/1565/1553 1150/1564/1552 1151/1566/1554
f 956/1565/1553 1151/1566/1554 957/1567/1555
f 957/1567/1555 1151/1566/1554 1152/1568/1556
f 957/1567/1555 1152/1568/1556 958/1569/1557
f 958/1569/1557 1152/1568/1556 1153/1570/1558
f 958/1569/1557 1153/1570/1558 959/1571/1559
f 959/1571/1559 1153/1570/1558 960/1572/1560
f 960/1572/1560 1153/1570/1558 1154/1573/1561
f 960/1572/1560 1154/1573/1561 1155/1574/1562
f 1155/1574/1562 1154/1573/1561 1060/1575/1563
f 1155/1574/1562 1060/1575/1563 1061/1576/1564
f 1054/1562/1550 1055/1577/1565 1150/1564/1552
f 1150/1564/1552 1055/1577/1565 1056/1578/1566
f 1150/1564/1552 1056/1578/1566 1151/1566/1554
f 1151/1566/1554 1056/1578/1566 1057/1579/1567
f 1151/1566/1554 1057/1579/1567 1152/1568/1556
f 1152/1568/1556 1057/1579/1567 1058/1580/1568
f 1152/1568/1556 1058/1580/1568 1153/1570/1558
f 1153/1570/1558 1058/1580/1568 1154/1573/1561
f 1058/1580/1568 1059/1581/1569 1154/1573/1561
f 1154/1573/1561 1059/1581/1569 1060/1575/1563
f 1155/1574/1562 1061/1576/1564 1156/1582/1570
f 1156/1582/1570 1061/1576/1564 1062/1583/1571
f 1156/1582/1570 1062/1583/1571 1157/1584/1572
f 1157/1584/1572 1062/1583/1571 1158/1585/1573
f 1157/1584/1572 1158/1585/1573 964/1586/1574
f 964/1586/1574 1158/1585/1573 965/1587/1575
f 965/1587/1575 1158/1585/1573 1159/1588/1576
f 965/1587/1575 1159/1588/1576 1160/1589/1577
f 1160/1589/1577 1159/1588/1576 1065/1590/1578
f 1160/1589/1577 1065/1590/1578 1066/1591/1579
f 1062/1583/1571 1063/1592/1580 1158/1585/1573
f 1158/1585/1573 1063/1592/1580 1159/1588/1576
f 1063/1592/1580 1064/1593/1581 1159/1588/1576
f 1159/1588/1576 1064/1593/1581 1065/1590/1578
f 1067/1594/1582 1162/1595/1583 1066/1591/1579
f 1066/1591/1579 1162/1595/1583 1161/1596/1584
f 1066/1591/1579 1161/1596/1584 1160/1589/1577
f 1160/1589/1577 1161/1596/1584 966/1597/1585
f 1160/1589/1577 966/1597/1585 965/1587/1575
f 1162/1595/1583 1067/1594/1582 1163/1598/1586
f 1163/1598/1586 1067/1594/1582 1068/1599/1587
f 1163/1598/1586 1068/1599/1587 1069/1600/1588
f 1163/1598/1586 1069/1600/1588 1164/1601/1589
f 1164/1601/1589 1069/1600/1588 1070/1602/1590
f 1164/1601/1589 1070/1602/1590 1165/1603/1591
f 1165/1603/1591 1070/1602/1590 1166/1604/1592
f 1165/1603/1591 1166/1604/1592 972/1605/1593
f 972/1605/1593 1166/1604/1592 973/1606/1594
f 973/1606/1594 1166/1604/1592 1167/1607/1595
f 973/1606/1594 1167/1607/1595 1168/1608/1596
f 1168/1608/1596 1167/1607/1595 1073/1609/1597
f 1168/1608/1596 1073/1609/1597 1074/1610/1598
f 1070/1602/1590 1071/1611/1599 1166/1604/1592
f 1166/1604/1592 1071/1611/1599 1167/1607/1595
f 1071/1611/1599 1072/1612/1600 1167/1607/1595
f 1167/1607/1595 1072/1612/1600 1073/1609/1597
f 1075/1613/1601 1170/1614/1602 1074/1610/1598
f 1074/1610/1598 1170/1614/1602 1169/1615/1603
f 1074/1610/1598 1169/1615/1603 1168/1608/1596
f 1168/1608/1596 1169/1615/1603 974/1616/1604
f 1168/1608/1596 974/1616/1604 973/1606/1594
f 1170/1614/1602 1075/1613/1601 1171/1617/1605
f 1171/1617/1605 1075/1613/1601 1076/1618/1606
f 1171/1617/1605 1076/1618/1606 1077/1619/1607
f 1171/1617/1605 1077/1619/1607 1172/1620/1608
f 1172/1620/1608 1077/1619/1607 1078/1621/1609
f 1172/1620/1608 1078/1621/1609 1173/1622/1610
f 1173/1622/1610 1078/1621/1609 1174/1623/1611
f 1173/1622/1610 1174/1623/1611 980/1624/1612
f 980/1624/1612 1174/1623/1611 981/1625/1613
f 981/1625/1613 1174/1623/1611 1175/1626/1614
f 981/1625/1613 1175/1626/1614 982/1627/1615
f 982/1627/1615 1175/1626/1614 1176/1628/1616
f 982/1627/1615 1176/1628/1616 983/1629/1617
f 983/1629/1617 1176/1628/1616 1177/1630/1618
f 983/1629/1617 1177/1630/1618 984/1631/1619
f 984/1631/1619 1177/1630/1618 1178/1632/1620
f 984/1631/1619 1178/1632/1620 985/1633/1621
f 985/1633/1621 1178/1632/1620 1179/1634/1622
f 985/1633/1621 1179/1634/1622 1180/1635/1623
f 1180/1635/1623 1179/1634/1622 1085/1636/1624
f 1180/1635/1623 1085/1636/1624 1086/1637/1625
f 1078/1621/1609 1079/1638/1626 1174/1623/1611
f 1174/1623/1611 1079/1638/1626 1175/1626/1614
f 1079/1638/1626 1080/1639/1627 1175/1626/1614
f 1175/1626/1614 1080/1639/1627 1176/1628/1616
f 1080/1639/1627 1081/1640/1628 1176/1628/1616
f 1176/1628/1616 1081/1640/1628 1177/1630/1618
f 1081/1640/1628 1082/1641/1629 1177/1630/1618
f 1177/1630/1618 1082/1641/1629 1178/1632/1620
f 1082/1641/1629 1083/1642/1630 1178/1632/1620
f 1178/1632/1620 1083/1642/1630 1179/1634/1622
f 1083/1642/1630 1084/1643/1631 1179/1634/1622
f 1179/1634/1622 1084/1643/1631 1085/1636/1624
f 1180/1635/1623 1086/1637/1625 1181/1644/1632
f 1181/1644/1632 1086/1637/1625 1087/1645/1633
f 1181/1644/1632 1087/1645/1633 1182/1646/1634
f 1182/1646/1634 1087/1645/1633 989/1647/1635
f 1182/1646/1634 989/1647/1635 988/1648/1636
f 1182/1646/1634 988/1648/1636 1181/1644/1632
f 1181/1644/1632 988/1648/1636 987/1649/1637
f 1181/1644/1632 987/1649/1637 986/1650/1638
f 1181/1644/1632 986/1650/1638 1180/1635/1623
f 1180/1635/1623 986/1650/1638 985/1633/1621
f 980/1624/1612 979/1651/1639 1173/1622/1610
f 1173/1622/1610 979/1651/1639 978/1652/1640
f 1173/1622/1610 978/1652/1640 1172/1620/1608
f 1172/1620/1608 978/1652/1640 977/1653/1641
f 1172/1620/1608 977/1653/1641 1171/1617/1605
f 1171/1617/1605 977/1653/1641 1170/1614/1602
f 977/1653/1641 976/1654/1642 1170/1614/1602
f 1170/1614/1602 976/1654/1642 1169/1615/1603
f 976/1654/1642 975/1655/1643 1169/1615/1603
f 1169/1615/1603 975/1655/1643 974/1616/1604
f 972/1605/1593 971/1656/1644 1165/1603/1591
f 1165/1603/1591 971/1656/1644 970/1657/1645
f 1165/1603/1591 970/1657/1645 1164/1601/1589
f 1164/1601/1589 970/1657/1645 969/1658/1646
f 1164/1601/1589 969/1658/1646 1163/1598/1586
f 1163/1598/1586 969/1658/1646 1162/1595/1583
f 969/1658/1646 968/1659/1647 1162/1595/1583
f 1162/1595/1583 968/1659/1647 1161/1596/1584
f 968/1659/1647 967/1660/1648 1161/1596/1584
f 1161/1596/1584 967/1660/1648 966/1597/1585
f 964/1586/1574 963/1661/1649 1157/1584/1572
f 1157/1584/1572 963/1661/1649 962/1662/1650
f 1157/1584/1572 962/1662/1650 1156/1582/1570
f 1156/1582/1570 962/1662/1650 961/1663/1651
f 1156/1582/1570 961/1663/1651 1155/1574/1562
f 1155/1574/1562 961/1663/1651 960/1572/1560
f 956/1565/1553 955/1664/1652 1149/1563/1551
f 1149/1563/1551 955/1664/1652 954/1665/1653
f 1149/1563/1551 954/1665/1653 1148/1561/1549
f 1148/1561/1549 954/1665/1653 953/1666/1654
f 1148/1561/1549 953/1666/1654 1147/1553/1541
f 1147/1553/1541 953/1666/1654 952/1551/1539
f 948/1544/1532 947/1667/1655 1141/1542/1530
f 1141/1542/1530 947/1667/1655 946/1668/1656
f 1141/1542/1530 946/1668/1656 1140/1540/1528
f 1140/1540/1528 946/1668/1656 945/1669/1657
f 1140/1540/1528 945/1669/1657 1139/1532/1520
f 1139/1532/1520 945/1669/1657 944/1530/1518
f 940/1523/1511 939/1670/1658 1133/1521/1509
f 1133/1521/1509 939/1670/1658 938/1671/1659
f 1133/1521/1509 938/1671/1659 1132/1519/1507
f 1132/1519/1507 938/1671/1659 937/1672/1660
f 1132/1519/1507 937/1672/1660 1131/1516/1504
f 1131/1516/1504 937/1672/1660 1130/1513/1501
f 937/1672/1660 936/1673/1661 1130/1513/1501
f 1130/1513/1501 936/1673/1661 1129/1514/1502
f 936/1673/1661 935/1674/1662 1129/1514/1502
f 1129/1514/1502 935/1674/1662 934/1515/1503
f 932/1504/1492 931/1675/1663 1125/1502/1490
f 1125/1502/1490 931/1675/1663 930/1676/1664
f 1125/1502/1490 930/1676/1664 1124/1500/1488
f 1124/1500/1488 930/1676/1664 929/1677/1665
f 1124/1500/1488 929/1677/1665 1123/1497/1485
f 1123/1497/1485 929/1677/1665 1122/1494/1482
f 929/1677/1665 928/1678/1666 1122/1494/1482
f 1122/1494/1482 928/1678/1666 1121/1495/1483
f 928/1678/1666 927/1679/1667 1121/1495/1483
f 1121/1495/1483 927/1679/1667 926/1496/1484
f 924/1485/1473 923/1680/1668 1117/1483/1471
f 1117/1483/1471 923/1680/1668 922/1681/1669
f 1117/1483/1471 922/1681/1669 1116/1481/1469
f 1116/1481/1469 922/1681/1669 921/1682/1670
f 1116/1481/1469 921/1682/1670 1115/1473/1461
f 1115/1473/1461 921/1682/1670 920/1471/1459
f 916/1464/1452 915/1683/1671 1109/1462/1450
f 1109/1462/1450 915/1683/1671 914/1684/1672
f 1109/1462/1450 914/1684/1672 1108/1460/1448
f 1108/1460/1448 914/1684/1672 913/1685/1673
f 1108/1460/1448 913/1685/1673 1107/1452/1440
f 1107/1452/1440 913/1685/1673 912/1450/1438
f 908/1443/1431 907/1686/1674 1101/1441/1429
f 1101/1441/1429 907/1686/1674 906/1687/1675
f 1101/1441/1429 906/1687/1675 1100/1439/1427
f 1100/1439/1427 906/1687/1675 905/1688/1676
f 1100/1439/1427 905/1688/1676 1099/1437/1425
f 1099/1437/1425 905/1688/1676 904/1689/1677
f 1099/1437/1425 904/1689/1677 1098/1434/1422
f 1098/1434/1422 904/1689/1677 1097/1432/1420
f 904/1689/1677 903/1690/1678 1097/1432/1420
f 1097/1432/1420 903/1690/1678 1096/1430/1418
f 903/1690/1678 902/1691/1679 1096/1430/1418
f 1096/1430/1418 902/1691/1679 1095/1428/1416
f 902/1691/1679 901/1692/1680 1095/1428/1416
f 1095/1428/1416 901/1692/1680 1094/1425/1413
f 901/1692/1680 900/1693/1681 1094/1425/1413
f 1094/1425/1413 900/1693/1681 1093/1426/1414
f 900/1693/1681 899/1694/1682 1093/1426/1414
f 1093/1426/1414 899/1694/1682 898/1427/1415
f 182/1695/1683 1189/1696/1684 183/1697/1685
f 183/1697/1685 1189/1696/1684 1190/1698/1686
f 183/1697/1685 1190/1698/1686 1191/1699/1687
f 1189/1696/1684 182/1695/1683 1188/1700/1688
f 1188/1700/1688 182/1695/1683 181/1701/1689
f 1188/1700/1688 181/1701/1689 1187/1702/1690
f 1187/1702/1690 181/1701/1689 180/1703/1691
f 1187/1702/1690 180/1703/1691 1186/1704/1692
f 1186/1704/1692 180/1703/1691 1185/1705/1693
f 1185/1705/1693 180/1703/1691 179/1706/1694
f 1185/1705/1693 179/1706/1694 1184/1707/1695
f 1184/1707/1695 179/1706/1694 1183/1708/1696
f 1183/1708/1696 179/1706/1694 178/1709/1697
f 183/1697/1685 1191/1699/1687 993/1710/1698
f 993/1710/1698 1191/1699/1687 1192/1711/1699
f 993/1710/1698 1192/1711/1699 994/1712/1700
f 994/1712/1700 1192/1711/1699 1193/1713/1701
f 994/1712/1700 1193/1713/1701 995/1714/1702
f 995/1714/1702 1193/1713/1701 1194/1715/1703
f 995/1714/1702 1194/1715/1703 996/1716/1704
f 996/1716/1704 1194/1715/1703 1195/1717/1705
f 996/1716/1704 1195/1717/1705 997/1718/1706
f 997/1718/1706 1195/1717/1705 998/1719/1707
f 998/1719/1707 1195/1717/1705 1196/1720/1708
f 998/1719/1707 1196/1720/1708 1197/1721/1709
f 998/1719/1707 1197/1721/1709 999/1722/1710
f 999/1722/1710 1197/1721/1709 1198/1723/1711
f 999/1722/1710 1198/1723/1711 1000/1724/1712
f 1000/1724/1712 1198/1723/1711 1199/1725/1713
f 1000/1724/1712 1199/1725/1713 1001/1726/1714
f 1001/1726/1714 1199/1725/1713 1200/1727/1715
f 1001/1726/1714 1200/1727/1715 1002/1728/1716
f 1002/1728/1716 1200/1727/1715 1003/1729/1717
f 1003/1729/1717 1200/1727/1715 1201/1730/1718
f 1003/1729/1717 1201/1730/1718 1004/1731/1719
f 1004/1731/1719 1201/1730/1718 1202/1732/1720
f 1004/1731/1719 1202/1732/1720 1005/1733/1721
f 1005/1733/1721 1202/1732/1720 1203/1734/1722
f 1005/1733/1721 1203/1734/1722 1006/1735/1723
f 1006/1735/1723 1203/1734/1722 1204/1736/1724
f 1006/1735/1723 1204/1736/1724 1007/1737/1725
f 1007/1737/1725 1204/1736/1724 1205/1738/1726
f 1007/1737/1725 1205/1738/1726 1008/1739/1727
f 1008/1739/1727 1205/1738/1726 1206/1740/1728
f 1008/1739/1727 1206/1740/1728 1009/1741/1729
f 1009/1741/1729 1206/1740/1728 1207/1742/1730
f 1009/1741/1729 1207/1742/1730 1010/1743/1731
f 1010/1743/1731 1207/1742/1730 1208/1744/1732
f 1010/1743/1731 1208/1744/1732 1011/1745/1733
f 1011/1745/1733 1208/1744/1732 1209/1746/1734
f 1011/1745/1733 1209/1746/1734 1012/1747/1735
f 1012/1747/1735 1209/1746/1734 1210/1748/1736
f 1012/1747/1735 1210/1748/1736 1013/1749/1737
f 1013/1749/1737 1210/1748/1736 1211/1750/1738
f 1013/1749/1737 1211/1750/1738 1014/1751/1739
f 1014/1751/1739 1211/1750/1738 1212/1752/1740
f 1014/1751/1739 1212/1752/1740 1015/1753/1741
f 1015/1753/1741 1212/1752/1740 1213/1754/1742
f 1015/1753/1741 1213/1754/1742 1016/1755/1743
f 1016/1755/1743 1213/1754/1742 1214/1756/1744
f 1016/1755/1743 1214/1756/1744 1017/1757/1745
f 1017/1757/1745 1214/1756/1744 1215/1758/1746
f 1017/1757/1745 1215/1758/1746 1018/1759/1747
f 1018/1759/1747 1215/1758/1746 1216/1760/1748
f 1018/1759/1747 1216/1760/1748 1019/1761/1749
f 1019/1761/1749 1216/1760/1748 1217/1762/1750
f 1019/1761/1749 1217/1762/1750 1020/1763/1751
f 1020/1763/1751 1217/1762/1750 1218/1764/1752
f 1020/1763/1751 1218/1764/1752 1219/1765/1753
f 1020/1763/1751 1219/1765/1753 1021/1766/1754
f 1021/1766/1754 1219/1765/1753 1220/1767/1755
f 1021/1766/1754 1220/1767/1755 1022/1768/1756
f 1022/1768/1756 1220/1767/1755 1221/1769/1757
f 1022/1768/1756 1221/1769/1757 1023/1770/1758
f 1023/1770/1758 1221/1769/1757 1222/1771/1759
f 1023/1770/1758 1222/1771/1759 1024/1772/1760
f 1024/1772/1760 1222/1771/1759 1223/1773/1761
f 1024/1772/1760 1223/1773/1761 1025/1774/1762
f 1025/1774/1762 1223/1773/1761 1224/1775/1763
f 1025/1774/1762 1224/1775/1763 1026/1776/1764
f 1026/1776/1764 1224/1775/1763 1225/1777/1765
f 1026/1776/1764 1225/1777/1765 1027/1778/1766
f 1027/1778/1766 1225/1777/1765 1226/1779/1767
f 1027/1778/1766 1226/1779/1767 1028/1780/1768
f 1028/1780/1768 1226/1779/1767 1227/1781/1769
f 1028/1780/1768 1227/1781/1769 1029/1782/1770
f 1029/1782/1770 1227/1781/1769 1228/1783/1771
f 1029/1782/1770 1228/1783/1771 1030/1784/1772
f 1030/1784/1772 1228/1783/1771 1229/1785/1773
f 1030/1784/1772 1229/1785/1773 1031/1786/1774
f 1031/1786/1774 1229/1785/1773 1230/1787/1775
f 1031/1786/1774 1230/1787/1775 1032/1788/1776
f 1032/1788/1776 1230/1787/1775 1231/1789/1777
f 1032/1788/1776 1231/1789/1777 1033/1790/1778
f 1033/1790/1778 1231/1789/1777 1232/1791/1779
f 1033/1790/1778 1232/1791/1779 1034/1792/1780
f 1034/1792/1780 1232/1791/1779 1233/1793/1781
f 1034/1794/1780 1233/1795/1781 1035/1796/1782
f 1035/1796/1782 1233/1795/1781 1234/1797/1783
f 1035/1796/1782 1234/1797/1783 1036/1798/1784
f 1036/1798/1784 1234/1797/1783 1235/1799/1785
f 1036/1798/1784 1235/1799/1785 1037/1800/1786
f 1037/1800/1786 1235/1799/1785 1038/1801/1787
f 1038/1801/1787 1235/1799/1785 1236/1802/1788
f 1038/1801/1787 1236/1802/1788 1237/1803/1789
f 1038/1801/1787 1237/1803/1789 1039/1804/1790
f 1039/1804/1790 1237/1803/1789 1238/1805/1791
f 1039/1804/1790 1238/1805/1791 1040/1806/1792
f 1040/1806/1792 1238/1805/1791 1239/1807/1793
f 1040/1806/1792 1239/1807/1793 1041/1808/1794
f 1041/1808/1794 1239/1807/1793 1240/1809/1795
f 1041/1808/1794 1240/1809/1795 1042/1810/1796
f 1042/1810/1796 1240/1809/1795 1043/1811/1797
f 1043/1811/1797 1240/1809/1795 1241/1812/1798
f 1043/1811/1797 1241/1812/1798 1044/1813/1799
f 1044/1813/1799 1241/1812/1798 1242/1814/1800
f 1044/1813/1799 1242/1814/1800 1045/1815/1801
f 1045/1815/1801 1242/1814/1800 1243/1816/1802
f 1045/1815/1801 1243/1816/1802 1046/1817/1803
f 1046/1817/1803 1243/1816/1802 1244/1818/1804
f 1046/1817/1803 1244/1818/1804 1047/1819/1805
f 1047/1819/1805 1244/1818/1804 1245/1820/1806
f 1047/1819/1805 1245/1820/1806 1048/1821/1807
f 1048/1821/1807 1245/1820/1806 1246/1822/1808
f 1048/1821/1807 1246/1822/1808 1049/1823/1809
f 1049/1823/1809 1246/1822/1808 1247/1824/1810
f 1049/1823/1809 1247/1824/1810 1050/1825/1811
f 1050/1825/1811 1247/1824/1810 1248/1826/1812
f 1050/1825/1811 1248/1826/1812 1051/1827/1813
f 1051/1827/1813 1248/1826/1812 1249/1828/1814
f 1051/1827/1813 1249/1828/1814 1052/1829/1815
f 1052/1829/1815 1249/1828/1814 1250/1830/1816
f 1052/1829/1815 1250/1830/1816 1053/1831/1817
f 1053/1831/1817 1250/1830/1816 1251/1832/1818
f 1053/1831/1817 1251/1832/1818 1054/1833/1819
f 1054/1833/1819 1251/1832/1818 1252/1834/1820
f 1054/1833/1819 1252/1834/1820 1055/1835/1821
f 1055/1835/1821 1252/1834/1820 1253/1836/1822
f 1055/1835/1821 1253/1836/1822 1056/1837/1823
f 1056/1837/1823 1253/1836/1822 1254/1838/1824
f 1056/1837/1823 1254/1838/1824 1057/1839/1825
f 1057/1839/1825 1254/1838/1824 1255/1840/1826
f 1057/1839/1825 1255/1840/1826 1058/1841/1827
f 1058/1841/1827 1255/1840/1826 1256/1842/1828
f 1058/1841/1827 1256/1842/1828 1059/1843/1829
f 1059/1843/1829 1256/1842/1828 1257/1844/1830
f 1059/1843/1829 1257/1844/1830 1060/1845/1831
f 1060/1845/1831 1257/1844/1830 1258/1846/1832
f 1060/1845/1831 1258/1846/1832 1259/1847/1833
f 1060/1845/1831 1259/1847/1833 1061/1848/1834
f 1061/1848/1834 1259/1847/1833 1260/1849/1835
f 1061/1848/1834 1260/1849/1835 1062/1850/1836
f 1062/1850/1836 1260/1849/1835 1261/1851/1837
f 1062/1850/1836 1261/1851/1837 1063/1852/1838
f 1063/1852/1838 1261/1851/1837 1262/1853/1839
f 1063/1852/1838 1262/1853/1839 1064/1854/1840
f 1064/1854/1840 1262/1853/1839 1263/1855/1841
f 1064/1854/1840 1263/1855/1841 1065/1856/1842
f 1065/1856/1842 1263/1855/1841 1264/1857/1843
f 1065/1856/1842 1264/1857/1843 1066/1858/1844
f 1066/1858/1844 1264/1857/1843 1265/1859/1845
f 1066/1858/1844 1265/1859/1845 1067/1860/1846
f 1067/1860/1846 1265/1859/1845 1266/1861/1847
f 1067/1860/1846 1266/1861/1847 1068/1862/1848
f 1068/1862/1848 1266/1861/1847 1267/1863/1849
f 1068/1862/1848 1267/1863/1849 1069/1864/1850
f 1069/1864/1850 1267/1863/1849 1268/1865/1851
f 1069/1864/1850 1268/1865/1851 1070/1866/1852
f 1070/1866/1852 1268/1865/1851 1269/1867/1853
f 1070/1866/1852 1269/1867/1853 1071/1868/1854
f 1071/1868/1854 1269/1867/1853 1270/1869/1855
f 1071/1868/1854 1270/1869/1855 1072/1870/1856
f 1072/1870/1856 1270/1869/1855 1271/1871/1857
f 1072/1870/1856 1271/1871/1857 1073/1872/1858
f 1073/1872/1858 1271/1871/1857 1272/1873/1859
f 1073/1872/1858 1272/1873/1859 1074/1874/1860
f 1074/1874/1860 1272/1873/1859 1273/1875/1861
f 1074/1874/1860 1273/1875/1861 1075/1876/1862
f 1075/1876/1862 1273/1875/1861 1274/1877/1863
f 1075/1876/1862 1274/1877/1863 1076/1878/1864
f 1076/1878/1864 1274/1877/1863 1275/1879/1865
f 1076/1878/1864 1275/1879/1865 1077/1880/1866
f 1077/1880/1866 1275/1879/1865 1276/1881/1867
f 1077/1880/1866 1276/1881/1867 1078/1882/1868
f 1078/1882/1868 1276/1881/1867 1277/1883/1869
f 1078/1882/1868 1277/1883/1869 1079/1884/1870
f 1079/1884/1870 1277/1883/1869 1278/1885/1871
f 1079/1884/1870 1278/1885/1871 1080/1886/1872
f 1080/1886/1872 1278/1885/1871 1279/1887/1873
f 1080/1886/1872 1279/1887/1873 1081/1888/1874
f 1081/1888/1874 1279/1887/1873 1082/1889/1875
f 1082/1889/1875 1279/1887/1873 1280/1890/1876
f 1082/1889/1875 1280/1890/1876 1083/1891/1877
f 1083/1891/1877 1280/1890/1876 1281/1892/1878
f 1083/1891/1877 1281/1892/1878 1084/1893/1879
f 1084/1893/1879 1281/1892/1878 1282/1894/1880
f 1084/1893/1879 1282/1894/1880 1085/1895/1881
f 1085/1895/1881 1282/1894/1880 1086/1896/1882
f 1086/1896/1882 1282/1894/1880 1087/1897/1883
f 1183/1898/1884 178/1899/1885 1379/1900/1886
f 1379/1900/1886 178/1899/1885 177/1901/1887
f 1379/1900/1886 177/1901/1887 1283/1902/1888
f 1283/1902/1888 177/1901/1887 176/1903/1889
f 1379/1900/1886 1283/1902/1888 1380/1904/1890
f 1380/1904/1890 1283/1902/1888 1284/1905/1891
f 1380/1904/1890 1284/1905/1891 1381/1906/1892
f 1381/1906/1892 1284/1905/1891 1285/1907/1893
f 1381/1906/1892 1285/1907/1893 1382/1908/1894
f 1382/1908/1894 1285/1907/1893 1286/1909/1895
f 1382/1908/1894 1286/1909/1895 1287/1910/1896
f 1382/1908/1894 1287/1910/1896 1383/1911/1897
f 1383/1911/1897 1287/1910/1896 1288/1912/1898
f 1383/1911/1897 1288/1912/1898 1384/1913/1899
f 1384/1913/1899 1288/1912/1898 1385/1914/1900
f 1384/1913/1899 1385/1914/1900 1189/1915/1901
f 1189/1915/1901 1385/1914/1900 1190/1916/1902
f 1190/1916/1902 1385/1914/1900 1386/1917/1903
f 1190/1916/1902 1386/1917/1903 1387/1918/1904
f 1387/1918/1904 1386/1917/1903 1291/1919/1905
f 1387/1918/1904 1291/1919/1905 1292/1920/1906
f 1288/1912/1898 1289/1921/1907 1385/1914/1900
f 1385/1914/1900 1289/1921/1907 1386/1917/1903
f 1289/1921/1907 1290/1922/1908 1386/1917/1903
f 1386/1917/1903 1290/1922/1908 1291/1919/1905
f 1293/1923/1909 1389/1924/1910 1292/1920/1906
f 1292/1920/1906 1389/1924/1910 1388/1925/1911
f 1292/1920/1906 1388/1925/1911 1387/1918/1904
f 1387/1918/1904 1388/1925/1911 1191/1926/1912
f 1387/1918/1904 1191/1926/1912 1190/1916/1902
f 1389/1924/1910 1293/1923/1909 1390/1927/1913
f 1390/1927/1913 1293/1923/1909 1294/1928/1914
f 1390/1927/1913 1294/1928/1914 1295/1929/1915
f 1390/1927/1913 1295/1929/1915 1391/1930/1916
f 1391/1930/1916 1295/1929/1915 1296/1931/1917
f 1391/1930/1916 1296/1931/1917 1392/1932/1918
f 1392/1932/1918 1296/1931/1917 1393/1933/1919
f 1392/1932/1918 1393/1933/1919 1196/1934/1920
f 1196/1934/1920 1393/1933/1919 1197/1935/1921
f 1197/1935/1921 1393/1933/1919 1394/1936/1922
f 1197/1935/1921 1394/1936/1922 1198/1937/1923
f 1198/1937/1923 1394/1936/1922 1395/1938/1924
f 1198/1937/1923 1395/1938/1924 1199/1939/1925
f 1199/1939/1925 1395/1938/1924 1396/1940/1926
f 1199/1939/1925 1396/1940/1926 1200/1941/1927
f 1200/1941/1927 1396/1940/1926 1397/1942/1928
f 1200/1941/1927 1397/1942/1928 1201/1943/1929
f 1201/1943/1929 1397/1942/1928 1398/1944/1930
f 1201/1943/1929 1398/1944/1930 1202/1945/1931
f 1202/1945/1931 1398/1944/1930 1399/1946/1932
f 1202/1945/1931 1399/1946/1932 1203/1947/1933
f 1203/1947/1933 1399/1946/1932 1400/1948/1934
f 1203/1947/1933 1400/1948/1934 1204/1949/1935
f 1204/1949/1935 1400/1948/1934 1401/1950/1936
f 1204/1949/1935 1401/1950/1936 1205/1951/1937
f 1205/1951/1937 1401/1950/1936 1402/1952/1938
f 1205/1951/1937 1402/1952/1938 1206/1953/1939
f 1206/1953/1939 1402/1952/1938 1403/1954/1940
f 1206/1953/1939 1403/1954/1940 1207/1955/1941
f 1207/1955/1941 1403/1954/1940 1404/1956/1942
f 1207/1955/1941 1404/1956/1942 1208/1957/1943
f 1208/1957/1943 1404/1956/1942 1405/1958/1944
f 1208/1957/1943 1405/1958/1944 1209/1959/1945
f 1209/1959/1945 1405/1958/1944 1406/1960/1946
f 1209/1959/1945 1406/1960/1946 1210/1961/1947
f 1210/1961/1947 1406/1960/1946 1407/1962/1948
f 1210/1961/1947 1407/1962/1948 1211/1963/1949
f 1211/1963/1949 1407/1962/1948 1408/1964/1950
f 1211/1963/1949 1408/1964/1950 1212/1965/1951
f 1212/1965/1951 1408/1964/1950 1409/1966/1952
f 1212/1965/1951 1409/1966/1952 1213/1967/1953
f 1213/1967/1953 1409/1966/1952 1410/1968/1954
f 1213/1967/1953 1410/1968/1954 1214/1969/1955
f 1214/1969/1955 1410/1968/1954 1411/1970/1956
f 1214/1969/1955 1411/1970/1956 1215/1971/1957
f 1215/1971/1957 1411/1970/1956 1412/1972/1958
f 1215/1971/1957 1412/1972/1958 1216/1973/1959
f 1216/1973/1959 1412/1972/1958 1217/1974/1960
f 1217/1974/1960 1412/1972/1958 1413/1975/1961
f 1217/1974/1960 1413/1975/1961 1218/1976/1962
f 1218/1976/1962 1413/1975/1961 1414/1977/1963
f 1218/1976/1962 1414/1977/1963 1415/1978/1964
f 1415/1978/1964 1414/1977/1963 1319/1979/1965
f 1415/1978/1964 1319/1979/1965 1416/1980/1966
f 1416/1980/1966 1319/1979/1965 1320/1981/1967
f 1416/1980/1966 1320/1981/1967 1417/1982/1968
f 1417/1982/1968 1320/1981/1967 1321/1983/1969
f 1417/1982/1968 1321/1983/1969 1418/1984/1970
f 1418/1984/1970 1321/1983/1969 1322/1985/1971
f 1418/1984/1970 1322/1985/1971 1323/1986/1972
f 1296/1931/1917 1297/1987/1973 1393/1933/1919
f 1393/1933/1919 1297/1987/1973 1298/1988/1974
f 1393/1933/1919 1298/1988/1974 1394/1936/1922
f 1394/1936/1922 1298/1988/1974 1299/1989/1975
f 1394/1936/1922 1299/1989/1975 1395/1938/1924
f 1395/1938/1924 1299/1989/1975 1300/1990/1976
f 1395/1938/1924 1300/1990/1976 1396/1940/1926
f 1396/1940/1926 1300/1990/1976 1397/1942/1928
f 1300/1990/1976 1301/1991/1977 1397/1942/1928
f 1397/1942/1928 1301/1991/1977 1302/1992/1978
f 1397/1942/1928 1302/1992/1978 1398/1944/1930
f 1398/1944/1930 1302/1992/1978 1303/1993/1979
f 1398/1944/1930 1303/1993/1979 1399/1946/1932
f 1399/1946/1932 1303/1993/1979 1304/1994/1980
f 1399/1946/1932 1304/1994/1980 1400/1948/1934
f 1400/1948/1934 1304/1994/1980 1401/1950/1936
f 1304/1994/1980 1305/1995/1981 1401/1950/1936
f 1401/1950/1936 1305/1995/1981 1306/1996/1982
f 1401/1950/1936 1306/1996/1982 1402/1952/1938
f 1402/1952/1938 1306/1996/1982 1307/1997/1983
f 1402/1952/1938 1307/1997/1983 1403/1954/1940
f 1403/1954/1940 1307/1997/1983 1308/1998/1984
f 1403/1954/1940 1308/1998/1984 1404/1956/1942
f 1404/1956/1942 1308/1998/1984 1309/1999/1985
f 1404/1956/1942 1309/1999/1985 1405/1958/1944
f 1405/1958/1944 1309/1999/1985 1310/2000/1986
f 1405/1958/1944 1310/2000/1986 1406/1960/1946
f 1406/1960/1946 1310/2000/1986 1311/2001/1987
f 1406/1960/1946 1311/2001/1987 1407/1962/1948
f 1407/1962/1948 1311/2001/1987 1408/1964/1950
f 1311/2001/1987 1312/2002/1988 1408/1964/1950
f 1408/1964/1950 1312/2002/1988 1409/1966/1952
f 1312/2002/1988 1313/2003/1989 1409/1966/1952
f 1409/1966/1952 1313/2003/1989 1314/2004/1990
f 1409/1966/1952 1314/2004/1990 1410/1968/1954
f 1410/1968/1954 1314/2004/1990 1315/2005/1991
f 1410/1968/1954 1315/2005/1991 1411/1970/1956
f 1411/1970/1956 1315/2005/1991 1316/2006/1992
f 1411/1970/1956 1316/2006/1992 1412/1972/1958
f 1412/1972/1958 1316/2006/1992 1413/1975/1961
f 1316/2006/1992 1317/2007/1993 1413/1975/1961
f 1413/1975/1961 1317/2007/1993 1414/1977/1963
f 1317/2007/1993 1318/2008/1994 1414/1977/1963
f 1414/1977/1963 1318/2008/1994 1319/1979/1965
f 1418/1984/1970 1323/1986/1972 1419/2009/1995
f 1419/2009/1995 1323/1986/1972 1324/2010/1996
f 1419/2009/1995 1324/2010/1996 1420/2011/1997
f 1420/2011/1997 1324/2010/1996 1421/2012/1998
f 1420/2011/1997 1421/2012/1998 1225/2013/1999
f 1225/2013/1999 1421/2012/1998 1226/2014/2000
f 1226/2014/2000 1421/2012/1998 1422/2015/2001
f 1226/2014/2000 1422/2015/2001 1423/2016/2002
f 1423/2016/2002 1422/2015/2001 1327/2017/2003
f 1423/2016/2002 1327/2017/2003 1328/2018/2004
f 1324/2010/1996 1325/2019/2005 1421/2012/1998
f 1421/2012/1998 1325/2019/2005 1422/2015/2001
f 1325/2019/2005 1326/2020/2006 1422/2015/2001
f 1422/2015/2001 1326/2020/2006 1327/2017/2003
f 1329/2021/2007 1425/2022/2008 1328/2018/2004
f 1328/2018/2004 1425/2022/2008 1424/2023/2009
f 1328/2018/2004 1424/2023/2009 1423/2016/2002
f 1423/2016/2002 1424/2023/2009 1227/2024/2010
f 1423/2016/2002 1227/2024/2010 1226/2014/2000
f 1425/2022/2008 1329/2021/2007 1426/2025/2011
f 1426/2025/2011 1329/2021/2007 1330/2026/2012
f 1426/2025/2011 1330/2026/2012 1331/2027/2013
f 1426/2025/2011 1331/2027/2013 1427/2028/2014
f 1427/2028/2014 1331/2027/2013 1332/2029/2015
f 1427/2028/2014 1332/2029/2015 1428/2030/2016
f 1428/2030/2016 1332/2029/2015 1429/2031/2017
f 1428/2030/2016 1429/2031/2017 1233/2032/2018
f 1233/2032/2018 1429/2031/2017 1234/2033/2019
f 1234/2033/2019 1429/2031/2017 1430/2034/2020
f 1234/2033/2019 1430/2034/2020 1431/2035/2021
f 1431/2035/2021 1430/2034/2020 1335/2036/2022
f 1431/2035/2021 1335/2036/2022 1336/2037/2023
f 1332/2029/2015 1333/2038/2024 1429/2031/2017
f 1429/2031/2017 1333/2038/2024 1430/2034/2020
f 1333/2038/2024 1334/2039/2025 1430/2034/2020
f 1430/2034/2020 1334/2039/2025 1335/2036/2022
f 1337/2040/2026 1433/2041/2027 1336/2037/2023
f 1336/2037/2023 1433/2041/2027 1432/2042/2028
f 1336/2037/2023 1432/2042/2028 1431/2035/2021
f 1431/2035/2021 1432/2042/2028 1235/2043/2029
f 1431/2035/2021 1235/2043/2029 1234/2033/2019
f 1337/2040/2026 1338/2044/2030 1433/2041/2027
f 1433/2041/2027 1338/2044/2030 1434/2045/2031
f 1433/2041/2027 1434/2045/2031 1237/2046/2032
f 1237/2046/2032 1434/2045/2031 1238/2047/2033
f 1238/2047/2033 1434/2045/2031 1435/2048/2034
f 1238/2047/2033 1435/2048/2034 1239/2049/2035
f 1239/2049/2035 1435/2048/2034 1436/2050/2036
f 1239/2049/2035 1436/2050/2036 1240/2051/2037
f 1240/2051/2037 1436/2050/2036 1437/2052/2038
f 1240/2051/2037 1437/2052/2038 1241/2053/2039
f 1241/2053/2039 1437/2052/2038 1438/2054/2040
f 1241/2053/2039 1438/2054/2040 1242/2055/2041
f 1242/2055/2041 1438/2054/2040 1439/2056/2042
f 1242/2055/2041 1439/2056/2042 1243/2057/2043
f 1243/2057/2043 1439/2056/2042 1440/2058/2044
f 1243/2057/2043 1440/2058/2044 1244/2059/2045
f 1244/2059/2045 1440/2058/2044 1441/2060/2046
f 1244/2059/2045 1441/2060/2046 1245/2061/2047
f 1245/2061/2047 1441/2060/2046 1442/2062/2048
f 1245/2061/2047 1442/2062/2048 1246/2063/2049
f 1246/2063/2049 1442/2062/2048 1443/2064/2050
f 1246/2063/2049 1443/2064/2050 1247/2065/2051
f 1247/2065/2051 1443/2064/2050 1444/2066/2052
f 1247/2065/2051 1444/2066/2052 1248/2067/2053
f 1248/2067/2053 1444/2066/2052 1445/2068/2054
f 1248/2067/2053 1445/2068/2054 1249/2069/2055
f 1249/2069/2055 1445/2068/2054 1446/2070/2056
f 1249/2069/2055 1446/2070/2056 1250/2071/2057
f 1250/2071/2057 1446/2070/2056 1447/2072/2058
f 1250/2071/2057 1447/2072/2058 1251/2073/2059
f 1251/2073/2059 1447/2072/2058 1448/2074/2060
f 1251/2073/2059 1448/2074/2060 1252/2075/2061
f 1252/2075/2061 1448/2074/2060 1449/2076/2062
f 1252/2075/2061 1449/2076/2062 1253/2077/2063
f 1253/2077/2063 1449/2076/2062 1450/2078/2064
f 1253/2077/2063 1450/2078/2064 1254/2079/2065
f 1254/2079/2065 1450/2078/2064 1451/2080/2066
f 1254/2079/2065 1451/2080/2066 1255/2081/2067
f 1255/2081/2067 1451/2080/2066 1452/2082/2068
f 1255/2081/2067 1452/2082/2068 1256/2083/2069
f 1256/2083/2069 1452/2082/2068 1257/2084/2070
f 1257/2084/2070 1452/2082/2068 1453/2085/2071
f 1257/2084/2070 1453/2085/2071 1258/2086/2072
f 1258/2086/2072 1453/2085/2071 1454/2087/2073
f 1258/2086/2072 1454/2087/2073 1455/2088/2074
f 1455/2088/2074 1454/2087/2073 1359/2089/2075
f 1455/2088/2074 1359/2089/2075 1456/2090/2076
f 1456/2090/2076 1359/2089/2075 1360/2091/2077
f 1456/2090/2076 1360/2091/2077 1457/2092/2078
f 1457/2092/2078 1360/2091/2077 1361/2093/2079
f 1457/2092/2078 1361/2093/2079 1458/2094/2080
f 1458/2094/2080 1361/2093/2079 1362/2095/2081
f 1458/2094/2080 1362/2095/2081 1363/2096/2082
f 1338/2044/2030 1339/2097/2083 1434/2045/2031
f 1434/2045/2031 1339/2097/2083 1435/2048/2034
f 1339/2097/2083 1340/2098/2084 1435/2048/2034
f 1435/2048/2034 1340/2098/2084 1436/2050/2036
f 1436/2050/2036 1340/2098/2084 1437/2052/2038
f 1437/2052/2038 1340/2098/2084 1341/2099/2085
f 1437/2052/2038 1341/2099/2085 1342/2100/2086
f 1437/2052/2038 1342/2100/2086 1438/2054/2040
f 1438/2054/2040 1342/2100/2086 1343/2101/2087
f 1438/2054/2040 1343/2101/2087 1439/2056/2042
f 1439/2056/2042 1343/2101/2087 1344/2102/2088
f 1439/2056/2042 1344/2102/2088 1440/2058/2044
f 1440/2058/2044 1344/2102/2088 1441/2060/2046
f 1344/2102/2088 1345/2103/2089 1441/2060/2046
f 1441/2060/2046 1345/2103/2089 1346/2104/2090
f 1441/2060/2046 1346/2104/2090 1442/2062/2048
f 1442/2062/2048 1346/2104/2090 1347/2105/2091
f 1442/2062/2048 1347/2105/2091 1443/2064/2050
f 1443/2064/2050 1347/2105/2091 1348/2106/2092
f 1443/2064/2050 1348/2106/2092 1444/2066/2052
f 1444/2066/2052 1348/2106/2092 1349/2107/2093
f 1444/2066/2052 1349/2107/2093 1445/2068/2054
f 1445/2068/2054 1349/2107/2093 1350/2108/2094
f 1445/2068/2054 1350/2108/2094 1446/2070/2056
f 1446/2070/2056 1350/2108/2094 1351/2109/2095
f 1446/2070/2056 1351/2109/2095 1447/2072/2058
f 1447/2072/2058 1351/2109/2095 1448/2074/2060
f 1351/2109/2095 1352/2110/2096 1448/2074/2060
f 1448/2074/2060 1352/2110/2096 1449/2076/2062
f 1352/2110/2096 1353/2111/2097 1449/2076/2062
f 1449/2076/2062 1353/2111/2097 1354/2112/2098
f 1449/2076/2062 1354/2112/2098 1450/2078/2064
f 1450/2078/2064 1354/2112/2098 1355/2113/2099
f 1450/2078/2064 1355/2113/2099 1451/2080/2066
f 1451/2080/2066 1355/2113/2099 1356/2114/2100
f 1451/2080/2066 1356/2114/2100 1452/2082/2068
f 1452/2082/2068 1356/2114/2100 1453/2085/2071
f 1356/2114/2100 1357/2115/2101 1453/2085/2071
f 1453/2085/2071 1357/2115/2101 1454/2087/2073
f 1357/2115/2101 1358/2116/2102 1454/2087/2073
f 1454/2087/2073 1358/2116/2102 1359/2089/2075
f 1458/2094/2080 1363/2096/2082 1459/2117/2103
f 1459/2117/2103 1363/2096/2082 1364/2118/2104
f 1459/2117/2103 1364/2118/2104 1460/2119/2105
f 1460/2119/2105 1364/2118/2104 1461/2120/2106
f 1460/2119/2105 1461/2120/2106 1265/2121/2107
f 1265/2121/2107 1461/2120/2106 1266/2122/2108
f 1266/2122/2108 1461/2120/2106 1462/2123/2109
f 1266/2122/2108 1462/2123/2109 1463/2124/2110
f 1463/2124/2110 1462/2123/2109 1367/2125/2111
f 1463/2124/2110 1367/2125/2111 1368/2126/2112
f 1364/2118/2104 1365/2127/2113 1461/2120/2106
f 1461/2120/2106 1365/2127/2113 1462/2123/2109
f 1365/2127/2113 1366/2128/2114 1462/2123/2109
f 1462/2123/2109 1366/2128/2114 1367/2125/2111
f 1369/2129/2115 1465/2130/2116 1368/2126/2112
f 1368/2126/2112 1465/2130/2116 1464/2131/2117
f 1368/2126/2112 1464/2131/2117 1463/2124/2110
f 1463/2124/2110 1464/2131/2117 1267/2132/2118
f 1463/2124/2110 1267/2132/2118 1266/2122/2108
f 1465/2130/2116 1369/2129/2115 1466/2133/2119
f 1466/2133/2119 1369/2129/2115 1370/2134/2120
f 1466/2133/2119 1370/2134/2120 1371/2135/2121
f 1372/2136/2122 1468/2137/2123 1371/2135/2121
f 1371/2135/2121 1468/2137/2123 1467/2138/2124
f 1371/2135/2121 1467/2138/2124 1466/2133/2119
f 1466/2133/2119 1467/2138/2124 1270/2139/2125
f 1466/2133/2119 1270/2139/2125 1465/2130/2116
f 1465/2130/2116 1270/2139/2125 1269/2140/2126
f 1465/2130/2116 1269/2140/2126 1464/2131/2117
f 1464/2131/2117 1269/2140/2126 1268/2141/2127
f 1464/2131/2117 1268/2141/2127 1267/2132/2118
f 1468/2137/2123 1372/2136/2122 1469/2142/2128
f 1469/2142/2128 1372/2136/2122 1373/2143/2129
f 1469/2142/2128 1373/2143/2129 1374/2144/2130
f 1469/2142/2128 1374/2144/2130 1377/2145/2131
f 1377/2145/2131 1374/2144/2130 1375/2146/2132
f 1377/2145/2131 1375/2146/2132 1470/2147/2133
f 1470/2147/2133 1375/2146/2132 1378/2148/2134
f 1470/2147/2133 1378/2148/2134 1275/2149/2135
f 1275/2149/2135 1378/2148/2134 1276/2150/2136
f 1276/2150/2136 1378/2148/2134 1471/2151/2137
f 1276/2150/2136 1471/2151/2137 1277/2152/2138
f 1277/2152/2138 1471/2151/2137 1278/2153/2139
f 1278/2153/2139 1471/2151/2137 1376/2154/2140
f 1376/2154/2140 1471/2151/2137 1378/2148/2134
f 1376/2154/2140 1378/2148/2134 1375/2146/2132
f 1275/2149/2135 1274/2155/2141 1470/2147/2133
f 1470/2147/2133 1274/2155/2141 1377/2145/2131
f 1274/2155/2141 1273/2156/2142 1377/2145/2131
f 1377/2145/2131 1273/2156/2142 1469/2142/2128
f 1469/2142/2128 1273/2156/2142 1468/2137/2123
f 1468/2137/2123 1273/2156/2142 1272/2157/2143
f 1468/2137/2123 1272/2157/2143 1271/2158/2144
f 1468/2137/2123 1271/2158/2144 1467/2138/2124
f 1467/2138/2124 1271/2158/2144 1270/2139/2125
f 1265/2121/2107 1264/2159/2145 1460/2119/2105
f 1460/2119/2105 1264/2159/2145 1263/2160/2146
f 1460/2119/2105 1263/2160/2146 1459/2117/2103
f 1459/2117/2103 1263/2160/2146 1262/2161/2147
f 1459/2117/2103 1262/2161/2147 1458/2094/2080
f 1458/2094/2080 1262/2161/2147 1457/2092/2078
f 1262/2161/2147 1261/2162/2148 1457/2092/2078
f 1457/2092/2078 1261/2162/2148 1456/2090/2076
f 1261/2162/2148 1260/2163/2149 1456/2090/2076
f 1456/2090/2076 1260/2163/2149 1259/2164/2150
f 1456/2090/2076 1259/2164/2150 1455/2088/2074
f 1455/2088/2074 1259/2164/2150 1258/2086/2072
f 1237/2046/2032 1236/2165/2151 1433/2041/2027
f 1433/2041/2027 1236/2165/2151 1432/2042/2028
f 1236/2165/2151 1235/2043/2029 1432/2042/2028
f 1233/2032/2018 1232/2166/2152 1428/2030/2016
f 1428/2030/2016 1232/2166/2152 1231/2167/2153
f 1428/2030/2016 1231/2167/2153 1427/2028/2014
f 1427/2028/2014 1231/2167/2153 1230/2168/2154
f 1427/2028/2014 1230/2168/2154 1426/2025/2011
f 1426/2025/2011 1230/2168/2154 1425/2022/2008
f 1230/2168/2154 1229/2169/2155 1425/2022/2008
f 1425/2022/2008 1229/2169/2155 1424/2023/2009
f 1229/2169/2155 1228/2170/2156 1424/2023/2009
f 1424/2023/2009 1228/2170/2156 1227/2024/2010
f 1225/2013/1999 1224/2171/2157 1420/2011/1997
f 1420/2011/1997 1224/2171/2157 1223/2172/2158
f 1420/2011/1997 1223/2172/2158 1419/2009/1995
f 1419/2009/1995 1223/2172/2158 1222/2173/2159
f 1419/2009/1995 1222/2173/2159 1418/1984/1970
f 1418/1984/1970 1222/2173/2159 1417/1982/1968
f 1222/2173/2159 1221/2174/2160 1417/1982/1968
f 1417/1982/1968 1221/2174/2160 1416/1980/1966
f 1221/2174/2160 1220/2175/2161 1416/1980/1966
f 1416/1980/1966 1220/2175/2161 1219/2176/2162
f 1416/1980/1966 1219/2176/2162 1415/1978/1964
f 1415/1978/1964 1219/2176/2162 1218/1976/1962
f 1196/1934/1920 1195/2177/2163 1392/1932/1918
f 1392/1932/1918 1195/2177/2163 1391/1930/1916
f 1195/2177/2163 1194/2178/2164 1391/1930/1916
f 1391/1930/1916 1194/2178/2164 1390/1927/1913
f 1390/1927/1913 1194/2178/2164 1389/1924/1910
f 1389/1924/1910 1194/2178/2164 1193/2179/2165
f 1389/1924/1910 1193/2179/2165 1388/1925/1911
f 1388/1925/1911 1193/2179/2165 1192/2180/2166
f 1388/1925/1911 1192/2180/2166 1191/1926/1912
f 1189/1915/1901 1188/2181/2167 1384/1913/1899
f 1384/1913/1899 1188/2181/2167 1187/2182/2168
f 1384/1913/1899 1187/2182/2168 1383/1911/1897
f 1383/1911/1897 1187/2182/2168 1186/2183/2169
f 1383/1911/1897 1186/2183/2169 1382/1908/1894
f 1382/1908/1894 1186/2183/2169 1185/2184/2170
f 1382/1908/1894 1185/2184/2170 1381/1906/1892
f 1381/1906/1892 1185/2184/2170 1184/2185/2171
f 1381/1906/1892 1184/2185/2171 1380/1904/1890
f 1380/1904/1890 1184/2185/2171 1183/1898/1884
f 1380/1904/1890 1183/1898/1884 1379/1900/1886
f 63/2186/2172 1503/2187/2173 1/2188/2174
f 1/2188/2174 1503/2187/2173 1504/2189/2175
f 1/2190/2174 1504/2191/2175 1505/2192/2176
f 1503/2187/2173 63/2186/2172 1502/2193/2177
f 1502/2193/2177 63/2186/2172 62/2194/2178
f 1502/2193/2177 62/2194/2178 1501/2195/2179
f 1501/2195/2179 62/2194/2178 61/2196/2180
f 1501/2195/2179 61/2196/2180 1500/2197/2181
f 1500/2197/2181 61/2196/2180 60/2198/2182
f 1500/2197/2181 60/2198/2182 1499/2199/2183
f 1499/2199/2183 60/2198/2182 59/2200/2184
f 1499/2199/2183 59/2200/2184 1498/2201/2185
f 1498/2201/2185 59/2200/2184 58/2202/2186
f 1498/2201/2185 58/2202/2186 1497/2203/2187
f 1497/2203/2187 58/2202/2186 57/2204/2188
f 1497/2203/2187 57/2204/2188 1496/2205/2189
f 1496/2205/2189 57/2204/2188 56/2206/2190
f 1496/2205/2189 56/2206/2190 1495/2207/2191
f 1495/2207/2191 56/2206/2190 55/2208/2192
f 1495/2207/2191 55/2208/2192 1494/2209/2193
f 1494/2209/2193 55/2208/2192 54/2210/2194
f 1494/2209/2193 54/2210/2194 1493/2211/2195
f 1493/2211/2195 54/2210/2194 53/2212/2196
f 1493/2211/2195 53/2212/2196 1492/2213/2197
f 1492/2213/2197 53/2212/2196 52/2214/2198
f 1492/2213/2197 52/2214/2198 1491/2215/2199
f 1491/2215/2199 52/2214/2198 51/2216/2200
f 1491/2215/2199 51/2216/2200 1490/2217/2201
f 1490/2217/2201 51/2216/2200 50/2218/2202
f 1490/2217/2201 50/2218/2202 1489/2219/2203
f 1489/2219/2203 50/2218/2202 49/2220/2204
f 1489/2219/2203 49/2220/2204 1488/2221/2205
f 1488/2221/2205 49/2220/2204 48/2222/2206
f 1488/2221/2205 48/2222/2206 1487/2223/2207
f 1487/2223/2207 48/2222/2206 47/2224/2208
f 1487/2223/2207 47/2224/2208 1486/2225/2209
f 1486/2225/2209 47/2224/2208 46/2226/2210
f 1486/2225/2209 46/2226/2210 1485/2227/2211
f 1485/2227/2211 46/2226/2210 45/2228/2212
f 1485/2227/2211 45/2228/2212 1484/2229/2213
f 1484/2229/2213 45/2228/2212 44/2230/2214
f 1484/2229/2213 44/2230/2214 1483/2231/2215
f 1483/2231/2215 44/2230/2214 43/2232/2216
f 1483/2231/2215 43/2232/2216 1482/2233/2217
f 1482/2233/2217 43/2232/2216 42/2234/2218
f 1482/2233/2217 42/2234/2218 1481/2235/2219
f 1481/2235/2219 42/2234/2218 41/2236/2220
f 1481/2235/2219 41/2236/2220 1480/2237/2221
f 1480/2237/2221 41/2236/2220 40/2238/2222
f 1480/2237/2221 40/2238/2222 1479/2239/2223
f 1479/2239/2223 40/2238/2222 39/2240/2224
f 1479/2239/2223 39/2240/2224 1478/2241/2225
f 1478/2241/2225 39/2240/2224 38/2242/2226
f 1478/2241/2225 38/2242/2226 1477/2243/2227
f 1477/2243/2227 38/2242/2226 37/2244/2228
f 1477/2243/2227 37/2244/2228 1476/2245/2229
f 1476/2245/2229 37/2244/2228 36/2246/2230
f 1476/2245/2229 36/2246/2230 1475/2247/2231
f 1475/2247/2231 36/2246/2230 35/2248/2232
f 1475/2247/2231 35/2248/2232 1474/2249/2233
f 1474/2249/2233 35/2248/2232 34/2250/2234
f 1474/2249/2233 34/2250/2234 1473/2251/2235
f 1473/2251/2235 34/2250/2234 33/2252/2236
f 1473/2251/2235 33/2252/2236 1472/2253/2237
f 1472/2253/2237 33/2252/2236 32/2254/2238
f 1472/2253/2237 32/2254/2238 1535/2255/2239
f 1535/2255/2239 32/2254/2238 31/2256/2240
f 1535/2255/2239 31/2256/2240 1534/2257/2241
f 1534/2257/2241 31/2256/2240 30/2258/2242
f 1534/2257/2241 30/2258/2242 1533/2259/2243
f 1533/2259/2243 30/2258/2242 29/2260/2244
f 1533/2259/2243 29/2260/2244 1532/2261/2245
f 1532/2261/2245 29/2260/2244 28/2262/2246
f 1532/2261/2245 28/2262/2246 1531/2263/2247
f 1531/2263/2247 28/2262/2246 27/2264/2248
f 1531/2263/2247 27/2264/2248 1530/2265/2249
f 1530/2265/2249 27/2264/2248 26/2266/2250
f 1530/2265/2249 26/2266/2250 1529/2267/2251
f 1529/2267/2251 26/2266/2250 25/2268/2252
f 1529/2267/2251 25/2268/2252 1528/2269/2253
f 1528/2269/2253 25/2268/2252 24/2270/2254
f 1528/2269/2253 24/2270/2254 1527/2271/2255
f 1527/2271/2255 24/2270/2254 23/2272/2256
f 1527/2271/2255 23/2272/2256 1526/2273/2257
f 1526/2273/2257 23/2272/2256 22/2274/2258
f 1526/2273/2257 22/2274/2258 1525/2275/2259
f 1525/2275/2259 22/2274/2258 21/2276/2260
f 1525/2275/2259 21/2276/2260 1524/2277/2261
f 1524/2277/2261 21/2276/2260 20/2278/2262
f 1524/2277/2261 20/2278/2262 1523/2279/2263
f 1523/2279/2263 20/2278/2262 19/2280/2264
f 1523/2279/2263 19/2280/2264 1522/2281/2265
f 1522/2281/2265 19/2280/2264 18/2282/2266
f 1522/2281/2265 18/2282/2266 1521/2283/2267
f 1521/2283/2267 18/2282/2266 17/2284/2268
f 1521/2283/2267 17/2284/2268 1520/2285/2269
f 1520/2285/2269 17/2284/2268 16/2286/2270
f 1520/2285/2269 16/2286/2270 1519/2287/2271
f 1519/2287/2271 16/2286/2270 15/2288/2272
f 1519/2287/2271 15/2288/2272 1518/2289/2273
f 1518/2289/2273 15/2288/2272 14/2290/2274
f 1518/2289/2273 14/2290/2274 1517/2291/2275
f 1517/2291/2275 14/2290/2274 13/2292/2276
f 1517/2291/2275 13/2292/2276 1516/2293/2277
f 1516/2293/2277 13/2292/2276 12/2294/2278
f 1516/2293/2277 12/2294/2278 1515/2295/2279
f 1515/2295/2279 12/2294/2278 11/2296/2280
f 1515/2295/2279 11/2296/2280 1514/2297/2281
f 1514/2297/2281 11/2296/2280 10/2298/2282
f 1514/2297/2281 10/2298/2282 1513/2299/2283
f 1513/2299/2283 10/2298/2282 9/2300/2284
f 1513/2299/2283 9/2300/2284 1512/2301/2285
f 1512/2301/2285 9/2300/2284 8/2302/2286
f 1512/2301/2285 8/2302/2286 1511/2303/2287
f 1511/2303/2287 8/2302/2286 7/2304/2288
f 1511/2303/2287 7/2304/2288 1510/2305/2289
f 1510/2305/2289 7/2304/2288 6/2306/2290
f 1510/2305/2289 6/2306/2290 1509/2307/2291
f 1509/2307/2291 6/2306/2290 5/2308/2292
f 1509/2307/2291 5/2308/2292 1508/2309/2293
f 1508/2309/2293 5/2308/2292 4/2310/2294
f 1508/2309/2293 4/2310/2294 1507/2311/2295
f 1507/2311/2295 4/2310/2294 3/2312/2296
f 1507/2311/2295 3/2312/2296 1506/2313/2297
f 1506/2313/2297 3/2312/2296 2/2314/2298
f 1506/2313/2297 2/2314/2298 1505/2192/2176
f 1505/2192/2176 2/2314/2298 1/2190/2174
f 1537/2315/2299 1662/2316/2300 1536/2317/2301
f 1536/2317/2301 1662/2316/2300 1599/2318/2302
f 1536/2317/2301 1599/2318/2302 1600/2319/2303
f 1662/2316/2300 1537/2315/2299 1661/2320/2304
f 1661/2320/2304 1537/2315/2299 1538/2321/2305
f 1661/2320/2304 1538/2321/2305 1660/2322/2306
f 1660/2322/2306 1538/2321/2305 1539/2323/2307
f 1660/2322/2306 1539/2323/2307 1659/2324/2308
f 1659/2324/2308 1539/2323/2307 1540/2325/2309
f 1659/2324/2308 1540/2325/2309 1658/2326/2310
f 1658/2326/2310 1540/2325/2309 1541/2327/2311
f 1658/2326/2310 1541/2327/2311 1657/2328/2312
f 1657/2328/2312 1541/2327/2311 1542/2329/2313
f 1657/2328/2312 1542/2329/2313 1656/2330/2314
f 1656/2330/2314 1542/2329/2313 1543/2331/2315
f 1656/2330/2314 1543/2331/2315 1655/2332/2316
f 1655/2332/2316 1543/2331/2315 1544/2333/2317
f 1655/2332/2316 1544/2333/2317 1654/2334/2318
f 1654/2334/2318 1544/2333/2317 1545/2335/2319
f 1654/2334/2318 1545/2335/2319 1653/2336/2320
f 1653/2336/2320 1545/2335/2319 1546/2337/2321
f 1653/2336/2320 1546/2337/2321 1652/2338/2322
f 1652/2338/2322 1546/2337/2321 1547/2339/2323
f 1652/2338/2322 1547/2339/2323 1651/2340/2324
f 1651/2340/2324 1547/2339/2323 1548/2341/2325
f 1651/2340/2324 1548/2341/2325 1650/2342/2326
f 1650/2342/2326 1548/2341/2325 1549/2343/2327
f 1650/2342/2326 1549/2343/2327 1649/2344/2328
f 1649/2344/2328 1549/2343/2327 1550/2345/2329
f 1649/2344/2328 1550/2345/2329 1648/2346/2330
f 1648/2346/2330 1550/2345/2329 1551/2347/2331
f 1648/2346/2330 1551/2347/2331 1647/2348/2332
f 1647/2348/2332 1551/2347/2331 1552/2349/2333
f 1647/2348/2332 1552/2349/2333 1646/2350/2334
f 1646/2350/2334 1552/2349/2333 1553/2351/2335
f 1646/2350/2334 1553/2351/2335 1645/2352/2336
f 1645/2352/2336 1553/2351/2335 1554/2353/2337
f 1645/2352/2336 1554/2353/2337 1644/2354/2338
f 1644/2354/2338 1554/2353/2337 1555/2355/2339
f 1644/2354/2338 1555/2355/2339 1643/2356/2340
f 1643/2356/2340 1555/2355/2339 1556/2357/2341
f 1643/2356/2340 1556/2357/2341 1642/2358/2342
f 1642/2358/2342 1556/2357/2341 1557/2359/2343
f 1642/2358/2342 1557/2359/2343 1641/2360/2344
f 1641/2360/2344 1557/2359/2343 1558/2361/2345
f 1641/2360/2344 1558/2361/2345 1640/2362/2346
f 1640/2362/2346 1558/2361/2345 1559/2363/2347
f 1640/2362/2346 1559/2363/2347 1639/2364/2348
f 1639/2364/2348 1559/2363/2347 1560/2365/2349
f 1639/2364/2348 1560/2365/2349 1638/2366/2350
f 1638/2366/2350 1560/2365/2349 1561/2367/2351
f 1638/2366/2350 1561/2367/2351 1637/2368/2352
f 1637/2368/2352 1561/2367/2351 1562/2369/2353
f 1637/2368/2352 1562/2369/2353 1636/2370/2354
f 1636/2370/2354 1562/2369/2353 1563/2371/2355
f 1636/2370/2354 1563/2371/2355 1635/2372/2356
f 1635/2372/2356 1563/2371/2355 1564/2373/2357
f 1635/2372/2356 1564/2373/2357 1634/2374/2358
f 1634/2374/2358 1564/2373/2357 1565/2375/2359
f 1634/2374/2358 1565/2375/2359 1633/2376/2360
f 1633/2376/2360 1565/2375/2359 1566/2377/2361
f 1633/2376/2360 1566/2377/2361 1632/2378/2362
f 1632/2378/2362 1566/2377/2361 1567/2379/2363
f 1632/2378/2362 1567/2379/2363 1631/2380/2364
f 1631/2381/2364 1567/2382/2363 1568/2383/2365
f 1631/2381/2364 1568/2383/2365 1630/2384/2366
f 1630/2384/2366 1568/2383/2365 1569/2385/2367
f 1630/2384/2366 1569/2385/2367 1629/2386/2368
f 1629/2386/2368 1569/2385/2367 1570/2387/2369
f 1629/2386/2368 1570/2387/2369 1628/2388/2370
f 1628/2388/2370 1570/2387/2369 1571/2389/2371
f 1628/2388/2370 1571/2389/2371 1627/2390/2372
f 1627/2390/2372 1571/2389/2371 1572/2391/2373
f 1627/2390/2372 1572/2391/2373 1626/2392/2374
f 1626/2392/2374 1572/2391/2373 1573/2393/2375
f 1626/2392/2374 1573/2393/2375 1625/2394/2376
f 1625/2394/2376 1573/2393/2375 1574/2395/2377
f 1625/2394/2376 1574/2395/2377 1624/2396/2378
f 1624/2396/2378 1574/2395/2377 1575/2397/2379
f 1624/2396/2378 1575/2397/2379 1623/2398/2380
f 1623/2398/2380 1575/2397/2379 1576/2399/2381
f 1623/2398/2380 1576/2399/2381 1622/2400/2382
f 1622/2400/2382 1576/2399/2381 1577/2401/2383
f 1622/2400/2382 1577/2401/2383 1621/2402/2384
f 1621/2402/2384 1577/2401/2383 1578/2403/2385
f 1621/2402/2384 1578/2403/2385 1620/2404/2386
f 1620/2404/2386 1578/2403/2385 1579/2405/2387
f 1620/2404/2386 1579/2405/2387 1619/2406/2388
f 1619/2406/2388 1579/2405/2387 1580/2407/2389
f 1619/2406/2388 1580/2407/2389 1618/2408/2390
f 1618/2408/2390 1580/2407/2389 1581/2409/2391
f 1618/2408/2390 1581/2409/2391 1617/2410/2392
f 1617/2410/2392 1581/2409/2391 1582/2411/2393
f 1617/2410/2392 1582/2411/2393 1616/2412/2394
f 1616/2412/2394 1582/2411/2393 1583/2413/2395
f 1616/2412/2394 1583/2413/2395 1615/2414/2396
f 1615/2414/2396 1583/2413/2395 1584/2415/2397
f 1615/2414/2396 1584/2415/2397 1614/2416/2398
f 1614/2416/2398 1584/2415/2397 1585/2417/2399
f 1614/2416/2398 1585/2417/2399 1613/2418/2400
f 1613/2418/2400 1585/2417/2399 1586/2419/2401
f 1613/2418/2400 1586/2419/2401 1612/2420/2402
f 1612/2420/2402 1586/2419/2401 1587/2421/2403
f 1612/2420/2402 1587/2421/2403 1611/2422/2404
f 1611/2422/2404 1587/2421/2403 1588/2423/2405
f 1611/2422/2404 1588/2423/2405 1610/2424/2406
f 1610/2424/2406 1588/2423/2405 1589/2425/2407
f 1610/2424/2406 1589/2425/2407 1609/2426/2408
f 1609/2426/2408 1589/2425/2407 1590/2427/2409
f 1609/2426/2408 1590/2427/2409 1608/2428/2410
f 1608/2428/2410 1590/2427/2409 1591/2429/2411
f 1608/2428/2410 1591/2429/2411 1607/2430/2412
f 1607/2430/2412 1591/2429/2411 1592/2431/2413
f 1607/2430/2412 1592/2431/2413 1606/2432/2414
f 1606/2432/2414 1592/2431/2413 1593/2433/2415
f 1606/2432/2414 1593/2433/2415 1605/2434/2416
f 1605/2434/2416 1593/2433/2415 1594/2435/2417
f 1605/2434/2416 1594/2435/2417 1604/2436/2418
f 1604/2436/2418 1594/2435/2417 1595/2437/2419
f 1604/2436/2418 1595/2437/2419 1603/2438/2420
f 1603/2438/2420 1595/2437/2419 1596/2439/2421
f 1603/2438/2420 1596/2439/2421 1602/2440/2422
f 1602/2440/2422 1596/2439/2421 1597/2441/2423
f 1602/2440/2422 1597/2441/2423 1601/2442/2424
f 1601/2442/2424 1597/2441/2423 1598/2443/2425
f 1601/2442/2424 1598/2443/2425 1600/2319/2303
f 1600/2319/2303 1598/2443/2425 1536/2317/2301
f 65/2444/2426 64/2445/2427 1676/2446/2428
f 1676/2447/2428 64/2448/2427 90/2449/2429
f 1676/2447/2428 90/2449/2429 1675/2450/2430
f 1675/2450/2430 90/2449/2429 89/2451/2431
f 1675/2450/2430 89/2451/2431 1674/2452/2432
f 1674/2452/2432 89/2451/2431 88/2453/2433
f 1674/2452/2432 88/2453/2433 1673/2454/2434
f 1673/2454/2434 88/2453/2433 87/2455/2435
f 1673/2454/2434 87/2455/2435 1672/2456/2436
f 1672/2456/2436 87/2455/2435 86/2457/2437
f 1672/2456/2436 86/2457/2437 1671/2458/2438
f 1671/2458/2438 86/2457/2437 85/2459/2439
f 1671/2458/2438 85/2459/2439 1670/2460/2440
f 1670/2460/2440 85/2459/2439 84/2461/2441
f 1670/2460/2440 84/2461/2441 1669/2462/2442
f 1669/2462/2442 84/2461/2441 83/2463/2443
f 1669/2462/2442 83/2463/2443 1668/2464/2444
f 1668/2464/2444 83/2463/2443 82/2465/2445
f 1668/2464/2444 82/2465/2445 1667/2466/2446
f 1667/2466/2446 82/2465/2445 81/2467/2447
f 1667/2466/2446 81/2467/2447 1666/2468/2448
f 1666/2468/2448 81/2467/2447 80/2469/2449
f 1666/2468/2448 80/2469/2449 1665/2470/2450
f 1665/2470/2450 80/2469/2449 79/2471/2451
f 1665/2470/2450 79/2471/2451 1664/2472/2452
f 1664/2472/2452 79/2471/2451 78/2473/2453
f 1664/2472/2452 78/2473/2453 1663/2474/2454
f 1663/2474/2454 78/2473/2453 77/2475/2455
f 1663/2474/2454 77/2475/2455 1688/2476/2456
f 1688/2476/2456 77/2475/2455 76/2477/2457
f 1688/2476/2456 76/2477/2457 1687/2478/2458
f 1687/2478/2458 76/2477/2457 75/2479/2459
f 1687/2478/2458 75/2479/2459 1686/2480/2460
f 1686/2480/2460 75/2479/2459 74/2481/2461
f 1686/2480/2460 74/2481/2461 1685/2482/2462
f 1685/2482/2462 74/2481/2461 73/2483/2463
f 1685/2482/2462 73/2483/2463 1684/2484/2464
f 1684/2484/2464 73/2483/2463 72/2485/2465
f 1684/2484/2464 72/2485/2465 1683/2486/2466
f 1683/2486/2466 72/2485/2465 71/2487/2467
f 1683/2486/2466 71/2487/2467 1682/2488/2468
f 1682/2488/2468 71/2487/2467 70/2489/2469
f 1682/2488/2468 70/2489/2469 1681/2490/2470
f 1681/2490/2470 70/2489/2469 69/2491/2471
f 1681/2490/2470 69/2491/2471 1680/2492/2472
f 1680/2492/2472 69/2491/2471 68/2493/2473
f 1680/2492/2472 68/2493/2473 1679/2494/2474
f 1679/2494/2474 68/2493/2473 67/2495/2475
f 1679/2494/2474 67/2495/2475 1678/2496/2476
f 1678/2496/2476 67/2495/2475 66/2497/2477
f 1678/2496/2476 66/2497/2477 1677/2498/2478
f 1677/2498/2478 66/2497/2477 65/2444/2426
f 1677/2498/2478 65/2444/2426 1676/2446/2428
f 92/2499/2479 91/2500/2480 1702/2501/2481
f 1702/2502/2481 91/2503/2480 117/2504/2482
f 1702/2502/2481 117/2504/2482 1701/2505/2483
f 1701/2505/2483 117/2504/2482 116/2506/2484
f 1701/2505/2483 116/2506/2484 1700/2507/2485
f 1700/2507/2485 116/2506/2484 115/2508/2486
f 1700/2507/2485 115/2508/2486 1699/2509/2487
f 1699/2509/2487 115/2508/2486 114/2510/2488
f 1699/2509/2487 114/2510/2488 1698/2511/2489
f 1698/2511/2489 114/2510/2488 113/2512/2490
f 1698/2511/2489 113/2512/2490 1697/2513/2491
f 1697/2513/2491 113/2512/2490 112/2514/2492
f 1697/2513/2491 112/2514/2492 1696/2515/2493
f 1696/2515/2493 112/2514/2492 111/2516/2494
f 1696/2515/2493 111/2516/2494 1695/2517/2495
f 1695/2517/2495 111/2516/2494 110/2518/2496
f 1695/2517/2495 110/2518/2496 1694/2519/2497
f 1694/2519/2497 110/2518/2496 109/2520/2498
f 1694/2519/2497 109/2520/2498 1693/2521/2499
f 1693/2521/2499 109/2520/2498 108/2522/2500
f 1693/2521/2499 108/2522/2500 1692/2523/2501
f 1692/2523/2501 108/2522/2500 107/2524/2502
f 1692/2523/2501 107/2524/2502 1691/2525/2503
f 1691/2525/2503 107/2524/2502 106/2526/2504
f 1691/2525/2503 106/2526/2504 1690/2527/2505
f 1690/2527/2505 106/2526/2504 105/2528/2506
f 1690/2527/2505 105/2528/2506 1689/2529/2507
f 1689/2529/2507 105/2528/2506 104/2530/2508
f 1689/2529/2507 104/2530/2508 1714/2531/2509
f 1714/2531/2509 104/2530/2508 103/2532/2510
f 1714/2531/2509 103/2532/2510 1713/2533/2511
f 1713/2533/2511 103/2532/2510 102/2534/2512
f 1713/2533/2511 102/2534/2512 1712/2535/2513
f 1712/2535/2513 102/2534/2512 101/2536/2514
f 1712/2535/2513 101/2536/2514 1711/2537/2515
f 1711/2537/2515 101/2536/2514 100/2538/2516
f 1711/2537/2515 100/2538/2516 1710/2539/2517
f 1710/2539/2517 100/2538/2516 99/2540/2518
f 1710/2539/2517 99/2540/2518 1709/2541/2519
f 1709/2541/2519 99/2540/2518 98/2542/2520
f 1709/2541/2519 98/2542/2520 1708/2543/2521
f 1708/2543/2521 98/2542/2520 97/2544/2522
f 1708/2543/2521 97/2544/2522 1707/2545/2523
f 1707/2545/2523 97/2544/2522 96/2546/2524
f 1707/2545/2523 96/2546/2524 1706/2547/2525
f 1706/2547/2525 96/2546/2524 95/2548/2526
f 1706/2547/2525 95/2548/2526 1705/2549/2527
f 1705/2549/2527 95/2548/2526 94/2550/2528
f 1705/2549/2527 94/2550/2528 1704/2551/2529
f 1704/2551/2529 94/2550/2528 93/2552/2530
f 1704/2551/2529 93/2552/2530 1703/2553/2531
f 1703/2553/2531 93/2552/2530 92/2499/2479
f 1703/2553/2531 92/2499/2479 1702/2501/2481
f 119/2554/2532 118/2555/2533 1728/2556/2534
f 1728/2557/2534 118/2558/2533 144/2559/2535
f 1728/2557/2534 144/2559/2535 1727/2560/2536
f 1727/2560/2536 144/2559/2535 143/2561/2537
f 1727/2560/2536 143/2561/2537 1726/2562/2538
f 1726/2562/2538 143/2561/2537 142/2563/2539
f 1726/2562/2538 142/2563/2539 1725/2564/2540
f 1725/2564/2540 142/2563/2539 141/2565/2541
f 1725/2564/2540 141/2565/2541 1724/2566/2542
f 1724/2566/2542 141/2565/2541 140/2567/2543
f 1724/2566/2542 140/2567/2543 1723/2568/2544
f 1723/2568/2544 140/2567/2543 139/2569/2545
f 1723/2568/2544 139/2569/2545 1722/2570/2546
f 1722/2570/2546 139/2569/2545 138/2571/2547
f 1722/2570/2546 138/2571/2547 1721/2572/2548
f 1721/2572/2548 138/2571/2547 137/2573/2549
f 1721/2572/2548 137/2573/2549 1720/2574/2550
f 1720/2574/2550 137/2573/2549 136/2575/2551
f 1720/2574/2550 136/2575/2551 1719/2576/2552
f 1719/2576/2552 136/2575/2551 135/2577/2553
f 1719/2576/2552 135/2577/2553 1718/2578/2554
f 1718/2578/2554 135/2577/2553 134/2579/2555
f 1718/2578/2554 134/2579/2555 1717/2580/2556
f 1717/2580/2556 134/2579/2555 133/2581/2557
f 1717/2580/2556 133/2581/2557 1716/2582/2558
f 1716/2582/2558 133/2581/2557 132/2583/2559
f 1716/2582/2558 132/2583/2559 1715/2584/2560
f 1715/2584/2560 132/2583/2559 131/2585/2561
f 1715/2584/2560 131/2585/2561 1740/2586/2562
f 1740/2586/2562 131/2585/2561 130/2587/2563
f 1740/2586/2562 130/2587/2563 1739/2588/2564
f 1739/2588/2564 130/2587/2563 129/2589/2565
f 1739/2588/2564 129/2589/2565 1738/2590/2566
f 1738/2590/2566 129/2589/2565 128/2591/2567
f 1738/2590/2566 128/2591/2567 1737/2592/2568
f 1737/2592/2568 128/2591/2567 127/2593/2569
f 1737/2592/2568 127/2593/2569 1736/2594/2570
f 1736/2594/2570 127/2593/2569 126/2595/2571
f 1736/2594/2570 126/2595/2571 1735/2596/2572
f 1735/2596/2572 126/2595/2571 125/2597/2573
f 1735/2596/2572 125/2597/2573 1734/2598/2574
f 1734/2598/2574 125/2597/2573 124/2599/2575
f 1734/2598/2574 124/2599/2575 1733/2600/2576
f 1733/2600/2576 124/2599/2575 123/2601/2577
f 1733/2600/2576 123/2601/2577 1732/2602/2578
f 1732/2602/2578 123/2601/2577 122/2603/2579
f 1732/2602/2578 122/2603/2579 1731/2604/2580
f 1731/2604/2580 122/2603/2579 121/2605/2581
f 1731/2604/2580 121/2605/2581 1730/2606/2582
f 1730/2606/2582 121/2605/2581 120/2607/2583
f 1730/2606/2582 120/2607/2583 1729/2608/2584
f 1729/2608/2584 120/2607/2583 119/2554/2532
f 1729/2608/2584 119/2554/2532 1728/2556/2534
f 146/2609/2585 145/2610/2586 1754/2611/2587
f 1754/2612/2587 145/2613/2586 171/2614/2588
f 1754/2612/2587 171/2614/2588 1753/2615/2589
f 1753/2615/2589 171/2614/2588 170/2616/2590
f 1753/2615/2589 170/2616/2590 1752/2617/2591
f 1752/2617/2591 170/2616/2590 169/2618/2592
f 1752/2617/2591 169/2618/2592 1751/2619/2593
f 1751/2619/2593 169/2618/2592 168/2620/2594
f 1751/2619/2593 168/2620/2594 1750/2621/2595
f 1750/2621/2595 168/2620/2594 167/2622/2596
f 1750/2621/2595 167/2622/2596 1749/2623/2597
f 1749/2623/2597 167/2622/2596 166/2624/2598
f 1749/2623/2597 166/2624/2598 1748/2625/2599
f 1748/2625/2599 166/2624/2598 165/2626/2600
f 1748/2625/2599 165/2626/2600 1747/2627/2601
f 1747/2627/2601 165/2626/2600 164/2628/2602
f 1747/2627/2601 164/2628/2602 1746/2629/2603
f 1746/2629/2603 164/2628/2602 163/2630/2604
f 1746/2629/2603 163/2630/2604 1745/2631/2605
f 1745/2631/2605 163/2630/2604 162/2632/2606
f 1745/2631/2605 162/2632/2606 1744/2633/2607
f 1744/2633/2607 162/2632/2606 161/2634/2608
f 1744/2633/2607 161/2634/2608 1743/2635/2609
f 1743/2635/2609 161/2634/2608 160/2636/2610
f 1743/2635/2609 160/2636/2610 1742/2637/2611
f 1742/2637/2611 160/2636/2610 159/2638/2612
f 1742/2637/2611 159/2638/2612 1741/2639/2613
f 1741/2639/2613 159/2638/2612 158/2640/2614
f 1741/2639/2613 158/2640/2614 1766/2641/2615
f 1766/2641/2615 158/2640/2614 157/2642/2616
f 1766/2641/2615 157/2642/2616 1765/2643/2617
f 1765/2643/2617 157/2642/2616 156/2644/2618
f 1765/2643/2617 156/2644/2618 1764/2645/2619
f 1764/2645/2619 156/2644/2618 155/2646/2620
f 1764/2645/2619 155/2646/2620 1763/2647/2621
f 1763/2647/2621 155/2646/2620 154/2648/2622
f 1763/2647/2621 154/2648/2622 1762/2649/2623
f 1762/2649/2623 154/2648/2622 153/2650/2624
f 1762/2649/2623 153/2650/2624 1761/2651/2625
f 1761/2651/2625 153/2650/2624 152/2652/2626
f 1761/2651/2625 152/2652/2626 1760/2653/2627
f 1760/2653/2627 152/2652/2626 151/2654/2628
f 1760/2653/2627 151/2654/2628 1759/2655/2629
f 1759/2655/2629 151/2654/2628 150/2656/2630
f 1759/2655/2629 150/2656/2630 1758/2657/2631
f 1758/2657/2631 150/2656/2630 149/2658/2632
f 1758/2657/2631 149/2658/2632 1757/2659/2633
f 1757/2659/2633 149/2658/2632 148/2660/2634
f 1757/2659/2633 148/2660/2634 1756/2661/2635
f 1756/2661/2635 148/2660/2634 147/2662/2636
f 1756/2661/2635 147/2662/2636 1755/2663/2637
f 1755/2663/2637 147/2662/2636 146/2609/2585
f 1755/2663/2637 146/2609/2585 1754/2611/2587
f 1768/2664/2638 1819/2665/2639 1767/2666/2640
f 1767/2666/2640 1819/2665/2639 1793/2667/2641
f 1767/2666/2640 1793/2667/2641 1794/2668/2642
f 1819/2665/2639 1768/2664/2638 1818/2669/2643
f 1818/2669/2643 1768/2664/2638 1769/2670/2644
f 1818/2669/2643 1769/2670/2644 1817/2671/2645
f 1817/2671/2645 1769/2670/2644 1770/2672/2646
f 1817/2671/2645 1770/2672/2646 1816/2673/2647
f 1816/2673/2647 1770/2672/2646 1771/2674/2648
f 1816/2673/2647 1771/2674/2648 1815/2675/2649
f 1815/2675/2649 1771/2674/2648 1772/2676/2650
f 1815/2675/2649 1772/2676/2650 1814/2677/2651
f 1814/2677/2651 1772/2676/2650 1773/2678/2652
f 1814/2677/2651 1773/2678/2652 1813/2679/2653
f 1813/2679/2653 1773/2678/2652 1774/2680/2654
f 1813/2679/2653 1774/2680/2654 1812/2681/2655
f 1812/2681/2655 1774/2680/2654 1775/2682/2656
f 1812/2681/2655 1775/2682/2656 1811/2683/2657
f 1811/2683/2657 1775/2682/2656 1776/2684/2658
f 1811/2683/2657 1776/2684/2658 1810/2685/2659
f 1810/2685/2659 1776/2684/2658 1777/2686/2660
f 1810/2685/2659 1777/2686/2660 1809/2687/2661
f 1809/2687/2661 1777/2686/2660 1778/2688/2662
f 1809/2687/2661 1778/2688/2662 1808/2689/2663
f 1808/2689/2663 1778/2688/2662 1779/2690/2664
f 1808/2689/2663 1779/2690/2664 1807/2691/2665
f 1807/2691/2665 1779/2690/2664 1780/2692/2666
f 1807/2691/2665 1780/2692/2666 1806/2693/2667
f 1806/2694/2667 1780/2695/2666 1781/2696/2668
f 1806/2694/2667 1781/2696/2668 1805/2697/2669
f 1805/2697/2669 1781/2696/2668 1782/2698/2670
f 1805/2697/2669 1782/2698/2670 1804/2699/2671
f 1804/2699/2671 1782/2698/2670 1783/2700/2672
f 1804/2699/2671 1783/2700/2672 1803/2701/2673
f 1803/2701/2673 1783/2700/2672 1784/2702/2674
f 1803/2701/2673 1784/2702/2674 1802/2703/2675
f 1802/2703/2675 1784/2702/2674 1785/2704/2676
f 1802/2703/2675 1785/2704/2676 1801/2705/2677
f 1801/2705/2677 1785/2704/2676 1786/2706/2678
f 1801/2705/2677 1786/2706/2678 1800/2707/2679
f 1800/2707/2679 1786/2706/2678 1787/2708/2680
f 1800/2707/2679 1787/2708/2680 1799/2709/2681
f 1799/2709/2681 1787/2708/2680 1788/2710/2682
f 1799/2709/2681 1788/2710/2682 1798/2711/2683
f 1798/2711/2683 1788/2710/2682 1789/2712/2684
f 1798/2711/2683 1789/2712/2684 1797/2713/2685
f 1797/2713/2685 1789/2712/2684 1790/2714/2686
f 1797/2713/2685 1790/2714/2686 1796/2715/2687
f 1796/2715/2687 1790/2714/2686 1791/2716/2688
f 1796/2715/2687 1791/2716/2688 1795/2717/2689
f 1795/2717/2689 1791/2716/2688 1792/2718/2690
f 1795/2717/2689 1792/2718/2690 1794/2668/2642
f 1794/2668/2642 1792/2718/2690 1767/2666/2640
f 1821/2719/2691 1872/2720/2692 1820/2721/2693
f 1820/2721/2693 1872/2720/2692 1846/2722/2694
f 1820/2721/2693 1846/2722/2694 1847/2723/2695
f 1872/2720/2692 1821/2719/2691 1871/2724/2696
f 1871/2724/2696 1821/2719/2691 1822/2725/2697
f 1871/2724/2696 1822/2725/2697 1870/2726/2698
f 1870/2726/2698 1822/2725/2697 1823/2727/2699
f 1870/2726/2698 1823/2727/2699 1869/2728/2700
f 1869/2728/2700 1823/2727/2699 1824/2729/2701
f 1869/2728/2700 1824/2729/2701 1868/2730/2702
f 1868/2730/2702 1824/2729/2701 1825/2731/2703
f 1868/2730/2702 1825/2731/2703 1867/2732/2704
f 1867/2732/2704 1825/2731/2703 1826/2733/2705
f 1867/2732/2704 1826/2733/2705 1866/2734/2706
f 1866/2734/2706 1826/2733/2705 1827/2735/2707
f 1866/2734/2706 1827/2735/2707 1865/2736/2708
f 1865/2736/2708 1827/2735/2707 1828/2737/2709
f 1865/2736/2708 1828/2737/2709 1864/2738/2710
f 1864/2738/2710 1828/2737/2709 1829/2739/2711
f 1864/2738/2710 1829/2739/2711 1863/2740/2712
f 1863/2740/2712 1829/2739/2711 1830/2741/2713
f 1863/2740/2712 1830/2741/2713 1862/2742/2714
f 1862/2742/2714 1830/2741/2713 1831/2743/2715
f 1862/2742/2714 1831/2743/2715 1861/2744/2716
f 1861/2744/2716 1831/2743/2715 1832/2745/2717
f 1861/2744/2716 1832/2745/2717 1860/2746/2718
f 1860/2746/2718 1832/2745/2717 1833/2747/2719
f 1860/2746/2718 1833/2747/2719 1859/2748/2720
f 1859/2749/2720 1833/2750/2719 1834/2751/2721
f 1859/2749/2720 1834/2751/2721 1858/2752/2722
f 1858/2752/2722 1834/2751/2721 1835/2753/2723
f 1858/2752/2722 1835/2753/2723 1857/2754/2724
f 1857/2754/2724 1835/2753/2723 1836/2755/2725
f 1857/2754/2724 1836/2755/2725 1856/2756/2726
f 1856/2756/2726 1836/2755/2725 1837/2757/2727
f 1856/2756/2726 1837/2757/2727 1855/2758/2728
f 1855/2758/2728 1837/2757/2727 1838/2759/2729
f 1855/2758/2728 1838/2759/2729 1854/2760/2730
f 1854/2760/2730 1838/2759/2729 1839/2761/2731
f 1854/2760/2730 1839/2761/2731 1853/2762/2732
f 1853/2762/2732 1839/2761/2731 1840/2763/2733
f 1853/2762/2732 1840/2763/2733 1852/2764/2734
f 1852/2764/2734 1840/2763/2733 1841/2765/2735
f 1852/2764/2734 1841/2765/2735 1851/2766/2736
f 1851/2766/2736 1841/2765/2735 1842/2767/2737
f 1851/2766/2736 1842/2767/2737 1850/2768/2738
f 1850/2768/2738 1842/2767/2737 1843/2769/2739
f 1850/2768/2738 1843/2769/2739 1849/2770/2740
f 1849/2770/2740 1843/2769/2739 1844/2771/2741
f 1849/2770/2740 1844/2771/2741 1848/2772/2742
f 1848/2772/2742 1844/2771/2741 1845/2773/2743
f 1848/2772/2742 1845/2773/2743 1847/2723/2695
f 1847/2723/2695 1845/2773/2743 1820/2721/2693
f 1874/2774/2744 1925/2775/2745 1873/2776/2746
f 1873/2776/2746 1925/2775/2745 1899/2777/2747
f 1873/2776/2746 1899/2777/2747 1900/2778/2748
f 1925/2775/2745 1874/2774/2744 1924/2779/2749
f 1924/2779/2749 1874/2774/2744 1875/2780/2750
f 1924/2779/2749 1875/2780/2750 1923/2781/2751
f 1923/2781/2751 1875/2780/2750 1876/2782/2752
f 1923/2781/2751 1876/2782/2752 1922/2783/2753
f 1922/2783/2753 1876/2782/2752 1877/2784/2754
f 1922/2783/2753 1877/2784/2754 1921/2785/2755
f 1921/2785/2755 1877/2784/2754 1878/2786/2756
f 1921/2785/2755 1878/2786/2756 1920/2787/2757
f 1920/2787/2757 1878/2786/2756 1879/2788/2758
f 1920/2787/2757 1879/2788/2758 1919/2789/2759
f 1919/2789/2759 1879/2788/2758 1880/2790/2760
f 1919/2789/2759 1880/2790/2760 1918/2791/2761
f 1918/2791/2761 1880/2790/2760 1881/2792/2762
f 1918/2791/2761 1881/2792/2762 1917/2793/2763
f 1917/2793/2763 1881/2792/2762 1882/2794/2764
f 1917/2793/2763 1882/2794/2764 1916/2795/2765
f 1916/2795/2765 1882/2794/2764 1883/2796/2766
f 1916/2795/2765 1883/2796/2766 1915/2797/2767
f 1915/2797/2767 1883/2796/2766 1884/2798/2768
f 1915/2797/2767 1884/2798/2768 1914/2799/2769
f 1914/2799/2769 1884/2798/2768 1885/2800/2770
f 1914/2799/2769 1885/2800/2770 1913/2801/2771
f 1913/2801/2771 1885/2800/2770 1886/2802/2772
f 1913/2801/2771 1886/2802/2772 1912/2803/2773
f 1912/2804/2773 1886/2805/2772 1887/2806/2774
f 1912/2804/2773 1887/2806/2774 1911/2807/2775
f 1911/2807/2775 1887/2806/2774 1888/2808/2776
f 1911/2807/2775 1888/2808/2776 1910/2809/2777
f 1910/2809/2777 1888/2808/2776 1889/2810/2778
f 1910/2809/2777 1889/2810/2778 1909/2811/2779
f 1909/2811/2779 1889/2810/2778 1890/2812/2780
f 1909/2811/2779 1890/2812/2780 1908/2813/2781
f 1908/2813/2781 1890/2812/2780 1891/2814/2782
f 1908/2813/2781 1891/2814/2782 1907/2815/2783
f 1907/2815/2783 1891/2814/2782 1892/2816/2784
f 1907/2815/2783 1892/2816/2784 1906/2817/2785
f 1906/2817/2785 1892/2816/2784 1893/2818/2786
f 1906/2817/2785 1893/2818/2786 1905/2819/2787
f 1905/2819/2787 1893/2818/2786 1894/2820/2788
f 1905/2819/2787 1894/2820/2788 1904/2821/2789
f 1904/2821/2789 1894/2820/2788 1895/2822/2790
f 1904/2821/2789 1895/2822/2790 1903/2823/2791
f 1903/2823/2791 1895/2822/2790 1896/2824/2792
f 1903/2823/2791 1896/2824/2792 1902/2825/2793
f 1902/2825/2793 1896/2824/2792 1897/2826/2794
f 1902/2825/2793 1897/2826/2794 1901/2827/2795
f 1901/2827/2795 1897/2826/2794 1898/2828/2796
f 1901/2827/2795 1898/2828/2796 1900/2778/2748
f 1900/2778/2748 1898/2828/2796 1873/2776/2746
f 1927/2829/2797 1978/2830/2798 1926/2831/2799
f 1926/2831/2799 1978/2830/2798 1952/2832/2800
f 1926/2831/2799 1952/2832/2800 1953/2833/2801
f 1978/2830/2798 1927/2829/2797 1977/2834/2802
f 1977/2834/2802 1927/2829/2797 1928/2835/2803
f 1977/2834/2802 1928/2835/2803 1976/2836/2804
f 1976/2836/2804 1928/2835/2803 1929/2837/2805
f 1976/2836/2804 1929/2837/2805 1975/2838/2806
f 1975/2838/2806 1929/2837/2805 1930/2839/2807
f 1975/2838/2806 1930/2839/2807 1974/2840/2808
f 1974/2840/2808 1930/2839/2807 1931/2841/2809
f 1974/2840/2808 1931/2841/2809 1973/2842/2810
f 1973/2842/2810 1931/2841/2809 1932/2843/2811
f 1973/2842/2810 1932/2843/2811 1972/2844/2812
f 1972/2844/2812 1932/2843/2811 1933/2845/2813
f 1972/2844/2812 1933/2845/2813 1971/2846/2814
f 1971/2846/2814 1933/2845/2813 1934/2847/2815
f 1971/2846/2814 1934/2847/2815 1970/2848/2816
f 1970/2848/2816 1934/2847/2815 1935/2849/2817
f 1970/2848/2816 1935/2849/2817 1969/2850/2818
f 1969/2850/2818 1935/2849/2817 1936/2851/2819
f 1969/2850/2818 1936/2851/2819 1968/2852/2820
f 1968/2852/2820 1936/2851/2819 1937/2853/2821
f 1968/2852/2820 1937/2853/2821 1967/2854/2822
f 1967/2854/2822 1937/2853/2821 1938/2855/2823
f 1967/2854/2822 1938/2855/2823 1966/2856/2824
f 1966/2856/2824 1938/2855/2823 1939/2857/2825
f 1966/2856/2824 1939/2857/2825 1965/2858/2826
f 1965/2859/2826 1939/2860/2825 1940/2861/2827
f 1965/2859/2826 1940/2861/2827 1964/2862/2828
f 1964/2862/2828 1940/2861/2827 1941/2863/2829
f 1964/2862/2828 1941/2863/2829 1963/2864/2830
f 1963/2864/2830 1941/2863/2829 1942/2865/2831
f 1963/2864/2830 1942/2865/2831 1962/2866/2832
f 1962/2866/2832 1942/2865/2831 1943/2867/2833
f 1962/2866/2832 1943/2867/2833 1961/2868/2834
f 1961/2868/2834 1943/2867/2833 1944/2869/2835
f 1961/2868/2834 1944/2869/2835 1960/2870/2836
f 1960/2870/2836 1944/2869/2835 1945/2871/2837
f 1960/2870/2836 1945/2871/2837 1959/2872/2838
f 1959/2872/2838 1945/2871/2837 1946/2873/2839
f 1959/2872/2838 1946/2873/2839 1958/2874/2840
f 1958/2874/2840 1946/2873/2839 1947/2875/2841
f 1958/2874/2840 1947/2875/2841 1957/2876/2842
f 1957/2876/2842 1947/2875/2841 1948/2877/2843
f 1957/2876/2842 1948/2877/2843 1956/2878/2844
f 1956/2878/2844 1948/2877/2843 1949/2879/2845
f 1956/2878/2844 1949/2879/2845 1955/2880/2846
f 1955/2880/2846 1949/2879/2845 1950/2881/2847
f 1955/2880/2846 1950/2881/2847 1954/2882/2848
f 1954/2882/2848 1950/2881/2847 1951/2883/2849
f 1954/2882/2848 1951/2883/2849 1953/2833/2801
f 1953/2833/2801 1951/2883/2849 1926/2831/2799
f 1951/2884/2850 1703/2885/2851 1926/2886/2852
f 1926/2886/2852 1703/2885/2851 1702/2887/2853
f 1926/2888/2852 1702/2889/2853 1927/2890/2854
f 1927/2890/2854 1702/2889/2853 1701/2891/2855
f 1927/2890/2854 1701/2891/2855 1928/2892/2856
f 1928/2892/2856 1701/2891/2855 1700/2893/2857
f 1928/2892/2856 1700/2893/2857 1929/2894/2858
f 1929/2894/2858 1700/2893/2857 1699/2895/2859
f 1929/2894/2858 1699/2895/2859 1930/2896/2860
f 1930/2896/2860 1699/2895/2859 1698/2897/2861
f 1930/2896/2860 1698/2897/2861 1931/2898/2862
f 1931/2898/2862 1698/2897/2861 1697/2899/2863
f 1931/2898/2862 1697/2899/2863 1932/2900/2864
f 1932/2900/2864 1697/2899/2863 1696/2901/2865
f 1932/2900/2864 1696/2901/2865 1933/2902/2866
f 1933/2902/2866 1696/2901/2865 1695/2903/2867
f 1933/2902/2866 1695/2903/2867 1934/2904/2868
f 1934/2904/2868 1695/2903/2867 1694/2905/2869
f 1934/2904/2868 1694/2905/2869 1935/2906/2870
f 1935/2906/2870 1694/2905/2869 1693/2907/2871
f 1935/2906/2870 1693/2907/2871 1936/2908/2872
f 1936/2908/2872 1693/2907/2871 1692/2909/2873
f 1936/2908/2872 1692/2909/2873 1937/2910/2874
f 1937/2910/2874 1692/2909/2873 1691/2911/2875
f 1937/2910/2874 1691/2911/2875 1938/2912/2876
f 1938/2912/2876 1691/2911/2875 1690/2913/2877
f 1938/2912/2876 1690/2913/2877 1939/2914/2878
f 1939/2914/2878 1690/2913/2877 1689/2915/2879
f 1939/2914/2878 1689/2915/2879 1940/2916/2880
f 1940/2916/2880 1689/2915/2879 1714/2917/2881
f 1940/2916/2880 1714/2917/2881 1941/2918/2882
f 1941/2918/2882 1714/2917/2881 1713/2919/2883
f 1941/2918/2882 1713/2919/2883 1942/2920/2884
f 1942/2920/2884 1713/2919/2883 1712/2921/2885
f 1942/2920/2884 1712/2921/2885 1943/2922/2886
f 1943/2922/2886 1712/2921/2885 1711/2923/2887
f 1943/2922/2886 1711/2923/2887 1944/2924/2888
f 1944/2924/2888 1711/2923/2887 1710/2925/2889
f 1944/2924/2888 1710/2925/2889 1945/2926/2890
f 1945/2926/2890 1710/2925/2889 1709/2927/2891
f 1945/2926/2890 1709/2927/2891 1946/2928/2892
f 1946/2928/2892 1709/2927/2891 1708/2929/2893
f 1946/2928/2892 1708/2929/2893 1947/2930/2894
f 1947/2930/2894 1708/2929/2893 1707/2931/2895
f 1947/2930/2894 1707/2931/2895 1948/2932/2896
f 1948/2932/2896 1707/2931/2895 1706/2933/2897
f 1948/2932/2896 1706/2933/2897 1949/2934/2898
f 1949/2934/2898 1706/2933/2897 1705/2935/2899
f 1949/2934/2898 1705/2935/2899 1950/2936/2900
f 1950/2936/2900 1705/2935/2899 1704/2937/2901
f 1950/2936/2900 1704/2937/2901 1951/2884/2850
f 1951/2884/2850 1704/2937/2901 1703/2885/2851
f 1898/2938/2902 1729/2939/2903 1873/2940/2904
f 1873/2940/2904 1729/2939/2903 1728/2941/2905
f 1873/2942/2904 1728/2943/2905 1874/2944/2906
f 1874/2944/2906 1728/2943/2905 1727/2945/2907
f 1874/2944/2906 1727/2945/2907 1875/2946/2908
f 1875/2946/2908 1727/2945/2907 1726/2947/2909
f 1875/2946/2908 1726/2947/2909 1876/2948/2910
f 1876/2948/2910 1726/2947/2909 1725/2949/2911
f 1876/2948/2910 1725/2949/2911 1877/2950/2912
f 1877/2950/2912 1725/2949/2911 1724/2951/2913
f 1877/2950/2912 1724/2951/2913 1878/2952/2914
f 1878/2952/2914 1724/2951/2913 1723/2953/2915
f 1878/2952/2914 1723/2953/2915 1879/2954/2916
f 1879/2954/2916 1723/2953/2915 1722/2955/2917
f 1879/2954/2916 1722/2955/2917 1880/2956/2918
f 1880/2956/2918 1722/2955/2917 1721/2957/2919
f 1880/2956/2918 1721/2957/2919 1881/2958/2920
f 1881/2958/2920 1721/2957/2919 1720/2959/2921
f 1881/2958/2920 1720/2959/2921 1882/2960/2922
f 1882/2960/2922 1720/2959/2921 1719/2961/2923
f 1882/2960/2922 1719/2961/2923 1883/2962/2924
f 1883/2962/2924 1719/2961/2923 1718/2963/2925
f 1883/2962/2924 1718/2963/2925 1884/2964/2926
f 1884/2964/2926 1718/2963/2925 1717/2965/2927
f 1884/2964/2926 1717/2965/2927 1885/2966/2928
f 1885/2966/2928 1717/2965/2927 1716/2967/2929
f 1885/2966/2928 1716/2967/2929 1886/2968/2930
f 1886/2968/2930 1716/2967/2929 1715/2969/2931
f 1886/2968/2930 1715/2969/2931 1887/2970/2932
f 1887/2970/2932 1715/2969/2931 1740/2971/2933
f 1887/2970/2932 1740/2971/2933 1888/2972/2934
f 1888/2972/2934 1740/2971/2933 1739/2973/2935
f 1888/2972/2934 1739/2973/2935 1889/2974/2936
f 1889/2974/2936 1739/2973/2935 1738/2975/2937
f 1889/2974/2936 1738/2975/2937 1890/2976/2938
f 1890/2976/2938 1738/2975/2937 1737/2977/2939
f 1890/2976/2938 1737/2977/2939 1891/2978/2940
f 1891/2978/2940 1737/2977/2939 1736/2979/2941
f 1891/2978/2940 1736/2979/2941 1892/2980/2942
f 1892/2980/2942 1736/2979/2941 1735/2981/2943
f 1892/2980/2942 1735/2981/2943 1893/2982/2944
f 1893/2982/2944 1735/2981/2943 1734/2983/2945
f 1893/2982/2944 1734/2983/2945 1894/2984/2946
f 1894/2984/2946 1734/2983/2945 1733/2985/2947
f 1894/2984/2946 1733/2985/2947 1895/2986/2948
f 1895/2986/2948 1733/2985/2947 1732/2987/2949
f 1895/2986/2948 1732/2987/2949 1896/2988/2950
f 1896/2988/2950 1732/2987/2949 1731/2989/2951
f 1896/2988/2950 1731/2989/2951 1897/2990/2952
f 1897/2990/2952 1731/2989/2951 1730/2991/2953
f 1897/2990/2952 1730/2991/2953 1898/2938/2902
f 1898/2938/2902 1730/2991/2953 1729/2939/2903
f 1792/2992/2954 1755/2993/2955 1767/2994/2956
f 1767/2994/2956 1755/2993/2955 1754/2995/2957
f 1767/2996/2956 1754/2997/2957 1768/2998/2958
f 1768/2998/2958 1754/2997/2957 1753/2999/2959
f 1768/2998/2958 1753/2999/2959 1769/3000/2960
f 1769/3000/2960 1753/2999/2959 1752/3001/2961
f 1769/3000/2960 1752/3001/2961 1770/3002/2962
f 1770/3002/2962 1752/3001/2961 1751/3003/2963
f 1770/3002/2962 1751/3003/2963 1771/3004/2964
f 1771/3004/2964 1751/3003/2963 1750/3005/2965
f 1771/3004/2964 1750/3005/2965 1772/3006/2966
f 1772/3006/2966 1750/3005/2965 1749/3007/2967
f 1772/3006/2966 1749/3007/2967 1773/3008/2968
f 1773/3008/2968 1749/3007/2967 1748/3009/2969
f 1773/3008/2968 1748/3009/2969 1774/3010/2970
f 1774/3010/2970 1748/3009/2969 1747/3011/2971
f 1774/3010/2970 1747/3011/2971 1775/3012/2972
f 1775/3012/2972 1747/3011/2971 1746/3013/2973
f 1775/3012/2972 1746/3013/2973 1776/3014/2974
f 1776/3014/2974 1746/3013/2973 1745/3015/2975
f 1776/3014/2974 1745/3015/2975 1777/3016/2976
f 1777/3016/2976 1745/3015/2975 1744/3017/2977
f 1777/3016/2976 1744/3017/2977 1778/3018/2978
f 1778/3018/2978 1744/3017/2977 1743/3019/2979
f 1778/3018/2978 1743/3019/2979 1779/3020/2980
f 1779/3020/2980 1743/3019/2979 1742/3021/2981
f 1779/3020/2980 1742/3021/2981 1780/3022/2982
f 1780/3022/2982 1742/3021/2981 1741/3023/2983
f 1780/3022/2982 1741/3023/2983 1781/3024/2984
f 1781/3024/2984 1741/3023/2983 1766/3025/2985
f 1781/3024/2984 1766/3025/2985 1782/3026/2986
f 1782/3026/2986 1766/3025/2985 1765/3027/2987
f 1782/3026/2986 1765/3027/2987 1783/3028/2988
f 1783/3028/2988 1765/3027/2987 1764/3029/2989
f 1783/3028/2988 1764/3029/2989 1784/3030/2990
f 1784/3030/2990 1764/3029/2989 1763/3031/2991
f 1784/3030/2990 1763/3031/2991 1785/3032/2992
f 1785/3032/2992 1763/3031/2991 1762/3033/2993
f 1785/3032/2992 1762/3033/2993 1786/3034/2994
f 1786/3034/2994 1762/3033/2993 1761/3035/2995
f 1786/3034/2994 1761/3035/2995 1787/3036/2996
f 1787/3036/2996 1761/3035/2995 1760/3037/2997
f 1787/3036/2996 1760/3037/2997 1788/3038/2998
f 1788/3038/2998 1760/3037/2997 1759/3039/2999
f 1788/3038/2998 1759/3039/2999 1789/3040/3000
f 1789/3040/3000 1759/3039/2999 1758/3041/3001
f 1789/3040/3000 1758/3041/3001 1790/3042/3002
f 1790/3042/3002 1758/3041/3001 1757/3043/3003
f 1790/3042/3002 1757/3043/3003 1791/3044/3004
f 1791/3044/3004 1757/3043/3003 1756/3045/3005
f 1791/3044/3004 1756/3045/3005 1792/2992/2954
f 1792/2992/2954 1756/3045/3005 1755/2993/2955
f 1845/3046/3006 1677/3047/3007 1820/3048/3008
f 1820/3048/3008 1677/3047/3007 1676/3049/3009
f 1820/3050/3008 1676/3051/3009 1821/3052/3010
f 1821/3052/3010 1676/3051/3009 1675/3053/3011
f 1821/3052/3010 1675/3053/3011 1822/3054/3012
f 1822/3054/3012 1675/3053/3011 1674/3055/3013
f 1822/3054/3012 1674/3055/3013 1823/3056/3014
f 1823/3056/3014 1674/3055/3013 1673/3057/3015
f 1823/3056/3014 1673/3057/3015 1824/3058/3016
f 1824/3058/3016 1673/3057/3015 1672/3059/3017
f 1824/3058/3016 1672/3059/3017 1825/3060/3018
f 1825/3060/3018 1672/3059/3017 1671/3061/3019
f 1825/3060/3018 1671/3061/3019 1826/3062/3020
f 1826/3062/3020 1671/3061/3019 1670/3063/3021
f 1826/3062/3020 1670/3063/3021 1827/3064/3022
f 1827/3064/3022 1670/3063/3021 1669/3065/3023
f 1827/3064/3022 1669/3065/3023 1828/3066/3024
f 1828/3066/3024 1669/3065/3023 1668/3067/3025
f 1828/3066/3024 1668/3067/3025 1829/3068/3026
f 1829/3068/3026 1668/3067/3025 1667/3069/3027
f 1829/3068/3026 1667/3069/3027 1830/3070/3028
f 1830/3070/3028 1667/3069/3027 1666/3071/3029
f 1830/3070/3028 1666/3071/3029 1831/3072/3030
f 1831/3072/3030 1666/3071/3029 1665/3073/3031
f 1831/3072/3030 1665/3073/3031 1832/3074/3032
f 1832/3074/3032 1665/3073/3031 1664/3075/3033
f 1832/3074/3032 1664/3075/3033 1833/3076/3034
f 1833/3076/3034 1664/3075/3033 1663/3077/3035
f 1833/3076/3034 1663/3077/3035 1834/3078/3036
f 1834/3078/3036 1663/3077/3035 1688/3079/3037
f 1834/3078/3036 1688/3079/3037 1835/3080/3038
f 1835/3080/3038 1688/3079/3037 1687/3081/3039
f 1835/3080/3038 1687/3081/3039 1836/3082/3040
f 1836/3082/3040 1687/3081/3039 1686/3083/3041
f 1836/3082/3040 1686/3083/3041 1837/3084/3042
f 1837/3084/3042 1686/3083/3041 1685/3085/3043
f 1837/3084/3042 1685/3085/3043 1838/3086/3044
f 1838/3086/3044 1685/3085/3043 1684/3087/3045
f 1838/3086/3044 1684/3087/3045 1839/3088/3046
f 1839/3088/3046 1684/3087/3045 1683/3089/3047
f 1839/3088/3046 1683/3089/3047 1840/3090/3048
f 1840/3090/3048 1683/3089/3047 1682/3091/3049
f 1840/3090/3048 1682/3091/3049 1841/3092/3050
f 1841/3092/3050 1682/3091/3049 1681/3093/3051
f 1841/3092/3050 1681/3093/3051 1842/3094/3052
f 1842/3094/3052 1681/3093/3051 1680/3095/3053
f 1842/3094/3052 1680/3095/3053 1843/3096/3054
f 1843/3096/3054 1680/3095/3053 1679/3097/3055
f 1843/3096/3054 1679/3097/3055 1844/3098/3056
f 1844/3098/3056 1679/3097/3055 1678/3099/3057
f 1844/3098/3056 1678/3099/3057 1845/3046/3006
f 1845/3046/3006 1678/3099/3057 1677/3047/3007
f 1662/3100/3058 1505/3101/3059 1599/3102/3060
f 1599/3102/3060 1505/3101/3059 1504/3103/3061
f 1599/3102/3060 1504/3103/3061 1600/3104/3062
f 1600/3104/3062 1504/3103/3061 1503/3105/3063
f 1600/3104/3062 1503/3105/3063 1601/3106/3064
f 1601/3106/3064 1503/3105/3063 1502/3107/3065
f 1601/3106/3064 1502/3107/3065 1602/3108/3066
f 1602/3108/3066 1502/3107/3065 1501/3109/3067
f 1602/3108/3066 1501/3109/3067 1603/3110/3068
f 1603/3110/3068 1501/3109/3067 1500/3111/3069
f 1603/3110/3068 1500/3111/3069 1604/3112/3070
f 1604/3112/3070 1500/3111/3069 1499/3113/3071
f 1604/3112/3070 1499/3113/3071 1605/3114/3072
f 1605/3114/3072 1499/3113/3071 1498/3115/3073
f 1605/3114/3072 1498/3115/3073 1606/3116/3074
f 1606/3116/3074 1498/3115/3073 1497/3117/3075
f 1606/3116/3074 1497/3117/3075 1607/3118/3076
f 1607/3118/3076 1497/3117/3075 1496/3119/3077
f 1607/3118/3076 1496/3119/3077 1608/3120/3078
f 1608/3120/3078 1496/3119/3077 1495/3121/3079
f 1608/3120/3078 1495/3121/3079 1609/3122/3080
f 1609/3122/3080 1495/3121/3079 1494/3123/3081
f 1609/3122/3080 1494/3123/3081 1610/3124/3082
f 1610/3124/3082 1494/3123/3081 1493/3125/3083
f 1610/3124/3082 1493/3125/3083 1611/3126/3084
f 1611/3126/3084 1493/3125/3083 1492/3127/3085
f 1611/3126/3084 1492/3127/3085 1612/3128/3086
f 1612/3128/3086 1492/3127/3085 1491/3129/3087
f 1612/3128/3086 1491/3129/3087 1613/3130/3088
f 1613/3130/3088 1491/3129/3087 1490/3131/3089
f 1613/3130/3088 1490/3131/3089 1614/3132/3090
f 1614/3132/3090 1490/3131/3089 1489/3133/3091
f 1614/3132/3090 1489/3133/3091 1615/3134/3092
f 1615/3134/3092 1489/3133/3091 1488/3135/3093
f 1615/3134/3092 1488/3135/3093 1616/3136/3094
f 1616/3136/3094 1488/3135/3093 1487/3137/3095
f 1616/3136/3094 1487/3137/3095 1617/3138/3096
f 1617/3138/3096 1487/3137/3095 1486/3139/3097
f 1617/3138/3096 1486/3139/3097 1618/3140/3098
f 1618/3140/3098 1486/3139/3097 1485/3141/3099
f 1618/3140/3098 1485/3141/3099 1619/3142/3100
f 1619/3142/3100 1485/3141/3099 1484/3143/3101
f 1619/3142/3100 1484/3143/3101 1620/3144/3102
f 1620/3144/3102 1484/3143/3101 1483/3145/3103
f 1620/3144/3102 1483/3145/3103 1621/3146/3104
f 1621/3146/3104 1483/3145/3103 1482/3147/3105
f 1621/3146/3104 1482/3147/3105 1622/3148/3106
f 1622/3148/3106 1482/3147/3105 1481/3149/3107
f 1622/3148/3106 1481/3149/3107 1623/3150/3108
f 1623/3150/3108 1481/3149/3107 1480/3151/3109
f 1623/3150/3108 1480/3151/3109 1624/3152/3110
f 1624/3152/3110 1480/3151/3109 1479/3153/3111
f 1624/3152/3110 1479/3153/3111 1625/3154/3112
f 1625/3154/3112 1479/3153/3111 1478/3155/3113
f 1625/3154/3112 1478/3155/3113 1626/3156/3114
f 1626/3156/3114 1478/3155/3113 1477/3157/3115
f 1626/3156/3114 1477/3157/3115 1627/3158/3116
f 1627/3158/3116 1477/3157/3115 1476/3159/3117
f 1627/3158/3116 1476/3159/3117 1628/3160/3118
f 1628/3160/3118 1476/3159/3117 1475/3161/3119
f 1628/3160/3118 1475/3161/3119 1629/3162/3120
f 1629/3162/3120 1475/3161/3119 1474/3163/3121
f 1629/3162/3120 1474/3163/3121 1630/3164/3122
f 1630/3164/3122 1474/3163/3121 1473/3165/3123
f 1630/3164/3122 1473/3165/3123 1631/3166/3124
f 1631/3166/3124 1473/3165/3123 1472/3167/3125
f 1631/3168/3124 1472/3169/3125 1632/3170/3126
f 1632/3170/3126 1472/3169/3125 1535/3171/3127
f 1632/3170/3126 1535/3171/3127 1633/3172/3128
f 1633/3172/3128 1535/3171/3127 1534/3173/3129
f 1633/3172/3128 1534/3173/3129 1634/3174/3130
f 1634/3174/3130 1534/3173/3129 1533/3175/3131
f 1634/3174/3130 1533/3175/3131 1635/3176/3132
f 1635/3176/3132 1533/3175/3131 1532/3177/3133
f 1635/3176/3132 1532/3177/3133 1636/3178/3134
f 1636/3178/3134 1532/3177/3133 1531/3179/3135
f 1636/3178/3134 1531/3179/3135 1637/3180/3136
f 1637/3180/3136 1531/3179/3135 1530/3181/3137
f 1637/3180/3136 1530/3181/3137 1638/3182/3138
f 1638/3182/3138 1530/3181/3137 1529/3183/3139
f 1638/3182/3138 1529/3183/3139 1639/3184/3140
f 1639/3184/3140 1529/3183/3139 1528/3185/3141
f 1639/3184/3140 1528/3185/3141 1640/3186/3142
f 1640/3186/3142 1528/3185/3141 1527/3187/3143
f 1640/3186/3142 1527/3187/3143 1641/3188/3144
f 1641/3188/3144 1527/3187/3143 1526/3189/3145
f 1641/3188/3144 1526/3189/3145 1642/3190/3146
f 1642/3190/3146 1526/3189/3145 1525/3191/3147
f 1642/3190/3146 1525/3191/3147 1643/3192/3148
f 1643/3192/3148 1525/3191/3147 1524/3193/3149
f 1643/3192/3148 1524/3193/3149 1644/3194/3150
f 1644/3194/3150 1524/3193/3149 1523/3195/3151
f 1644/3194/3150 1523/3195/3151 1645/3196/3152
f 1645/3196/3152 1523/3195/3151 1522/3197/3153
f 1645/3196/3152 1522/3197/3153 1646/3198/3154
f 1646/3198/3154 1522/3197/3153 1521/3199/3155
f 1646/3198/3154 1521/3199/3155 1647/3200/3156
f 1647/3200/3156 1521/3199/3155 1520/3201/3157
f 1647/3200/3156 1520/3201/3157 1648/3202/3158
f 1648/3202/3158 1520/3201/3157 1519/3203/3159
f 1648/3202/3158 1519/3203/3159 1649/3204/3160
f 1649/3204/3160 1519/3203/3159 1518/3205/3161
f 1649/3204/3160 1518/3205/3161 1650/3206/3162
f 1650/3206/3162 1518/3205/3161 1517/3207/3163
f 1650/3206/3162 1517/3207/3163 1651/3208/3164
f 1651/3208/3164 1517/3207/3163 1516/3209/3165
f 1651/3208/3164 1516/3209/3165 1652/3210/3166
f 1652/3210/3166 1516/3209/3165 1515/3211/3167
f 1652/3210/3166 1515/3211/3167 1653/3212/3168
f 1653/3212/3168 1515/3211/3167 1514/3213/3169
f 1653/3212/3168 1514/3213/3169 1654/3214/3170
f 1654/3214/3170 1514/3213/3169 1513/3215/3171
f 1654/3214/3170 1513/3215/3171 1655/3216/3172
f 1655/3216/3172 1513/3215/3171 1512/3217/3173
f 1655/3216/3172 1512/3217/3173 1656/3218/3174
f 1656/3218/3174 1512/3217/3173 1511/3219/3175
f 1656/3218/3174 1511/3219/3175 1657/3220/3176
f 1657/3220/3176 1511/3219/3175 1510/3221/3177
f 1657/3220/3176 1510/3221/3177 1658/3222/3178
f 1658/3222/3178 1510/3221/3177 1509/3223/3179
f 1658/3222/3178 1509/3223/3179 1659/3224/3180
f 1659/3224/3180 1509/3223/3179 1508/3225/3181
f 1659/3224/3180 1508/3225/3181 1660/3226/3182
f 1660/3226/3182 1508/3225/3181 1507/3227/3183
f 1660/3226/3182 1507/3227/3183 1661/3228/3184
f 1661/3228/3184 1507/3227/3183 1506/3229/3185
f 1661/3228/3184 1506/3229/3185 1662/3100/3058
f 1662/3100/3058 1506/3229/3185 1505/3101/3059
f 1980/3230/3186 2023/3231/3187 1979/3232/3188
f 1979/3232/3188 2023/3231/3187 2024/3233/3189
f 1979/3232/3188 2024/3233/3189 2022/3234/3190
f 2022/3234/3190 2024/3233/3189 2025/3235/3191
f 2022/3234/3190 2025/3235/3191 2021/3236/3192
f 2021/3236/3192 2025/3235/3191 2026/3237/3193
f 2021/3236/3192 2026/3237/3193 2020/3238/3194
f 2020/3238/3194 2026/3237/3193 2027/3239/3195
f 2020/3238/3194 2027/3239/3195 2019/3240/3196
f 2019/3240/3196 2027/3239/3195 2028/3241/3197
f 2019/3240/3196 2028/3241/3197 2018/3242/3198
f 2018/3242/3198 2028/3241/3197 2029/3243/3199
f 2018/3242/3198 2029/3243/3199 2017/3244/3200
f 2017/3244/3200 2029/3243/3199 2030/3245/3201
f 2017/3244/3200 2030/3245/3201 2016/3246/3202
f 2016/3246/3202 2030/3245/3201 2031/3247/3203
f 2016/3246/3202 2031/3247/3203 2015/3248/3204
f 2015/3248/3204 2031/3247/3203 2032/3249/3205
f 2015/3248/3204 2032/3249/3205 2014/3250/3206
f 2014/3250/3206 2032/3249/3205 2033/3251/3207
f 2014/3250/3206 2033/3251/3207 2013/3252/3208
f 2013/3252/3208 2033/3251/3207 2034/3253/3209
f 2013/3252/3208 2034/3253/3209 2012/3254/3210
f 2012/3254/3210 2034/3253/3209 2035/3255/3211
f 2012/3254/3210 2035/3255/3211 2011/3256/3212
f 2011/3256/3212 2035/3255/3211 2036/3257/3213
f 2011/3256/3212 2036/3257/3213 2010/3258/3214
f 2010/3258/3214 2036/3257/3213 2037/3259/3215
f 2010/3258/3214 2037/3259/3215 2009/3260/3216
f 2009/3260/3216 2037/3259/3215 2038/3261/3217
f 2009/3260/3216 2038/3261/3217 2008/3262/3218
f 2008/3262/3218 2038/3261/3217 2039/3263/3219
f 2008/3262/3218 2039/3263/3219 2007/3264/3220
f 2007/3264/3220 2039/3263/3219 2040/3265/3221
f 2007/3264/3220 2040/3265/3221 2006/3266/3222
f 2006/3266/3222 2040/3265/3221 2041/3267/3223
f 2006/3266/3222 2041/3267/3223 2005/3268/3224
f 2005/3268/3224 2041/3267/3223 2042/3269/3225
f 2005/3268/3224 2042/3269/3225 2004/3270/3226
f 2004/3270/3226 2042/3269/3225 2043/3271/3227
f 2004/3270/3226 2043/3271/3227 2003/3272/3228
f 2003/3272/3228 2043/3271/3227 2044/3273/3229
f 2003/3272/3228 2044/3273/3229 2002/3274/3230
f 2002/3274/3230 2044/3273/3229 2001/3275/3231
f 2001/3275/3231 2044/3273/3229 2045/3276/3232
f 2001/3277/3231 2045/3278/3232 2000/3279/3233
f 2000/3279/3233 2045/3278/3232 2046/3280/3234
f 2000/3279/3233 2046/3280/3234 2047/3281/3235
f 2023/3231/3187 1980/3230/3186 2066/3282/3236
f 2066/3282/3236 1980/3230/3186 1981/3283/3237
f 2066/3282/3236 1981/3283/3237 2065/3284/3238
f 2065/3284/3238 1981/3283/3237 1982/3285/3239
f 2065/3284/3238 1982/3285/3239 2064/3286/3240
f 2064/3286/3240 1982/3285/3239 1983/3287/3241
f 2064/3286/3240 1983/3287/3241 2063/3288/3242
f 2063/3288/3242 1983/3287/3241 1984/3289/3243
f 2063/3288/3242 1984/3289/3243 2062/3290/3244
f 2062/3290/3244 1984/3289/3243 1985/3291/3245
f 2062/3290/3244 1985/3291/3245 2061/3292/3246
f 2061/3292/3246 1985/3291/3245 1986/3293/3247
f 2061/3292/3246 1986/3293/3247 2060/3294/3248
f 2060/3294/3248 1986/3293/3247 1987/3295/3249
f 2060/3294/3248 1987/3295/3249 2059/3296/3250
f 2059/3296/3250 1987/3295/3249 1988/3297/3251
f 2059/3296/3250 1988/3297/3251 2058/3298/3252
f 2058/3298/3252 1988/3297/3251 1989/3299/3253
f 2058/3298/3252 1989/3299/3253 2057/3300/3254
f 2057/3300/3254 1989/3299/3253 1990/3301/3255
f 2057/3300/3254 1990/3301/3255 2056/3302/3256
f 2056/3302/3256 1990/3301/3255 1991/3303/3257
f 2056/3302/3256 1991/3303/3257 2055/3304/3258
f 2055/3304/3258 1991/3303/3257 1992/3305/3259
f 2055/3304/3258 1992/3305/3259 2054/3306/3260
f 2054/3306/3260 1992/3305/3259 1993/3307/3261
f 2054/3306/3260 1993/3307/3261 2053/3308/3262
f 2053/3308/3262 1993/3307/3261 1994/3309/3263
f 2053/3308/3262 1994/3309/3263 2052/3310/3264
f 2052/3310/3264 1994/3309/3263 1995/3311/3265
f 2052/3310/3264 1995/3311/3265 2051/3312/3266
f 2051/3312/3266 1995/3311/3265 1996/3313/3267
f 2051/3312/3266 1996/3313/3267 2050/3314/3268
f 2050/3314/3268 1996/3313/3267 1997/3315/3269
f 2050/3314/3268 1997/3315/3269 2049/3316/3270
f 2049/3316/3270 1997/3315/3269 1998/3317/3271
f 2049/3316/3270 1998/3317/3271 2048/3318/3272
f 2048/3318/3272 1998/3317/3271 1999/3319/3273
f 2048/3318/3272 1999/3319/3273 2047/3281/3235
f 2047/3281/3235 1999/3319/3273 2000/3279/3233
f 221/3320/3274 2073/3321/3275 222/3322/3276
f 222/3322/3276 2073/3321/3275 2074/3323/3277
f 222/3324/3276 2074/3325/3277 2075/3326/3278
f 2073/3321/3275 221/3320/3274 2072/3327/3279
f 2072/3327/3279 221/3320/3274 220/3328/3280
f 2072/3327/3279 220/3328/3280 2071/3329/3281
f 2071/3329/3281 220/3328/3280 219/3330/3282
f 2071/3329/3281 219/3330/3282 2070/3331/3283
f 2070/3331/3283 219/3330/3282 2069/3332/3284
f 2069/3332/3284 219/3330/3282 218/3333/3285
f 2069/3332/3284 218/3333/3285 2068/3334/3286
f 2068/3334/3286 218/3333/3285 2067/3335/3287
f 2067/3335/3287 218/3333/3285 217/3336/3288
f 222/3324/3276 2075/3326/3278 2261/3337/3289
f 2261/3337/3289 2075/3326/3278 2076/3338/3290
f 2261/3337/3289 2076/3338/3290 2260/3339/3291
f 2260/3339/3291 2076/3338/3290 2259/3340/3292
f 2259/3340/3292 2076/3338/3290 2077/3341/3293
f 2259/3340/3292 2077/3341/3293 2078/3342/3294
f 2079/3343/3295 2257/3344/3296 2078/3342/3294
f 2078/3342/3294 2257/3344/3296 2258/3345/3297
f 2078/3342/3294 2258/3345/3297 2259/3340/3292
f 2257/3344/3296 2079/3343/3295 2256/3346/3298
f 2256/3346/3298 2079/3343/3295 2080/3347/3299
f 2256/3346/3298 2080/3347/3299 2255/3348/3300
f 2255/3348/3300 2080/3347/3299 2081/3349/3301
f 2255/3348/3300 2081/3349/3301 2254/3350/3302
f 2254/3350/3302 2081/3349/3301 2082/3351/3303
f 2254/3350/3302 2082/3351/3303 2253/3352/3304
f 2253/3352/3304 2082/3351/3303 2083/3353/3305
f 2253/3352/3304 2083/3353/3305 2252/3354/3306
f 2252/3354/3306 2083/3353/3305 2084/3355/3307
f 2252/3354/3306 2084/3355/3307 2251/3356/3308
f 2251/3356/3308 2084/3355/3307 2085/3357/3309
f 2251/3356/3308 2085/3357/3309 2250/3358/3310
f 2250/3358/3310 2085/3357/3309 2086/3359/3311
f 2250/3358/3310 2086/3359/3311 2249/3360/3312
f 2249/3360/3312 2086/3359/3311 2087/3361/3313
f 2249/3360/3312 2087/3361/3313 2248/3362/3314
f 2248/3362/3314 2087/3361/3313 2088/3363/3315
f 2248/3362/3314 2088/3363/3315 2247/3364/3316
f 2247/3364/3316 2088/3363/3315 2089/3365/3317
f 2247/3364/3316 2089/3365/3317 2246/3366/3318
f 2246/3366/3318 2089/3365/3317 2090/3367/3319
f 2246/3366/3318 2090/3367/3319 2245/3368/3320
f 2245/3368/3320 2090/3367/3319 2091/3369/3321
f 2245/3368/3320 2091/3369/3321 2244/3370/3322
f 2244/3370/3322 2091/3369/3321 2092/3371/3323
f 2244/3370/3322 2092/3371/3323 2243/3372/3324
f 2243/3372/3324 2092/3371/3323 2093/3373/3325
f 2243/3372/3324 2093/3373/3325 2242/3374/3326
f 2242/3374/3326 2093/3373/3325 2094/3375/3327
f 2242/3374/3326 2094/3375/3327 2241/3376/3328
f 2241/3376/3328 2094/3375/3327 2095/3377/3329
f 2241/3376/3328 2095/3377/3329 2240/3378/3330
f 2240/3378/3330 2095/3377/3329 2096/3379/3331
f 2240/3378/3330 2096/3379/3331 2097/3380/3332
f 2098/3381/3333 2238/3382/3334 2097/3380/3332
f 2097/3380/3332 2238/3382/3334 2239/3383/3335
f 2097/3380/3332 2239/3383/3335 2240/3378/3330
f 2098/3381/3333 2099/3384/3336 2238/3382/3334
f 2238/3382/3334 2099/3384/3336 2237/3385/3337
f 2237/3385/3337 2099/3384/3336 2100/3386/3338
f 2237/3385/3337 2100/3386/3338 2236/3387/3339
f 2236/3387/3339 2100/3386/3338 2101/3388/3340
f 2236/3387/3339 2101/3388/3340 2235/3389/3341
f 2235/3389/3341 2101/3388/3340 2102/3390/3342
f 2235/3389/3341 2102/3390/3342 2234/3391/3343
f 2234/3391/3343 2102/3390/3342 2103/3392/3344
f 2234/3391/3343 2103/3392/3344 2233/3393/3345
f 2233/3393/3345 2103/3392/3344 2104/3394/3346
f 2233/3393/3345 2104/3394/3346 2232/3395/3347
f 2232/3395/3347 2104/3394/3346 2105/3396/3348
f 2232/3395/3347 2105/3396/3348 2231/3397/3349
f 2231/3397/3349 2105/3396/3348 2106/3398/3350
f 2231/3397/3349 2106/3398/3350 2230/3399/3351
f 2230/3399/3351 2106/3398/3350 2107/3400/3352
f 2230/3399/3351 2107/3400/3352 2229/3401/3353
f 2229/3401/3353 2107/3400/3352 2108/3402/3354
f 2229/3401/3353 2108/3402/3354 2228/3403/3355
f 2228/3403/3355 2108/3402/3354 2109/3404/3356
f 2228/3403/3355 2109/3404/3356 2227/3405/3357
f 2227/3405/3357 2109/3404/3356 2110/3406/3358
f 2227/3405/3357 2110/3406/3358 2226/3407/3359
f 2226/3407/3359 2110/3406/3358 2111/3408/3360
f 2226/3407/3359 2111/3408/3360 2225/3409/3361
f 2225/3409/3361 2111/3408/3360 2112/3410/3362
f 2225/3409/3361 2112/3410/3362 2224/3411/3363
f 2224/3411/3363 2112/3410/3362 2113/3412/3364
f 2224/3411/3363 2113/3412/3364 2223/3413/3365
f 2223/3413/3365 2113/3412/3364 2114/3414/3366
f 2223/3413/3365 2114/3414/3366 2222/3415/3367
f 2222/3415/3367 2114/3414/3366 2115/3416/3368
f 2222/3415/3367 2115/3416/3368 2221/3417/3369
f 2221/3417/3369 2115/3416/3368 2116/3418/3370
f 2221/3417/3369 2116/3418/3370 2220/3419/3371
f 2220/3419/3371 2116/3418/3370 2117/3420/3372
f 2220/3419/3371 2117/3420/3372 2219/3421/3373
f 2219/3421/3373 2117/3420/3372 2118/3422/3374
f 2219/3421/3373 2118/3422/3374 2218/3423/3375
f 2218/3423/3375 2118/3422/3374 2119/3424/3376
f 2218/3423/3375 2119/3424/3376 2217/3425/3377
f 2217/3425/3377 2119/3424/3376 2120/3426/3378
f 2217/3425/3377 2120/3426/3378 2216/3427/3379
f 2216/3427/3379 2120/3426/3378 2215/3428/3380
f 2215/3428/3380 2120/3426/3378 2121/3429/3381
f 2215/3428/3380 2121/3429/3381 2214/3430/3382
f 2214/3430/3382 2121/3429/3381 2122/3431/3383
f 2214/3430/3382 2122/3431/3383 2213/3432/3384
f 2213/3432/3384 2122/3431/3383 2123/3433/3385
f 2213/3432/3384 2123/3433/3385 2212/3434/3386
f 2212/3434/3386 2123/3433/3385 2124/3435/3387
f 2212/3434/3386 2124/3435/3387 2211/3436/3388
f 2211/3436/3388 2124/3435/3387 2125/3437/3389
f 2211/3436/3388 2125/3437/3389 2210/3438/3390
f 2210/3438/3390 2125/3437/3389 2126/3439/3391
f 2210/3438/3390 2126/3439/3391 2209/3440/3392
f 2209/3440/3392 2126/3439/3391 2127/3441/3393
f 2209/3440/3392 2127/3441/3393 2208/3442/3394
f 2208/3442/3394 2127/3441/3393 2128/3443/3395
f 2208/3442/3394 2128/3443/3395 2207/3444/3396
f 2207/3444/3396 2128/3443/3395 2129/3445/3397
f 2207/3444/3396 2129/3445/3397 2206/3446/3398
f 2206/3446/3398 2129/3445/3397 2130/3447/3399
f 2206/3446/3398 2130/3447/3399 2205/3448/3400
f 2205/3449/3400 2130/3450/3399 2131/3451/3401
f 2205/3449/3400 2131/3451/3401 2204/3452/3402
f 2204/3452/3402 2131/3451/3401 2132/3453/3403
f 2204/3452/3402 2132/3453/3403 2203/3454/3404
f 2203/3454/3404 2132/3453/3403 2133/3455/3405
f 2203/3454/3404 2133/3455/3405 2202/3456/3406
f 2202/3456/3406 2133/3455/3405 2134/3457/3407
f 2202/3456/3406 2134/3457/3407 2201/3458/3408
f 2201/3458/3408 2134/3457/3407 2135/3459/3409
f 2201/3458/3408 2135/3459/3409 2200/3460/3410
f 2200/3460/3410 2135/3459/3409 2136/3461/3411
f 2200/3460/3410 2136/3461/3411 2199/3462/3412
f 2199/3462/3412 2136/3461/3411 2137/3463/3413
f 2199/3462/3412 2137/3463/3413 2198/3464/3414
f 2198/3464/3414 2137/3463/3413 2138/3465/3415
f 2198/3464/3414 2138/3465/3415 2139/3466/3416
f 2198/3464/3414 2139/3466/3416 2197/3467/3417
f 2197/3467/3417 2139/3466/3416 2140/3468/3418
f 2197/3467/3417 2140/3468/3418 2196/3469/3419
f 2196/3469/3419 2140/3468/3418 2141/3470/3420
f 2196/3469/3419 2141/3470/3420 2195/3471/3421
f 2195/3471/3421 2141/3470/3420 2142/3472/3422
f 2195/3471/3421 2142/3472/3422 2194/3473/3423
f 2194/3473/3423 2142/3472/3422 2143/3474/3424
f 2194/3473/3423 2143/3474/3424 2193/3475/3425
f 2193/3475/3425 2143/3474/3424 2144/3476/3426
f 2193/3475/3425 2144/3476/3426 2192/3477/3427
f 2192/3477/3427 2144/3476/3426 2145/3478/3428
f 2192/3477/3427 2145/3478/3428 2191/3479/3429
f 2191/3479/3429 2145/3478/3428 2146/3480/3430
f 2191/3479/3429 2146/3480/3430 2190/3481/3431
f 2190/3481/3431 2146/3480/3430 2147/3482/3432
f 2190/3481/3431 2147/3482/3432 2189/3483/3433
f 2189/3483/3433 2147/3482/3432 2148/3484/3434
f 2189/3483/3433 2148/3484/3434 2188/3485/3435
f 2188/3485/3435 2148/3484/3434 2149/3486/3436
f 2188/3485/3435 2149/3486/3436 2187/3487/3437
f 2187/3487/3437 2149/3486/3436 2150/3488/3438
f 2187/3487/3437 2150/3488/3438 2186/3489/3439
f 2186/3489/3439 2150/3488/3438 2151/3490/3440
f 2186/3489/3439 2151/3490/3440 2185/3491/3441
f 2185/3491/3441 2151/3490/3440 2152/3492/3442
f 2185/3491/3441 2152/3492/3442 2184/3493/3443
f 2184/3493/3443 2152/3492/3442 2153/3494/3444
f 2184/3493/3443 2153/3494/3444 2183/3495/3445
f 2183/3495/3445 2153/3494/3444 2154/3496/3446
f 2183/3495/3445 2154/3496/3446 2182/3497/3447
f 2182/3497/3447 2154/3496/3446 2155/3498/3448
f 2182/3497/3447 2155/3498/3448 2181/3499/3449
f 2181/3499/3449 2155/3498/3448 2156/3500/3450
f 2181/3499/3449 2156/3500/3450 2180/3501/3451
f 2180/3501/3451 2156/3500/3450 2157/3502/3452
f 2180/3501/3451 2157/3502/3452 2179/3503/3453
f 2179/3503/3453 2157/3502/3452 2158/3504/3454
f 2179/3503/3453 2158/3504/3454 2178/3505/3455
f 2178/3505/3455 2158/3504/3454 2159/3506/3456
f 2178/3505/3455 2159/3506/3456 2177/3507/3457
f 2177/3507/3457 2159/3506/3456 2160/3508/3458
f 2177/3507/3457 2160/3508/3458 2176/3509/3459
f 2176/3509/3459 2160/3508/3458 2161/3510/3460
f 2176/3509/3459 2161/3510/3460 2175/3511/3461
f 2175/3511/3461 2161/3510/3460 2162/3512/3462
f 2175/3511/3461 2162/3512/3462 2174/3513/3463
f 2174/3513/3463 2162/3512/3462 2163/3514/3464
f 2174/3513/3463 2163/3514/3464 2173/3515/3465
f 2173/3515/3465 2163/3514/3464 2172/3516/3466
f 2172/3516/3466 2163/3514/3464 2164/3517/3467
f 2172/3516/3466 2164/3517/3467 2171/3518/3468
f 2171/3518/3468 2164/3517/3467 2165/3519/3469
f 2171/3518/3468 2165/3519/3469 2170/3520/3470
f 2170/3520/3470 2165/3519/3469 2166/3521/3471
f 2170/3520/3470 2166/3521/3471 2169/3522/3472
f 2169/3522/3472 2166/3521/3471 2168/3523/3473
f 2168/3523/3473 2166/3521/3471 2167/3524/3474
f 208/3525/3475 2268/3526/3476 209/3527/3477
f 209/3527/3477 2268/3526/3476 2269/3528/3478
f 209/3527/3477 2269/3528/3478 2270/3529/3479
f 2268/3526/3476 208/3525/3475 2267/3530/3480
f 2267/3530/3480 208/3525/3475 207/3531/3481
f 2267/3530/3480 207/3531/3481 2266/3532/3482
f 2266/3532/3482 207/3531/3481 206/3533/3483
f 2266/3532/3482 206/3533/3483 2265/3534/3484
f 2265/3534/3484 206/3533/3483 2264/3535/3485
f 2264/3535/3485 206/3533/3483 205/3536/3486
f 2264/3535/3485 205/3536/3486 2263/3537/3487
f 2263/3537/3487 205/3536/3486 2262/3538/3488
f 2262/3538/3488 205/3536/3486 204/3539/3489
f 209/3527/3477 2270/3529/3479 2456/3540/3490
f 2456/3540/3490 2270/3529/3479 2271/3541/3491
f 2456/3540/3490 2271/3541/3491 2455/3542/3492
f 2455/3542/3492 2271/3541/3491 2272/3543/3493
f 2455/3542/3492 2272/3543/3493 2454/3544/3494
f 2454/3544/3494 2272/3543/3493 2453/3545/3495
f 2453/3545/3495 2272/3543/3493 2273/3546/3496
f 2453/3545/3495 2273/3546/3496 2452/3547/3497
f 2452/3547/3497 2273/3546/3496 2274/3548/3498
f 2452/3547/3497 2274/3548/3498 2451/3549/3499
f 2451/3549/3499 2274/3548/3498 2275/3550/3500
f 2451/3549/3499 2275/3550/3500 2276/3551/3501
f 2277/3552/3502 2449/3553/3503 2276/3551/3501
f 2276/3551/3501 2449/3553/3503 2450/3554/3504
f 2276/3551/3501 2450/3554/3504 2451/3549/3499
f 2449/3553/3503 2277/3552/3502 2448/3555/3505
f 2448/3555/3505 2277/3552/3502 2278/3556/3506
f 2448/3555/3505 2278/3556/3506 2279/3557/3507
f 2280/3558/3508 2446/3559/3509 2279/3557/3507
f 2279/3557/3507 2446/3559/3509 2447/3560/3510
f 2279/3557/3507 2447/3560/3510 2448/3555/3505
f 2446/3559/3509 2280/3558/3508 2445/3561/3511
f 2445/3561/3511 2280/3558/3508 2281/3562/3512
f 2445/3561/3511 2281/3562/3512 2444/3563/3513
f 2444/3563/3513 2281/3562/3512 2282/3564/3514
f 2444/3563/3513 2282/3564/3514 2283/3565/3515
f 2284/3566/3516 2442/3567/3517 2283/3565/3515
f 2283/3565/3515 2442/3567/3517 2443/3568/3518
f 2283/3565/3515 2443/3568/3518 2444/3563/3513
f 2442/3569/3517 2284/3570/3516 2441/3571/3519
f 2441/3571/3519 2284/3570/3516 2285/3572/3520
f 2441/3571/3519 2285/3572/3520 2286/3573/3521
f 2441/3571/3519 2286/3573/3521 2440/3574/3522
f 2440/3574/3522 2286/3573/3521 2287/3575/3523
f 2440/3574/3522 2287/3575/3523 2439/3576/3524
f 2439/3576/3524 2287/3575/3523 2438/3577/3525
f 2438/3577/3525 2287/3575/3523 2288/3578/3526
f 2438/3577/3525 2288/3578/3526 2437/3579/3527
f 2437/3579/3527 2288/3578/3526 2289/3580/3528
f 2437/3579/3527 2289/3580/3528 2290/3581/3529
f 2437/3579/3527 2290/3581/3529 2436/3582/3530
f 2436/3582/3530 2290/3581/3529 2291/3583/3531
f 2436/3582/3530 2291/3583/3531 2435/3584/3532
f 2435/3584/3532 2291/3583/3531 2434/3585/3533
f 2434/3585/3533 2291/3583/3531 2292/3586/3534
f 2434/3585/3533 2292/3586/3534 2433/3587/3535
f 2433/3587/3535 2292/3586/3534 2293/3588/3536
f 2433/3587/3535 2293/3588/3536 2294/3589/3537
f 2433/3587/3535 2294/3589/3537 2432/3590/3538
f 2432/3590/3538 2294/3589/3537 2295/3591/3539
f 2432/3590/3538 2295/3591/3539 2431/3592/3540
f 2431/3592/3540 2295/3591/3539 2430/3593/3541
f 2430/3593/3541 2295/3591/3539 2296/3594/3542
f 2430/3593/3541 2296/3594/3542 2429/3595/3543
f 2429/3595/3543 2296/3594/3542 2297/3596/3544
f 2429/3595/3543 2297/3596/3544 2298/3597/3545
f 2299/3598/3546 2427/3599/3547 2298/3597/3545
f 2298/3597/3545 2427/3599/3547 2428/3600/3548
f 2298/3597/3545 2428/3600/3548 2429/3595/3543
f 2427/3599/3547 2299/3598/3546 2426/3601/3549
f 2426/3601/3549 2299/3598/3546 2300/3602/3550
f 2426/3601/3549 2300/3602/3550 2301/3603/3551
f 2426/3601/3549 2301/3603/3551 2425/3604/3552
f 2425/3604/3552 2301/3603/3551 2302/3605/3553
f 2425/3604/3552 2302/3605/3553 2424/3606/3554
f 2424/3606/3554 2302/3605/3553 2423/3607/3555
f 2423/3607/3555 2302/3605/3553 2303/3608/3556
f 2423/3607/3555 2303/3608/3556 2422/3609/3557
f 2422/3609/3557 2303/3608/3556 2304/3610/3558
f 2422/3609/3557 2304/3610/3558 2305/3611/3559
f 2422/3609/3557 2305/3611/3559 2421/3612/3560
f 2421/3612/3560 2305/3611/3559 2306/3613/3561
f 2421/3612/3560 2306/3613/3561 2420/3614/3562
f 2420/3614/3562 2306/3613/3561 2419/3615/3563
f 2419/3615/3563 2306/3613/3561 2307/3616/3564
f 2419/3615/3563 2307/3616/3564 2308/3617/3565
f 2419/3615/3563 2308/3617/3565 2418/3618/3566
f 2418/3618/3566 2308/3617/3565 2309/3619/3567
f 2418/3618/3566 2309/3619/3567 2417/3620/3568
f 2417/3620/3568 2309/3619/3567 2310/3621/3569
f 2417/3620/3568 2310/3621/3569 2416/3622/3570
f 2416/3622/3570 2310/3621/3569 2311/3623/3571
f 2416/3622/3570 2311/3623/3571 2415/3624/3572
f 2415/3624/3572 2311/3623/3571 2312/3625/3573
f 2415/3624/3572 2312/3625/3573 2414/3626/3574
f 2414/3626/3574 2312/3625/3573 2313/3627/3575
f 2414/3626/3574 2313/3627/3575 2413/3628/3576
f 2413/3628/3576 2313/3627/3575 2412/3629/3577
f 2412/3629/3577 2313/3627/3575 2314/3630/3578
f 2412/3629/3577 2314/3630/3578 2315/3631/3579
f 2412/3629/3577 2315/3631/3579 2411/3632/3580
f 2411/3632/3580 2315/3631/3579 2316/3633/3581
f 2411/3632/3580 2316/3633/3581 2410/3634/3582
f 2410/3634/3582 2316/3633/3581 2409/3635/3583
f 2409/3635/3583 2316/3633/3581 2317/3636/3584
f 2409/3635/3583 2317/3636/3584 2408/3637/3585
f 2408/3637/3585 2317/3636/3584 2318/3638/3586
f 2408/3637/3585 2318/3638/3586 2319/3639/3587
f 2320/3640/3588 2406/3641/3589 2319/3639/3587
f 2319/3639/3587 2406/3641/3589 2407/3642/3590
f 2319/3639/3587 2407/3642/3590 2408/3637/3585
f 2406/3641/3589 2320/3640/3588 2405/3643/3591
f 2405/3643/3591 2320/3640/3588 2321/3644/3592
f 2405/3643/3591 2321/3644/3592 2404/3645/3593
f 2404/3645/3593 2321/3644/3592 2322/3646/3594
f 2404/3645/3593 2322/3646/3594 2323/3647/3595
f 2324/3648/3596 2402/3649/3597 2323/3647/3595
f 2323/3647/3595 2402/3649/3597 2403/3650/3598
f 2323/3647/3595 2403/3650/3598 2404/3645/3593
f 2402/3649/3597 2324/3648/3596 2401/3651/3599
f 2401/3651/3599 2324/3648/3596 2325/3652/3600
f 2401/3651/3599 2325/3652/3600 2400/3653/3601
f 2400/3653/3601 2325/3652/3600 2326/3654/3602
f 2400/3653/3601 2326/3654/3602 2327/3655/3603
f 2328/3656/3604 2398/3657/3605 2327/3655/3603
f 2327/3655/3603 2398/3657/3605 2399/3658/3606
f 2327/3655/3603 2399/3658/3606 2400/3653/3601
f 2398/3657/3605 2328/3656/3604 2397/3659/3607
f 2397/3659/3607 2328/3656/3604 2329/3660/3608
f 2397/3659/3607 2329/3660/3608 2330/3661/3609
f 2397/3659/3607 2330/3661/3609 2396/3662/3610
f 2396/3662/3610 2330/3661/3609 2331/3663/3611
f 2396/3662/3610 2331/3663/3611 2395/3664/3612
f 2395/3664/3612 2331/3663/3611 2394/3665/3613
f 2394/3665/3613 2331/3663/3611 2332/3666/3614
f 2394/3665/3613 2332/3666/3614 2393/3667/3615
f 2393/3667/3615 2332/3666/3614 2333/3668/3616
f 2393/3667/3615 2333/3668/3616 2334/3669/3617
f 2393/3667/3615 2334/3669/3617 2392/3670/3618
f 2392/3670/3618 2334/3669/3617 2335/3671/3619
f 2392/3670/3618 2335/3671/3619 2391/3672/3620
f 2391/3672/3620 2335/3671/3619 2390/3673/3621
f 2390/3673/3621 2335/3671/3619 2336/3674/3622
f 2390/3673/3621 2336/3674/3622 2389/3675/3623
f 2389/3675/3623 2336/3674/3622 2337/3676/3624
f 2389/3675/3623 2337/3676/3624 2338/3677/3625
f 2339/3678/3626 2387/3679/3627 2338/3677/3625
f 2338/3677/3625 2387/3679/3627 2388/3680/3628
f 2338/3677/3625 2388/3680/3628 2389/3675/3623
f 2387/3681/3627 2339/3682/3626 2386/3683/3629
f 2386/3683/3629 2339/3682/3626 2340/3684/3630
f 2386/3683/3629 2340/3684/3630 2341/3685/3631
f 2386/3683/3629 2341/3685/3631 2385/3686/3632
f 2385/3686/3632 2341/3685/3631 2342/3687/3633
f 2385/3686/3632 2342/3687/3633 2384/3688/3634
f 2384/3688/3634 2342/3687/3633 2383/3689/3635
f 2383/3689/3635 2342/3687/3633 2343/3690/3636
f 2383/3689/3635 2343/3690/3636 2382/3691/3637
f 2382/3691/3637 2343/3690/3636 2344/3692/3638
f 2382/3691/3637 2344/3692/3638 2345/3693/3639
f 2346/3694/3640 2380/3695/3641 2345/3693/3639
f 2345/3693/3639 2380/3695/3641 2381/3696/3642
f 2345/3693/3639 2381/3696/3642 2382/3691/3637
f 2380/3695/3641 2346/3694/3640 2379/3697/3643
f 2379/3697/3643 2346/3694/3640 2347/3698/3644
f 2379/3697/3643 2347/3698/3644 2378/3699/3645
f 2378/3699/3645 2347/3698/3644 2348/3700/3646
f 2378/3699/3645 2348/3700/3646 2349/3701/3647
f 2378/3699/3645 2349/3701/3647 2377/3702/3648
f 2377/3702/3648 2349/3701/3647 2350/3703/3649
f 2377/3702/3648 2350/3703/3649 2376/3704/3650
f 2376/3704/3650 2350/3703/3649 2351/3705/3651
f 2376/3704/3650 2351/3705/3651 2375/3706/3652
f 2375/3706/3652 2351/3705/3651 2352/3707/3653
f 2375/3706/3652 2352/3707/3653 2374/3708/3654
f 2374/3708/3654 2352/3707/3653 2373/3709/3655
f 2373/3709/3655 2352/3707/3653 2353/3710/3656
f 2373/3709/3655 2353/3710/3656 2354/3711/3657
f 2373/3709/3655 2354/3711/3657 2372/3712/3658
f 2372/3712/3658 2354/3711/3657 2355/3713/3659
f 2372/3712/3658 2355/3713/3659 2371/3714/3660
f 2371/3714/3660 2355/3713/3659 2356/3715/3661
f 2371/3714/3660 2356/3715/3661 2370/3716/3662
f 2370/3716/3662 2356/3715/3661 2357/3717/3663
f 2370/3716/3662 2357/3717/3663 2369/3718/3664
f 2369/3718/3664 2357/3717/3663 2358/3719/3665
f 2369/3718/3664 2358/3719/3665 2368/3720/3666
f 2368/3720/3666 2358/3719/3665 2367/3721/3667
f 2367/3721/3667 2358/3719/3665 2359/3722/3668
f 2367/3721/3667 2359/3722/3668 2366/3723/3669
f 2366/3723/3669 2359/3722/3668 2360/3724/3670
f 2366/3723/3669 2360/3724/3670 2365/3725/3671
f 2365/3725/3671 2360/3724/3670 2361/3726/3672
f 2365/3725/3671 2361/3726/3672 2364/3727/3673
f 2364/3727/3673 2361/3726/3672 2363/3728/3674
f 2363/3728/3674 2361/3726/3672 2362/3729/3675
f 2024/3730/3676 2023/3731/3677 2463/3732/3678
f 2463/3732/3678 2023/3731/3677 2066/3733/3679
f 2463/3732/3678 2066/3733/3679 2462/3734/3680
f 2462/3734/3680 2066/3733/3679 2065/3735/3681
f 2462/3734/3680 2065/3735/3681 2461/3736/3682
f 2461/3736/3682 2065/3735/3681 2064/3737/3683
f 2461/3736/3682 2064/3737/3683 2162/3738/3684
f 2162/3738/3684 2064/3737/3683 2163/3739/3685
f 2163/3739/3685 2064/3737/3683 2063/3740/3686
f 2163/3739/3685 2063/3740/3686 2164/3741/3687
f 2164/3741/3687 2063/3740/3686 2062/3742/3688
f 2164/3741/3687 2062/3742/3688 2165/3743/3689
f 2165/3743/3689 2062/3742/3688 2061/3744/3690
f 2165/3743/3689 2061/3744/3690 2060/3745/3691
f 2165/3743/3689 2060/3745/3691 2166/3746/3692
f 2166/3746/3692 2060/3745/3691 2059/3747/3693
f 2166/3746/3692 2059/3747/3693 2167/3748/3694
f 2167/3748/3694 2059/3747/3693 2460/3749/3695
f 2460/3749/3695 2059/3747/3693 2058/3750/3696
f 2460/3749/3695 2058/3750/3696 2459/3751/3697
f 2459/3751/3697 2058/3750/3696 2057/3752/3698
f 2459/3751/3697 2057/3752/3698 2458/3753/3699
f 2458/3753/3699 2057/3752/3698 2056/3754/3700
f 2458/3753/3699 2056/3754/3700 2055/3755/3701
f 2458/3753/3699 2055/3755/3701 2457/3756/3702
f 2457/3756/3702 2055/3755/3701 2054/3757/3703
f 2457/3756/3702 2054/3757/3703 1376/3758/3704
f 1376/3758/3704 2054/3757/3703 2053/3759/3705
f 1376/3758/3704 2053/3759/3705 1278/3760/3706
f 1278/3760/3706 2053/3759/3705 1279/3761/3707
f 1279/3761/3707 2053/3759/3705 2052/3762/3708
f 1279/3761/3707 2052/3762/3708 1280/3763/3709
f 1280/3763/3709 2052/3762/3708 2051/3764/3710
f 1280/3763/3709 2051/3764/3710 2050/3765/3711
f 1280/3763/3709 2050/3765/3711 1281/3766/3712
f 1281/3766/3712 2050/3765/3711 2049/3767/3713
f 1281/3766/3712 2049/3767/3713 1282/3768/3714
f 1282/3768/3714 2049/3767/3713 2048/3769/3715
f 1282/3768/3714 2048/3769/3715 1087/3770/3716
f 1087/3770/3716 2048/3769/3715 989/3771/3717
f 989/3771/3717 2048/3769/3715 2047/3772/3718
f 989/3771/3717 2047/3772/3718 990/3773/3719
f 990/3773/3719 2047/3772/3718 2046/3774/3720
f 990/3773/3719 2046/3774/3720 991/3775/3721
f 991/3775/3721 2046/3774/3720 2045/3776/3722
f 991/3775/3721 2045/3776/3722 2044/3777/3723
f 991/3775/3721 2044/3777/3723 992/3778/3724
f 992/3778/3724 2044/3777/3723 2043/3779/3725
f 992/3778/3724 2043/3779/3725 799/3780/3726
f 799/3780/3726 2043/3779/3725 2042/3781/3727
f 799/3780/3726 2042/3781/3727 701/3782/3728
f 701/3782/3728 2042/3781/3727 702/3783/3729
f 702/3783/3729 2042/3781/3727 2041/3784/3730
f 702/3783/3729 2041/3784/3730 703/3785/3731
f 703/3785/3731 2041/3784/3730 2040/3786/3732
f 703/3785/3731 2040/3786/3732 704/3787/3733
f 704/3787/3733 2040/3786/3732 2039/3788/3734
f 704/3787/3733 2039/3788/3734 2038/3789/3735
f 704/3787/3733 2038/3789/3735 705/3790/3736
f 705/3790/3736 2038/3789/3735 2037/3791/3737
f 705/3790/3736 2037/3791/3737 510/3792/3738
f 510/3792/3738 2037/3791/3737 318/3793/3739
f 318/3793/3739 2037/3791/3737 2036/3794/3740
f 318/3793/3739 2036/3794/3740 319/3795/3741
f 319/3795/3741 2036/3794/3740 2035/3796/3742
f 319/3795/3741 2035/3796/3742 320/3797/3743
f 320/3797/3743 2035/3796/3742 2034/3798/3744
f 320/3797/3743 2034/3798/3744 2033/3799/3745
f 320/3797/3743 2033/3799/3745 321/3800/3746
f 321/3800/3746 2033/3799/3745 2032/3801/3747
f 321/3800/3746 2032/3801/3747 322/3802/3748
f 322/3802/3748 2032/3801/3747 2031/3803/3749
f 322/3802/3748 2031/3803/3749 2357/3804/3750
f 2357/3804/3750 2031/3803/3749 2358/3805/3751
f 2358/3805/3751 2031/3803/3749 2030/3806/3752
f 2358/3805/3751 2030/3806/3752 2359/3807/3753
f 2359/3807/3753 2030/3806/3752 2029/3808/3754
f 2359/3807/3753 2029/3808/3754 2028/3809/3755
f 2359/3807/3753 2028/3809/3755 2360/3810/3756
f 2360/3810/3756 2028/3809/3755 2027/3811/3757
f 2360/3810/3756 2027/3811/3757 2361/3812/3758
f 2361/3812/3758 2027/3811/3757 2026/3813/3759
f 2361/3812/3758 2026/3813/3759 2362/3814/3760
f 2362/3814/3760 2026/3813/3759 2465/3815/3761
f 2465/3815/3761 2026/3813/3759 2025/3816/3762
f 2465/3815/3761 2025/3816/3762 2464/3817/3763
f 2464/3817/3763 2025/3816/3762 2024/3730/3676
f 2464/3817/3763 2024/3730/3676 2463/3732/3678
f 1598/3818/3764 1807/3819/3765 1536/3820/3766
f 1536/3820/3766 1807/3819/3765 1806/3821/3767
f 1536/3820/3766 1806/3821/3767 1537/3822/3768
f 1537/3822/3768 1806/3821/3767 1805/3823/3769
f 1537/3822/3768 1805/3823/3769 1804/3824/3770
f 1597/3825/3771 1809/3826/3772 1598/3818/3764
f 1598/3818/3764 1809/3826/3772 1808/3827/3773
f 1598/3818/3764 1808/3827/3773 1807/3819/3765
f 1596/3828/3774 1811/3829/3775 1597/3825/3771
f 1597/3825/3771 1811/3829/3775 1810/3830/3776
f 1597/3825/3771 1810/3830/3776 1809/3826/3772
f 1811/3829/3775 1596/3828/3774 1812/3831/3777
f 1812/3831/3777 1596/3828/3774 1595/3832/3778
f 1812/3831/3777 1595/3832/3778 1813/3833/3779
f 1813/3833/3779 1595/3832/3778 1594/3834/3780
f 1813/3833/3779 1594/3834/3780 1814/3835/3781
f 1814/3835/3781 1594/3834/3780 1593/3836/3782
f 1814/3835/3781 1593/3836/3782 1815/3837/3783
f 1815/3837/3783 1593/3836/3782 2005/3838/3784
f 1815/3837/3783 2005/3838/3784 1816/3839/3785
f 1816/3839/3785 2005/3838/3784 2004/3840/3786
f 1816/3839/3785 2004/3840/3786 1817/3841/3787
f 1817/3841/3787 2004/3840/3786 2003/3842/3788
f 1817/3841/3787 2003/3842/3788 1818/3843/3789
f 1818/3843/3789 2003/3842/3788 2002/3844/3790
f 1818/3843/3789 2002/3844/3790 1819/3845/3791
f 1819/3845/3791 2002/3844/3790 2001/3846/3792
f 1819/3845/3791 2001/3846/3792 1793/3847/3793
f 1793/3847/3793 2001/3846/3792 1794/3848/3794
f 1794/3848/3794 2001/3846/3792 2000/3849/3795
f 1794/3848/3794 2000/3849/3795 1795/3850/3796
f 1795/3850/3796 2000/3849/3795 1999/3851/3797
f 1795/3850/3796 1999/3851/3797 1796/3852/3798
f 1796/3852/3798 1999/3851/3797 1998/3853/3799
f 1796/3852/3798 1998/3853/3799 1797/3854/3800
f 1797/3854/3800 1998/3853/3799 1997/3855/3801
f 1797/3854/3800 1997/3855/3801 1798/3856/3802
f 1798/3856/3802 1997/3855/3801 1542/3857/3803
f 1798/3856/3802 1542/3857/3803 1799/3858/3804
f 1799/3858/3804 1542/3857/3803 1541/3859/3805
f 1799/3858/3804 1541/3859/3805 1800/3860/3806
f 1800/3860/3806 1541/3859/3805 1540/3861/3807
f 1800/3860/3806 1540/3861/3807 1801/3862/3808
f 1801/3862/3808 1540/3861/3807 1539/3863/3809
f 1801/3862/3808 1539/3863/3809 1802/3864/3810
f 1802/3864/3810 1539/3863/3809 1538/3865/3811
f 1802/3864/3810 1538/3865/3811 1803/3866/3812
f 1803/3866/3812 1538/3865/3811 1804/3824/3770
f 1804/3824/3770 1538/3865/3811 1537/3822/3768
f 2005/3838/3784 1593/3836/3782 2006/3867/3813
f 2006/3867/3813 1593/3836/3782 1592/3868/3814
f 2006/3867/3813 1592/3868/3814 1591/3869/3815
f 2006/3867/3813 1591/3869/3815 2007/3870/3816
f 2007/3870/3816 1591/3869/3815 1590/3871/3817
f 2007/3870/3816 1590/3871/3817 2008/3872/3818
f 2008/3872/3818 1590/3871/3817 1589/3873/3819
f 2008/3872/3818 1589/3873/3819 1858/3874/3820
f 1858/3874/3820 1589/3873/3819 1859/3875/3821
f 1859/3875/3821 1589/3873/3819 1588/3876/3822
f 1859/3875/3821 1588/3876/3822 1860/3877/3823
f 1860/3877/3823 1588/3876/3822 1587/3878/3824
f 1860/3877/3823 1587/3878/3824 1861/3879/3825
f 1861/3879/3825 1587/3878/3824 1586/3880/3826
f 1861/3879/3825 1586/3880/3826 1862/3881/3827
f 1862/3881/3827 1586/3880/3826 1585/3882/3828
f 1862/3881/3827 1585/3882/3828 1863/3883/3829
f 1863/3883/3829 1585/3882/3828 1864/3884/3830
f 1864/3884/3830 1585/3882/3828 1584/3885/3831
f 1864/3884/3830 1584/3885/3831 1865/3886/3832
f 1865/3886/3832 1584/3885/3831 1866/3887/3833
f 1866/3887/3833 1584/3885/3831 1583/3888/3834
f 1866/3887/3833 1583/3888/3834 1867/3889/3835
f 1867/3889/3835 1583/3888/3834 1868/3890/3836
f 1868/3890/3836 1583/3888/3834 1582/3891/3837
f 1868/3890/3836 1582/3891/3837 1869/3892/3838
f 1869/3892/3838 1582/3891/3837 1581/3893/3839
f 1869/3892/3838 1581/3893/3839 1870/3894/3840
f 1870/3894/3840 1581/3893/3839 1871/3895/3841
f 1871/3895/3841 1581/3893/3839 1580/3896/3842
f 1871/3895/3841 1580/3896/3842 1872/3897/3843
f 1872/3897/3843 1580/3896/3842 1579/3898/3844
f 1872/3897/3843 1579/3898/3844 1846/3899/3845
f 1846/3899/3845 1579/3898/3844 1578/3900/3846
f 1846/3899/3845 1578/3900/3846 1847/3901/3847
f 1847/3901/3847 1578/3900/3846 1577/3902/3848
f 1847/3901/3847 1577/3902/3848 2016/3903/3849
f 2016/3903/3849 1577/3902/3848 2017/3904/3850
f 2017/3904/3850 1577/3902/3848 1576/3905/3851
f 2017/3904/3850 1576/3905/3851 1575/3906/3852
f 2017/3904/3850 1575/3906/3852 2018/3907/3853
f 2018/3907/3853 1575/3906/3852 1574/3908/3854
f 2018/3907/3853 1574/3908/3854 2019/3909/3855
f 2019/3909/3855 1574/3908/3854 1971/3910/3856
f 2019/3909/3855 1971/3910/3856 1970/3911/3857
f 1574/3908/3854 1573/3912/3858 1971/3910/3856
f 1971/3910/3856 1573/3912/3858 1972/3913/3859
f 1972/3913/3859 1573/3912/3858 1572/3914/3860
f 1972/3913/3859 1572/3914/3860 1973/3915/3861
f 1973/3915/3861 1572/3914/3860 1571/3916/3862
f 1973/3915/3861 1571/3916/3862 1974/3917/3863
f 1974/3917/3863 1571/3916/3862 1570/3918/3864
f 1974/3917/3863 1570/3918/3864 1975/3919/3865
f 1975/3919/3865 1570/3918/3864 1976/3920/3866
f 1976/3920/3866 1570/3918/3864 1569/3921/3867
f 1976/3920/3866 1569/3921/3867 1977/3922/3868
f 1977/3922/3868 1569/3921/3867 1568/3923/3869
f 1977/3922/3868 1568/3923/3869 1978/3924/3870
f 1978/3924/3870 1568/3923/3869 1952/3925/3871
f 1952/3925/3871 1568/3923/3869 1567/3926/3872
f 1952/3925/3871 1567/3926/3872 1953/3927/3873
f 1953/3927/3873 1567/3926/3872 1954/3928/3874
f 1954/3928/3874 1567/3926/3872 1566/3929/3875
f 1954/3928/3874 1566/3929/3875 1955/3930/3876
f 1955/3930/3876 1566/3929/3875 1565/3931/3877
f 1955/3930/3876 1565/3931/3877 1956/3932/3878
f 1956/3932/3878 1565/3931/3877 1957/3933/3879
f 1957/3933/3879 1565/3931/3877 1564/3934/3880
f 1957/3933/3879 1564/3934/3880 1958/3935/3881
f 1958/3935/3881 1564/3934/3880 1563/3936/3882
f 1958/3935/3881 1563/3936/3882 1959/3937/3883
f 1959/3937/3883 1563/3936/3882 1562/3938/3884
f 1959/3937/3883 1562/3938/3884 1960/3939/3885
f 1960/3939/3885 1562/3938/3884 1561/3940/3886
f 1960/3939/3885 1561/3940/3886 1983/3941/3887
f 1983/3941/3887 1561/3940/3886 1984/3942/3888
f 1984/3942/3888 1561/3940/3886 1560/3943/3889
f 1984/3942/3888 1560/3943/3889 1985/3944/3890
f 1985/3944/3890 1560/3943/3889 1559/3945/3891
f 1985/3944/3890 1559/3945/3891 1558/3946/3892
f 1557/3947/3893 1925/3948/3894 1558/3946/3892
f 1558/3946/3892 1925/3948/3894 1986/3949/3895
f 1558/3946/3892 1986/3949/3895 1985/3944/3890
f 1925/3948/3894 1557/3947/3893 1899/3950/3896
f 1899/3950/3896 1557/3947/3893 1556/3951/3897
f 1899/3950/3896 1556/3951/3897 1900/3952/3898
f 1900/3952/3898 1556/3951/3897 1555/3953/3899
f 1900/3952/3898 1555/3953/3899 1901/3954/3900
f 1901/3954/3900 1555/3953/3899 1554/3955/3901
f 1901/3954/3900 1554/3955/3901 1902/3956/3902
f 1902/3956/3902 1554/3955/3901 1903/3957/3903
f 1903/3957/3903 1554/3955/3901 1553/3958/3904
f 1903/3957/3903 1553/3958/3904 1904/3959/3905
f 1904/3959/3905 1553/3958/3904 1552/3960/3906
f 1904/3959/3905 1552/3960/3906 1905/3961/3907
f 1905/3961/3907 1552/3960/3906 1906/3962/3908
f 1906/3962/3908 1552/3960/3906 1551/3963/3909
f 1906/3962/3908 1551/3963/3909 1907/3964/3910
f 1907/3964/3910 1551/3963/3909 1908/3965/3911
f 1908/3965/3911 1551/3963/3909 1550/3966/3912
f 1908/3965/3911 1550/3966/3912 1909/3967/3913
f 1909/3967/3913 1550/3966/3912 1910/3968/3914
f 1910/3968/3914 1550/3966/3912 1549/3969/3915
f 1910/3968/3914 1549/3969/3915 1911/3970/3916
f 1911/3970/3916 1549/3969/3915 1548/3971/3917
f 1911/3970/3916 1548/3971/3917 1912/3972/3918
f 1912/3972/3918 1548/3971/3917 1547/3973/3919
f 1912/3972/3918 1547/3973/3919 1913/3974/3920
f 1913/3974/3920 1547/3973/3919 1546/3975/3921
f 1913/3974/3920 1546/3975/3921 1914/3976/3922
f 1914/3976/3922 1546/3975/3921 1994/3977/3923
f 1914/3976/3922 1994/3977/3923 1915/3978/3924
f 1915/3978/3924 1994/3977/3923 1993/3979/3925
f 1915/3978/3924 1993/3979/3925 1916/3980/3926
f 1916/3980/3926 1993/3979/3925 1992/3981/3927
f 1916/3980/3926 1992/3981/3927 1917/3982/3928
f 1917/3982/3928 1992/3981/3927 1991/3983/3929
f 1917/3982/3928 1991/3983/3929 1918/3984/3930
f 1918/3984/3930 1991/3983/3929 1919/3985/3931
f 1919/3985/3931 1991/3983/3929 1990/3986/3932
f 1919/3985/3931 1990/3986/3932 1920/3987/3933
f 1920/3987/3933 1990/3986/3932 1989/3988/3934
f 1920/3987/3933 1989/3988/3934 1921/3989/3935
f 1921/3989/3935 1989/3988/3934 1988/3990/3936
f 1921/3989/3935 1988/3990/3936 1922/3991/3937
f 1922/3991/3937 1988/3990/3936 1987/3992/3938
f 1922/3991/3937 1987/3992/3938 1923/3993/3939
f 1923/3993/3939 1987/3992/3938 1924/3994/3940
f 1924/3994/3940 1987/3992/3938 1986/3949/3895
f 1924/3994/3940 1986/3949/3895 1925/3948/3894
f 1546/3975/3921 1545/3995/3941 1994/3977/3923
f 1994/3977/3923 1545/3995/3941 1995/3996/3942
f 1995/3996/3942 1545/3995/3941 1544/3997/3943
f 1995/3996/3942 1544/3997/3943 1996/3998/3944
f 1996/3998/3944 1544/3997/3943 1543/3999/3945
f 1996/3998/3944 1543/3999/3945 1542/3857/3803
f 2019/3909/3855 1970/3911/3857 2020/4000/3946
f 2020/4000/3946 1970/3911/3857 1969/4001/3947
f 2020/4000/3946 1969/4001/3947 2021/4002/3948
f 2021/4002/3948 1969/4001/3947 1968/4003/3949
f 2021/4002/3948 1968/4003/3949 1967/4004/3950
f 2021/4002/3948 1967/4004/3950 2022/4005/3951
f 2022/4005/3951 1967/4004/3950 1966/4006/3952
f 2022/4005/3951 1966/4006/3952 1979/4007/3953
f 1979/4007/3953 1966/4006/3952 1965/4008/3954
f 1979/4007/3953 1965/4008/3954 1980/4009/3955
f 1980/4009/3955 1965/4008/3954 1964/4010/3956
f 1980/4009/3955 1964/4010/3956 1981/4011/3957
f 1981/4011/3957 1964/4010/3956 1963/4012/3958
f 1981/4011/3957 1963/4012/3958 1962/4013/3959
f 1981/4011/3957 1962/4013/3959 1982/4014/3960
f 1982/4014/3960 1962/4013/3959 1961/4015/3961
f 1982/4014/3960 1961/4015/3961 1983/3941/3887
f 1983/3941/3887 1961/4015/3961 1960/3939/3885
f 1858/3874/3820 1857/4016/3962 2008/3872/3818
f 2008/3872/3818 1857/4016/3962 2009/4017/3963
f 2009/4017/3963 1857/4016/3962 1856/4018/3964
f 2009/4017/3963 1856/4018/3964 2010/4019/3965
f 2010/4019/3965 1856/4018/3964 1855/4020/3966
f 2010/4019/3965 1855/4020/3966 2011/4021/3967
f 2011/4021/3967 1855/4020/3966 1854/4022/3968
f 2011/4021/3967 1854/4022/3968 1853/4023/3969
f 2011/4021/3967 1853/4023/3969 2012/4024/3970
f 2012/4024/3970 1853/4023/3969 1852/4025/3971
f 2012/4024/3970 1852/4025/3971 2013/4026/3972
f 2013/4026/3972 1852/4025/3971 1851/4027/3973
f 2013/4026/3972 1851/4027/3973 2014/4028/3974
f 2014/4028/3974 1851/4027/3973 1850/4029/3975
f 2014/4028/3974 1850/4029/3975 2015/4030/3976
f 2015/4030/3976 1850/4029/3975 1849/4031/3977
f 2015/4030/3976 1849/4031/3977 1848/4032/3978
f 2015/4030/3976 1848/4032/3978 2016/3903/3849
f 2016/3903/3849 1848/4032/3978 1847/3901/3847
f 1997/3855/3801 1996/3998/3944 1542/3857/3803
f 175/4033/3979 2469/4034/3980 176/4035/3981
f 176/4035/3981 2469/4034/3980 2470/4036/3982
f 176/4035/3981 2470/4036/3982 2471/4037/3983
f 2469/4034/3980 175/4033/3979 2468/4038/3984
f 2468/4038/3984 175/4033/3979 174/4039/3985
f 2468/4038/3984 174/4039/3985 2467/4040/3986
f 2467/4040/3986 174/4039/3985 173/4041/3987
f 2467/4040/3986 173/4041/3987 2466/4042/3988
f 2466/4042/3988 173/4041/3987 172/4043/3989
f 176/4035/3981 2471/4037/3983 1283/4044/3990
f 1283/4044/3990 2471/4037/3983 2472/4045/3991
f 1283/4044/3990 2472/4045/3991 1284/4046/3992
f 1284/4046/3992 2472/4045/3991 2473/4047/3993
f 1284/4046/3992 2473/4047/3993 1285/4048/3994
f 1285/4048/3994 2473/4047/3993 2474/4049/3995
f 1285/4048/3994 2474/4049/3995 1286/4050/3996
f 1286/4050/3996 2474/4049/3995 1287/4051/3997
f 1287/4051/3997 2474/4049/3995 2475/4052/3998
f 1287/4051/3997 2475/4052/3998 1288/4053/3999
f 1288/4053/3999 2475/4052/3998 2476/4054/4000
f 1288/4053/3999 2476/4054/4000 1289/4055/4001
f 1289/4055/4001 2476/4054/4000 2477/4056/4002
f 1289/4055/4001 2477/4056/4002 1290/4057/4003
f 1290/4057/4003 2477/4056/4002 2478/4058/4004
f 1290/4059/4003 2478/4060/4004 1291/4061/4005
f 1291/4061/4005 2478/4060/4004 2479/4062/4006
f 1291/4061/4005 2479/4062/4006 1292/4063/4007
f 1292/4063/4007 2479/4062/4006 2480/4064/4008
f 1292/4063/4007 2480/4064/4008 1293/4065/4009
f 1293/4065/4009 2480/4064/4008 2481/4066/4010
f 1293/4065/4009 2481/4066/4010 1294/4067/4011
f 1294/4067/4011 2481/4066/4010 2482/4068/4012
f 1294/4067/4011 2482/4068/4012 1295/4069/4013
f 1295/4069/4013 2482/4068/4012 2483/4070/4014
f 1295/4069/4013 2483/4070/4014 1296/4071/4015
f 1296/4071/4015 2483/4070/4014 2484/4072/4016
f 1296/4071/4015 2484/4072/4016 1297/4073/4017
f 1297/4073/4017 2484/4072/4016 2485/4074/4018
f 1297/4073/4017 2485/4074/4018 1298/4075/4019
f 1298/4075/4019 2485/4074/4018 2486/4076/4020
f 1298/4075/4019 2486/4076/4020 1299/4077/4021
f 1299/4077/4021 2486/4076/4020 2487/4078/4022
f 1299/4077/4021 2487/4078/4022 1300/4079/4023
f 1300/4079/4023 2487/4078/4022 2488/4080/4024
f 1300/4079/4023 2488/4080/4024 1301/4081/4025
f 1301/4081/4025 2488/4080/4024 2489/4082/4026
f 1301/4081/4025 2489/4082/4026 1302/4083/4027
f 1302/4083/4027 2489/4082/4026 2490/4084/4028
f 1302/4083/4027 2490/4084/4028 1303/4085/4029
f 1303/4085/4029 2490/4084/4028 2491/4086/4030
f 1303/4085/4029 2491/4086/4030 1304/4087/4031
f 1304/4087/4031 2491/4086/4030 2492/4088/4032
f 1304/4087/4031 2492/4088/4032 1305/4089/4033
f 1305/4089/4033 2492/4088/4032 2493/4090/4034
f 1305/4089/4033 2493/4090/4034 1306/4091/4035
f 1306/4091/4035 2493/4090/4034 2494/4092/4036
f 1306/4091/4035 2494/4092/4036 1307/4093/4037
f 1307/4093/4037 2494/4092/4036 2495/4094/4038
f 1307/4093/4037 2495/4094/4038 1308/4095/4039
f 1308/4095/4039 2495/4094/4038 2496/4096/4040
f 1308/4095/4039 2496/4096/4040 1309/4097/4041
f 1309/4097/4041 2496/4096/4040 2497/4098/4042
f 1309/4097/4041 2497/4098/4042 1310/4099/4043
f 1310/4099/4043 2497/4098/4042 2498/4100/4044
f 1310/4099/4043 2498/4100/4044 1311/4101/4045
f 1311/4101/4045 2498/4100/4044 2499/4102/4046
f 1311/4101/4045 2499/4102/4046 1312/4103/4047
f 1312/4103/4047 2499/4102/4046 2500/4104/4048
f 1312/4103/4047 2500/4104/4048 1313/4105/4049
f 1313/4105/4049 2500/4104/4048 2501/4106/4050
f 1313/4105/4049 2501/4106/4050 1314/4107/4051
f 1314/4107/4051 2501/4106/4050 2502/4108/4052
f 1314/4107/4051 2502/4108/4052 1315/4109/4053
f 1315/4109/4053 2502/4108/4052 2503/4110/4054
f 1315/4109/4053 2503/4110/4054 1316/4111/4055
f 1316/4111/4055 2503/4110/4054 2504/4112/4056
f 1316/4111/4055 2504/4112/4056 1317/4113/4057
f 1317/4113/4057 2504/4112/4056 2505/4114/4058
f 1317/4113/4057 2505/4114/4058 1318/4115/4059
f 1318/4115/4059 2505/4114/4058 2506/4116/4060
f 1318/4115/4059 2506/4116/4060 1319/4117/4061
f 1319/4117/4061 2506/4116/4060 2507/4118/4062
f 1319/4117/4061 2507/4118/4062 1320/4119/4063
f 1320/4119/4063 2507/4118/4062 2508/4120/4064
f 1320/4119/4063 2508/4120/4064 1321/4121/4065
f 1321/4121/4065 2508/4120/4064 2509/4122/4066
f 1321/4121/4065 2509/4122/4066 1322/4123/4067
f 1322/4123/4067 2509/4122/4066 2510/4124/4068
f 1322/4123/4067 2510/4124/4068 1323/4125/4069
f 1323/4125/4069 2510/4124/4068 2511/4126/4070
f 1323/4125/4069 2511/4126/4070 1324/4127/4071
f 1324/4127/4071 2511/4126/4070 2512/4128/4072
f 1324/4127/4071 2512/4128/4072 1325/4129/4073
f 1325/4129/4073 2512/4128/4072 2513/4130/4074
f 1325/4129/4073 2513/4130/4074 1326/4131/4075
f 1326/4131/4075 2513/4130/4074 2514/4132/4076
f 1326/4131/4075 2514/4132/4076 1327/4133/4077
f 1327/4133/4077 2514/4132/4076 2515/4134/4078
f 1327/4133/4077 2515/4134/4078 1328/4135/4079
f 1328/4135/4079 2515/4134/4078 2516/4136/4080
f 1328/4135/4079 2516/4136/4080 1329/4137/4081
f 1329/4137/4081 2516/4136/4080 2517/4138/4082
f 1329/4137/4081 2517/4138/4082 1330/4139/4083
f 1330/4139/4083 2517/4138/4082 2518/4140/4084
f 1330/4139/4083 2518/4140/4084 1331/4141/4085
f 1331/4141/4085 2518/4140/4084 2519/4142/4086
f 1331/4141/4085 2519/4142/4086 1332/4143/4087
f 1332/4143/4087 2519/4142/4086 2520/4144/4088
f 1332/4143/4087 2520/4144/4088 1333/4145/4089
f 1333/4145/4089 2520/4144/4088 2521/4146/4090
f 1333/4145/4089 2521/4146/4090 1334/4147/4091
f 1334/4147/4091 2521/4146/4090 2522/4148/4092
f 1334/4147/4091 2522/4148/4092 1335/4149/4093
f 1335/4149/4093 2522/4148/4092 2523/4150/4094
f 1335/4149/4093 2523/4150/4094 1336/4151/4095
f 1336/4151/4095 2523/4150/4094 2524/4152/4096
f 1336/4151/4095 2524/4152/4096 1337/4153/4097
f 1337/4153/4097 2524/4152/4096 2525/4154/4098
f 1337/4153/4097 2525/4154/4098 1338/4155/4099
f 1338/4155/4099 2525/4154/4098 2526/4156/4100
f 1338/4155/4099 2526/4156/4100 1339/4157/4101
f 1339/4157/4101 2526/4156/4100 2527/4158/4102
f 1339/4157/4101 2527/4158/4102 1340/4159/4103
f 1340/4159/4103 2527/4158/4102 2528/4160/4104
f 1340/4159/4103 2528/4160/4104 1341/4161/4105
f 1341/4161/4105 2528/4160/4104 2529/4162/4106
f 1341/4161/4105 2529/4162/4106 1342/4163/4107
f 1342/4163/4107 2529/4162/4106 2530/4164/4108
f 1342/4163/4107 2530/4164/4108 1343/4165/4109
f 1343/4165/4109 2530/4164/4108 2531/4166/4110
f 1343/4165/4109 2531/4166/4110 1344/4167/4111
f 1344/4167/4111 2531/4166/4110 2532/4168/4112
f 1344/4167/4111 2532/4168/4112 1345/4169/4113
f 1345/4169/4113 2532/4168/4112 2533/4170/4114
f 1345/4169/4113 2533/4170/4114 1346/4171/4115
f 1346/4171/4115 2533/4170/4114 2534/4172/4116
f 1346/4173/4115 2534/4174/4116 1347/4175/4117
f 1347/4175/4117 2534/4174/4116 2535/4176/4118
f 1347/4175/4117 2535/4176/4118 1348/4177/4119
f 1348/4177/4119 2535/4176/4118 2536/4178/4120
f 1348/4177/4119 2536/4178/4120 1349/4179/4121
f 1349/4179/4121 2536/4178/4120 2537/4180/4122
f 1349/4179/4121 2537/4180/4122 1350/4181/4123
f 1350/4181/4123 2537/4180/4122 2538/4182/4124
f 1350/4181/4123 2538/4182/4124 1351/4183/4125
f 1351/4183/4125 2538/4182/4124 2539/4184/4126
f 1351/4183/4125 2539/4184/4126 1352/4185/4127
f 1352/4185/4127 2539/4184/4126 2540/4186/4128
f 1352/4185/4127 2540/4186/4128 1353/4187/4129
f 1353/4187/4129 2540/4186/4128 2541/4188/4130
f 1353/4187/4129 2541/4188/4130 1354/4189/4131
f 1354/4189/4131 2541/4188/4130 2542/4190/4132
f 1354/4189/4131 2542/4190/4132 1355/4191/4133
f 1355/4191/4133 2542/4190/4132 2543/4192/4134
f 1355/4191/4133 2543/4192/4134 1356/4193/4135
f 1356/4193/4135 2543/4192/4134 2544/4194/4136
f 1356/4193/4135 2544/4194/4136 1357/4195/4137
f 1357/4195/4137 2544/4194/4136 2545/4196/4138
f 1357/4195/4137 2545/4196/4138 1358/4197/4139
f 1358/4197/4139 2545/4196/4138 2546/4198/4140
f 1358/4197/4139 2546/4198/4140 1359/4199/4141
f 1359/4199/4141 2546/4198/4140 2547/4200/4142
f 1359/4199/4141 2547/4200/4142 1360/4201/4143
f 1360/4201/4143 2547/4200/4142 2548/4202/4144
f 1360/4201/4143 2548/4202/4144 1361/4203/4145
f 1361/4203/4145 2548/4202/4144 2549/4204/4146
f 1361/4203/4145 2549/4204/4146 1362/4205/4147
f 1362/4205/4147 2549/4204/4146 2550/4206/4148
f 1362/4205/4147 2550/4206/4148 1363/4207/4149
f 1363/4207/4149 2550/4206/4148 2551/4208/4150
f 1363/4207/4149 2551/4208/4150 1364/4209/4151
f 1364/4209/4151 2551/4208/4150 2552/4210/4152
f 1364/4209/4151 2552/4210/4152 1365/4211/4153
f 1365/4211/4153 2552/4210/4152 2553/4212/4154
f 1365/4211/4153 2553/4212/4154 1366/4213/4155
f 1366/4213/4155 2553/4212/4154 2554/4214/4156
f 1366/4213/4155 2554/4214/4156 1367/4215/4157
f 1367/4215/4157 2554/4214/4156 2555/4216/4158
f 1367/4215/4157 2555/4216/4158 1368/4217/4159
f 1368/4217/4159 2555/4216/4158 2556/4218/4160
f 1368/4217/4159 2556/4218/4160 1369/4219/4161
f 1369/4219/4161 2556/4218/4160 2557/4220/4162
f 1369/4219/4161 2557/4220/4162 1370/4221/4163
f 1370/4221/4163 2557/4220/4162 2558/4222/4164
f 1370/4221/4163 2558/4222/4164 2559/4223/4165
f 1370/4221/4163 2559/4223/4165 1371/4224/4166
f 1371/4224/4166 2559/4223/4165 2460/4225/4167
f 1371/4224/4166 2460/4225/4167 1372/4226/4168
f 1372/4226/4168 2460/4225/4167 2459/4227/4169
f 1372/4226/4168 2459/4227/4169 1373/4228/4170
f 1373/4228/4170 2459/4227/4169 2458/4229/4171
f 1373/4228/4170 2458/4229/4171 1374/4230/4172
f 1374/4230/4172 2458/4229/4171 1375/4231/4173
f 1375/4231/4173 2458/4229/4171 2457/4232/4174
f 1375/4231/4173 2457/4232/4174 1376/4233/4175
f 2466/4234/4176 172/4235/4177 2560/4236/4178
f 2560/4236/4178 172/4235/4177 223/4237/4179
f 2560/4236/4178 223/4237/4179 2261/4238/4180
f 2261/4238/4180 223/4237/4179 222/4239/4181
f 2261/4238/4180 2260/4240/4182 2560/4236/4178
f 2560/4236/4178 2260/4240/4182 2561/4241/4183
f 2560/4236/4178 2561/4241/4183 2466/4234/4176
f 2466/4234/4176 2561/4241/4183 2467/4242/4184
f 2467/4242/4184 2561/4241/4183 2562/4243/4185
f 2467/4242/4184 2562/4243/4185 2468/4244/4186
f 2468/4244/4186 2562/4243/4185 2563/4245/4187
f 2468/4244/4186 2563/4245/4187 2564/4246/4188
f 2564/4246/4188 2563/4245/4187 2257/4247/4189
f 2564/4246/4188 2257/4247/4189 2256/4248/4190
f 2561/4241/4183 2260/4240/4182 2562/4243/4185
f 2562/4243/4185 2260/4240/4182 2259/4249/4191
f 2562/4243/4185 2259/4249/4191 2563/4245/4187
f 2563/4245/4187 2259/4249/4191 2258/4250/4192
f 2563/4245/4187 2258/4250/4192 2257/4247/4189
f 2564/4246/4188 2256/4248/4190 2565/4251/4193
f 2565/4251/4193 2256/4248/4190 2255/4252/4194
f 2565/4251/4193 2255/4252/4194 2566/4253/4195
f 2566/4253/4195 2255/4252/4194 2254/4254/4196
f 2566/4253/4195 2254/4254/4196 2567/4255/4197
f 2567/4255/4197 2254/4254/4196 2253/4256/4198
f 2567/4255/4197 2253/4256/4198 2568/4257/4199
f 2568/4257/4199 2253/4256/4198 2252/4258/4200
f 2568/4257/4199 2252/4258/4200 2570/4259/4201
f 2570/4259/4201 2252/4258/4200 2569/4260/4202
f 2570/4259/4201 2569/4260/4202 2475/4261/4203
f 2475/4261/4203 2569/4260/4202 2571/4262/4204
f 2475/4261/4203 2571/4262/4204 2476/4263/4205
f 2476/4263/4205 2571/4262/4204 2572/4264/4206
f 2476/4263/4205 2572/4264/4206 2477/4265/4207
f 2477/4265/4207 2572/4264/4206 2573/4266/4208
f 2477/4265/4207 2573/4266/4208 2478/4267/4209
f 2478/4267/4209 2573/4266/4208 2479/4268/4210
f 2479/4268/4210 2573/4266/4208 2574/4269/4211
f 2479/4268/4210 2574/4269/4211 2575/4270/4212
f 2575/4270/4212 2574/4269/4211 2246/4271/4213
f 2575/4270/4212 2246/4271/4213 2245/4272/4214
f 2252/4258/4200 2251/4273/4215 2569/4260/4202
f 2569/4260/4202 2251/4273/4215 2250/4274/4216
f 2569/4260/4202 2250/4274/4216 2571/4262/4204
f 2571/4262/4204 2250/4274/4216 2249/4275/4217
f 2571/4262/4204 2249/4275/4217 2572/4264/4206
f 2572/4264/4206 2249/4275/4217 2248/4276/4218
f 2572/4264/4206 2248/4276/4218 2573/4266/4208
f 2573/4266/4208 2248/4276/4218 2574/4269/4211
f 2248/4276/4218 2247/4277/4219 2574/4269/4211
f 2574/4269/4211 2247/4277/4219 2246/4271/4213
f 2575/4270/4212 2245/4272/4214 2576/4278/4220
f 2576/4278/4220 2245/4272/4214 2244/4279/4221
f 2576/4278/4220 2244/4279/4221 2577/4280/4222
f 2577/4280/4222 2244/4279/4221 2578/4281/4223
f 2577/4280/4222 2578/4281/4223 2483/4282/4224
f 2483/4282/4224 2578/4281/4223 2579/4283/4225
f 2483/4282/4224 2579/4283/4225 2484/4284/4226
f 2484/4284/4226 2579/4283/4225 2580/4285/4227
f 2484/4284/4226 2580/4285/4227 2485/4286/4228
f 2485/4286/4228 2580/4285/4227 2581/4287/4229
f 2485/4286/4228 2581/4287/4229 2486/4288/4230
f 2486/4288/4230 2581/4287/4229 2487/4289/4231
f 2487/4289/4231 2581/4287/4229 2582/4290/4232
f 2487/4289/4231 2582/4290/4232 2583/4291/4233
f 2583/4291/4233 2582/4290/4232 2238/4292/4234
f 2583/4291/4233 2238/4292/4234 2237/4293/4235
f 2244/4279/4221 2243/4294/4236 2578/4281/4223
f 2578/4281/4223 2243/4294/4236 2242/4295/4237
f 2578/4281/4223 2242/4295/4237 2579/4283/4225
f 2579/4283/4225 2242/4295/4237 2241/4296/4238
f 2579/4283/4225 2241/4296/4238 2580/4285/4227
f 2580/4285/4227 2241/4296/4238 2240/4297/4239
f 2580/4285/4227 2240/4297/4239 2581/4287/4229
f 2581/4287/4229 2240/4297/4239 2582/4290/4232
f 2240/4297/4239 2239/4298/4240 2582/4290/4232
f 2582/4290/4232 2239/4298/4240 2238/4292/4234
f 2583/4291/4233 2237/4293/4235 2584/4299/4241
f 2584/4299/4241 2237/4293/4235 2236/4300/4242
f 2584/4299/4241 2236/4300/4242 2585/4301/4243
f 2585/4301/4243 2236/4300/4242 2586/4302/4244
f 2585/4301/4243 2586/4302/4244 2491/4303/4245
f 2491/4303/4245 2586/4302/4244 2492/4304/4246
f 2492/4304/4246 2586/4302/4244 2587/4305/4247
f 2492/4304/4246 2587/4305/4247 2588/4306/4248
f 2588/4306/4248 2587/4305/4247 2233/4307/4249
f 2588/4306/4248 2233/4307/4249 2232/4308/4250
f 2236/4300/4242 2235/4309/4251 2586/4302/4244
f 2586/4302/4244 2235/4309/4251 2587/4305/4247
f 2235/4309/4251 2234/4310/4252 2587/4305/4247
f 2587/4305/4247 2234/4310/4252 2233/4307/4249
f 2231/4311/4253 2590/4312/4254 2232/4308/4250
f 2232/4308/4250 2590/4312/4254 2589/4313/4255
f 2232/4308/4250 2589/4313/4255 2588/4306/4248
f 2588/4306/4248 2589/4313/4255 2493/4314/4256
f 2588/4306/4248 2493/4314/4256 2492/4304/4246
f 2590/4312/4254 2231/4311/4253 2591/4315/4257
f 2591/4315/4257 2231/4311/4253 2230/4316/4258
f 2591/4315/4257 2230/4316/4258 2229/4317/4259
f 2591/4315/4257 2229/4317/4259 2592/4318/4260
f 2592/4318/4260 2229/4317/4259 2228/4319/4261
f 2592/4318/4260 2228/4319/4261 2593/4320/4262
f 2593/4320/4262 2228/4319/4261 2594/4321/4263
f 2593/4320/4262 2594/4321/4263 2499/4322/4264
f 2499/4322/4264 2594/4321/4263 2500/4323/4265
f 2500/4323/4265 2594/4321/4263 2595/4324/4266
f 2500/4323/4265 2595/4324/4266 2596/4325/4267
f 2596/4325/4267 2595/4324/4266 2225/4326/4268
f 2596/4325/4267 2225/4326/4268 2224/4327/4269
f 2228/4319/4261 2227/4328/4270 2594/4321/4263
f 2594/4321/4263 2227/4328/4270 2595/4324/4266
f 2227/4328/4270 2226/4329/4271 2595/4324/4266
f 2595/4324/4266 2226/4329/4271 2225/4326/4268
f 2223/4330/4272 2598/4331/4273 2224/4327/4269
f 2224/4327/4269 2598/4331/4273 2597/4332/4274
f 2224/4327/4269 2597/4332/4274 2596/4325/4267
f 2596/4325/4267 2597/4332/4274 2501/4333/4275
f 2596/4325/4267 2501/4333/4275 2500/4323/4265
f 2598/4331/4273 2223/4330/4272 2599/4334/4276
f 2599/4334/4276 2223/4330/4272 2222/4335/4277
f 2599/4334/4276 2222/4335/4277 2221/4336/4278
f 2599/4334/4276 2221/4336/4278 2600/4337/4279
f 2600/4337/4279 2221/4336/4278 2220/4338/4280
f 2600/4337/4279 2220/4338/4280 2601/4339/4281
f 2601/4339/4281 2220/4338/4280 2602/4340/4282
f 2601/4339/4281 2602/4340/4282 2507/4341/4283
f 2507/4341/4283 2602/4340/4282 2508/4342/4284
f 2508/4342/4284 2602/4340/4282 2603/4343/4285
f 2508/4342/4284 2603/4343/4285 2509/4344/4286
f 2509/4344/4286 2603/4343/4285 2604/4345/4287
f 2509/4344/4286 2604/4345/4287 2510/4346/4288
f 2510/4346/4288 2604/4345/4287 2605/4347/4289
f 2510/4346/4288 2605/4347/4289 2511/4348/4290
f 2511/4348/4290 2605/4347/4289 2606/4349/4291
f 2511/4348/4290 2606/4349/4291 2607/4350/4292
f 2607/4350/4292 2606/4349/4291 2214/4351/4293
f 2607/4350/4292 2214/4351/4293 2213/4352/4294
f 2220/4338/4280 2219/4353/4295 2602/4340/4282
f 2602/4340/4282 2219/4353/4295 2603/4343/4285
f 2219/4353/4295 2218/4354/4296 2603/4343/4285
f 2603/4343/4285 2218/4354/4296 2604/4345/4287
f 2218/4354/4296 2217/4355/4297 2604/4345/4287
f 2604/4345/4287 2217/4355/4297 2605/4347/4289
f 2217/4355/4297 2216/4356/4298 2605/4347/4289
f 2605/4347/4289 2216/4356/4298 2606/4349/4291
f 2216/4356/4298 2215/4357/4299 2606/4349/4291
f 2606/4349/4291 2215/4357/4299 2214/4351/4293
f 2607/4350/4292 2213/4352/4294 2608/4358/4300
f 2608/4358/4300 2213/4352/4294 2212/4359/4301
f 2608/4358/4300 2212/4359/4301 2609/4360/4302
f 2609/4360/4302 2212/4359/4301 2610/4361/4303
f 2609/4360/4302 2610/4361/4303 2515/4362/4304
f 2515/4362/4304 2610/4361/4303 2611/4363/4305
f 2515/4362/4304 2611/4363/4305 2516/4364/4306
f 2516/4364/4306 2611/4363/4305 2612/4365/4307
f 2516/4364/4306 2612/4365/4307 2517/4366/4308
f 2517/4366/4308 2612/4365/4307 2613/4367/4309
f 2517/4366/4308 2613/4367/4309 2518/4368/4310
f 2518/4368/4310 2613/4367/4309 2519/4369/4311
f 2519/4369/4311 2613/4367/4309 2614/4370/4312
f 2519/4369/4311 2614/4370/4312 2615/4371/4313
f 2615/4371/4313 2614/4370/4312 2206/4372/4314
f 2615/4371/4313 2206/4372/4314 2205/4373/4315
f 2212/4359/4301 2211/4374/4316 2610/4361/4303
f 2610/4361/4303 2211/4374/4316 2210/4375/4317
f 2610/4361/4303 2210/4375/4317 2611/4363/4305
f 2611/4363/4305 2210/4375/4317 2209/4376/4318
f 2611/4363/4305 2209/4376/4318 2612/4365/4307
f 2612/4365/4307 2209/4376/4318 2208/4377/4319
f 2612/4365/4307 2208/4377/4319 2613/4367/4309
f 2613/4367/4309 2208/4377/4319 2614/4370/4312
f 2208/4377/4319 2207/4378/4320 2614/4370/4312
f 2614/4370/4312 2207/4378/4320 2206/4372/4314
f 2615/4371/4313 2205/4373/4315 2616/4379/4321
f 2616/4379/4321 2205/4373/4315 2204/4380/4322
f 2616/4379/4321 2204/4380/4322 2617/4381/4323
f 2617/4381/4323 2204/4380/4322 2618/4382/4324
f 2617/4381/4323 2618/4382/4324 2523/4383/4325
f 2523/4383/4325 2618/4382/4324 2619/4384/4326
f 2523/4383/4325 2619/4384/4326 2524/4385/4327
f 2524/4385/4327 2619/4384/4326 2620/4386/4328
f 2524/4385/4327 2620/4386/4328 2525/4387/4329
f 2525/4387/4329 2620/4386/4328 2621/4388/4330
f 2525/4387/4329 2621/4388/4330 2526/4389/4331
f 2526/4389/4331 2621/4388/4330 2527/4390/4332
f 2527/4390/4332 2621/4388/4330 2622/4391/4333
f 2527/4390/4332 2622/4391/4333 2623/4392/4334
f 2623/4392/4334 2622/4391/4333 2198/4393/4335
f 2623/4392/4334 2198/4393/4335 2197/4394/4336
f 2204/4380/4322 2203/4395/4337 2618/4382/4324
f 2618/4382/4324 2203/4395/4337 2202/4396/4338
f 2618/4382/4324 2202/4396/4338 2619/4384/4326
f 2619/4384/4326 2202/4396/4338 2201/4397/4339
f 2619/4384/4326 2201/4397/4339 2620/4386/4328
f 2620/4386/4328 2201/4397/4339 2200/4398/4340
f 2620/4386/4328 2200/4398/4340 2621/4388/4330
f 2621/4388/4330 2200/4398/4340 2622/4391/4333
f 2200/4398/4340 2199/4399/4341 2622/4391/4333
f 2622/4391/4333 2199/4399/4341 2198/4393/4335
f 2623/4392/4334 2197/4394/4336 2624/4400/4342
f 2624/4400/4342 2197/4394/4336 2196/4401/4343
f 2624/4400/4342 2196/4401/4343 2625/4402/4344
f 2625/4402/4344 2196/4401/4343 2626/4403/4345
f 2625/4402/4344 2626/4403/4345 2531/4404/4346
f 2531/4404/4346 2626/4403/4345 2532/4405/4347
f 2532/4405/4347 2626/4403/4345 2627/4406/4348
f 2532/4405/4347 2627/4406/4348 2628/4407/4349
f 2628/4407/4349 2627/4406/4348 2193/4408/4350
f 2628/4407/4349 2193/4408/4350 2192/4409/4351
f 2196/4401/4343 2195/4410/4352 2626/4403/4345
f 2626/4403/4345 2195/4410/4352 2627/4406/4348
f 2195/4410/4352 2194/4411/4353 2627/4406/4348
f 2627/4406/4348 2194/4411/4353 2193/4408/4350
f 2191/4412/4354 2630/4413/4355 2192/4409/4351
f 2192/4409/4351 2630/4413/4355 2629/4414/4356
f 2192/4409/4351 2629/4414/4356 2628/4407/4349
f 2628/4407/4349 2629/4414/4356 2533/4415/4357
f 2628/4407/4349 2533/4415/4357 2532/4405/4347
f 2630/4413/4355 2191/4412/4354 2631/4416/4358
f 2631/4416/4358 2191/4412/4354 2190/4417/4359
f 2631/4416/4358 2190/4417/4359 2189/4418/4360
f 2631/4416/4358 2189/4418/4360 2632/4419/4361
f 2632/4419/4361 2189/4418/4360 2188/4420/4362
f 2632/4419/4361 2188/4420/4362 2633/4421/4363
f 2633/4421/4363 2188/4420/4362 2634/4422/4364
f 2633/4421/4363 2634/4422/4364 2539/4423/4365
f 2539/4423/4365 2634/4422/4364 2540/4424/4366
f 2540/4424/4366 2634/4422/4364 2635/4425/4367
f 2540/4424/4366 2635/4425/4367 2636/4426/4368
f 2636/4426/4368 2635/4425/4367 2185/4427/4369
f 2636/4426/4368 2185/4427/4369 2184/4428/4370
f 2188/4420/4362 2187/4429/4371 2634/4422/4364
f 2634/4422/4364 2187/4429/4371 2635/4425/4367
f 2187/4429/4371 2186/4430/4372 2635/4425/4367
f 2635/4425/4367 2186/4430/4372 2185/4427/4369
f 2183/4431/4373 2638/4432/4374 2184/4428/4370
f 2184/4428/4370 2638/4432/4374 2637/4433/4375
f 2184/4428/4370 2637/4433/4375 2636/4426/4368
f 2636/4426/4368 2637/4433/4375 2541/4434/4376
f 2636/4426/4368 2541/4434/4376 2540/4424/4366
f 2638/4432/4374 2183/4431/4373 2639/4435/4377
f 2639/4435/4377 2183/4431/4373 2182/4436/4378
f 2639/4435/4377 2182/4436/4378 2181/4437/4379
f 2639/4435/4377 2181/4437/4379 2640/4438/4380
f 2640/4438/4380 2181/4437/4379 2180/4439/4381
f 2640/4438/4380 2180/4439/4381 2641/4440/4382
f 2641/4440/4382 2180/4439/4381 2642/4441/4383
f 2641/4440/4382 2642/4441/4383 2547/4442/4384
f 2547/4442/4384 2642/4441/4383 2548/4443/4385
f 2548/4443/4385 2642/4441/4383 2643/4444/4386
f 2548/4443/4385 2643/4444/4386 2549/4445/4387
f 2549/4445/4387 2643/4444/4386 2644/4446/4388
f 2549/4445/4387 2644/4446/4388 2550/4447/4389
f 2550/4447/4389 2644/4446/4388 2645/4448/4390
f 2550/4447/4389 2645/4448/4390 2551/4449/4391
f 2551/4449/4391 2645/4448/4390 2646/4450/4392
f 2551/4449/4391 2646/4450/4392 2647/4451/4393
f 2647/4451/4393 2646/4450/4392 2174/4452/4394
f 2647/4451/4393 2174/4452/4394 2173/4453/4395
f 2180/4439/4381 2179/4454/4396 2642/4441/4383
f 2642/4441/4383 2179/4454/4396 2643/4444/4386
f 2179/4454/4396 2178/4455/4397 2643/4444/4386
f 2643/4444/4386 2178/4455/4397 2644/4446/4388
f 2178/4455/4397 2177/4456/4398 2644/4446/4388
f 2644/4446/4388 2177/4456/4398 2645/4448/4390
f 2177/4456/4398 2176/4457/4399 2645/4448/4390
f 2645/4448/4390 2176/4457/4399 2646/4450/4392
f 2176/4457/4399 2175/4458/4400 2646/4450/4392
f 2646/4450/4392 2175/4458/4400 2174/4452/4394
f 2647/4451/4393 2173/4453/4395 2648/4459/4401
f 2648/4459/4401 2173/4453/4395 2172/4460/4402
f 2648/4459/4401 2172/4460/4402 2649/4461/4403
f 2649/4461/4403 2172/4460/4402 2650/4462/4404
f 2649/4461/4403 2650/4462/4404 2555/4463/4405
f 2555/4463/4405 2650/4462/4404 2651/4464/4406
f 2555/4463/4405 2651/4464/4406 2556/4465/4407
f 2556/4465/4407 2651/4464/4406 2652/4466/4408
f 2556/4465/4407 2652/4466/4408 2557/4467/4409
f 2557/4467/4409 2652/4466/4408 2653/4468/4410
f 2557/4467/4409 2653/4468/4410 2558/4469/4411
f 2558/4469/4411 2653/4468/4410 2559/4470/4412
f 2559/4470/4412 2653/4468/4410 2654/4471/4413
f 2559/4470/4412 2654/4471/4413 2460/4472/4414
f 2460/4472/4414 2654/4471/4413 2167/4473/4415
f 2167/4473/4415 2654/4471/4413 2653/4468/4410
f 2167/4473/4415 2653/4468/4410 2168/4474/4416
f 2168/4474/4416 2653/4468/4410 2652/4466/4408
f 2168/4474/4416 2652/4466/4408 2169/4475/4417
f 2169/4475/4417 2652/4466/4408 2651/4464/4406
f 2169/4475/4417 2651/4464/4406 2170/4476/4418
f 2170/4476/4418 2651/4464/4406 2650/4462/4404
f 2170/4476/4418 2650/4462/4404 2171/4477/4419
f 2171/4477/4419 2650/4462/4404 2172/4460/4402
f 2555/4463/4405 2554/4478/4420 2649/4461/4403
f 2649/4461/4403 2554/4478/4420 2553/4479/4421
f 2649/4461/4403 2553/4479/4421 2648/4459/4401
f 2648/4459/4401 2553/4479/4421 2552/4480/4422
f 2648/4459/4401 2552/4480/4422 2647/4451/4393
f 2647/4451/4393 2552/4480/4422 2551/4449/4391
f 2547/4442/4384 2546/4481/4423 2641/4440/4382
f 2641/4440/4382 2546/4481/4423 2545/4482/4424
f 2641/4440/4382 2545/4482/4424 2640/4438/4380
f 2640/4438/4380 2545/4482/4424 2544/4483/4425
f 2640/4438/4380 2544/4483/4425 2639/4435/4377
f 2639/4435/4377 2544/4483/4425 2638/4432/4374
f 2544/4483/4425 2543/4484/4426 2638/4432/4374
f 2638/4432/4374 2543/4484/4426 2637/4433/4375
f 2543/4484/4426 2542/4485/4427 2637/4433/4375
f 2637/4433/4375 2542/4485/4427 2541/4434/4376
f 2539/4423/4365 2538/4486/4428 2633/4421/4363
f 2633/4421/4363 2538/4486/4428 2537/4487/4429
f 2633/4421/4363 2537/4487/4429 2632/4419/4361
f 2632/4419/4361 2537/4487/4429 2536/4488/4430
f 2632/4419/4361 2536/4488/4430 2631/4416/4358
f 2631/4416/4358 2536/4488/4430 2630/4413/4355
f 2536/4488/4430 2535/4489/4431 2630/4413/4355
f 2630/4413/4355 2535/4489/4431 2629/4414/4356
f 2535/4489/4431 2534/4490/4432 2629/4414/4356
f 2629/4414/4356 2534/4490/4432 2533/4415/4357
f 2531/4404/4346 2530/4491/4433 2625/4402/4344
f 2625/4402/4344 2530/4491/4433 2529/4492/4434
f 2625/4402/4344 2529/4492/4434 2624/4400/4342
f 2624/4400/4342 2529/4492/4434 2528/4493/4435
f 2624/4400/4342 2528/4493/4435 2623/4392/4334
f 2623/4392/4334 2528/4493/4435 2527/4390/4332
f 2523/4383/4325 2522/4494/4436 2617/4381/4323
f 2617/4381/4323 2522/4494/4436 2521/4495/4437
f 2617/4381/4323 2521/4495/4437 2616/4379/4321
f 2616/4379/4321 2521/4495/4437 2520/4496/4438
f 2616/4379/4321 2520/4496/4438 2615/4371/4313
f 2615/4371/4313 2520/4496/4438 2519/4369/4311
f 2515/4362/4304 2514/4497/4439 2609/4360/4302
f 2609/4360/4302 2514/4497/4439 2513/4498/4440
f 2609/4360/4302 2513/4498/4440 2608/4358/4300
f 2608/4358/4300 2513/4498/4440 2512/4499/4441
f 2608/4358/4300 2512/4499/4441 2607/4350/4292
f 2607/4350/4292 2512/4499/4441 2511/4348/4290
f 2507/4341/4283 2506/4500/4442 2601/4339/4281
f 2601/4339/4281 2506/4500/4442 2505/4501/4443
f 2601/4339/4281 2505/4501/4443 2600/4337/4279
f 2600/4337/4279 2505/4501/4443 2504/4502/4444
f 2600/4337/4279 2504/4502/4444 2599/4334/4276
f 2599/4334/4276 2504/4502/4444 2598/4331/4273
f 2504/4502/4444 2503/4503/4445 2598/4331/4273
f 2598/4331/4273 2503/4503/4445 2597/4332/4274
f 2503/4503/4445 2502/4504/4446 2597/4332/4274
f 2597/4332/4274 2502/4504/4446 2501/4333/4275
f 2499/4322/4264 2498/4505/4447 2593/4320/4262
f 2593/4320/4262 2498/4505/4447 2497/4506/4448
f 2593/4320/4262 2497/4506/4448 2592/4318/4260
f 2592/4318/4260 2497/4506/4448 2496/4507/4449
f 2592/4318/4260 2496/4507/4449 2591/4315/4257
f 2591/4315/4257 2496/4507/4449 2590/4312/4254
f 2496/4507/4449 2495/4508/4450 2590/4312/4254
f 2590/4312/4254 2495/4508/4450 2589/4313/4255
f 2495/4508/4450 2494/4509/4451 2589/4313/4255
f 2589/4313/4255 2494/4509/4451 2493/4314/4256
f 2491/4303/4245 2490/4510/4452 2585/4301/4243
f 2585/4301/4243 2490/4510/4452 2489/4511/4453
f 2585/4301/4243 2489/4511/4453 2584/4299/4241
f 2584/4299/4241 2489/4511/4453 2488/4512/4454
f 2584/4299/4241 2488/4512/4454 2583/4291/4233
f 2583/4291/4233 2488/4512/4454 2487/4289/4231
f 2483/4282/4224 2482/4513/4455 2577/4280/4222
f 2577/4280/4222 2482/4513/4455 2481/4514/4456
f 2577/4280/4222 2481/4514/4456 2576/4278/4220
f 2576/4278/4220 2481/4514/4456 2480/4515/4457
f 2576/4278/4220 2480/4515/4457 2575/4270/4212
f 2575/4270/4212 2480/4515/4457 2479/4268/4210
f 2475/4261/4203 2474/4516/4458 2570/4259/4201
f 2570/4259/4201 2474/4516/4458 2473/4517/4459
f 2570/4259/4201 2473/4517/4459 2568/4257/4199
f 2568/4257/4199 2473/4517/4459 2567/4255/4197
f 2473/4517/4459 2472/4518/4460 2567/4255/4197
f 2567/4255/4197 2472/4518/4460 2566/4253/4195
f 2472/4518/4460 2471/4519/4461 2566/4253/4195
f 2566/4253/4195 2471/4519/4461 2470/4520/4462
f 2566/4253/4195 2470/4520/4462 2565/4251/4193
f 2565/4251/4193 2470/4520/4462 2469/4521/4463
f 2565/4251/4193 2469/4521/4463 2564/4246/4188
f 2564/4246/4188 2469/4521/4463 2468/4244/4186
f 2748/4522/4464 211/4523/4465 2749/4524/4466
f 2749/4524/4466 211/4523/4465 210/4525/4467
f 2749/4524/4466 210/4525/4467 2456/4526/4468
f 2456/4526/4468 210/4525/4467 209/4527/4469
f 2456/4526/4468 2455/4528/4470 2749/4524/4466
f 2749/4524/4466 2455/4528/4470 2750/4529/4471
f 2749/4524/4466 2750/4529/4471 2748/4522/4464
f 2748/4522/4464 2750/4529/4471 2751/4530/4472
f 2748/4522/4464 2751/4530/4472 2747/4531/4473
f 2747/4531/4473 2751/4530/4472 2746/4532/4474
f 2746/4532/4474 2751/4530/4472 2752/4533/4475
f 2746/4532/4474 2752/4533/4475 2745/4534/4476
f 2745/4534/4476 2752/4533/4475 2753/4535/4477
f 2745/4534/4476 2753/4535/4477 2755/4536/4478
f 2755/4536/4478 2753/4535/4477 2451/4537/4479
f 2755/4536/4478 2451/4537/4479 2754/4538/4480
f 2754/4538/4480 2451/4537/4479 2450/4539/4481
f 2754/4538/4480 2450/4539/4481 2449/4540/4482
f 2455/4528/4470 2454/4541/4483 2750/4529/4471
f 2750/4529/4471 2454/4541/4483 2751/4530/4472
f 2454/4541/4483 2453/4542/4484 2751/4530/4472
f 2751/4530/4472 2453/4542/4484 2752/4533/4475
f 2453/4542/4484 2452/4543/4485 2752/4533/4475
f 2752/4533/4475 2452/4543/4485 2753/4535/4477
f 2452/4543/4485 2451/4537/4479 2753/4535/4477
f 2754/4538/4480 2449/4540/4482 2756/4544/4486
f 2756/4544/4486 2449/4540/4482 2448/4545/4487
f 2756/4544/4486 2448/4545/4487 2757/4546/4488
f 2757/4546/4488 2448/4545/4487 2447/4547/4489
f 2757/4546/4488 2447/4547/4489 2758/4548/4490
f 2758/4548/4490 2447/4547/4489 2759/4549/4491
f 2758/4548/4490 2759/4549/4491 2739/4550/4492
f 2739/4550/4492 2759/4549/4491 2760/4551/4493
f 2739/4550/4492 2760/4551/4493 2738/4552/4494
f 2738/4552/4494 2760/4551/4493 2761/4553/4495
f 2738/4552/4494 2761/4553/4495 2737/4554/4496
f 2737/4554/4496 2761/4553/4495 2762/4555/4497
f 2737/4554/4496 2762/4555/4497 2736/4556/4498
f 2736/4556/4498 2762/4555/4497 2735/4557/4499
f 2735/4557/4499 2762/4555/4497 2763/4558/4500
f 2735/4557/4499 2763/4558/4500 2764/4559/4501
f 2764/4559/4501 2763/4558/4500 2441/4560/4502
f 2764/4559/4501 2441/4560/4502 2440/4561/4503
f 2447/4547/4489 2446/4562/4504 2759/4549/4491
f 2759/4549/4491 2446/4562/4504 2445/4563/4505
f 2759/4549/4491 2445/4563/4505 2760/4551/4493
f 2760/4551/4493 2445/4563/4505 2444/4564/4506
f 2760/4551/4493 2444/4564/4506 2761/4553/4495
f 2761/4553/4495 2444/4564/4506 2443/4565/4507
f 2761/4553/4495 2443/4565/4507 2762/4555/4497
f 2762/4555/4497 2443/4565/4507 2763/4558/4500
f 2443/4565/4507 2442/4566/4508 2763/4558/4500
f 2763/4558/4500 2442/4566/4508 2441/4560/4502
f 2764/4559/4501 2440/4561/4503 2765/4567/4509
f 2765/4567/4509 2440/4561/4503 2439/4568/4510
f 2765/4567/4509 2439/4568/4510 2766/4569/4511
f 2766/4569/4511 2439/4568/4510 2767/4570/4512
f 2766/4569/4511 2767/4570/4512 2731/4571/4513
f 2731/4571/4513 2767/4570/4512 2768/4572/4514
f 2731/4571/4513 2768/4572/4514 2730/4573/4515
f 2730/4573/4515 2768/4572/4514 2769/4574/4516
f 2730/4573/4515 2769/4574/4516 2729/4575/4517
f 2729/4575/4517 2769/4574/4516 2770/4576/4518
f 2729/4575/4517 2770/4576/4518 2728/4577/4519
f 2728/4577/4519 2770/4576/4518 2727/4578/4520
f 2727/4578/4520 2770/4576/4518 2771/4579/4521
f 2727/4578/4520 2771/4579/4521 2726/4580/4522
f 2726/4580/4522 2771/4579/4521 2772/4581/4523
f 2726/4580/4522 2772/4581/4523 2773/4582/4524
f 2773/4582/4524 2772/4581/4523 2432/4583/4525
f 2773/4582/4524 2432/4583/4525 2431/4584/4526
f 2439/4568/4510 2438/4585/4527 2767/4570/4512
f 2767/4570/4512 2438/4585/4527 2437/4586/4528
f 2767/4570/4512 2437/4586/4528 2768/4572/4514
f 2768/4572/4514 2437/4586/4528 2436/4587/4529
f 2768/4572/4514 2436/4587/4529 2769/4574/4516
f 2769/4574/4516 2436/4587/4529 2435/4588/4530
f 2769/4574/4516 2435/4588/4530 2770/4576/4518
f 2770/4576/4518 2435/4588/4530 2771/4579/4521
f 2435/4588/4530 2434/4589/4531 2771/4579/4521
f 2771/4579/4521 2434/4589/4531 2772/4581/4523
f 2434/4589/4531 2433/4590/4532 2772/4581/4523
f 2772/4581/4523 2433/4590/4532 2432/4583/4525
f 2430/4591/4533 2775/4592/4534 2431/4584/4526
f 2431/4584/4526 2775/4592/4534 2774/4593/4535
f 2431/4584/4526 2774/4593/4535 2773/4582/4524
f 2773/4582/4524 2774/4593/4535 2725/4594/4536
f 2773/4582/4524 2725/4594/4536 2726/4580/4522
f 2775/4592/4534 2430/4591/4533 2776/4595/4537
f 2776/4595/4537 2430/4591/4533 2429/4596/4538
f 2776/4595/4537 2429/4596/4538 2428/4597/4539
f 2776/4595/4537 2428/4597/4539 2777/4598/4540
f 2777/4598/4540 2428/4597/4539 2427/4599/4541
f 2777/4598/4540 2427/4599/4541 2778/4600/4542
f 2778/4600/4542 2427/4599/4541 2779/4601/4543
f 2778/4600/4542 2779/4601/4543 2719/4602/4544
f 2719/4602/4544 2779/4601/4543 2718/4603/4545
f 2718/4603/4545 2779/4601/4543 2780/4604/4546
f 2718/4603/4545 2780/4604/4546 2781/4605/4547
f 2781/4605/4547 2780/4604/4546 2424/4606/4548
f 2781/4605/4547 2424/4606/4548 2423/4607/4549
f 2427/4599/4541 2426/4608/4550 2779/4601/4543
f 2779/4601/4543 2426/4608/4550 2780/4604/4546
f 2426/4608/4550 2425/4609/4551 2780/4604/4546
f 2780/4604/4546 2425/4609/4551 2424/4606/4548
f 2422/4610/4552 2783/4611/4553 2423/4607/4549
f 2423/4607/4549 2783/4611/4553 2782/4612/4554
f 2423/4607/4549 2782/4612/4554 2781/4605/4547
f 2781/4605/4547 2782/4612/4554 2717/4613/4555
f 2781/4605/4547 2717/4613/4555 2718/4603/4545
f 2783/4611/4553 2422/4610/4552 2784/4614/4556
f 2784/4614/4556 2422/4610/4552 2421/4615/4557
f 2784/4614/4556 2421/4615/4557 2420/4616/4558
f 2784/4614/4556 2420/4616/4558 2785/4617/4559
f 2785/4617/4559 2420/4616/4558 2419/4618/4560
f 2785/4617/4559 2419/4618/4560 2786/4619/4561
f 2786/4619/4561 2419/4618/4560 2787/4620/4562
f 2786/4619/4561 2787/4620/4562 2711/4621/4563
f 2711/4621/4563 2787/4620/4562 2710/4622/4564
f 2710/4622/4564 2787/4620/4562 2788/4623/4565
f 2710/4622/4564 2788/4623/4565 2709/4624/4566
f 2709/4624/4566 2788/4623/4565 2789/4625/4567
f 2709/4624/4566 2789/4625/4567 2708/4626/4568
f 2708/4626/4568 2789/4625/4567 2790/4627/4569
f 2708/4626/4568 2790/4627/4569 2707/4628/4570
f 2707/4628/4570 2790/4627/4569 2791/4629/4571
f 2707/4628/4570 2791/4629/4571 2792/4630/4572
f 2792/4630/4572 2791/4629/4571 2413/4631/4573
f 2792/4630/4572 2413/4631/4573 2412/4632/4574
f 2419/4618/4560 2418/4633/4575 2787/4620/4562
f 2787/4620/4562 2418/4633/4575 2788/4623/4565
f 2418/4633/4575 2417/4634/4576 2788/4623/4565
f 2788/4623/4565 2417/4634/4576 2789/4625/4567
f 2417/4634/4576 2416/4635/4577 2789/4625/4567
f 2789/4625/4567 2416/4635/4577 2790/4627/4569
f 2416/4635/4577 2415/4636/4578 2790/4627/4569
f 2790/4627/4569 2415/4636/4578 2791/4629/4571
f 2415/4636/4578 2414/4637/4579 2791/4629/4571
f 2791/4629/4571 2414/4637/4579 2413/4631/4573
f 2792/4630/4572 2412/4632/4574 2793/4638/4580
f 2793/4638/4580 2412/4632/4574 2411/4639/4581
f 2793/4638/4580 2411/4639/4581 2794/4640/4582
f 2794/4640/4582 2411/4639/4581 2795/4641/4583
f 2794/4640/4582 2795/4641/4583 2703/4642/4584
f 2703/4642/4584 2795/4641/4583 2796/4643/4585
f 2703/4642/4584 2796/4643/4585 2702/4644/4586
f 2702/4644/4586 2796/4643/4585 2797/4645/4587
f 2702/4644/4586 2797/4645/4587 2701/4646/4588
f 2701/4646/4588 2797/4645/4587 2798/4647/4589
f 2701/4646/4588 2798/4647/4589 2700/4648/4590
f 2700/4648/4590 2798/4647/4589 2699/4649/4591
f 2699/4649/4591 2798/4647/4589 2799/4650/4592
f 2699/4649/4591 2799/4650/4592 2800/4651/4593
f 2800/4651/4593 2799/4650/4592 2405/4652/4594
f 2800/4651/4593 2405/4652/4594 2404/4653/4595
f 2411/4639/4581 2410/4654/4596 2795/4641/4583
f 2795/4641/4583 2410/4654/4596 2409/4655/4597
f 2795/4641/4583 2409/4655/4597 2796/4643/4585
f 2796/4643/4585 2409/4655/4597 2408/4656/4598
f 2796/4643/4585 2408/4656/4598 2797/4645/4587
f 2797/4645/4587 2408/4656/4598 2407/4657/4599
f 2797/4645/4587 2407/4657/4599 2798/4647/4589
f 2798/4647/4589 2407/4657/4599 2799/4650/4592
f 2407/4657/4599 2406/4658/4600 2799/4650/4592
f 2799/4650/4592 2406/4658/4600 2405/4652/4594
f 2800/4651/4593 2404/4653/4595 2801/4659/4601
f 2801/4659/4601 2404/4653/4595 2403/4660/4602
f 2801/4659/4601 2403/4660/4602 2802/4661/4603
f 2802/4661/4603 2403/4660/4602 2803/4662/4604
f 2802/4661/4603 2803/4662/4604 2695/4663/4605
f 2695/4663/4605 2803/4662/4604 2804/4664/4606
f 2695/4663/4605 2804/4664/4606 2694/4665/4607
f 2694/4665/4607 2804/4664/4606 2805/4666/4608
f 2694/4665/4607 2805/4666/4608 2693/4667/4609
f 2693/4667/4609 2805/4666/4608 2806/4668/4610
f 2693/4667/4609 2806/4668/4610 2692/4669/4611
f 2692/4669/4611 2806/4668/4610 2691/4670/4612
f 2691/4670/4612 2806/4668/4610 2807/4671/4613
f 2691/4670/4612 2807/4671/4613 2808/4672/4614
f 2808/4672/4614 2807/4671/4613 2397/4673/4615
f 2808/4672/4614 2397/4673/4615 2396/4674/4616
f 2403/4660/4602 2402/4675/4617 2803/4662/4604
f 2803/4662/4604 2402/4675/4617 2401/4676/4618
f 2803/4662/4604 2401/4676/4618 2804/4664/4606
f 2804/4664/4606 2401/4676/4618 2400/4677/4619
f 2804/4664/4606 2400/4677/4619 2805/4666/4608
f 2805/4666/4608 2400/4677/4619 2399/4678/4620
f 2805/4666/4608 2399/4678/4620 2806/4668/4610
f 2806/4668/4610 2399/4678/4620 2807/4671/4613
f 2399/4678/4620 2398/4679/4621 2807/4671/4613
f 2807/4671/4613 2398/4679/4621 2397/4673/4615
f 2808/4672/4614 2396/4674/4616 2809/4680/4622
f 2809/4680/4622 2396/4674/4616 2395/4681/4623
f 2809/4680/4622 2395/4681/4623 2810/4682/4624
f 2810/4682/4624 2395/4681/4623 2811/4683/4625
f 2810/4682/4624 2811/4683/4625 2687/4684/4626
f 2687/4684/4626 2811/4683/4625 2686/4685/4627
f 2686/4685/4627 2811/4683/4625 2812/4686/4628
f 2686/4685/4627 2812/4686/4628 2813/4687/4629
f 2813/4687/4629 2812/4686/4628 2392/4688/4630
f 2813/4687/4629 2392/4688/4630 2391/4689/4631
f 2395/4681/4623 2394/4690/4632 2811/4683/4625
f 2811/4683/4625 2394/4690/4632 2812/4686/4628
f 2394/4690/4632 2393/4691/4633 2812/4686/4628
f 2812/4686/4628 2393/4691/4633 2392/4688/4630
f 2390/4692/4634 2815/4693/4635 2391/4689/4631
f 2391/4689/4631 2815/4693/4635 2814/4694/4636
f 2391/4689/4631 2814/4694/4636 2813/4687/4629
f 2813/4687/4629 2814/4694/4636 2685/4695/4637
f 2813/4687/4629 2685/4695/4637 2686/4685/4627
f 2815/4693/4635 2390/4692/4634 2816/4696/4638
f 2816/4696/4638 2390/4692/4634 2389/4697/4639
f 2816/4696/4638 2389/4697/4639 2388/4698/4640
f 2816/4696/4638 2388/4698/4640 2817/4699/4641
f 2817/4699/4641 2388/4698/4640 2387/4700/4642
f 2817/4699/4641 2387/4700/4642 2818/4701/4643
f 2818/4701/4643 2387/4700/4642 2819/4702/4644
f 2818/4701/4643 2819/4702/4644 2679/4703/4645
f 2679/4703/4645 2819/4702/4644 2678/4704/4646
f 2678/4704/4646 2819/4702/4644 2820/4705/4647
f 2678/4704/4646 2820/4705/4647 2821/4706/4648
f 2821/4706/4648 2820/4705/4647 2384/4707/4649
f 2821/4706/4648 2384/4707/4649 2383/4708/4650
f 2387/4700/4642 2386/4709/4651 2819/4702/4644
f 2819/4702/4644 2386/4709/4651 2820/4705/4647
f 2386/4709/4651 2385/4710/4652 2820/4705/4647
f 2820/4705/4647 2385/4710/4652 2384/4707/4649
f 2382/4711/4653 2823/4712/4654 2383/4708/4650
f 2383/4708/4650 2823/4712/4654 2822/4713/4655
f 2383/4708/4650 2822/4713/4655 2821/4706/4648
f 2821/4706/4648 2822/4713/4655 2677/4714/4656
f 2821/4706/4648 2677/4714/4656 2678/4704/4646
f 2823/4712/4654 2382/4711/4653 2824/4715/4657
f 2824/4715/4657 2382/4711/4653 2381/4716/4658
f 2824/4715/4657 2381/4716/4658 2380/4717/4659
f 2824/4715/4657 2380/4717/4659 2825/4718/4660
f 2825/4718/4660 2380/4717/4659 2379/4719/4661
f 2825/4718/4660 2379/4719/4661 2826/4720/4662
f 2826/4720/4662 2379/4719/4661 2827/4721/4663
f 2826/4720/4662 2827/4721/4663 2671/4722/4664
f 2671/4722/4664 2827/4721/4663 2670/4723/4665
f 2670/4723/4665 2827/4721/4663 2828/4724/4666
f 2670/4723/4665 2828/4724/4666 2669/4725/4667
f 2669/4725/4667 2828/4724/4666 2829/4726/4668
f 2669/4725/4667 2829/4726/4668 2668/4727/4669
f 2668/4727/4669 2829/4726/4668 2830/4728/4670
f 2668/4727/4669 2830/4728/4670 2667/4729/4671
f 2667/4729/4671 2830/4728/4670 2831/4730/4672
f 2667/4729/4671 2831/4730/4672 2832/4731/4673
f 2832/4731/4673 2831/4730/4672 2373/4732/4674
f 2832/4731/4673 2373/4732/4674 2372/4733/4675
f 2379/4719/4661 2378/4734/4676 2827/4721/4663
f 2827/4721/4663 2378/4734/4676 2828/4724/4666
f 2378/4734/4676 2377/4735/4677 2828/4724/4666
f 2828/4724/4666 2377/4735/4677 2829/4726/4668
f 2377/4735/4677 2376/4736/4678 2829/4726/4668
f 2829/4726/4668 2376/4736/4678 2830/4728/4670
f 2376/4736/4678 2375/4737/4679 2830/4728/4670
f 2830/4728/4670 2375/4737/4679 2831/4730/4672
f 2375/4737/4679 2374/4738/4680 2831/4730/4672
f 2831/4730/4672 2374/4738/4680 2373/4732/4674
f 2832/4731/4673 2372/4733/4675 2833/4739/4681
f 2833/4739/4681 2372/4733/4675 2371/4740/4682
f 2833/4739/4681 2371/4740/4682 2834/4741/4683
f 2834/4741/4683 2371/4740/4682 2835/4742/4684
f 2834/4741/4683 2835/4742/4684 2663/4743/4685
f 2663/4743/4685 2835/4742/4684 2836/4744/4686
f 2663/4743/4685 2836/4744/4686 2662/4745/4687
f 2662/4745/4687 2836/4744/4686 2837/4746/4688
f 2662/4745/4687 2837/4746/4688 2661/4747/4689
f 2661/4747/4689 2837/4746/4688 2838/4748/4690
f 2661/4747/4689 2838/4748/4690 2660/4749/4691
f 2660/4749/4691 2838/4748/4690 2659/4750/4692
f 2659/4750/4692 2838/4748/4690 2839/4751/4693
f 2659/4750/4692 2839/4751/4693 2658/4752/4694
f 2658/4752/4694 2839/4751/4693 2840/4753/4695
f 2658/4752/4694 2840/4753/4695 2841/4754/4696
f 2841/4754/4696 2840/4753/4695 2364/4755/4697
f 2841/4754/4696 2364/4755/4697 2363/4756/4698
f 2371/4740/4682 2370/4757/4699 2835/4742/4684
f 2835/4742/4684 2370/4757/4699 2369/4758/4700
f 2835/4742/4684 2369/4758/4700 2836/4744/4686
f 2836/4744/4686 2369/4758/4700 2368/4759/4701
f 2836/4744/4686 2368/4759/4701 2837/4746/4688
f 2837/4746/4688 2368/4759/4701 2367/4760/4702
f 2837/4746/4688 2367/4760/4702 2838/4748/4690
f 2838/4748/4690 2367/4760/4702 2839/4751/4693
f 2367/4760/4702 2366/4761/4703 2839/4751/4693
f 2839/4751/4693 2366/4761/4703 2840/4753/4695
f 2366/4761/4703 2365/4762/4704 2840/4753/4695
f 2840/4753/4695 2365/4762/4704 2364/4755/4697
f 2841/4754/4696 2363/4756/4698 2842/4763/4705
f 2842/4763/4705 2363/4756/4698 2362/4764/4706
f 2842/4763/4705 2362/4764/4706 2843/4765/4707
f 2843/4765/4707 2362/4764/4706 2465/4766/4708
f 2843/4765/4707 2465/4766/4708 2655/4767/4709
f 2843/4765/4707 2655/4767/4709 2842/4763/4705
f 2842/4763/4705 2655/4767/4709 2656/4768/4710
f 2842/4763/4705 2656/4768/4710 2657/4769/4711
f 2842/4763/4705 2657/4769/4711 2841/4754/4696
f 2841/4754/4696 2657/4769/4711 2658/4752/4694
f 2663/4743/4685 2664/4770/4712 2834/4741/4683
f 2834/4741/4683 2664/4770/4712 2665/4771/4713
f 2834/4741/4683 2665/4771/4713 2833/4739/4681
f 2833/4739/4681 2665/4771/4713 2666/4772/4714
f 2833/4739/4681 2666/4772/4714 2832/4731/4673
f 2832/4731/4673 2666/4772/4714 2667/4729/4671
f 2671/4722/4664 2672/4773/4715 2826/4720/4662
f 2826/4720/4662 2672/4773/4715 2673/4774/4716
f 2826/4720/4662 2673/4774/4716 2825/4718/4660
f 2825/4718/4660 2673/4774/4716 2674/4775/4717
f 2825/4718/4660 2674/4775/4717 2824/4715/4657
f 2824/4715/4657 2674/4775/4717 2823/4712/4654
f 2674/4775/4717 2675/4776/4718 2823/4712/4654
f 2823/4712/4654 2675/4776/4718 2822/4713/4655
f 2675/4776/4718 2676/4777/4719 2822/4713/4655
f 2822/4713/4655 2676/4777/4719 2677/4714/4656
f 2679/4703/4645 2680/4778/4720 2818/4701/4643
f 2818/4701/4643 2680/4778/4720 2681/4779/4721
f 2818/4701/4643 2681/4779/4721 2817/4699/4641
f 2817/4699/4641 2681/4779/4721 2682/4780/4722
f 2817/4699/4641 2682/4780/4722 2816/4696/4638
f 2816/4696/4638 2682/4780/4722 2815/4693/4635
f 2682/4780/4722 2683/4781/4723 2815/4693/4635
f 2815/4693/4635 2683/4781/4723 2814/4694/4636
f 2683/4781/4723 2684/4782/4724 2814/4694/4636
f 2814/4694/4636 2684/4782/4724 2685/4695/4637
f 2687/4684/4626 2688/4783/4725 2810/4682/4624
f 2810/4682/4624 2688/4783/4725 2689/4784/4726
f 2810/4682/4624 2689/4784/4726 2809/4680/4622
f 2809/4680/4622 2689/4784/4726 2690/4785/4727
f 2809/4680/4622 2690/4785/4727 2808/4672/4614
f 2808/4672/4614 2690/4785/4727 2691/4670/4612
f 2695/4663/4605 2696/4786/4728 2802/4661/4603
f 2802/4661/4603 2696/4786/4728 2697/4787/4729
f 2802/4661/4603 2697/4787/4729 2801/4659/4601
f 2801/4659/4601 2697/4787/4729 2698/4788/4730
f 2801/4659/4601 2698/4788/4730 2800/4651/4593
f 2800/4651/4593 2698/4788/4730 2699/4649/4591
f 2703/4642/4584 2704/4789/4731 2794/4640/4582
f 2794/4640/4582 2704/4789/4731 2705/4790/4732
f 2794/4640/4582 2705/4790/4732 2793/4638/4580
f 2793/4638/4580 2705/4790/4732 2706/4791/4733
f 2793/4638/4580 2706/4791/4733 2792/4630/4572
f 2792/4630/4572 2706/4791/4733 2707/4628/4570
f 2711/4621/4563 2712/4792/4734 2786/4619/4561
f 2786/4619/4561 2712/4792/4734 2713/4793/4735
f 2786/4619/4561 2713/4793/4735 2785/4617/4559
f 2785/4617/4559 2713/4793/4735 2714/4794/4736
f 2785/4617/4559 2714/4794/4736 2784/4614/4556
f 2784/4614/4556 2714/4794/4736 2783/4611/4553
f 2714/4794/4736 2715/4795/4737 2783/4611/4553
f 2783/4611/4553 2715/4795/4737 2782/4612/4554
f 2715/4795/4737 2716/4796/4738 2782/4612/4554
f 2782/4612/4554 2716/4796/4738 2717/4613/4555
f 2719/4602/4544 2720/4797/4739 2778/4600/4542
f 2778/4600/4542 2720/4797/4739 2721/4798/4740
f 2778/4600/4542 2721/4798/4740 2777/4598/4540
f 2777/4598/4540 2721/4798/4740 2722/4799/4741
f 2777/4598/4540 2722/4799/4741 2776/4595/4537
f 2776/4595/4537 2722/4799/4741 2775/4592/4534
f 2722/4799/4741 2723/4800/4742 2775/4592/4534
f 2775/4592/4534 2723/4800/4742 2774/4593/4535
f 2723/4800/4742 2724/4801/4743 2774/4593/4535
f 2774/4593/4535 2724/4801/4743 2725/4594/4536
f 2731/4571/4513 2732/4802/4744 2766/4569/4511
f 2766/4569/4511 2732/4802/4744 2733/4803/4745
f 2766/4569/4511 2733/4803/4745 2765/4567/4509
f 2765/4567/4509 2733/4803/4745 2734/4804/4746
f 2765/4567/4509 2734/4804/4746 2764/4559/4501
f 2764/4559/4501 2734/4804/4746 2735/4557/4499
f 2739/4550/4492 2740/4805/4747 2758/4548/4490
f 2758/4548/4490 2740/4805/4747 2741/4806/4748
f 2758/4548/4490 2741/4806/4748 2757/4546/4488
f 2757/4546/4488 2741/4806/4748 2742/4807/4749
f 2757/4546/4488 2742/4807/4749 2756/4544/4486
f 2756/4544/4486 2742/4807/4749 2743/4808/4750
f 2756/4544/4486 2743/4808/4750 2754/4538/4480
f 2754/4538/4480 2743/4808/4750 2755/4536/4478
f 2743/4808/4750 2744/4809/4751 2755/4536/4478
f 2755/4536/4478 2744/4809/4751 2745/4534/4476
f 214/4810/4752 2745/4811/4753 215/4812/4754
f 215/4812/4754 2745/4811/4753 2744/4813/4755
f 215/4812/4754 2744/4813/4755 2743/4814/4756
f 2745/4811/4753 214/4810/4752 2746/4815/4757
f 2746/4815/4757 214/4810/4752 213/4816/4758
f 2746/4815/4757 213/4816/4758 2747/4817/4759
f 2747/4817/4759 213/4816/4758 212/4818/4760
f 2747/4817/4759 212/4818/4760 2748/4819/4761
f 2748/4819/4761 212/4818/4760 211/4820/4762
f 215/4812/4754 2743/4814/4756 2936/4821/4763
f 2936/4821/4763 2743/4814/4756 2742/4822/4764
f 2936/4821/4763 2742/4822/4764 2935/4823/4765
f 2935/4823/4765 2742/4822/4764 2741/4824/4766
f 2935/4823/4765 2741/4824/4766 2934/4825/4767
f 2934/4825/4767 2741/4824/4766 2740/4826/4768
f 2934/4825/4767 2740/4826/4768 2933/4827/4769
f 2933/4827/4769 2740/4826/4768 2932/4828/4770
f 2932/4828/4770 2740/4826/4768 2739/4829/4771
f 2932/4828/4770 2739/4829/4771 2931/4830/4772
f 2931/4830/4772 2739/4829/4771 2738/4831/4773
f 2931/4830/4772 2738/4831/4773 2930/4832/4774
f 2930/4832/4774 2738/4831/4773 2737/4833/4775
f 2930/4832/4774 2737/4833/4775 2929/4834/4776
f 2929/4834/4776 2737/4833/4775 2736/4835/4777
f 2929/4836/4776 2736/4837/4777 2928/4838/4778
f 2928/4838/4778 2736/4837/4777 2735/4839/4779
f 2928/4838/4778 2735/4839/4779 2927/4840/4780
f 2927/4840/4780 2735/4839/4779 2734/4841/4781
f 2927/4840/4780 2734/4841/4781 2926/4842/4782
f 2926/4842/4782 2734/4841/4781 2733/4843/4783
f 2926/4842/4782 2733/4843/4783 2925/4844/4784
f 2925/4844/4784 2733/4843/4783 2732/4845/4785
f 2925/4844/4784 2732/4845/4785 2924/4846/4786
f 2924/4846/4786 2732/4845/4785 2731/4847/4787
f 2924/4846/4786 2731/4847/4787 2923/4848/4788
f 2923/4848/4788 2731/4847/4787 2730/4849/4789
f 2923/4848/4788 2730/4849/4789 2922/4850/4790
f 2922/4850/4790 2730/4849/4789 2729/4851/4791
f 2922/4850/4790 2729/4851/4791 2921/4852/4792
f 2921/4852/4792 2729/4851/4791 2728/4853/4793
f 2921/4852/4792 2728/4853/4793 2920/4854/4794
f 2920/4854/4794 2728/4853/4793 2727/4855/4795
f 2920/4854/4794 2727/4855/4795 2919/4856/4796
f 2919/4856/4796 2727/4855/4795 2726/4857/4797
f 2919/4856/4796 2726/4857/4797 2918/4858/4798
f 2918/4858/4798 2726/4857/4797 2725/4859/4799
f 2918/4858/4798 2725/4859/4799 2917/4860/4800
f 2917/4860/4800 2725/4859/4799 2724/4861/4801
f 2917/4860/4800 2724/4861/4801 2916/4862/4802
f 2916/4862/4802 2724/4861/4801 2723/4863/4803
f 2916/4862/4802 2723/4863/4803 2915/4864/4804
f 2915/4864/4804 2723/4863/4803 2722/4865/4805
f 2915/4864/4804 2722/4865/4805 2914/4866/4806
f 2914/4866/4806 2722/4865/4805 2721/4867/4807
f 2914/4866/4806 2721/4867/4807 2913/4868/4808
f 2913/4868/4808 2721/4867/4807 2720/4869/4809
f 2913/4868/4808 2720/4869/4809 2912/4870/4810
f 2912/4870/4810 2720/4869/4809 2719/4871/4811
f 2912/4870/4810 2719/4871/4811 2911/4872/4812
f 2911/4872/4812 2719/4871/4811 2718/4873/4813
f 2911/4872/4812 2718/4873/4813 2910/4874/4814
f 2910/4874/4814 2718/4873/4813 2717/4875/4815
f 2910/4874/4814 2717/4875/4815 2909/4876/4816
f 2909/4876/4816 2717/4875/4815 2716/4877/4817
f 2909/4876/4816 2716/4877/4817 2908/4878/4818
f 2908/4878/4818 2716/4877/4817 2715/4879/4819
f 2908/4878/4818 2715/4879/4819 2907/4880/4820
f 2907/4880/4820 2715/4879/4819 2714/4881/4821
f 2907/4880/4820 2714/4881/4821 2906/4882/4822
f 2906/4882/4822 2714/4881/4821 2713/4883/4823
f 2906/4882/4822 2713/4883/4823 2905/4884/4824
f 2905/4884/4824 2713/4883/4823 2712/4885/4825
f 2905/4884/4824 2712/4885/4825 2904/4886/4826
f 2904/4886/4826 2712/4885/4825 2711/4887/4827
f 2904/4886/4826 2711/4887/4827 2903/4888/4828
f 2903/4888/4828 2711/4887/4827 2710/4889/4829
f 2903/4888/4828 2710/4889/4829 2902/4890/4830
f 2902/4890/4830 2710/4889/4829 2709/4891/4831
f 2902/4890/4830 2709/4891/4831 2901/4892/4832
f 2901/4892/4832 2709/4891/4831 2708/4893/4833
f 2901/4892/4832 2708/4893/4833 2900/4894/4834
f 2900/4894/4834 2708/4893/4833 2707/4895/4835
f 2900/4894/4834 2707/4895/4835 2899/4896/4836
f 2899/4896/4836 2707/4895/4835 2706/4897/4837
f 2899/4896/4836 2706/4897/4837 2898/4898/4838
f 2898/4898/4838 2706/4897/4837 2705/4899/4839
f 2898/4898/4838 2705/4899/4839 2897/4900/4840
f 2897/4900/4840 2705/4899/4839 2704/4901/4841
f 2897/4900/4840 2704/4901/4841 2896/4902/4842
f 2896/4902/4842 2704/4901/4841 2703/4903/4843
f 2896/4902/4842 2703/4903/4843 2895/4904/4844
f 2895/4904/4844 2703/4903/4843 2702/4905/4845
f 2895/4904/4844 2702/4905/4845 2894/4906/4846
f 2894/4906/4846 2702/4905/4845 2701/4907/4847
f 2894/4906/4846 2701/4907/4847 2893/4908/4848
f 2893/4908/4848 2701/4907/4847 2700/4909/4849
f 2893/4908/4848 2700/4909/4849 2892/4910/4850
f 2892/4910/4850 2700/4909/4849 2699/4911/4851
f 2892/4910/4850 2699/4911/4851 2891/4912/4852
f 2891/4912/4852 2699/4911/4851 2698/4913/4853
f 2891/4912/4852 2698/4913/4853 2890/4914/4854
f 2890/4914/4854 2698/4913/4853 2697/4915/4855
f 2890/4914/4854 2697/4915/4855 2889/4916/4856
f 2889/4916/4856 2697/4915/4855 2696/4917/4857
f 2889/4916/4856 2696/4917/4857 2888/4918/4858
f 2888/4918/4858 2696/4917/4857 2695/4919/4859
f 2888/4918/4858 2695/4919/4859 2887/4920/4860
f 2887/4920/4860 2695/4919/4859 2694/4921/4861
f 2887/4920/4860 2694/4921/4861 2886/4922/4862
f 2886/4922/4862 2694/4921/4861 2693/4923/4863
f 2886/4922/4862 2693/4923/4863 2885/4924/4864
f 2885/4924/4864 2693/4923/4863 2692/4925/4865
f 2885/4924/4864 2692/4925/4865 2884/4926/4866
f 2884/4926/4866 2692/4925/4865 2691/4927/4867
f 2884/4926/4866 2691/4927/4867 2883/4928/4868
f 2883/4928/4868 2691/4927/4867 2690/4929/4869
f 2883/4928/4868 2690/4929/4869 2882/4930/4870
f 2882/4930/4870 2690/4929/4869 2689/4931/4871
f 2882/4930/4870 2689/4931/4871 2881/4932/4872
f 2881/4932/4872 2689/4931/4871 2688/4933/4873
f 2881/4932/4872 2688/4933/4873 2880/4934/4874
f 2880/4934/4874 2688/4933/4873 2687/4935/4875
f 2880/4934/4874 2687/4935/4875 2879/4936/4876
f 2879/4936/4876 2687/4935/4875 2686/4937/4877
f 2879/4936/4876 2686/4937/4877 2878/4938/4878
f 2878/4938/4878 2686/4937/4877 2685/4939/4879
f 2878/4938/4878 2685/4939/4879 2877/4940/4880
f 2877/4940/4880 2685/4939/4879 2684/4941/4881
f 2877/4940/4880 2684/4941/4881 2876/4942/4882
f 2876/4942/4882 2684/4941/4881 2683/4943/4883
f 2876/4942/4882 2683/4943/4883 2875/4944/4884
f 2875/4944/4884 2683/4943/4883 2682/4945/4885
f 2875/4944/4884 2682/4945/4885 2874/4946/4886
f 2874/4946/4886 2682/4945/4885 2681/4947/4887
f 2874/4946/4886 2681/4947/4887 2873/4948/4888
f 2873/4948/4888 2681/4947/4887 2680/4949/4889
f 2873/4950/4888 2680/4951/4889 2872/4952/4890
f 2872/4952/4890 2680/4951/4889 2679/4953/4891
f 2872/4952/4890 2679/4953/4891 2871/4954/4892
f 2871/4954/4892 2679/4953/4891 2678/4955/4893
f 2871/4954/4892 2678/4955/4893 2870/4956/4894
f 2870/4956/4894 2678/4955/4893 2677/4957/4895
f 2870/4956/4894 2677/4957/4895 2869/4958/4896
f 2869/4958/4896 2677/4957/4895 2676/4959/4897
f 2869/4958/4896 2676/4959/4897 2868/4960/4898
f 2868/4960/4898 2676/4959/4897 2675/4961/4899
f 2868/4960/4898 2675/4961/4899 2867/4962/4900
f 2867/4962/4900 2675/4961/4899 2674/4963/4901
f 2867/4962/4900 2674/4963/4901 2866/4964/4902
f 2866/4964/4902 2674/4963/4901 2673/4965/4903
f 2866/4964/4902 2673/4965/4903 2865/4966/4904
f 2865/4966/4904 2673/4965/4903 2672/4967/4905
f 2865/4966/4904 2672/4967/4905 2864/4968/4906
f 2864/4968/4906 2672/4967/4905 2671/4969/4907
f 2864/4968/4906 2671/4969/4907 2863/4970/4908
f 2863/4970/4908 2671/4969/4907 2670/4971/4909
f 2863/4970/4908 2670/4971/4909 2862/4972/4910
f 2862/4972/4910 2670/4971/4909 2669/4973/4911
f 2862/4972/4910 2669/4973/4911 2861/4974/4912
f 2861/4974/4912 2669/4973/4911 2668/4975/4913
f 2861/4974/4912 2668/4975/4913 2860/4976/4914
f 2860/4976/4914 2668/4975/4913 2667/4977/4915
f 2860/4976/4914 2667/4977/4915 2859/4978/4916
f 2859/4978/4916 2667/4977/4915 2666/4979/4917
f 2859/4978/4916 2666/4979/4917 2858/4980/4918
f 2858/4980/4918 2666/4979/4917 2665/4981/4919
f 2858/4980/4918 2665/4981/4919 2857/4982/4920
f 2857/4982/4920 2665/4981/4919 2664/4983/4921
f 2857/4982/4920 2664/4983/4921 2856/4984/4922
f 2856/4984/4922 2664/4983/4921 2663/4985/4923
f 2856/4984/4922 2663/4985/4923 2855/4986/4924
f 2855/4986/4924 2663/4985/4923 2662/4987/4925
f 2855/4986/4924 2662/4987/4925 2854/4988/4926
f 2854/4988/4926 2662/4987/4925 2661/4989/4927
f 2854/4988/4926 2661/4989/4927 2853/4990/4928
f 2853/4990/4928 2661/4989/4927 2660/4991/4929
f 2853/4990/4928 2660/4991/4929 2852/4992/4930
f 2852/4992/4930 2660/4991/4929 2659/4993/4931
f 2852/4992/4930 2659/4993/4931 2851/4994/4932
f 2851/4994/4932 2659/4993/4931 2658/4995/4933
f 2851/4994/4932 2658/4995/4933 2850/4996/4934
f 2850/4996/4934 2658/4995/4933 2657/4997/4935
f 2850/4996/4934 2657/4997/4935 2849/4998/4936
f 2849/4998/4936 2657/4997/4935 2656/4999/4937
f 2849/4998/4936 2656/4999/4937 2655/5000/4938
f 2849/4998/4936 2655/5000/4938 2848/5001/4939
f 2848/5001/4939 2655/5000/4938 2465/5002/4940
f 2848/5001/4939 2465/5002/4940 2847/5003/4941
f 2847/5003/4941 2465/5002/4940 2464/5004/4942
f 2847/5003/4941 2464/5004/4942 2846/5005/4943
f 2846/5005/4943 2464/5004/4942 2463/5006/4944
f 2846/5005/4943 2463/5006/4944 2845/5007/4945
f 2845/5007/4945 2463/5006/4944 2844/5008/4946
f 2844/5008/4946 2463/5006/4944 2462/5009/4947
f 2844/5008/4946 2462/5009/4947 2461/5010/4948
f 2067/5011/4949 217/5012/4950 2939/5013/4951
f 2939/5013/4951 217/5012/4950 216/5014/4952
f 2939/5013/4951 216/5014/4952 2936/5015/4953
f 2936/5015/4953 216/5014/4952 215/5016/4954
f 2939/5013/4951 2936/5015/4953 2940/5017/4955
f 2940/5017/4955 2936/5015/4953 2935/5018/4956
f 2940/5017/4955 2935/5018/4956 2941/5019/4957
f 2941/5019/4957 2935/5018/4956 2934/5020/4958
f 2941/5019/4957 2934/5020/4958 2942/5021/4959
f 2942/5021/4959 2934/5020/4958 2933/5022/4960
f 2942/5021/4959 2933/5022/4960 2932/5023/4961
f 2942/5021/4959 2932/5023/4961 2943/5024/4962
f 2943/5024/4962 2932/5023/4961 2931/5025/4963
f 2943/5024/4962 2931/5025/4963 2944/5026/4964
f 2944/5026/4964 2931/5025/4963 2945/5027/4965
f 2944/5026/4964 2945/5027/4965 2073/5028/4966
f 2073/5028/4966 2945/5027/4965 2074/5029/4967
f 2074/5029/4967 2945/5027/4965 2946/5030/4968
f 2074/5029/4967 2946/5030/4968 2947/5031/4969
f 2947/5031/4969 2946/5030/4968 2928/5032/4970
f 2947/5031/4969 2928/5032/4970 2927/5033/4971
f 2931/5025/4963 2930/5034/4972 2945/5027/4965
f 2945/5027/4965 2930/5034/4972 2946/5030/4968
f 2930/5034/4972 2929/5035/4973 2946/5030/4968
f 2946/5030/4968 2929/5035/4973 2928/5032/4970
f 2926/5036/4974 2949/5037/4975 2927/5033/4971
f 2927/5033/4971 2949/5037/4975 2948/5038/4976
f 2927/5033/4971 2948/5038/4976 2947/5031/4969
f 2947/5031/4969 2948/5038/4976 2075/5039/4977
f 2947/5031/4969 2075/5039/4977 2074/5029/4967
f 2926/5036/4974 2925/5040/4978 2949/5037/4975
f 2949/5037/4975 2925/5040/4978 2950/5041/4979
f 2949/5037/4975 2950/5041/4979 2077/5042/4980
f 2077/5042/4980 2950/5041/4979 2078/5043/4981
f 2078/5043/4981 2950/5041/4979 2951/5044/4982
f 2078/5043/4981 2951/5044/4982 2079/5045/4983
f 2079/5045/4983 2951/5044/4982 2952/5046/4984
f 2079/5045/4983 2952/5046/4984 2080/5047/4985
f 2080/5047/4985 2952/5046/4984 2953/5048/4986
f 2080/5047/4985 2953/5048/4986 2081/5049/4987
f 2081/5049/4987 2953/5048/4986 2954/5050/4988
f 2081/5049/4987 2954/5050/4988 2082/5051/4989
f 2082/5051/4989 2954/5050/4988 2955/5052/4990
f 2082/5051/4989 2955/5052/4990 2083/5053/4991
f 2083/5053/4991 2955/5052/4990 2956/5054/4992
f 2083/5053/4991 2956/5054/4992 2084/5055/4993
f 2084/5055/4993 2956/5054/4992 2957/5056/4994
f 2084/5055/4993 2957/5056/4994 2085/5057/4995
f 2085/5057/4995 2957/5056/4994 2958/5058/4996
f 2085/5057/4995 2958/5058/4996 2086/5059/4997
f 2086/5059/4997 2958/5058/4996 2959/5060/4998
f 2086/5059/4997 2959/5060/4998 2087/5061/4999
f 2087/5061/4999 2959/5060/4998 2960/5062/5000
f 2087/5061/4999 2960/5062/5000 2088/5063/5001
f 2088/5063/5001 2960/5062/5000 2961/5064/5002
f 2088/5063/5001 2961/5064/5002 2089/5065/5003
f 2089/5065/5003 2961/5064/5002 2962/5066/5004
f 2089/5065/5003 2962/5066/5004 2090/5067/5005
f 2090/5067/5005 2962/5066/5004 2963/5068/5006
f 2090/5067/5005 2963/5068/5006 2091/5069/5007
f 2091/5069/5007 2963/5068/5006 2964/5070/5008
f 2091/5069/5007 2964/5070/5008 2092/5071/5009
f 2092/5071/5009 2964/5070/5008 2965/5072/5010
f 2092/5071/5009 2965/5072/5010 2093/5073/5011
f 2093/5073/5011 2965/5072/5010 2966/5074/5012
f 2093/5073/5011 2966/5074/5012 2094/5075/5013
f 2094/5075/5013 2966/5074/5012 2967/5076/5014
f 2094/5075/5013 2967/5076/5014 2095/5077/5015
f 2095/5077/5015 2967/5076/5014 2968/5078/5016
f 2095/5077/5015 2968/5078/5016 2096/5079/5017
f 2096/5079/5017 2968/5078/5016 2097/5080/5018
f 2097/5080/5018 2968/5078/5016 2969/5081/5019
f 2097/5080/5018 2969/5081/5019 2098/5082/5020
f 2098/5082/5020 2969/5081/5019 2970/5083/5021
f 2098/5082/5020 2970/5083/5021 2971/5084/5022
f 2971/5084/5022 2970/5083/5021 2904/5085/5023
f 2971/5084/5022 2904/5085/5023 2972/5086/5024
f 2972/5086/5024 2904/5085/5023 2903/5087/5025
f 2972/5086/5024 2903/5087/5025 2973/5088/5026
f 2973/5088/5026 2903/5087/5025 2902/5089/5027
f 2973/5088/5026 2902/5089/5027 2974/5090/5028
f 2974/5090/5028 2902/5089/5027 2901/5091/5029
f 2974/5090/5028 2901/5091/5029 2900/5092/5030
f 2925/5040/4978 2924/5093/5031 2950/5041/4979
f 2950/5041/4979 2924/5093/5031 2951/5044/4982
f 2924/5093/5031 2923/5094/5032 2951/5044/4982
f 2951/5044/4982 2923/5094/5032 2952/5046/4984
f 2952/5046/4984 2923/5094/5032 2953/5048/4986
f 2953/5048/4986 2923/5094/5032 2922/5095/5033
f 2953/5048/4986 2922/5095/5033 2921/5096/5034
f 2953/5048/4986 2921/5096/5034 2954/5050/4988
f 2954/5050/4988 2921/5096/5034 2920/5097/5035
f 2954/5050/4988 2920/5097/5035 2955/5052/4990
f 2955/5052/4990 2920/5097/5035 2919/5098/5036
f 2955/5052/4990 2919/5098/5036 2956/5054/4992
f 2956/5054/4992 2919/5098/5036 2957/5056/4994
f 2919/5098/5036 2918/5099/5037 2957/5056/4994
f 2957/5056/4994 2918/5099/5037 2917/5100/5038
f 2957/5056/4994 2917/5100/5038 2958/5058/4996
f 2958/5058/4996 2917/5100/5038 2916/5101/5039
f 2958/5058/4996 2916/5101/5039 2959/5060/4998
f 2959/5060/4998 2916/5101/5039 2915/5102/5040
f 2959/5060/4998 2915/5102/5040 2960/5062/5000
f 2960/5062/5000 2915/5102/5040 2914/5103/5041
f 2960/5062/5000 2914/5103/5041 2961/5064/5002
f 2961/5064/5002 2914/5103/5041 2913/5104/5042
f 2961/5064/5002 2913/5104/5042 2962/5066/5004
f 2962/5066/5004 2913/5104/5042 2912/5105/5043
f 2962/5066/5004 2912/5105/5043 2963/5068/5006
f 2963/5068/5006 2912/5105/5043 2964/5070/5008
f 2912/5105/5043 2911/5106/5044 2964/5070/5008
f 2964/5070/5008 2911/5106/5044 2965/5072/5010
f 2911/5106/5044 2910/5107/5045 2965/5072/5010
f 2965/5072/5010 2910/5107/5045 2909/5108/5046
f 2965/5072/5010 2909/5108/5046 2966/5074/5012
f 2966/5074/5012 2909/5108/5046 2908/5109/5047
f 2966/5074/5012 2908/5109/5047 2967/5076/5014
f 2967/5076/5014 2908/5109/5047 2907/5110/5048
f 2967/5076/5014 2907/5110/5048 2968/5078/5016
f 2968/5078/5016 2907/5110/5048 2969/5081/5019
f 2907/5110/5048 2906/5111/5049 2969/5081/5019
f 2969/5081/5019 2906/5111/5049 2970/5083/5021
f 2906/5111/5049 2905/5112/5050 2970/5083/5021
f 2970/5083/5021 2905/5112/5050 2904/5085/5023
f 2974/5090/5028 2900/5092/5030 2975/5113/5051
f 2975/5113/5051 2900/5092/5030 2899/5114/5052
f 2975/5113/5051 2899/5114/5052 2976/5115/5053
f 2976/5115/5053 2899/5114/5052 2977/5116/5054
f 2976/5115/5053 2977/5116/5054 2105/5117/5055
f 2105/5117/5055 2977/5116/5054 2106/5118/5056
f 2106/5118/5056 2977/5116/5054 2978/5119/5057
f 2106/5118/5056 2978/5119/5057 2979/5120/5058
f 2979/5120/5058 2978/5119/5057 2896/5121/5059
f 2979/5120/5058 2896/5121/5059 2895/5122/5060
f 2899/5114/5052 2898/5123/5061 2977/5116/5054
f 2977/5116/5054 2898/5123/5061 2978/5119/5057
f 2898/5123/5061 2897/5124/5062 2978/5119/5057
f 2978/5119/5057 2897/5124/5062 2896/5121/5059
f 2894/5125/5063 2981/5126/5064 2895/5122/5060
f 2895/5122/5060 2981/5126/5064 2980/5127/5065
f 2895/5122/5060 2980/5127/5065 2979/5120/5058
f 2979/5120/5058 2980/5127/5065 2107/5128/5066
f 2979/5120/5058 2107/5128/5066 2106/5118/5056
f 2981/5126/5064 2894/5125/5063 2982/5129/5067
f 2982/5129/5067 2894/5125/5063 2893/5130/5068
f 2982/5129/5067 2893/5130/5068 2892/5131/5069
f 2982/5129/5067 2892/5131/5069 2983/5132/5070
f 2983/5132/5070 2892/5131/5069 2891/5133/5071
f 2983/5132/5070 2891/5133/5071 2984/5134/5072
f 2984/5134/5072 2891/5133/5071 2985/5135/5073
f 2984/5134/5072 2985/5135/5073 2113/5136/5074
f 2113/5136/5074 2985/5135/5073 2114/5137/5075
f 2114/5137/5075 2985/5135/5073 2986/5138/5076
f 2114/5137/5075 2986/5138/5076 2987/5139/5077
f 2987/5139/5077 2986/5138/5076 2888/5140/5078
f 2987/5139/5077 2888/5140/5078 2887/5141/5079
f 2891/5133/5071 2890/5142/5080 2985/5135/5073
f 2985/5135/5073 2890/5142/5080 2986/5138/5076
f 2890/5142/5080 2889/5143/5081 2986/5138/5076
f 2986/5138/5076 2889/5143/5081 2888/5140/5078
f 2886/5144/5082 2989/5145/5083 2887/5141/5079
f 2887/5141/5079 2989/5145/5083 2988/5146/5084
f 2887/5141/5079 2988/5146/5084 2987/5139/5077
f 2987/5139/5077 2988/5146/5084 2115/5147/5085
f 2987/5139/5077 2115/5147/5085 2114/5137/5075
f 2886/5144/5082 2885/5148/5086 2989/5145/5083
f 2989/5145/5083 2885/5148/5086 2990/5149/5087
f 2989/5145/5083 2990/5149/5087 2117/5150/5088
f 2117/5150/5088 2990/5149/5087 2118/5151/5089
f 2118/5151/5089 2990/5149/5087 2991/5152/5090
f 2118/5151/5089 2991/5152/5090 2119/5153/5091
f 2119/5153/5091 2991/5152/5090 2992/5154/5092
f 2119/5153/5091 2992/5154/5092 2120/5155/5093
f 2120/5155/5093 2992/5154/5092 2993/5156/5094
f 2120/5155/5093 2993/5156/5094 2121/5157/5095
f 2121/5157/5095 2993/5156/5094 2994/5158/5096
f 2121/5157/5095 2994/5158/5096 2122/5159/5097
f 2122/5159/5097 2994/5158/5096 2995/5160/5098
f 2122/5159/5097 2995/5160/5098 2123/5161/5099
f 2123/5161/5099 2995/5160/5098 2996/5162/5100
f 2123/5161/5099 2996/5162/5100 2124/5163/5101
f 2124/5163/5101 2996/5162/5100 2997/5164/5102
f 2124/5163/5101 2997/5164/5102 2125/5165/5103
f 2125/5165/5103 2997/5164/5102 2998/5166/5104
f 2125/5165/5103 2998/5166/5104 2126/5167/5105
f 2126/5167/5105 2998/5166/5104 2999/5168/5106
f 2126/5167/5105 2999/5168/5106 2127/5169/5107
f 2127/5169/5107 2999/5168/5106 3000/5170/5108
f 2127/5169/5107 3000/5170/5108 2128/5171/5109
f 2128/5171/5109 3000/5170/5108 3001/5172/5110
f 2128/5171/5109 3001/5172/5110 2129/5173/5111
f 2129/5173/5111 3001/5172/5110 3002/5174/5112
f 2129/5173/5111 3002/5174/5112 2130/5175/5113
f 2130/5175/5113 3002/5174/5112 3003/5176/5114
f 2130/5175/5113 3003/5176/5114 2131/5177/5115
f 2131/5177/5115 3003/5176/5114 3004/5178/5116
f 2131/5177/5115 3004/5178/5116 2132/5179/5117
f 2132/5179/5117 3004/5178/5116 3005/5180/5118
f 2132/5179/5117 3005/5180/5118 2133/5181/5119
f 2133/5181/5119 3005/5180/5118 3006/5182/5120
f 2133/5181/5119 3006/5182/5120 2134/5183/5121
f 2134/5183/5121 3006/5182/5120 3007/5184/5122
f 2134/5183/5121 3007/5184/5122 2135/5185/5123
f 2135/5185/5123 3007/5184/5122 3008/5186/5124
f 2135/5185/5123 3008/5186/5124 2136/5187/5125
f 2136/5187/5125 3008/5186/5124 2137/5188/5126
f 2137/5188/5126 3008/5186/5124 3009/5189/5127
f 2137/5188/5126 3009/5189/5127 2138/5190/5128
f 2138/5190/5128 3009/5189/5127 3010/5191/5129
f 2138/5190/5128 3010/5191/5129 3011/5192/5130
f 3011/5192/5130 3010/5191/5129 2864/5193/5131
f 3011/5192/5130 2864/5193/5131 3012/5194/5132
f 3012/5194/5132 2864/5193/5131 2863/5195/5133
f 3012/5194/5132 2863/5195/5133 3013/5196/5134
f 3013/5196/5134 2863/5195/5133 2862/5197/5135
f 3013/5196/5134 2862/5197/5135 3014/5198/5136
f 3014/5198/5136 2862/5197/5135 2861/5199/5137
f 3014/5198/5136 2861/5199/5137 2860/5200/5138
f 2885/5148/5086 2884/5201/5139 2990/5149/5087
f 2990/5149/5087 2884/5201/5139 2991/5152/5090
f 2884/5201/5139 2883/5202/5140 2991/5152/5090
f 2991/5152/5090 2883/5202/5140 2992/5154/5092
f 2992/5154/5092 2883/5202/5140 2993/5156/5094
f 2993/5156/5094 2883/5202/5140 2882/5203/5141
f 2993/5156/5094 2882/5203/5141 2881/5204/5142
f 2993/5156/5094 2881/5204/5142 2994/5158/5096
f 2994/5158/5096 2881/5204/5142 2880/5205/5143
f 2994/5158/5096 2880/5205/5143 2995/5160/5098
f 2995/5160/5098 2880/5205/5143 2879/5206/5144
f 2995/5160/5098 2879/5206/5144 2996/5162/5100
f 2996/5162/5100 2879/5206/5144 2997/5164/5102
f 2879/5206/5144 2878/5207/5145 2997/5164/5102
f 2997/5164/5102 2878/5207/5145 2877/5208/5146
f 2997/5164/5102 2877/5208/5146 2998/5166/5104
f 2998/5166/5104 2877/5208/5146 2876/5209/5147
f 2998/5166/5104 2876/5209/5147 2999/5168/5106
f 2999/5168/5106 2876/5209/5147 2875/5210/5148
f 2999/5168/5106 2875/5210/5148 3000/5170/5108
f 3000/5170/5108 2875/5210/5148 2874/5211/5149
f 3000/5170/5108 2874/5211/5149 3001/5172/5110
f 3001/5172/5110 2874/5211/5149 2873/5212/5150
f 3001/5172/5110 2873/5212/5150 3002/5174/5112
f 3002/5174/5112 2873/5212/5150 2872/5213/5151
f 3002/5174/5112 2872/5213/5151 3003/5176/5114
f 3003/5176/5114 2872/5213/5151 3004/5178/5116
f 2872/5213/5151 2871/5214/5152 3004/5178/5116
f 3004/5178/5116 2871/5214/5152 3005/5180/5118
f 2871/5214/5152 2870/5215/5153 3005/5180/5118
f 3005/5180/5118 2870/5215/5153 2869/5216/5154
f 3005/5180/5118 2869/5216/5154 3006/5182/5120
f 3006/5182/5120 2869/5216/5154 2868/5217/5155
f 3006/5182/5120 2868/5217/5155 3007/5184/5122
f 3007/5184/5122 2868/5217/5155 2867/5218/5156
f 3007/5184/5122 2867/5218/5156 3008/5186/5124
f 3008/5186/5124 2867/5218/5156 3009/5189/5127
f 2867/5218/5156 2866/5219/5157 3009/5189/5127
f 3009/5189/5127 2866/5219/5157 3010/5191/5129
f 2866/5219/5157 2865/5220/5158 3010/5191/5129
f 3010/5191/5129 2865/5220/5158 2864/5193/5131
f 3014/5198/5136 2860/5200/5138 3015/5221/5159
f 3015/5221/5159 2860/5200/5138 2859/5222/5160
f 3015/5221/5159 2859/5222/5160 3016/5223/5161
f 3016/5223/5161 2859/5222/5160 3017/5224/5162
f 3016/5223/5161 3017/5224/5162 2145/5225/5163
f 2145/5225/5163 3017/5224/5162 2146/5226/5164
f 2146/5226/5164 3017/5224/5162 3018/5227/5165
f 2146/5226/5164 3018/5227/5165 3019/5228/5166
f 3019/5228/5166 3018/5227/5165 2856/5229/5167
f 3019/5228/5166 2856/5229/5167 2855/5230/5168
f 2859/5222/5160 2858/5231/5169 3017/5224/5162
f 3017/5224/5162 2858/5231/5169 3018/5227/5165
f 2858/5231/5169 2857/5232/5170 3018/5227/5165
f 3018/5227/5165 2857/5232/5170 2856/5229/5167
f 2854/5233/5171 3021/5234/5172 2855/5230/5168
f 2855/5230/5168 3021/5234/5172 3020/5235/5173
f 2855/5230/5168 3020/5235/5173 3019/5228/5166
f 3019/5228/5166 3020/5235/5173 2147/5236/5174
f 3019/5228/5166 2147/5236/5174 2146/5226/5164
f 3021/5234/5172 2854/5233/5171 3022/5237/5175
f 3022/5237/5175 2854/5233/5171 2853/5238/5176
f 3022/5237/5175 2853/5238/5176 2852/5239/5177
f 3022/5237/5175 2852/5239/5177 3023/5240/5178
f 3023/5240/5178 2852/5239/5177 2851/5241/5179
f 3023/5240/5178 2851/5241/5179 3024/5242/5180
f 3024/5242/5180 2851/5241/5179 3025/5243/5181
f 3024/5242/5180 3025/5243/5181 2153/5244/5182
f 2153/5244/5182 3025/5243/5181 2154/5245/5183
f 2154/5245/5183 3025/5243/5181 3026/5246/5184
f 2154/5245/5183 3026/5246/5184 3027/5247/5185
f 3027/5247/5185 3026/5246/5184 2848/5248/5186
f 3027/5247/5185 2848/5248/5186 2847/5249/5187
f 2851/5241/5179 2850/5250/5188 3025/5243/5181
f 3025/5243/5181 2850/5250/5188 3026/5246/5184
f 2850/5250/5188 2849/5251/5189 3026/5246/5184
f 3026/5246/5184 2849/5251/5189 2848/5248/5186
f 2846/5252/5190 3029/5253/5191 2847/5249/5187
f 2847/5249/5187 3029/5253/5191 3028/5254/5192
f 2847/5249/5187 3028/5254/5192 3027/5247/5185
f 3027/5247/5185 3028/5254/5192 2155/5255/5193
f 3027/5247/5185 2155/5255/5193 2154/5245/5183
f 2846/5252/5190 2845/5256/5194 3029/5253/5191
f 3029/5253/5191 2845/5256/5194 2937/5257/5195
f 3029/5253/5191 2937/5257/5195 2157/5258/5196
f 2157/5258/5196 2937/5257/5195 2158/5259/5197
f 2158/5259/5197 2937/5257/5195 3030/5260/5198
f 2158/5259/5197 3030/5260/5198 2159/5261/5199
f 2159/5261/5199 3030/5260/5198 2938/5262/5200
f 2159/5261/5199 2938/5262/5200 2160/5263/5201
f 2160/5263/5201 2938/5262/5200 2161/5264/5202
f 2161/5264/5202 2938/5262/5200 3031/5265/5203
f 2161/5264/5202 3031/5265/5203 2162/5266/5204
f 2162/5266/5204 3031/5265/5203 2461/5267/5205
f 2461/5267/5205 3031/5265/5203 2938/5262/5200
f 2461/5267/5205 2938/5262/5200 2844/5268/5206
f 2844/5268/5206 2938/5262/5200 3030/5260/5198
f 2844/5268/5206 3030/5260/5198 2937/5257/5195
f 2845/5256/5194 2844/5268/5206 2937/5257/5195
f 2157/5258/5196 2156/5269/5207 3029/5253/5191
f 3029/5253/5191 2156/5269/5207 3028/5254/5192
f 2156/5269/5207 2155/5255/5193 3028/5254/5192
f 2153/5244/5182 2152/5270/5208 3024/5242/5180
f 3024/5242/5180 2152/5270/5208 2151/5271/5209
f 3024/5242/5180 2151/5271/5209 3023/5240/5178
f 3023/5240/5178 2151/5271/5209 2150/5272/5210
f 3023/5240/5178 2150/5272/5210 3022/5237/5175
f 3022/5237/5175 2150/5272/5210 3021/5234/5172
f 2150/5272/5210 2149/5273/5211 3021/5234/5172
f 3021/5234/5172 2149/5273/5211 3020/5235/5173
f 2149/5273/5211 2148/5274/5212 3020/5235/5173
f 3020/5235/5173 2148/5274/5212 2147/5236/5174
f 2145/5225/5163 2144/5275/5213 3016/5223/5161
f 3016/5223/5161 2144/5275/5213 2143/5276/5214
f 3016/5223/5161 2143/5276/5214 3015/5221/5159
f 3015/5221/5159 2143/5276/5214 2142/5277/5215
f 3015/5221/5159 2142/5277/5215 3014/5198/5136
f 3014/5198/5136 2142/5277/5215 3013/5196/5134
f 2142/5277/5215 2141/5278/5216 3013/5196/5134
f 3013/5196/5134 2141/5278/5216 3012/5194/5132
f 2141/5278/5216 2140/5279/5217 3012/5194/5132
f 3012/5194/5132 2140/5279/5217 2139/5280/5218
f 3012/5194/5132 2139/5280/5218 3011/5192/5130
f 3011/5192/5130 2139/5280/5218 2138/5190/5128
f 2117/5150/5088 2116/5281/5219 2989/5145/5083
f 2989/5145/5083 2116/5281/5219 2988/5146/5084
f 2116/5281/5219 2115/5147/5085 2988/5146/5084
f 2113/5136/5074 2112/5282/5220 2984/5134/5072
f 2984/5134/5072 2112/5282/5220 2111/5283/5221
f 2984/5134/5072 2111/5283/5221 2983/5132/5070
f 2983/5132/5070 2111/5283/5221 2110/5284/5222
f 2983/5132/5070 2110/5284/5222 2982/5129/5067
f 2982/5129/5067 2110/5284/5222 2981/5126/5064
f 2110/5284/5222 2109/5285/5223 2981/5126/5064
f 2981/5126/5064 2109/5285/5223 2980/5127/5065
f 2109/5285/5223 2108/5286/5224 2980/5127/5065
f 2980/5127/5065 2108/5286/5224 2107/5128/5066
f 2105/5117/5055 2104/5287/5225 2976/5115/5053
f 2976/5115/5053 2104/5287/5225 2103/5288/5226
f 2976/5115/5053 2103/5288/5226 2975/5113/5051
f 2975/5113/5051 2103/5288/5226 2102/5289/5227
f 2975/5113/5051 2102/5289/5227 2974/5090/5028
f 2974/5090/5028 2102/5289/5227 2973/5088/5026
f 2102/5289/5227 2101/5290/5228 2973/5088/5026
f 2973/5088/5026 2101/5290/5228 2972/5086/5024
f 2101/5290/5228 2100/5291/5229 2972/5086/5024
f 2972/5086/5024 2100/5291/5229 2099/5292/5230
f 2972/5086/5024 2099/5292/5230 2971/5084/5022
f 2971/5084/5022 2099/5292/5230 2098/5082/5020
f 2077/5042/4980 2076/5293/5231 2949/5037/4975
f 2949/5037/4975 2076/5293/5231 2948/5038/4976
f 2076/5293/5231 2075/5039/4977 2948/5038/4976
f 2073/5028/4966 2072/5294/5232 2944/5026/4964
f 2944/5026/4964 2072/5294/5232 2071/5295/5233
f 2944/5026/4964 2071/5295/5233 2943/5024/4962
f 2943/5024/4962 2071/5295/5233 2070/5296/5234
f 2943/5024/4962 2070/5296/5234 2942/5021/4959
f 2942/5021/4959 2070/5296/5234 2069/5297/5235
f 2942/5021/4959 2069/5297/5235 2941/5019/4957
f 2941/5019/4957 2069/5297/5235 2068/5298/5236
f 2941/5019/4957 2068/5298/5236 2940/5017/4955
f 2940/5017/4955 2068/5298/5236 2067/5011/4949
f 2940/5017/4955 2067/5011/4949 2939/5013/4951
f 2262/5299/5237 204/5300/5238 3034/5301/5239
f 3034/5301/5239 204/5300/5238 203/5302/5240
f 3034/5301/5239 203/5302/5240 415/5303/5241
f 415/5303/5241 203/5302/5240 202/5304/5242
f 3034/5301/5239 415/5303/5241 3035/5305/5243
f 3035/5305/5243 415/5303/5241 414/5306/5244
f 3035/5305/5243 414/5306/5244 3036/5307/5245
f 3036/5307/5245 414/5306/5244 413/5308/5246
f 3036/5307/5245 413/5308/5246 412/5309/5247
f 3036/5307/5245 412/5309/5247 3037/5310/5248
f 3037/5310/5248 412/5309/5247 411/5311/5249
f 3037/5310/5248 411/5311/5249 3038/5312/5250
f 3038/5312/5250 411/5311/5249 410/5313/5251
f 3038/5312/5250 410/5313/5251 3039/5314/5252
f 3039/5314/5252 410/5313/5251 3040/5315/5253
f 3039/5314/5252 3040/5315/5253 2268/5316/5254
f 2268/5316/5254 3040/5315/5253 2269/5317/5255
f 2269/5317/5255 3040/5315/5253 3041/5318/5256
f 2269/5317/5255 3041/5318/5256 2270/5319/5257
f 2270/5319/5257 3041/5318/5256 3042/5320/5258
f 2270/5319/5257 3042/5320/5258 2271/5321/5259
f 2271/5321/5259 3042/5320/5258 3043/5322/5260
f 2271/5321/5259 3043/5322/5260 2272/5323/5261
f 2272/5323/5261 3043/5322/5260 3044/5324/5262
f 2272/5323/5261 3044/5324/5262 2273/5325/5263
f 2273/5325/5263 3044/5324/5262 3045/5326/5264
f 2273/5325/5263 3045/5326/5264 3046/5327/5265
f 3046/5327/5265 3045/5326/5264 403/5328/5266
f 3046/5327/5265 403/5328/5266 3047/5329/5267
f 3047/5329/5267 403/5328/5266 402/5330/5268
f 3047/5329/5267 402/5330/5268 3048/5331/5269
f 3048/5331/5269 402/5330/5268 401/5332/5270
f 3048/5331/5269 401/5332/5270 3049/5333/5271
f 3049/5333/5271 401/5332/5270 400/5334/5272
f 3049/5333/5271 400/5334/5272 399/5335/5273
f 410/5313/5251 409/5336/5274 3040/5315/5253
f 3040/5315/5253 409/5336/5274 3041/5318/5256
f 409/5336/5274 408/5337/5275 3041/5318/5256
f 3041/5318/5256 408/5337/5275 3042/5320/5258
f 408/5337/5275 407/5338/5276 3042/5320/5258
f 3042/5320/5258 407/5338/5276 3043/5322/5260
f 407/5338/5276 406/5339/5277 3043/5322/5260
f 3043/5322/5260 406/5339/5277 3044/5324/5262
f 406/5339/5277 405/5340/5278 3044/5324/5262
f 3044/5324/5262 405/5340/5278 3045/5326/5264
f 405/5340/5278 404/5341/5279 3045/5326/5264
f 3045/5326/5264 404/5341/5279 403/5328/5266
f 3049/5333/5271 399/5335/5273 3050/5342/5280
f 3050/5342/5280 399/5335/5273 398/5343/5281
f 3050/5342/5280 398/5343/5281 3051/5344/5282
f 3051/5344/5282 398/5343/5281 3052/5345/5283
f 3051/5344/5282 3052/5345/5283 2280/5346/5284
f 2280/5346/5284 3052/5345/5283 2281/5347/5285
f 2281/5347/5285 3052/5345/5283 3053/5348/5286
f 2281/5347/5285 3053/5348/5286 3054/5349/5287
f 3054/5349/5287 3053/5348/5286 395/5350/5288
f 3054/5349/5287 395/5350/5288 394/5351/5289
f 398/5343/5281 397/5352/5290 3052/5345/5283
f 3052/5345/5283 397/5352/5290 3053/5348/5286
f 397/5352/5290 396/5353/5291 3053/5348/5286
f 3053/5348/5286 396/5353/5291 395/5350/5288
f 393/5354/5292 3056/5355/5293 394/5351/5289
f 394/5351/5289 3056/5355/5293 3055/5356/5294
f 394/5351/5289 3055/5356/5294 3054/5349/5287
f 3054/5349/5287 3055/5356/5294 2282/5357/5295
f 3054/5349/5287 2282/5357/5295 2281/5347/5285
f 3056/5355/5293 393/5354/5292 3057/5358/5296
f 3057/5358/5296 393/5354/5292 392/5359/5297
f 3057/5358/5296 392/5359/5297 391/5360/5298
f 3057/5358/5296 391/5360/5298 3058/5361/5299
f 3058/5361/5299 391/5360/5298 390/5362/5300
f 3058/5361/5299 390/5362/5300 3059/5363/5301
f 3059/5363/5301 390/5362/5300 3060/5364/5302
f 3059/5363/5301 3060/5364/5302 2288/5365/5303
f 2288/5365/5303 3060/5364/5302 3061/5366/5304
f 2288/5365/5303 3061/5366/5304 2289/5367/5305
f 2289/5367/5305 3061/5366/5304 3062/5368/5306
f 2289/5367/5305 3062/5368/5306 2290/5369/5307
f 2290/5369/5307 3062/5368/5306 3063/5370/5308
f 2290/5369/5307 3063/5370/5308 2291/5371/5309
f 2291/5371/5309 3063/5370/5308 3064/5372/5310
f 2291/5371/5309 3064/5372/5310 2292/5373/5311
f 2292/5373/5311 3064/5372/5310 3065/5374/5312
f 2292/5373/5311 3065/5374/5312 2293/5375/5313
f 2293/5375/5313 3065/5374/5312 3066/5376/5314
f 2293/5375/5313 3066/5376/5314 2294/5377/5315
f 2294/5377/5315 3066/5376/5314 3067/5378/5316
f 2294/5377/5315 3067/5378/5316 2295/5379/5317
f 2295/5379/5317 3067/5378/5316 3068/5380/5318
f 2295/5379/5317 3068/5380/5318 2296/5381/5319
f 2296/5381/5319 3068/5380/5318 3069/5382/5320
f 2296/5381/5319 3069/5382/5320 2297/5383/5321
f 2297/5383/5321 3069/5382/5320 3070/5384/5322
f 2297/5383/5321 3070/5384/5322 2298/5385/5323
f 2298/5385/5323 3070/5384/5322 3071/5386/5324
f 2298/5385/5323 3071/5386/5324 2299/5387/5325
f 2299/5387/5325 3071/5386/5324 3072/5388/5326
f 2299/5387/5325 3072/5388/5326 2300/5389/5327
f 2300/5389/5327 3072/5388/5326 3073/5390/5328
f 2300/5389/5327 3073/5390/5328 2301/5391/5329
f 2301/5391/5329 3073/5390/5328 3074/5392/5330
f 2301/5391/5329 3074/5392/5330 2302/5393/5331
f 2302/5393/5331 3074/5392/5330 3075/5394/5332
f 2302/5393/5331 3075/5394/5332 2303/5395/5333
f 2303/5395/5333 3075/5394/5332 3076/5396/5334
f 2303/5395/5333 3076/5396/5334 2304/5397/5335
f 2304/5397/5335 3076/5396/5334 3077/5398/5336
f 2304/5397/5335 3077/5398/5336 2305/5399/5337
f 2305/5399/5337 3077/5398/5336 3078/5400/5338
f 2305/5399/5337 3078/5400/5338 2306/5401/5339
f 2306/5401/5339 3078/5400/5338 3079/5402/5340
f 2306/5401/5339 3079/5402/5340 2307/5403/5341
f 2307/5403/5341 3079/5402/5340 2308/5404/5342
f 2308/5404/5342 3079/5402/5340 3080/5405/5343
f 2308/5404/5342 3080/5405/5343 2309/5406/5344
f 2309/5406/5344 3080/5405/5343 3081/5407/5345
f 2309/5406/5344 3081/5407/5345 2310/5408/5346
f 2310/5408/5346 3081/5407/5345 3082/5409/5347
f 2310/5408/5346 3082/5409/5347 2311/5410/5348
f 2311/5410/5348 3082/5409/5347 3083/5411/5349
f 2311/5410/5348 3083/5411/5349 2312/5412/5350
f 2312/5412/5350 3083/5411/5349 3084/5413/5351
f 2312/5412/5350 3084/5413/5351 2313/5414/5352
f 2313/5414/5352 3084/5413/5351 3085/5415/5353
f 2313/5414/5352 3085/5415/5353 3086/5416/5354
f 3086/5416/5354 3085/5415/5353 363/5417/5355
f 3086/5416/5354 363/5417/5355 3087/5418/5356
f 3087/5418/5356 363/5417/5355 362/5419/5357
f 3087/5418/5356 362/5419/5357 3088/5420/5358
f 3088/5420/5358 362/5419/5357 361/5421/5359
f 3088/5420/5358 361/5421/5359 3089/5422/5360
f 3089/5422/5360 361/5421/5359 360/5423/5361
f 3089/5422/5360 360/5423/5361 359/5424/5362
f 390/5362/5300 389/5425/5363 3060/5364/5302
f 3060/5364/5302 389/5425/5363 388/5426/5364
f 3060/5364/5302 388/5426/5364 3061/5366/5304
f 3061/5366/5304 388/5426/5364 387/5427/5365
f 3061/5366/5304 387/5427/5365 3062/5368/5306
f 3062/5368/5306 387/5427/5365 386/5428/5366
f 3062/5368/5306 386/5428/5366 3063/5370/5308
f 3063/5370/5308 386/5428/5366 3064/5372/5310
f 386/5428/5366 385/5429/5367 3064/5372/5310
f 3064/5372/5310 385/5429/5367 384/5430/5368
f 3064/5372/5310 384/5430/5368 3065/5374/5312
f 3065/5374/5312 384/5430/5368 383/5431/5369
f 3065/5374/5312 383/5431/5369 3066/5376/5314
f 3066/5376/5314 383/5431/5369 382/5432/5370
f 3066/5376/5314 382/5432/5370 3067/5378/5316
f 3067/5378/5316 382/5432/5370 3068/5380/5318
f 382/5432/5370 381/5433/5371 3068/5380/5318
f 3068/5380/5318 381/5433/5371 380/5434/5372
f 3068/5380/5318 380/5434/5372 3069/5382/5320
f 3069/5382/5320 380/5434/5372 379/5435/5373
f 3069/5382/5320 379/5435/5373 3070/5384/5322
f 3070/5384/5322 379/5435/5373 378/5436/5374
f 3070/5384/5322 378/5436/5374 3071/5386/5324
f 3071/5386/5324 378/5436/5374 3072/5388/5326
f 378/5436/5374 377/5437/5375 3072/5388/5326
f 3072/5388/5326 377/5437/5375 376/5438/5376
f 3072/5388/5326 376/5438/5376 3073/5390/5328
f 3073/5390/5328 376/5438/5376 375/5439/5377
f 3073/5390/5328 375/5439/5377 3074/5392/5330
f 3074/5392/5330 375/5439/5377 374/5440/5378
f 3074/5392/5330 374/5440/5378 3075/5394/5332
f 3075/5394/5332 374/5440/5378 373/5441/5379
f 3075/5394/5332 373/5441/5379 3076/5396/5334
f 3076/5396/5334 373/5441/5379 372/5442/5380
f 3076/5396/5334 372/5442/5380 3077/5398/5336
f 3077/5398/5336 372/5442/5380 371/5443/5381
f 3077/5398/5336 371/5443/5381 3078/5400/5338
f 3078/5400/5338 371/5443/5381 370/5444/5382
f 3078/5400/5338 370/5444/5382 3079/5402/5340
f 3079/5402/5340 370/5444/5382 3080/5405/5343
f 370/5444/5382 369/5445/5383 3080/5405/5343
f 3080/5405/5343 369/5445/5383 3081/5407/5345
f 369/5445/5383 368/5446/5384 3081/5407/5345
f 3081/5407/5345 368/5446/5384 3082/5409/5347
f 368/5446/5384 367/5447/5385 3082/5409/5347
f 3082/5409/5347 367/5447/5385 3083/5411/5349
f 367/5447/5385 366/5448/5386 3083/5411/5349
f 3083/5411/5349 366/5448/5386 3084/5413/5351
f 366/5448/5386 365/5449/5387 3084/5413/5351
f 3084/5413/5351 365/5449/5387 3085/5415/5353
f 365/5449/5387 364/5450/5388 3085/5415/5353
f 3085/5415/5353 364/5450/5388 363/5417/5355
f 3089/5422/5360 359/5424/5362 3090/5451/5389
f 3090/5451/5389 359/5424/5362 358/5452/5390
f 3090/5451/5389 358/5452/5390 3091/5453/5391
f 3091/5453/5391 358/5452/5390 3092/5454/5392
f 3091/5453/5391 3092/5454/5392 2320/5455/5393
f 2320/5455/5393 3092/5454/5392 2321/5456/5394
f 2321/5456/5394 3092/5454/5392 3093/5457/5395
f 2321/5456/5394 3093/5457/5395 3094/5458/5396
f 3094/5458/5396 3093/5457/5395 355/5459/5397
f 3094/5458/5396 355/5459/5397 354/5460/5398
f 358/5452/5390 357/5461/5399 3092/5454/5392
f 3092/5454/5392 357/5461/5399 3093/5457/5395
f 357/5461/5399 356/5462/5400 3093/5457/5395
f 3093/5457/5395 356/5462/5400 355/5459/5397
f 353/5463/5401 3096/5464/5402 354/5460/5398
f 354/5460/5398 3096/5464/5402 3095/5465/5403
f 354/5460/5398 3095/5465/5403 3094/5458/5396
f 3094/5458/5396 3095/5465/5403 2322/5466/5404
f 3094/5458/5396 2322/5466/5404 2321/5456/5394
f 3096/5464/5402 353/5463/5401 3097/5467/5405
f 3097/5467/5405 353/5463/5401 352/5468/5406
f 3097/5467/5405 352/5468/5406 351/5469/5407
f 3097/5467/5405 351/5469/5407 3098/5470/5408
f 3098/5470/5408 351/5469/5407 350/5471/5409
f 3098/5470/5408 350/5471/5409 3099/5472/5410
f 3099/5472/5410 350/5471/5409 3100/5473/5411
f 3099/5472/5410 3100/5473/5411 2328/5474/5412
f 2328/5474/5412 3100/5473/5411 2329/5475/5413
f 2329/5475/5413 3100/5473/5411 3101/5476/5414
f 2329/5475/5413 3101/5476/5414 3102/5477/5415
f 3102/5477/5415 3101/5476/5414 347/5478/5416
f 3102/5477/5415 347/5478/5416 346/5479/5417
f 350/5471/5409 349/5480/5418 3100/5473/5411
f 3100/5473/5411 349/5480/5418 3101/5476/5414
f 349/5480/5418 348/5481/5419 3101/5476/5414
f 3101/5476/5414 348/5481/5419 347/5478/5416
f 345/5482/5420 3104/5483/5421 346/5479/5417
f 346/5479/5417 3104/5483/5421 3103/5484/5422
f 346/5479/5417 3103/5484/5422 3102/5477/5415
f 3102/5477/5415 3103/5484/5422 2330/5485/5423
f 3102/5477/5415 2330/5485/5423 2329/5475/5413
f 345/5482/5420 344/5486/5424 3104/5483/5421
f 3104/5483/5421 344/5486/5424 3105/5487/5425
f 3104/5483/5421 3105/5487/5425 2332/5488/5426
f 2332/5488/5426 3105/5487/5425 2333/5489/5427
f 2333/5489/5427 3105/5487/5425 3106/5490/5428
f 2333/5489/5427 3106/5490/5428 2334/5491/5429
f 2334/5491/5429 3106/5490/5428 3107/5492/5430
f 2334/5491/5429 3107/5492/5430 2335/5493/5431
f 2335/5493/5431 3107/5492/5430 3108/5494/5432
f 2335/5493/5431 3108/5494/5432 2336/5495/5433
f 2336/5495/5433 3108/5494/5432 3109/5496/5434
f 2336/5495/5433 3109/5496/5434 2337/5497/5435
f 2337/5497/5435 3109/5496/5434 3110/5498/5436
f 2337/5497/5435 3110/5498/5436 2338/5499/5437
f 2338/5499/5437 3110/5498/5436 3111/5500/5438
f 2338/5499/5437 3111/5500/5438 2339/5501/5439
f 2339/5501/5439 3111/5500/5438 3112/5502/5440
f 2339/5501/5439 3112/5502/5440 2340/5503/5441
f 2340/5503/5441 3112/5502/5440 3113/5504/5442
f 2340/5503/5441 3113/5504/5442 2341/5505/5443
f 2341/5505/5443 3113/5504/5442 3114/5506/5444
f 2341/5505/5443 3114/5506/5444 2342/5507/5445
f 2342/5507/5445 3114/5506/5444 3115/5508/5446
f 2342/5507/5445 3115/5508/5446 2343/5509/5447
f 2343/5509/5447 3115/5508/5446 3116/5510/5448
f 2343/5509/5447 3116/5510/5448 2344/5511/5449
f 2344/5511/5449 3116/5510/5448 3117/5512/5450
f 2344/5511/5449 3117/5512/5450 2345/5513/5451
f 2345/5513/5451 3117/5512/5450 3118/5514/5452
f 2345/5513/5451 3118/5514/5452 2346/5515/5453
f 2346/5515/5453 3118/5514/5452 3119/5516/5454
f 2346/5515/5453 3119/5516/5454 2347/5517/5455
f 2347/5517/5455 3119/5516/5454 3120/5518/5456
f 2347/5517/5455 3120/5518/5456 2348/5519/5457
f 2348/5519/5457 3120/5518/5456 3121/5520/5458
f 2348/5519/5457 3121/5520/5458 2349/5521/5459
f 2349/5521/5459 3121/5520/5458 3122/5522/5460
f 2349/5521/5459 3122/5522/5460 2350/5523/5461
f 2350/5523/5461 3122/5522/5460 3123/5524/5462
f 2350/5523/5461 3123/5524/5462 2351/5525/5463
f 2351/5525/5463 3123/5524/5462 2352/5526/5464
f 2352/5526/5464 3123/5524/5462 3124/5527/5465
f 2352/5526/5464 3124/5527/5465 2353/5528/5466
f 2353/5528/5466 3124/5527/5465 3032/5529/5467
f 2353/5528/5466 3032/5529/5467 3125/5530/5468
f 3125/5530/5468 3032/5529/5467 323/5531/5469
f 3125/5530/5468 323/5531/5469 3033/5532/5470
f 3033/5532/5470 323/5531/5469 322/5533/5471
f 3033/5532/5470 322/5533/5471 3126/5534/5472
f 3126/5534/5472 322/5533/5471 2357/5535/5473
f 3126/5534/5472 2357/5535/5473 2356/5536/5474
f 344/5486/5424 343/5537/5475 3105/5487/5425
f 3105/5487/5425 343/5537/5475 3106/5490/5428
f 343/5537/5475 342/5538/5476 3106/5490/5428
f 3106/5490/5428 342/5538/5476 3107/5492/5430
f 3107/5492/5430 342/5538/5476 3108/5494/5432
f 3108/5494/5432 342/5538/5476 341/5539/5477
f 3108/5494/5432 341/5539/5477 340/5540/5478
f 3108/5494/5432 340/5540/5478 3109/5496/5434
f 3109/5496/5434 340/5540/5478 339/5541/5479
f 3109/5496/5434 339/5541/5479 3110/5498/5436
f 3110/5498/5436 339/5541/5479 338/5542/5480
f 3110/5498/5436 338/5542/5480 3111/5500/5438
f 3111/5500/5438 338/5542/5480 3112/5502/5440
f 338/5542/5480 337/5543/5481 3112/5502/5440
f 3112/5502/5440 337/5543/5481 336/5544/5482
f 3112/5502/5440 336/5544/5482 3113/5504/5442
f 3113/5504/5442 336/5544/5482 335/5545/5483
f 3113/5504/5442 335/5545/5483 3114/5506/5444
f 3114/5506/5444 335/5545/5483 334/5546/5484
f 3114/5506/5444 334/5546/5484 3115/5508/5446
f 3115/5508/5446 334/5546/5484 333/5547/5485
f 3115/5508/5446 333/5547/5485 3116/5510/5448
f 3116/5510/5448 333/5547/5485 332/5548/5486
f 3116/5510/5448 332/5548/5486 3117/5512/5450
f 3117/5512/5450 332/5548/5486 331/5549/5487
f 3117/5512/5450 331/5549/5487 3118/5514/5452
f 3118/5514/5452 331/5549/5487 3119/5516/5454
f 331/5549/5487 330/5550/5488 3119/5516/5454
f 3119/5516/5454 330/5550/5488 3120/5518/5456
f 330/5550/5488 329/5551/5489 3120/5518/5456
f 3120/5518/5456 329/5551/5489 328/5552/5490
f 3120/5518/5456 328/5552/5490 3121/5520/5458
f 3121/5520/5458 328/5552/5490 327/5553/5491
f 3121/5520/5458 327/5553/5491 3122/5522/5460
f 3122/5522/5460 327/5553/5491 326/5554/5492
f 3122/5522/5460 326/5554/5492 3123/5524/5462
f 3123/5524/5462 326/5554/5492 3124/5527/5465
f 326/5554/5492 325/5555/5493 3124/5527/5465
f 3124/5527/5465 325/5555/5493 3032/5529/5467
f 325/5555/5493 324/5556/5494 3032/5529/5467
f 3032/5529/5467 324/5556/5494 323/5531/5469
f 2356/5536/5474 2355/5557/5495 3126/5534/5472
f 3126/5534/5472 2355/5557/5495 3033/5532/5470
f 2355/5557/5495 2354/5558/5496 3033/5532/5470
f 3033/5532/5470 2354/5558/5496 3125/5530/5468
f 2354/5558/5496 2353/5528/5466 3125/5530/5468
f 2332/5488/5426 2331/5559/5497 3104/5483/5421
f 3104/5483/5421 2331/5559/5497 3103/5484/5422
f 2331/5559/5497 2330/5485/5423 3103/5484/5422
f 2328/5474/5412 2327/5560/5498 3099/5472/5410
f 3099/5472/5410 2327/5560/5498 2326/5561/5499
f 3099/5472/5410 2326/5561/5499 3098/5470/5408
f 3098/5470/5408 2326/5561/5499 2325/5562/5500
f 3098/5470/5408 2325/5562/5500 3097/5467/5405
f 3097/5467/5405 2325/5562/5500 3096/5464/5402
f 2325/5562/5500 2324/5563/5501 3096/5464/5402
f 3096/5464/5402 2324/5563/5501 3095/5465/5403
f 2324/5563/5501 2323/5564/5502 3095/5465/5403
f 3095/5465/5403 2323/5564/5502 2322/5466/5404
f 2320/5455/5393 2319/5565/5503 3091/5453/5391
f 3091/5453/5391 2319/5565/5503 2318/5566/5504
f 3091/5453/5391 2318/5566/5504 3090/5451/5389
f 3090/5451/5389 2318/5566/5504 2317/5567/5505
f 3090/5451/5389 2317/5567/5505 3089/5422/5360
f 3089/5422/5360 2317/5567/5505 3088/5420/5358
f 2317/5567/5505 2316/5568/5506 3088/5420/5358
f 3088/5420/5358 2316/5568/5506 3087/5418/5356
f 2316/5568/5506 2315/5569/5507 3087/5418/5356
f 3087/5418/5356 2315/5569/5507 2314/5570/5508
f 3087/5418/5356 2314/5570/5508 3086/5416/5354
f 3086/5416/5354 2314/5570/5508 2313/5414/5352
f 2288/5365/5303 2287/5571/5509 3059/5363/5301
f 3059/5363/5301 2287/5571/5509 2286/5572/5510
f 3059/5363/5301 2286/5572/5510 3058/5361/5299
f 3058/5361/5299 2286/5572/5510 2285/5573/5511
f 3058/5361/5299 2285/5573/5511 3057/5358/5296
f 3057/5358/5296 2285/5573/5511 3056/5355/5293
f 2285/5573/5511 2284/5574/5512 3056/5355/5293
f 3056/5355/5293 2284/5574/5512 3055/5356/5294
f 2284/5574/5512 2283/5575/5513 3055/5356/5294
f 3055/5356/5294 2283/5575/5513 2282/5357/5295
f 2280/5346/5284 2279/5576/5514 3051/5344/5282
f 3051/5344/5282 2279/5576/5514 2278/5577/5515
f 3051/5344/5282 2278/5577/5515 3050/5342/5280
f 3050/5342/5280 2278/5577/5515 2277/5578/5516
f 3050/5342/5280 2277/5578/5516 3049/5333/5271
f 3049/5333/5271 2277/5578/5516 3048/5331/5269
f 2277/5578/5516 2276/5579/5517 3048/5331/5269
f 3048/5331/5269 2276/5579/5517 3047/5329/5267
f 2276/5579/5517 2275/5580/5518 3047/5329/5267
f 3047/5329/5267 2275/5580/5518 2274/5581/5519
f 3047/5329/5267 2274/5581/5519 3046/5327/5265
f 3046/5327/5265 2274/5581/5519 2273/5325/5263
f 2268/5316/5254 2267/5582/5520 3039/5314/5252
f 3039/5314/5252 2267/5582/5520 2266/5583/5521
f 3039/5314/5252 2266/5583/5521 3038/5312/5250
f 3038/5312/5250 2266/5583/5521 2265/5584/5522
f 3038/5312/5250 2265/5584/5522 3037/5310/5248
f 3037/5310/5248 2265/5584/5522 2264/5585/5523
f 3037/5310/5248 2264/5585/5523 3036/5307/5245
f 3036/5307/5245 2264/5585/5523 2263/5586/5524
f 3036/5307/5245 2263/5586/5524 3035/5305/5243
f 3035/5305/5243 2263/5586/5524 2262/5299/5237
f 3035/5305/5243 2262/5299/5237 3034/5301/5239
# 3126 vertices
# 5586 texture params
# 5524 normals
# 6268 facets

# 1 groups
