# WaveFront *.obj file (generated by Autodesk ATF)

mtllib body1_visual.mtl

g Body1

v -30.600000 4.235862 6.049438
v -30.600000 4.746986 5.657238
v -30.600000 5.221984 5.221984
v -30.600000 5.657238 4.746986
v -30.600000 6.049438 4.235862
v -30.650000 6.090395 4.264541
v -30.650000 5.695540 4.779126
v -30.650000 5.257339 5.257339
v -30.650000 4.779126 5.695540
v -30.650000 4.264541 6.090395
v -31.270000 -4.519908 5.001004
v -31.270000 -4.417597 4.905894
v -31.270000 -4.360630 4.778346
v -31.270000 -4.358084 4.638678
v -31.270000 -4.410363 4.509139
v -31.270000 -4.509139 4.410363
v -31.270000 -4.638678 4.358084
v -31.270000 -4.778346 4.360630
v -31.270000 -4.905894 4.417597
v -31.270000 -5.001004 4.519908
v -31.240000 -4.994142 4.524096
v -31.218038 -4.975397 4.535538
v -31.210000 -4.949791 4.551168
v -31.210000 -4.858931 4.458223
v -31.210000 -4.736598 4.414300
v -31.210000 -4.607367 4.428225
v -31.210000 -4.497199 4.497199
v -31.210000 -4.428225 4.607367
v -31.210000 -4.414300 4.736598
v -31.210000 -4.458223 4.858931
v -31.210000 -4.551168 4.949791
v -31.218038 -4.535538 4.975397
v -31.240000 -4.524096 4.994142
v -31.240000 -4.424134 4.901217
v -31.218038 -4.441996 4.888439
v -31.240000 -4.368477 4.776599
v -31.218038 -4.389913 4.771824
v -31.240000 -4.365988 4.640139
v -31.218038 -4.387585 4.644128
v -31.240000 -4.417067 4.513574
v -31.218038 -4.435382 4.525692
v -31.240000 -4.513574 4.417067
v -31.218038 -4.525692 4.435382
v -31.240000 -4.640139 4.365988
v -31.218038 -4.644128 4.387585
v -31.240000 -4.776599 4.368477
v -31.218038 -4.771824 4.389913
v -31.240000 -4.901217 4.424134
v -31.218038 -4.888439 4.441996
v -31.210000 -4.605004 4.996936
v -31.210000 -4.639883 5.059421
v -31.210000 -4.651755 5.129990
v -31.229856 -4.595971 5.188854
v -31.270000 -4.539954 5.242427
v -31.270000 -4.580657 5.185665
v -31.270000 -4.591243 5.116625
v -31.270000 -4.569416 5.050275
v -31.218038 -4.594947 5.034523
v -31.240000 -4.576257 5.046054
v -31.218038 -4.621140 5.114142
v -31.240000 -4.599254 5.115960
v -31.240000 -4.588101 5.188700
v -31.270000 -0.717166 6.702632
v -31.270000 -0.690299 6.565550
v -31.270000 -0.719183 6.428877
v -31.270000 -0.799217 6.314387
v -31.270000 -0.917653 6.240316
v -31.270000 -1.055624 6.218464
v -31.270000 -1.191152 6.252311
v -31.270000 -1.302649 6.336465
v -31.270000 -1.372353 6.457523
v -31.270000 -1.389162 6.596199
v -31.240000 -1.381149 6.595554
v -31.218038 -1.359258 6.593793
v -31.210000 -1.329355 6.591386
v -31.210000 -1.310480 6.462786
v -31.210000 -1.237328 6.355346
v -31.210000 -1.124593 6.290652
v -31.210000 -0.994923 6.281698
v -31.210000 -0.874367 6.330284
v -31.210000 -0.787141 6.426649
v -31.210000 -0.750770 6.551435
v -31.210000 -0.772559 6.679574
v -31.218038 -0.744862 6.691103
v -31.240000 -0.724587 6.699543
v -31.240000 -0.698337 6.565609
v -31.218038 -0.720298 6.565771
v -31.240000 -0.726558 6.432076
v -31.218038 -0.746706 6.440813
v -31.240000 -0.804754 6.320215
v -31.218038 -0.819880 6.336136
v -31.240000 -0.920469 6.247845
v -31.218038 -0.928165 6.268414
v -31.240000 -1.055272 6.226494
v -31.218038 -1.054310 6.248435
v -31.240000 -1.187687 6.259564
v -31.218038 -1.178221 6.279381
v -31.240000 -1.296623 6.341786
v -31.218038 -1.280161 6.356322
v -31.240000 -1.364727 6.460063
v -31.218038 -1.343891 6.467003
v -31.270000 3.368870 5.914386
v -31.270000 3.339635 5.784777
v -31.270000 3.264200 5.675403
v -31.270000 3.153435 5.602026
v -31.270000 3.023302 5.575219
v -31.270000 2.892554 5.598847
v -31.270000 2.780034 5.669503
v -31.270000 2.701956 5.777006
v -31.270000 2.669571 5.905864
v -31.270000 2.687547 6.037507
v -31.270000 2.753293 6.152966
v -31.240000 2.759396 6.147734
v -31.218038 2.776071 6.133442
v -31.210000 2.798849 6.113919
v -31.210000 2.740673 6.006517
v -31.210000 2.731879 5.884689
v -31.210000 2.774028 5.770046
v -31.210000 2.859642 5.682926
v -31.210000 2.973533 5.638786
v -31.210000 3.095496 5.645454
v -31.210000 3.203896 5.701749
v -31.210000 3.279500 5.797684
v -31.210000 3.308899 5.916239
v -31.218038 3.338884 5.915312
v -31.240000 3.360835 5.914634
v -31.240000 3.326170 5.774837
v -31.218038 3.306445 5.784493
v -31.240000 3.237018 5.661713
v -31.218038 3.223019 5.678634
v -31.240000 3.109196 5.595331
v -31.218038 3.103406 5.616516
v -31.240000 2.965380 5.587468
v -31.218038 2.968826 5.609157
v -31.240000 2.831082 5.639518
v -31.218038 2.843153 5.657864
v -31.240000 2.730128 5.742247
v -31.218038 2.748682 5.753996
v -31.240000 2.680427 5.877431
v -31.218038 2.702173 5.880499
v -31.240000 2.690796 6.021089
v -31.218038 2.711877 6.014930
v -31.270000 6.152966 2.753293
v -31.270000 6.037507 2.687547
v -31.270000 5.905864 2.669571
v -31.270000 5.777006 2.701956
v -31.270000 5.669503 2.780034
v -31.270000 5.598847 2.892554
v -31.270000 5.575219 3.023302
v -31.270000 5.602026 3.153435
v -31.270000 5.675403 3.264200
v -31.270000 5.784777 3.339635
v -31.270000 5.914386 3.368870
v -31.240000 5.914634 3.360835
v -31.218038 5.915312 3.338884
v -31.210000 5.916239 3.308899
v -31.210000 5.797684 3.279500
v -31.210000 5.701749 3.203896
v -31.210000 5.645454 3.095496
v -31.210000 5.638786 2.973533
v -31.210000 5.682926 2.859642
v -31.210000 5.770046 2.774028
v -31.210000 5.884689 2.731879
v -31.210000 6.006517 2.740673
v -31.210000 6.113919 2.798849
v -31.218038 6.133442 2.776071
v -31.240000 6.147734 2.759396
v -31.240000 6.021089 2.690796
v -31.218038 6.014930 2.711877
v -31.240000 5.877431 2.680427
v -31.218038 5.880499 2.702173
v -31.240000 5.742247 2.730128
v -31.218038 5.753996 2.748682
v -31.240000 5.639518 2.831082
v -31.218038 5.657864 2.843153
v -31.240000 5.587468 2.965380
v -31.218038 5.609157 2.968826
v -31.240000 5.595331 3.109196
v -31.218038 5.616516 3.103406
v -31.240000 5.661713 3.237018
v -31.218038 5.678634 3.223019
v -31.240000 5.774837 3.326170
v -31.218038 5.784493 3.306445
v -31.270000 6.596199 -1.389162
v -31.270000 6.457523 -1.372353
v -31.270000 6.336465 -1.302649
v -31.270000 6.252311 -1.191152
v -31.270000 6.218464 -1.055624
v -31.270000 6.240316 -0.917653
v -31.270000 6.314387 -0.799217
v -31.270000 6.428877 -0.719183
v -31.270000 6.565550 -0.690299
v -31.270000 6.702632 -0.717166
v -31.240000 6.699543 -0.724587
v -31.218038 6.691103 -0.744862
v -31.210000 6.679574 -0.772559
v -31.210000 6.551435 -0.750770
v -31.210000 6.426649 -0.787141
v -31.210000 6.330284 -0.874367
v -31.210000 6.281698 -0.994923
v -31.210000 6.290652 -1.124593
v -31.210000 6.355346 -1.237328
v -31.210000 6.462786 -1.310480
v -31.210000 6.591386 -1.329355
v -31.218038 6.593793 -1.359258
v -31.240000 6.595554 -1.381149
v -31.240000 6.460063 -1.364727
v -31.218038 6.467003 -1.343891
v -31.240000 6.341786 -1.296623
v -31.218038 6.356322 -1.280161
v -31.240000 6.259564 -1.187687
v -31.218038 6.279381 -1.178221
v -31.240000 6.226494 -1.055272
v -31.218038 6.248435 -1.054310
v -31.240000 6.247845 -0.920469
v -31.218038 6.268414 -0.928165
v -31.240000 6.320215 -0.804754
v -31.218038 6.336136 -0.819880
v -31.240000 6.432076 -0.726558
v -31.218038 6.440813 -0.746706
v -31.240000 6.565609 -0.698337
v -31.218038 6.565771 -0.720298
v -31.270000 4.519908 -5.001004
v -31.270000 4.417597 -4.905894
v -31.270000 4.360630 -4.778346
v -31.270000 4.358084 -4.638678
v -31.270000 4.410363 -4.509139
v -31.270000 4.509139 -4.410363
v -31.270000 4.638678 -4.358084
v -31.270000 4.778346 -4.360630
v -31.270000 4.905894 -4.417597
v -31.270000 5.001004 -4.519908
v -31.240000 4.994142 -4.524096
v -31.218038 4.975397 -4.535538
v -31.210000 4.949791 -4.551168
v -31.210000 4.858931 -4.458223
v -31.210000 4.736598 -4.414300
v -31.210000 4.607367 -4.428225
v -31.210000 4.497199 -4.497199
v -31.210000 4.428225 -4.607367
v -31.210000 4.414300 -4.736598
v -31.210000 4.458223 -4.858931
v -31.210000 4.551168 -4.949791
v -31.218038 4.535538 -4.975397
v -31.240000 4.524096 -4.994142
v -31.240000 4.424134 -4.901217
v -31.218038 4.441996 -4.888439
v -31.240000 4.368477 -4.776599
v -31.218038 4.389913 -4.771824
v -31.240000 4.365988 -4.640139
v -31.218038 4.387585 -4.644128
v -31.240000 4.417067 -4.513574
v -31.218038 4.435382 -4.525692
v -31.240000 4.513574 -4.417067
v -31.218038 4.525692 -4.435382
v -31.240000 4.640139 -4.365988
v -31.218038 4.644128 -4.387585
v -31.240000 4.776599 -4.368477
v -31.218038 4.771824 -4.389913
v -31.240000 4.901217 -4.424134
v -31.218038 4.888439 -4.441996
v -31.210000 5.129990 -4.651755
v -31.210000 5.059421 -4.639883
v -31.210000 4.996936 -4.605004
v -31.270000 5.050275 -4.569416
v -31.270000 5.116625 -4.591243
v -31.270000 5.185665 -4.580657
v -31.270000 5.242427 -4.539954
v -31.229856 5.188854 -4.595971
v -31.218038 5.114142 -4.621140
v -31.240000 5.115960 -4.599254
v -31.240000 5.188700 -4.588101
v -31.218038 5.034523 -4.594947
v -31.240000 5.046054 -4.576257
v -31.210000 1.416016 -6.778682
v -31.210000 1.365903 -6.727597
v -31.210000 1.335853 -6.662652
v -31.210000 1.329355 -6.591386
v -31.218038 1.359258 -6.593793
v -31.240000 1.381149 -6.595554
v -31.270000 1.389162 -6.596199
v -31.270000 1.399923 -6.665212
v -31.270000 1.440772 -6.721870
v -31.270000 1.502849 -6.753887
v -31.270000 1.572695 -6.754321
v -31.229856 1.496427 -6.768150
v -31.218038 1.421190 -6.744598
v -31.240000 1.435525 -6.727960
v -31.240000 1.500929 -6.761693
v -31.218038 1.372172 -6.676609
v -31.240000 1.392488 -6.668266
v -31.270000 -2.697754 -6.388768
v -31.237903 -2.752050 -6.363229
v -31.210000 -2.838828 -6.316382
v -31.210000 -2.849344 -6.245598
v -31.210000 -2.835481 -6.175393
v -31.210000 -2.798849 -6.113919
v -31.218038 -2.776071 -6.133442
v -31.240000 -2.759396 -6.147734
v -31.270000 -2.753293 -6.152966
v -31.270000 -2.785152 -6.215124
v -31.270000 -2.785407 -6.284971
v -31.270000 -2.754005 -6.347362
v -31.240000 -2.760147 -6.352548
v -31.218038 -2.814608 -6.291849
v -31.240000 -2.793232 -6.286814
v -31.218038 -2.814301 -6.208033
v -31.240000 -2.792962 -6.213224
v -31.210000 -6.316382 -2.838828
v -31.229856 -6.355126 -2.767584
v -31.270000 -6.388768 -2.697754
v -31.270000 -6.347362 -2.754005
v -31.270000 -6.284971 -2.785407
v -31.270000 -6.215124 -2.785152
v -31.270000 -6.152966 -2.753293
v -31.240000 -6.147734 -2.759396
v -31.218038 -6.133442 -2.776071
v -31.210000 -6.113919 -2.798849
v -31.210000 -6.175393 -2.835481
v -31.210000 -6.245598 -2.849344
v -31.240000 -6.286814 -2.793232
v -31.218038 -6.291849 -2.814608
v -31.240000 -6.352548 -2.760147
v -31.240000 -6.213224 -2.792962
v -31.218038 -6.208033 -2.814301
v -31.210000 -6.591386 1.329355
v -31.210000 -6.662652 1.335853
v -31.210000 -6.727597 1.365903
v -31.210000 -6.778682 1.416016
v -31.229856 -6.768150 1.496427
v -31.270000 -6.754321 1.572695
v -31.270000 -6.753887 1.502849
v -31.270000 -6.721870 1.440772
v -31.270000 -6.665212 1.399923
v -31.270000 -6.596199 1.389162
v -31.240000 -6.595554 1.381149
v -31.218038 -6.593793 1.359258
v -31.218038 -6.676609 1.372172
v -31.240000 -6.668266 1.392488
v -31.218038 -6.744598 1.421190
v -31.240000 -6.727960 1.435525
v -31.240000 -6.761693 1.500929
v -31.600000 5.086359 -4.467808
v -31.600000 5.102783 -4.484310
v -31.600000 5.124899 -4.491586
v -31.600000 5.147913 -4.488057
v -31.600000 5.166834 -4.474489
v -31.500000 5.242427 -4.539954
v -31.500000 5.185665 -4.580657
v -31.500000 5.116625 -4.591243
v -31.500000 5.050275 -4.569416
v -31.500000 5.001004 -4.519908
v -31.500000 4.905894 -4.417597
v -31.500000 4.778346 -4.360630
v -31.500000 4.638678 -4.358084
v -31.500000 4.509139 -4.410363
v -31.500000 4.410363 -4.509139
v -31.500000 4.358084 -4.638678
v -31.500000 4.360630 -4.778346
v -31.500000 4.417597 -4.905894
v -31.500000 4.519908 -5.001004
v -31.600000 4.467808 -5.086359
v -31.600000 4.347077 -4.978566
v -31.600000 4.272292 -4.835030
v -31.600000 4.253128 -4.674319
v -31.600000 4.292064 -4.517222
v -31.600000 4.384062 -4.384062
v -31.600000 4.517222 -4.292064
v -31.600000 4.674319 -4.253128
v -31.600000 4.835030 -4.272292
v -31.600000 4.978566 -4.347077
v -31.600000 1.488840 -6.604219
v -31.600000 1.492427 -6.627224
v -31.600000 1.506043 -6.646110
v -31.600000 1.526735 -6.656782
v -31.600000 1.550017 -6.656927
v -31.500000 1.572695 -6.754321
v -31.500000 1.502849 -6.753887
v -31.500000 1.440772 -6.721870
v -31.500000 1.399923 -6.665212
v -31.500000 1.389162 -6.596199
v -31.500000 1.372353 -6.457523
v -31.500000 1.302649 -6.336465
v -31.500000 1.191152 -6.252311
v -31.500000 1.055624 -6.218464
v -31.500000 0.917653 -6.240316
v -31.500000 0.799217 -6.314387
v -31.500000 0.719183 -6.428877
v -31.500000 0.690299 -6.565550
v -31.500000 0.717166 -6.702632
v -31.600000 0.624845 -6.741062
v -31.600000 0.590531 -6.582892
v -31.600000 0.614398 -6.422812
v -31.600000 0.693358 -6.281529
v -31.600000 0.817196 -6.177321
v -31.600000 0.969894 -6.123668
v -31.600000 1.131698 -6.127509
v -31.600000 1.281677 -6.188349
v -31.600000 1.400431 -6.298316
v -31.600000 1.472597 -6.443187
v -31.600000 -2.677366 -6.218043
v -31.600000 -2.687986 -6.238763
v -31.600000 -2.688071 -6.262045
v -31.600000 -2.677603 -6.282842
v -31.600000 -2.658853 -6.296644
v -31.500000 -2.697754 -6.388768
v -31.500000 -2.754005 -6.347362
v -31.500000 -2.785407 -6.284971
v -31.500000 -2.785152 -6.215124
v -31.500000 -2.753293 -6.152966
v -31.500000 -2.687547 -6.037507
v -31.500000 -2.669571 -5.905864
v -31.500000 -2.701956 -5.777006
v -31.500000 -2.780034 -5.669503
v -31.500000 -2.892554 -5.598847
v -31.500000 -3.023302 -5.575219
v -31.500000 -3.153435 -5.602026
v -31.500000 -3.264200 -5.675403
v -31.500000 -3.339635 -5.784777
v -31.500000 -3.368870 -5.914386
v -31.600000 -3.468822 -5.911298
v -31.600000 -3.437253 -5.759076
v -31.600000 -3.355771 -5.626680
v -31.600000 -3.234099 -5.529911
v -31.600000 -3.086760 -5.480319
v -31.600000 -2.931339 -5.483822
v -31.600000 -2.786384 -5.540002
v -31.600000 -2.669195 -5.642154
v -31.600000 -2.593761 -5.778087
v -31.600000 -2.569082 -5.931577
v -31.600000 -2.598105 -6.084305
v -31.600000 -4.474489 5.166834
v -31.600000 -4.488057 5.147913
v -31.600000 -4.491586 5.124899
v -31.600000 -4.484310 5.102783
v -31.600000 -4.467808 5.086359
v -31.500000 -4.519908 5.001004
v -31.500000 -4.569416 5.050275
v -31.500000 -4.591243 5.116625
v -31.500000 -4.580657 5.185665
v -31.500000 -4.539954 5.242427
v -31.500000 -5.001004 4.519908
v -31.500000 -4.905894 4.417597
v -31.500000 -4.778346 4.360630
v -31.500000 -4.638678 4.358084
v -31.500000 -4.509139 4.410363
v -31.500000 -4.410363 4.509139
v -31.500000 -4.358084 4.638678
v -31.500000 -4.360630 4.778346
v -31.500000 -4.417597 4.905894
v -31.600000 -4.347077 4.978566
v -31.600000 -4.272292 4.835030
v -31.600000 -4.253128 4.674319
v -31.600000 -4.292064 4.517222
v -31.600000 -4.384062 4.384062
v -31.600000 -4.517222 4.292064
v -31.600000 -4.674319 4.253128
v -31.600000 -4.835030 4.272292
v -31.600000 -4.978566 4.347077
v -31.600000 -5.086359 4.467808
v -31.600000 -6.008480 -4.207183
v -31.600000 -5.618936 -4.714847
v -31.600000 -5.186628 -5.186628
v -31.600000 -4.714847 -5.618936
v -31.600000 -4.207183 -6.008480
v -31.500000 -4.264541 -6.090395
v -31.500000 -4.779126 -5.695540
v -31.500000 -5.257339 -5.257339
v -31.500000 -5.695540 -4.779126
v -31.500000 -6.090395 -4.264541
v -31.600000 -6.656927 1.550017
v -31.600000 -6.656782 1.526735
v -31.600000 -6.646110 1.506043
v -31.600000 -6.627224 1.492427
v -31.600000 -6.604219 1.488840
v -31.500000 -6.596199 1.389162
v -31.500000 -6.665212 1.399923
v -31.500000 -6.721870 1.440772
v -31.500000 -6.753887 1.502849
v -31.500000 -6.754321 1.572695
v -31.500000 -6.702632 0.717166
v -31.500000 -6.565550 0.690299
v -31.500000 -6.428877 0.719183
v -31.500000 -6.314387 0.799217
v -31.500000 -6.240316 0.917653
v -31.500000 -6.218464 1.055624
v -31.500000 -6.252311 1.191152
v -31.500000 -6.336465 1.302649
v -31.500000 -6.457523 1.372353
v -31.600000 -6.443187 1.472597
v -31.600000 -6.298316 1.400431
v -31.600000 -6.188349 1.281677
v -31.600000 -6.127509 1.131698
v -31.600000 -6.123668 0.969894
v -31.600000 -6.177321 0.817196
v -31.600000 -6.281529 0.693358
v -31.600000 -6.422812 0.614398
v -31.600000 -6.582892 0.590531
v -31.600000 -6.741062 0.624845
v -31.500000 -5.914386 -3.368870
v -31.500000 -5.784777 -3.339635
v -31.500000 -5.675403 -3.264200
v -31.500000 -5.602026 -3.153435
v -31.500000 -5.575219 -3.023302
v -31.500000 -5.598847 -2.892554
v -31.500000 -5.669503 -2.780034
v -31.500000 -5.777006 -2.701956
v -31.500000 -5.905864 -2.669571
v -31.500000 -6.037507 -2.687547
v -31.500000 -6.152966 -2.753293
v -31.600000 -6.218043 -2.677366
v -31.600000 -6.084305 -2.598105
v -31.600000 -5.931577 -2.569082
v -31.600000 -5.778087 -2.593761
v -31.600000 -5.642154 -2.669195
v -31.600000 -5.540002 -2.786384
v -31.600000 -5.483822 -2.931339
v -31.600000 -5.480319 -3.086760
v -31.600000 -5.529911 -3.234099
v -31.600000 -5.626680 -3.355771
v -31.600000 -5.759076 -3.437253
v -31.600000 -5.911298 -3.468822
v -31.600000 -6.296644 -2.658853
v -31.600000 -6.282842 -2.677603
v -31.600000 -6.262045 -2.688071
v -31.600000 -6.238763 -2.687986
v -31.500000 -6.215124 -2.785152
v -31.500000 -6.284971 -2.785407
v -31.500000 -6.347362 -2.754005
v -31.500000 -6.388768 -2.697754
v -31.270000 6.215124 2.785152
v -31.270000 6.284971 2.785407
v -31.270000 6.347362 2.754005
v -31.270000 6.388768 2.697754
v -31.500000 6.388768 2.697754
v -31.500000 6.347362 2.754005
v -31.500000 6.284971 2.785407
v -31.500000 6.215124 2.785152
v -31.500000 6.152966 2.753293
v -31.270000 6.665212 -1.399923
v -31.270000 6.721870 -1.440772
v -31.270000 6.753887 -1.502849
v -31.270000 6.754321 -1.572695
v -31.500000 6.754321 -1.572695
v -31.500000 6.753887 -1.502849
v -31.500000 6.721870 -1.440772
v -31.500000 6.665212 -1.399923
v -31.500000 6.596199 -1.389162
v -31.270000 4.569416 -5.050275
v -31.270000 4.591243 -5.116625
v -31.270000 4.580657 -5.185665
v -31.270000 4.539954 -5.242427
v -31.500000 4.539954 -5.242427
v -31.500000 4.580657 -5.185665
v -31.500000 4.591243 -5.116625
v -31.500000 4.569416 -5.050275
v -30.610000 0.923617 -6.684800
v -30.610000 0.880911 -6.610833
v -30.610000 0.880911 -6.525422
v -30.610000 0.923617 -6.451455
v -30.610000 0.997584 -6.408750
v -30.610000 1.082994 -6.408750
v -30.610000 1.156962 -6.451455
v -30.610000 1.199667 -6.525422
v -30.610000 1.199667 -6.610833
v -30.610000 1.156962 -6.684800
v -30.610000 1.082994 -6.727505
v -30.610000 0.997584 -6.727505
v -30.600000 0.916546 -6.691871
v -30.600000 0.994996 -6.737164
v -30.600000 1.085583 -6.737164
v -30.600000 1.164033 -6.691871
v -30.600000 1.209326 -6.613421
v -30.600000 1.209326 -6.522834
v -30.600000 1.164033 -6.444384
v -30.600000 1.085583 -6.399090
v -30.600000 0.994996 -6.399090
v -30.600000 0.916546 -6.444384
v -30.600000 0.871252 -6.522834
v -30.600000 0.871252 -6.613421
v -31.200000 1.156962 -6.451455
v -31.200000 1.082994 -6.408750
v -31.200000 0.997584 -6.408750
v -31.200000 0.923617 -6.451455
v -31.200000 0.880911 -6.525422
v -31.200000 0.880911 -6.610833
v -31.200000 0.923617 -6.684800
v -31.200000 0.997584 -6.727505
v -31.200000 1.082994 -6.727505
v -31.200000 1.156962 -6.684800
v -31.200000 1.199667 -6.610833
v -31.200000 1.199667 -6.525422
v -31.210000 1.164033 -6.444384
v -31.210000 1.209326 -6.522834
v -31.210000 1.209326 -6.613421
v -31.210000 1.164033 -6.691871
v -31.210000 1.085583 -6.737164
v -31.210000 0.994996 -6.737164
v -31.210000 0.916546 -6.691871
v -31.210000 0.871252 -6.613421
v -31.210000 0.871252 -6.522834
v -31.210000 0.916546 -6.444384
v -31.210000 0.994996 -6.399090
v -31.210000 1.085583 -6.399090
v -30.610000 -3.135709 -6.041866
v -30.610000 -3.178415 -5.967899
v -30.610000 -3.178415 -5.882488
v -30.610000 -3.135709 -5.808521
v -30.610000 -3.061742 -5.765816
v -30.610000 -2.976332 -5.765816
v -30.610000 -2.902364 -5.808521
v -30.610000 -2.859659 -5.882488
v -30.610000 -2.859659 -5.967899
v -30.610000 -2.902364 -6.041866
v -30.610000 -2.976332 -6.084571
v -30.610000 -3.061742 -6.084571
v -30.600000 -3.142781 -6.048937
v -30.600000 -3.064330 -6.094230
v -30.600000 -2.973743 -6.094230
v -30.600000 -2.895293 -6.048937
v -30.600000 -2.850000 -5.970487
v -30.600000 -2.850000 -5.879900
v -30.600000 -2.895293 -5.801450
v -30.600000 -2.973743 -5.756156
v -30.600000 -3.064330 -5.756156
v -30.600000 -3.142781 -5.801450
v -30.600000 -3.188074 -5.879900
v -30.600000 -3.188074 -5.970487
v -31.200000 -2.902364 -5.808521
v -31.200000 -2.976332 -5.765816
v -31.200000 -3.061742 -5.765816
v -31.200000 -3.135709 -5.808521
v -31.200000 -3.178415 -5.882488
v -31.200000 -3.178415 -5.967899
v -31.200000 -3.135709 -6.041866
v -31.200000 -3.061742 -6.084571
v -31.200000 -2.976332 -6.084571
v -31.200000 -2.902364 -6.041866
v -31.200000 -2.859659 -5.967899
v -31.200000 -2.859659 -5.882488
v -31.210000 -2.895293 -5.801450
v -31.210000 -2.850000 -5.879900
v -31.210000 -2.850000 -5.970487
v -31.210000 -2.895293 -6.048937
v -31.210000 -2.973743 -6.094230
v -31.210000 -3.064330 -6.094230
v -31.210000 -3.142781 -6.048937
v -31.210000 -3.188074 -5.970487
v -31.210000 -3.188074 -5.879900
v -31.210000 -3.142781 -5.801450
v -31.210000 -3.064330 -5.756156
v -31.210000 -2.973743 -5.756156
v -30.610000 -6.041866 -3.135709
v -30.610000 -6.084571 -3.061742
v -30.610000 -6.084571 -2.976332
v -30.610000 -6.041866 -2.902364
v -30.610000 -5.967899 -2.859659
v -30.610000 -5.882488 -2.859659
v -30.610000 -5.808521 -2.902364
v -30.610000 -5.765816 -2.976332
v -30.610000 -5.765816 -3.061742
v -30.610000 -5.808521 -3.135709
v -30.610000 -5.882488 -3.178415
v -30.610000 -5.967899 -3.178415
v -30.600000 -6.048937 -3.142781
v -30.600000 -5.970487 -3.188074
v -30.600000 -5.879900 -3.188074
v -30.600000 -5.801450 -3.142781
v -30.600000 -5.756156 -3.064330
v -30.600000 -5.756156 -2.973743
v -30.600000 -5.801450 -2.895293
v -30.600000 -5.879900 -2.850000
v -30.600000 -5.970487 -2.850000
v -30.600000 -6.048937 -2.895293
v -30.600000 -6.094230 -2.973743
v -30.600000 -6.094230 -3.064330
v -31.200000 -5.808521 -2.902364
v -31.200000 -5.882488 -2.859659
v -31.200000 -5.967899 -2.859659
v -31.200000 -6.041866 -2.902364
v -31.200000 -6.084571 -2.976332
v -31.200000 -6.084571 -3.061742
v -31.200000 -6.041866 -3.135709
v -31.200000 -5.967899 -3.178415
v -31.200000 -5.882488 -3.178415
v -31.200000 -5.808521 -3.135709
v -31.200000 -5.765816 -3.061742
v -31.200000 -5.765816 -2.976332
v -31.210000 -5.801450 -2.895293
v -31.210000 -5.756156 -2.973743
v -31.210000 -5.756156 -3.064330
v -31.210000 -5.801450 -3.142781
v -31.210000 -5.879900 -3.188074
v -31.210000 -5.970487 -3.188074
v -31.210000 -6.048937 -3.142781
v -31.210000 -6.094230 -3.064330
v -31.210000 -6.094230 -2.973743
v -31.210000 -6.048937 -2.895293
v -31.210000 -5.970487 -2.850000
v -31.210000 -5.879900 -2.850000
v -30.610000 -6.684800 0.923617
v -30.610000 -6.727505 0.997584
v -30.610000 -6.727505 1.082994
v -30.610000 -6.684800 1.156962
v -30.610000 -6.610833 1.199667
v -30.610000 -6.525422 1.199667
v -30.610000 -6.451455 1.156962
v -30.610000 -6.408750 1.082994
v -30.610000 -6.408750 0.997584
v -30.610000 -6.451455 0.923617
v -30.610000 -6.525422 0.880911
v -30.610000 -6.610833 0.880911
v -30.600000 -6.691871 0.916546
v -30.600000 -6.613421 0.871252
v -30.600000 -6.522834 0.871252
v -30.600000 -6.444384 0.916546
v -30.600000 -6.399090 0.994996
v -30.600000 -6.399090 1.085583
v -30.600000 -6.444384 1.164033
v -30.600000 -6.522834 1.209326
v -30.600000 -6.613421 1.209326
v -30.600000 -6.691871 1.164033
v -30.600000 -6.737164 1.085583
v -30.600000 -6.737164 0.994996
v -31.200000 -6.451455 1.156962
v -31.200000 -6.525422 1.199667
v -31.200000 -6.610833 1.199667
v -31.200000 -6.684800 1.156962
v -31.200000 -6.727505 1.082994
v -31.200000 -6.727505 0.997584
v -31.200000 -6.684800 0.923617
v -31.200000 -6.610833 0.880911
v -31.200000 -6.525422 0.880911
v -31.200000 -6.451455 0.923617
v -31.200000 -6.408750 0.997584
v -31.200000 -6.408750 1.082994
v -31.210000 -6.444384 1.164033
v -31.210000 -6.399090 1.085583
v -31.210000 -6.399090 0.994996
v -31.210000 -6.444384 0.916546
v -31.210000 -6.522834 0.871252
v -31.210000 -6.613421 0.871252
v -31.210000 -6.691871 0.916546
v -31.210000 -6.737164 0.994996
v -31.210000 -6.737164 1.085583
v -31.210000 -6.691871 1.164033
v -31.210000 -6.613421 1.209326
v -31.210000 -6.522834 1.209326
v -30.610000 -4.818933 4.585587
v -30.610000 -4.861638 4.659555
v -30.610000 -4.861638 4.744965
v -30.610000 -4.818933 4.818933
v -30.610000 -4.744965 4.861638
v -30.610000 -4.659555 4.861638
v -30.610000 -4.585587 4.818933
v -30.610000 -4.542882 4.744965
v -30.610000 -4.542882 4.659555
v -30.610000 -4.585587 4.585587
v -30.610000 -4.659555 4.542882
v -30.610000 -4.744965 4.542882
v -30.600000 -4.826004 4.578516
v -30.600000 -4.747553 4.533223
v -30.600000 -4.656967 4.533223
v -30.600000 -4.578516 4.578516
v -30.600000 -4.533223 4.656967
v -30.600000 -4.533223 4.747553
v -30.600000 -4.578516 4.826004
v -30.600000 -4.656967 4.871297
v -30.600000 -4.747553 4.871297
v -30.600000 -4.826004 4.826004
v -30.600000 -4.871297 4.747553
v -30.600000 -4.871297 4.656967
v -31.200000 -4.585587 4.818933
v -31.200000 -4.659555 4.861638
v -31.200000 -4.744965 4.861638
v -31.200000 -4.818933 4.818933
v -31.200000 -4.861638 4.744965
v -31.200000 -4.861638 4.659555
v -31.200000 -4.818933 4.585587
v -31.200000 -4.744965 4.542882
v -31.200000 -4.659555 4.542882
v -31.200000 -4.585587 4.585587
v -31.200000 -4.542882 4.659555
v -31.200000 -4.542882 4.744965
v -31.210000 -4.578516 4.826004
v -31.210000 -4.533223 4.747553
v -31.210000 -4.533223 4.656967
v -31.210000 -4.578516 4.578516
v -31.210000 -4.656967 4.533223
v -31.210000 -4.747553 4.533223
v -31.210000 -4.826004 4.578516
v -31.210000 -4.871297 4.656967
v -31.210000 -4.871297 4.747553
v -31.210000 -4.826004 4.826004
v -31.210000 -4.747553 4.871297
v -31.210000 -4.656967 4.871297
v -30.610000 -1.156962 6.451455
v -30.610000 -1.199667 6.525422
v -30.610000 -1.199667 6.610833
v -30.610000 -1.156962 6.684800
v -30.610000 -1.082994 6.727505
v -30.610000 -0.997584 6.727505
v -30.610000 -0.923617 6.684800
v -30.610000 -0.880911 6.610833
v -30.610000 -0.880911 6.525422
v -30.610000 -0.923617 6.451455
v -30.610000 -0.997584 6.408750
v -30.610000 -1.082994 6.408750
v -30.600000 -1.164033 6.444384
v -30.600000 -1.085583 6.399090
v -30.600000 -0.994996 6.399090
v -30.600000 -0.916546 6.444384
v -30.600000 -0.871252 6.522834
v -30.600000 -0.871252 6.613421
v -30.600000 -0.916546 6.691871
v -30.600000 -0.994996 6.737164
v -30.600000 -1.085583 6.737164
v -30.600000 -1.164033 6.691871
v -30.600000 -1.209326 6.613421
v -30.600000 -1.209326 6.522834
v -31.200000 -0.923617 6.684800
v -31.200000 -0.997584 6.727505
v -31.200000 -1.082994 6.727505
v -31.200000 -1.156962 6.684800
v -31.200000 -1.199667 6.610833
v -31.200000 -1.199667 6.525422
v -31.200000 -1.156962 6.451455
v -31.200000 -1.082994 6.408750
v -31.200000 -0.997584 6.408750
v -31.200000 -0.923617 6.451455
v -31.200000 -0.880911 6.525422
v -31.200000 -0.880911 6.610833
v -31.210000 -0.916546 6.691871
v -31.210000 -0.871252 6.613421
v -31.210000 -0.871252 6.522834
v -31.210000 -0.916546 6.444384
v -31.210000 -0.994996 6.399090
v -31.210000 -1.085583 6.399090
v -31.210000 -1.164033 6.444384
v -31.210000 -1.209326 6.522834
v -31.210000 -1.209326 6.613421
v -31.210000 -1.164033 6.691871
v -31.210000 -1.085583 6.737164
v -31.210000 -0.994996 6.737164
v -30.610000 2.902364 5.808521
v -30.610000 2.859659 5.882488
v -30.610000 2.859659 5.967899
v -30.610000 2.902364 6.041866
v -30.610000 2.976332 6.084571
v -30.610000 3.061742 6.084571
v -30.610000 3.135709 6.041866
v -30.610000 3.178415 5.967899
v -30.610000 3.178415 5.882488
v -30.610000 3.135709 5.808521
v -30.610000 3.061742 5.765816
v -30.610000 2.976332 5.765816
v -30.600000 2.895293 5.801450
v -30.600000 2.973743 5.756156
v -30.600000 3.064330 5.756156
v -30.600000 3.142781 5.801450
v -30.600000 3.188074 5.879900
v -30.600000 3.188074 5.970487
v -30.600000 3.142781 6.048937
v -30.600000 3.064330 6.094230
v -30.600000 2.973743 6.094230
v -30.600000 2.895293 6.048937
v -30.600000 2.850000 5.970487
v -30.600000 2.850000 5.879900
v -31.200000 3.135709 6.041866
v -31.200000 3.061742 6.084571
v -31.200000 2.976332 6.084571
v -31.200000 2.902364 6.041866
v -31.200000 2.859659 5.967899
v -31.200000 2.859659 5.882488
v -31.200000 2.902364 5.808521
v -31.200000 2.976332 5.765816
v -31.200000 3.061742 5.765816
v -31.200000 3.135709 5.808521
v -31.200000 3.178415 5.882488
v -31.200000 3.178415 5.967899
v -31.210000 3.142781 6.048937
v -31.210000 3.188074 5.970487
v -31.210000 3.188074 5.879900
v -31.210000 3.142781 5.801450
v -31.210000 3.064330 5.756156
v -31.210000 2.973743 5.756156
v -31.210000 2.895293 5.801450
v -31.210000 2.850000 5.879900
v -31.210000 2.850000 5.970487
v -31.210000 2.895293 6.048937
v -31.210000 2.973743 6.094230
v -31.210000 3.064330 6.094230
v -30.610000 5.808521 2.902364
v -30.610000 5.765816 2.976332
v -30.610000 5.765816 3.061742
v -30.610000 5.808521 3.135709
v -30.610000 5.882488 3.178415
v -30.610000 5.967899 3.178415
v -30.610000 6.041866 3.135709
v -30.610000 6.084571 3.061742
v -30.610000 6.084571 2.976332
v -30.610000 6.041866 2.902364
v -30.610000 5.967899 2.859659
v -30.610000 5.882488 2.859659
v -30.600000 5.801450 2.895293
v -30.600000 5.879900 2.850000
v -30.600000 5.970487 2.850000
v -30.600000 6.048937 2.895293
v -30.600000 6.094230 2.973743
v -30.600000 6.094230 3.064330
v -30.600000 6.048937 3.142781
v -30.600000 5.970487 3.188074
v -30.600000 5.879900 3.188074
v -30.600000 5.801450 3.142781
v -30.600000 5.756156 3.064330
v -30.600000 5.756156 2.973743
v -31.200000 6.041866 3.135709
v -31.200000 5.967899 3.178415
v -31.200000 5.882488 3.178415
v -31.200000 5.808521 3.135709
v -31.200000 5.765816 3.061742
v -31.200000 5.765816 2.976332
v -31.200000 5.808521 2.902364
v -31.200000 5.882488 2.859659
v -31.200000 5.967899 2.859659
v -31.200000 6.041866 2.902364
v -31.200000 6.084571 2.976332
v -31.200000 6.084571 3.061742
v -31.210000 6.048937 3.142781
v -31.210000 6.094230 3.064330
v -31.210000 6.094230 2.973743
v -31.210000 6.048937 2.895293
v -31.210000 5.970487 2.850000
v -31.210000 5.879900 2.850000
v -31.210000 5.801450 2.895293
v -31.210000 5.756156 2.973743
v -31.210000 5.756156 3.064330
v -31.210000 5.801450 3.142781
v -31.210000 5.879900 3.188074
v -31.210000 5.970487 3.188074
v -30.610000 6.451455 -1.156962
v -30.610000 6.408750 -1.082994
v -30.610000 6.408750 -0.997584
v -30.610000 6.451455 -0.923617
v -30.610000 6.525422 -0.880911
v -30.610000 6.610833 -0.880911
v -30.610000 6.684800 -0.923617
v -30.610000 6.727505 -0.997584
v -30.610000 6.727505 -1.082994
v -30.610000 6.684800 -1.156962
v -30.610000 6.610833 -1.199667
v -30.610000 6.525422 -1.199667
v -30.600000 6.444384 -1.164033
v -30.600000 6.522834 -1.209326
v -30.600000 6.613421 -1.209326
v -30.600000 6.691871 -1.164033
v -30.600000 6.737164 -1.085583
v -30.600000 6.737164 -0.994996
v -30.600000 6.691871 -0.916546
v -30.600000 6.613421 -0.871252
v -30.600000 6.522834 -0.871252
v -30.600000 6.444384 -0.916546
v -30.600000 6.399090 -0.994996
v -30.600000 6.399090 -1.085583
v -31.200000 6.684800 -0.923617
v -31.200000 6.610833 -0.880911
v -31.200000 6.525422 -0.880911
v -31.200000 6.451455 -0.923617
v -31.200000 6.408750 -0.997584
v -31.200000 6.408750 -1.082994
v -31.200000 6.451455 -1.156962
v -31.200000 6.525422 -1.199667
v -31.200000 6.610833 -1.199667
v -31.200000 6.684800 -1.156962
v -31.200000 6.727505 -1.082994
v -31.200000 6.727505 -0.997584
v -31.210000 6.691871 -0.916546
v -31.210000 6.737164 -0.994996
v -31.210000 6.737164 -1.085583
v -31.210000 6.691871 -1.164033
v -31.210000 6.613421 -1.209326
v -31.210000 6.522834 -1.209326
v -31.210000 6.444384 -1.164033
v -31.210000 6.399090 -1.085583
v -31.210000 6.399090 -0.994996
v -31.210000 6.444384 -0.916546
v -31.210000 6.522834 -0.871252
v -31.210000 6.613421 -0.871252
v -31.270000 1.372353 -6.457523
v -31.270000 1.302649 -6.336465
v -31.270000 1.191152 -6.252311
v -31.270000 1.055624 -6.218464
v -31.270000 0.917653 -6.240316
v -31.270000 0.799217 -6.314387
v -31.270000 0.719183 -6.428877
v -31.270000 0.690299 -6.565550
v -31.270000 0.717166 -6.702632
v -31.270000 -2.687547 -6.037507
v -31.270000 -2.669571 -5.905864
v -31.270000 -2.701956 -5.777006
v -31.270000 -2.780034 -5.669503
v -31.270000 -2.892554 -5.598847
v -31.270000 -3.023302 -5.575219
v -31.270000 -3.153435 -5.602026
v -31.270000 -3.264200 -5.675403
v -31.270000 -3.339635 -5.784777
v -31.270000 -3.368870 -5.914386
v -31.270000 -5.914386 -3.368870
v -31.270000 -5.784777 -3.339635
v -31.270000 -5.675403 -3.264200
v -31.270000 -5.602026 -3.153435
v -31.270000 -5.575219 -3.023302
v -31.270000 -5.598847 -2.892554
v -31.270000 -5.669503 -2.780034
v -31.270000 -5.777006 -2.701956
v -31.270000 -5.905864 -2.669571
v -31.270000 -6.037507 -2.687547
v -31.270000 -6.702632 0.717166
v -31.270000 -6.565550 0.690299
v -31.270000 -6.428877 0.719183
v -31.270000 -6.314387 0.799217
v -31.270000 -6.240316 0.917653
v -31.270000 -6.218464 1.055624
v -31.270000 -6.252311 1.191152
v -31.270000 -6.336465 1.302649
v -31.270000 -6.457523 1.372353
v -30.610000 4.585587 -4.818933
v -30.610000 4.542882 -4.744965
v -30.610000 4.542882 -4.659555
v -30.610000 4.585587 -4.585587
v -30.610000 4.659555 -4.542882
v -30.610000 4.744965 -4.542882
v -30.610000 4.818933 -4.585587
v -30.610000 4.861638 -4.659555
v -30.610000 4.861638 -4.744965
v -30.610000 4.818933 -4.818933
v -30.610000 4.744965 -4.861638
v -30.610000 4.659555 -4.861638
v -30.600000 4.578516 -4.826004
v -30.600000 4.656967 -4.871297
v -30.600000 4.747553 -4.871297
v -30.600000 4.826004 -4.826004
v -30.600000 4.871297 -4.747553
v -30.600000 4.871297 -4.656967
v -30.600000 4.826004 -4.578516
v -30.600000 4.747553 -4.533223
v -30.600000 4.656967 -4.533223
v -30.600000 4.578516 -4.578516
v -30.600000 4.533223 -4.656967
v -30.600000 4.533223 -4.747553
v -31.200000 4.818933 -4.585587
v -31.200000 4.744965 -4.542882
v -31.200000 4.659555 -4.542882
v -31.200000 4.585587 -4.585587
v -31.200000 4.542882 -4.659555
v -31.200000 4.542882 -4.744965
v -31.200000 4.585587 -4.818933
v -31.200000 4.659555 -4.861638
v -31.200000 4.744965 -4.861638
v -31.200000 4.818933 -4.818933
v -31.200000 4.861638 -4.744965
v -31.200000 4.861638 -4.659555
v -31.210000 4.826004 -4.578516
v -31.210000 4.871297 -4.656967
v -31.210000 4.871297 -4.747553
v -31.210000 4.826004 -4.826004
v -31.210000 4.747553 -4.871297
v -31.210000 4.656967 -4.871297
v -31.210000 4.578516 -4.826004
v -31.210000 4.533223 -4.747553
v -31.210000 4.533223 -4.656967
v -31.210000 4.578516 -4.578516
v -31.210000 4.656967 -4.533223
v -31.210000 4.747553 -4.533223
v -31.500000 6.090395 4.264541
v -31.500000 5.695540 4.779126
v -31.500000 5.257339 5.257339
v -31.500000 4.779126 5.695540
v -31.500000 4.264541 6.090395
v -31.600000 6.218043 2.677366
v -31.600000 6.238763 2.687986
v -31.600000 6.262045 2.688071
v -31.600000 6.282842 2.677603
v -31.600000 6.296644 2.658853
v -31.600000 6.490754 2.141807
v -31.600000 6.642486 1.610776
v -31.600000 6.750850 1.069230
v -31.600000 6.815137 0.520702
v -31.600000 6.834929 -0.031226
v -31.600000 6.810095 -0.582949
v -31.600000 6.802763 -0.605047
v -31.600000 6.786219 -0.621429
v -31.600000 6.764049 -0.628542
v -31.600000 6.741062 -0.624845
v -31.600000 6.582892 -0.590531
v -31.600000 6.422812 -0.614398
v -31.600000 6.281529 -0.693358
v -31.600000 6.177321 -0.817196
v -31.600000 6.123668 -0.969894
v -31.600000 6.127509 -1.131698
v -31.600000 6.188349 -1.281677
v -31.600000 6.298316 -1.400431
v -31.600000 6.443187 -1.472597
v -31.600000 6.604219 -1.488840
v -31.600000 6.627224 -1.492427
v -31.600000 6.646110 -1.506043
v -31.600000 6.656782 -1.526735
v -31.600000 6.656927 -1.550017
v -31.600000 6.510053 -2.082412
v -31.600000 6.320675 -2.601210
v -31.600000 6.090030 -3.103025
v -31.600000 5.819623 -3.584581
v -31.600000 5.511219 -4.042732
v -31.600000 4.484310 -5.102783
v -31.600000 4.491586 -5.124899
v -31.600000 4.488057 -5.147913
v -31.600000 4.474489 -5.166834
v -31.600000 4.042732 -5.511219
v -31.600000 3.584581 -5.819623
v -31.600000 3.103025 -6.090030
v -31.600000 2.601210 -6.320675
v -31.600000 2.082412 -6.510053
v -31.600000 0.628542 -6.764049
v -31.600000 0.621429 -6.786219
v -31.600000 0.605047 -6.802763
v -31.600000 0.582949 -6.810095
v -31.600000 0.031226 -6.834929
v -31.600000 -0.520702 -6.815137
v -31.600000 -1.069230 -6.750850
v -31.600000 -1.610776 -6.642486
v -31.600000 -2.141807 -6.490754
v -31.600000 -3.475778 -5.935234
v -31.600000 -3.493425 -5.952838
v -31.600000 -3.517378 -5.959734
v -31.600000 -3.610610 -5.969714
v -31.600000 -3.701148 -5.994097
v -31.600000 -3.786783 -6.032288
v -31.600000 -3.926616 -6.077537
v -31.600000 -4.073353 -6.069227
v -31.600000 -6.069227 -4.073353
v -31.600000 -6.077537 -3.926616
v -31.600000 -6.032288 -3.786783
v -31.600000 -5.994097 -3.701148
v -31.600000 -5.969714 -3.610610
v -31.600000 -5.959734 -3.517378
v -31.600000 -5.952838 -3.493425
v -31.600000 -5.935234 -3.475778
v -31.600000 -6.490754 -2.141807
v -31.600000 -6.642486 -1.610776
v -31.600000 -6.750850 -1.069230
v -31.600000 -6.815137 -0.520702
v -31.600000 -6.834929 0.031226
v -31.600000 -6.810095 0.582949
v -31.600000 -6.802763 0.605047
v -31.600000 -6.786219 0.621429
v -31.600000 -6.764049 0.628542
v -31.600000 -6.510053 2.082412
v -31.600000 -6.320675 2.601210
v -31.600000 -6.090030 3.103025
v -31.600000 -5.819623 3.584581
v -31.600000 -5.511219 4.042732
v -31.600000 -5.166834 4.474489
v -31.600000 -5.147913 4.488057
v -31.600000 -5.124899 4.491586
v -31.600000 -5.102783 4.484310
v -31.600000 -4.042732 5.511219
v -31.600000 -3.584581 5.819623
v -31.600000 -3.103025 6.090030
v -31.600000 -2.601210 6.320675
v -31.600000 -2.082412 6.510053
v -31.600000 -1.550017 6.656927
v -31.600000 -1.526735 6.656782
v -31.600000 -1.506043 6.646110
v -31.600000 -1.492427 6.627224
v -31.600000 -1.488840 6.604219
v -31.600000 -1.472597 6.443187
v -31.600000 -1.400431 6.298316
v -31.600000 -1.281677 6.188349
v -31.600000 -1.131698 6.127509
v -31.600000 -0.969894 6.123668
v -31.600000 -0.817196 6.177321
v -31.600000 -0.693358 6.281529
v -31.600000 -0.614398 6.422812
v -31.600000 -0.590531 6.582892
v -31.600000 -0.624845 6.741062
v -31.600000 -0.628542 6.764049
v -31.600000 -0.621429 6.786219
v -31.600000 -0.605047 6.802763
v -31.600000 -0.582949 6.810095
v -31.600000 -0.031226 6.834929
v -31.600000 0.520702 6.815137
v -31.600000 1.069230 6.750850
v -31.600000 1.610776 6.642486
v -31.600000 2.141807 6.490754
v -31.600000 2.658853 6.296644
v -31.600000 2.677603 6.282842
v -31.600000 2.688071 6.262045
v -31.600000 2.687986 6.238763
v -31.600000 2.677366 6.218043
v -31.600000 2.598105 6.084305
v -31.600000 2.569082 5.931577
v -31.600000 2.593761 5.778087
v -31.600000 2.669195 5.642154
v -31.600000 2.786384 5.540002
v -31.600000 2.931339 5.483822
v -31.600000 3.086760 5.480319
v -31.600000 3.234099 5.529911
v -31.600000 3.355771 5.626680
v -31.600000 3.437253 5.759076
v -31.600000 3.468822 5.911298
v -31.600000 3.475778 5.935234
v -31.600000 3.493425 5.952838
v -31.600000 3.517378 5.959734
v -31.600000 3.610610 5.969714
v -31.600000 3.701148 5.994097
v -31.600000 3.786783 6.032288
v -31.600000 3.926616 6.077537
v -31.600000 4.073353 6.069227
v -31.600000 4.207183 6.008480
v -31.600000 4.714847 5.618936
v -31.600000 5.186628 5.186628
v -31.600000 5.618936 4.714847
v -31.600000 6.008480 4.207183
v -31.600000 6.069227 4.073353
v -31.600000 6.077537 3.926616
v -31.600000 6.032288 3.786783
v -31.600000 5.994097 3.701148
v -31.600000 5.969714 3.610610
v -31.600000 5.959734 3.517378
v -31.600000 5.952838 3.493425
v -31.600000 5.935234 3.475778
v -31.600000 5.911298 3.468822
v -31.600000 5.759076 3.437253
v -31.600000 5.626680 3.355771
v -31.600000 5.529911 3.234099
v -31.600000 5.480319 3.086760
v -31.600000 5.483822 2.931339
v -31.600000 5.540002 2.786384
v -31.600000 5.642154 2.669195
v -31.600000 5.778087 2.593761
v -31.600000 5.931577 2.569082
v -31.600000 6.084305 2.598105
v -30.600000 -3.762911 -6.076222
v -30.600000 -3.592521 -6.017274
v -30.600000 -3.412223 -6.016594
v -30.600000 -3.241393 -6.074257
v -30.600000 -2.653845 -6.352978
v -30.600000 -2.042621 -6.575023
v -30.600000 -1.413174 -6.738410
v -30.600000 -0.771120 -6.841681
v -30.600000 -0.122187 -6.883916
v -30.600000 0.527836 -6.864737
v -30.600000 1.173151 -6.784316
v -30.600000 1.807999 -6.643370
v -30.600000 2.426718 -6.443157
v -30.600000 3.023787 -6.185462
v -30.600000 3.593880 -5.872585
v -30.600000 4.131911 -5.507317
v -30.600000 4.633080 -5.092916
v -30.600000 5.092916 -4.633080
v -30.600000 5.507317 -4.131911
v -30.600000 5.872585 -3.593880
v -30.600000 6.185462 -3.023787
v -30.600000 6.443157 -2.426718
v -30.600000 6.643370 -1.807999
v -30.600000 6.784316 -1.173151
v -30.600000 6.864737 -0.527836
v -30.600000 6.883916 0.122187
v -30.600000 6.841681 0.771120
v -30.600000 6.738410 1.413174
v -30.600000 6.575023 2.042621
v -30.600000 6.352978 2.653845
v -30.600000 6.074257 3.241393
v -30.600000 6.016594 3.412223
v -30.600000 6.017274 3.592521
v -30.600000 6.076222 3.762911
v -30.600000 6.127127 3.920224
v -30.600000 6.117778 4.085303
v -30.600000 4.085303 6.117778
v -30.600000 3.920224 6.127127
v -30.600000 3.762911 6.076222
v -30.600000 3.592521 6.017274
v -30.600000 3.412223 6.016594
v -30.600000 3.241393 6.074257
v -30.600000 2.653845 6.352978
v -30.600000 2.042621 6.575023
v -30.600000 1.413174 6.738410
v -30.600000 0.771120 6.841681
v -30.600000 0.122187 6.883916
v -30.600000 -0.527836 6.864737
v -30.600000 -1.173151 6.784316
v -30.600000 -1.807999 6.643370
v -30.600000 -2.426718 6.443157
v -30.600000 -3.023787 6.185462
v -30.600000 -3.593880 5.872585
v -30.600000 -4.131911 5.507317
v -30.600000 -4.633080 5.092916
v -30.600000 -5.092916 4.633080
v -30.600000 -5.507317 4.131911
v -30.600000 -5.872585 3.593880
v -30.600000 -6.185462 3.023787
v -30.600000 -6.443157 2.426718
v -30.600000 -6.643370 1.807999
v -30.600000 -6.784316 1.173151
v -30.600000 -6.864737 0.527836
v -30.600000 -6.883916 -0.122187
v -30.600000 -6.841681 -0.771120
v -30.600000 -6.738410 -1.413174
v -30.600000 -6.575023 -2.042621
v -30.600000 -6.352978 -2.653845
v -30.600000 -6.074257 -3.241393
v -30.600000 -6.016594 -3.412223
v -30.600000 -6.017274 -3.592521
v -30.600000 -6.076222 -3.762911
v -30.600000 -6.127127 -3.920224
v -30.600000 -6.117778 -4.085303
v -30.600000 -6.049438 -4.235862
v -30.600000 -5.657238 -4.746986
v -30.600000 -5.221984 -5.221984
v -30.600000 -4.746986 -5.657238
v -30.600000 -4.235862 -6.049438
v -30.600000 -4.085303 -6.117778
v -30.600000 -3.920224 -6.127127
v -31.500000 -3.739040 -6.120156
v -30.650000 -3.739040 -6.120156
v -30.650000 -3.868357 -6.168705
v -30.650000 -4.006023 -6.180020
v -30.650000 -4.141532 -6.153235
v -30.650000 -4.264541 -6.090395
v -31.500000 -4.141532 -6.153235
v -31.500000 -4.006023 -6.180020
v -31.500000 -3.868357 -6.168705
v -31.200000 -3.264932 -6.118369
v -30.650000 -3.264932 -6.118369
v -30.650000 -3.420232 -6.065949
v -30.650000 -3.584139 -6.066566
v -31.500000 -3.667678 -6.088330
v -31.500000 -3.592229 -6.068010
v -31.500000 -3.514536 -6.059694
v -31.270000 -3.514536 -6.059694
v -31.223509 -3.451594 -6.061872
v -31.206857 -3.416822 -6.066514
v -31.200000 -3.379398 -6.074336
v -31.200000 -3.340081 -6.085866
v -31.200000 -3.301840 -6.100577
v -31.200000 6.118369 3.264932
v -30.650000 6.118369 3.264932
v -30.650000 6.399115 2.673117
v -30.650000 6.622772 2.057455
v -30.650000 6.787345 1.423437
v -30.650000 6.891366 0.776720
v -30.650000 6.933908 0.123074
v -30.650000 6.914590 -0.531670
v -30.650000 6.833585 -1.181670
v -30.650000 6.691615 -1.821129
v -30.650000 6.489948 -2.444341
v -30.650000 6.230382 -3.045746
v -30.650000 5.915232 -3.619979
v -30.650000 5.547312 -4.161918
v -30.650000 5.129902 -4.666726
v -30.650000 4.666726 -5.129902
v -30.650000 4.161918 -5.547312
v -30.650000 3.619979 -5.915232
v -30.650000 3.045746 -6.230382
v -30.650000 2.444341 -6.489948
v -30.650000 1.821129 -6.691615
v -30.650000 1.181670 -6.833585
v -30.650000 0.531670 -6.914590
v -30.650000 -0.123074 -6.933908
v -30.650000 -0.776720 -6.891366
v -30.650000 -1.423437 -6.787345
v -30.650000 -2.057455 -6.622772
v -30.650000 -2.673117 -6.399115
v -31.200000 -3.125836 -6.190587
v -31.200000 -2.985144 -6.259644
v -31.200000 -2.842927 -6.325503
v -31.209982 -2.793708 -6.347395
v -31.232552 -2.750044 -6.366434
v -31.500000 -2.173142 -6.585718
v -31.500000 -1.634343 -6.739670
v -31.500000 -1.084873 -6.849619
v -31.500000 -0.528320 -6.914847
v -31.500000 0.031683 -6.934928
v -31.500000 0.591478 -6.909731
v -31.270000 0.591478 -6.909731
v -31.223165 0.665220 -6.903022
v -31.200000 0.749097 -6.894424
v -31.200000 0.973196 -6.866376
v -31.200000 1.196263 -6.831045
v -31.200000 1.418061 -6.788470
v -31.223165 1.500489 -6.770728
v -31.500000 2.112879 -6.605299
v -31.500000 2.639267 -6.413150
v -31.500000 3.148424 -6.179130
v -31.500000 3.637025 -5.904767
v -31.500000 4.101880 -5.591852
v -31.223165 4.595669 -5.193655
v -31.200000 4.658472 -5.137398
v -31.200000 4.823286 -4.982985
v -31.200000 4.982985 -4.823286
v -31.200000 5.137398 -4.658472
v -31.223165 5.193655 -4.595669
v -31.500000 5.591852 -4.101880
v -31.500000 5.904767 -3.637025
v -31.500000 6.179130 -3.148424
v -31.500000 6.413150 -2.639267
v -31.500000 6.605299 -2.112879
v -31.223165 6.770728 -1.500489
v -31.200000 6.788470 -1.418061
v -31.200000 6.831045 -1.196263
v -31.200000 6.866376 -0.973196
v -31.200000 6.894424 -0.749097
v -31.223165 6.903022 -0.665220
v -31.270000 6.909731 -0.591478
v -31.500000 6.909731 -0.591478
v -31.500000 6.934928 -0.031683
v -31.500000 6.914847 0.528320
v -31.500000 6.849619 1.084873
v -31.500000 6.739670 1.634343
v -31.500000 6.585718 2.173142
v -31.223165 6.359599 2.765813
v -31.200000 6.325503 2.842927
v -31.200000 6.259644 2.985144
v -31.200000 6.190587 3.125836
v -31.500000 6.120156 3.739040
v -30.650000 6.120156 3.739040
v -30.650000 6.066566 3.584139
v -30.650000 6.065949 3.420232
v -31.200000 6.100577 3.301840
v -31.200000 6.085866 3.340081
v -31.200000 6.074336 3.379398
v -31.206857 6.066514 3.416822
v -31.223509 6.061872 3.451594
v -31.270000 6.059694 3.514536
v -31.500000 6.059694 3.514536
v -31.500000 6.068010 3.592229
v -31.500000 6.088330 3.667678
v -30.650000 6.153235 4.141532
v -30.650000 6.180020 4.006023
v -30.650000 6.168705 3.868357
v -31.500000 6.168705 3.868357
v -31.500000 6.180020 4.006023
v -31.500000 6.153235 4.141532
v -31.500000 3.739040 6.120156
v -30.650000 3.739040 6.120156
v -30.650000 3.868357 6.168705
v -30.650000 4.006023 6.180020
v -30.650000 4.141532 6.153235
v -31.500000 4.141532 6.153235
v -31.500000 4.006023 6.180020
v -31.500000 3.868357 6.168705
v -31.200000 3.264932 6.118369
v -30.650000 3.264932 6.118369
v -30.650000 3.420232 6.065949
v -30.650000 3.584139 6.066566
v -31.500000 3.667678 6.088330
v -31.500000 3.592229 6.068010
v -31.500000 3.514536 6.059694
v -31.270000 3.514536 6.059694
v -31.223509 3.451594 6.061872
v -31.206857 3.416822 6.066514
v -31.200000 3.379398 6.074336
v -31.200000 3.340081 6.085866
v -31.200000 3.301840 6.100577
v -31.200000 -6.118369 -3.264932
v -30.650000 -6.118369 -3.264932
v -30.650000 -6.399115 -2.673117
v -30.650000 -6.622772 -2.057455
v -30.650000 -6.787345 -1.423437
v -30.650000 -6.891366 -0.776720
v -30.650000 -6.933908 -0.123074
v -30.650000 -6.914590 0.531670
v -30.650000 -6.833585 1.181670
v -30.650000 -6.691615 1.821129
v -30.650000 -6.489948 2.444341
v -30.650000 -6.230382 3.045746
v -30.650000 -5.915232 3.619979
v -30.650000 -5.547312 4.161918
v -30.650000 -5.129902 4.666726
v -30.650000 -4.666726 5.129902
v -30.650000 -4.161918 5.547312
v -30.650000 -3.619979 5.915232
v -30.650000 -3.045746 6.230382
v -30.650000 -2.444341 6.489948
v -30.650000 -1.821129 6.691615
v -30.650000 -1.181670 6.833585
v -30.650000 -0.531670 6.914590
v -30.650000 0.123074 6.933908
v -30.650000 0.776720 6.891366
v -30.650000 1.423437 6.787345
v -30.650000 2.057455 6.622772
v -30.650000 2.673117 6.399115
v -31.200000 3.125836 6.190587
v -31.200000 2.985144 6.259644
v -31.200000 2.842927 6.325503
v -31.223165 2.765813 6.359599
v -31.270000 2.697754 6.388768
v -31.500000 2.697754 6.388768
v -31.500000 2.173142 6.585718
v -31.500000 1.634343 6.739670
v -31.500000 1.084873 6.849619
v -31.500000 0.528320 6.914847
v -31.500000 -0.031683 6.934928
v -31.500000 -0.591478 6.909731
v -31.270000 -0.591478 6.909731
v -31.223165 -0.665220 6.903022
v -31.200000 -0.749097 6.894424
v -31.200000 -0.973196 6.866376
v -31.200000 -1.196263 6.831045
v -31.200000 -1.418061 6.788470
v -31.223165 -1.500489 6.770728
v -31.270000 -1.572695 6.754321
v -31.500000 -1.572695 6.754321
v -31.500000 -2.112879 6.605299
v -31.500000 -2.639267 6.413150
v -31.500000 -3.148424 6.179130
v -31.500000 -3.637025 5.904767
v -31.500000 -4.101880 5.591852
v -31.223165 -4.595669 5.193655
v -31.200000 -4.658472 5.137398
v -31.200000 -4.823286 4.982985
v -31.200000 -4.982985 4.823286
v -31.200000 -5.137398 4.658472
v -31.223165 -5.193655 4.595669
v -31.270000 -5.242427 4.539954
v -31.500000 -5.242427 4.539954
v -31.500000 -5.591852 4.101880
v -31.500000 -5.904767 3.637025
v -31.500000 -6.179130 3.148424
v -31.500000 -6.413150 2.639267
v -31.500000 -6.605299 2.112879
v -31.223165 -6.770728 1.500489
v -31.200000 -6.788470 1.418061
v -31.200000 -6.831045 1.196263
v -31.200000 -6.866376 0.973196
v -31.200000 -6.894424 0.749097
v -31.223165 -6.903022 0.665220
v -31.270000 -6.909731 0.591478
v -31.500000 -6.909731 0.591478
v -31.500000 -6.934928 0.031683
v -31.500000 -6.914847 -0.528320
v -31.500000 -6.849619 -1.084873
v -31.500000 -6.739670 -1.634343
v -31.500000 -6.585718 -2.173142
v -31.223165 -6.359599 -2.765813
v -31.200000 -6.325503 -2.842927
v -31.200000 -6.259644 -2.985144
v -31.200000 -6.190587 -3.125836
v -31.500000 -6.120156 -3.739040
v -30.650000 -6.120156 -3.739040
v -30.650000 -6.066566 -3.584139
v -30.650000 -6.065949 -3.420232
v -31.200000 -6.100577 -3.301840
v -31.200000 -6.085866 -3.340081
v -31.200000 -6.074336 -3.379398
v -31.206857 -6.066514 -3.416822
v -31.223509 -6.061872 -3.451594
v -31.270000 -6.059694 -3.514536
v -31.500000 -6.059694 -3.514536
v -31.500000 -6.068010 -3.592229
v -31.500000 -6.088330 -3.667678
v -30.650000 -6.090395 -4.264541
v -30.650000 -6.153235 -4.141532
v -30.650000 -6.180020 -4.006023
v -30.650000 -6.168705 -3.868357
v -31.500000 -6.168705 -3.868357
v -31.500000 -6.180020 -4.006023
v -31.500000 -6.153235 -4.141532
v -30.650000 -4.779126 -5.695540
v -30.650000 -5.257339 -5.257339
v -30.650000 -5.695540 -4.779126
v -31.210000 4.975799 -4.816331
v -31.210000 4.816331 -4.975799
v -31.210000 4.651755 -5.129990
v -31.210000 4.639883 -5.059421
v -31.210000 4.605004 -4.996936
v -31.210000 6.749359 -0.788401
v -31.210000 6.820412 -0.779891
v -31.210000 6.884482 -0.748016
v -31.210000 6.856475 -0.971792
v -31.210000 6.821195 -1.194538
v -31.210000 6.778682 -1.416016
v -31.210000 6.727597 -1.365903
v -31.210000 6.662652 -1.335853
v -31.500000 6.702632 -0.717166
v -31.500000 6.457523 -1.372353
v -31.500000 6.336465 -1.302649
v -31.500000 6.252311 -1.191152
v -31.500000 6.218464 -1.055624
v -31.500000 6.240316 -0.917653
v -31.500000 6.314387 -0.799217
v -31.500000 6.428877 -0.719183
v -31.500000 6.565550 -0.690299
v -31.210000 5.971222 3.317996
v -31.210000 6.021876 3.341235
v -31.210000 6.064633 3.376979
v -31.210000 6.076394 3.336876
v -31.210000 6.091399 3.297870
v -31.210000 6.109547 3.260224
v -31.210000 6.181661 3.121329
v -31.210000 6.250618 2.980840
v -31.210000 6.316382 2.838828
v -31.210000 6.245598 2.849344
v -31.210000 6.175393 2.835481
v -31.500000 5.914386 3.368870
v -31.500000 6.037507 2.687547
v -31.500000 5.905864 2.669571
v -31.500000 5.777006 2.701956
v -31.500000 5.669503 2.780034
v -31.500000 5.598847 2.892554
v -31.500000 5.575219 3.023302
v -31.500000 5.602026 3.153435
v -31.500000 5.675403 3.264200
v -31.500000 5.784777 3.339635
v -31.210000 2.838828 6.316382
v -31.210000 2.980840 6.250618
v -31.210000 3.121329 6.181661
v -31.210000 3.260224 6.109547
v -31.210000 3.297870 6.091399
v -31.210000 3.336876 6.076394
v -31.210000 3.376979 6.064633
v -31.210000 3.341235 6.021876
v -31.210000 3.317996 5.971222
v -31.210000 2.835481 6.175393
v -31.210000 2.849344 6.245598
v -31.500000 2.753293 6.152966
v -31.500000 3.368870 5.914386
v -31.500000 3.339635 5.784777
v -31.500000 3.264200 5.675403
v -31.500000 3.153435 5.602026
v -31.500000 3.023302 5.575219
v -31.500000 2.892554 5.598847
v -31.500000 2.780034 5.669503
v -31.500000 2.701956 5.777006
v -31.500000 2.669571 5.905864
v -31.500000 2.687547 6.037507
v -31.210000 -1.335853 6.662652
v -31.210000 -1.365903 6.727597
v -31.210000 -1.416016 6.778682
v -31.210000 -1.194538 6.821195
v -31.210000 -0.971792 6.856475
v -31.210000 -0.748016 6.884482
v -31.210000 -0.779891 6.820412
v -31.210000 -0.788401 6.749359
v -31.500000 -1.389162 6.596199
v -31.500000 -0.717166 6.702632
v -31.500000 -0.690299 6.565550
v -31.500000 -0.719183 6.428877
v -31.500000 -0.799217 6.314387
v -31.500000 -0.917653 6.240316
v -31.500000 -1.055624 6.218464
v -31.500000 -1.191152 6.252311
v -31.500000 -1.302649 6.336465
v -31.500000 -1.372353 6.457523
v -31.210000 -4.996936 4.605004
v -31.210000 -5.059421 4.639883
v -31.210000 -5.129990 4.651755
v -31.210000 -4.975799 4.816331
v -31.210000 -4.816331 4.975799
v -31.210000 -6.679574 0.772559
v -31.210000 -6.749359 0.788401
v -31.210000 -6.820412 0.779891
v -31.210000 -6.884482 0.748016
v -31.210000 -6.856475 0.971792
v -31.210000 -6.821195 1.194538
v -31.210000 -6.462786 1.310480
v -31.210000 -6.355346 1.237328
v -31.210000 -6.290652 1.124593
v -31.210000 -6.281698 0.994923
v -31.210000 -6.330284 0.874367
v -31.210000 -6.426649 0.787141
v -31.210000 -6.551435 0.750770
v -31.210000 -5.916239 -3.308899
v -31.210000 -5.971222 -3.317996
v -31.210000 -6.021876 -3.341235
v -31.210000 -6.064633 -3.376979
v -31.210000 -6.076394 -3.336876
v -31.210000 -6.091399 -3.297870
v -31.210000 -6.109547 -3.260224
v -31.210000 -6.181661 -3.121329
v -31.210000 -6.250618 -2.980840
v -31.210000 -6.006517 -2.740673
v -31.210000 -5.884689 -2.731879
v -31.210000 -5.770046 -2.774028
v -31.210000 -5.682926 -2.859642
v -31.210000 -5.638786 -2.973533
v -31.210000 -5.645454 -3.095496
v -31.210000 -5.701749 -3.203896
v -31.210000 -5.797684 -3.279500
v -31.210000 -2.980840 -6.250618
v -31.210000 -3.121329 -6.181661
v -31.210000 -3.260224 -6.109547
v -31.210000 -3.297870 -6.091399
v -31.210000 -3.336876 -6.076394
v -31.210000 -3.376979 -6.064633
v -31.210000 -3.341235 -6.021876
v -31.210000 -3.317996 -5.971222
v -31.210000 -3.308899 -5.916239
v -31.210000 -3.279500 -5.797684
v -31.210000 -3.203896 -5.701749
v -31.210000 -3.095496 -5.645454
v -31.210000 -2.973533 -5.638786
v -31.210000 -2.859642 -5.682926
v -31.210000 -2.774028 -5.770046
v -31.210000 -2.731879 -5.884689
v -31.210000 -2.740673 -6.006517
v -31.210000 1.194538 -6.821195
v -31.210000 0.971792 -6.856475
v -31.210000 0.748016 -6.884482
v -31.210000 0.779891 -6.820412
v -31.210000 0.788401 -6.749359
v -31.210000 0.772559 -6.679574
v -31.210000 0.750770 -6.551435
v -31.210000 0.787141 -6.426649
v -31.210000 0.874367 -6.330284
v -31.210000 0.994923 -6.281698
v -31.210000 1.124593 -6.290652
v -31.210000 1.237328 -6.355346
v -31.210000 1.310480 -6.462786
v -31.270000 6.887734 -0.657772
v -31.270000 6.838101 -0.706917
v -31.270000 6.771594 -0.728257
v -31.500000 6.771594 -0.728257
v -31.500000 6.838101 -0.706917
v -31.500000 6.887734 -0.657772
v -31.270000 6.039004 3.442677
v -31.270000 5.986194 3.389736
v -31.500000 5.986194 3.389736
v -31.500000 6.039004 3.442677
v -31.270000 3.389736 5.986194
v -31.270000 3.442677 6.039004
v -31.500000 3.442677 6.039004
v -31.500000 3.389736 5.986194
v -31.270000 2.754005 6.347362
v -31.270000 2.785407 6.284971
v -31.270000 2.785152 6.215124
v -31.500000 2.785152 6.215124
v -31.500000 2.785407 6.284971
v -31.500000 2.754005 6.347362
v -31.270000 -0.728257 6.771594
v -31.270000 -0.706917 6.838101
v -31.270000 -0.657772 6.887734
v -31.500000 -0.657772 6.887734
v -31.500000 -0.706917 6.838101
v -31.500000 -0.728257 6.771594
v -31.270000 -1.502849 6.753887
v -31.270000 -1.440772 6.721870
v -31.270000 -1.399923 6.665212
v -31.500000 -1.399923 6.665212
v -31.500000 -1.440772 6.721870
v -31.500000 -1.502849 6.753887
v -31.270000 -5.185665 4.580657
v -31.270000 -5.116625 4.591243
v -31.270000 -5.050275 4.569416
v -31.500000 -5.050275 4.569416
v -31.500000 -5.116625 4.591243
v -31.500000 -5.185665 4.580657
v -31.270000 -6.887734 0.657772
v -31.270000 -6.838101 0.706917
v -31.270000 -6.771594 0.728257
v -31.500000 -6.771594 0.728257
v -31.500000 -6.838101 0.706917
v -31.500000 -6.887734 0.657772
v -31.270000 -6.039004 -3.442677
v -31.270000 -5.986194 -3.389736
v -31.500000 -5.986194 -3.389736
v -31.500000 -6.039004 -3.442677
v -31.270000 -3.389736 -5.986194
v -31.270000 -3.442677 -6.039004
v -31.500000 -3.442677 -6.039004
v -31.500000 -3.389736 -5.986194
v -31.270000 0.728257 -6.771594
v -31.270000 0.706917 -6.838101
v -31.270000 0.657772 -6.887734
v -31.500000 0.657772 -6.887734
v -31.500000 0.706917 -6.838101
v -31.500000 0.728257 -6.771594
v -31.229856 -6.899315 0.668287
v -31.218038 -6.691103 0.744862
v -31.240000 -6.699543 0.724587
v -31.240000 -6.772200 0.736273
v -31.218038 -6.773857 0.758172
v -31.240000 -6.842272 0.713789
v -31.218038 -6.853666 0.732563
v -31.240000 -6.894565 0.662010
v -31.218038 -6.565771 0.720298
v -31.240000 -6.565609 0.698337
v -31.218038 -6.440813 0.746706
v -31.240000 -6.432076 0.726558
v -31.218038 -6.336136 0.819880
v -31.240000 -6.320215 0.804754
v -31.218038 -6.268414 0.928165
v -31.240000 -6.247845 0.920469
v -31.218038 -6.248435 1.054310
v -31.240000 -6.226494 1.055272
v -31.218038 -6.279381 1.178221
v -31.240000 -6.259564 1.187687
v -31.218038 -6.356322 1.280161
v -31.240000 -6.341786 1.296623
v -31.218038 -6.467003 1.343891
v -31.240000 -6.460063 1.364727
v -31.230150 -6.058661 -3.447387
v -31.218038 -5.915312 -3.338884
v -31.240000 -5.914634 -3.360835
v -31.240000 -5.972570 -3.373780
v -31.218038 -5.981299 -3.353628
v -31.240000 -6.021642 -3.407186
v -31.218038 -6.037190 -3.391676
v -31.240000 -6.054927 -3.456340
v -31.218038 -5.784493 -3.306445
v -31.240000 -5.774837 -3.326170
v -31.218038 -5.678634 -3.223019
v -31.240000 -5.661713 -3.237018
v -31.218038 -5.616516 -3.103406
v -31.240000 -5.595331 -3.109196
v -31.218038 -5.609157 -2.968826
v -31.240000 -5.587468 -2.965380
v -31.218038 -5.657864 -2.843153
v -31.240000 -5.639518 -2.831082
v -31.218038 -5.753996 -2.748682
v -31.240000 -5.742247 -2.730128
v -31.218038 -5.880499 -2.702173
v -31.240000 -5.877431 -2.680427
v -31.218038 -6.014930 -2.711877
v -31.240000 -6.021089 -2.690796
v -31.218038 -3.338884 -5.915312
v -31.240000 -3.360835 -5.914634
v -31.218038 -2.711877 -6.014930
v -31.240000 -2.690796 -6.021089
v -31.218038 -2.702173 -5.880499
v -31.240000 -2.680427 -5.877431
v -31.218038 -2.748682 -5.753996
v -31.240000 -2.730128 -5.742247
v -31.218038 -2.843153 -5.657864
v -31.240000 -2.831082 -5.639518
v -31.218038 -2.968826 -5.609157
v -31.240000 -2.965380 -5.587468
v -31.218038 -3.103406 -5.616516
v -31.240000 -3.109196 -5.595331
v -31.218038 -3.223019 -5.678634
v -31.240000 -3.237018 -5.661713
v -31.218038 -3.306445 -5.784493
v -31.240000 -3.326170 -5.774837
v -31.230150 -3.447387 -6.058661
v -31.218038 -3.353628 -5.981299
v -31.240000 -3.373780 -5.972570
v -31.218038 -3.391676 -6.037190
v -31.240000 -3.407186 -6.021642
v -31.240000 -3.456340 -6.054927
v -31.218038 0.744862 -6.691103
v -31.240000 0.724587 -6.699543
v -31.218038 1.343891 -6.467003
v -31.240000 1.364727 -6.460063
v -31.218038 1.280161 -6.356322
v -31.240000 1.296623 -6.341786
v -31.218038 1.178221 -6.279381
v -31.240000 1.187687 -6.259564
v -31.218038 1.054310 -6.248435
v -31.240000 1.055272 -6.226494
v -31.218038 0.928165 -6.268414
v -31.240000 0.920469 -6.247845
v -31.218038 0.819880 -6.336136
v -31.240000 0.804754 -6.320215
v -31.218038 0.746706 -6.440813
v -31.240000 0.726558 -6.432076
v -31.218038 0.720298 -6.565771
v -31.240000 0.698337 -6.565609
v -31.229856 0.668287 -6.899315
v -31.218038 0.758172 -6.773857
v -31.240000 0.736273 -6.772200
v -31.218038 0.732563 -6.853666
v -31.240000 0.713789 -6.842272
v -31.240000 0.662010 -6.894565
v -31.229856 4.595971 -5.188854
v -31.218038 4.594947 -5.034523
v -31.240000 4.576257 -5.046054
v -31.218038 4.621140 -5.114142
v -31.240000 4.599254 -5.115960
v -31.240000 4.588101 -5.188700
v -31.229856 6.899315 -0.668287
v -31.240000 6.772200 -0.736273
v -31.218038 6.773857 -0.758172
v -31.240000 6.842272 -0.713789
v -31.218038 6.853666 -0.732563
v -31.240000 6.894565 -0.662010
v -31.229856 6.768150 -1.496427
v -31.218038 6.676609 -1.372172
v -31.240000 6.668266 -1.392488
v -31.218038 6.744598 -1.421190
v -31.240000 6.727960 -1.435525
v -31.240000 6.761693 -1.500929
v -31.230150 6.058661 3.447387
v -31.240000 5.972570 3.373780
v -31.218038 5.981299 3.353628
v -31.240000 6.021642 3.407186
v -31.218038 6.037190 3.391676
v -31.240000 6.054927 3.456340
v -31.229856 6.355126 2.767584
v -31.218038 6.208033 2.814301
v -31.240000 6.213224 2.792962
v -31.218038 6.291849 2.814608
v -31.240000 6.286814 2.793232
v -31.240000 6.352548 2.760147
v -31.229856 2.767584 6.355126
v -31.240000 2.792962 6.213224
v -31.218038 2.814301 6.208033
v -31.240000 2.793232 6.286814
v -31.218038 2.814608 6.291849
v -31.240000 2.760147 6.352548
v -31.230150 3.447387 6.058661
v -31.218038 3.353628 5.981299
v -31.240000 3.373780 5.972570
v -31.218038 3.391676 6.037190
v -31.240000 3.407186 6.021642
v -31.240000 3.456340 6.054927
v -31.229856 -1.496427 6.768150
v -31.240000 -1.392488 6.668266
v -31.218038 -1.372172 6.676609
v -31.240000 -1.435525 6.727960
v -31.218038 -1.421190 6.744598
v -31.240000 -1.500929 6.761693
v -31.229856 -0.668287 6.899315
v -31.218038 -0.758172 6.773857
v -31.240000 -0.736273 6.772200
v -31.218038 -0.732563 6.853666
v -31.240000 -0.713789 6.842272
v -31.240000 -0.662010 6.894565
v -31.229856 -5.188854 4.595971
v -31.240000 -5.046054 4.576257
v -31.218038 -5.034523 4.594947
v -31.240000 -5.115960 4.599254
v -31.218038 -5.114142 4.621140
v -31.240000 -5.188700 4.588101
v -31.208591 6.335017 2.812396
v -31.218001 6.348692 2.784564
v -31.243361 6.371051 2.737743
v -31.258356 6.381372 2.714894
v -31.226512 6.357362 2.766699
v -31.236298 6.365683 2.749241
v -31.222074 6.353073 2.775568
v -31.247018 6.373682 2.732020
v -31.211175 6.339634 2.803028
v -31.214345 6.344212 2.793716
v -31.206656 6.330365 2.821816
v -31.206707 6.066003 3.396547
v -31.208705 6.064576 3.405665
v -31.218268 6.061478 3.432398
v -31.214582 6.062321 3.423654
v -31.236659 6.059580 3.466198
v -31.258538 6.059367 3.498597
v -31.226830 6.060267 3.449491
v -31.231608 6.059865 3.457885
v -31.211368 6.063348 3.414743
v -31.209959 6.063937 3.410215
v -31.205444 6.067635 3.387393
v -31.247337 6.059311 3.482533
v -31.241916 6.059400 3.474409
v -31.254763 6.059316 3.493263
v -31.206653 2.821816 6.330367
v -31.211172 2.803028 6.339636
v -31.217999 2.784564 6.348694
v -31.243360 2.737743 6.371051
v -31.258355 2.714894 6.381373
v -31.226510 2.766698 6.357363
v -31.236297 2.749241 6.365684
v -31.222072 2.775568 6.353074
v -31.247017 2.732019 6.373683
v -31.212690 2.798359 6.341933
v -31.214343 2.793716 6.344214
v -31.208589 2.812396 6.335019
v -31.209803 2.807706 6.337332
v -31.205430 2.831305 6.325677
v -31.206709 3.396546 6.066001
v -31.211370 3.414742 6.063347
v -31.208707 3.405664 6.064575
v -31.218270 3.432397 6.061477
v -31.236660 3.466197 6.059580
v -31.264253 3.506574 6.059499
v -31.247338 3.482532 6.059310
v -31.268563 3.512547 6.059639
v -31.214584 3.423653 6.062320
v -31.226831 3.449490 6.060266
v -31.231610 3.457884 6.059865
v -31.222369 3.441001 6.060798
v -31.267125 3.510557 6.059588
v -31.258539 3.498597 6.059367
v -31.241917 3.474409 6.059399
v -31.209961 3.410214 6.063936
v -31.207621 3.401109 6.065263
v -31.205446 3.387393 6.067633
v -31.206653 -1.437999 6.779997
v -31.211172 -1.458648 6.776452
v -31.217999 -1.478909 6.772927
v -31.243360 -1.529929 6.763493
v -31.258355 -1.554481 6.758414
v -31.226510 -1.498458 6.769439
v -31.236297 -1.517473 6.765910
v -31.222072 -1.488762 6.771183
v -31.247017 -1.536106 6.762258
v -31.212690 -1.463774 6.775566
v -31.214343 -1.468872 6.774681
v -31.208589 -1.448355 6.778223
v -31.209803 -1.453508 6.777337
v -31.205430 -1.427566 6.781779
v -31.206656 -0.727516 6.892524
v -31.211175 -0.706783 6.895534
v -31.209806 -0.711944 6.894788
v -31.218001 -0.686424 6.898443
v -31.243361 -0.634986 6.905238
v -31.258356 -0.610065 6.907994
v -31.226512 -0.666754 6.901167
v -31.236298 -0.647580 6.903687
v -31.222074 -0.676515 6.899829
v -31.247018 -0.628729 6.905972
v -31.212692 -0.701633 6.896276
v -31.214345 -0.696512 6.897010
v -31.208591 -0.717119 6.894037
v -31.205432 -0.737989 6.890995
v -31.206653 -5.148548 4.639898
v -31.211172 -5.163169 4.624893
v -31.217999 -5.177489 4.610132
v -31.243360 -5.213221 4.572511
v -31.258355 -5.230098 4.553970
v -31.226510 -5.191255 4.595820
v -31.236297 -5.204563 4.581788
v -31.222072 -5.184435 4.602930
v -31.247017 -5.217492 4.567881
v -31.212690 -5.166796 4.621163
v -31.214343 -5.170400 4.617451
v -31.208589 -5.155883 4.632376
v -31.209803 -5.159532 4.628630
v -31.205430 -5.141155 4.647472
v -31.206656 -4.639897 5.148546
v -31.211175 -4.624893 5.163167
v -31.209806 -4.628630 5.159530
v -31.218001 -4.610132 5.177488
v -31.243361 -4.572511 5.213220
v -31.258356 -4.553971 5.230097
v -31.226512 -4.595820 5.191253
v -31.236298 -4.581788 5.204562
v -31.222074 -4.602930 5.184434
v -31.247018 -4.567881 5.217491
v -31.212692 -4.621162 5.166794
v -31.214345 -4.617451 5.170398
v -31.208591 -4.632375 5.155881
v -31.205432 -4.647471 5.141153
v -31.206653 -6.892526 0.727516
v -31.211172 -6.895536 0.706783
v -31.217999 -6.898444 0.686424
v -31.243360 -6.905239 0.634985
v -31.258355 -6.907994 0.610065
v -31.226510 -6.901168 0.666753
v -31.236297 -6.903687 0.647579
v -31.222072 -6.899831 0.676514
v -31.247017 -6.905973 0.628729
v -31.212690 -6.896277 0.701633
v -31.214343 -6.897011 0.696512
v -31.208589 -6.894039 0.717119
v -31.209803 -6.894789 0.711944
v -31.205430 -6.890998 0.737989
v -31.206656 -6.779995 1.437998
v -31.211175 -6.776450 1.458647
v -31.209806 -6.777336 1.453507
v -31.218001 -6.772926 1.478908
v -31.243361 -6.763493 1.529929
v -31.258356 -6.758414 1.554481
v -31.226512 -6.769438 1.498457
v -31.236298 -6.765909 1.517472
v -31.222074 -6.771182 1.488761
v -31.247018 -6.762258 1.536106
v -31.212692 -6.775564 1.463773
v -31.214345 -6.774680 1.468871
v -31.208591 -6.778221 1.448354
v -31.205432 -6.781777 1.427566
v -31.208590 -6.335018 -2.812396
v -31.218000 -6.348693 -2.784564
v -31.243360 -6.371051 -2.737743
v -31.258356 -6.381373 -2.714894
v -31.226511 -6.357362 -2.766699
v -31.236297 -6.365683 -2.749241
v -31.222073 -6.353074 -2.775568
v -31.247018 -6.373682 -2.732020
v -31.211174 -6.339635 -2.803028
v -31.214344 -6.344213 -2.793716
v -31.206655 -6.330366 -2.821816
v -31.206707 -6.066003 -3.396547
v -31.208705 -6.064576 -3.405665
v -31.218268 -6.061478 -3.432398
v -31.214582 -6.062321 -3.423654
v -31.236659 -6.059580 -3.466198
v -31.258538 -6.059367 -3.498597
v -31.226830 -6.060267 -3.449491
v -31.231608 -6.059865 -3.457885
v -31.211368 -6.063348 -3.414743
v -31.209959 -6.063937 -3.410215
v -31.205444 -6.067635 -3.387393
v -31.247337 -6.059311 -3.482533
v -31.241916 -6.059400 -3.474409
v -31.254763 -6.059316 -3.493263
v -31.206654 -2.821816 -6.330367
v -31.218000 -2.784564 -6.348693
v -31.211173 -2.803028 -6.339636
v -31.222073 -2.775568 -6.353074
v -31.243360 -2.737743 -6.371051
v -31.258356 -2.714894 -6.381373
v -31.236297 -2.749241 -6.365684
v -31.226511 -2.766698 -6.357363
v -31.214343 -2.793716 -6.344213
v -31.247017 -2.732019 -6.373682
v -31.208590 -2.812396 -6.335018
v -31.206709 -3.396546 -6.066001
v -31.211370 -3.414742 -6.063347
v -31.208707 -3.405664 -6.064575
v -31.214584 -3.423653 -6.062320
v -31.236660 -3.466197 -6.059580
v -31.258539 -3.498597 -6.059367
v -31.226831 -3.449490 -6.060266
v -31.231610 -3.457884 -6.059865
v -31.218270 -3.432397 -6.061477
v -31.247338 -3.482532 -6.059310
v -31.254764 -3.493262 -6.059316
v -31.241917 -3.474409 -6.059399
v -31.209961 -3.410214 -6.063936
v -31.205446 -3.387393 -6.067633
v -31.208589 1.448355 -6.778223
v -31.217999 1.478909 -6.772927
v -31.243360 1.529929 -6.763493
v -31.258355 1.554481 -6.758414
v -31.226510 1.498458 -6.769439
v -31.236297 1.517473 -6.765910
v -31.222072 1.488762 -6.771183
v -31.247017 1.536106 -6.762258
v -31.211172 1.458648 -6.776452
v -31.214343 1.468872 -6.774681
v -31.206653 1.437999 -6.779997
v -31.208591 0.717119 -6.894037
v -31.218001 0.686424 -6.898443
v -31.243361 0.634986 -6.905238
v -31.258356 0.610065 -6.907994
v -31.226512 0.666754 -6.901167
v -31.236298 0.647580 -6.903687
v -31.222074 0.676515 -6.899829
v -31.247018 0.628729 -6.905972
v -31.211175 0.706783 -6.895534
v -31.214345 0.696512 -6.897010
v -31.206656 0.727516 -6.892524
v -31.206653 5.148548 -4.639898
v -31.211172 5.163169 -4.624893
v -31.217999 5.177489 -4.610132
v -31.243360 5.213221 -4.572511
v -31.258355 5.230098 -4.553970
v -31.226510 5.191255 -4.595820
v -31.236297 5.204563 -4.581788
v -31.222072 5.184435 -4.602930
v -31.247017 5.217492 -4.567881
v -31.212690 5.166796 -4.621163
v -31.214343 5.170400 -4.617451
v -31.208589 5.155883 -4.632376
v -31.209803 5.159532 -4.628630
v -31.205430 5.141155 -4.647472
v -31.206656 4.639897 -5.148546
v -31.211175 4.624893 -5.163167
v -31.209806 4.628630 -5.159530
v -31.218001 4.610132 -5.177488
v -31.243361 4.572511 -5.213220
v -31.258356 4.553971 -5.230097
v -31.226512 4.595820 -5.191253
v -31.236298 4.581788 -5.204562
v -31.222074 4.602930 -5.184434
v -31.247018 4.567881 -5.217491
v -31.212692 4.621162 -5.166794
v -31.214345 4.617451 -5.170398
v -31.208591 4.632375 -5.155881
v -31.205432 4.647471 -5.141153
v -31.206653 6.892526 -0.727516
v -31.211172 6.895536 -0.706783
v -31.217999 6.898444 -0.686424
v -31.243360 6.905239 -0.634985
v -31.258355 6.907994 -0.610065
v -31.226510 6.901168 -0.666753
v -31.236297 6.903687 -0.647579
v -31.222072 6.899831 -0.676514
v -31.247017 6.905973 -0.628729
v -31.212690 6.896277 -0.701633
v -31.214343 6.897011 -0.696512
v -31.208589 6.894039 -0.717119
v -31.209803 6.894789 -0.711944
v -31.205430 6.890998 -0.737989
v -31.206656 6.779995 -1.437998
v -31.211175 6.776450 -1.458647
v -31.209806 6.777336 -1.453507
v -31.218001 6.772926 -1.478908
v -31.243361 6.763493 -1.529929
v -31.258356 6.758414 -1.554481
v -31.226512 6.769438 -1.498457
v -31.236298 6.765909 -1.517472
v -31.222074 6.771182 -1.488761
v -31.247018 6.762258 -1.536106
v -31.212692 6.775564 -1.463773
v -31.214345 6.774680 -1.468871
v -31.208591 6.778221 -1.448354
v -31.205432 6.781777 -1.427566
vt -0.070711 -1.293289 0.000000
vt 0.000000 -1.293289 0.000000
vt -0.070711 -0.646644 0.000000
vt -0.000000 -0.646644 0.000000
vt -0.070711 0.000000 0.000000
vt -0.000000 -0.000000 0.000000
vt -0.070711 0.646644 0.000000
vt -0.000000 0.646644 0.000000
vt -0.070711 1.293289 0.000000
vt 0.000000 1.293289 0.000000
vt 0.031416 -0.965440 0.000000
vt 0.000000 -0.965440 0.000000
vt 0.031416 -1.099014 0.000000
vt 0.000000 -1.099014 0.000000
vt 0.031416 -1.232588 0.000000
vt 0.000000 -1.232588 0.000000
vt 0.031416 -1.366162 0.000000
vt 0.000000 -1.366162 0.000000
vt 0.031416 -1.499736 0.000000
vt 0.000000 -1.499736 0.000000
vt 0.031416 -1.633309 0.000000
vt 0.000000 -1.633309 0.000000
vt 0.031416 -1.766883 0.000000
vt 0.000000 -1.766883 0.000000
vt 0.031416 -1.900457 0.000000
vt 0.000000 -1.900457 0.000000
vt 0.031416 -2.034031 0.000000
vt 0.000000 -2.034031 0.000000
vt 0.031416 -2.167605 0.000000
vt 0.000000 -2.167605 0.000000
vt 0.062832 -2.167605 0.000000
vt 0.062832 -2.034031 0.000000
vt 0.062832 -1.900457 0.000000
vt 0.062832 -1.766883 0.000000
vt 0.062832 -1.633309 0.000000
vt 0.062832 -1.499736 0.000000
vt 0.062832 -1.366162 0.000000
vt 0.062832 -1.232588 0.000000
vt 0.062832 -1.099014 0.000000
vt 0.062832 -0.965440 0.000000
vt 0.094248 -0.965440 0.000000
vt 0.094248 -1.115711 0.000000
vt 0.094248 -1.265982 0.000000
vt 0.094248 -1.416252 0.000000
vt 0.094248 -1.566523 0.000000
vt 0.094248 -1.716793 0.000000
vt 0.094248 -1.867064 0.000000
vt 0.094248 -2.017334 0.000000
vt 0.094248 -2.167605 0.000000
vt 0.094248 0.039777 0.000000
vt 0.094248 -0.017606 0.000000
vt 0.125664 0.039777 0.000000
vt 0.125664 -0.038977 0.000000
vt 0.157080 -0.038977 0.000000
vt 0.157080 -0.117730 0.000000
vt 0.188496 -0.117730 0.000000
vt 0.188496 -0.196483 0.000000
vt 0.157080 -0.196483 0.000000
vt 0.188496 -0.275237 0.000000
vt 0.144518 -0.193618 0.000000
vt 0.125664 -0.117730 0.000000
vt 0.094248 -0.132373 0.000000
vt 0.094248 -0.074990 0.000000
vt 0.188496 -0.038977 0.000000
vt 0.157080 0.039777 0.000000
vt 0.188496 0.039777 0.000000
vt 0.031416 0.914387 0.000000
vt 0.000000 0.914387 0.000000
vt 0.031416 0.780813 0.000000
vt 0.000000 0.780813 0.000000
vt 0.031416 0.647239 0.000000
vt 0.000000 0.647239 0.000000
vt 0.031416 0.513665 0.000000
vt 0.000000 0.513665 0.000000
vt 0.031416 0.380091 0.000000
vt 0.000000 0.380091 0.000000
vt 0.031416 0.246518 0.000000
vt 0.000000 0.246518 0.000000
vt 0.031416 0.112944 0.000000
vt 0.000000 0.112944 0.000000
vt 0.031416 -0.020630 0.000000
vt 0.000000 -0.020630 0.000000
vt 0.031416 -0.154204 0.000000
vt 0.000000 -0.154204 0.000000
vt 0.031416 -0.287778 0.000000
vt 0.000000 -0.287778 0.000000
vt 0.062832 -0.287778 0.000000
vt 0.062832 -0.154204 0.000000
vt 0.062832 -0.020630 0.000000
vt 0.062832 0.112944 0.000000
vt 0.062832 0.246518 0.000000
vt 0.062832 0.380091 0.000000
vt 0.062832 0.513665 0.000000
vt 0.062832 0.647239 0.000000
vt 0.062832 0.780813 0.000000
vt 0.062832 0.914387 0.000000
vt 0.094248 0.914387 0.000000
vt 0.094248 0.764116 0.000000
vt 0.094248 0.613846 0.000000
vt 0.094248 0.463575 0.000000
vt 0.094248 0.313305 0.000000
vt 0.094248 0.163034 0.000000
vt 0.094248 0.012763 0.000000
vt 0.094248 -0.137507 0.000000
vt 0.094248 -0.287778 0.000000
vt 0.000000 0.772995 0.000000
vt 0.000000 0.646031 0.000000
vt 0.031416 0.772995 0.000000
vt 0.031416 0.631924 0.000000
vt 0.062832 0.631924 0.000000
vt 0.062832 0.490852 0.000000
vt 0.094248 0.490852 0.000000
vt 0.094248 0.349781 0.000000
vt 0.062832 0.349781 0.000000
vt 0.094248 0.208710 0.000000
vt 0.062832 0.208710 0.000000
vt 0.094248 0.067638 0.000000
vt 0.062832 0.067638 0.000000
vt 0.094248 -0.073433 0.000000
vt 0.062832 -0.073433 0.000000
vt 0.094248 -0.214505 0.000000
vt 0.062832 -0.214505 0.000000
vt 0.094248 -0.355576 0.000000
vt 0.062832 -0.355576 0.000000
vt 0.094248 -0.496647 0.000000
vt 0.062832 -0.496647 0.000000
vt 0.031416 -0.355576 0.000000
vt 0.031416 -0.496647 0.000000
vt 0.000000 -0.369683 0.000000
vt 0.000000 -0.496647 0.000000
vt 0.000000 0.519067 0.000000
vt 0.031416 0.490852 0.000000
vt 0.000000 0.392102 0.000000
vt 0.031416 0.349781 0.000000
vt 0.000000 0.265138 0.000000
vt 0.031416 0.208710 0.000000
vt 0.000000 0.138174 0.000000
vt 0.031416 0.067638 0.000000
vt 0.000000 0.011210 0.000000
vt 0.031416 -0.073433 0.000000
vt 0.000000 -0.115755 0.000000
vt 0.031416 -0.214505 0.000000
vt 0.000000 -0.242719 0.000000
vt 0.094248 0.631924 0.000000
vt 0.062832 0.772995 0.000000
vt 0.094248 0.772995 0.000000
vt 0.000000 0.496647 0.000000
vt 0.000000 0.369683 0.000000
vt 0.031416 0.496647 0.000000
vt 0.031416 0.355576 0.000000
vt 0.062832 0.355576 0.000000
vt 0.062832 0.214505 0.000000
vt 0.094248 0.214505 0.000000
vt 0.094248 0.073433 0.000000
vt 0.062832 0.073433 0.000000
vt 0.094248 -0.067638 0.000000
vt 0.062832 -0.067638 0.000000
vt 0.094248 -0.208710 0.000000
vt 0.062832 -0.208710 0.000000
vt 0.094248 -0.349781 0.000000
vt 0.062832 -0.349781 0.000000
vt 0.094248 -0.490852 0.000000
vt 0.062832 -0.490852 0.000000
vt 0.094248 -0.631924 0.000000
vt 0.062832 -0.631924 0.000000
vt 0.094248 -0.772995 0.000000
vt 0.062832 -0.772995 0.000000
vt 0.031416 -0.631924 0.000000
vt 0.031416 -0.772995 0.000000
vt 0.000000 -0.646031 0.000000
vt 0.000000 -0.772995 0.000000
vt 0.000000 0.242719 0.000000
vt 0.031416 0.214505 0.000000
vt 0.000000 0.115755 0.000000
vt 0.031416 0.073433 0.000000
vt 0.000000 -0.011210 0.000000
vt 0.031416 -0.067638 0.000000
vt 0.000000 -0.138174 0.000000
vt 0.031416 -0.208710 0.000000
vt 0.000000 -0.265138 0.000000
vt 0.031416 -0.349781 0.000000
vt 0.000000 -0.392102 0.000000
vt 0.031416 -0.490852 0.000000
vt 0.000000 -0.519067 0.000000
vt 0.094248 0.355576 0.000000
vt 0.062832 0.496647 0.000000
vt 0.094248 0.496647 0.000000
vt 0.031416 0.287778 0.000000
vt 0.000000 0.287778 0.000000
vt 0.031416 0.154204 0.000000
vt 0.000000 0.154204 0.000000
vt 0.031416 0.020630 0.000000
vt 0.000000 0.020630 0.000000
vt 0.031416 -0.112944 0.000000
vt 0.000000 -0.112944 0.000000
vt 0.031416 -0.246518 0.000000
vt 0.000000 -0.246518 0.000000
vt 0.031416 -0.380091 0.000000
vt 0.000000 -0.380091 0.000000
vt 0.031416 -0.513665 0.000000
vt 0.000000 -0.513665 0.000000
vt 0.031416 -0.647239 0.000000
vt 0.000000 -0.647239 0.000000
vt 0.031416 -0.780813 0.000000
vt 0.000000 -0.780813 0.000000
vt 0.031416 -0.914387 0.000000
vt 0.000000 -0.914387 0.000000
vt 0.062832 -0.914387 0.000000
vt 0.062832 -0.780813 0.000000
vt 0.062832 -0.647239 0.000000
vt 0.062832 -0.513665 0.000000
vt 0.062832 -0.380091 0.000000
vt 0.062832 -0.246518 0.000000
vt 0.062832 -0.112944 0.000000
vt 0.062832 0.020630 0.000000
vt 0.062832 0.154204 0.000000
vt 0.062832 0.287778 0.000000
vt 0.094248 0.287778 0.000000
vt 0.094248 0.137507 0.000000
vt 0.094248 -0.012763 0.000000
vt 0.094248 -0.163034 0.000000
vt 0.094248 -0.313305 0.000000
vt 0.094248 -0.463575 0.000000
vt 0.094248 -0.613846 0.000000
vt 0.094248 -0.764116 0.000000
vt 0.094248 -0.914387 0.000000
vt 0.031416 0.078908 0.000000
vt 0.000000 0.078908 0.000000
vt 0.031416 -0.054666 0.000000
vt 0.000000 -0.054666 0.000000
vt 0.031416 -0.188240 0.000000
vt 0.000000 -0.188240 0.000000
vt 0.031416 -0.321813 0.000000
vt 0.000000 -0.321813 0.000000
vt 0.031416 -0.455387 0.000000
vt 0.000000 -0.455387 0.000000
vt 0.031416 -0.588961 0.000000
vt 0.000000 -0.588961 0.000000
vt 0.031416 -0.722535 0.000000
vt 0.000000 -0.722535 0.000000
vt 0.031416 -0.856109 0.000000
vt 0.000000 -0.856109 0.000000
vt 0.031416 -0.989682 0.000000
vt 0.000000 -0.989682 0.000000
vt 0.031416 -1.123256 0.000000
vt 0.000000 -1.123256 0.000000
vt 0.062832 -1.123256 0.000000
vt 0.062832 -0.989682 0.000000
vt 0.062832 -0.856109 0.000000
vt 0.062832 -0.722535 0.000000
vt 0.062832 -0.588961 0.000000
vt 0.062832 -0.455387 0.000000
vt 0.062832 -0.321813 0.000000
vt 0.062832 -0.188240 0.000000
vt 0.062832 -0.054666 0.000000
vt 0.062832 0.078908 0.000000
vt 0.094248 0.078908 0.000000
vt 0.094248 -0.071363 0.000000
vt 0.094248 -0.221633 0.000000
vt 0.094248 -0.371904 0.000000
vt 0.094248 -0.522174 0.000000
vt 0.094248 -0.672445 0.000000
vt 0.094248 -0.822715 0.000000
vt 0.094248 -0.972986 0.000000
vt 0.094248 -1.123256 0.000000
vt 0.144518 0.193618 0.000000
vt 0.094248 0.132373 0.000000
vt 0.125664 0.117730 0.000000
vt 0.094248 0.074990 0.000000
vt 0.125664 0.038977 0.000000
vt 0.094248 0.017606 0.000000
vt 0.125664 -0.039777 0.000000
vt 0.094248 -0.039777 0.000000
vt 0.157080 -0.039777 0.000000
vt 0.157080 0.038977 0.000000
vt 0.157080 0.117730 0.000000
vt 0.157080 0.196483 0.000000
vt 0.188496 0.275237 0.000000
vt 0.188496 0.196483 0.000000
vt 0.188496 0.117730 0.000000
vt 0.188496 0.038977 0.000000
vt 0.188496 -0.039777 0.000000
vt 0.144518 0.088328 0.000000
vt 0.094248 0.027083 0.000000
vt 0.125664 0.012440 0.000000
vt 0.094248 -0.030300 0.000000
vt 0.125664 -0.066313 0.000000
vt 0.094248 -0.087683 0.000000
vt 0.125664 -0.145066 0.000000
vt 0.094248 -0.145066 0.000000
vt 0.157080 -0.145066 0.000000
vt 0.157080 -0.066313 0.000000
vt 0.157080 0.012440 0.000000
vt 0.157080 0.091194 0.000000
vt 0.188496 0.169947 0.000000
vt 0.188496 0.091194 0.000000
vt 0.188496 0.012440 0.000000
vt 0.188496 -0.066313 0.000000
vt 0.188496 -0.145066 0.000000
vt -0.188496 0.064658 0.000000
vt -0.222363 -0.000000 0.000000
vt -0.188496 -0.014096 0.000000
vt -0.219911 -0.014096 0.000000
vt -0.188496 -0.092849 0.000000
vt -0.219911 -0.092849 0.000000
vt -0.188496 -0.171603 0.000000
vt -0.219911 -0.171603 0.000000
vt -0.188496 -0.250356 0.000000
vt -0.219911 -0.250356 0.000000
vt -0.251327 -0.171603 0.000000
vt -0.251327 -0.250356 0.000000
vt -0.282743 -0.192973 0.000000
vt -0.282743 -0.250356 0.000000
vt -0.251327 -0.092849 0.000000
vt -0.282743 -0.078206 0.000000
vt -0.282743 -0.135590 0.000000
vt 0.094248 0.135590 0.000000
vt 0.094248 0.078206 0.000000
vt 0.125664 0.092849 0.000000
vt 0.144518 0.016962 0.000000
vt 0.157080 0.014096 0.000000
vt 0.188496 -0.064658 0.000000
vt 0.188496 0.014096 0.000000
vt 0.157080 0.092849 0.000000
vt 0.188496 0.092849 0.000000
vt 0.157080 0.171603 0.000000
vt 0.188496 0.171603 0.000000
vt 0.157080 0.250356 0.000000
vt 0.188496 0.250356 0.000000
vt 0.125664 0.250356 0.000000
vt 0.125664 0.171603 0.000000
vt 0.094248 0.250356 0.000000
vt 0.094248 0.192973 0.000000
vt 0.094248 0.145066 0.000000
vt 0.094248 0.087683 0.000000
vt 0.125664 0.145066 0.000000
vt 0.125664 0.066313 0.000000
vt 0.157080 0.066313 0.000000
vt 0.157080 -0.012440 0.000000
vt 0.188496 -0.012440 0.000000
vt 0.188496 -0.091194 0.000000
vt 0.157080 -0.091194 0.000000
vt 0.188496 -0.169947 0.000000
vt 0.144518 -0.088328 0.000000
vt 0.125664 -0.012440 0.000000
vt 0.094248 -0.027083 0.000000
vt 0.094248 0.030300 0.000000
vt 0.188496 0.066313 0.000000
vt 0.157080 0.145066 0.000000
vt 0.188496 0.145066 0.000000
vt -0.141421 -0.023737 0.000000
vt -0.000000 -0.023737 0.000000
vt -0.141421 0.023259 0.000000
vt 0.000000 0.023259 0.000000
vt -0.141421 0.070256 0.000000
vt -0.000000 0.070256 0.000000
vt -0.141421 0.117252 0.000000
vt -0.000000 0.117252 0.000000
vt -0.141421 0.164248 0.000000
vt 0.000000 0.164248 0.000000
vt -0.000000 0.094948 0.000000
vt -0.141421 0.094948 0.000000
vt -0.000000 -0.049705 0.000000
vt -0.141421 -0.065778 0.000000
vt 0.000000 -0.194359 0.000000
vt -0.141421 -0.226504 0.000000
vt 0.000000 -0.339012 0.000000
vt -0.141421 -0.387230 0.000000
vt 0.000000 -0.483665 0.000000
vt -0.141421 -0.547956 0.000000
vt -0.000000 -0.628319 0.000000
vt -0.141421 -0.708681 0.000000
vt 0.000000 -0.772972 0.000000
vt -0.141421 -0.869407 0.000000
vt 0.000000 -0.917625 0.000000
vt -0.141421 -1.030133 0.000000
vt -0.000000 -1.062278 0.000000
vt -0.141421 -1.190859 0.000000
vt -0.000000 -1.206932 0.000000
vt -0.141421 -1.351585 0.000000
vt -0.000000 -1.351585 0.000000
vt -0.141421 -0.086569 0.000000
vt -0.000000 -0.086569 0.000000
vt -0.141421 -0.039572 0.000000
vt -0.000000 -0.039572 0.000000
vt -0.141421 0.007424 0.000000
vt -0.000000 0.007424 0.000000
vt -0.141421 0.054420 0.000000
vt -0.000000 0.054420 0.000000
vt -0.141421 0.101416 0.000000
vt 0.000000 0.101416 0.000000
vt 0.141421 0.346275 0.000000
vt -0.000000 0.346275 0.000000
vt 0.141421 0.201622 0.000000
vt -0.000000 0.185549 0.000000
vt 0.141421 0.056969 0.000000
vt 0.000000 0.024823 0.000000
vt 0.141421 -0.087685 0.000000
vt 0.000000 -0.135902 0.000000
vt 0.141421 -0.232338 0.000000
vt -0.000000 -0.296628 0.000000
vt 0.141421 -0.376991 0.000000
vt 0.000000 -0.457354 0.000000
vt 0.141421 -0.521644 0.000000
vt 0.000000 -0.618080 0.000000
vt 0.141421 -0.666298 0.000000
vt -0.000000 -0.778806 0.000000
vt 0.141421 -0.810951 0.000000
vt -0.000000 -0.939532 0.000000
vt 0.141421 -0.955604 0.000000
vt 0.000000 -1.100257 0.000000
vt 0.141421 -1.100257 0.000000
vt -0.141421 -0.149401 0.000000
vt 0.000000 -0.149401 0.000000
vt -0.141421 -0.102404 0.000000
vt -0.000000 -0.102404 0.000000
vt -0.141421 -0.055408 0.000000
vt 0.000000 -0.055408 0.000000
vt -0.141421 -0.008412 0.000000
vt 0.000000 -0.008412 0.000000
vt -0.141421 0.038585 0.000000
vt 0.000000 0.038585 0.000000
vt 0.141421 0.597603 0.000000
vt 0.000000 0.597603 0.000000
vt 0.141421 0.458718 0.000000
vt -0.000000 0.444830 0.000000
vt 0.141421 0.319834 0.000000
vt -0.000000 0.292057 0.000000
vt 0.141421 0.180950 0.000000
vt 0.000000 0.139284 0.000000
vt 0.141421 0.042065 0.000000
vt -0.000000 -0.013488 0.000000
vt 0.141421 -0.096819 0.000000
vt -0.000000 -0.166261 0.000000
vt 0.141421 -0.235703 0.000000
vt -0.000000 -0.319034 0.000000
vt 0.141421 -0.374587 0.000000
vt 0.000000 -0.471806 0.000000
vt 0.141421 -0.513472 0.000000
vt -0.000000 -0.624579 0.000000
vt 0.141421 -0.652356 0.000000
vt 0.000000 -0.777352 0.000000
vt 0.141421 -0.791240 0.000000
vt -0.000000 -0.930125 0.000000
vt 0.141421 -0.930125 0.000000
vt -0.141421 -0.164248 0.000000
vt -0.000000 -0.164248 0.000000
vt -0.141421 -0.117252 0.000000
vt -0.000000 -0.117252 0.000000
vt -0.141421 -0.070256 0.000000
vt -0.000000 -0.070256 0.000000
vt -0.141421 -0.023259 0.000000
vt 0.000000 -0.023259 0.000000
vt -0.141421 0.023737 0.000000
vt -0.000000 0.023737 0.000000
vt 0.141421 -1.161689 0.000000
vt -0.000000 -1.161689 0.000000
vt 0.141421 -1.306343 0.000000
vt -0.000000 -1.322415 0.000000
vt 0.141421 -1.450996 0.000000
vt -0.000000 -1.483141 0.000000
vt 0.141421 -1.595649 0.000000
vt -0.000000 -1.643867 0.000000
vt 0.141421 -1.740302 0.000000
vt 0.000000 -1.804593 0.000000
vt 0.141421 -1.884956 0.000000
vt 0.000000 -1.965319 0.000000
vt 0.141421 -2.029609 0.000000
vt 0.000000 -2.126044 0.000000
vt 0.141421 -2.174262 0.000000
vt -0.000000 -2.286770 0.000000
vt 0.141421 -2.318915 0.000000
vt -0.000000 -2.447496 0.000000
vt 0.141421 -2.463569 0.000000
vt -0.000000 -2.608222 0.000000
vt 0.141421 -2.608222 0.000000
vt -0.000000 -1.288926 0.000000
vt 0.141421 -1.288926 0.000000
vt -0.000000 -0.644463 0.000000
vt 0.141421 -0.644463 0.000000
vt -0.000000 0.000000 0.000000
vt 0.141421 0.000000 0.000000
vt -0.000000 0.644463 0.000000
vt 0.141421 0.644463 0.000000
vt -0.000000 1.288926 0.000000
vt 0.141421 1.288926 0.000000
vt -0.141421 -0.101416 0.000000
vt 0.000000 -0.101416 0.000000
vt -0.141421 -0.054420 0.000000
vt 0.000000 -0.054420 0.000000
vt -0.141421 -0.007424 0.000000
vt -0.000000 -0.007424 0.000000
vt -0.141421 0.039572 0.000000
vt 0.000000 0.039572 0.000000
vt -0.141421 0.086569 0.000000
vt 0.000000 0.086569 0.000000
vt 0.141421 1.100257 0.000000
vt 0.000000 1.100257 0.000000
vt 0.141421 0.955604 0.000000
vt -0.000000 0.939532 0.000000
vt 0.141421 0.810951 0.000000
vt -0.000000 0.778806 0.000000
vt 0.141421 0.666298 0.000000
vt 0.000000 0.618080 0.000000
vt 0.141421 0.521644 0.000000
vt 0.000000 0.457354 0.000000
vt 0.141421 0.376991 0.000000
vt 0.000000 0.296628 0.000000
vt 0.141421 0.232338 0.000000
vt 0.000000 0.135902 0.000000
vt 0.141421 0.087685 0.000000
vt 0.000000 -0.024823 0.000000
vt 0.141421 -0.056969 0.000000
vt -0.000000 -0.185549 0.000000
vt 0.141421 -0.201622 0.000000
vt 0.000000 -0.346275 0.000000
vt 0.141421 -0.346275 0.000000
vt 0.141421 0.930125 0.000000
vt 0.000000 0.930125 0.000000
vt 0.141421 0.791240 0.000000
vt 0.000000 0.777352 0.000000
vt 0.141421 0.652356 0.000000
vt 0.000000 0.624579 0.000000
vt 0.141421 0.513472 0.000000
vt 0.000000 0.471806 0.000000
vt 0.141421 0.374587 0.000000
vt 0.000000 0.319034 0.000000
vt 0.141421 0.235703 0.000000
vt -0.000000 0.166261 0.000000
vt 0.141421 0.096819 0.000000
vt 0.000000 0.013488 0.000000
vt 0.141421 -0.042065 0.000000
vt -0.000000 -0.139284 0.000000
vt 0.141421 -0.180950 0.000000
vt 0.000000 -0.292057 0.000000
vt 0.141421 -0.319834 0.000000
vt 0.000000 -0.444830 0.000000
vt 0.141421 -0.458718 0.000000
vt -0.000000 -0.597603 0.000000
vt 0.141421 -0.597603 0.000000
vt -0.141421 -0.038585 0.000000
vt -0.000000 -0.038585 0.000000
vt -0.141421 0.008412 0.000000
vt -0.000000 0.008412 0.000000
vt -0.141421 0.055408 0.000000
vt -0.000000 0.055408 0.000000
vt -0.141421 0.102404 0.000000
vt -0.000000 0.102404 0.000000
vt -0.141421 0.149401 0.000000
vt 0.000000 0.149401 0.000000
vt -0.330000 -0.035605 0.000000
vt -0.100000 -0.035605 0.000000
vt -0.330000 0.034889 0.000000
vt -0.100000 0.034889 0.000000
vt -0.330000 0.105384 0.000000
vt -0.100000 0.105384 0.000000
vt -0.330000 0.175878 0.000000
vt -0.100000 0.175878 0.000000
vt -0.330000 0.246373 0.000000
vt -0.100000 0.246373 0.000000
vt -0.330000 -0.129853 0.000000
vt -0.100000 -0.129853 0.000000
vt -0.330000 -0.059359 0.000000
vt -0.100000 -0.059359 0.000000
vt -0.330000 0.011136 0.000000
vt -0.100000 0.011136 0.000000
vt -0.330000 0.081630 0.000000
vt -0.100000 0.081630 0.000000
vt -0.330000 0.152125 0.000000
vt -0.100000 0.152125 0.000000
vt -0.330000 -0.224101 0.000000
vt -0.100000 -0.224101 0.000000
vt -0.330000 -0.153606 0.000000
vt -0.100000 -0.153606 0.000000
vt -0.330000 -0.083112 0.000000
vt -0.100000 -0.083112 0.000000
vt -0.330000 -0.012618 0.000000
vt -0.100000 -0.012618 0.000000
vt -0.330000 0.057877 0.000000
vt -0.100000 0.057877 0.000000
vt 0.100000 -0.224101 0.000000
vt 0.330000 -0.224101 0.000000
vt 0.100000 -0.153606 0.000000
vt 0.330000 -0.153606 0.000000
vt 0.100000 -0.083112 0.000000
vt 0.330000 -0.083112 0.000000
vt 0.100000 -0.012618 0.000000
vt 0.330000 -0.012618 0.000000
vt 0.100000 0.057877 0.000000
vt 0.330000 0.057877 0.000000
vt 0.100000 -0.129853 0.000000
vt 0.330000 -0.129853 0.000000
vt 0.100000 -0.059359 0.000000
vt 0.330000 -0.059359 0.000000
vt 0.100000 0.011136 0.000000
vt 0.330000 0.011136 0.000000
vt 0.100000 0.081630 0.000000
vt 0.330000 0.081630 0.000000
vt 0.100000 0.152125 0.000000
vt 0.330000 0.152125 0.000000
vt 0.100000 -0.035605 0.000000
vt 0.330000 -0.035605 0.000000
vt 0.100000 0.034889 0.000000
vt 0.330000 0.034889 0.000000
vt 0.100000 0.105384 0.000000
vt 0.330000 0.105384 0.000000
vt 0.100000 0.175878 0.000000
vt 0.330000 0.175878 0.000000
vt 0.100000 0.246373 0.000000
vt 0.330000 0.246373 0.000000
vt -0.014142 -0.089012 0.000000
vt 0.000000 -0.089012 0.000000
vt -0.014142 0.000000 0.000000
vt 0.000000 0.000000 0.000000
vt -0.014142 0.089012 0.000000
vt 0.000000 0.089012 0.000000
vt -0.014142 0.178024 0.000000
vt 0.000000 0.178024 0.000000
vt -0.014142 0.267035 0.000000
vt 0.000000 0.267035 0.000000
vt -0.014142 0.356047 0.000000
vt 0.000000 0.356047 0.000000
vt -0.014142 0.445059 0.000000
vt -0.000000 0.445059 0.000000
vt -0.014142 0.534071 0.000000
vt 0.000000 0.534071 0.000000
vt -0.014142 -0.534071 0.000000
vt 0.000000 -0.534071 0.000000
vt -0.014142 -0.445059 0.000000
vt 0.000000 -0.445059 0.000000
vt -0.014142 -0.356047 0.000000
vt 0.000000 -0.356047 0.000000
vt -0.014142 -0.267035 0.000000
vt 0.000000 -0.267035 0.000000
vt -0.014142 -0.178024 0.000000
vt -0.000000 -0.178024 0.000000
vt -0.000000 -0.089012 0.000000
vt 0.014142 -0.089012 0.000000
vt 0.000000 -0.000000 0.000000
vt 0.014142 -0.000000 0.000000
vt -0.000000 0.089012 0.000000
vt 0.014142 0.089012 0.000000
vt -0.000000 0.178024 0.000000
vt 0.014142 0.178024 0.000000
vt 0.000000 0.267035 0.000000
vt 0.014142 0.267035 0.000000
vt -0.000000 0.356047 0.000000
vt 0.014142 0.356047 0.000000
vt -0.000000 0.445059 0.000000
vt 0.014142 0.445059 0.000000
vt 0.000000 0.534071 0.000000
vt 0.014142 0.534071 0.000000
vt 0.000000 -0.534071 0.000000
vt 0.014142 -0.534071 0.000000
vt 0.000000 -0.445059 0.000000
vt 0.014142 -0.445059 0.000000
vt -0.000000 -0.356047 0.000000
vt 0.014142 -0.356047 0.000000
vt 0.000000 -0.267035 0.000000
vt 0.014142 -0.267035 0.000000
vt -0.000000 -0.178024 0.000000
vt 0.014142 -0.178024 0.000000
vt -0.014142 -0.089012 0.000000
vt 0.000000 -0.089012 0.000000
vt -0.014142 0.000000 0.000000
vt 0.000000 0.000000 0.000000
vt -0.014142 0.089012 0.000000
vt 0.000000 0.089012 0.000000
vt -0.014142 0.178024 0.000000
vt 0.000000 0.178024 0.000000
vt -0.014142 0.267035 0.000000
vt 0.000000 0.267035 0.000000
vt -0.014142 0.356047 0.000000
vt 0.000000 0.356047 0.000000
vt -0.014142 0.445059 0.000000
vt 0.000000 0.445059 0.000000
vt -0.014142 0.534071 0.000000
vt 0.000000 0.534071 0.000000
vt -0.014142 -0.534071 0.000000
vt 0.000000 -0.534071 0.000000
vt -0.014142 -0.445059 0.000000
vt 0.000000 -0.445059 0.000000
vt -0.014142 -0.356047 0.000000
vt 0.000000 -0.356047 0.000000
vt -0.014142 -0.267035 0.000000
vt 0.000000 -0.267035 0.000000
vt -0.014142 -0.178024 0.000000
vt 0.000000 -0.178024 0.000000
vt -0.000000 -0.089012 0.000000
vt 0.014142 -0.089012 0.000000
vt -0.000000 0.000000 0.000000
vt 0.014142 -0.000000 0.000000
vt -0.000000 0.089012 0.000000
vt 0.014142 0.089012 0.000000
vt -0.000000 0.178024 0.000000
vt 0.014142 0.178024 0.000000
vt 0.000000 0.267035 0.000000
vt 0.014142 0.267035 0.000000
vt -0.000000 0.356047 0.000000
vt 0.014142 0.356047 0.000000
vt -0.000000 0.445059 0.000000
vt 0.014142 0.445059 0.000000
vt 0.000000 0.534071 0.000000
vt 0.014142 0.534071 0.000000
vt 0.000000 -0.534071 0.000000
vt 0.014142 -0.534071 0.000000
vt -0.000000 -0.445059 0.000000
vt 0.014142 -0.445059 0.000000
vt -0.000000 -0.356047 0.000000
vt 0.014142 -0.356047 0.000000
vt 0.000000 -0.267035 0.000000
vt 0.014142 -0.267035 0.000000
vt -0.000000 -0.178024 0.000000
vt 0.014142 -0.178024 0.000000
vt -0.014142 -0.089012 0.000000
vt 0.000000 -0.089012 0.000000
vt -0.014142 0.000000 0.000000
vt 0.000000 0.000000 0.000000
vt -0.014142 0.089012 0.000000
vt 0.000000 0.089012 0.000000
vt -0.014142 0.178024 0.000000
vt -0.000000 0.178024 0.000000
vt -0.014142 0.267035 0.000000
vt 0.000000 0.267035 0.000000
vt -0.014142 0.356047 0.000000
vt 0.000000 0.356047 0.000000
vt -0.014142 0.445059 0.000000
vt 0.000000 0.445059 0.000000
vt -0.014142 0.534071 0.000000
vt 0.000000 0.534071 0.000000
vt -0.014142 -0.534071 0.000000
vt 0.000000 -0.534071 0.000000
vt -0.014142 -0.445059 0.000000
vt 0.000000 -0.445059 0.000000
vt -0.014142 -0.356047 0.000000
vt 0.000000 -0.356047 0.000000
vt -0.014142 -0.267035 0.000000
vt 0.000000 -0.267035 0.000000
vt -0.014142 -0.178024 0.000000
vt 0.000000 -0.178024 0.000000
vt -0.000000 -0.089012 0.000000
vt 0.014142 -0.089012 0.000000
vt 0.000000 -0.000000 0.000000
vt 0.014142 0.000000 0.000000
vt -0.000000 0.089012 0.000000
vt 0.014142 0.089012 0.000000
vt -0.000000 0.178024 0.000000
vt 0.014142 0.178024 0.000000
vt 0.000000 0.267035 0.000000
vt 0.014142 0.267035 0.000000
vt -0.000000 0.356047 0.000000
vt 0.014142 0.356047 0.000000
vt -0.000000 0.445059 0.000000
vt 0.014142 0.445059 0.000000
vt 0.000000 0.534071 0.000000
vt 0.014142 0.534071 0.000000
vt 0.000000 -0.534071 0.000000
vt 0.014142 -0.534071 0.000000
vt -0.000000 -0.445059 0.000000
vt 0.014142 -0.445059 0.000000
vt -0.000000 -0.356047 0.000000
vt 0.014142 -0.356047 0.000000
vt 0.000000 -0.267035 0.000000
vt 0.014142 -0.267035 0.000000
vt -0.000000 -0.178024 0.000000
vt 0.014142 -0.178024 0.000000
vt -0.014142 -0.089012 0.000000
vt 0.000000 -0.089012 0.000000
vt -0.014142 0.000000 0.000000
vt 0.000000 0.000000 0.000000
vt -0.014142 0.089012 0.000000
vt -0.000000 0.089012 0.000000
vt -0.014142 0.178024 0.000000
vt 0.000000 0.178024 0.000000
vt -0.014142 0.267035 0.000000
vt 0.000000 0.267035 0.000000
vt -0.014142 0.356047 0.000000
vt 0.000000 0.356047 0.000000
vt -0.014142 0.445059 0.000000
vt 0.000000 0.445059 0.000000
vt -0.014142 0.534071 0.000000
vt 0.000000 0.534071 0.000000
vt -0.014142 -0.534071 0.000000
vt 0.000000 -0.534071 0.000000
vt -0.014142 -0.445059 0.000000
vt -0.000000 -0.445059 0.000000
vt -0.014142 -0.356047 0.000000
vt -0.000000 -0.356047 0.000000
vt -0.014142 -0.267035 0.000000
vt 0.000000 -0.267035 0.000000
vt -0.014142 -0.178024 0.000000
vt 0.000000 -0.178024 0.000000
vt -0.000000 -0.089012 0.000000
vt 0.014142 -0.089012 0.000000
vt 0.000000 -0.000000 0.000000
vt 0.014142 -0.000000 0.000000
vt -0.000000 0.089012 0.000000
vt 0.014142 0.089012 0.000000
vt -0.000000 0.178024 0.000000
vt 0.014142 0.178024 0.000000
vt 0.000000 0.267035 0.000000
vt 0.014142 0.267035 0.000000
vt 0.000000 0.356047 0.000000
vt 0.014142 0.356047 0.000000
vt -0.000000 0.445059 0.000000
vt 0.014142 0.445059 0.000000
vt 0.000000 0.534071 0.000000
vt 0.014142 0.534071 0.000000
vt 0.000000 -0.534071 0.000000
vt 0.014142 -0.534071 0.000000
vt -0.000000 -0.445059 0.000000
vt 0.014142 -0.445059 0.000000
vt -0.000000 -0.356047 0.000000
vt 0.014142 -0.356047 0.000000
vt 0.000000 -0.267035 0.000000
vt 0.014142 -0.267035 0.000000
vt 0.000000 -0.178024 0.000000
vt 0.014142 -0.178024 0.000000
vt -0.014142 -0.089012 0.000000
vt 0.000000 -0.089012 0.000000
vt -0.014142 0.000000 0.000000
vt 0.000000 0.000000 0.000000
vt -0.014142 0.089012 0.000000
vt 0.000000 0.089012 0.000000
vt -0.014142 0.178024 0.000000
vt 0.000000 0.178024 0.000000
vt -0.014142 0.267035 0.000000
vt -0.000000 0.267035 0.000000
vt -0.014142 0.356047 0.000000
vt 0.000000 0.356047 0.000000
vt -0.014142 0.445059 0.000000
vt 0.000000 0.445059 0.000000
vt -0.014142 0.534071 0.000000
vt -0.000000 0.534071 0.000000
vt -0.014142 -0.534071 0.000000
vt -0.000000 -0.534071 0.000000
vt -0.014142 -0.445059 0.000000
vt 0.000000 -0.445059 0.000000
vt -0.014142 -0.356047 0.000000
vt 0.000000 -0.356047 0.000000
vt -0.014142 -0.267035 0.000000
vt -0.000000 -0.267035 0.000000
vt -0.014142 -0.178024 0.000000
vt 0.000000 -0.178024 0.000000
vt -0.000000 -0.089012 0.000000
vt 0.014142 -0.089012 0.000000
vt -0.000000 -0.000000 0.000000
vt 0.014142 -0.000000 0.000000
vt -0.000000 0.089012 0.000000
vt 0.014142 0.089012 0.000000
vt -0.000000 0.178024 0.000000
vt 0.014142 0.178024 0.000000
vt 0.000000 0.267035 0.000000
vt 0.014142 0.267035 0.000000
vt -0.000000 0.356047 0.000000
vt 0.014142 0.356047 0.000000
vt -0.000000 0.445059 0.000000
vt 0.014142 0.445059 0.000000
vt 0.000000 0.534071 0.000000
vt 0.014142 0.534071 0.000000
vt 0.000000 -0.534071 0.000000
vt 0.014142 -0.534071 0.000000
vt -0.000000 -0.445059 0.000000
vt 0.014142 -0.445059 0.000000
vt -0.000000 -0.356047 0.000000
vt 0.014142 -0.356047 0.000000
vt 0.000000 -0.267035 0.000000
vt 0.014142 -0.267035 0.000000
vt -0.000000 -0.178024 0.000000
vt 0.014142 -0.178024 0.000000
vt -0.014142 -0.089012 0.000000
vt -0.000000 -0.089012 0.000000
vt -0.014142 0.000000 0.000000
vt 0.000000 0.000000 0.000000
vt -0.014142 0.089012 0.000000
vt 0.000000 0.089012 0.000000
vt -0.014142 0.178024 0.000000
vt 0.000000 0.178024 0.000000
vt -0.014142 0.267035 0.000000
vt 0.000000 0.267035 0.000000
vt -0.014142 0.356047 0.000000
vt -0.000000 0.356047 0.000000
vt -0.014142 0.445059 0.000000
vt 0.000000 0.445059 0.000000
vt -0.014142 0.534071 0.000000
vt 0.000000 0.534071 0.000000
vt -0.014142 -0.534071 0.000000
vt 0.000000 -0.534071 0.000000
vt -0.014142 -0.445059 0.000000
vt 0.000000 -0.445059 0.000000
vt -0.014142 -0.356047 0.000000
vt 0.000000 -0.356047 0.000000
vt -0.014142 -0.267035 0.000000
vt 0.000000 -0.267035 0.000000
vt -0.014142 -0.178024 0.000000
vt -0.000000 -0.178024 0.000000
vt -0.000000 -0.089012 0.000000
vt 0.014142 -0.089012 0.000000
vt 0.000000 0.000000 0.000000
vt 0.014142 0.000000 0.000000
vt 0.000000 0.089012 0.000000
vt 0.014142 0.089012 0.000000
vt -0.000000 0.178024 0.000000
vt 0.014142 0.178024 0.000000
vt 0.000000 0.267035 0.000000
vt 0.014142 0.267035 0.000000
vt -0.000000 0.356047 0.000000
vt 0.014142 0.356047 0.000000
vt -0.000000 0.445059 0.000000
vt 0.014142 0.445059 0.000000
vt 0.000000 0.534071 0.000000
vt 0.014142 0.534071 0.000000
vt 0.000000 -0.534071 0.000000
vt 0.014142 -0.534071 0.000000
vt -0.000000 -0.445059 0.000000
vt 0.014142 -0.445059 0.000000
vt -0.000000 -0.356047 0.000000
vt 0.014142 -0.356047 0.000000
vt 0.000000 -0.267035 0.000000
vt 0.014142 -0.267035 0.000000
vt 0.000000 -0.178024 0.000000
vt 0.014142 -0.178024 0.000000
vt -0.014142 -0.089012 0.000000
vt 0.000000 -0.089012 0.000000
vt -0.014142 0.000000 0.000000
vt 0.000000 0.000000 0.000000
vt -0.014142 0.089012 0.000000
vt 0.000000 0.089012 0.000000
vt -0.014142 0.178024 0.000000
vt 0.000000 0.178024 0.000000
vt -0.014142 0.267035 0.000000
vt 0.000000 0.267035 0.000000
vt -0.014142 0.356047 0.000000
vt 0.000000 0.356047 0.000000
vt -0.014142 0.445059 0.000000
vt 0.000000 0.445059 0.000000
vt -0.014142 0.534071 0.000000
vt 0.000000 0.534071 0.000000
vt -0.014142 -0.534071 0.000000
vt 0.000000 -0.534071 0.000000
vt -0.014142 -0.445059 0.000000
vt 0.000000 -0.445059 0.000000
vt -0.014142 -0.356047 0.000000
vt 0.000000 -0.356047 0.000000
vt -0.014142 -0.267035 0.000000
vt 0.000000 -0.267035 0.000000
vt -0.014142 -0.178024 0.000000
vt 0.000000 -0.178024 0.000000
vt -0.000000 -0.089012 0.000000
vt 0.014142 -0.089012 0.000000
vt 0.000000 0.000000 0.000000
vt 0.014142 -0.000000 0.000000
vt -0.000000 0.089012 0.000000
vt 0.014142 0.089012 0.000000
vt -0.000000 0.178024 0.000000
vt 0.014142 0.178024 0.000000
vt 0.000000 0.267035 0.000000
vt 0.014142 0.267035 0.000000
vt -0.000000 0.356047 0.000000
vt 0.014142 0.356047 0.000000
vt -0.000000 0.445059 0.000000
vt 0.014142 0.445059 0.000000
vt 0.000000 0.534071 0.000000
vt 0.014142 0.534071 0.000000
vt 0.000000 -0.534071 0.000000
vt 0.014142 -0.534071 0.000000
vt -0.000000 -0.445059 0.000000
vt 0.014142 -0.445059 0.000000
vt -0.000000 -0.356047 0.000000
vt 0.014142 -0.356047 0.000000
vt 0.000000 -0.267035 0.000000
vt 0.014142 -0.267035 0.000000
vt -0.000000 -0.178024 0.000000
vt 0.014142 -0.178024 0.000000
vt -0.014142 -0.089012 0.000000
vt 0.000000 -0.089012 0.000000
vt -0.014142 -0.000000 0.000000
vt 0.000000 -0.000000 0.000000
vt -0.014142 0.089012 0.000000
vt 0.000000 0.089012 0.000000
vt -0.014142 0.178024 0.000000
vt -0.000000 0.178024 0.000000
vt -0.014142 0.267035 0.000000
vt 0.000000 0.267035 0.000000
vt -0.014142 0.356047 0.000000
vt 0.000000 0.356047 0.000000
vt -0.014142 0.445059 0.000000
vt 0.000000 0.445059 0.000000
vt -0.014142 0.534071 0.000000
vt 0.000000 0.534071 0.000000
vt -0.014142 -0.534071 0.000000
vt 0.000000 -0.534071 0.000000
vt -0.014142 -0.445059 0.000000
vt 0.000000 -0.445059 0.000000
vt -0.014142 -0.356047 0.000000
vt 0.000000 -0.356047 0.000000
vt -0.014142 -0.267035 0.000000
vt 0.000000 -0.267035 0.000000
vt -0.014142 -0.178024 0.000000
vt 0.000000 -0.178024 0.000000
vt -0.000000 -0.089012 0.000000
vt 0.014142 -0.089012 0.000000
vt -0.000000 -0.000000 0.000000
vt 0.014142 -0.000000 0.000000
vt -0.000000 0.089012 0.000000
vt 0.014142 0.089012 0.000000
vt -0.000000 0.178024 0.000000
vt 0.014142 0.178024 0.000000
vt 0.000000 0.267035 0.000000
vt 0.014142 0.267035 0.000000
vt -0.000000 0.356047 0.000000
vt 0.014142 0.356047 0.000000
vt -0.000000 0.445059 0.000000
vt 0.014142 0.445059 0.000000
vt 0.000000 0.534071 0.000000
vt 0.014142 0.534071 0.000000
vt 0.000000 -0.534071 0.000000
vt 0.014142 -0.534071 0.000000
vt -0.000000 -0.445059 0.000000
vt 0.014142 -0.445059 0.000000
vt -0.000000 -0.356047 0.000000
vt 0.014142 -0.356047 0.000000
vt 0.000000 -0.267035 0.000000
vt 0.014142 -0.267035 0.000000
vt -0.000000 -0.178024 0.000000
vt 0.014142 -0.178024 0.000000
vt -0.014142 -0.089012 0.000000
vt 0.000000 -0.089012 0.000000
vt -0.014142 -0.000000 0.000000
vt 0.000000 0.000000 0.000000
vt -0.014142 0.089012 0.000000
vt 0.000000 0.089012 0.000000
vt -0.014142 0.178024 0.000000
vt 0.000000 0.178024 0.000000
vt -0.014142 0.267035 0.000000
vt 0.000000 0.267035 0.000000
vt -0.014142 0.356047 0.000000
vt 0.000000 0.356047 0.000000
vt -0.014142 0.445059 0.000000
vt 0.000000 0.445059 0.000000
vt -0.014142 0.534071 0.000000
vt 0.000000 0.534071 0.000000
vt -0.014142 -0.534071 0.000000
vt 0.000000 -0.534071 0.000000
vt -0.014142 -0.445059 0.000000
vt -0.000000 -0.445059 0.000000
vt -0.014142 -0.356047 0.000000
vt 0.000000 -0.356047 0.000000
vt -0.014142 -0.267035 0.000000
vt 0.000000 -0.267035 0.000000
vt -0.014142 -0.178024 0.000000
vt 0.000000 -0.178024 0.000000
vt -0.000000 -0.089012 0.000000
vt 0.014142 -0.089012 0.000000
vt 0.000000 -0.000000 0.000000
vt 0.014142 -0.000000 0.000000
vt -0.000000 0.089012 0.000000
vt 0.014142 0.089012 0.000000
vt -0.000000 0.178024 0.000000
vt 0.014142 0.178024 0.000000
vt 0.000000 0.267035 0.000000
vt 0.014142 0.267035 0.000000
vt -0.000000 0.356047 0.000000
vt 0.014142 0.356047 0.000000
vt -0.000000 0.445059 0.000000
vt 0.014142 0.445059 0.000000
vt 0.000000 0.534071 0.000000
vt 0.014142 0.534071 0.000000
vt 0.000000 -0.534071 0.000000
vt 0.014142 -0.534071 0.000000
vt -0.000000 -0.445059 0.000000
vt 0.014142 -0.445059 0.000000
vt -0.000000 -0.356047 0.000000
vt 0.014142 -0.356047 0.000000
vt 0.000000 -0.267035 0.000000
vt 0.014142 -0.267035 0.000000
vt -0.000000 -0.178024 0.000000
vt 0.014142 -0.178024 0.000000
vt -0.990000 0.431969 0.000000
vt -0.400000 0.431969 0.000000
vt -0.990000 0.518363 0.000000
vt -0.400000 0.518363 0.000000
vt -0.990000 -0.518363 0.000000
vt -0.400000 -0.518363 0.000000
vt -0.990000 -0.431969 0.000000
vt -0.400000 -0.431969 0.000000
vt -0.990000 -0.345575 0.000000
vt -0.400000 -0.345575 0.000000
vt -0.990000 -0.259181 0.000000
vt -0.400000 -0.259181 0.000000
vt -0.990000 -0.172788 0.000000
vt -0.400000 -0.172788 0.000000
vt -0.990000 -0.086394 0.000000
vt -0.400000 -0.086394 0.000000
vt -0.990000 -0.000000 0.000000
vt -0.400000 -0.000000 0.000000
vt -0.990000 0.086394 0.000000
vt -0.400000 0.086394 0.000000
vt -0.990000 0.172788 0.000000
vt -0.400000 0.172788 0.000000
vt -0.990000 0.259181 0.000000
vt -0.400000 0.259181 0.000000
vt -0.990000 0.345575 0.000000
vt -0.400000 0.345575 0.000000
vt -0.100000 0.302991 0.000000
vt -0.330000 0.302991 0.000000
vt -0.100000 0.162356 0.000000
vt -0.330000 0.162356 0.000000
vt -0.100000 0.021721 0.000000
vt -0.330000 0.021721 0.000000
vt -0.100000 -0.118915 0.000000
vt -0.330000 -0.118915 0.000000
vt -0.100000 -0.259550 0.000000
vt -0.330000 -0.259550 0.000000
vt -0.100000 -0.400185 0.000000
vt -0.330000 -0.400185 0.000000
vt -0.100000 -0.540820 0.000000
vt -0.330000 -0.540820 0.000000
vt -0.100000 -0.681455 0.000000
vt -0.330000 -0.681455 0.000000
vt -0.100000 -0.822090 0.000000
vt -0.330000 -0.822090 0.000000
vt -0.100000 -0.962725 0.000000
vt -0.330000 -0.962725 0.000000
vt -0.990000 0.431969 0.000000
vt -0.400000 0.431969 0.000000
vt -0.990000 0.518363 0.000000
vt -0.400000 0.518363 0.000000
vt -0.990000 -0.518363 0.000000
vt -0.400000 -0.518363 0.000000
vt -0.990000 -0.431969 0.000000
vt -0.400000 -0.431969 0.000000
vt -0.990000 -0.345575 0.000000
vt -0.400000 -0.345575 0.000000
vt -0.990000 -0.259181 0.000000
vt -0.400000 -0.259181 0.000000
vt -0.990000 -0.172788 0.000000
vt -0.400000 -0.172788 0.000000
vt -0.990000 -0.086394 0.000000
vt -0.400000 -0.086394 0.000000
vt -0.990000 -0.000000 0.000000
vt -0.400000 0.000000 0.000000
vt -0.990000 0.086394 0.000000
vt -0.400000 0.086394 0.000000
vt -0.990000 0.172788 0.000000
vt -0.400000 0.172788 0.000000
vt -0.990000 0.259181 0.000000
vt -0.400000 0.259181 0.000000
vt -0.990000 0.345575 0.000000
vt -0.400000 0.345575 0.000000
vt -0.100000 0.522902 0.000000
vt -0.330000 0.522902 0.000000
vt -0.100000 0.389226 0.000000
vt -0.330000 0.389226 0.000000
vt -0.330000 0.255550 0.000000
vt -0.100000 0.255550 0.000000
vt -0.330000 0.121874 0.000000
vt -0.100000 0.121874 0.000000
vt -0.330000 -0.011802 0.000000
vt -0.100000 -0.011802 0.000000
vt -0.330000 -0.145478 0.000000
vt -0.100000 -0.145478 0.000000
vt -0.330000 -0.279155 0.000000
vt -0.100000 -0.279155 0.000000
vt -0.330000 -0.412831 0.000000
vt -0.100000 -0.412831 0.000000
vt -0.330000 -0.546507 0.000000
vt -0.100000 -0.546507 0.000000
vt -0.330000 -0.680183 0.000000
vt -0.100000 -0.680183 0.000000
vt -0.100000 -0.813859 0.000000
vt -0.330000 -0.813859 0.000000
vt -0.990000 0.431969 0.000000
vt -0.400000 0.431969 0.000000
vt -0.990000 0.518363 0.000000
vt -0.400000 0.518363 0.000000
vt -0.990000 -0.518363 0.000000
vt -0.400000 -0.518363 0.000000
vt -0.990000 -0.431969 0.000000
vt -0.400000 -0.431969 0.000000
vt -0.990000 -0.345575 0.000000
vt -0.400000 -0.345575 0.000000
vt -0.990000 -0.259181 0.000000
vt -0.400000 -0.259181 0.000000
vt -0.990000 -0.172788 0.000000
vt -0.400000 -0.172788 0.000000
vt -0.990000 -0.086394 0.000000
vt -0.400000 -0.086394 0.000000
vt -0.990000 -0.000000 0.000000
vt -0.400000 -0.000000 0.000000
vt -0.990000 0.086394 0.000000
vt -0.400000 0.086394 0.000000
vt -0.990000 0.172788 0.000000
vt -0.400000 0.172788 0.000000
vt -0.990000 0.259181 0.000000
vt -0.400000 0.259181 0.000000
vt -0.990000 0.345575 0.000000
vt -0.400000 0.345575 0.000000
vt -0.100000 0.813859 0.000000
vt -0.330000 0.813859 0.000000
vt -0.100000 0.680183 0.000000
vt -0.330000 0.680183 0.000000
vt -0.330000 0.546507 0.000000
vt -0.100000 0.546507 0.000000
vt -0.330000 0.412831 0.000000
vt -0.100000 0.412831 0.000000
vt -0.330000 0.279155 0.000000
vt -0.100000 0.279155 0.000000
vt -0.330000 0.145478 0.000000
vt -0.100000 0.145478 0.000000
vt -0.330000 0.011802 0.000000
vt -0.100000 0.011802 0.000000
vt -0.330000 -0.121874 0.000000
vt -0.100000 -0.121874 0.000000
vt -0.330000 -0.255550 0.000000
vt -0.100000 -0.255550 0.000000
vt -0.330000 -0.389226 0.000000
vt -0.100000 -0.389226 0.000000
vt -0.100000 -0.522902 0.000000
vt -0.330000 -0.522902 0.000000
vt -0.990000 0.431969 0.000000
vt -0.400000 0.431969 0.000000
vt -0.990000 0.518363 0.000000
vt -0.400000 0.518363 0.000000
vt -0.990000 -0.518363 0.000000
vt -0.400000 -0.518363 0.000000
vt -0.990000 -0.431969 0.000000
vt -0.400000 -0.431969 0.000000
vt -0.990000 -0.345575 0.000000
vt -0.400000 -0.345575 0.000000
vt -0.990000 -0.259181 0.000000
vt -0.400000 -0.259181 0.000000
vt -0.990000 -0.172788 0.000000
vt -0.400000 -0.172788 0.000000
vt -0.990000 -0.086394 0.000000
vt -0.400000 -0.086394 0.000000
vt -0.990000 -0.000000 0.000000
vt -0.400000 -0.000000 0.000000
vt -0.990000 0.086394 0.000000
vt -0.400000 0.086394 0.000000
vt -0.990000 0.172788 0.000000
vt -0.400000 0.172788 0.000000
vt -0.990000 0.259181 0.000000
vt -0.400000 0.259181 0.000000
vt -0.990000 0.345575 0.000000
vt -0.400000 0.345575 0.000000
vt -0.100000 0.962725 0.000000
vt -0.330000 0.962725 0.000000
vt -0.100000 0.822090 0.000000
vt -0.330000 0.822090 0.000000
vt -0.100000 0.681455 0.000000
vt -0.330000 0.681455 0.000000
vt -0.100000 0.540820 0.000000
vt -0.330000 0.540820 0.000000
vt -0.100000 0.400185 0.000000
vt -0.330000 0.400185 0.000000
vt -0.100000 0.259550 0.000000
vt -0.330000 0.259550 0.000000
vt -0.100000 0.118915 0.000000
vt -0.330000 0.118915 0.000000
vt -0.100000 -0.021721 0.000000
vt -0.330000 -0.021721 0.000000
vt -0.100000 -0.162356 0.000000
vt -0.330000 -0.162356 0.000000
vt -0.100000 -0.302991 0.000000
vt -0.330000 -0.302991 0.000000
vt -0.990000 0.431969 0.000000
vt -0.400000 0.431969 0.000000
vt -0.990000 0.518363 0.000000
vt -0.400000 0.518363 0.000000
vt -0.990000 -0.518363 0.000000
vt -0.400000 -0.518363 0.000000
vt -0.990000 -0.431969 0.000000
vt -0.400000 -0.431969 0.000000
vt -0.990000 -0.345575 0.000000
vt -0.400000 -0.345575 0.000000
vt -0.990000 -0.259181 0.000000
vt -0.400000 -0.259181 0.000000
vt -0.990000 -0.172788 0.000000
vt -0.400000 -0.172788 0.000000
vt -0.990000 -0.086394 0.000000
vt -0.400000 -0.086394 0.000000
vt -0.990000 -0.000000 0.000000
vt -0.400000 -0.000000 0.000000
vt -0.990000 0.086394 0.000000
vt -0.400000 0.086394 0.000000
vt -0.990000 0.172788 0.000000
vt -0.400000 0.172788 0.000000
vt -0.990000 0.259181 0.000000
vt -0.400000 0.259181 0.000000
vt -0.990000 0.345575 0.000000
vt -0.400000 0.345575 0.000000
vt -0.100000 -1.016478 0.000000
vt -0.330000 -1.016478 0.000000
vt -0.100000 -1.157113 0.000000
vt -0.330000 -1.157113 0.000000
vt -0.100000 -1.297748 0.000000
vt -0.330000 -1.297748 0.000000
vt -0.100000 -1.438383 0.000000
vt -0.330000 -1.438383 0.000000
vt -0.100000 -1.579019 0.000000
vt -0.330000 -1.579019 0.000000
vt -0.100000 -1.719654 0.000000
vt -0.330000 -1.719654 0.000000
vt -0.100000 -1.860289 0.000000
vt -0.330000 -1.860289 0.000000
vt -0.100000 -2.000924 0.000000
vt -0.330000 -2.000924 0.000000
vt -0.100000 -2.141559 0.000000
vt -0.330000 -2.141559 0.000000
vt -0.100000 -2.282194 0.000000
vt -0.330000 -2.282194 0.000000
vt -0.990000 0.431969 0.000000
vt -0.400000 0.431969 0.000000
vt -0.990000 0.518363 0.000000
vt -0.400000 0.518363 0.000000
vt -0.990000 -0.518363 0.000000
vt -0.400000 -0.518363 0.000000
vt -0.990000 -0.431969 0.000000
vt -0.400000 -0.431969 0.000000
vt -0.990000 -0.345575 0.000000
vt -0.400000 -0.345575 0.000000
vt -0.990000 -0.259181 0.000000
vt -0.400000 -0.259181 0.000000
vt -0.990000 -0.172788 0.000000
vt -0.400000 -0.172788 0.000000
vt -0.990000 -0.086394 0.000000
vt -0.400000 -0.086394 0.000000
vt -0.990000 -0.000000 0.000000
vt -0.400000 0.000000 0.000000
vt -0.990000 0.086394 0.000000
vt -0.400000 0.086394 0.000000
vt -0.990000 0.172788 0.000000
vt -0.400000 0.172788 0.000000
vt -0.990000 0.259181 0.000000
vt -0.400000 0.259181 0.000000
vt -0.990000 0.345575 0.000000
vt -0.400000 0.345575 0.000000
vt -0.990000 0.431969 0.000000
vt -0.400000 0.431969 0.000000
vt -0.990000 0.518363 0.000000
vt -0.400000 0.518363 0.000000
vt -0.990000 -0.518363 0.000000
vt -0.400000 -0.518363 0.000000
vt -0.990000 -0.431969 0.000000
vt -0.400000 -0.431969 0.000000
vt -0.990000 -0.345575 0.000000
vt -0.400000 -0.345575 0.000000
vt -0.990000 -0.259181 0.000000
vt -0.400000 -0.259181 0.000000
vt -0.990000 -0.172788 0.000000
vt -0.400000 -0.172788 0.000000
vt -0.990000 -0.086394 0.000000
vt -0.400000 -0.086394 0.000000
vt -0.990000 -0.000000 0.000000
vt -0.400000 0.000000 0.000000
vt -0.990000 0.086394 0.000000
vt -0.400000 0.086394 0.000000
vt -0.990000 0.172788 0.000000
vt -0.400000 0.172788 0.000000
vt -0.990000 0.259181 0.000000
vt -0.400000 0.259181 0.000000
vt -0.990000 0.345575 0.000000
vt -0.400000 0.345575 0.000000
vt -0.990000 0.431969 0.000000
vt -0.400000 0.431969 0.000000
vt -0.990000 0.518363 0.000000
vt -0.400000 0.518363 0.000000
vt -0.990000 -0.518363 0.000000
vt -0.400000 -0.518363 0.000000
vt -0.990000 -0.431969 0.000000
vt -0.400000 -0.431969 0.000000
vt -0.990000 -0.345575 0.000000
vt -0.400000 -0.345575 0.000000
vt -0.990000 -0.259181 0.000000
vt -0.400000 -0.259181 0.000000
vt -0.990000 -0.172788 0.000000
vt -0.400000 -0.172788 0.000000
vt -0.990000 -0.086394 0.000000
vt -0.400000 -0.086394 0.000000
vt -0.990000 -0.000000 0.000000
vt -0.400000 -0.000000 0.000000
vt -0.990000 0.086394 0.000000
vt -0.400000 0.086394 0.000000
vt -0.990000 0.172788 0.000000
vt -0.400000 0.172788 0.000000
vt -0.990000 0.259181 0.000000
vt -0.400000 0.259181 0.000000
vt -0.990000 0.345575 0.000000
vt -0.400000 0.345575 0.000000
vt -0.990000 0.431969 0.000000
vt -0.400000 0.431969 0.000000
vt -0.990000 0.518363 0.000000
vt -0.400000 0.518363 0.000000
vt -0.990000 -0.518363 0.000000
vt -0.400000 -0.518363 0.000000
vt -0.990000 -0.431969 0.000000
vt -0.400000 -0.431969 0.000000
vt -0.990000 -0.345575 0.000000
vt -0.400000 -0.345575 0.000000
vt -0.990000 -0.259181 0.000000
vt -0.400000 -0.259181 0.000000
vt -0.990000 -0.172788 0.000000
vt -0.400000 -0.172788 0.000000
vt -0.990000 -0.086394 0.000000
vt -0.400000 -0.086394 0.000000
vt -0.990000 -0.000000 0.000000
vt -0.400000 -0.000000 0.000000
vt -0.990000 0.086394 0.000000
vt -0.400000 0.086394 0.000000
vt -0.990000 0.172788 0.000000
vt -0.400000 0.172788 0.000000
vt -0.990000 0.259181 0.000000
vt -0.400000 0.259181 0.000000
vt -0.990000 0.345575 0.000000
vt -0.400000 0.345575 0.000000
vt -0.014142 -0.089012 0.000000
vt 0.000000 -0.089012 0.000000
vt -0.014142 0.000000 0.000000
vt -0.000000 0.000000 0.000000
vt -0.014142 0.089012 0.000000
vt 0.000000 0.089012 0.000000
vt -0.014142 0.178024 0.000000
vt 0.000000 0.178024 0.000000
vt -0.014142 0.267035 0.000000
vt -0.000000 0.267035 0.000000
vt -0.014142 0.356047 0.000000
vt 0.000000 0.356047 0.000000
vt -0.014142 0.445059 0.000000
vt 0.000000 0.445059 0.000000
vt -0.014142 0.534071 0.000000
vt -0.000000 0.534071 0.000000
vt -0.014142 -0.534071 0.000000
vt -0.000000 -0.534071 0.000000
vt -0.014142 -0.445059 0.000000
vt 0.000000 -0.445059 0.000000
vt -0.014142 -0.356047 0.000000
vt 0.000000 -0.356047 0.000000
vt -0.014142 -0.267035 0.000000
vt -0.000000 -0.267035 0.000000
vt -0.014142 -0.178024 0.000000
vt 0.000000 -0.178024 0.000000
vt -0.000000 -0.089012 0.000000
vt 0.014142 -0.089012 0.000000
vt 0.000000 -0.000000 0.000000
vt 0.014142 -0.000000 0.000000
vt -0.000000 0.089012 0.000000
vt 0.014142 0.089012 0.000000
vt -0.000000 0.178024 0.000000
vt 0.014142 0.178024 0.000000
vt 0.000000 0.267035 0.000000
vt 0.014142 0.267035 0.000000
vt -0.000000 0.356047 0.000000
vt 0.014142 0.356047 0.000000
vt -0.000000 0.445059 0.000000
vt 0.014142 0.445059 0.000000
vt 0.000000 0.534071 0.000000
vt 0.014142 0.534071 0.000000
vt 0.000000 -0.534071 0.000000
vt 0.014142 -0.534071 0.000000
vt -0.000000 -0.445059 0.000000
vt 0.014142 -0.445059 0.000000
vt -0.000000 -0.356047 0.000000
vt 0.014142 -0.356047 0.000000
vt 0.000000 -0.267035 0.000000
vt 0.014142 -0.267035 0.000000
vt -0.000000 -0.178024 0.000000
vt 0.014142 -0.178024 0.000000
vt -0.990000 0.431969 0.000000
vt -0.400000 0.431969 0.000000
vt -0.990000 0.518363 0.000000
vt -0.400000 0.518363 0.000000
vt -0.990000 -0.518363 0.000000
vt -0.400000 -0.518363 0.000000
vt -0.990000 -0.431969 0.000000
vt -0.400000 -0.431969 0.000000
vt -0.990000 -0.345575 0.000000
vt -0.400000 -0.345575 0.000000
vt -0.990000 -0.259181 0.000000
vt -0.400000 -0.259181 0.000000
vt -0.990000 -0.172788 0.000000
vt -0.400000 -0.172788 0.000000
vt -0.990000 -0.086394 0.000000
vt -0.400000 -0.086394 0.000000
vt -0.990000 -0.000000 0.000000
vt -0.400000 -0.000000 0.000000
vt -0.990000 0.086394 0.000000
vt -0.400000 0.086394 0.000000
vt -0.990000 0.172788 0.000000
vt -0.400000 0.172788 0.000000
vt -0.990000 0.259181 0.000000
vt -0.400000 0.259181 0.000000
vt -0.990000 0.345575 0.000000
vt -0.400000 0.345575 0.000000
vt -0.100000 0.083079 0.000000
vt -0.330000 0.083079 0.000000
vt -0.100000 -0.057556 0.000000
vt -0.330000 -0.057556 0.000000
vt -0.100000 -0.198191 0.000000
vt -0.330000 -0.198191 0.000000
vt -0.100000 -0.338826 0.000000
vt -0.330000 -0.338826 0.000000
vt -0.100000 -0.479461 0.000000
vt -0.330000 -0.479461 0.000000
vt -0.100000 -0.620096 0.000000
vt -0.330000 -0.620096 0.000000
vt -0.100000 -0.760731 0.000000
vt -0.330000 -0.760731 0.000000
vt -0.100000 -0.901366 0.000000
vt -0.330000 -0.901366 0.000000
vt -0.100000 -1.042002 0.000000
vt -0.330000 -1.042002 0.000000
vt -0.100000 -1.182637 0.000000
vt -0.330000 -1.182637 0.000000
vt -0.900000 -1.297652 0.000000
vt -0.050000 -1.297652 0.000000
vt -0.900000 -0.648826 0.000000
vt -0.050000 -0.648826 0.000000
vt -0.900000 -0.000000 0.000000
vt -0.050000 0.000000 0.000000
vt -0.900000 0.648826 0.000000
vt -0.050000 0.648826 0.000000
vt -0.900000 1.297652 0.000000
vt -0.050000 1.297652 0.000000
vt 13.283669 0.827076 0.000000
vt 13.300192 0.843478 0.000000
vt 13.261508 0.819934 0.000000
vt 13.307496 0.865586 0.000000
vt 13.303997 0.888604 0.000000
vt 13.110895 0.781413 0.000000
vt 13.075646 1.391467 0.000000
vt 12.982378 0.693940 0.000000
vt 12.891295 0.567956 0.000000
vt 12.807442 1.874253 0.000000
vt 12.501135 2.333809 0.000000
vt 12.158726 2.767135 0.000000
vt 10.922938 3.248287 0.000000
vt 10.761685 3.262168 0.000000
vt 12.848516 0.418496 0.000000
vt 12.859148 0.263399 0.000000
vt 10.615773 3.332202 0.000000
vt 3.327236 3.332202 0.000000
vt 6.971504 4.516297 0.000000
vt 3.438932 3.449331 0.000000
vt 6.812293 4.545403 0.000000
vt 3.501963 3.598403 0.000000
vt 6.673678 4.628955 0.000000
vt 4.859373 4.816768 0.000000
vt 5.391091 4.966073 0.000000
vt 6.573589 4.756146 0.000000
vt 5.933127 5.071961 0.000000
vt 6.524974 4.910522 0.000000
vt 6.481943 5.133742 0.000000
vt 6.534122 5.072113 0.000000
vt 6.534178 5.095395 0.000000
vt 11.078673 3.292356 0.000000
vt 11.782449 3.171401 0.000000
vt 11.208743 3.388673 0.000000
vt 11.374761 3.543969 0.000000
vt 11.296323 3.524780 0.000000
vt 11.309963 3.543649 0.000000
vt 11.330669 3.554295 0.000000
vt 11.353951 3.554410 0.000000
vt 10.504076 3.449331 0.000000
vt 7.130715 4.545403 0.000000
vt 10.441045 3.598403 0.000000
vt 7.269331 4.628955 0.000000
vt 9.083635 4.816768 0.000000
vt 8.551917 4.966073 0.000000
vt 9.601563 4.625022 0.000000
vt 10.434832 3.760133 0.000000
vt 10.102319 4.392087 0.000000
vt 10.486242 3.913601 0.000000
vt 10.582634 4.119483 0.000000
vt 10.588624 4.038954 0.000000
vt 10.602354 4.057757 0.000000
vt 10.606080 4.080739 0.000000
vt 10.598995 4.102917 0.000000
vt 7.369419 4.756146 0.000000
vt 8.009881 5.071961 0.000000
vt 7.418034 4.910522 0.000000
vt 7.461065 5.133742 0.000000
vt 7.408886 5.072113 0.000000
vt 7.408830 5.095395 0.000000
vt 7.419324 5.116179 0.000000
vt 7.438093 5.129957 0.000000
vt 6.523684 5.116179 0.000000
vt 6.504916 5.129957 0.000000
vt 4.341445 4.625022 0.000000
vt 3.508176 3.760133 0.000000
vt 3.840689 4.392087 0.000000
vt 3.456766 3.913601 0.000000
vt 3.360374 4.119483 0.000000
vt 3.354385 4.038954 0.000000
vt 3.340654 4.057757 0.000000
vt 3.336928 4.080739 0.000000
vt 3.344013 4.102917 0.000000
vt 1.083860 0.263399 0.000000
vt 3.181323 3.262168 0.000000
vt 1.094492 0.418496 0.000000
vt 1.441873 2.333809 0.000000
vt 1.051714 0.567956 0.000000
vt 1.135566 1.874253 0.000000
vt 0.867362 1.391467 0.000000
vt 3.020070 3.248287 0.000000
vt 1.784283 2.767135 0.000000
vt 2.864335 3.292356 0.000000
vt 2.160560 3.171401 0.000000
vt 2.734265 3.388673 0.000000
vt 2.568247 3.543969 0.000000
vt 2.646686 3.524780 0.000000
vt 2.633046 3.543649 0.000000
vt 2.612340 3.554295 0.000000
vt 2.589057 3.554410 0.000000
vt 0.639011 0.888604 0.000000
vt 0.832113 0.781413 0.000000
vt 0.960630 0.693940 0.000000
vt 0.681500 0.819934 0.000000
vt 0.635512 0.865586 0.000000
vt 0.642816 0.843478 0.000000
vt 0.659340 0.827076 0.000000
vt 1.021087 0.121175 0.000000
vt 1.083860 -3.630805 0.000000
vt 12.859148 -3.630805 0.000000
vt 12.921921 -3.488581 0.000000
vt 12.921921 0.121175 0.000000
vt 13.029344 0.008798 0.000000
vt 13.029344 -3.376204 0.000000
vt 13.168595 -0.060319 0.000000
vt 13.168595 -3.307087 0.000000
vt 14.306504 -1.683703 0.000000
vt 14.278592 -2.322990 0.000000
vt 13.323056 -3.289478 0.000000
vt 14.195069 -2.957412 0.000000
vt 13.474291 -3.325480 0.000000
vt 13.827078 -3.305063 0.000000
vt 13.745816 -3.351842 0.000000
vt 13.604251 -3.410794 0.000000
vt 13.672834 -3.410710 0.000000
vt 13.651020 -3.422771 0.000000
vt 13.626094 -3.422801 0.000000
vt 1.021087 -3.488581 0.000000
vt 0.913665 0.008798 0.000000
vt 0.913665 -3.376204 0.000000
vt 0.774413 -0.060319 0.000000
vt 0.774413 -3.307087 0.000000
vt -0.363496 -1.683703 0.000000
vt -0.335584 -2.322990 0.000000
vt -0.335584 -1.044416 0.000000
vt 0.619952 -0.077928 0.000000
vt -0.252061 -0.409994 0.000000
vt 0.468717 -0.041926 0.000000
vt 0.115930 -0.062343 0.000000
vt 0.197192 -0.015564 0.000000
vt 0.338757 0.043388 0.000000
vt 0.270174 0.043304 0.000000
vt 0.291988 0.055365 0.000000
vt 0.316914 0.055395 0.000000
vt 0.028372 -0.095891 0.000000
vt -0.200383 -0.272407 0.000000
vt -0.102500 -0.162772 0.000000
vt 0.619952 -3.289478 0.000000
vt -0.252061 -2.957412 0.000000
vt 0.468717 -3.325480 0.000000
vt 0.115930 -3.305063 0.000000
vt 0.197192 -3.351842 0.000000
vt 0.028372 -3.271515 0.000000
vt -0.200383 -3.094999 0.000000
vt -0.102500 -3.204634 0.000000
vt 0.338757 -3.410794 0.000000
vt 0.270174 -3.410710 0.000000
vt 0.291988 -3.422771 0.000000
vt 0.316914 -3.422801 0.000000
vt 1.094492 -3.785902 0.000000
vt 3.181323 -6.629574 0.000000
vt 3.327236 -6.699608 0.000000
vt 10.615773 -6.699608 0.000000
vt 6.971504 -7.883703 0.000000
vt 10.504076 -6.816737 0.000000
vt 7.130715 -7.912809 0.000000
vt 10.441045 -6.965809 0.000000
vt 7.269331 -7.996361 0.000000
vt 9.083635 -8.184174 0.000000
vt 8.551917 -8.333479 0.000000
vt 7.369419 -8.123552 0.000000
vt 8.009881 -8.439367 0.000000
vt 7.418034 -8.277928 0.000000
vt 7.461065 -8.501148 0.000000
vt 7.408886 -8.439519 0.000000
vt 7.408830 -8.462801 0.000000
vt 1.441873 -5.701215 0.000000
vt 1.051714 -3.935362 0.000000
vt 1.135566 -5.241659 0.000000
vt 0.867362 -4.758873 0.000000
vt 0.960630 -4.061346 0.000000
vt 0.832113 -4.148819 0.000000
vt 0.639011 -4.256010 0.000000
vt 0.681500 -4.187340 0.000000
vt 0.635512 -4.232992 0.000000
vt 0.642816 -4.210885 0.000000
vt 0.659340 -4.194482 0.000000
vt 3.020070 -6.615693 0.000000
vt 1.784283 -6.134541 0.000000
vt 2.864335 -6.659762 0.000000
vt 2.160560 -6.538807 0.000000
vt 2.734265 -6.756079 0.000000
vt 2.568247 -6.911375 0.000000
vt 2.646686 -6.892186 0.000000
vt 2.633046 -6.911055 0.000000
vt 2.612340 -6.921701 0.000000
vt 2.589057 -6.921816 0.000000
vt 3.438932 -6.816737 0.000000
vt 6.812293 -7.912809 0.000000
vt 3.501963 -6.965809 0.000000
vt 6.673678 -7.996361 0.000000
vt 4.859373 -8.184174 0.000000
vt 5.391091 -8.333479 0.000000
vt 4.341445 -7.992428 0.000000
vt 3.508176 -7.127539 0.000000
vt 3.840689 -7.759493 0.000000
vt 3.456766 -7.281007 0.000000
vt 3.360374 -7.486889 0.000000
vt 3.354385 -7.406360 0.000000
vt 3.344013 -7.470323 0.000000
vt 3.336928 -7.448145 0.000000
vt 3.340654 -7.425163 0.000000
vt 6.573589 -8.123552 0.000000
vt 5.933127 -8.439367 0.000000
vt 6.524974 -8.277928 0.000000
vt 6.481943 -8.501148 0.000000
vt 6.534122 -8.439519 0.000000
vt 6.534178 -8.462801 0.000000
vt 6.523684 -8.483585 0.000000
vt 6.504916 -8.497363 0.000000
vt 7.419324 -8.483585 0.000000
vt 7.438093 -8.497363 0.000000
vt 9.601563 -7.992428 0.000000
vt 10.434832 -7.127539 0.000000
vt 10.102319 -7.759493 0.000000
vt 10.486242 -7.281007 0.000000
vt 10.582634 -7.486889 0.000000
vt 10.588624 -7.406360 0.000000
vt 10.598995 -7.470323 0.000000
vt 10.606080 -7.448145 0.000000
vt 10.602354 -7.425163 0.000000
vt 10.761685 -6.629574 0.000000
vt 12.848516 -3.785902 0.000000
vt 12.501135 -5.701215 0.000000
vt 12.891295 -3.935362 0.000000
vt 12.807442 -5.241659 0.000000
vt 13.075646 -4.758873 0.000000
vt 10.922938 -6.615693 0.000000
vt 12.158726 -6.134541 0.000000
vt 11.078673 -6.659762 0.000000
vt 11.782449 -6.538807 0.000000
vt 11.208743 -6.756079 0.000000
vt 11.374761 -6.911375 0.000000
vt 11.296323 -6.892186 0.000000
vt 11.309963 -6.911055 0.000000
vt 11.330669 -6.921701 0.000000
vt 11.353951 -6.921816 0.000000
vt 13.303997 -4.256010 0.000000
vt 13.110895 -4.148819 0.000000
vt 12.982378 -4.061346 0.000000
vt 13.261508 -4.187340 0.000000
vt 13.307496 -4.232992 0.000000
vt 13.300192 -4.210885 0.000000
vt 13.283669 -4.194482 0.000000
vt 13.914636 -3.271515 0.000000
vt 14.143391 -3.094999 0.000000
vt 14.045508 -3.204634 0.000000
vt 14.278592 -1.044416 0.000000
vt 13.323056 -0.077928 0.000000
vt 14.195069 -0.409994 0.000000
vt 13.474291 -0.041926 0.000000
vt 13.827078 -0.062343 0.000000
vt 13.745816 -0.015564 0.000000
vt 13.914636 -0.095891 0.000000
vt 14.143391 -0.272407 0.000000
vt 14.045508 -0.162772 0.000000
vt 13.604251 0.043388 0.000000
vt 13.672834 0.043304 0.000000
vt 13.651020 0.055365 0.000000
vt 13.626094 0.055395 0.000000
vt -0.176353 0.030856 0.000000
vt 0.301301 -0.401311 0.000000
vt -0.014186 -0.047945 0.000000
vt 0.243164 -0.246526 0.000000
vt 0.133046 -0.123187 0.000000
vt -0.304324 0.157866 0.000000
vt -0.646978 0.196260 0.000000
vt 0.385394 -1.040058 0.000000
vt -0.384345 0.319435 0.000000
vt -0.495424 0.283760 0.000000
vt -0.559478 0.219706 0.000000
vt -0.602718 0.931980 0.000000
vt -0.495424 0.458760 0.000000
vt -0.471978 0.371260 0.000000
vt -0.877910 1.521189 0.000000
vt -0.798533 0.458760 0.000000
vt -0.734478 0.522814 0.000000
vt -0.646978 0.546260 0.000000
vt -0.821978 0.371260 0.000000
vt -1.207464 2.081807 0.000000
vt -3.150232 3.544706 0.000000
vt -1.588441 2.608832 0.000000
vt -3.062732 3.521260 0.000000
vt -2.017441 3.097561 0.000000
vt -2.975232 3.544706 0.000000
vt -2.490639 3.543636 0.000000
vt -2.911178 3.608760 0.000000
vt -2.887732 3.696260 0.000000
vt -2.911178 3.783760 0.000000
vt -3.003811 3.943076 0.000000
vt -2.975232 3.847814 0.000000
vt -3.062732 3.871260 0.000000
vt -3.150232 3.847814 0.000000
vt -3.552381 4.292317 0.000000
vt -3.214287 3.783760 0.000000
vt -3.237732 3.696260 0.000000
vt -4.131453 4.588245 0.000000
vt -3.214287 3.608760 0.000000
vt -4.735862 4.828219 0.000000
vt -6.884004 4.814743 0.000000
vt -5.360217 5.010098 0.000000
vt -5.998946 5.132260 0.000000
vt -6.646351 5.193615 0.000000
vt -6.796504 4.966297 0.000000
vt -6.819950 4.878797 0.000000
vt -7.296657 5.193615 0.000000
vt -6.971504 5.141297 0.000000
vt -6.884004 5.117851 0.000000
vt -6.819950 5.053797 0.000000
vt -7.944063 5.132260 0.000000
vt -7.146504 4.966297 0.000000
vt -7.123059 5.053797 0.000000
vt -7.059004 5.117851 0.000000
vt -8.582792 5.010098 0.000000
vt -7.059004 4.814743 0.000000
vt -7.123059 4.878797 0.000000
vt -9.207146 4.828219 0.000000
vt -10.728722 3.608760 0.000000
vt -6.971504 4.791297 0.000000
vt -10.792776 3.544706 0.000000
vt -0.798533 0.283760 0.000000
vt -9.811555 4.588245 0.000000
vt -10.705276 3.696260 0.000000
vt -10.390628 4.292317 0.000000
vt -10.728722 3.783760 0.000000
vt -10.792776 3.847814 0.000000
vt -10.939197 3.943076 0.000000
vt -10.880276 3.871260 0.000000
vt -10.967776 3.847814 0.000000
vt -11.031830 3.783760 0.000000
vt -11.452370 3.543636 0.000000
vt -11.055276 3.696260 0.000000
vt -11.031830 3.608760 0.000000
vt -10.967776 3.544706 0.000000
vt -11.925567 3.097561 0.000000
vt -10.880276 3.521260 0.000000
vt -12.354568 2.608832 0.000000
vt -12.735544 2.081807 0.000000
vt -13.121030 0.371260 0.000000
vt -13.065098 1.521189 0.000000
vt -13.144475 0.458760 0.000000
vt -13.340290 0.931980 0.000000
vt -13.208530 0.522814 0.000000
vt -13.296030 0.546260 0.000000
vt -13.383530 0.522814 0.000000
vt -13.447584 0.458760 0.000000
vt -13.558663 0.319435 0.000000
vt -13.471030 0.371260 0.000000
vt -13.447584 0.283760 0.000000
vt -13.638685 0.157866 0.000000
vt -13.383530 0.219706 0.000000
vt -13.296030 0.196260 0.000000
vt -13.766655 0.030856 0.000000
vt -14.328402 -1.040058 0.000000
vt -14.244309 -0.401311 0.000000
vt -13.928822 -0.047945 0.000000
vt -14.186172 -0.246526 0.000000
vt -14.076054 -0.123187 0.000000
vt -13.208530 0.219706 0.000000
vt -14.356504 -1.683703 0.000000
vt -13.208530 -3.587112 0.000000
vt -14.328402 -2.327348 0.000000
vt -13.296030 -3.563666 0.000000
vt -13.766655 -3.398262 0.000000
vt -13.638685 -3.525272 0.000000
vt -14.244309 -2.966095 0.000000
vt -13.928822 -3.319461 0.000000
vt -14.186172 -3.120880 0.000000
vt -14.076054 -3.244219 0.000000
vt -13.558663 -3.686841 0.000000
vt -13.447584 -3.651166 0.000000
vt -13.383530 -3.587112 0.000000
vt -13.340290 -4.299386 0.000000
vt -13.447584 -3.826166 0.000000
vt -13.471030 -3.738666 0.000000
vt -13.065098 -4.888595 0.000000
vt -13.144475 -3.826166 0.000000
vt -13.208530 -3.890220 0.000000
vt -13.296030 -3.913666 0.000000
vt -13.121030 -3.738666 0.000000
vt -12.735544 -5.449213 0.000000
vt -10.792776 -6.912112 0.000000
vt -12.354568 -5.976238 0.000000
vt -10.880276 -6.888666 0.000000
vt -11.925567 -6.464967 0.000000
vt -10.967776 -6.912112 0.000000
vt -11.452370 -6.911042 0.000000
vt -11.031830 -6.976166 0.000000
vt -11.055276 -7.063666 0.000000
vt -11.031830 -7.151166 0.000000
vt -10.939197 -7.310482 0.000000
vt -10.967776 -7.215220 0.000000
vt -10.880276 -7.238666 0.000000
vt -10.792776 -7.215220 0.000000
vt -10.390628 -7.659723 0.000000
vt -10.728722 -7.151166 0.000000
vt -10.705276 -7.063666 0.000000
vt -9.811555 -7.955651 0.000000
vt -10.728722 -6.976166 0.000000
vt -9.207146 -8.195625 0.000000
vt -7.059004 -8.182149 0.000000
vt -8.582792 -8.377504 0.000000
vt -7.944063 -8.499666 0.000000
vt -7.296657 -8.561021 0.000000
vt -7.146504 -8.333703 0.000000
vt -7.123059 -8.246203 0.000000
vt -6.646351 -8.561021 0.000000
vt -6.971504 -8.508703 0.000000
vt -7.059004 -8.485257 0.000000
vt -7.123059 -8.421203 0.000000
vt -5.998946 -8.499666 0.000000
vt -6.796504 -8.333703 0.000000
vt -6.819950 -8.421203 0.000000
vt -6.884004 -8.485257 0.000000
vt -5.360217 -8.377504 0.000000
vt -6.884004 -8.182149 0.000000
vt -6.819950 -8.246203 0.000000
vt -4.735862 -8.195625 0.000000
vt -3.214287 -6.976166 0.000000
vt -6.971504 -8.158703 0.000000
vt -3.150232 -6.912112 0.000000
vt -13.144475 -3.651166 0.000000
vt -4.131453 -7.955651 0.000000
vt -3.237732 -7.063666 0.000000
vt -3.552381 -7.659723 0.000000
vt -3.214287 -7.151166 0.000000
vt -3.150232 -7.215220 0.000000
vt -3.003811 -7.310482 0.000000
vt -3.062732 -7.238666 0.000000
vt -2.975232 -7.215220 0.000000
vt -2.911178 -7.151166 0.000000
vt -2.490639 -6.911042 0.000000
vt -2.887732 -7.063666 0.000000
vt -2.911178 -6.976166 0.000000
vt -2.975232 -6.912112 0.000000
vt -2.017441 -6.464967 0.000000
vt -3.062732 -6.888666 0.000000
vt -1.588441 -5.976238 0.000000
vt -1.207464 -5.449213 0.000000
vt -0.821978 -3.738666 0.000000
vt -0.877910 -4.888595 0.000000
vt -0.798533 -3.826166 0.000000
vt -0.602718 -4.299386 0.000000
vt -0.734478 -3.890220 0.000000
vt -0.646978 -3.913666 0.000000
vt -0.559478 -3.890220 0.000000
vt -0.495424 -3.826166 0.000000
vt -0.384345 -3.686841 0.000000
vt -0.471978 -3.738666 0.000000
vt -0.495424 -3.651166 0.000000
vt -0.304324 -3.525272 0.000000
vt -0.559478 -3.587112 0.000000
vt -0.646978 -3.563666 0.000000
vt -0.176353 -3.398262 0.000000
vt 0.385394 -2.327348 0.000000
vt 0.301301 -2.966095 0.000000
vt -0.014186 -3.319461 0.000000
vt 0.243164 -3.120880 0.000000
vt 0.133046 -3.244219 0.000000
vt -0.734478 -3.587112 0.000000
vt 0.413496 -1.683703 0.000000
vt -0.734478 0.219706 0.000000
vt -0.798533 -3.651166 0.000000
vt -13.144475 0.283760 0.000000
vt -0.559478 0.522814 0.000000
vt -13.383530 -3.890220 0.000000
vt -0.900000 0.929236 0.000000
vt -0.050000 0.929236 0.000000
vt -0.900000 1.067810 0.000000
vt -0.050000 1.067810 0.000000
vt -0.900000 1.206383 0.000000
vt -0.050000 1.206383 0.000000
vt -0.900000 1.344956 0.000000
vt -0.050000 1.344956 0.000000
vt -0.900000 1.483530 0.000000
vt -0.050000 1.483530 0.000000
vt 0.600000 -0.147606 0.000000
vt 0.050000 -0.147606 0.000000
vt 0.600000 -0.188590 0.000000
vt 0.600000 -0.229574 0.000000
vt 0.050000 -0.312257 0.000000
vt 0.600000 -0.270559 0.000000
vt 0.606857 -0.308801 0.000000
vt 0.623509 -0.343889 0.000000
vt 0.670000 -0.406909 0.000000
vt 0.050000 -0.476909 0.000000
vt 0.900000 -0.406909 0.000000
vt 0.900000 -0.485126 0.000000
vt 0.900000 -0.563343 0.000000
vt 0.050000 -0.641560 0.000000
vt 0.900000 -0.641560 0.000000
vt -0.600000 2.047292 0.000000
vt -0.050000 2.047292 0.000000
vt -0.600000 2.204022 0.000000
vt -0.600000 2.360751 0.000000
vt -0.050000 2.702565 0.000000
vt -0.600000 2.517481 0.000000
vt -0.623165 2.601797 0.000000
vt -0.670000 2.675844 0.000000
vt -0.900000 2.675844 0.000000
vt -0.900000 3.236359 0.000000
vt -0.050000 3.357838 0.000000
vt -0.900000 3.796874 0.000000
vt -0.050000 4.013110 0.000000
vt -0.900000 4.357389 0.000000
vt -0.050000 4.668383 0.000000
vt -0.900000 4.917904 0.000000
vt -0.050000 5.323655 0.000000
vt -0.900000 5.478419 0.000000
vt -0.050000 5.978928 0.000000
vt -0.900000 6.038934 0.000000
vt -0.670000 6.038934 0.000000
vt -0.623165 6.112981 0.000000
vt -0.600000 6.197297 0.000000
vt -0.050000 6.634201 0.000000
vt -0.600000 6.423155 0.000000
vt -0.600000 6.649012 0.000000
vt -0.600000 6.874870 0.000000
vt -0.623165 6.959186 0.000000
vt -0.050000 7.289473 0.000000
vt -0.670000 7.033233 0.000000
vt -0.900000 7.593748 0.000000
vt -0.900000 7.033233 0.000000
vt -0.050000 7.944746 0.000000
vt -0.900000 8.154263 0.000000
vt -0.050000 8.600018 0.000000
vt -0.900000 8.714778 0.000000
vt -0.050000 9.255291 0.000000
vt -0.900000 9.275293 0.000000
vt -0.900000 9.835808 0.000000
vt -0.050000 9.910564 0.000000
vt -0.900000 10.396323 0.000000
vt -0.670000 10.396323 0.000000
vt -0.050000 10.565836 0.000000
vt -0.623165 10.470370 0.000000
vt -0.600000 10.554686 0.000000
vt -0.600000 10.780544 0.000000
vt -0.600000 11.006401 0.000000
vt -0.050000 11.221109 0.000000
vt -0.600000 11.232259 0.000000
vt -0.623165 11.316575 0.000000
vt -0.670000 11.390622 0.000000
vt -0.050000 11.876381 0.000000
vt -0.900000 11.951137 0.000000
vt -0.050000 12.531654 0.000000
vt -0.900000 12.511652 0.000000
vt -0.900000 13.072167 0.000000
vt -0.050000 13.186927 0.000000
vt -0.900000 13.632682 0.000000
vt -0.050000 13.842199 0.000000
vt -0.900000 14.193197 0.000000
vt -0.050000 14.497472 0.000000
vt -0.900000 14.753712 0.000000
vt -0.670000 14.753712 0.000000
vt -0.623165 14.827759 0.000000
vt -0.600000 14.912075 0.000000
vt -0.050000 15.152744 0.000000
vt -0.600000 15.137933 0.000000
vt -0.600000 15.363790 0.000000
vt -0.600000 15.589648 0.000000
vt -0.050000 15.808017 0.000000
vt -0.623165 15.673964 0.000000
vt -0.670000 15.748011 0.000000
vt -0.900000 15.748011 0.000000
vt -0.900000 16.308526 0.000000
vt -0.050000 16.463290 0.000000
vt -0.900000 16.869041 0.000000
vt -0.050000 17.118562 0.000000
vt -0.900000 17.429556 0.000000
vt -0.050000 17.773835 0.000000
vt -0.900000 17.990071 0.000000
vt -0.050000 18.429107 0.000000
vt -0.900000 18.550586 0.000000
vt -0.050000 19.084380 0.000000
vt -0.900000 19.111101 0.000000
vt -0.670000 19.111101 0.000000
vt -0.632552 19.167962 0.000000
vt -0.609982 19.215596 0.000000
vt -0.600000 19.269464 0.000000
vt -0.600000 19.426194 0.000000
vt -0.050000 19.739653 0.000000
vt -0.600000 19.582923 0.000000
vt -0.600000 19.739653 0.000000
vt -0.900000 11.390622 0.000000
vt 0.900000 -0.929236 0.000000
vt 0.050000 -0.929236 0.000000
vt 0.900000 -1.007453 0.000000
vt 0.050000 -1.093888 0.000000
vt 0.900000 -1.085670 0.000000
vt 0.900000 -1.163887 0.000000
vt 0.670000 -1.163887 0.000000
vt 0.050000 -1.258539 0.000000
vt 0.623509 -1.226908 0.000000
vt 0.606857 -1.261996 0.000000
vt 0.600000 -1.300238 0.000000
vt 0.600000 -1.341222 0.000000
vt 0.050000 -1.423191 0.000000
vt 0.600000 -1.382206 0.000000
vt 0.600000 -1.423191 0.000000
vt -0.900000 0.087266 0.000000
vt -0.050000 0.087266 0.000000
vt -0.900000 0.225840 0.000000
vt -0.050000 0.225840 0.000000
vt -0.900000 0.364413 0.000000
vt -0.050000 0.364413 0.000000
vt -0.900000 0.502987 0.000000
vt -0.050000 0.502987 0.000000
vt -0.900000 0.641560 0.000000
vt -0.050000 0.641560 0.000000
vt -0.900000 -0.641560 0.000000
vt -0.050000 -0.641560 0.000000
vt -0.900000 -0.502987 0.000000
vt -0.050000 -0.502987 0.000000
vt -0.900000 -0.364413 0.000000
vt -0.050000 -0.364413 0.000000
vt -0.900000 -0.225840 0.000000
vt -0.050000 -0.225840 0.000000
vt -0.900000 -0.087266 0.000000
vt -0.050000 -0.087266 0.000000
vt 0.600000 1.423191 0.000000
vt 0.050000 1.423191 0.000000
vt 0.600000 1.382206 0.000000
vt 0.600000 1.341222 0.000000
vt 0.050000 1.258539 0.000000
vt 0.600000 1.300238 0.000000
vt 0.606857 1.261996 0.000000
vt 0.623509 1.226908 0.000000
vt 0.670000 1.163887 0.000000
vt 0.050000 1.093888 0.000000
vt 0.900000 1.163887 0.000000
vt 0.900000 1.085670 0.000000
vt 0.900000 1.007453 0.000000
vt 0.050000 0.929236 0.000000
vt 0.900000 0.929236 0.000000
vt -0.600000 -19.739653 0.000000
vt -0.050000 -19.739653 0.000000
vt -0.600000 -19.582923 0.000000
vt -0.600000 -19.426194 0.000000
vt -0.050000 -19.084380 0.000000
vt -0.600000 -19.269464 0.000000
vt -0.623165 -19.185148 0.000000
vt -0.670000 -19.111101 0.000000
vt -0.900000 -19.111101 0.000000
vt -0.900000 -18.550586 0.000000
vt -0.050000 -18.429107 0.000000
vt -0.900000 -17.990071 0.000000
vt -0.050000 -17.773835 0.000000
vt -0.900000 -17.429556 0.000000
vt -0.050000 -17.118562 0.000000
vt -0.900000 -16.869041 0.000000
vt -0.050000 -16.463290 0.000000
vt -0.900000 -16.308526 0.000000
vt -0.050000 -15.808017 0.000000
vt -0.900000 -15.748011 0.000000
vt -0.670000 -15.748011 0.000000
vt -0.623165 -15.673964 0.000000
vt -0.600000 -15.589648 0.000000
vt -0.050000 -15.152744 0.000000
vt -0.600000 -15.363790 0.000000
vt -0.600000 -15.137933 0.000000
vt -0.600000 -14.912075 0.000000
vt -0.623165 -14.827759 0.000000
vt -0.050000 -14.497472 0.000000
vt -0.670000 -14.753712 0.000000
vt -0.900000 -14.193197 0.000000
vt -0.900000 -14.753712 0.000000
vt -0.050000 -13.842199 0.000000
vt -0.900000 -13.632682 0.000000
vt -0.050000 -13.186927 0.000000
vt -0.900000 -13.072167 0.000000
vt -0.050000 -12.531654 0.000000
vt -0.900000 -12.511652 0.000000
vt -0.900000 -11.951137 0.000000
vt -0.050000 -11.876381 0.000000
vt -0.900000 -11.390622 0.000000
vt -0.670000 -11.390622 0.000000
vt -0.050000 -11.221109 0.000000
vt -0.623165 -11.316575 0.000000
vt -0.600000 -11.232259 0.000000
vt -0.600000 -11.006401 0.000000
vt -0.600000 -10.780544 0.000000
vt -0.050000 -10.565836 0.000000
vt -0.600000 -10.554686 0.000000
vt -0.623165 -10.470370 0.000000
vt -0.670000 -10.396323 0.000000
vt -0.050000 -9.910564 0.000000
vt -0.900000 -9.835808 0.000000
vt -0.050000 -9.255291 0.000000
vt -0.900000 -9.275293 0.000000
vt -0.900000 -8.714778 0.000000
vt -0.050000 -8.600018 0.000000
vt -0.900000 -8.154263 0.000000
vt -0.050000 -7.944746 0.000000
vt -0.900000 -7.593748 0.000000
vt -0.050000 -7.289473 0.000000
vt -0.900000 -7.033233 0.000000
vt -0.670000 -7.033233 0.000000
vt -0.623165 -6.959186 0.000000
vt -0.600000 -6.874870 0.000000
vt -0.050000 -6.634201 0.000000
vt -0.600000 -6.649012 0.000000
vt -0.600000 -6.423155 0.000000
vt -0.600000 -6.197297 0.000000
vt -0.050000 -5.978928 0.000000
vt -0.623165 -6.112981 0.000000
vt -0.670000 -6.038934 0.000000
vt -0.900000 -6.038934 0.000000
vt -0.900000 -5.478419 0.000000
vt -0.050000 -5.323655 0.000000
vt -0.900000 -4.917904 0.000000
vt -0.050000 -4.668383 0.000000
vt -0.900000 -4.357389 0.000000
vt -0.050000 -4.013110 0.000000
vt -0.900000 -3.796874 0.000000
vt -0.050000 -3.357838 0.000000
vt -0.900000 -3.236359 0.000000
vt -0.050000 -2.702565 0.000000
vt -0.900000 -2.675844 0.000000
vt -0.670000 -2.675844 0.000000
vt -0.623165 -2.601797 0.000000
vt -0.600000 -2.517481 0.000000
vt -0.600000 -2.360751 0.000000
vt -0.050000 -2.047292 0.000000
vt -0.600000 -2.204022 0.000000
vt -0.600000 -2.047292 0.000000
vt -0.900000 -10.396323 0.000000
vt 0.900000 0.641560 0.000000
vt 0.050000 0.641560 0.000000
vt 0.900000 0.563343 0.000000
vt 0.050000 0.476909 0.000000
vt 0.900000 0.485126 0.000000
vt 0.900000 0.406909 0.000000
vt 0.670000 0.406909 0.000000
vt 0.050000 0.312257 0.000000
vt 0.623509 0.343889 0.000000
vt 0.606857 0.308801 0.000000
vt 0.600000 0.270559 0.000000
vt 0.600000 0.229574 0.000000
vt 0.050000 0.147606 0.000000
vt 0.600000 0.188590 0.000000
vt 0.600000 0.147606 0.000000
vt -0.900000 -1.483530 0.000000
vt -0.050000 -1.483530 0.000000
vt -0.900000 -1.344956 0.000000
vt -0.050000 -1.344956 0.000000
vt -0.900000 -1.206383 0.000000
vt -0.050000 -1.206383 0.000000
vt -0.900000 -1.067810 0.000000
vt -0.050000 -1.067810 0.000000
vt -0.900000 -0.929236 0.000000
vt -0.050000 -0.929236 0.000000
vt -0.900000 22.060089 0.000000
vt -0.050000 22.060089 0.000000
vt -0.900000 22.708915 0.000000
vt -0.050000 22.708915 0.000000
vt -0.900000 23.357741 0.000000
vt -0.050000 23.357741 0.000000
vt -0.900000 24.006568 0.000000
vt -0.050000 24.006568 0.000000
vt -0.900000 24.655394 0.000000
vt -0.050000 24.655394 0.000000
vt 0.442138 0.139597 0.000000
vt 0.316554 0.087500 0.000000
vt 0.446868 0.068193 0.000000
vt 0.340000 -0.000000 0.000000
vt 0.448343 -0.061778 0.000000
vt 0.316554 -0.087500 0.000000
vt 0.392899 -0.179338 0.000000
vt 0.252500 -0.151554 0.000000
vt 0.291673 -0.260872 0.000000
vt 0.165000 -0.175000 0.000000
vt 0.165000 -0.290000 0.000000
vt 0.038327 -0.260872 0.000000
vt 0.077500 -0.151554 0.000000
vt -0.062899 -0.179338 0.000000
vt 0.013446 -0.087500 0.000000
vt -0.118343 -0.061778 0.000000
vt -0.010000 0.000000 0.000000
vt -0.116868 0.068193 0.000000
vt 0.013446 0.087500 0.000000
vt -0.112138 0.139597 0.000000
vt 0.077500 0.151554 0.000000
vt -0.131659 0.208444 0.000000
vt 0.052239 0.274082 0.000000
vt -0.173163 0.266738 0.000000
vt 0.252500 0.151554 0.000000
vt 0.461659 0.208444 0.000000
vt 0.277761 0.274082 0.000000
vt 0.503163 0.266738 0.000000
vt 0.165000 0.175000 0.000000
vt 0.471262 -0.049961 0.000000
vt 0.340000 -0.000000 0.000000
vt 0.433119 -0.110509 0.000000
vt 0.316554 -0.087500 0.000000
vt 0.357918 -0.216524 0.000000
vt 0.252500 -0.151554 0.000000
vt 0.243962 -0.279043 0.000000
vt 0.165000 -0.175000 0.000000
vt 0.114144 -0.285506 0.000000
vt 0.077500 -0.151554 0.000000
vt -0.005458 -0.234615 0.000000
vt 0.013446 -0.087500 0.000000
vt -0.090817 -0.136593 0.000000
vt -0.124786 -0.011132 0.000000
vt -0.010000 0.000000 0.000000
vt -0.100542 0.116566 0.000000
vt 0.013446 0.087500 0.000000
vt -0.022954 0.220847 0.000000
vt 0.077500 0.151554 0.000000
vt 0.022844 0.275834 0.000000
vt 0.165000 0.175000 0.000000
vt 0.234876 0.288016 0.000000
vt 0.252500 0.151554 0.000000
vt 0.417327 0.155458 0.000000
vt 0.316554 0.087500 0.000000
vt 0.527522 -0.005737 0.000000
vt 0.595365 0.017029 0.000000
vt 0.048205 0.414563 0.000000
vt 0.047518 0.343006 0.000000
vt -0.100000 -0.136832 0.000000
vt -0.330000 -0.136832 0.000000
vt -0.100000 -0.277467 0.000000
vt -0.330000 -0.277467 0.000000
vt -0.100000 -0.418102 0.000000
vt -0.330000 -0.418102 0.000000
vt -0.100000 -0.558738 0.000000
vt -0.330000 -0.558738 0.000000
vt -0.100000 -0.699373 0.000000
vt -0.330000 -0.699373 0.000000
vt -0.100000 -0.840008 0.000000
vt -0.330000 -0.840008 0.000000
vt -0.100000 -0.980643 0.000000
vt -0.330000 -0.980643 0.000000
vt -0.100000 -1.121278 0.000000
vt -0.330000 -1.121278 0.000000
vt -0.100000 -1.261913 0.000000
vt -0.330000 -1.261913 0.000000
vt -0.100000 -1.402548 0.000000
vt -0.330000 -1.402548 0.000000
vt 0.408943 -0.178849 0.000000
vt 0.316554 -0.087500 0.000000
vt 0.363631 -0.211295 0.000000
vt 0.252500 -0.151554 0.000000
vt 0.259013 -0.274339 0.000000
vt 0.165000 -0.175000 0.000000
vt 0.137716 -0.288714 0.000000
vt 0.077500 -0.151554 0.000000
vt 0.021260 -0.251870 0.000000
vt -0.069697 -0.170345 0.000000
vt 0.013446 -0.087500 0.000000
vt -0.119018 -0.058599 0.000000
vt -0.010000 0.000000 0.000000
vt -0.117953 0.063541 0.000000
vt 0.013446 0.087500 0.000000
vt -0.066692 0.174410 0.000000
vt 0.077500 0.151554 0.000000
vt 0.025672 0.254338 0.000000
vt 0.142753 0.289145 0.000000
vt 0.165000 0.175000 0.000000
vt 0.212124 0.306712 0.000000
vt 0.252500 0.151554 0.000000
vt 0.368100 0.257119 0.000000
vt 0.316554 0.087500 0.000000
vt 0.418681 0.109018 0.000000
vt 0.340000 0.000000 0.000000
vt 0.465903 -0.040188 0.000000
vt 0.479690 -0.079640 0.000000
vt 0.461193 -0.159464 0.000000
vt 0.516702 -0.154505 0.000000
vt 0.496661 -0.117832 0.000000
vt 0.314185 0.404039 0.000000
vt 0.271569 0.346552 0.000000
vt -0.100000 -0.285698 0.000000
vt -0.330000 -0.285698 0.000000
vt -0.100000 -0.419375 0.000000
vt -0.330000 -0.419375 0.000000
vt -0.330000 -0.553051 0.000000
vt -0.100000 -0.553051 0.000000
vt -0.330000 -0.686727 0.000000
vt -0.100000 -0.686727 0.000000
vt -0.330000 -0.820403 0.000000
vt -0.100000 -0.820403 0.000000
vt -0.330000 -0.954079 0.000000
vt -0.100000 -0.954079 0.000000
vt -0.330000 -1.087755 0.000000
vt -0.100000 -1.087755 0.000000
vt -0.330000 -1.221431 0.000000
vt -0.100000 -1.221431 0.000000
vt -0.330000 -1.355107 0.000000
vt -0.100000 -1.355107 0.000000
vt -0.330000 -1.488784 0.000000
vt -0.100000 -1.488784 0.000000
vt -0.100000 -1.622460 0.000000
vt -0.330000 -1.622460 0.000000
vt 0.314185 -0.404039 0.000000
vt 0.368100 -0.257119 0.000000
vt 0.271569 -0.346552 0.000000
vt 0.212124 -0.306712 0.000000
vt 0.252500 -0.151554 0.000000
vt 0.165000 -0.175000 0.000000
vt 0.316554 -0.087500 0.000000
vt 0.418681 -0.109018 0.000000
vt 0.340000 -0.000000 0.000000
vt 0.465903 0.040188 0.000000
vt 0.316554 0.087500 0.000000
vt 0.479690 0.079640 0.000000
vt 0.408943 0.178849 0.000000
vt 0.461193 0.159464 0.000000
vt 0.496661 0.117832 0.000000
vt 0.516702 0.154505 0.000000
vt 0.363631 0.211295 0.000000
vt 0.252500 0.151554 0.000000
vt 0.259013 0.274339 0.000000
vt 0.165000 0.175000 0.000000
vt 0.137716 0.288714 0.000000
vt 0.077500 0.151554 0.000000
vt 0.021260 0.251870 0.000000
vt -0.069697 0.170345 0.000000
vt 0.013446 0.087500 0.000000
vt -0.119018 0.058599 0.000000
vt -0.010000 -0.000000 0.000000
vt -0.117953 -0.063541 0.000000
vt 0.013446 -0.087500 0.000000
vt -0.066692 -0.174410 0.000000
vt 0.077500 -0.151554 0.000000
vt 0.025672 -0.254338 0.000000
vt 0.142753 -0.289145 0.000000
vt -0.100000 -0.576655 0.000000
vt -0.330000 -0.576655 0.000000
vt -0.100000 -0.710331 0.000000
vt -0.330000 -0.710331 0.000000
vt -0.330000 -0.844007 0.000000
vt -0.100000 -0.844007 0.000000
vt -0.330000 -0.977684 0.000000
vt -0.100000 -0.977684 0.000000
vt -0.330000 -1.111360 0.000000
vt -0.100000 -1.111360 0.000000
vt -0.330000 -1.245036 0.000000
vt -0.100000 -1.245036 0.000000
vt -0.330000 -1.378712 0.000000
vt -0.100000 -1.378712 0.000000
vt -0.330000 -1.512388 0.000000
vt -0.100000 -1.512388 0.000000
vt -0.330000 -1.646064 0.000000
vt -0.100000 -1.646064 0.000000
vt -0.330000 -1.779740 0.000000
vt -0.100000 -1.779740 0.000000
vt -0.100000 -1.913416 0.000000
vt -0.330000 -1.913416 0.000000
vt 0.022844 -0.275834 0.000000
vt 0.077500 -0.151554 0.000000
vt -0.022954 -0.220847 0.000000
vt 0.013446 -0.087500 0.000000
vt -0.100542 -0.116566 0.000000
vt -0.010000 0.000000 0.000000
vt -0.124786 0.011132 0.000000
vt 0.013446 0.087500 0.000000
vt -0.090817 0.136593 0.000000
vt -0.005458 0.234615 0.000000
vt 0.077500 0.151554 0.000000
vt 0.114144 0.285506 0.000000
vt 0.165000 0.175000 0.000000
vt 0.243962 0.279043 0.000000
vt 0.252500 0.151554 0.000000
vt 0.357918 0.216524 0.000000
vt 0.316554 0.087500 0.000000
vt 0.433119 0.110509 0.000000
vt 0.340000 0.000000 0.000000
vt 0.471262 0.049961 0.000000
vt 0.417327 -0.155458 0.000000
vt 0.527522 0.005737 0.000000
vt 0.595365 -0.017029 0.000000
vt 0.047518 -0.343006 0.000000
vt 0.234876 -0.288016 0.000000
vt 0.165000 -0.175000 0.000000
vt 0.048205 -0.414563 0.000000
vt 0.252500 -0.151554 0.000000
vt 0.316554 -0.087500 0.000000
vt -0.100000 -0.796567 0.000000
vt -0.330000 -0.796567 0.000000
vt -0.100000 -0.937202 0.000000
vt -0.330000 -0.937202 0.000000
vt -0.100000 -1.077837 0.000000
vt -0.330000 -1.077837 0.000000
vt -0.100000 -1.218472 0.000000
vt -0.330000 -1.218472 0.000000
vt -0.100000 -1.359107 0.000000
vt -0.330000 -1.359107 0.000000
vt -0.100000 -1.499742 0.000000
vt -0.330000 -1.499742 0.000000
vt -0.100000 -1.640377 0.000000
vt -0.330000 -1.640377 0.000000
vt -0.100000 -1.781012 0.000000
vt -0.330000 -1.781012 0.000000
vt -0.100000 -1.921648 0.000000
vt -0.330000 -1.921648 0.000000
vt -0.100000 -2.062283 0.000000
vt -0.330000 -2.062283 0.000000
vt -0.112138 -0.139597 0.000000
vt 0.013446 -0.087500 0.000000
vt -0.116868 -0.068193 0.000000
vt -0.010000 -0.000000 0.000000
vt -0.118343 0.061778 0.000000
vt 0.013446 0.087500 0.000000
vt -0.062899 0.179338 0.000000
vt 0.077500 0.151554 0.000000
vt 0.038327 0.260872 0.000000
vt 0.165000 0.175000 0.000000
vt 0.165000 0.290000 0.000000
vt 0.291673 0.260872 0.000000
vt 0.252500 0.151554 0.000000
vt 0.392899 0.179338 0.000000
vt 0.316554 0.087500 0.000000
vt 0.448343 0.061778 0.000000
vt 0.340000 -0.000000 0.000000
vt 0.446868 -0.068193 0.000000
vt 0.316554 -0.087500 0.000000
vt 0.442138 -0.139597 0.000000
vt 0.252500 -0.151554 0.000000
vt 0.461659 -0.208444 0.000000
vt 0.277761 -0.274082 0.000000
vt 0.503163 -0.266738 0.000000
vt 0.077500 -0.151554 0.000000
vt -0.131659 -0.208444 0.000000
vt 0.052239 -0.274082 0.000000
vt -0.173163 -0.266738 0.000000
vt 0.165000 -0.175000 0.000000
vt -0.141262 0.049961 0.000000
vt -0.010000 -0.000000 0.000000
vt -0.103119 0.110509 0.000000
vt 0.013446 0.087500 0.000000
vt -0.027918 0.216524 0.000000
vt 0.077500 0.151554 0.000000
vt 0.086038 0.279043 0.000000
vt 0.165000 0.175000 0.000000
vt 0.215856 0.285506 0.000000
vt 0.252500 0.151554 0.000000
vt 0.335458 0.234615 0.000000
vt 0.316554 0.087500 0.000000
vt 0.420817 0.136593 0.000000
vt 0.454786 0.011132 0.000000
vt 0.340000 -0.000000 0.000000
vt 0.430542 -0.116566 0.000000
vt 0.316554 -0.087500 0.000000
vt 0.352954 -0.220847 0.000000
vt 0.252500 -0.151554 0.000000
vt 0.307156 -0.275834 0.000000
vt 0.165000 -0.175000 0.000000
vt 0.095124 -0.288016 0.000000
vt 0.077500 -0.151554 0.000000
vt -0.087327 -0.155458 0.000000
vt 0.013446 -0.087500 0.000000
vt -0.197522 0.005737 0.000000
vt -0.265365 -0.017029 0.000000
vt 0.281795 -0.414563 0.000000
vt 0.282482 -0.343006 0.000000
vt -0.078943 0.178849 0.000000
vt 0.013446 0.087500 0.000000
vt -0.033631 0.211295 0.000000
vt 0.077500 0.151554 0.000000
vt 0.070987 0.274339 0.000000
vt 0.165000 0.175000 0.000000
vt 0.192284 0.288714 0.000000
vt 0.252500 0.151554 0.000000
vt 0.308740 0.251870 0.000000
vt 0.399697 0.170345 0.000000
vt 0.316554 0.087500 0.000000
vt 0.449018 0.058599 0.000000
vt 0.340000 0.000000 0.000000
vt 0.447953 -0.063541 0.000000
vt 0.316554 -0.087500 0.000000
vt 0.396692 -0.174410 0.000000
vt 0.252500 -0.151554 0.000000
vt 0.304328 -0.254338 0.000000
vt 0.187247 -0.289145 0.000000
vt 0.165000 -0.175000 0.000000
vt 0.117876 -0.306712 0.000000
vt 0.077500 -0.151554 0.000000
vt -0.038100 -0.257119 0.000000
vt 0.013446 -0.087500 0.000000
vt -0.088681 -0.109018 0.000000
vt -0.010000 -0.000000 0.000000
vt -0.135903 0.040188 0.000000
vt -0.149690 0.079640 0.000000
vt -0.131193 0.159464 0.000000
vt -0.186702 0.154505 0.000000
vt -0.166661 0.117832 0.000000
vt 0.015815 -0.404039 0.000000
vt 0.058431 -0.346552 0.000000
vt 0.015815 0.404039 0.000000
vt -0.038100 0.257119 0.000000
vt 0.058431 0.346552 0.000000
vt 0.117876 0.306712 0.000000
vt 0.077500 0.151554 0.000000
vt 0.165000 0.175000 0.000000
vt 0.013446 0.087500 0.000000
vt -0.088681 0.109018 0.000000
vt -0.010000 0.000000 0.000000
vt -0.135903 -0.040188 0.000000
vt 0.013446 -0.087500 0.000000
vt -0.149690 -0.079640 0.000000
vt -0.078943 -0.178849 0.000000
vt -0.131193 -0.159464 0.000000
vt -0.166661 -0.117832 0.000000
vt -0.186702 -0.154505 0.000000
vt -0.033631 -0.211295 0.000000
vt 0.077500 -0.151554 0.000000
vt 0.070987 -0.274339 0.000000
vt 0.165000 -0.175000 0.000000
vt 0.192284 -0.288714 0.000000
vt 0.252500 -0.151554 0.000000
vt 0.308740 -0.251870 0.000000
vt 0.399697 -0.170345 0.000000
vt 0.316554 -0.087500 0.000000
vt 0.449018 -0.058599 0.000000
vt 0.340000 -0.000000 0.000000
vt 0.447953 0.063541 0.000000
vt 0.316554 0.087500 0.000000
vt 0.396692 0.174410 0.000000
vt 0.252500 0.151554 0.000000
vt 0.304328 0.254338 0.000000
vt 0.187247 0.289145 0.000000
vt 0.307156 0.275834 0.000000
vt 0.252500 0.151554 0.000000
vt 0.352954 0.220847 0.000000
vt 0.316554 0.087500 0.000000
vt 0.430542 0.116566 0.000000
vt 0.340000 -0.000000 0.000000
vt 0.454786 -0.011132 0.000000
vt 0.316554 -0.087500 0.000000
vt 0.420817 -0.136593 0.000000
vt 0.335458 -0.234615 0.000000
vt 0.252500 -0.151554 0.000000
vt 0.215856 -0.285506 0.000000
vt 0.165000 -0.175000 0.000000
vt 0.086038 -0.279043 0.000000
vt 0.077500 -0.151554 0.000000
vt -0.027918 -0.216524 0.000000
vt 0.013446 -0.087500 0.000000
vt -0.103119 -0.110509 0.000000
vt -0.010000 0.000000 0.000000
vt -0.141262 -0.049961 0.000000
vt -0.087327 0.155458 0.000000
vt -0.197522 -0.005737 0.000000
vt -0.265365 0.017029 0.000000
vt 0.282482 0.343006 0.000000
vt 0.095124 0.288016 0.000000
vt 0.165000 0.175000 0.000000
vt 0.281795 0.414563 0.000000
vt 0.077500 0.151554 0.000000
vt 0.013446 0.087500 0.000000
vt -0.100000 0.340620 0.000000
vt -0.330000 0.340620 0.000000
vt -0.100000 0.270126 0.000000
vt -0.330000 0.270126 0.000000
vt -0.100000 0.199631 0.000000
vt -0.330000 0.199631 0.000000
vt -0.100000 0.129137 0.000000
vt -0.330000 0.129137 0.000000
vt -0.100000 0.058642 0.000000
vt -0.330000 0.058642 0.000000
vt 0.100000 0.122073 0.000000
vt 0.330000 0.122073 0.000000
vt 0.100000 0.197647 0.000000
vt 0.330000 0.197647 0.000000
vt 0.100000 0.273222 0.000000
vt 0.330000 0.273222 0.000000
vt 0.100000 0.348797 0.000000
vt 0.330000 0.348797 0.000000
vt -0.100000 -0.122442 0.000000
vt -0.330000 -0.122442 0.000000
vt -0.100000 -0.198017 0.000000
vt -0.330000 -0.198017 0.000000
vt -0.100000 -0.273591 0.000000
vt -0.330000 -0.273591 0.000000
vt -0.100000 -0.349166 0.000000
vt -0.330000 -0.349166 0.000000
vt -0.100000 -0.413362 0.000000
vt -0.330000 -0.413362 0.000000
vt -0.100000 -0.483856 0.000000
vt -0.330000 -0.483856 0.000000
vt -0.100000 -0.554351 0.000000
vt -0.330000 -0.554351 0.000000
vt -0.100000 -0.624845 0.000000
vt -0.330000 -0.624845 0.000000
vt -0.100000 -0.695340 0.000000
vt -0.330000 -0.695340 0.000000
vt 0.100000 -0.412597 0.000000
vt 0.330000 -0.412597 0.000000
vt 0.100000 -0.342102 0.000000
vt 0.330000 -0.342102 0.000000
vt 0.100000 -0.271608 0.000000
vt 0.330000 -0.271608 0.000000
vt 0.100000 -0.201113 0.000000
vt 0.330000 -0.201113 0.000000
vt 0.100000 -0.130619 0.000000
vt 0.330000 -0.130619 0.000000
vt -0.100000 -0.319114 0.000000
vt -0.330000 -0.319114 0.000000
vt -0.100000 -0.389609 0.000000
vt -0.330000 -0.389609 0.000000
vt -0.100000 -0.460103 0.000000
vt -0.330000 -0.460103 0.000000
vt -0.100000 -0.530598 0.000000
vt -0.330000 -0.530598 0.000000
vt -0.100000 -0.601092 0.000000
vt -0.330000 -0.601092 0.000000
vt 0.100000 0.435633 0.000000
vt 0.330000 0.435633 0.000000
vt 0.100000 0.506128 0.000000
vt 0.330000 0.506128 0.000000
vt 0.100000 0.576622 0.000000
vt 0.330000 0.576622 0.000000
vt 0.100000 0.647117 0.000000
vt 0.330000 0.647117 0.000000
vt 0.100000 0.717611 0.000000
vt 0.330000 0.717611 0.000000
vt -0.100000 -0.224866 0.000000
vt -0.330000 -0.224866 0.000000
vt -0.100000 -0.295361 0.000000
vt -0.330000 -0.295361 0.000000
vt -0.100000 -0.365855 0.000000
vt -0.330000 -0.365855 0.000000
vt -0.100000 -0.436350 0.000000
vt -0.330000 -0.436350 0.000000
vt -0.100000 -0.506844 0.000000
vt -0.330000 -0.506844 0.000000
vt 0.100000 0.341386 0.000000
vt 0.330000 0.341386 0.000000
vt 0.100000 0.411880 0.000000
vt 0.330000 0.411880 0.000000
vt 0.100000 0.482375 0.000000
vt 0.330000 0.482375 0.000000
vt 0.100000 0.552869 0.000000
vt 0.330000 0.552869 0.000000
vt 0.100000 0.623364 0.000000
vt 0.330000 0.623364 0.000000
vt -0.100000 -0.130619 0.000000
vt -0.330000 -0.130619 0.000000
vt -0.100000 -0.201113 0.000000
vt -0.330000 -0.201113 0.000000
vt -0.100000 -0.271608 0.000000
vt -0.330000 -0.271608 0.000000
vt -0.100000 -0.342102 0.000000
vt -0.330000 -0.342102 0.000000
vt -0.100000 -0.412597 0.000000
vt -0.330000 -0.412597 0.000000
vt 0.100000 0.247138 0.000000
vt 0.330000 0.247138 0.000000
vt 0.100000 0.317632 0.000000
vt 0.330000 0.317632 0.000000
vt 0.100000 0.388127 0.000000
vt 0.330000 0.388127 0.000000
vt 0.100000 0.458621 0.000000
vt 0.330000 0.458621 0.000000
vt 0.100000 0.529116 0.000000
vt 0.330000 0.529116 0.000000
vt 0.100000 -0.349166 0.000000
vt 0.330000 -0.349166 0.000000
vt 0.100000 -0.273591 0.000000
vt 0.330000 -0.273591 0.000000
vt 0.100000 -0.198017 0.000000
vt 0.330000 -0.198017 0.000000
vt 0.100000 -0.122442 0.000000
vt 0.330000 -0.122442 0.000000
vt -0.100000 0.348797 0.000000
vt -0.330000 0.348797 0.000000
vt -0.100000 0.273222 0.000000
vt -0.330000 0.273222 0.000000
vt -0.100000 0.197647 0.000000
vt -0.330000 0.197647 0.000000
vt -0.100000 0.122073 0.000000
vt -0.330000 0.122073 0.000000
vt 0.100000 0.058642 0.000000
vt 0.330000 0.058642 0.000000
vt 0.100000 0.129137 0.000000
vt 0.330000 0.129137 0.000000
vt 0.100000 0.199631 0.000000
vt 0.330000 0.199631 0.000000
vt 0.100000 0.270126 0.000000
vt 0.330000 0.270126 0.000000
vt 0.100000 0.340620 0.000000
vt 0.330000 0.340620 0.000000
vt -0.000000 -5.995394 0.000000
vt 0.141421 -5.995394 0.000000
vt -0.000000 -5.438921 0.000000
vt 0.141421 -5.438921 0.000000
vt -0.000000 -4.882447 0.000000
vt 0.141421 -4.882447 0.000000
vt -0.000000 -4.325973 0.000000
vt 0.141421 -4.325973 0.000000
vt -0.000000 -3.769499 0.000000
vt 0.141421 -3.769499 0.000000
vt -0.000000 -3.213025 0.000000
vt 0.141421 -3.213025 0.000000
vt -0.000000 -2.656552 0.000000
vt 0.141421 -2.656552 0.000000
vt 0.000000 -0.087079 0.000000
vt -0.141421 -0.087079 0.000000
vt 0.000000 -0.134075 0.000000
vt -0.141421 -0.134075 0.000000
vt 0.000000 -0.181072 0.000000
vt -0.141421 -0.181072 0.000000
vt -0.000000 -0.228068 0.000000
vt -0.141421 -0.228068 0.000000
vt -0.000000 -0.275064 0.000000
vt -0.141421 -0.275064 0.000000
vt -0.141421 -0.232531 0.000000
vt 0.000000 -0.232531 0.000000
vt -0.141421 -0.182148 0.000000
vt -0.000000 -0.182148 0.000000
vt -0.141421 -0.131765 0.000000
vt -0.000000 -0.131765 0.000000
vt -0.141421 -0.081382 0.000000
vt -0.000000 -0.081382 0.000000
vt -0.000000 0.447600 0.000000
vt 0.141421 0.447600 0.000000
vt 0.000000 0.533639 0.000000
vt 0.141421 0.533639 0.000000
vt 0.141421 0.619678 0.000000
vt 0.141421 0.705716 0.000000
vt -0.000000 0.705716 0.000000
vt -0.000000 0.619678 0.000000
vt 0.141421 -6.982525 0.000000
vt -0.000000 -6.982525 0.000000
vt 0.141421 -7.538999 0.000000
vt -0.000000 -7.538999 0.000000
vt 0.141421 -8.095472 0.000000
vt -0.000000 -8.095472 0.000000
vt 0.141421 -8.651946 0.000000
vt -0.000000 -8.651946 0.000000
vt 0.141421 -9.208420 0.000000
vt -0.000000 -9.208420 0.000000
vt 0.141421 -9.764894 0.000000
vt 0.000000 -9.764894 0.000000
vt 0.141421 -10.321368 0.000000
vt -0.000000 -10.321368 0.000000
vt 0.000000 -0.577404 0.000000
vt 0.141421 -0.577404 0.000000
vt 0.000000 -0.452688 0.000000
vt 0.141421 -0.411116 0.000000
vt -0.000000 -0.327972 0.000000
vt 0.141421 -0.244828 0.000000
vt 0.000000 -0.203256 0.000000
vt 0.141421 -0.078540 0.000000
vt -0.000000 -0.078540 0.000000
vt -0.000000 -0.149911 0.000000
vt -0.141421 -0.149911 0.000000
vt -0.000000 -0.196907 0.000000
vt -0.141421 -0.196907 0.000000
vt -0.000000 -0.243904 0.000000
vt -0.141421 -0.243904 0.000000
vt 0.000000 -0.290900 0.000000
vt -0.141421 -0.290900 0.000000
vt -0.000000 -0.337896 0.000000
vt -0.141421 -0.337896 0.000000
vt -0.000000 0.078540 0.000000
vt 0.141421 0.078540 0.000000
vt -0.000000 0.203256 0.000000
vt 0.141421 0.244828 0.000000
vt -0.000000 0.327972 0.000000
vt 0.141421 0.411116 0.000000
vt -0.000000 0.452688 0.000000
vt 0.141421 0.577404 0.000000
vt -0.000000 0.577404 0.000000
vt -0.000000 -0.705716 0.000000
vt 0.141421 -0.705716 0.000000
vt 0.000000 -0.619678 0.000000
vt 0.141421 -0.619678 0.000000
vt 0.141421 -0.533639 0.000000
vt 0.141421 -0.447600 0.000000
vt 0.000000 -0.447600 0.000000
vt -0.000000 -0.533639 0.000000
vt 0.141421 -11.308498 0.000000
vt -0.000000 -11.308498 0.000000
vt 0.141421 -11.864972 0.000000
vt -0.000000 -11.864972 0.000000
vt 0.141421 -12.421445 0.000000
vt -0.000000 -12.421445 0.000000
vt 0.141421 -12.977919 0.000000
vt -0.000000 -12.977919 0.000000
vt 0.141421 -13.534393 0.000000
vt -0.000000 -13.534393 0.000000
vt 0.141421 -14.090867 0.000000
vt -0.000000 -14.090867 0.000000
vt 0.141421 -14.647341 0.000000
vt -0.000000 -14.647341 0.000000
vt -0.141421 0.081382 0.000000
vt -0.000000 0.081382 0.000000
vt -0.141421 0.131765 0.000000
vt -0.000000 0.131765 0.000000
vt -0.141421 0.182148 0.000000
vt -0.000000 0.182148 0.000000
vt -0.141421 0.232531 0.000000
vt 0.000000 0.232531 0.000000
vt 0.000000 -0.212743 0.000000
vt -0.141421 -0.212743 0.000000
vt -0.000000 -0.259739 0.000000
vt -0.141421 -0.259739 0.000000
vt -0.000000 -0.306735 0.000000
vt -0.141421 -0.306735 0.000000
vt 0.000000 -0.353732 0.000000
vt -0.141421 -0.353732 0.000000
vt -0.000000 -0.400728 0.000000
vt -0.141421 -0.400728 0.000000
vt 0.141421 -0.910362 0.000000
vt 0.000000 -0.910362 0.000000
vt 0.141421 -1.055015 0.000000
vt -0.000000 -1.071088 0.000000
vt 0.141421 -1.199668 0.000000
vt 0.000000 -1.231814 0.000000
vt 0.141421 -1.344322 0.000000
vt 0.000000 -1.392539 0.000000
vt 0.141421 -1.488975 0.000000
vt 0.000000 -1.553265 0.000000
vt 0.141421 -1.633628 0.000000
vt 0.000000 -1.713991 0.000000
vt 0.141421 -1.778281 0.000000
vt 0.000000 -1.874717 0.000000
vt 0.141421 -1.922935 0.000000
vt 0.000000 -2.035443 0.000000
vt 0.141421 -2.067588 0.000000
vt 0.000000 -2.196169 0.000000
vt 0.141421 -2.212241 0.000000
vt 0.000000 -2.356894 0.000000
vt 0.141421 -2.356894 0.000000
vt -0.000000 -0.039095 0.000000
vt -0.141421 -0.039095 0.000000
vt 0.000000 -0.086091 0.000000
vt -0.141421 -0.086091 0.000000
vt 0.000000 -0.133088 0.000000
vt -0.141421 -0.133088 0.000000
vt -0.000000 -0.180084 0.000000
vt -0.141421 -0.180084 0.000000
vt 0.000000 -0.227080 0.000000
vt -0.141421 -0.227080 0.000000
vt -0.000000 2.656552 0.000000
vt 0.141421 2.656552 0.000000
vt -0.000000 3.213025 0.000000
vt 0.141421 3.213025 0.000000
vt -0.000000 3.769499 0.000000
vt 0.141421 3.769499 0.000000
vt -0.000000 4.325973 0.000000
vt 0.141421 4.325973 0.000000
vt -0.000000 4.882447 0.000000
vt 0.141421 4.882447 0.000000
vt -0.000000 5.438921 0.000000
vt 0.141421 5.438921 0.000000
vt -0.000000 5.995394 0.000000
vt 0.141421 5.995394 0.000000
vt 0.141421 -15.634471 0.000000
vt -0.000000 -15.634471 0.000000
vt 0.141421 -16.190945 0.000000
vt -0.000000 -16.190945 0.000000
vt 0.141421 -16.747419 0.000000
vt -0.000000 -16.747419 0.000000
vt 0.141421 -17.303892 0.000000
vt 0.000000 -17.303892 0.000000
vt 0.141421 -17.860366 0.000000
vt -0.000000 -17.860366 0.000000
vt 0.141421 -18.416840 0.000000
vt -0.000000 -18.416840 0.000000
vt 0.141421 -18.973314 0.000000
vt -0.000000 -18.973314 0.000000
vt -0.141421 0.087079 0.000000
vt -0.000000 0.087079 0.000000
vt -0.141421 0.134075 0.000000
vt 0.000000 0.134075 0.000000
vt -0.141421 0.181072 0.000000
vt -0.000000 0.181072 0.000000
vt -0.141421 0.228068 0.000000
vt -0.000000 0.228068 0.000000
vt -0.141421 0.275064 0.000000
vt -0.000000 0.275064 0.000000
vt 0.000000 -0.275575 0.000000
vt -0.141421 -0.275575 0.000000
vt -0.000000 -0.322571 0.000000
vt -0.141421 -0.322571 0.000000
vt 0.000000 -0.369567 0.000000
vt -0.141421 -0.369567 0.000000
vt -0.000000 -0.416564 0.000000
vt -0.141421 -0.416564 0.000000
vt 0.000000 -0.463560 0.000000
vt -0.141421 -0.463560 0.000000
vt 0.141421 -0.659034 0.000000
vt 0.000000 -0.659034 0.000000
vt 0.141421 -0.797919 0.000000
vt -0.000000 -0.811807 0.000000
vt 0.141421 -0.936803 0.000000
vt -0.000000 -0.964580 0.000000
vt 0.141421 -1.075687 0.000000
vt 0.000000 -1.117353 0.000000
vt 0.141421 -1.214572 0.000000
vt 0.000000 -1.270125 0.000000
vt 0.141421 -1.353456 0.000000
vt -0.000000 -1.422898 0.000000
vt 0.141421 -1.492340 0.000000
vt -0.000000 -1.575671 0.000000
vt 0.141421 -1.631224 0.000000
vt 0.000000 -1.728443 0.000000
vt 0.141421 -1.770109 0.000000
vt 0.000000 -1.881216 0.000000
vt 0.141421 -1.908993 0.000000
vt 0.000000 -2.033989 0.000000
vt 0.141421 -2.047877 0.000000
vt 0.000000 -2.186762 0.000000
vt 0.141421 -2.186762 0.000000
vt 0.000000 -0.081628 0.000000
vt -0.141421 -0.081628 0.000000
vt -0.000000 -0.132011 0.000000
vt -0.141421 -0.132011 0.000000
vt -0.000000 -0.182394 0.000000
vt -0.141421 -0.182394 0.000000
vt 0.000000 -0.232777 0.000000
vt -0.141421 -0.232777 0.000000
vt -0.000000 6.982525 0.000000
vt 0.141421 6.982525 0.000000
vt -0.000000 7.538999 0.000000
vt 0.141421 7.538999 0.000000
vt -0.000000 8.095472 0.000000
vt 0.141421 8.095472 0.000000
vt -0.000000 8.651946 0.000000
vt 0.141421 8.651946 0.000000
vt -0.000000 9.208420 0.000000
vt 0.141421 9.208420 0.000000
vt -0.000000 9.764894 0.000000
vt 0.141421 9.764894 0.000000
vt 0.000000 10.321368 0.000000
vt 0.141421 10.321368 0.000000
vt 0.141421 1.280276 0.000000
vt -0.000000 1.280276 0.000000
vt 0.141421 1.194237 0.000000
vt 0.000000 1.194237 0.000000
vt 0.000000 1.108198 0.000000
vt -0.000000 1.022160 0.000000
vt 0.141421 1.022160 0.000000
vt 0.141421 1.108198 0.000000
vt -0.141421 0.149911 0.000000
vt 0.000000 0.149911 0.000000
vt -0.141421 0.196907 0.000000
vt -0.000000 0.196907 0.000000
vt -0.141421 0.243904 0.000000
vt -0.000000 0.243904 0.000000
vt -0.141421 0.290900 0.000000
vt 0.000000 0.290900 0.000000
vt -0.141421 0.337896 0.000000
vt -0.000000 0.337896 0.000000
vt 0.000000 -0.836313 0.000000
vt -0.000000 -0.961029 0.000000
vt 0.141421 -0.836313 0.000000
vt 0.141421 -1.002601 0.000000
vt 0.000000 -1.085745 0.000000
vt 0.141421 -1.168889 0.000000
vt -0.000000 -1.210461 0.000000
vt 0.141421 -1.335177 0.000000
vt -0.000000 -1.335177 0.000000
vt 0.141421 -21.911736 0.000000
vt -0.000000 -21.911736 0.000000
vt 0.141421 -22.556199 0.000000
vt -0.000000 -22.556199 0.000000
vt 0.141421 -23.200662 0.000000
vt -0.000000 -23.200662 0.000000
vt 0.141421 -23.845125 0.000000
vt -0.000000 -23.845125 0.000000
vt 0.141421 -24.489587 0.000000
vt -0.000000 -24.489587 0.000000
vt -0.000000 1.335177 0.000000
vt -0.000000 1.210461 0.000000
vt 0.141421 1.335177 0.000000
vt 0.141421 1.168889 0.000000
vt -0.000000 1.085745 0.000000
vt 0.141421 1.002601 0.000000
vt -0.000000 0.961029 0.000000
vt 0.141421 0.836313 0.000000
vt 0.000000 0.836313 0.000000
vt -0.000000 11.308498 0.000000
vt 0.141421 11.308498 0.000000
vt -0.000000 11.864972 0.000000
vt 0.141421 11.864972 0.000000
vt -0.000000 12.421445 0.000000
vt 0.141421 12.421445 0.000000
vt -0.000000 12.977919 0.000000
vt 0.141421 12.977919 0.000000
vt -0.000000 13.534393 0.000000
vt 0.141421 13.534393 0.000000
vt -0.000000 14.090867 0.000000
vt 0.141421 14.090867 0.000000
vt -0.000000 14.647341 0.000000
vt 0.141421 14.647341 0.000000
vt 0.141421 -1.022160 0.000000
vt 0.000000 -1.022160 0.000000
vt 0.141421 -1.108198 0.000000
vt -0.000000 -1.108198 0.000000
vt -0.000000 -1.194237 0.000000
vt 0.000000 -1.280276 0.000000
vt 0.141421 -1.280276 0.000000
vt 0.141421 -1.194237 0.000000
vt -0.141421 0.212743 0.000000
vt 0.000000 0.212743 0.000000
vt -0.141421 0.259739 0.000000
vt 0.000000 0.259739 0.000000
vt -0.141421 0.306735 0.000000
vt -0.000000 0.306735 0.000000
vt -0.141421 0.353732 0.000000
vt 0.000000 0.353732 0.000000
vt -0.141421 0.400728 0.000000
vt 0.000000 0.400728 0.000000
vt -0.000000 0.232777 0.000000
vt -0.141421 0.232777 0.000000
vt 0.000000 0.182394 0.000000
vt -0.141421 0.182394 0.000000
vt -0.000000 0.132011 0.000000
vt -0.141421 0.132011 0.000000
vt -0.000000 0.081628 0.000000
vt -0.141421 0.081628 0.000000
vt 0.141421 0.910362 0.000000
vt 0.141421 1.055015 0.000000
vt 0.000000 0.910362 0.000000
vt -0.000000 1.071088 0.000000
vt 0.141421 1.199668 0.000000
vt -0.000000 1.231814 0.000000
vt 0.141421 1.344322 0.000000
vt 0.000000 1.392539 0.000000
vt 0.141421 1.488975 0.000000
vt 0.000000 1.553265 0.000000
vt 0.141421 1.633628 0.000000
vt -0.000000 1.713991 0.000000
vt 0.141421 1.778281 0.000000
vt 0.000000 1.874717 0.000000
vt 0.141421 1.922935 0.000000
vt -0.000000 2.035443 0.000000
vt 0.141421 2.067588 0.000000
vt -0.000000 2.196169 0.000000
vt 0.141421 2.212241 0.000000
vt -0.000000 2.356894 0.000000
vt 0.141421 2.356894 0.000000
vt 0.141421 -0.326512 0.000000
vt 0.000000 -0.326512 0.000000
vt 0.141421 -0.465397 0.000000
vt -0.000000 -0.479285 0.000000
vt 0.141421 -0.604281 0.000000
vt 0.000000 -0.632058 0.000000
vt 0.141421 -0.743165 0.000000
vt -0.000000 -0.784831 0.000000
vt 0.141421 -0.882050 0.000000
vt -0.000000 -0.937603 0.000000
vt 0.141421 -1.020934 0.000000
vt 0.000000 -1.090376 0.000000
vt 0.141421 -1.159818 0.000000
vt -0.000000 -1.243149 0.000000
vt 0.141421 -1.298702 0.000000
vt 0.000000 -1.395921 0.000000
vt 0.141421 -1.437587 0.000000
vt -0.000000 -1.548694 0.000000
vt 0.141421 -1.576471 0.000000
vt -0.000000 -1.701467 0.000000
vt 0.141421 -1.715355 0.000000
vt -0.000000 -1.854240 0.000000
vt 0.141421 -1.854240 0.000000
vt -0.141421 0.039095 0.000000
vt -0.000000 0.039095 0.000000
vt -0.141421 0.086091 0.000000
vt -0.000000 0.086091 0.000000
vt -0.141421 0.133088 0.000000
vt 0.000000 0.133088 0.000000
vt -0.141421 0.180084 0.000000
vt 0.000000 0.180084 0.000000
vt -0.141421 0.227080 0.000000
vt -0.000000 0.227080 0.000000
vt -0.000000 -0.164759 0.000000
vt -0.141421 -0.164759 0.000000
vt 0.000000 -0.211755 0.000000
vt -0.141421 -0.211755 0.000000
vt 0.000000 -0.258751 0.000000
vt -0.141421 -0.258751 0.000000
vt 0.000000 -0.305748 0.000000
vt -0.141421 -0.305748 0.000000
vt 0.000000 -0.352744 0.000000
vt -0.141421 -0.352744 0.000000
vt -0.000000 15.634471 0.000000
vt 0.141421 15.634471 0.000000
vt -0.000000 16.190945 0.000000
vt 0.141421 16.190945 0.000000
vt -0.000000 16.747419 0.000000
vt 0.141421 16.747419 0.000000
vt -0.000000 17.303892 0.000000
vt 0.141421 17.303892 0.000000
vt -0.000000 17.860366 0.000000
vt 0.141421 17.860366 0.000000
vt -0.000000 18.416840 0.000000
vt 0.141421 18.416840 0.000000
vt -0.000000 18.973314 0.000000
vt 0.141421 18.973314 0.000000
vt -0.219911 -0.460935 0.000000
vt -0.188496 -0.460935 0.000000
vt -0.219911 -0.382182 0.000000
vt -0.188496 -0.382182 0.000000
vt -0.219911 -0.303428 0.000000
vt -0.188496 -0.303428 0.000000
vt -0.219911 -0.224675 0.000000
vt -0.188496 -0.224675 0.000000
vt -0.188496 -0.145922 0.000000
vt -0.232473 -0.227541 0.000000
vt -0.251327 -0.303428 0.000000
vt -0.282743 -0.288786 0.000000
vt -0.282743 -0.346169 0.000000
vt -0.251327 -0.382182 0.000000
vt -0.282743 -0.403552 0.000000
vt -0.251327 -0.460935 0.000000
vt -0.282743 -0.460935 0.000000
vt 0.000000 0.129962 0.000000
vt 0.031416 0.129962 0.000000
vt 0.000000 0.263536 0.000000
vt 0.031416 0.263536 0.000000
vt 0.000000 0.397109 0.000000
vt 0.031416 0.397109 0.000000
vt 0.000000 0.530683 0.000000
vt 0.031416 0.530683 0.000000
vt 0.000000 0.664257 0.000000
vt 0.031416 0.664257 0.000000
vt 0.000000 0.797831 0.000000
vt 0.031416 0.797831 0.000000
vt 0.000000 0.931405 0.000000
vt 0.031416 0.931405 0.000000
vt 0.000000 1.064978 0.000000
vt 0.031416 1.064978 0.000000
vt 0.000000 1.198552 0.000000
vt 0.031416 1.198552 0.000000
vt 0.000000 1.332126 0.000000
vt 0.031416 1.332126 0.000000
vt 0.062832 1.198552 0.000000
vt 0.062832 1.332126 0.000000
vt 0.094248 1.332126 0.000000
vt 0.094248 1.181855 0.000000
vt 0.062832 1.064978 0.000000
vt 0.094248 1.031585 0.000000
vt 0.062832 0.931405 0.000000
vt 0.094248 0.881314 0.000000
vt 0.062832 0.797831 0.000000
vt 0.094248 0.731044 0.000000
vt 0.062832 0.664257 0.000000
vt 0.094248 0.580773 0.000000
vt 0.062832 0.530683 0.000000
vt 0.094248 0.430503 0.000000
vt 0.062832 0.397109 0.000000
vt 0.094248 0.280232 0.000000
vt 0.062832 0.263536 0.000000
vt 0.094248 0.129962 0.000000
vt 0.062832 0.129962 0.000000
vt -0.219911 -0.389661 0.000000
vt -0.188496 -0.389661 0.000000
vt -0.219911 -0.326339 0.000000
vt -0.188496 -0.305232 0.000000
vt -0.219911 -0.263018 0.000000
vt -0.188496 -0.220803 0.000000
vt -0.219911 -0.199696 0.000000
vt -0.188496 -0.136375 0.000000
vt -0.232078 -0.206546 0.000000
vt -0.282743 -0.255853 0.000000
vt -0.251327 -0.263018 0.000000
vt -0.282743 -0.300455 0.000000
vt -0.251327 -0.326339 0.000000
vt -0.282743 -0.345058 0.000000
vt -0.251327 -0.389661 0.000000
vt -0.282743 -0.389661 0.000000
vt 0.000000 0.271353 0.000000
vt 0.031416 0.271353 0.000000
vt 0.000000 0.398318 0.000000
vt 0.031416 0.412425 0.000000
vt 0.000000 0.525282 0.000000
vt 0.031416 0.553496 0.000000
vt 0.000000 0.652246 0.000000
vt 0.031416 0.694567 0.000000
vt 0.000000 0.779210 0.000000
vt 0.031416 0.835639 0.000000
vt 0.000000 0.906174 0.000000
vt 0.031416 0.976710 0.000000
vt 0.000000 1.033139 0.000000
vt 0.031416 1.117782 0.000000
vt 0.000000 1.160103 0.000000
vt 0.031416 1.258853 0.000000
vt 0.000000 1.287067 0.000000
vt 0.031416 1.399924 0.000000
vt 0.000000 1.414031 0.000000
vt 0.031416 1.540996 0.000000
vt 0.000000 1.540996 0.000000
vt 0.062832 0.271353 0.000000
vt 0.062832 0.412425 0.000000
vt 0.062832 0.553496 0.000000
vt 0.062832 0.694567 0.000000
vt 0.062832 0.835639 0.000000
vt 0.062832 0.976710 0.000000
vt 0.062832 1.117782 0.000000
vt 0.062832 1.258853 0.000000
vt 0.062832 1.399924 0.000000
vt 0.062832 1.540996 0.000000
vt 0.094248 1.399924 0.000000
vt 0.094248 1.540996 0.000000
vt 0.094248 0.271353 0.000000
vt 0.094248 0.412425 0.000000
vt 0.094248 0.553496 0.000000
vt 0.094248 0.694567 0.000000
vt 0.094248 0.835639 0.000000
vt 0.094248 0.976710 0.000000
vt 0.094248 1.117782 0.000000
vt 0.094248 1.258853 0.000000
vt 0.000000 0.547701 0.000000
vt 0.031416 0.547701 0.000000
vt 0.000000 0.674665 0.000000
vt 0.031416 0.688773 0.000000
vt 0.000000 0.801630 0.000000
vt 0.031416 0.829844 0.000000
vt 0.000000 0.928594 0.000000
vt 0.031416 0.970915 0.000000
vt 0.000000 1.055558 0.000000
vt 0.031416 1.111987 0.000000
vt 0.000000 1.182522 0.000000
vt 0.031416 1.253058 0.000000
vt 0.000000 1.309486 0.000000
vt 0.031416 1.394129 0.000000
vt 0.000000 1.436451 0.000000
vt 0.031416 1.535201 0.000000
vt 0.000000 1.563415 0.000000
vt 0.031416 1.676272 0.000000
vt 0.000000 1.690379 0.000000
vt 0.031416 1.817343 0.000000
vt 0.000000 1.817343 0.000000
vt 0.062832 0.547701 0.000000
vt 0.062832 0.688773 0.000000
vt 0.062832 0.829844 0.000000
vt 0.062832 0.970915 0.000000
vt 0.062832 1.111987 0.000000
vt 0.062832 1.253058 0.000000
vt 0.062832 1.394129 0.000000
vt 0.062832 1.535201 0.000000
vt 0.062832 1.676272 0.000000
vt 0.062832 1.817343 0.000000
vt 0.094248 1.676272 0.000000
vt 0.094248 1.817343 0.000000
vt 0.094248 0.547701 0.000000
vt 0.094248 0.688773 0.000000
vt 0.094248 0.829844 0.000000
vt 0.094248 0.970915 0.000000
vt 0.094248 1.111987 0.000000
vt 0.094248 1.253058 0.000000
vt 0.094248 1.394129 0.000000
vt 0.094248 1.535201 0.000000
vt 0.094248 0.389661 0.000000
vt 0.094248 0.345058 0.000000
vt 0.125664 0.389661 0.000000
vt 0.125664 0.326339 0.000000
vt 0.157080 0.326339 0.000000
vt 0.157080 0.263018 0.000000
vt 0.188496 0.305232 0.000000
vt 0.188496 0.220803 0.000000
vt 0.157080 0.199696 0.000000
vt 0.188496 0.136375 0.000000
vt 0.144913 0.206546 0.000000
vt 0.125664 0.263018 0.000000
vt 0.094248 0.255853 0.000000
vt 0.094248 0.300455 0.000000
vt 0.188496 0.389661 0.000000
vt 0.157080 0.389661 0.000000
vt 0.000000 0.756571 0.000000
vt 0.031416 0.756571 0.000000
vt 0.000000 0.890145 0.000000
vt 0.031416 0.890145 0.000000
vt 0.000000 1.023718 0.000000
vt 0.031416 1.023718 0.000000
vt 0.000000 1.157292 0.000000
vt 0.031416 1.157292 0.000000
vt 0.000000 1.290866 0.000000
vt 0.031416 1.290866 0.000000
vt 0.000000 1.424440 0.000000
vt 0.031416 1.424440 0.000000
vt 0.000000 1.558014 0.000000
vt 0.031416 1.558014 0.000000
vt 0.000000 1.691587 0.000000
vt 0.031416 1.691587 0.000000
vt 0.000000 1.825161 0.000000
vt 0.031416 1.825161 0.000000
vt 0.000000 1.958735 0.000000
vt 0.031416 1.958735 0.000000
vt 0.062832 1.825161 0.000000
vt 0.062832 1.958735 0.000000
vt 0.094248 1.958735 0.000000
vt 0.094248 1.808464 0.000000
vt 0.062832 1.691587 0.000000
vt 0.094248 1.658194 0.000000
vt 0.062832 1.558014 0.000000
vt 0.094248 1.507923 0.000000
vt 0.062832 1.424440 0.000000
vt 0.094248 1.357653 0.000000
vt 0.062832 1.290866 0.000000
vt 0.094248 1.207382 0.000000
vt 0.062832 1.157292 0.000000
vt 0.094248 1.057112 0.000000
vt 0.062832 1.023718 0.000000
vt 0.094248 0.906841 0.000000
vt 0.062832 0.890145 0.000000
vt 0.094248 0.756571 0.000000
vt 0.062832 0.756571 0.000000
vt 0.094248 0.460935 0.000000
vt 0.094248 0.403552 0.000000
vt 0.125664 0.460935 0.000000
vt 0.125664 0.382182 0.000000
vt 0.157080 0.382182 0.000000
vt 0.157080 0.303428 0.000000
vt 0.188496 0.303428 0.000000
vt 0.188496 0.224675 0.000000
vt 0.157080 0.224675 0.000000
vt 0.188496 0.145922 0.000000
vt 0.144518 0.227541 0.000000
vt 0.125664 0.303428 0.000000
vt 0.094248 0.288786 0.000000
vt 0.094248 0.346169 0.000000
vt 0.188496 0.382182 0.000000
vt 0.157080 0.460935 0.000000
vt 0.188496 0.460935 0.000000
vt 0.094248 -0.486671 0.000000
vt 0.094248 -0.544054 0.000000
vt 0.125664 -0.486671 0.000000
vt 0.125664 -0.565425 0.000000
vt 0.157080 -0.565425 0.000000
vt 0.157080 -0.644178 0.000000
vt 0.188496 -0.644178 0.000000
vt 0.188496 -0.722931 0.000000
vt 0.157080 -0.722931 0.000000
vt 0.188496 -0.801685 0.000000
vt 0.144518 -0.720065 0.000000
vt 0.125664 -0.644178 0.000000
vt 0.094248 -0.658821 0.000000
vt 0.094248 -0.601438 0.000000
vt 0.188496 -0.565425 0.000000
vt 0.157080 -0.486671 0.000000
vt 0.188496 -0.486671 0.000000
vt -0.219911 0.065513 0.000000
vt -0.188496 0.065513 0.000000
vt -0.219911 0.144266 0.000000
vt -0.188496 0.144266 0.000000
vt -0.219911 0.223020 0.000000
vt -0.188496 0.223020 0.000000
vt -0.219911 0.301773 0.000000
vt -0.188496 0.301773 0.000000
vt -0.188496 0.380526 0.000000
vt -0.232473 0.298907 0.000000
vt -0.251327 0.223020 0.000000
vt -0.282743 0.237662 0.000000
vt -0.282743 0.180279 0.000000
vt -0.251327 0.144266 0.000000
vt -0.282743 0.122896 0.000000
vt -0.251327 0.065513 0.000000
vt -0.282743 0.065513 0.000000
vt 0.094248 -0.381382 0.000000
vt 0.094248 -0.438765 0.000000
vt 0.125664 -0.381382 0.000000
vt 0.125664 -0.460135 0.000000
vt 0.157080 -0.460135 0.000000
vt 0.157080 -0.538888 0.000000
vt 0.188496 -0.538888 0.000000
vt 0.188496 -0.617642 0.000000
vt 0.157080 -0.617642 0.000000
vt 0.188496 -0.696395 0.000000
vt 0.144518 -0.614776 0.000000
vt 0.125664 -0.538888 0.000000
vt 0.094248 -0.553531 0.000000
vt 0.094248 -0.496148 0.000000
vt 0.188496 -0.460135 0.000000
vt 0.157080 -0.381382 0.000000
vt 0.188496 -0.381382 0.000000
vt -0.219911 0.136787 0.000000
vt -0.188496 0.136787 0.000000
vt -0.219911 0.200109 0.000000
vt -0.188496 0.221216 0.000000
vt -0.219911 0.263430 0.000000
vt -0.188496 0.305645 0.000000
vt -0.219911 0.326752 0.000000
vt -0.188496 0.390073 0.000000
vt -0.232078 0.319902 0.000000
vt -0.282743 0.270595 0.000000
vt -0.251327 0.263430 0.000000
vt -0.282743 0.225993 0.000000
vt -0.251327 0.200109 0.000000
vt -0.282743 0.181390 0.000000
vt -0.251327 0.136787 0.000000
vt -0.282743 0.136787 0.000000
vt 0.094248 -0.276092 0.000000
vt 0.094248 -0.333475 0.000000
vt 0.125664 -0.276092 0.000000
vt 0.125664 -0.354845 0.000000
vt 0.157080 -0.354845 0.000000
vt 0.157080 -0.433599 0.000000
vt 0.188496 -0.433599 0.000000
vt 0.188496 -0.512352 0.000000
vt 0.157080 -0.512352 0.000000
vt 0.188496 -0.591106 0.000000
vt 0.144518 -0.509486 0.000000
vt 0.125664 -0.433599 0.000000
vt 0.094248 -0.448242 0.000000
vt 0.094248 -0.390858 0.000000
vt 0.188496 -0.354845 0.000000
vt 0.157080 -0.276092 0.000000
vt 0.188496 -0.276092 0.000000
vt -0.219911 0.276092 0.000000
vt -0.188496 0.276092 0.000000
vt -0.219911 0.354845 0.000000
vt -0.188496 0.354845 0.000000
vt -0.219911 0.433599 0.000000
vt -0.188496 0.433599 0.000000
vt -0.219911 0.512352 0.000000
vt -0.188496 0.512352 0.000000
vt -0.188496 0.591106 0.000000
vt -0.232473 0.509486 0.000000
vt -0.251327 0.433599 0.000000
vt -0.282743 0.448242 0.000000
vt -0.282743 0.390858 0.000000
vt -0.251327 0.354845 0.000000
vt -0.282743 0.333475 0.000000
vt -0.251327 0.276092 0.000000
vt -0.282743 0.276092 0.000000
vt 0.094248 -0.136787 0.000000
vt 0.094248 -0.181390 0.000000
vt 0.125664 -0.136787 0.000000
vt 0.125664 -0.200109 0.000000
vt 0.157080 -0.200109 0.000000
vt 0.157080 -0.263430 0.000000
vt 0.188496 -0.221216 0.000000
vt 0.188496 -0.305645 0.000000
vt 0.157080 -0.326752 0.000000
vt 0.188496 -0.390073 0.000000
vt 0.144913 -0.319902 0.000000
vt 0.125664 -0.263430 0.000000
vt 0.094248 -0.270595 0.000000
vt 0.094248 -0.225993 0.000000
vt 0.188496 -0.136787 0.000000
vt 0.157080 -0.136787 0.000000
vt -0.219911 0.381382 0.000000
vt -0.188496 0.381382 0.000000
vt -0.219911 0.460135 0.000000
vt -0.188496 0.460135 0.000000
vt -0.219911 0.538888 0.000000
vt -0.188496 0.538888 0.000000
vt -0.219911 0.617642 0.000000
vt -0.188496 0.617642 0.000000
vt -0.188496 0.696395 0.000000
vt -0.232473 0.614776 0.000000
vt -0.251327 0.538888 0.000000
vt -0.282743 0.553531 0.000000
vt -0.282743 0.496148 0.000000
vt -0.251327 0.460135 0.000000
vt -0.282743 0.438765 0.000000
vt -0.251327 0.381382 0.000000
vt -0.282743 0.381382 0.000000
vt 0.094248 -0.065513 0.000000
vt 0.094248 -0.122896 0.000000
vt 0.125664 -0.065513 0.000000
vt 0.125664 -0.144266 0.000000
vt 0.157080 -0.144266 0.000000
vt 0.157080 -0.223020 0.000000
vt 0.188496 -0.223020 0.000000
vt 0.188496 -0.301773 0.000000
vt 0.157080 -0.301773 0.000000
vt 0.188496 -0.380526 0.000000
vt 0.144518 -0.298907 0.000000
vt 0.125664 -0.223020 0.000000
vt 0.094248 -0.237662 0.000000
vt 0.094248 -0.180279 0.000000
vt 0.188496 -0.144266 0.000000
vt 0.157080 -0.065513 0.000000
vt 0.188496 -0.065513 0.000000
vt -0.219911 0.486671 0.000000
vt -0.188496 0.486671 0.000000
vt -0.219911 0.565425 0.000000
vt -0.188496 0.565425 0.000000
vt -0.219911 0.644178 0.000000
vt -0.188496 0.644178 0.000000
vt -0.219911 0.722931 0.000000
vt -0.188496 0.722931 0.000000
vt -0.188496 0.801685 0.000000
vt -0.232473 0.720066 0.000000
vt -0.251327 0.644178 0.000000
vt -0.282743 0.658821 0.000000
vt -0.282743 0.601438 0.000000
vt -0.251327 0.565425 0.000000
vt -0.282743 0.544054 0.000000
vt -0.251327 0.486671 0.000000
vt -0.282743 0.486671 0.000000
vt 0.008241 0.086583 0.000000
vt 0.004118 0.032468 0.000000
vt 0.008241 0.000000 0.000000
vt 0.004118 0.021646 0.000000
vt 0.000000 0.000000 0.000000
vt 0.004118 0.043291 0.000000
vt 0.004118 0.054114 0.000000
vt 0.004118 0.064937 0.000000
vt -0.000000 0.086583 0.000000
vt 0.004118 0.075760 0.000000
vt 0.004118 0.086583 0.000000
vt 0.004118 0.108228 0.000000
vt 0.004118 0.122659 0.000000
vt 0.004118 0.129874 0.000000
vt 0.004118 0.151520 0.000000
vt 0.008241 0.173165 0.000000
vt -0.000000 0.173165 0.000000
vt 0.000000 19.255571 0.000000
vt 0.014142 19.255571 0.000000
vt -0.000000 19.412188 0.000000
vt 0.014142 19.412188 0.000000
vt -0.000000 19.568804 0.000000
vt 0.014142 19.568804 0.000000
vt -0.000000 19.725421 0.000000
vt 0.014142 19.725421 0.000000
vt -0.000000 -1.437422 0.000000
vt 0.014142 -1.437422 0.000000
vt 0.000000 -1.396028 0.000000
vt 0.014142 -1.396028 0.000000
vt 0.000000 -1.354634 0.000000
vt 0.014142 -1.354634 0.000000
vt -0.000000 -1.313240 0.000000
vt 0.014142 -1.313240 0.000000
vt 0.008493 0.000000 0.000000
vt 0.004246 0.009668 0.000000
vt 0.000000 0.000000 0.000000
vt 0.004246 0.019336 0.000000
vt 0.000000 0.038672 0.000000
vt 0.004246 0.029004 0.000000
vt 0.004246 0.033838 0.000000
vt 0.004246 0.038672 0.000000
vt 0.008493 0.077343 0.000000
vt 0.004246 0.048340 0.000000
vt 0.004246 0.058008 0.000000
vt 0.000000 0.077343 0.000000
vt 0.004246 0.077343 0.000000
vt 0.004246 0.087011 0.000000
vt 0.004246 0.096679 0.000000
vt 0.004246 0.106347 0.000000
vt 0.004246 0.116015 0.000000
vt 0.004246 0.128906 0.000000
vt 0.004246 0.135351 0.000000
vt 0.008493 0.154687 0.000000
vt 0.000000 0.154687 0.000000
vt 0.008241 0.086583 0.000000
vt 0.004120 0.043291 0.000000
vt 0.008241 0.000000 0.000000
vt 0.004120 0.037880 0.000000
vt 0.004120 0.032468 0.000000
vt 0.000000 0.000000 0.000000
vt 0.004120 0.021646 0.000000
vt 0.004120 0.010823 0.000000
vt 0.008241 0.173165 0.000000
vt 0.004120 0.151520 0.000000
vt 0.004120 0.129874 0.000000
vt 0.004120 0.122659 0.000000
vt 0.000000 0.086583 0.000000
vt 0.004120 0.108228 0.000000
vt 0.004120 0.086583 0.000000
vt 0.004120 0.075760 0.000000
vt 0.004120 0.064937 0.000000
vt 0.004120 0.054114 0.000000
vt 0.004120 0.048703 0.000000
vt 0.000000 0.173165 0.000000
vt 0.014142 -19.255571 0.000000
vt -0.000000 -19.255571 0.000000
vt 0.014142 -19.412188 0.000000
vt -0.000000 -19.412188 0.000000
vt 0.014142 -19.568804 0.000000
vt -0.000000 -19.568804 0.000000
vt 0.014142 -19.725421 0.000000
vt -0.000000 -19.725421 0.000000
vt 0.014142 1.437422 0.000000
vt -0.000000 1.437422 0.000000
vt 0.014142 1.396028 0.000000
vt -0.000000 1.396028 0.000000
vt 0.014142 1.354634 0.000000
vt 0.000000 1.354634 0.000000
vt 0.014142 1.313240 0.000000
vt -0.000000 1.313240 0.000000
vt 0.008493 0.038672 0.000000
vt 0.004244 0.019336 0.000000
vt 0.008493 0.000000 0.000000
vt 0.004244 0.009668 0.000000
vt 0.000000 0.000000 0.000000
vt 0.004244 0.024170 0.000000
vt 0.004244 0.029004 0.000000
vt 0.004244 0.033838 0.000000
vt 0.004244 0.038672 0.000000
vt -0.000000 0.077343 0.000000
vt 0.004244 0.048340 0.000000
vt 0.004244 0.058008 0.000000
vt 0.008493 0.077343 0.000000
vt 0.004244 0.067676 0.000000
vt 0.004244 0.077343 0.000000
vt 0.004244 0.087011 0.000000
vt 0.004244 0.096679 0.000000
vt 0.004244 0.106347 0.000000
vt 0.004244 0.116015 0.000000
vt 0.004244 0.135351 0.000000
vt 0.004244 0.145019 0.000000
vt 0.004244 0.149853 0.000000
vt 0.004244 0.152270 0.000000
vt -0.000000 0.154687 0.000000
vt 0.008493 0.154687 0.000000
vt 0.008241 0.086583 0.000000
vt 0.004120 0.043291 0.000000
vt 0.008241 0.000000 0.000000
vt 0.004120 0.037880 0.000000
vt 0.004120 0.032468 0.000000
vt 0.000000 0.000000 0.000000
vt 0.004120 0.021646 0.000000
vt 0.004120 0.010823 0.000000
vt 0.008241 0.173165 0.000000
vt 0.004120 0.151520 0.000000
vt 0.004120 0.129874 0.000000
vt 0.004120 0.122659 0.000000
vt 0.000000 0.086583 0.000000
vt 0.004120 0.108228 0.000000
vt 0.004120 0.086583 0.000000
vt 0.004120 0.075760 0.000000
vt 0.004120 0.064937 0.000000
vt 0.004120 0.054114 0.000000
vt 0.004120 0.048703 0.000000
vt 0.000000 0.173165 0.000000
vt 0.014142 -14.901324 0.000000
vt -0.000000 -14.901324 0.000000
vt 0.014142 -15.127019 0.000000
vt -0.000000 -15.127019 0.000000
vt 0.014142 -15.352713 0.000000
vt -0.000000 -15.352713 0.000000
vt 0.014142 -15.578408 0.000000
vt 0.000000 -15.578408 0.000000
vt 0.008241 0.086583 0.000000
vt 0.004118 0.032468 0.000000
vt 0.008241 0.000000 0.000000
vt 0.004118 0.021646 0.000000
vt 0.004118 0.010823 0.000000
vt 0.000000 0.000000 0.000000
vt 0.008241 0.173165 0.000000
vt 0.004118 0.151520 0.000000
vt 0.004118 0.129874 0.000000
vt 0.004118 0.122659 0.000000
vt -0.000000 0.086583 0.000000
vt 0.004118 0.108228 0.000000
vt 0.004118 0.086583 0.000000
vt 0.004118 0.075760 0.000000
vt 0.004118 0.064937 0.000000
vt 0.004118 0.054114 0.000000
vt 0.004118 0.048703 0.000000
vt 0.004118 0.043291 0.000000
vt 0.004118 0.037880 0.000000
vt -0.000000 0.173165 0.000000
vt 0.008241 0.086583 0.000000
vt 0.004120 0.043291 0.000000
vt 0.008241 0.000000 0.000000
vt 0.004120 0.037880 0.000000
vt 0.004120 0.032468 0.000000
vt 0.000000 0.000000 0.000000
vt 0.004120 0.021646 0.000000
vt 0.004120 0.010823 0.000000
vt 0.008241 0.173165 0.000000
vt 0.004120 0.151520 0.000000
vt 0.004120 0.129874 0.000000
vt 0.004120 0.122659 0.000000
vt 0.000000 0.086583 0.000000
vt 0.004120 0.108228 0.000000
vt 0.004120 0.086583 0.000000
vt 0.004120 0.075760 0.000000
vt 0.004120 0.064937 0.000000
vt 0.004120 0.054114 0.000000
vt 0.004120 0.048703 0.000000
vt 0.000000 0.173165 0.000000
vt 0.014142 -10.547076 0.000000
vt -0.000000 -10.547076 0.000000
vt 0.014142 -10.772771 0.000000
vt -0.000000 -10.772771 0.000000
vt 0.014142 -10.998466 0.000000
vt -0.000000 -10.998466 0.000000
vt 0.014142 -11.224161 0.000000
vt 0.000000 -11.224161 0.000000
vt 0.008241 0.086583 0.000000
vt 0.004118 0.032468 0.000000
vt 0.008241 0.000000 0.000000
vt 0.004118 0.021646 0.000000
vt 0.004118 0.010823 0.000000
vt 0.000000 0.000000 0.000000
vt 0.008241 0.173165 0.000000
vt 0.004118 0.151520 0.000000
vt 0.004118 0.129874 0.000000
vt 0.004118 0.122659 0.000000
vt 0.000000 0.086583 0.000000
vt 0.004118 0.108228 0.000000
vt 0.004118 0.086583 0.000000
vt 0.004118 0.075760 0.000000
vt 0.004118 0.064937 0.000000
vt 0.004118 0.054114 0.000000
vt 0.004118 0.048703 0.000000
vt 0.004118 0.043291 0.000000
vt 0.004118 0.037880 0.000000
vt 0.000000 0.173165 0.000000
vt 0.008241 0.086583 0.000000
vt 0.004120 0.043291 0.000000
vt 0.008241 0.000000 0.000000
vt 0.004120 0.037880 0.000000
vt 0.004120 0.032468 0.000000
vt 0.000000 0.000000 0.000000
vt 0.004120 0.021646 0.000000
vt 0.004120 0.010823 0.000000
vt 0.008241 0.173165 0.000000
vt 0.004120 0.151520 0.000000
vt 0.004120 0.129874 0.000000
vt 0.004120 0.122659 0.000000
vt 0.000000 0.086583 0.000000
vt 0.004120 0.108228 0.000000
vt 0.004120 0.086583 0.000000
vt 0.004120 0.075760 0.000000
vt 0.004120 0.064937 0.000000
vt 0.004120 0.054114 0.000000
vt 0.004120 0.048703 0.000000
vt 0.000000 0.173165 0.000000
vt 0.014142 -6.192829 0.000000
vt -0.000000 -6.192829 0.000000
vt 0.014142 -6.418524 0.000000
vt -0.000000 -6.418524 0.000000
vt 0.014142 -6.644218 0.000000
vt -0.000000 -6.644218 0.000000
vt 0.014142 -6.869913 0.000000
vt 0.000000 -6.869913 0.000000
vt 0.008241 0.086583 0.000000
vt 0.004118 0.032468 0.000000
vt 0.008241 0.000000 0.000000
vt 0.004118 0.021646 0.000000
vt 0.004118 0.010823 0.000000
vt 0.000000 0.000000 0.000000
vt 0.008241 0.173165 0.000000
vt 0.004118 0.151520 0.000000
vt 0.004118 0.129874 0.000000
vt 0.004118 0.122659 0.000000
vt -0.000000 0.086583 0.000000
vt 0.004118 0.108228 0.000000
vt 0.004118 0.086583 0.000000
vt 0.004118 0.075760 0.000000
vt 0.004118 0.064937 0.000000
vt 0.004118 0.054114 0.000000
vt 0.004118 0.048703 0.000000
vt 0.004118 0.043291 0.000000
vt 0.004118 0.037880 0.000000
vt -0.000000 0.173165 0.000000
vt 0.008241 0.086583 0.000000
vt 0.004119 0.032468 0.000000
vt 0.008241 0.000000 0.000000
vt 0.004119 0.021646 0.000000
vt 0.000000 0.000000 0.000000
vt 0.004119 0.043291 0.000000
vt 0.004119 0.054114 0.000000
vt 0.004119 0.064937 0.000000
vt -0.000000 0.086583 0.000000
vt 0.004119 0.075760 0.000000
vt 0.004119 0.086583 0.000000
vt 0.004119 0.108228 0.000000
vt 0.004119 0.122659 0.000000
vt 0.004119 0.129874 0.000000
vt 0.004119 0.151520 0.000000
vt 0.008241 0.173165 0.000000
vt -0.000000 0.173165 0.000000
vt -0.000000 -2.515666 0.000000
vt 0.014142 -2.515666 0.000000
vt -0.000000 -2.359049 0.000000
vt 0.014142 -2.359049 0.000000
vt -0.000000 -2.202433 0.000000
vt 0.014142 -2.202433 0.000000
vt -0.000000 -2.045816 0.000000
vt 0.014142 -2.045816 0.000000
vt -0.000000 0.149082 0.000000
vt 0.014142 0.149082 0.000000
vt 0.000000 0.190476 0.000000
vt 0.014142 0.190476 0.000000
vt 0.000000 0.231870 0.000000
vt 0.014142 0.231870 0.000000
vt -0.000000 0.273264 0.000000
vt 0.014142 0.273264 0.000000
vt 0.008493 0.000000 0.000000
vt 0.004246 0.009668 0.000000
vt 0.000000 0.000000 0.000000
vt 0.004246 0.019336 0.000000
vt 0.000000 0.038672 0.000000
vt 0.004246 0.029004 0.000000
vt 0.004246 0.033838 0.000000
vt 0.004246 0.038672 0.000000
vt 0.008493 0.077343 0.000000
vt 0.004246 0.048340 0.000000
vt 0.004246 0.058008 0.000000
vt 0.000000 0.077343 0.000000
vt 0.004246 0.077343 0.000000
vt 0.004246 0.087011 0.000000
vt 0.004246 0.096679 0.000000
vt 0.004246 0.106347 0.000000
vt 0.004246 0.116015 0.000000
vt 0.004246 0.128906 0.000000
vt 0.004246 0.135351 0.000000
vt 0.008493 0.154687 0.000000
vt 0.000000 0.154687 0.000000
vt 0.008241 0.173165 0.000000
vt 0.004121 0.151520 0.000000
vt 0.008241 0.105974 0.000000
vt 0.004121 0.129874 0.000000
vt 0.004121 0.122659 0.000000
vt 0.000001 0.105970 0.000000
vt 0.004121 0.108228 0.000000
vt 0.004121 0.086583 0.000000
vt 0.004121 0.075760 0.000000
vt 0.004121 0.064937 0.000000
vt 0.000000 0.053879 0.000000
vt 0.004121 0.054114 0.000000
vt 0.004121 0.043291 0.000000
vt 0.008241 -0.000000 0.000000
vt 0.004121 0.032468 0.000000
vt 0.004121 0.021646 0.000000
vt 0.000000 0.000000 0.000000
vt 0.000001 0.173165 0.000000
vt 0.014142 2.515666 0.000000
vt 0.000000 2.515666 0.000000
vt 0.014142 2.359049 0.000000
vt -0.000000 2.359049 0.000000
vt 0.014142 2.202433 0.000000
vt -0.000000 2.202433 0.000000
vt 0.014142 2.045816 0.000000
vt -0.000000 2.045816 0.000000
vt 0.014142 -0.149082 0.000000
vt 0.000000 -0.149082 0.000000
vt 0.014142 -0.190476 0.000000
vt -0.000000 -0.190476 0.000000
vt 0.014142 -0.231870 0.000000
vt 0.000000 -0.231870 0.000000
vt 0.014142 -0.273264 0.000000
vt 0.000000 -0.273264 0.000000
vt 0.008493 0.038672 0.000000
vt 0.004244 0.019336 0.000000
vt 0.008493 0.000000 0.000000
vt 0.004244 0.009668 0.000000
vt 0.000000 0.000000 0.000000
vt 0.004244 0.029004 0.000000
vt 0.004244 0.033838 0.000000
vt 0.004244 0.038672 0.000000
vt -0.000000 0.077343 0.000000
vt 0.004244 0.048340 0.000000
vt 0.004244 0.058008 0.000000
vt 0.008493 0.077343 0.000000
vt 0.004244 0.077343 0.000000
vt 0.004244 0.087011 0.000000
vt 0.004244 0.096679 0.000000
vt 0.004244 0.106347 0.000000
vt 0.004244 0.116015 0.000000
vt 0.004244 0.128906 0.000000
vt 0.004244 0.135351 0.000000
vt -0.000000 0.154687 0.000000
vt 0.008493 0.154687 0.000000
vt 0.008241 0.086583 0.000000
vt 0.004120 0.043291 0.000000
vt 0.008241 0.000000 0.000000
vt 0.004120 0.032468 0.000000
vt 0.004120 0.021646 0.000000
vt 0.000000 0.000000 0.000000
vt 0.008241 0.173165 0.000000
vt 0.004120 0.151520 0.000000
vt 0.004120 0.129874 0.000000
vt 0.004120 0.122659 0.000000
vt 0.000000 0.086583 0.000000
vt 0.004120 0.108228 0.000000
vt 0.004120 0.086583 0.000000
vt 0.004120 0.075760 0.000000
vt 0.004120 0.064937 0.000000
vt 0.004120 0.054114 0.000000
vt 0.000000 0.173165 0.000000
vt 0.014142 6.869913 0.000000
vt -0.000000 6.869913 0.000000
vt 0.014142 6.644218 0.000000
vt -0.000000 6.644218 0.000000
vt 0.014142 6.418524 0.000000
vt -0.000000 6.418524 0.000000
vt 0.014142 6.192829 0.000000
vt -0.000000 6.192829 0.000000
vt 0.008241 0.086583 0.000000
vt 0.004118 0.032468 0.000000
vt 0.008241 0.000000 0.000000
vt 0.004118 0.021646 0.000000
vt 0.000000 0.000000 0.000000
vt 0.004118 0.043291 0.000000
vt 0.004118 0.054114 0.000000
vt 0.004118 0.064937 0.000000
vt 0.000000 0.086583 0.000000
vt 0.004118 0.075760 0.000000
vt 0.004118 0.086583 0.000000
vt 0.004118 0.108228 0.000000
vt 0.004118 0.122659 0.000000
vt 0.004118 0.129874 0.000000
vt 0.004118 0.151520 0.000000
vt 0.008241 0.173165 0.000000
vt 0.000000 0.173165 0.000000
vt 0.008241 0.086583 0.000000
vt 0.004120 0.043291 0.000000
vt 0.008241 0.000000 0.000000
vt 0.004120 0.037880 0.000000
vt 0.004120 0.032468 0.000000
vt 0.000000 0.000000 0.000000
vt 0.004120 0.021646 0.000000
vt 0.004120 0.010823 0.000000
vt 0.008241 0.173165 0.000000
vt 0.004120 0.151520 0.000000
vt 0.004120 0.129874 0.000000
vt 0.004120 0.122659 0.000000
vt 0.000000 0.086583 0.000000
vt 0.004120 0.108228 0.000000
vt 0.004120 0.086583 0.000000
vt 0.004120 0.075760 0.000000
vt 0.004120 0.064937 0.000000
vt 0.004120 0.054114 0.000000
vt 0.004120 0.048703 0.000000
vt 0.000000 0.173165 0.000000
vt 0.014142 11.224161 0.000000
vt 0.000000 11.224161 0.000000
vt 0.014142 10.998466 0.000000
vt -0.000000 10.998466 0.000000
vt 0.014142 10.772771 0.000000
vt -0.000000 10.772771 0.000000
vt 0.014142 10.547076 0.000000
vt -0.000000 10.547076 0.000000
vt 0.008241 0.086583 0.000000
vt 0.004118 0.032468 0.000000
vt 0.008241 0.000000 0.000000
vt 0.004118 0.021646 0.000000
vt 0.004118 0.010823 0.000000
vt 0.000000 0.000000 0.000000
vt 0.008241 0.173165 0.000000
vt 0.004118 0.151520 0.000000
vt 0.004118 0.129874 0.000000
vt 0.004118 0.122659 0.000000
vt 0.000000 0.086583 0.000000
vt 0.004118 0.108228 0.000000
vt 0.004118 0.086583 0.000000
vt 0.004118 0.075760 0.000000
vt 0.004118 0.064937 0.000000
vt 0.004118 0.054114 0.000000
vt 0.004118 0.048703 0.000000
vt 0.004118 0.043291 0.000000
vt 0.004118 0.037880 0.000000
vt 0.000000 0.173165 0.000000
vt 0.008241 0.086583 0.000000
vt 0.004120 0.043291 0.000000
vt 0.008241 0.000000 0.000000
vt 0.004120 0.037880 0.000000
vt 0.004120 0.032468 0.000000
vt 0.000000 0.000000 0.000000
vt 0.004120 0.021646 0.000000
vt 0.004120 0.010823 0.000000
vt 0.008241 0.173165 0.000000
vt 0.004120 0.151520 0.000000
vt 0.004120 0.129874 0.000000
vt 0.004120 0.122659 0.000000
vt 0.000000 0.086583 0.000000
vt 0.004120 0.108228 0.000000
vt 0.004120 0.086583 0.000000
vt 0.004120 0.075760 0.000000
vt 0.004120 0.064937 0.000000
vt 0.004120 0.054114 0.000000
vt 0.004120 0.048703 0.000000
vt 0.000000 0.173165 0.000000
vt 0.014142 15.578408 0.000000
vt 0.000000 15.578408 0.000000
vt 0.014142 15.352713 0.000000
vt -0.000000 15.352713 0.000000
vt 0.014142 15.127019 0.000000
vt -0.000000 15.127019 0.000000
vt 0.014142 14.901324 0.000000
vt -0.000000 14.901324 0.000000
vt 0.008241 0.086583 0.000000
vt 0.004118 0.032468 0.000000
vt 0.008241 0.000000 0.000000
vt 0.004118 0.021646 0.000000
vt 0.004118 0.010823 0.000000
vt 0.000000 0.000000 0.000000
vt 0.008241 0.173165 0.000000
vt 0.004118 0.151520 0.000000
vt 0.004118 0.129874 0.000000
vt 0.004118 0.122659 0.000000
vt -0.000000 0.086583 0.000000
vt 0.004118 0.108228 0.000000
vt 0.004118 0.086583 0.000000
vt 0.004118 0.075760 0.000000
vt 0.004118 0.064937 0.000000
vt 0.004118 0.054114 0.000000
vt 0.004118 0.048703 0.000000
vt 0.004118 0.043291 0.000000
vt 0.004118 0.037880 0.000000
vt -0.000000 0.173165 0.000000
vt -0.000000 -2.039912 0.000000
vt -0.070711 -2.039912 0.000000
vt -0.000000 -2.692822 0.000000
vt -0.070711 -2.692822 0.000000
vt 0.000000 -3.345733 0.000000
vt -0.070711 -3.345733 0.000000
vt -0.000000 -3.998643 0.000000
vt -0.070711 -3.998643 0.000000
vt -0.000000 -4.651554 0.000000
vt -0.070711 -4.651554 0.000000
vt -0.000000 -5.304464 0.000000
vt -0.070711 -5.304464 0.000000
vt 0.000000 -5.957375 0.000000
vt -0.070711 -5.957375 0.000000
vt 0.000000 -6.610285 0.000000
vt -0.070711 -6.610285 0.000000
vt 0.000000 -7.263195 0.000000
vt -0.070711 -7.263195 0.000000
vt -0.000000 -7.916106 0.000000
vt -0.070711 -7.916106 0.000000
vt 0.000000 -8.569016 0.000000
vt -0.070711 -8.569016 0.000000
vt -0.000000 -9.221927 0.000000
vt -0.070711 -9.221927 0.000000
vt 0.000000 -9.874837 0.000000
vt -0.070711 -9.874837 0.000000
vt 0.000000 -10.527747 0.000000
vt -0.070711 -10.527747 0.000000
vt 0.000000 -11.180658 0.000000
vt -0.070711 -11.180658 0.000000
vt -0.000000 -11.833568 0.000000
vt -0.070711 -11.833568 0.000000
vt 0.000000 -12.486479 0.000000
vt -0.070711 -12.486479 0.000000
vt 0.000000 -13.139389 0.000000
vt -0.070711 -13.139389 0.000000
vt 0.000000 -13.792299 0.000000
vt -0.070711 -13.792299 0.000000
vt -0.000000 -14.445210 0.000000
vt -0.070711 -14.445210 0.000000
vt -0.000000 -15.098120 0.000000
vt -0.070711 -15.098120 0.000000
vt 0.000000 -15.751031 0.000000
vt -0.070711 -15.751031 0.000000
vt -0.000000 -16.403941 0.000000
vt -0.070711 -16.403941 0.000000
vt -0.000000 -17.056852 0.000000
vt -0.070711 -17.056852 0.000000
vt 0.000000 -17.709762 0.000000
vt -0.070711 -17.709762 0.000000
vt -0.000000 -18.362672 0.000000
vt -0.070711 -18.362672 0.000000
vt -0.000000 -19.015583 0.000000
vt -0.070711 -19.015583 0.000000
vt -0.000000 -19.668493 0.000000
vt -0.070711 -19.668493 0.000000
vt -0.000000 1.494350 0.000000
vt -0.070711 1.494350 0.000000
vt -0.000000 1.321466 0.000000
vt -0.070711 1.321466 0.000000
vt 0.000000 1.148582 0.000000
vt -0.070711 1.148582 0.000000
vt -0.000000 0.975698 0.000000
vt -0.070711 0.975698 0.000000
vt -0.070711 0.154986 0.000000
vt -0.000000 0.154986 0.000000
vt -0.070711 0.327870 0.000000
vt -0.000000 0.327870 0.000000
vt -0.070711 0.500754 0.000000
vt -0.000000 0.500754 0.000000
vt -0.070711 0.673638 0.000000
vt 0.000000 0.673638 0.000000
vt -0.070711 -0.882774 0.000000
vt -0.070711 -1.014419 0.000000
vt 0.000000 -0.882774 0.000000
vt 0.000000 -1.058301 0.000000
vt -0.070711 -1.146064 0.000000
vt -0.000000 -1.233827 0.000000
vt -0.070711 -1.277709 0.000000
vt 0.000000 -1.409353 0.000000
vt -0.070711 -1.409353 0.000000
vt -0.070711 -0.609482 0.000000
vt 0.000000 -0.609482 0.000000
vt -0.070711 -0.477837 0.000000
vt 0.000000 -0.433956 0.000000
vt -0.070711 -0.346193 0.000000
vt 0.000000 -0.258429 0.000000
vt -0.070711 -0.214548 0.000000
vt 0.000000 -0.082903 0.000000
vt -0.070711 -0.082903 0.000000
vt 0.000000 -21.985913 0.000000
vt -0.070711 -21.985913 0.000000
vt -0.000000 -22.632557 0.000000
vt -0.070711 -22.632557 0.000000
vt -0.000000 -23.279202 0.000000
vt -0.070711 -23.279202 0.000000
vt -0.000000 -23.925846 0.000000
vt -0.070711 -23.925846 0.000000
vt -0.000000 -24.572491 0.000000
vt -0.070711 -24.572491 0.000000
vt -0.070711 1.409353 0.000000
vt -0.070711 1.277709 0.000000
vt -0.000000 1.409353 0.000000
vt 0.000000 1.233827 0.000000
vt -0.070711 1.146064 0.000000
vt 0.000000 1.058301 0.000000
vt -0.070711 1.014419 0.000000
vt 0.000000 0.882774 0.000000
vt -0.070711 0.882774 0.000000
vt -0.070711 0.082903 0.000000
vt 0.000000 0.082903 0.000000
vt -0.070711 0.214548 0.000000
vt 0.000000 0.258429 0.000000
vt -0.070711 0.346193 0.000000
vt 0.000000 0.433956 0.000000
vt -0.070711 0.477837 0.000000
vt -0.000000 0.609482 0.000000
vt -0.070711 0.609482 0.000000
vt -0.000000 -0.975698 0.000000
vt -0.070711 -0.975698 0.000000
vt 0.000000 -1.148582 0.000000
vt -0.070711 -1.148582 0.000000
vt -0.000000 -1.321466 0.000000
vt -0.070711 -1.321466 0.000000
vt 0.000000 -1.494350 0.000000
vt -0.070711 -1.494350 0.000000
vt -0.070711 -0.673638 0.000000
vt 0.000000 -0.673638 0.000000
vt -0.070711 -0.500754 0.000000
vt -0.000000 -0.500754 0.000000
vt -0.070711 -0.327870 0.000000
vt -0.000000 -0.327870 0.000000
vt -0.070711 -0.154986 0.000000
vt -0.000000 -0.154986 0.000000
vt -0.000000 19.668493 0.000000
vt -0.070711 19.668493 0.000000
vt -0.000000 19.015583 0.000000
vt -0.070711 19.015583 0.000000
vt -0.000000 18.362672 0.000000
vt -0.070711 18.362672 0.000000
vt -0.000000 17.709762 0.000000
vt -0.070711 17.709762 0.000000
vt -0.000000 17.056852 0.000000
vt -0.070711 17.056852 0.000000
vt -0.000000 16.403941 0.000000
vt -0.070711 16.403941 0.000000
vt 0.000000 15.751031 0.000000
vt -0.070711 15.751031 0.000000
vt -0.000000 15.098120 0.000000
vt -0.070711 15.098120 0.000000
vt -0.000000 14.445210 0.000000
vt -0.070711 14.445210 0.000000
vt 0.000000 13.792299 0.000000
vt -0.070711 13.792299 0.000000
vt 0.000000 13.139389 0.000000
vt -0.070711 13.139389 0.000000
vt 0.000000 12.486479 0.000000
vt -0.070711 12.486479 0.000000
vt 0.000000 11.833568 0.000000
vt -0.070711 11.833568 0.000000
vt -0.000000 11.180658 0.000000
vt -0.070711 11.180658 0.000000
vt -0.000000 10.527747 0.000000
vt -0.070711 10.527747 0.000000
vt -0.000000 9.874837 0.000000
vt -0.070711 9.874837 0.000000
vt -0.000000 9.221927 0.000000
vt -0.070711 9.221927 0.000000
vt -0.000000 8.569016 0.000000
vt -0.070711 8.569016 0.000000
vt -0.000000 7.916106 0.000000
vt -0.070711 7.916106 0.000000
vt -0.000000 7.263195 0.000000
vt -0.070711 7.263195 0.000000
vt -0.000000 6.610285 0.000000
vt -0.070711 6.610285 0.000000
vt -0.000000 5.957375 0.000000
vt -0.070711 5.957375 0.000000
vt -0.000000 5.304464 0.000000
vt -0.070711 5.304464 0.000000
vt -0.000000 4.651554 0.000000
vt -0.070711 4.651554 0.000000
vt 0.000000 3.998643 0.000000
vt -0.070711 3.998643 0.000000
vt 0.000000 3.345733 0.000000
vt -0.070711 3.345733 0.000000
vt -0.000000 2.692822 0.000000
vt -0.070711 2.692822 0.000000
vt -0.000000 2.039912 0.000000
vt -0.070711 2.039912 0.000000
vn 0.707107 0.405580 0.579228
vn 0.707107 0.405580 0.579228
vn 0.707107 0.454519 0.541675
vn 0.707107 0.454519 0.541675
vn 0.707107 0.500000 0.500000
vn 0.707107 0.500000 0.500000
vn 0.707107 0.541675 0.454519
vn 0.707107 0.541675 0.454519
vn 0.707107 0.579228 0.405580
vn 0.707107 0.579228 0.405580
vn -0.500000 -0.451204 -0.739199
vn 0.000000 -0.521006 -0.853553
vn -0.500000 -0.704360 -0.503863
vn 0.000000 -0.813324 -0.581810
vn -0.500000 -0.845315 -0.188264
vn 0.000000 -0.976085 -0.217389
vn -0.500000 -0.851616 0.157324
vn 0.000000 -0.983361 0.181662
vn -0.500000 -0.722259 0.477851
vn 0.000000 -0.833993 0.551775
vn -0.500000 -0.477851 0.722259
vn 0.000000 -0.551775 0.833993
vn -0.500000 -0.157324 0.851616
vn 0.000000 -0.181662 0.983361
vn -0.500000 0.188264 0.845315
vn -0.000000 0.217389 0.976085
vn -0.500000 0.503863 0.704360
vn -0.000000 0.581810 0.813324
vn -0.500000 0.739199 0.451204
vn -0.000000 0.853553 0.521006
vn -0.866025 0.426777 0.260503
vn -0.866025 0.290905 0.406662
vn -0.866025 0.108694 0.488043
vn -0.866025 -0.090831 0.491681
vn -0.866025 -0.275887 0.416997
vn -0.866025 -0.416997 0.275887
vn -0.866025 -0.491681 0.090831
vn -0.866025 -0.488043 -0.108694
vn -0.866025 -0.406662 -0.290905
vn -0.866025 -0.260503 -0.426777
vn -1.000000 0.000000 0.000000
vn -1.000000 0.000000 0.000000
vn -1.000000 -0.000000 -0.000000
vn -1.000000 0.000000 -0.000000
vn -1.000000 0.000000 -0.000000
vn -1.000000 0.000000 -0.000000
vn -1.000000 0.000000 0.000000
vn -1.000000 -0.000000 -0.000000
vn -1.000000 -0.000000 -0.000000
vn -1.000000 0.000000 0.000000
vn -0.866025 -0.425528 -0.262538
vn -0.500000 -0.737036 -0.454729
vn -0.500000 -0.863055 -0.071661
vn -0.000000 -0.996571 -0.082746
vn -0.000000 -0.925999 0.377525
vn -0.500000 -0.801939 0.326946
vn -0.000000 -0.654644 0.755938
vn -0.669074 -0.692896 0.268765
vn -0.866025 -0.498285 -0.041373
vn -1.000000 0.000000 -0.000000
vn -1.000000 0.000000 0.000000
vn -0.000000 -0.851055 -0.525076
vn -0.500000 -0.799522 -0.332813
vn 0.000000 -0.923208 -0.384300
vn -0.500000 -0.866002 0.006379
vn 0.000000 -0.999973 0.007365
vn -0.500000 -0.794533 0.344555
vn 0.000000 -0.917447 0.397857
vn -0.500000 -0.596499 0.627845
vn 0.000000 -0.688778 0.724973
vn -0.500000 -0.303446 0.811123
vn 0.000000 -0.350390 0.936604
vn -0.500000 0.037944 0.865194
vn -0.000000 0.043814 0.999040
vn -0.500000 0.373289 0.781444
vn -0.000000 0.431038 0.902334
vn -0.500000 0.649172 0.573215
vn -0.000000 0.749600 0.661892
vn -0.500000 0.821646 0.273676
vn -0.000000 0.948755 0.316014
vn -0.500000 0.863236 -0.069458
vn 0.000000 0.996779 -0.080204
vn -0.866025 0.498389 -0.040102
vn -0.866025 0.474377 0.158007
vn -0.866025 0.374800 0.330946
vn -0.866025 0.215519 0.451167
vn -0.866025 0.021907 0.499520
vn -0.866025 -0.175195 0.468302
vn -0.866025 -0.344389 0.362486
vn -0.866025 -0.458724 0.198929
vn -0.866025 -0.499986 0.003683
vn -0.866025 -0.461604 -0.192150
vn -1.000000 0.000000 0.000000
vn -1.000000 0.000000 -0.000000
vn -1.000000 0.000000 -0.000000
vn -1.000000 0.000000 -0.000000
vn -1.000000 0.000000 -0.000000
vn -1.000000 0.000000 0.000000
vn -1.000000 -0.000000 -0.000000
vn -1.000000 -0.000000 -0.000000
vn -1.000000 -0.000000 0.000000
vn 0.000000 -0.999523 0.030878
vn 0.000000 -0.915995 0.401189
vn -0.500000 -0.865612 0.026741
vn -0.500000 -0.777821 0.380781
vn -0.866025 -0.449075 0.219844
vn -0.866025 -0.318722 0.385248
vn -1.000000 -0.000000 0.000000
vn -1.000000 -0.000000 0.000000
vn -0.866025 -0.131827 0.482309
vn -1.000000 0.000000 0.000000
vn -0.866025 0.078455 0.493806
vn -1.000000 0.000000 0.000000
vn -0.866025 0.274819 0.417702
vn -1.000000 -0.000000 -0.000000
vn -0.866025 0.422429 0.267496
vn -1.000000 -0.000000 -0.000000
vn -0.866025 0.495099 0.069835
vn -1.000000 0.000000 -0.000000
vn -0.866025 0.479938 -0.140214
vn -1.000000 0.000000 -0.000000
vn -0.866025 0.379634 -0.325389
vn -0.500000 0.831276 -0.242858
vn -0.500000 0.657546 -0.563590
vn 0.000000 0.947114 -0.320897
vn 0.000000 0.759268 -0.650778
vn 0.000000 -0.700466 0.713686
vn -0.500000 -0.552042 0.667270
vn 0.000000 -0.383994 0.923336
vn -0.500000 -0.228330 0.835383
vn 0.000000 -0.012186 0.999926
vn -0.500000 0.135888 0.855298
vn -0.000000 0.361378 0.932419
vn -0.500000 0.476000 0.723481
vn -0.000000 0.682865 0.730544
vn -0.500000 0.731668 0.463316
vn -0.000000 0.905946 0.423393
vn -0.500000 0.857537 0.120959
vn -0.000000 0.998474 0.055227
vn -1.000000 -0.000000 0.000000
vn -0.866025 -0.499762 0.015439
vn -1.000000 -0.000000 0.000000
vn 0.000000 -0.650778 0.759268
vn 0.000000 -0.320897 0.947114
vn -0.500000 -0.563590 0.657546
vn -0.500000 -0.242858 0.831276
vn -0.866025 -0.140214 0.479938
vn -0.866025 0.069835 0.495099
vn -1.000000 -0.000000 -0.000000
vn -1.000000 -0.000000 -0.000000
vn -0.866025 0.267496 0.422429
vn -1.000000 -0.000000 -0.000000
vn -0.866025 0.417702 0.274819
vn -1.000000 0.000000 0.000000
vn -0.866025 0.493806 0.078455
vn -1.000000 -0.000000 0.000000
vn -0.866025 0.482309 -0.131827
vn -1.000000 -0.000000 0.000000
vn -0.866025 0.385248 -0.318722
vn -1.000000 0.000000 -0.000000
vn -0.866025 0.219844 -0.449075
vn -1.000000 0.000000 -0.000000
vn -0.866025 0.015439 -0.499762
vn -0.500000 0.380781 -0.777821
vn -0.500000 0.026741 -0.865612
vn 0.000000 0.401189 -0.915995
vn 0.000000 0.030878 -0.999523
vn -0.000000 0.055227 0.998474
vn -0.500000 0.120959 0.857537
vn -0.000000 0.423393 0.905946
vn -0.500000 0.463316 0.731668
vn -0.000000 0.730544 0.682865
vn -0.500000 0.723481 0.476000
vn -0.000000 0.932419 0.361378
vn -0.500000 0.855298 0.135888
vn 0.000000 0.999926 -0.012186
vn -0.500000 0.835383 -0.228330
vn 0.000000 0.923336 -0.383994
vn -0.500000 0.667270 -0.552042
vn 0.000000 0.713686 -0.700466
vn -1.000000 -0.000000 0.000000
vn -0.866025 -0.325389 0.379634
vn -1.000000 0.000000 -0.000000
vn -0.500000 -0.069458 0.863236
vn 0.000000 -0.080204 0.996779
vn -0.500000 0.273676 0.821646
vn -0.000000 0.316014 0.948755
vn -0.500000 0.573215 0.649172
vn -0.000000 0.661892 0.749600
vn -0.500000 0.781444 0.373289
vn -0.000000 0.902334 0.431038
vn -0.500000 0.865194 0.037944
vn -0.000000 0.999040 0.043814
vn -0.500000 0.811123 -0.303446
vn 0.000000 0.936604 -0.350390
vn -0.500000 0.627845 -0.596499
vn 0.000000 0.724973 -0.688778
vn -0.500000 0.344555 -0.794533
vn 0.000000 0.397857 -0.917447
vn -0.500000 0.006379 -0.866002
vn 0.000000 0.007365 -0.999973
vn -0.500000 -0.332813 -0.799522
vn 0.000000 -0.384300 -0.923208
vn -0.866025 -0.192150 -0.461604
vn -0.866025 0.003683 -0.499986
vn -0.866025 0.198929 -0.458724
vn -0.866025 0.362486 -0.344389
vn -0.866025 0.468302 -0.175195
vn -0.866025 0.499520 0.021907
vn -0.866025 0.451167 0.215519
vn -0.866025 0.330946 0.374800
vn -0.866025 0.158007 0.474377
vn -0.866025 -0.040102 0.498389
vn -1.000000 -0.000000 0.000000
vn -1.000000 -0.000000 -0.000000
vn -1.000000 0.000000 0.000000
vn -1.000000 -0.000000 -0.000000
vn -1.000000 0.000000 -0.000000
vn -1.000000 -0.000000 0.000000
vn -1.000000 -0.000000 0.000000
vn -1.000000 -0.000000 0.000000
vn -1.000000 -0.000000 -0.000000
vn -0.500000 0.451204 0.739199
vn -0.000000 0.521006 0.853553
vn -0.500000 0.704360 0.503863
vn -0.000000 0.813324 0.581810
vn -0.500000 0.845315 0.188264
vn -0.000000 0.976085 0.217389
vn -0.500000 0.851616 -0.157324
vn 0.000000 0.983361 -0.181662
vn -0.500000 0.722259 -0.477851
vn 0.000000 0.833993 -0.551775
vn -0.500000 0.477851 -0.722259
vn 0.000000 0.551775 -0.833993
vn -0.500000 0.157324 -0.851616
vn 0.000000 0.181662 -0.983361
vn -0.500000 -0.188264 -0.845315
vn 0.000000 -0.217389 -0.976085
vn -0.500000 -0.503863 -0.704360
vn 0.000000 -0.581810 -0.813324
vn -0.500000 -0.739199 -0.451204
vn 0.000000 -0.853553 -0.521006
vn -0.866025 -0.426777 -0.260503
vn -0.866025 -0.290905 -0.406662
vn -0.866025 -0.108694 -0.488043
vn -0.866025 0.090831 -0.491681
vn -0.866025 0.275887 -0.416997
vn -0.866025 0.416997 -0.275887
vn -0.866025 0.491681 -0.090831
vn -0.866025 0.488043 0.108694
vn -0.866025 0.406662 0.290905
vn -0.866025 0.260503 0.426777
vn -1.000000 -0.000000 -0.000000
vn -1.000000 -0.000000 -0.000000
vn -1.000000 0.000000 0.000000
vn -1.000000 -0.000000 0.000000
vn -1.000000 -0.000000 0.000000
vn -1.000000 -0.000000 0.000000
vn -1.000000 -0.000000 -0.000000
vn -1.000000 0.000000 0.000000
vn -1.000000 0.000000 0.000000
vn -0.669074 0.268765 -0.692896
vn -1.000000 -0.000000 0.000000
vn -0.866025 -0.041373 -0.498285
vn -1.000000 0.000000 0.000000
vn -0.866025 -0.262538 -0.425528
vn -1.000000 0.000000 0.000000
vn -0.500000 -0.454729 -0.737036
vn -0.500000 -0.071661 -0.863055
vn -0.500000 0.326946 -0.801939
vn -0.000000 0.755938 -0.654644
vn -0.000000 0.377525 -0.925999
vn -0.000000 -0.082746 -0.996571
vn -0.000000 -0.525076 -0.851055
vn -0.669074 -0.189839 -0.718541
vn -1.000000 -0.000000 -0.000000
vn -0.866025 -0.326356 -0.378803
vn -1.000000 -0.000000 -0.000000
vn -0.866025 -0.462517 -0.189943
vn -1.000000 -0.000000 -0.000000
vn -0.866025 -0.498389 0.040102
vn -1.000000 0.000000 -0.000000
vn -0.500000 -0.863236 0.069458
vn -0.500000 -0.801102 -0.328991
vn -0.500000 -0.565266 -0.656106
vn -0.500000 -0.206863 -0.840956
vn -0.000000 0.226776 -0.973947
vn -0.000000 -0.238865 -0.971053
vn -0.000000 -0.652713 -0.757605
vn -0.000000 -0.925033 -0.379886
vn -0.000000 -0.996779 0.080204
vn 0.000000 -0.389006 -0.921235
vn -0.534954 -0.597421 -0.597421
vn 0.000000 -0.764016 -0.645197
vn -0.500000 -0.661657 -0.558757
vn 0.000000 -0.973365 -0.229261
vn -0.500000 -0.842959 -0.198546
vn 0.000000 -0.971659 0.236386
vn -0.500000 -0.841482 0.204717
vn 0.000000 -0.759268 0.650778
vn -0.500000 -0.657546 0.563590
vn -0.866025 -0.485830 0.118193
vn -0.866025 -0.379634 0.325389
vn -1.000000 0.000000 -0.000000
vn -1.000000 -0.000000 0.000000
vn -0.866025 -0.486683 -0.114630
vn -1.000000 -0.000000 -0.000000
vn -1.000000 0.000000 -0.000000
vn -1.000000 -0.000000 0.000000
vn -1.000000 0.000000 0.000000
vn -0.866025 -0.114630 -0.486683
vn -0.669072 -0.469728 -0.575932
vn -0.500000 -0.558757 -0.661657
vn -0.000000 -0.921235 -0.389006
vn -0.000000 -0.645197 -0.764016
vn -0.500000 -0.198546 -0.842959
vn -0.000000 -0.229261 -0.973365
vn -0.500000 0.204717 -0.841482
vn -0.000000 0.236386 -0.971659
vn -0.500000 0.563590 -0.657546
vn -0.000000 0.650778 -0.759268
vn -0.866025 0.325389 -0.379634
vn -0.866025 0.118193 -0.485830
vn -1.000000 0.000000 -0.000000
vn -1.000000 -0.000000 0.000000
vn -1.000000 0.000000 -0.000000
vn -1.000000 -0.000000 -0.000000
vn -0.866025 0.040102 -0.498389
vn -0.866025 -0.189943 -0.462517
vn -0.500000 -0.328991 -0.801102
vn -0.500000 -0.656106 -0.565266
vn -0.000000 -0.757605 -0.652713
vn -0.000000 -0.971053 -0.238865
vn -0.500000 -0.840956 -0.206863
vn -0.000000 -0.973947 0.226776
vn -0.669074 -0.718541 -0.189839
vn -0.866025 -0.378803 -0.326356
vn -1.000000 -0.000000 -0.000000
vn -1.000000 0.000000 0.000000
vn -0.000000 -0.379886 -0.925033
vn -0.500000 0.069458 -0.863236
vn -0.000000 0.080204 -0.996779
vn -0.707107 -0.603553 -0.368407
vn -0.707107 -0.603553 -0.368407
vn -0.707107 -0.371285 -0.601787
vn -0.707107 -0.371285 -0.601787
vn -0.707107 -0.058511 -0.704682
vn -0.707107 -0.058511 -0.704682
vn -0.707107 0.266950 -0.654780
vn -0.707107 0.266950 -0.654780
vn -0.707107 0.534529 -0.462903
vn -0.707107 0.534529 -0.462903
vn -0.707107 -0.434173 -0.558117
vn -0.707107 -0.411402 -0.575107
vn -0.707107 -0.208627 -0.675629
vn -0.707107 -0.153717 -0.690196
vn -0.707107 0.043906 -0.705742
vn -0.707107 0.128454 -0.695341
vn -0.707107 0.290759 -0.644561
vn -0.707107 0.390164 -0.589722
vn -0.707107 0.500000 -0.500000
vn -0.707107 0.589722 -0.390164
vn -0.707107 0.644561 -0.290759
vn -0.707107 0.695341 -0.128454
vn -0.707107 0.705742 -0.043906
vn -0.707107 0.690196 0.153717
vn -0.707107 0.675629 0.208627
vn -0.707107 0.575107 0.411402
vn -0.707107 0.558117 0.434173
vn -0.707107 0.368407 0.603553
vn -0.707107 0.368407 0.603553
vn -0.707107 -0.704829 0.056712
vn -0.707107 -0.704829 0.056712
vn -0.707107 -0.654097 -0.268620
vn -0.707107 -0.654097 -0.268620
vn -0.707107 -0.461538 -0.535708
vn -0.707107 -0.461538 -0.535708
vn -0.707107 -0.168903 -0.686638
vn -0.707107 -0.168903 -0.686638
vn -0.707107 0.160355 -0.688684
vn -0.707107 0.160355 -0.688684
vn -0.707107 -0.679306 -0.196326
vn -0.707107 -0.670871 -0.223455
vn -0.707107 -0.565908 -0.423967
vn -0.707107 -0.530047 -0.468028
vn -0.707107 -0.379305 -0.596765
vn -0.707107 -0.304790 -0.638046
vn -0.707107 -0.143635 -0.692365
vn -0.707107 -0.030981 -0.706428
vn -0.707107 0.110616 -0.698401
vn -0.707107 0.247763 -0.662279
vn -0.707107 0.350557 -0.614093
vn -0.707107 0.487039 -0.512633
vn -0.707107 0.545151 -0.450345
vn -0.707107 0.648733 -0.281328
vn -0.707107 0.669223 -0.228342
vn -0.707107 0.707088 -0.005208
vn -0.707107 0.706726 0.023200
vn -0.707107 0.652807 0.271741
vn -0.707107 0.652807 0.271741
vn -0.707107 -0.536884 0.460169
vn -0.707107 -0.536884 0.460169
vn -0.707107 -0.687067 0.167150
vn -0.707107 -0.687067 0.167150
vn -0.707107 -0.688273 -0.162112
vn -0.707107 -0.688273 -0.162112
vn -0.707107 -0.540241 -0.456223
vn -0.707107 -0.540241 -0.456223
vn -0.707107 -0.275068 -0.651412
vn -0.707107 -0.275068 -0.651412
vn -0.707107 -0.661430 0.250020
vn -0.707107 -0.669711 0.226909
vn -0.707107 -0.707036 0.010031
vn -0.707107 -0.706028 -0.039052
vn -0.707107 -0.668257 -0.231155
vn -0.707107 -0.640601 -0.299384
vn -0.707107 -0.549723 -0.444753
vn -0.707107 -0.482859 -0.516573
vn -0.707107 -0.365579 -0.605270
vn -0.707107 -0.255533 -0.659320
vn -0.707107 -0.137805 -0.693549
vn -0.707107 0.008617 -0.707054
vn -0.707107 0.106417 -0.699053
vn -0.707107 0.271525 -0.652897
vn -0.707107 0.337938 -0.621126
vn -0.707107 0.495304 -0.504652
vn -0.707107 0.529126 -0.469069
vn -0.707107 0.647706 -0.283684
vn -0.707107 0.657164 -0.261028
vn -0.707107 0.706770 -0.021834
vn -0.707107 0.706770 -0.021834
vn -0.707107 -0.462903 0.534529
vn -0.707107 -0.462903 0.534529
vn -0.707107 -0.654780 0.266950
vn -0.707107 -0.654780 0.266950
vn -0.707107 -0.704682 -0.058511
vn -0.707107 -0.704682 -0.058511
vn -0.707107 -0.601787 -0.371285
vn -0.707107 -0.601787 -0.371285
vn -0.707107 -0.368407 -0.603553
vn -0.707107 -0.368407 -0.603553
vn -0.707107 0.603553 0.368407
vn -0.707107 0.603553 0.368407
vn -0.707107 0.434173 0.558117
vn -0.707107 0.411402 0.575107
vn -0.707107 0.208627 0.675629
vn -0.707107 0.153717 0.690196
vn -0.707107 -0.043906 0.705742
vn -0.707107 -0.128454 0.695341
vn -0.707107 -0.290759 0.644561
vn -0.707107 -0.390164 0.589722
vn -0.707107 -0.500000 0.500000
vn -0.707107 -0.589722 0.390164
vn -0.707107 -0.644561 0.290759
vn -0.707107 -0.695341 0.128454
vn -0.707107 -0.705742 0.043906
vn -0.707107 -0.690196 -0.153717
vn -0.707107 -0.675629 -0.208627
vn -0.707107 -0.575107 -0.411402
vn -0.707107 -0.558117 -0.434173
vn -0.707107 -0.579228 -0.405580
vn -0.707107 -0.579228 -0.405580
vn -0.707107 -0.541675 -0.454519
vn -0.707107 -0.541675 -0.454519
vn -0.707107 -0.500000 -0.500000
vn -0.707107 -0.500000 -0.500000
vn -0.707107 -0.454519 -0.541675
vn -0.707107 -0.454519 -0.541675
vn -0.707107 -0.405580 -0.579228
vn -0.707107 -0.405580 -0.579228
vn -0.707107 -0.688684 0.160355
vn -0.707107 -0.688684 0.160355
vn -0.707107 -0.686638 -0.168903
vn -0.707107 -0.686638 -0.168903
vn -0.707107 -0.535708 -0.461538
vn -0.707107 -0.535708 -0.461538
vn -0.707107 -0.268620 -0.654097
vn -0.707107 -0.268620 -0.654097
vn -0.707107 0.056712 -0.704829
vn -0.707107 0.056712 -0.704829
vn -0.707107 0.271741 0.652807
vn -0.707107 0.271741 0.652807
vn -0.707107 0.023200 0.706726
vn -0.707107 -0.005208 0.707088
vn -0.707107 -0.228342 0.669223
vn -0.707107 -0.281328 0.648733
vn -0.707107 -0.450345 0.545151
vn -0.707107 -0.512633 0.487039
vn -0.707107 -0.614093 0.350557
vn -0.707107 -0.662279 0.247763
vn -0.707107 -0.698401 0.110616
vn -0.707107 -0.706428 -0.030981
vn -0.707107 -0.692365 -0.143635
vn -0.707107 -0.638046 -0.304790
vn -0.707107 -0.596765 -0.379305
vn -0.707107 -0.468028 -0.530047
vn -0.707107 -0.423967 -0.565908
vn -0.707107 -0.223455 -0.670871
vn -0.707107 -0.196326 -0.679306
vn -0.707107 0.056712 -0.704829
vn -0.707107 -0.021834 0.706770
vn -0.707107 -0.021834 0.706770
vn -0.707107 -0.261028 0.657164
vn -0.707107 -0.283684 0.647706
vn -0.707107 -0.469069 0.529126
vn -0.707107 -0.504652 0.495304
vn -0.707107 -0.621126 0.337938
vn -0.707107 -0.652897 0.271525
vn -0.707107 -0.699053 0.106417
vn -0.707107 -0.707054 0.008617
vn -0.707107 -0.693549 -0.137805
vn -0.707107 -0.659320 -0.255533
vn -0.707107 -0.605270 -0.365579
vn -0.707107 -0.516573 -0.482859
vn -0.707107 -0.444753 -0.549723
vn -0.707107 -0.299384 -0.640601
vn -0.707107 -0.231155 -0.668257
vn -0.707107 -0.039052 -0.706028
vn -0.707107 0.010031 -0.707036
vn -0.707107 0.226909 -0.669711
vn -0.707107 0.250020 -0.661430
vn -0.707107 0.460169 -0.536884
vn -0.707107 0.460169 -0.536884
vn -0.707107 -0.651412 -0.275068
vn -0.707107 -0.651412 -0.275068
vn -0.707107 -0.456223 -0.540241
vn -0.707107 -0.456223 -0.540241
vn -0.707107 -0.162112 -0.688273
vn -0.707107 -0.162112 -0.688273
vn -0.707107 0.167150 -0.687067
vn -0.707107 0.167150 -0.687067
vn 0.000000 -0.853553 -0.521006
vn 0.000000 -0.525076 -0.851055
vn 0.000000 -0.082746 -0.996571
vn -0.000000 0.377525 -0.925999
vn -0.000000 0.755938 -0.654644
vn -0.000000 -0.996779 0.080204
vn 0.000000 -0.925033 -0.379886
vn 0.000000 -0.652713 -0.757605
vn 0.000000 -0.238865 -0.971053
vn -0.000000 0.226776 -0.973947
vn -0.000000 -0.759268 0.650778
vn -0.000000 -0.971659 0.236386
vn 0.000000 -0.973365 -0.229261
vn 0.000000 -0.764016 -0.645197
vn 0.000000 -0.389006 -0.921235
vn -0.000000 -0.650778 0.759268
vn -0.000000 -0.236386 0.971659
vn -0.000000 -0.236386 0.971659
vn 0.000000 0.229261 0.973365
vn 0.000000 0.229261 0.973365
vn 0.000000 0.645197 0.764016
vn 0.000000 0.645197 0.764016
vn 0.000000 0.921235 0.389006
vn 0.000000 0.921235 0.389006
vn -0.000000 -0.080204 0.996779
vn 0.000000 0.379886 0.925033
vn 0.000000 0.379886 0.925033
vn 0.000000 0.757605 0.652713
vn 0.000000 0.757605 0.652713
vn 0.000000 0.971053 0.238865
vn 0.000000 0.971053 0.238865
vn -0.000000 0.973947 -0.226776
vn -0.000000 0.973947 -0.226776
vn 0.000000 0.521006 0.853553
vn 0.000000 0.851055 0.525076
vn 0.000000 0.851055 0.525076
vn 0.000000 0.996571 0.082746
vn 0.000000 0.996571 0.082746
vn -0.000000 0.925999 -0.377525
vn -0.000000 0.925999 -0.377525
vn -0.000000 0.654644 -0.755938
vn -0.000000 0.654644 -0.755938
vn 0.707107 0.683013 0.183013
vn 0.707107 0.683013 0.183013
vn 0.707107 0.500000 0.500000
vn 0.707107 0.500000 0.500000
vn 0.707107 0.183013 0.683013
vn 0.707107 0.183013 0.683013
vn 0.707107 -0.183013 0.683013
vn 0.707107 -0.183013 0.683013
vn 0.707107 -0.500000 0.500000
vn 0.707107 -0.500000 0.500000
vn 0.707107 -0.683013 0.183013
vn 0.707107 -0.683013 0.183013
vn 0.707107 -0.683013 -0.183013
vn 0.707107 -0.683013 -0.183013
vn 0.707107 -0.500000 -0.500000
vn 0.707107 -0.500000 -0.500000
vn 0.707107 -0.183013 -0.683013
vn 0.707107 -0.183013 -0.683013
vn 0.707107 0.183013 -0.683013
vn 0.707107 0.183013 -0.683013
vn 0.707107 0.500000 -0.500000
vn 0.707107 0.500000 -0.500000
vn 0.707107 0.683013 -0.183013
vn 0.707107 0.683013 -0.183013
vn -0.707107 -0.183013 -0.683013
vn -0.707107 -0.183013 -0.683013
vn -0.707107 -0.500000 -0.500000
vn -0.707107 -0.500000 -0.500000
vn -0.707107 -0.683013 -0.183013
vn -0.707107 -0.683013 -0.183013
vn -0.707107 -0.683013 0.183013
vn -0.707107 -0.683013 0.183013
vn -0.707107 -0.500000 0.500000
vn -0.707107 -0.500000 0.500000
vn -0.707107 -0.183013 0.683013
vn -0.707107 -0.183013 0.683013
vn -0.707107 0.183013 0.683013
vn -0.707107 0.183013 0.683013
vn -0.707107 0.500000 0.500000
vn -0.707107 0.500000 0.500000
vn -0.707107 0.683013 0.183013
vn -0.707107 0.683013 0.183013
vn -0.707107 0.683013 -0.183013
vn -0.707107 0.683013 -0.183013
vn -0.707107 0.500000 -0.500000
vn -0.707107 0.500000 -0.500000
vn -0.707107 0.183013 -0.683013
vn -0.707107 0.183013 -0.683013
vn 0.707107 0.683013 0.183013
vn 0.707107 0.683013 0.183013
vn 0.707107 0.500000 0.500000
vn 0.707107 0.500000 0.500000
vn 0.707107 0.183013 0.683013
vn 0.707107 0.183013 0.683013
vn 0.707107 -0.183013 0.683013
vn 0.707107 -0.183013 0.683013
vn 0.707107 -0.500000 0.500000
vn 0.707107 -0.500000 0.500000
vn 0.707107 -0.683013 0.183013
vn 0.707107 -0.683013 0.183013
vn 0.707107 -0.683013 -0.183013
vn 0.707107 -0.683013 -0.183013
vn 0.707107 -0.500000 -0.500000
vn 0.707107 -0.500000 -0.500000
vn 0.707107 -0.183013 -0.683013
vn 0.707107 -0.183013 -0.683013
vn 0.707107 0.183013 -0.683013
vn 0.707107 0.183013 -0.683013
vn 0.707107 0.500000 -0.500000
vn 0.707107 0.500000 -0.500000
vn 0.707107 0.683013 -0.183013
vn 0.707107 0.683013 -0.183013
vn -0.707107 -0.183013 -0.683013
vn -0.707107 -0.183013 -0.683013
vn -0.707107 -0.500000 -0.500000
vn -0.707107 -0.500000 -0.500000
vn -0.707107 -0.683013 -0.183013
vn -0.707107 -0.683013 -0.183013
vn -0.707107 -0.683013 0.183013
vn -0.707107 -0.683013 0.183013
vn -0.707107 -0.500000 0.500000
vn -0.707107 -0.500000 0.500000
vn -0.707107 -0.183013 0.683013
vn -0.707107 -0.183013 0.683013
vn -0.707107 0.183013 0.683013
vn -0.707107 0.183013 0.683013
vn -0.707107 0.500000 0.500000
vn -0.707107 0.500000 0.500000
vn -0.707107 0.683013 0.183013
vn -0.707107 0.683013 0.183013
vn -0.707107 0.683013 -0.183013
vn -0.707107 0.683013 -0.183013
vn -0.707107 0.500000 -0.500000
vn -0.707107 0.500000 -0.500000
vn -0.707107 0.183013 -0.683013
vn -0.707107 0.183013 -0.683013
vn 0.707107 0.683013 0.183013
vn 0.707107 0.683013 0.183013
vn 0.707107 0.500000 0.500000
vn 0.707107 0.500000 0.500000
vn 0.707107 0.183013 0.683013
vn 0.707107 0.183013 0.683013
vn 0.707107 -0.183013 0.683013
vn 0.707107 -0.183013 0.683013
vn 0.707107 -0.500000 0.500000
vn 0.707107 -0.500000 0.500000
vn 0.707107 -0.683013 0.183013
vn 0.707107 -0.683013 0.183013
vn 0.707107 -0.683013 -0.183013
vn 0.707107 -0.683013 -0.183013
vn 0.707107 -0.500000 -0.500000
vn 0.707107 -0.500000 -0.500000
vn 0.707107 -0.183013 -0.683013
vn 0.707107 -0.183013 -0.683013
vn 0.707107 0.183013 -0.683013
vn 0.707107 0.183013 -0.683013
vn 0.707107 0.500000 -0.500000
vn 0.707107 0.500000 -0.500000
vn 0.707107 0.683013 -0.183013
vn 0.707107 0.683013 -0.183013
vn -0.707107 -0.183013 -0.683013
vn -0.707107 -0.183013 -0.683013
vn -0.707107 -0.500000 -0.500000
vn -0.707107 -0.500000 -0.500000
vn -0.707107 -0.683013 -0.183013
vn -0.707107 -0.683013 -0.183013
vn -0.707107 -0.683013 0.183013
vn -0.707107 -0.683013 0.183013
vn -0.707107 -0.500000 0.500000
vn -0.707107 -0.500000 0.500000
vn -0.707107 -0.183013 0.683013
vn -0.707107 -0.183013 0.683013
vn -0.707107 0.183013 0.683013
vn -0.707107 0.183013 0.683013
vn -0.707107 0.500000 0.500000
vn -0.707107 0.500000 0.500000
vn -0.707107 0.683013 0.183013
vn -0.707107 0.683013 0.183013
vn -0.707107 0.683013 -0.183013
vn -0.707107 0.683013 -0.183013
vn -0.707107 0.500000 -0.500000
vn -0.707107 0.500000 -0.500000
vn -0.707107 0.183013 -0.683013
vn -0.707107 0.183013 -0.683013
vn 0.707107 0.683013 0.183013
vn 0.707107 0.683013 0.183013
vn 0.707107 0.500000 0.500000
vn 0.707107 0.500000 0.500000
vn 0.707107 0.183013 0.683013
vn 0.707107 0.183013 0.683013
vn 0.707107 -0.183013 0.683013
vn 0.707107 -0.183013 0.683013
vn 0.707107 -0.500000 0.500000
vn 0.707107 -0.500000 0.500000
vn 0.707107 -0.683013 0.183013
vn 0.707107 -0.683013 0.183013
vn 0.707107 -0.683013 -0.183013
vn 0.707107 -0.683013 -0.183013
vn 0.707107 -0.500000 -0.500000
vn 0.707107 -0.500000 -0.500000
vn 0.707107 -0.183013 -0.683013
vn 0.707107 -0.183013 -0.683013
vn 0.707107 0.183013 -0.683013
vn 0.707107 0.183013 -0.683013
vn 0.707107 0.500000 -0.500000
vn 0.707107 0.500000 -0.500000
vn 0.707107 0.683013 -0.183013
vn 0.707107 0.683013 -0.183013
vn -0.707107 -0.183013 -0.683013
vn -0.707107 -0.183013 -0.683013
vn -0.707107 -0.500000 -0.500000
vn -0.707107 -0.500000 -0.500000
vn -0.707107 -0.683013 -0.183013
vn -0.707107 -0.683013 -0.183013
vn -0.707107 -0.683013 0.183013
vn -0.707107 -0.683013 0.183013
vn -0.707107 -0.500000 0.500000
vn -0.707107 -0.500000 0.500000
vn -0.707107 -0.183013 0.683013
vn -0.707107 -0.183013 0.683013
vn -0.707107 0.183013 0.683013
vn -0.707107 0.183013 0.683013
vn -0.707107 0.500000 0.500000
vn -0.707107 0.500000 0.500000
vn -0.707107 0.683013 0.183013
vn -0.707107 0.683013 0.183013
vn -0.707107 0.683013 -0.183013
vn -0.707107 0.683013 -0.183013
vn -0.707107 0.500000 -0.500000
vn -0.707107 0.500000 -0.500000
vn -0.707107 0.183013 -0.683013
vn -0.707107 0.183013 -0.683013
vn 0.707107 0.683013 0.183013
vn 0.707107 0.683013 0.183013
vn 0.707107 0.500000 0.500000
vn 0.707107 0.500000 0.500000
vn 0.707107 0.183013 0.683013
vn 0.707107 0.183013 0.683013
vn 0.707107 -0.183013 0.683013
vn 0.707107 -0.183013 0.683013
vn 0.707107 -0.500000 0.500000
vn 0.707107 -0.500000 0.500000
vn 0.707107 -0.683013 0.183013
vn 0.707107 -0.683013 0.183013
vn 0.707107 -0.683013 -0.183013
vn 0.707107 -0.683013 -0.183013
vn 0.707107 -0.500000 -0.500000
vn 0.707107 -0.500000 -0.500000
vn 0.707107 -0.183013 -0.683013
vn 0.707107 -0.183013 -0.683013
vn 0.707107 0.183013 -0.683013
vn 0.707107 0.183013 -0.683013
vn 0.707107 0.500000 -0.500000
vn 0.707107 0.500000 -0.500000
vn 0.707107 0.683013 -0.183013
vn 0.707107 0.683013 -0.183013
vn -0.707107 -0.183013 -0.683013
vn -0.707107 -0.183013 -0.683013
vn -0.707107 -0.500000 -0.500000
vn -0.707107 -0.500000 -0.500000
vn -0.707107 -0.683013 -0.183013
vn -0.707107 -0.683013 -0.183013
vn -0.707107 -0.683013 0.183013
vn -0.707107 -0.683013 0.183013
vn -0.707107 -0.500000 0.500000
vn -0.707107 -0.500000 0.500000
vn -0.707107 -0.183013 0.683013
vn -0.707107 -0.183013 0.683013
vn -0.707107 0.183013 0.683013
vn -0.707107 0.183013 0.683013
vn -0.707107 0.500000 0.500000
vn -0.707107 0.500000 0.500000
vn -0.707107 0.683013 0.183013
vn -0.707107 0.683013 0.183013
vn -0.707107 0.683013 -0.183013
vn -0.707107 0.683013 -0.183013
vn -0.707107 0.500000 -0.500000
vn -0.707107 0.500000 -0.500000
vn -0.707107 0.183013 -0.683013
vn -0.707107 0.183013 -0.683013
vn 0.707107 0.683013 0.183013
vn 0.707107 0.683013 0.183013
vn 0.707107 0.500000 0.500000
vn 0.707107 0.500000 0.500000
vn 0.707107 0.183013 0.683013
vn 0.707107 0.183013 0.683013
vn 0.707107 -0.183013 0.683013
vn 0.707107 -0.183013 0.683013
vn 0.707107 -0.500000 0.500000
vn 0.707107 -0.500000 0.500000
vn 0.707107 -0.683013 0.183013
vn 0.707107 -0.683013 0.183013
vn 0.707107 -0.683013 -0.183013
vn 0.707107 -0.683013 -0.183013
vn 0.707107 -0.500000 -0.500000
vn 0.707107 -0.500000 -0.500000
vn 0.707107 -0.183013 -0.683013
vn 0.707107 -0.183013 -0.683013
vn 0.707107 0.183013 -0.683013
vn 0.707107 0.183013 -0.683013
vn 0.707107 0.500000 -0.500000
vn 0.707107 0.500000 -0.500000
vn 0.707107 0.683013 -0.183013
vn 0.707107 0.683013 -0.183013
vn -0.707107 -0.183013 -0.683013
vn -0.707107 -0.183013 -0.683013
vn -0.707107 -0.500000 -0.500000
vn -0.707107 -0.500000 -0.500000
vn -0.707107 -0.683013 -0.183013
vn -0.707107 -0.683013 -0.183013
vn -0.707107 -0.683013 0.183013
vn -0.707107 -0.683013 0.183013
vn -0.707107 -0.500000 0.500000
vn -0.707107 -0.500000 0.500000
vn -0.707107 -0.183013 0.683013
vn -0.707107 -0.183013 0.683013
vn -0.707107 0.183013 0.683013
vn -0.707107 0.183013 0.683013
vn -0.707107 0.500000 0.500000
vn -0.707107 0.500000 0.500000
vn -0.707107 0.683013 0.183013
vn -0.707107 0.683013 0.183013
vn -0.707107 0.683013 -0.183013
vn -0.707107 0.683013 -0.183013
vn -0.707107 0.500000 -0.500000
vn -0.707107 0.500000 -0.500000
vn -0.707107 0.183013 -0.683013
vn -0.707107 0.183013 -0.683013
vn 0.707107 0.683013 0.183013
vn 0.707107 0.683013 0.183013
vn 0.707107 0.500000 0.500000
vn 0.707107 0.500000 0.500000
vn 0.707107 0.183013 0.683013
vn 0.707107 0.183013 0.683013
vn 0.707107 -0.183013 0.683013
vn 0.707107 -0.183013 0.683013
vn 0.707107 -0.500000 0.500000
vn 0.707107 -0.500000 0.500000
vn 0.707107 -0.683013 0.183013
vn 0.707107 -0.683013 0.183013
vn 0.707107 -0.683013 -0.183013
vn 0.707107 -0.683013 -0.183013
vn 0.707107 -0.500000 -0.500000
vn 0.707107 -0.500000 -0.500000
vn 0.707107 -0.183013 -0.683013
vn 0.707107 -0.183013 -0.683013
vn 0.707107 0.183013 -0.683013
vn 0.707107 0.183013 -0.683013
vn 0.707107 0.500000 -0.500000
vn 0.707107 0.500000 -0.500000
vn 0.707107 0.683013 -0.183013
vn 0.707107 0.683013 -0.183013
vn -0.707107 -0.183013 -0.683013
vn -0.707107 -0.183013 -0.683013
vn -0.707107 -0.500000 -0.500000
vn -0.707107 -0.500000 -0.500000
vn -0.707107 -0.683013 -0.183013
vn -0.707107 -0.683013 -0.183013
vn -0.707107 -0.683013 0.183013
vn -0.707107 -0.683013 0.183013
vn -0.707107 -0.500000 0.500000
vn -0.707107 -0.500000 0.500000
vn -0.707107 -0.183013 0.683013
vn -0.707107 -0.183013 0.683013
vn -0.707107 0.183013 0.683013
vn -0.707107 0.183013 0.683013
vn -0.707107 0.500000 0.500000
vn -0.707107 0.500000 0.500000
vn -0.707107 0.683013 0.183013
vn -0.707107 0.683013 0.183013
vn -0.707107 0.683013 -0.183013
vn -0.707107 0.683013 -0.183013
vn -0.707107 0.500000 -0.500000
vn -0.707107 0.500000 -0.500000
vn -0.707107 0.183013 -0.683013
vn -0.707107 0.183013 -0.683013
vn 0.707107 0.683013 0.183013
vn 0.707107 0.683013 0.183013
vn 0.707107 0.500000 0.500000
vn 0.707107 0.500000 0.500000
vn 0.707107 0.183013 0.683013
vn 0.707107 0.183013 0.683013
vn 0.707107 -0.183013 0.683013
vn 0.707107 -0.183013 0.683013
vn 0.707107 -0.500000 0.500000
vn 0.707107 -0.500000 0.500000
vn 0.707107 -0.683013 0.183013
vn 0.707107 -0.683013 0.183013
vn 0.707107 -0.683013 -0.183013
vn 0.707107 -0.683013 -0.183013
vn 0.707107 -0.500000 -0.500000
vn 0.707107 -0.500000 -0.500000
vn 0.707107 -0.183013 -0.683013
vn 0.707107 -0.183013 -0.683013
vn 0.707107 0.183013 -0.683013
vn 0.707107 0.183013 -0.683013
vn 0.707107 0.500000 -0.500000
vn 0.707107 0.500000 -0.500000
vn 0.707107 0.683013 -0.183013
vn 0.707107 0.683013 -0.183013
vn -0.707107 -0.183013 -0.683013
vn -0.707107 -0.183013 -0.683013
vn -0.707107 -0.500000 -0.500000
vn -0.707107 -0.500000 -0.500000
vn -0.707107 -0.683013 -0.183013
vn -0.707107 -0.683013 -0.183013
vn -0.707107 -0.683013 0.183013
vn -0.707107 -0.683013 0.183013
vn -0.707107 -0.500000 0.500000
vn -0.707107 -0.500000 0.500000
vn -0.707107 -0.183013 0.683013
vn -0.707107 -0.183013 0.683013
vn -0.707107 0.183013 0.683013
vn -0.707107 0.183013 0.683013
vn -0.707107 0.500000 0.500000
vn -0.707107 0.500000 0.500000
vn -0.707107 0.683013 0.183013
vn -0.707107 0.683013 0.183013
vn -0.707107 0.683013 -0.183013
vn -0.707107 0.683013 -0.183013
vn -0.707107 0.500000 -0.500000
vn -0.707107 0.500000 -0.500000
vn -0.707107 0.183013 -0.683013
vn -0.707107 0.183013 -0.683013
vn 0.707107 0.683013 0.183013
vn 0.707107 0.683013 0.183013
vn 0.707107 0.500000 0.500000
vn 0.707107 0.500000 0.500000
vn 0.707107 0.183013 0.683013
vn 0.707107 0.183013 0.683013
vn 0.707107 -0.183013 0.683013
vn 0.707107 -0.183013 0.683013
vn 0.707107 -0.500000 0.500000
vn 0.707107 -0.500000 0.500000
vn 0.707107 -0.683013 0.183013
vn 0.707107 -0.683013 0.183013
vn 0.707107 -0.683013 -0.183013
vn 0.707107 -0.683013 -0.183013
vn 0.707107 -0.500000 -0.500000
vn 0.707107 -0.500000 -0.500000
vn 0.707107 -0.183013 -0.683013
vn 0.707107 -0.183013 -0.683013
vn 0.707107 0.183013 -0.683013
vn 0.707107 0.183013 -0.683013
vn 0.707107 0.500000 -0.500000
vn 0.707107 0.500000 -0.500000
vn 0.707107 0.683013 -0.183013
vn 0.707107 0.683013 -0.183013
vn -0.707107 -0.183013 -0.683013
vn -0.707107 -0.183013 -0.683013
vn -0.707107 -0.500000 -0.500000
vn -0.707107 -0.500000 -0.500000
vn -0.707107 -0.683013 -0.183013
vn -0.707107 -0.683013 -0.183013
vn -0.707107 -0.683013 0.183013
vn -0.707107 -0.683013 0.183013
vn -0.707107 -0.500000 0.500000
vn -0.707107 -0.500000 0.500000
vn -0.707107 -0.183013 0.683013
vn -0.707107 -0.183013 0.683013
vn -0.707107 0.183013 0.683013
vn -0.707107 0.183013 0.683013
vn -0.707107 0.500000 0.500000
vn -0.707107 0.500000 0.500000
vn -0.707107 0.683013 0.183013
vn -0.707107 0.683013 0.183013
vn -0.707107 0.683013 -0.183013
vn -0.707107 0.683013 -0.183013
vn -0.707107 0.500000 -0.500000
vn -0.707107 0.500000 -0.500000
vn -0.707107 0.183013 -0.683013
vn -0.707107 0.183013 -0.683013
vn 0.000000 0.258819 0.965926
vn 0.000000 0.258819 0.965926
vn 0.000000 0.707107 0.707107
vn 0.000000 0.707107 0.707107
vn 0.000000 0.965926 0.258819
vn 0.000000 0.965926 0.258819
vn 0.000000 0.965926 -0.258819
vn 0.000000 0.965926 -0.258819
vn 0.000000 0.707107 -0.707107
vn 0.000000 0.707107 -0.707107
vn 0.000000 0.258819 -0.965926
vn 0.000000 0.258819 -0.965926
vn -0.000000 -0.258819 -0.965926
vn -0.000000 -0.258819 -0.965926
vn -0.000000 -0.707107 -0.707107
vn -0.000000 -0.707107 -0.707107
vn -0.000000 -0.965926 -0.258819
vn -0.000000 -0.965926 -0.258819
vn 0.000000 -0.965926 0.258819
vn 0.000000 -0.965926 0.258819
vn 0.000000 -0.707107 0.707107
vn 0.000000 -0.707107 0.707107
vn 0.000000 -0.258819 0.965926
vn 0.000000 -0.258819 0.965926
vn -0.000000 -0.948755 -0.316014
vn -0.000000 -0.948755 -0.316014
vn -0.000000 -0.749600 -0.661892
vn -0.000000 -0.749600 -0.661892
vn -0.000000 -0.431038 -0.902334
vn -0.000000 -0.431038 -0.902334
vn -0.000000 -0.043814 -0.999040
vn -0.000000 -0.043814 -0.999040
vn 0.000000 0.350390 -0.936604
vn 0.000000 0.350390 -0.936604
vn 0.000000 0.688778 -0.724973
vn 0.000000 0.688778 -0.724973
vn 0.000000 0.917447 -0.397857
vn 0.000000 0.917447 -0.397857
vn 0.000000 0.999973 -0.007365
vn 0.000000 0.999973 -0.007365
vn 0.000000 0.923208 0.384300
vn 0.000000 0.923208 0.384300
vn 0.000000 0.258819 0.965926
vn 0.000000 0.258819 0.965926
vn 0.000000 0.707107 0.707107
vn 0.000000 0.707107 0.707107
vn 0.000000 0.965926 0.258819
vn 0.000000 0.965926 0.258819
vn 0.000000 0.965926 -0.258819
vn 0.000000 0.965926 -0.258819
vn 0.000000 0.707107 -0.707107
vn 0.000000 0.707107 -0.707107
vn 0.000000 0.258819 -0.965926
vn 0.000000 0.258819 -0.965926
vn -0.000000 -0.258819 -0.965926
vn -0.000000 -0.258819 -0.965926
vn -0.000000 -0.707107 -0.707107
vn -0.000000 -0.707107 -0.707107
vn -0.000000 -0.965926 -0.258819
vn -0.000000 -0.965926 -0.258819
vn 0.000000 -0.965926 0.258819
vn 0.000000 -0.965926 0.258819
vn 0.000000 -0.707107 0.707107
vn 0.000000 -0.707107 0.707107
vn 0.000000 -0.258819 0.965926
vn 0.000000 -0.258819 0.965926
vn 0.000000 -0.947114 0.320897
vn 0.000000 -0.947114 0.320897
vn -0.000000 -0.998474 -0.055227
vn -0.000000 -0.998474 -0.055227
vn -0.000000 -0.905946 -0.423393
vn -0.000000 -0.905946 -0.423393
vn -0.000000 -0.682865 -0.730544
vn -0.000000 -0.682865 -0.730544
vn -0.000000 -0.361378 -0.932419
vn -0.000000 -0.361378 -0.932419
vn 0.000000 0.012186 -0.999926
vn 0.000000 0.012186 -0.999926
vn 0.000000 0.383994 -0.923336
vn 0.000000 0.383994 -0.923336
vn 0.000000 0.700466 -0.713686
vn 0.000000 0.700466 -0.713686
vn 0.000000 0.915995 -0.401189
vn 0.000000 0.915995 -0.401189
vn 0.000000 0.999523 -0.030878
vn 0.000000 0.999523 -0.030878
vn 0.000000 0.258819 0.965926
vn 0.000000 0.258819 0.965926
vn 0.000000 0.707107 0.707107
vn 0.000000 0.707107 0.707107
vn 0.000000 0.965926 0.258819
vn 0.000000 0.965926 0.258819
vn 0.000000 0.965926 -0.258819
vn 0.000000 0.965926 -0.258819
vn 0.000000 0.707107 -0.707107
vn 0.000000 0.707107 -0.707107
vn 0.000000 0.258819 -0.965926
vn 0.000000 0.258819 -0.965926
vn -0.000000 -0.258819 -0.965926
vn -0.000000 -0.258819 -0.965926
vn -0.000000 -0.707107 -0.707107
vn -0.000000 -0.707107 -0.707107
vn -0.000000 -0.965926 -0.258819
vn -0.000000 -0.965926 -0.258819
vn 0.000000 -0.965926 0.258819
vn 0.000000 -0.965926 0.258819
vn 0.000000 -0.707107 0.707107
vn 0.000000 -0.707107 0.707107
vn 0.000000 -0.258819 0.965926
vn 0.000000 -0.258819 0.965926
vn 0.000000 -0.030878 0.999523
vn 0.000000 -0.030878 0.999523
vn 0.000000 -0.401189 0.915995
vn 0.000000 -0.401189 0.915995
vn 0.000000 -0.713686 0.700466
vn 0.000000 -0.713686 0.700466
vn 0.000000 -0.923336 0.383994
vn 0.000000 -0.923336 0.383994
vn 0.000000 -0.999926 0.012186
vn 0.000000 -0.999926 0.012186
vn -0.000000 -0.932419 -0.361378
vn -0.000000 -0.932419 -0.361378
vn -0.000000 -0.730544 -0.682865
vn -0.000000 -0.730544 -0.682865
vn -0.000000 -0.423393 -0.905946
vn -0.000000 -0.423393 -0.905946
vn -0.000000 -0.055227 -0.998474
vn -0.000000 -0.055227 -0.998474
vn 0.000000 0.320897 -0.947114
vn 0.000000 0.320897 -0.947114
vn 0.000000 0.650778 -0.759268
vn 0.000000 0.258819 0.965926
vn 0.000000 0.258819 0.965926
vn 0.000000 0.707107 0.707107
vn 0.000000 0.707107 0.707107
vn 0.000000 0.965926 0.258819
vn 0.000000 0.965926 0.258819
vn 0.000000 0.965926 -0.258819
vn 0.000000 0.965926 -0.258819
vn 0.000000 0.707107 -0.707107
vn 0.000000 0.707107 -0.707107
vn 0.000000 0.258819 -0.965926
vn 0.000000 0.258819 -0.965926
vn -0.000000 -0.258819 -0.965926
vn -0.000000 -0.258819 -0.965926
vn -0.000000 -0.707107 -0.707107
vn -0.000000 -0.707107 -0.707107
vn -0.000000 -0.965926 -0.258819
vn -0.000000 -0.965926 -0.258819
vn 0.000000 -0.965926 0.258819
vn 0.000000 -0.965926 0.258819
vn 0.000000 -0.707107 0.707107
vn 0.000000 -0.707107 0.707107
vn 0.000000 -0.258819 0.965926
vn 0.000000 -0.258819 0.965926
vn 0.000000 0.384300 0.923208
vn 0.000000 0.384300 0.923208
vn 0.000000 -0.007365 0.999973
vn 0.000000 -0.007365 0.999973
vn 0.000000 -0.397857 0.917447
vn 0.000000 -0.397857 0.917447
vn 0.000000 -0.724973 0.688778
vn 0.000000 -0.724973 0.688778
vn 0.000000 -0.936604 0.350390
vn 0.000000 -0.936604 0.350390
vn -0.000000 -0.999040 -0.043814
vn -0.000000 -0.999040 -0.043814
vn -0.000000 -0.902334 -0.431038
vn -0.000000 -0.902334 -0.431038
vn -0.000000 -0.661892 -0.749600
vn -0.000000 -0.661892 -0.749600
vn -0.000000 -0.316014 -0.948755
vn -0.000000 -0.316014 -0.948755
vn 0.000000 0.080204 -0.996779
vn 0.000000 0.258819 0.965926
vn 0.000000 0.258819 0.965926
vn 0.000000 0.707107 0.707107
vn 0.000000 0.707107 0.707107
vn 0.000000 0.965926 0.258819
vn 0.000000 0.965926 0.258819
vn 0.000000 0.965926 -0.258819
vn 0.000000 0.965926 -0.258819
vn 0.000000 0.707107 -0.707107
vn 0.000000 0.707107 -0.707107
vn 0.000000 0.258819 -0.965926
vn 0.000000 0.258819 -0.965926
vn -0.000000 -0.258819 -0.965926
vn -0.000000 -0.258819 -0.965926
vn -0.000000 -0.707107 -0.707107
vn -0.000000 -0.707107 -0.707107
vn -0.000000 -0.965926 -0.258819
vn -0.000000 -0.965926 -0.258819
vn 0.000000 -0.965926 0.258819
vn 0.000000 -0.965926 0.258819
vn 0.000000 -0.707107 0.707107
vn 0.000000 -0.707107 0.707107
vn 0.000000 -0.258819 0.965926
vn 0.000000 -0.258819 0.965926
vn 0.000000 0.853553 0.521006
vn 0.000000 0.581810 0.813324
vn 0.000000 0.217389 0.976085
vn 0.000000 -0.181662 0.983361
vn 0.000000 -0.551775 0.833993
vn 0.000000 -0.833993 0.551775
vn 0.000000 -0.983361 0.181662
vn -0.000000 -0.976085 -0.217389
vn -0.000000 -0.813324 -0.581810
vn -0.000000 -0.521006 -0.853553
vn 0.000000 0.258819 0.965926
vn 0.000000 0.258819 0.965926
vn 0.000000 0.707107 0.707107
vn 0.000000 0.707107 0.707107
vn 0.000000 0.965926 0.258819
vn 0.000000 0.965926 0.258819
vn 0.000000 0.965926 -0.258819
vn 0.000000 0.965926 -0.258819
vn 0.000000 0.707107 -0.707107
vn 0.000000 0.707107 -0.707107
vn 0.000000 0.258819 -0.965926
vn 0.000000 0.258819 -0.965926
vn -0.000000 -0.258819 -0.965926
vn -0.000000 -0.258819 -0.965926
vn -0.000000 -0.707107 -0.707107
vn -0.000000 -0.707107 -0.707107
vn -0.000000 -0.965926 -0.258819
vn -0.000000 -0.965926 -0.258819
vn 0.000000 -0.965926 0.258819
vn 0.000000 -0.965926 0.258819
vn 0.000000 -0.707107 0.707107
vn 0.000000 -0.707107 0.707107
vn 0.000000 -0.258819 0.965926
vn 0.000000 -0.258819 0.965926
vn 0.000000 0.258819 0.965926
vn 0.000000 0.258819 0.965926
vn 0.000000 0.707107 0.707107
vn 0.000000 0.707107 0.707107
vn 0.000000 0.965926 0.258819
vn 0.000000 0.965926 0.258819
vn 0.000000 0.965926 -0.258819
vn 0.000000 0.965926 -0.258819
vn 0.000000 0.707107 -0.707107
vn 0.000000 0.707107 -0.707107
vn 0.000000 0.258819 -0.965926
vn 0.000000 0.258819 -0.965926
vn -0.000000 -0.258819 -0.965926
vn -0.000000 -0.258819 -0.965926
vn -0.000000 -0.707107 -0.707107
vn -0.000000 -0.707107 -0.707107
vn -0.000000 -0.965926 -0.258819
vn -0.000000 -0.965926 -0.258819
vn 0.000000 -0.965926 0.258819
vn 0.000000 -0.965926 0.258819
vn 0.000000 -0.707107 0.707107
vn 0.000000 -0.707107 0.707107
vn 0.000000 -0.258819 0.965926
vn 0.000000 -0.258819 0.965926
vn 0.000000 0.258819 0.965926
vn 0.000000 0.258819 0.965926
vn 0.000000 0.707107 0.707107
vn 0.000000 0.707107 0.707107
vn 0.000000 0.965926 0.258819
vn 0.000000 0.965926 0.258819
vn 0.000000 0.965926 -0.258819
vn 0.000000 0.965926 -0.258819
vn 0.000000 0.707107 -0.707107
vn 0.000000 0.707107 -0.707107
vn 0.000000 0.258819 -0.965926
vn 0.000000 0.258819 -0.965926
vn -0.000000 -0.258819 -0.965926
vn -0.000000 -0.258819 -0.965926
vn -0.000000 -0.707107 -0.707107
vn -0.000000 -0.707107 -0.707107
vn -0.000000 -0.965926 -0.258819
vn -0.000000 -0.965926 -0.258819
vn 0.000000 -0.965926 0.258819
vn 0.000000 -0.965926 0.258819
vn 0.000000 -0.707107 0.707107
vn 0.000000 -0.707107 0.707107
vn 0.000000 -0.258819 0.965926
vn 0.000000 -0.258819 0.965926
vn 0.000000 0.258819 0.965926
vn 0.000000 0.258819 0.965926
vn 0.000000 0.707107 0.707107
vn 0.000000 0.707107 0.707107
vn 0.000000 0.965926 0.258819
vn 0.000000 0.965926 0.258819
vn 0.000000 0.965926 -0.258819
vn 0.000000 0.965926 -0.258819
vn 0.000000 0.707107 -0.707107
vn 0.000000 0.707107 -0.707107
vn 0.000000 0.258819 -0.965926
vn 0.000000 0.258819 -0.965926
vn -0.000000 -0.258819 -0.965926
vn -0.000000 -0.258819 -0.965926
vn -0.000000 -0.707107 -0.707107
vn -0.000000 -0.707107 -0.707107
vn -0.000000 -0.965926 -0.258819
vn -0.000000 -0.965926 -0.258819
vn 0.000000 -0.965926 0.258819
vn 0.000000 -0.965926 0.258819
vn 0.000000 -0.707107 0.707107
vn 0.000000 -0.707107 0.707107
vn 0.000000 -0.258819 0.965926
vn 0.000000 -0.258819 0.965926
vn 0.707107 0.683013 0.183013
vn 0.707107 0.683013 0.183013
vn 0.707107 0.500000 0.500000
vn 0.707107 0.500000 0.500000
vn 0.707107 0.183013 0.683013
vn 0.707107 0.183013 0.683013
vn 0.707107 -0.183013 0.683013
vn 0.707107 -0.183013 0.683013
vn 0.707107 -0.500000 0.500000
vn 0.707107 -0.500000 0.500000
vn 0.707107 -0.683013 0.183013
vn 0.707107 -0.683013 0.183013
vn 0.707107 -0.683013 -0.183013
vn 0.707107 -0.683013 -0.183013
vn 0.707107 -0.500000 -0.500000
vn 0.707107 -0.500000 -0.500000
vn 0.707107 -0.183013 -0.683013
vn 0.707107 -0.183013 -0.683013
vn 0.707107 0.183013 -0.683013
vn 0.707107 0.183013 -0.683013
vn 0.707107 0.500000 -0.500000
vn 0.707107 0.500000 -0.500000
vn 0.707107 0.683013 -0.183013
vn 0.707107 0.683013 -0.183013
vn -0.707107 -0.183013 -0.683013
vn -0.707107 -0.183013 -0.683013
vn -0.707107 -0.500000 -0.500000
vn -0.707107 -0.500000 -0.500000
vn -0.707107 -0.683013 -0.183013
vn -0.707107 -0.683013 -0.183013
vn -0.707107 -0.683013 0.183013
vn -0.707107 -0.683013 0.183013
vn -0.707107 -0.500000 0.500000
vn -0.707107 -0.500000 0.500000
vn -0.707107 -0.183013 0.683013
vn -0.707107 -0.183013 0.683013
vn -0.707107 0.183013 0.683013
vn -0.707107 0.183013 0.683013
vn -0.707107 0.500000 0.500000
vn -0.707107 0.500000 0.500000
vn -0.707107 0.683013 0.183013
vn -0.707107 0.683013 0.183013
vn -0.707107 0.683013 -0.183013
vn -0.707107 0.683013 -0.183013
vn -0.707107 0.500000 -0.500000
vn -0.707107 0.500000 -0.500000
vn -0.707107 0.183013 -0.683013
vn -0.707107 0.183013 -0.683013
vn 0.000000 0.258819 0.965926
vn 0.000000 0.258819 0.965926
vn 0.000000 0.707107 0.707107
vn 0.000000 0.707107 0.707107
vn 0.000000 0.965926 0.258819
vn 0.000000 0.965926 0.258819
vn 0.000000 0.965926 -0.258819
vn 0.000000 0.965926 -0.258819
vn 0.000000 0.707107 -0.707107
vn 0.000000 0.707107 -0.707107
vn 0.000000 0.258819 -0.965926
vn 0.000000 0.258819 -0.965926
vn -0.000000 -0.258819 -0.965926
vn -0.000000 -0.258819 -0.965926
vn -0.000000 -0.707107 -0.707107
vn -0.000000 -0.707107 -0.707107
vn -0.000000 -0.965926 -0.258819
vn -0.000000 -0.965926 -0.258819
vn 0.000000 -0.965926 0.258819
vn 0.000000 -0.965926 0.258819
vn 0.000000 -0.707107 0.707107
vn 0.000000 -0.707107 0.707107
vn 0.000000 -0.258819 0.965926
vn 0.000000 -0.258819 0.965926
vn -0.000000 -0.581810 -0.813324
vn -0.000000 -0.217389 -0.976085
vn 0.000000 0.181662 -0.983361
vn 0.000000 0.551775 -0.833993
vn 0.000000 0.833993 -0.551775
vn 0.000000 0.983361 -0.181662
vn 0.000000 0.976085 0.217389
vn 0.000000 0.813324 0.581810
vn 0.000000 0.573576 0.819152
vn 0.000000 0.573576 0.819152
vn 0.000000 0.642788 0.766044
vn 0.000000 0.642788 0.766044
vn 0.000000 0.707107 0.707107
vn 0.000000 0.707107 0.707107
vn 0.000000 0.766044 0.642788
vn 0.000000 0.766044 0.642788
vn 0.000000 0.819152 0.573576
vn 0.000000 0.819152 0.573576
vn -1.000000 -0.000000 -0.000000
vn -1.000000 -0.000000 -0.000000
vn -1.000000 -0.000000 -0.000000
vn -1.000000 -0.000000 -0.000000
vn -1.000000 -0.000000 -0.000000
vn -1.000000 -0.000000 -0.000000
vn -1.000000 -0.000000 -0.000000
vn -1.000000 -0.000000 -0.000000
vn -1.000000 -0.000000 -0.000000
vn -1.000000 -0.000000 -0.000000
vn -1.000000 -0.000000 -0.000000
vn -1.000000 -0.000000 -0.000000
vn -1.000000 -0.000000 -0.000000
vn -1.000000 -0.000000 -0.000000
vn -1.000000 -0.000000 -0.000000
vn -1.000000 -0.000000 -0.000000
vn -1.000000 -0.000000 -0.000000
vn -1.000000 -0.000000 -0.000000
vn -1.000000 -0.000000 -0.000000
vn -1.000000 -0.000000 -0.000000
vn -1.000000 -0.000000 -0.000000
vn -1.000000 -0.000000 -0.000000
vn -1.000000 -0.000000 -0.000000
vn -1.000000 -0.000000 -0.000000
vn -1.000000 -0.000000 -0.000000
vn -1.000000 -0.000000 -0.000000
vn -1.000000 -0.000000 -0.000000
vn -1.000000 -0.000000 -0.000000
vn -1.000000 -0.000000 -0.000000
vn -1.000000 -0.000000 -0.000000
vn -1.000000 -0.000000 -0.000000
vn -1.000000 -0.000000 -0.000000
vn -1.000000 -0.000000 -0.000000
vn -1.000000 -0.000000 -0.000000
vn -1.000000 -0.000000 -0.000000
vn -1.000000 -0.000000 -0.000000
vn -1.000000 -0.000000 -0.000000
vn -1.000000 -0.000000 -0.000000
vn -1.000000 -0.000000 -0.000000
vn -1.000000 -0.000000 -0.000000
vn -1.000000 -0.000000 -0.000000
vn -1.000000 -0.000000 -0.000000
vn -1.000000 -0.000000 -0.000000
vn -1.000000 -0.000000 -0.000000
vn -1.000000 -0.000000 -0.000000
vn -1.000000 -0.000000 -0.000000
vn -1.000000 -0.000000 -0.000000
vn -1.000000 -0.000000 -0.000000
vn -1.000000 -0.000000 -0.000000
vn -1.000000 -0.000000 -0.000000
vn -1.000000 -0.000000 -0.000000
vn -1.000000 -0.000000 -0.000000
vn -1.000000 -0.000000 -0.000000
vn -1.000000 -0.000000 -0.000000
vn -1.000000 -0.000000 -0.000000
vn -1.000000 -0.000000 -0.000000
vn -1.000000 -0.000000 -0.000000
vn -1.000000 -0.000000 -0.000000
vn -1.000000 -0.000000 -0.000000
vn -1.000000 -0.000000 -0.000000
vn -1.000000 -0.000000 -0.000000
vn -1.000000 -0.000000 -0.000000
vn -1.000000 -0.000000 -0.000000
vn -1.000000 -0.000000 -0.000000
vn -1.000000 -0.000000 -0.000000
vn -1.000000 -0.000000 -0.000000
vn -1.000000 -0.000000 -0.000000
vn -1.000000 -0.000000 -0.000000
vn -1.000000 -0.000000 -0.000000
vn -1.000000 -0.000000 -0.000000
vn -1.000000 -0.000000 -0.000000
vn -1.000000 -0.000000 -0.000000
vn -1.000000 -0.000000 -0.000000
vn -1.000000 -0.000000 -0.000000
vn -1.000000 -0.000000 -0.000000
vn -1.000000 -0.000000 -0.000000
vn -1.000000 -0.000000 -0.000000
vn -1.000000 -0.000000 -0.000000
vn -1.000000 -0.000000 -0.000000
vn -1.000000 -0.000000 -0.000000
vn -1.000000 -0.000000 -0.000000
vn -1.000000 -0.000000 -0.000000
vn -1.000000 -0.000000 -0.000000
vn -1.000000 -0.000000 -0.000000
vn -1.000000 -0.000000 -0.000000
vn -1.000000 -0.000000 -0.000000
vn -1.000000 -0.000000 -0.000000
vn -1.000000 -0.000000 -0.000000
vn -1.000000 -0.000000 -0.000000
vn -1.000000 -0.000000 -0.000000
vn -1.000000 -0.000000 -0.000000
vn -1.000000 -0.000000 -0.000000
vn -1.000000 -0.000000 -0.000000
vn -1.000000 -0.000000 -0.000000
vn -1.000000 -0.000000 -0.000000
vn -1.000000 -0.000000 -0.000000
vn -1.000000 -0.000000 -0.000000
vn -1.000000 -0.000000 -0.000000
vn -1.000000 -0.000000 -0.000000
vn -1.000000 -0.000000 -0.000000
vn -1.000000 -0.000000 -0.000000
vn -1.000000 -0.000000 -0.000000
vn -1.000000 -0.000000 -0.000000
vn -1.000000 -0.000000 -0.000000
vn -1.000000 -0.000000 -0.000000
vn -1.000000 -0.000000 -0.000000
vn -1.000000 -0.000000 -0.000000
vn -1.000000 -0.000000 -0.000000
vn -1.000000 -0.000000 -0.000000
vn -1.000000 -0.000000 -0.000000
vn -1.000000 -0.000000 -0.000000
vn -1.000000 -0.000000 -0.000000
vn -1.000000 -0.000000 -0.000000
vn -1.000000 -0.000000 -0.000000
vn -1.000000 -0.000000 -0.000000
vn -1.000000 -0.000000 -0.000000
vn -1.000000 -0.000000 -0.000000
vn -1.000000 -0.000000 -0.000000
vn -1.000000 -0.000000 -0.000000
vn -1.000000 -0.000000 -0.000000
vn -1.000000 -0.000000 -0.000000
vn -1.000000 -0.000000 -0.000000
vn -1.000000 -0.000000 -0.000000
vn -1.000000 -0.000000 -0.000000
vn -1.000000 -0.000000 -0.000000
vn -1.000000 -0.000000 -0.000000
vn -1.000000 -0.000000 -0.000000
vn -1.000000 -0.000000 -0.000000
vn -1.000000 -0.000000 -0.000000
vn -1.000000 -0.000000 -0.000000
vn -1.000000 -0.000000 -0.000000
vn -1.000000 -0.000000 -0.000000
vn -1.000000 -0.000000 -0.000000
vn -1.000000 -0.000000 -0.000000
vn -1.000000 -0.000000 -0.000000
vn -1.000000 -0.000000 -0.000000
vn -1.000000 -0.000000 -0.000000
vn -1.000000 -0.000000 -0.000000
vn -1.000000 -0.000000 -0.000000
vn -1.000000 -0.000000 -0.000000
vn -1.000000 -0.000000 -0.000000
vn -1.000000 -0.000000 -0.000000
vn -1.000000 -0.000000 -0.000000
vn -1.000000 -0.000000 -0.000000
vn -1.000000 -0.000000 -0.000000
vn -1.000000 -0.000000 -0.000000
vn -1.000000 -0.000000 -0.000000
vn -1.000000 -0.000000 -0.000000
vn -1.000000 -0.000000 -0.000000
vn -1.000000 -0.000000 -0.000000
vn -1.000000 -0.000000 -0.000000
vn -1.000000 -0.000000 -0.000000
vn -1.000000 -0.000000 -0.000000
vn -1.000000 -0.000000 -0.000000
vn -1.000000 -0.000000 -0.000000
vn -1.000000 -0.000000 -0.000000
vn -1.000000 -0.000000 -0.000000
vn -1.000000 -0.000000 -0.000000
vn -1.000000 -0.000000 -0.000000
vn -1.000000 -0.000000 -0.000000
vn -1.000000 -0.000000 -0.000000
vn -1.000000 -0.000000 -0.000000
vn -1.000000 -0.000000 -0.000000
vn -1.000000 -0.000000 -0.000000
vn -1.000000 -0.000000 -0.000000
vn -1.000000 -0.000000 -0.000000
vn -1.000000 -0.000000 -0.000000
vn -1.000000 -0.000000 -0.000000
vn -1.000000 -0.000000 -0.000000
vn -1.000000 -0.000000 -0.000000
vn -1.000000 -0.000000 -0.000000
vn -1.000000 -0.000000 -0.000000
vn -1.000000 -0.000000 -0.000000
vn -1.000000 -0.000000 -0.000000
vn -1.000000 -0.000000 -0.000000
vn -1.000000 -0.000000 -0.000000
vn -1.000000 -0.000000 -0.000000
vn -1.000000 -0.000000 -0.000000
vn -1.000000 -0.000000 -0.000000
vn -1.000000 -0.000000 -0.000000
vn -1.000000 -0.000000 -0.000000
vn -1.000000 -0.000000 -0.000000
vn -1.000000 -0.000000 -0.000000
vn -1.000000 -0.000000 -0.000000
vn -1.000000 -0.000000 -0.000000
vn -1.000000 -0.000000 -0.000000
vn -1.000000 -0.000000 -0.000000
vn -1.000000 -0.000000 -0.000000
vn -1.000000 -0.000000 -0.000000
vn -1.000000 -0.000000 -0.000000
vn -1.000000 -0.000000 -0.000000
vn -1.000000 -0.000000 -0.000000
vn -1.000000 -0.000000 -0.000000
vn -1.000000 -0.000000 -0.000000
vn -1.000000 -0.000000 -0.000000
vn -1.000000 -0.000000 -0.000000
vn -1.000000 -0.000000 -0.000000
vn -1.000000 -0.000000 -0.000000
vn -1.000000 -0.000000 -0.000000
vn -1.000000 -0.000000 -0.000000
vn -1.000000 -0.000000 -0.000000
vn -1.000000 -0.000000 -0.000000
vn -1.000000 -0.000000 -0.000000
vn -1.000000 -0.000000 -0.000000
vn -1.000000 -0.000000 -0.000000
vn -1.000000 -0.000000 -0.000000
vn -1.000000 -0.000000 -0.000000
vn -1.000000 -0.000000 -0.000000
vn -1.000000 -0.000000 -0.000000
vn -1.000000 -0.000000 -0.000000
vn -1.000000 -0.000000 -0.000000
vn -1.000000 -0.000000 -0.000000
vn -1.000000 -0.000000 -0.000000
vn -1.000000 -0.000000 -0.000000
vn -1.000000 -0.000000 -0.000000
vn -1.000000 -0.000000 -0.000000
vn -1.000000 -0.000000 -0.000000
vn -1.000000 -0.000000 -0.000000
vn -1.000000 -0.000000 -0.000000
vn -1.000000 -0.000000 -0.000000
vn -1.000000 -0.000000 -0.000000
vn -1.000000 -0.000000 -0.000000
vn -1.000000 -0.000000 -0.000000
vn -1.000000 -0.000000 -0.000000
vn -1.000000 -0.000000 -0.000000
vn -1.000000 -0.000000 -0.000000
vn -1.000000 -0.000000 -0.000000
vn -1.000000 -0.000000 -0.000000
vn -1.000000 -0.000000 -0.000000
vn -1.000000 -0.000000 -0.000000
vn -1.000000 -0.000000 -0.000000
vn -1.000000 -0.000000 -0.000000
vn -1.000000 -0.000000 -0.000000
vn -1.000000 -0.000000 -0.000000
vn -1.000000 -0.000000 -0.000000
vn -1.000000 -0.000000 -0.000000
vn -1.000000 -0.000000 -0.000000
vn -1.000000 -0.000000 -0.000000
vn -1.000000 -0.000000 -0.000000
vn -1.000000 -0.000000 -0.000000
vn -1.000000 -0.000000 -0.000000
vn -1.000000 -0.000000 -0.000000
vn -1.000000 -0.000000 -0.000000
vn -1.000000 -0.000000 -0.000000
vn -1.000000 -0.000000 -0.000000
vn -1.000000 -0.000000 -0.000000
vn -1.000000 -0.000000 -0.000000
vn -1.000000 -0.000000 -0.000000
vn -1.000000 -0.000000 -0.000000
vn -1.000000 -0.000000 -0.000000
vn -1.000000 -0.000000 -0.000000
vn -1.000000 -0.000000 -0.000000
vn -1.000000 -0.000000 -0.000000
vn -1.000000 -0.000000 -0.000000
vn -1.000000 -0.000000 -0.000000
vn -1.000000 -0.000000 -0.000000
vn -1.000000 -0.000000 -0.000000
vn -1.000000 -0.000000 -0.000000
vn -1.000000 -0.000000 -0.000000
vn -1.000000 -0.000000 -0.000000
vn 1.000000 0.000000 0.000000
vn 1.000000 0.000000 0.000000
vn 1.000000 0.000000 0.000000
vn 1.000000 0.000000 0.000000
vn 1.000000 0.000000 0.000000
vn 1.000000 0.000000 0.000000
vn 1.000000 0.000000 0.000000
vn 1.000000 0.000000 0.000000
vn 1.000000 0.000000 0.000000
vn 1.000000 0.000000 0.000000
vn 1.000000 0.000000 0.000000
vn 1.000000 0.000000 0.000000
vn 1.000000 0.000000 0.000000
vn 1.000000 0.000000 0.000000
vn 1.000000 0.000000 0.000000
vn 1.000000 0.000000 0.000000
vn 1.000000 0.000000 0.000000
vn 1.000000 0.000000 0.000000
vn 1.000000 0.000000 0.000000
vn 1.000000 0.000000 0.000000
vn 1.000000 0.000000 0.000000
vn 1.000000 0.000000 0.000000
vn 1.000000 0.000000 0.000000
vn 1.000000 0.000000 0.000000
vn 1.000000 0.000000 0.000000
vn 1.000000 0.000000 0.000000
vn 1.000000 0.000000 0.000000
vn 1.000000 0.000000 0.000000
vn 1.000000 0.000000 0.000000
vn 1.000000 0.000000 0.000000
vn 1.000000 0.000000 0.000000
vn 1.000000 0.000000 0.000000
vn 1.000000 0.000000 0.000000
vn 1.000000 0.000000 0.000000
vn 1.000000 0.000000 0.000000
vn 1.000000 0.000000 0.000000
vn 1.000000 0.000000 0.000000
vn 1.000000 0.000000 0.000000
vn 1.000000 0.000000 0.000000
vn 1.000000 0.000000 0.000000
vn 1.000000 0.000000 0.000000
vn 1.000000 0.000000 0.000000
vn 1.000000 0.000000 0.000000
vn 1.000000 0.000000 0.000000
vn 1.000000 0.000000 0.000000
vn 1.000000 0.000000 0.000000
vn 1.000000 0.000000 0.000000
vn 1.000000 0.000000 0.000000
vn 1.000000 0.000000 0.000000
vn 1.000000 0.000000 0.000000
vn 1.000000 0.000000 0.000000
vn 1.000000 0.000000 0.000000
vn 1.000000 0.000000 0.000000
vn 1.000000 0.000000 0.000000
vn 1.000000 0.000000 0.000000
vn 1.000000 0.000000 0.000000
vn 1.000000 0.000000 0.000000
vn 1.000000 0.000000 0.000000
vn 1.000000 0.000000 0.000000
vn 1.000000 0.000000 0.000000
vn 1.000000 0.000000 0.000000
vn 1.000000 0.000000 0.000000
vn 1.000000 0.000000 0.000000
vn 1.000000 0.000000 0.000000
vn 1.000000 0.000000 0.000000
vn 1.000000 0.000000 0.000000
vn 1.000000 0.000000 0.000000
vn 1.000000 0.000000 0.000000
vn 1.000000 0.000000 0.000000
vn 1.000000 0.000000 0.000000
vn 1.000000 0.000000 0.000000
vn 1.000000 0.000000 0.000000
vn 1.000000 0.000000 0.000000
vn 1.000000 0.000000 0.000000
vn 1.000000 0.000000 0.000000
vn 1.000000 0.000000 0.000000
vn 1.000000 0.000000 0.000000
vn 1.000000 0.000000 0.000000
vn 1.000000 0.000000 0.000000
vn 1.000000 0.000000 0.000000
vn 1.000000 0.000000 0.000000
vn 1.000000 0.000000 0.000000
vn 1.000000 0.000000 0.000000
vn 1.000000 0.000000 0.000000
vn 1.000000 0.000000 0.000000
vn 1.000000 0.000000 0.000000
vn 1.000000 0.000000 0.000000
vn 1.000000 0.000000 0.000000
vn 1.000000 0.000000 0.000000
vn 1.000000 0.000000 0.000000
vn 1.000000 0.000000 0.000000
vn 1.000000 0.000000 0.000000
vn 1.000000 0.000000 0.000000
vn 1.000000 0.000000 0.000000
vn 1.000000 0.000000 0.000000
vn 1.000000 0.000000 0.000000
vn 1.000000 0.000000 0.000000
vn 1.000000 0.000000 0.000000
vn 1.000000 0.000000 0.000000
vn 1.000000 0.000000 0.000000
vn 1.000000 0.000000 0.000000
vn 1.000000 0.000000 0.000000
vn 1.000000 0.000000 0.000000
vn 1.000000 0.000000 0.000000
vn 1.000000 0.000000 0.000000
vn 1.000000 0.000000 0.000000
vn 1.000000 0.000000 0.000000
vn 1.000000 0.000000 0.000000
vn 1.000000 0.000000 0.000000
vn 1.000000 0.000000 0.000000
vn 1.000000 0.000000 0.000000
vn 1.000000 0.000000 0.000000
vn 1.000000 0.000000 0.000000
vn 1.000000 0.000000 0.000000
vn 1.000000 0.000000 0.000000
vn 1.000000 0.000000 0.000000
vn 1.000000 0.000000 0.000000
vn 1.000000 0.000000 0.000000
vn 1.000000 0.000000 0.000000
vn 1.000000 0.000000 0.000000
vn 1.000000 0.000000 0.000000
vn 1.000000 0.000000 0.000000
vn 1.000000 0.000000 0.000000
vn 1.000000 0.000000 0.000000
vn 1.000000 0.000000 0.000000
vn 1.000000 0.000000 0.000000
vn 1.000000 0.000000 0.000000
vn 1.000000 0.000000 0.000000
vn 1.000000 0.000000 0.000000
vn 1.000000 0.000000 0.000000
vn 1.000000 0.000000 0.000000
vn 1.000000 0.000000 0.000000
vn 1.000000 0.000000 0.000000
vn 1.000000 0.000000 0.000000
vn 1.000000 0.000000 0.000000
vn 1.000000 0.000000 0.000000
vn 1.000000 0.000000 0.000000
vn 1.000000 0.000000 0.000000
vn 1.000000 0.000000 0.000000
vn 1.000000 0.000000 0.000000
vn 1.000000 0.000000 0.000000
vn 1.000000 0.000000 0.000000
vn 1.000000 0.000000 0.000000
vn 1.000000 0.000000 0.000000
vn 1.000000 0.000000 0.000000
vn 1.000000 0.000000 0.000000
vn 1.000000 0.000000 0.000000
vn 1.000000 0.000000 0.000000
vn 1.000000 0.000000 0.000000
vn 1.000000 0.000000 0.000000
vn 1.000000 0.000000 0.000000
vn 1.000000 0.000000 0.000000
vn 1.000000 0.000000 0.000000
vn 1.000000 0.000000 0.000000
vn 1.000000 0.000000 0.000000
vn 1.000000 0.000000 0.000000
vn 1.000000 0.000000 0.000000
vn 1.000000 0.000000 0.000000
vn 1.000000 0.000000 0.000000
vn 1.000000 0.000000 0.000000
vn 1.000000 0.000000 0.000000
vn 1.000000 0.000000 0.000000
vn 1.000000 0.000000 0.000000
vn 1.000000 0.000000 0.000000
vn 1.000000 0.000000 0.000000
vn 1.000000 0.000000 0.000000
vn 1.000000 0.000000 0.000000
vn 1.000000 0.000000 0.000000
vn 1.000000 0.000000 0.000000
vn 1.000000 0.000000 0.000000
vn 1.000000 0.000000 0.000000
vn 1.000000 0.000000 0.000000
vn 1.000000 0.000000 0.000000
vn 1.000000 0.000000 0.000000
vn 1.000000 0.000000 0.000000
vn 1.000000 0.000000 0.000000
vn 1.000000 0.000000 0.000000
vn 1.000000 0.000000 0.000000
vn 1.000000 0.000000 0.000000
vn 1.000000 0.000000 0.000000
vn 1.000000 0.000000 0.000000
vn 1.000000 0.000000 0.000000
vn 1.000000 0.000000 0.000000
vn 1.000000 0.000000 0.000000
vn 1.000000 0.000000 0.000000
vn 1.000000 0.000000 0.000000
vn 1.000000 0.000000 0.000000
vn 1.000000 0.000000 0.000000
vn 1.000000 0.000000 0.000000
vn 1.000000 0.000000 0.000000
vn 1.000000 0.000000 0.000000
vn 1.000000 0.000000 0.000000
vn 1.000000 0.000000 0.000000
vn 1.000000 0.000000 0.000000
vn 1.000000 0.000000 0.000000
vn 1.000000 0.000000 0.000000
vn 1.000000 0.000000 0.000000
vn 1.000000 0.000000 0.000000
vn 1.000000 0.000000 0.000000
vn 1.000000 0.000000 0.000000
vn 1.000000 0.000000 0.000000
vn 1.000000 0.000000 0.000000
vn 1.000000 0.000000 0.000000
vn 1.000000 0.000000 0.000000
vn 1.000000 0.000000 0.000000
vn 1.000000 0.000000 0.000000
vn -0.000000 0.477425 -0.878672
vn -0.000000 0.477425 -0.878672
vn -0.000000 0.218791 -0.975772
vn -0.000000 0.218791 -0.975772
vn -0.000000 -0.056541 -0.998400
vn -0.000000 -0.056541 -0.998400
vn -0.000000 -0.327559 -0.944831
vn -0.000000 -0.327559 -0.944831
vn -0.000000 -0.573576 -0.819152
vn -0.000000 -0.573576 -0.819152
vn -0.000000 -0.470791 -0.882245
vn -0.000000 -0.470791 -0.882245
vn -0.000000 -0.396974 -0.917830
vn -0.000000 -0.320493 -0.947251
vn -0.000000 -0.160191 -0.987086
vn -0.000000 -0.241859 -0.970311
vn -0.000000 -0.167010 -0.985955
vn -0.000000 -0.097466 -0.995239
vn 0.000000 0.028417 -0.999596
vn 0.000000 0.167624 -0.985851
vn 0.000000 0.028417 -0.999596
vn 0.000000 0.183804 -0.982963
vn 0.000000 0.334701 -0.942324
vn 0.000000 0.882245 0.470791
vn 0.000000 0.882245 0.470791
vn 0.000000 0.892659 0.450733
vn 0.000000 0.902616 0.430446
vn 0.000000 0.922727 0.385453
vn 0.000000 0.912113 0.409939
vn 0.000000 0.917029 0.398819
vn 0.000000 0.949635 0.313359
vn 0.000000 0.954978 0.296677
vn 0.000000 0.971834 0.235666
vn 0.000000 0.978709 0.205254
vn 0.000000 0.987688 0.156434
vn 0.000000 0.993708 0.112000
vn 0.000000 0.997094 0.076182
vn 0.000000 0.999843 0.017747
vn -0.000000 0.999990 -0.004569
vn -0.000000 0.997057 -0.076665
vn -0.000000 0.996356 -0.085289
vn -0.000000 0.996356 -0.085289
vn -0.000000 0.995389 -0.095922
vn -0.000000 0.994149 -0.108017
vn -0.000000 0.985376 -0.170392
vn -0.000000 0.990105 -0.140331
vn -0.000000 0.985010 -0.172496
vn -0.000000 0.978871 -0.204479
vn -0.000000 0.976313 -0.216365
vn -0.000000 0.964905 -0.262600
vn -0.000000 0.952458 -0.304669
vn -0.000000 0.935825 -0.352464
vn -0.000000 0.924751 -0.380572
vn -0.000000 0.898397 -0.439185
vn -0.000000 0.891007 -0.453990
vn -0.000000 0.852953 -0.521987
vn -0.000000 0.851444 -0.524445
vn -0.000000 0.806323 -0.591475
vn -0.000000 0.799901 -0.600132
vn -0.000000 0.739712 -0.672924
vn -0.000000 0.748905 -0.662678
vn -0.000000 0.740793 -0.671734
vn -0.000000 0.718527 -0.695499
vn -0.000000 0.695499 -0.718527
vn -0.000000 0.672924 -0.739712
vn -0.000000 0.671734 -0.740793
vn -0.000000 0.662678 -0.748905
vn -0.000000 0.600132 -0.799901
vn -0.000000 0.591475 -0.806323
vn -0.000000 0.521987 -0.852953
vn -0.000000 0.524445 -0.851444
vn -0.000000 0.453990 -0.891007
vn -0.000000 0.439185 -0.898397
vn -0.000000 0.380572 -0.924751
vn -0.000000 0.352464 -0.935825
vn -0.000000 0.304669 -0.952458
vn -0.000000 0.262600 -0.964905
vn -0.000000 0.216365 -0.976313
vn -0.000000 0.204479 -0.978871
vn -0.000000 0.170392 -0.985376
vn -0.000000 0.172496 -0.985010
vn -0.000000 0.140331 -0.990105
vn -0.000000 0.108017 -0.994149
vn -0.000000 0.076665 -0.997057
vn -0.000000 0.095922 -0.995389
vn -0.000000 0.085289 -0.996356
vn -0.000000 0.085289 -0.996356
vn -0.000000 0.004569 -0.999990
vn -0.000000 -0.017747 -0.999843
vn -0.000000 -0.076182 -0.997094
vn -0.000000 -0.112000 -0.993708
vn -0.000000 -0.156434 -0.987688
vn -0.000000 -0.205254 -0.978709
vn -0.000000 -0.235666 -0.971834
vn -0.000000 -0.296677 -0.954978
vn -0.000000 -0.313359 -0.949635
vn -0.000000 -0.385453 -0.922727
vn -0.000000 -0.396546 -0.918015
vn -0.000000 -0.402842 -0.915270
vn -0.000000 -0.409939 -0.912113
vn -0.000000 -0.430446 -0.902616
vn -0.000000 -0.450733 -0.892659
vn 0.000000 0.878672 -0.477425
vn 0.000000 0.878672 -0.477425
vn 0.000000 0.942324 -0.334701
vn 0.000000 0.985851 -0.167624
vn 0.000000 0.982963 -0.183804
vn 0.000000 0.999596 -0.028417
vn 0.000000 0.999596 -0.028417
vn 0.000000 0.987086 0.160191
vn 0.000000 0.995239 0.097466
vn 0.000000 0.985955 0.167010
vn 0.000000 0.970311 0.241859
vn 0.000000 0.947251 0.320493
vn 0.000000 0.917830 0.396974
vn 0.000000 0.944831 0.327559
vn 0.000000 0.944831 0.327559
vn 0.000000 0.998400 0.056541
vn 0.000000 0.998400 0.056541
vn -0.000000 0.975772 -0.218791
vn -0.000000 0.975772 -0.218791
vn -0.000000 -0.477425 0.878672
vn -0.000000 -0.477425 0.878672
vn -0.000000 -0.218791 0.975772
vn -0.000000 -0.218791 0.975772
vn 0.000000 0.056541 0.998400
vn 0.000000 0.056541 0.998400
vn 0.000000 0.327559 0.944831
vn 0.000000 0.327559 0.944831
vn 0.000000 0.470791 0.882245
vn 0.000000 0.470791 0.882245
vn 0.000000 0.396974 0.917830
vn 0.000000 0.320493 0.947251
vn 0.000000 0.160191 0.987086
vn 0.000000 0.241859 0.970311
vn 0.000000 0.167010 0.985955
vn 0.000000 0.097466 0.995239
vn 0.000000 -0.028417 0.999596
vn 0.000000 -0.167624 0.985851
vn 0.000000 -0.028417 0.999596
vn 0.000000 -0.183804 0.982963
vn 0.000000 -0.334701 0.942324
vn -0.000000 -0.882245 -0.470791
vn -0.000000 -0.882245 -0.470791
vn -0.000000 -0.892659 -0.450733
vn -0.000000 -0.902616 -0.430446
vn -0.000000 -0.922727 -0.385453
vn -0.000000 -0.912113 -0.409939
vn -0.000000 -0.917029 -0.398819
vn -0.000000 -0.921235 -0.389006
vn -0.000000 -0.949635 -0.313359
vn -0.000000 -0.954978 -0.296677
vn -0.000000 -0.971834 -0.235666
vn -0.000000 -0.978709 -0.205254
vn -0.000000 -0.987688 -0.156434
vn -0.000000 -0.993708 -0.112000
vn -0.000000 -0.997094 -0.076182
vn -0.000000 -0.999843 -0.017747
vn -0.000000 -0.999990 0.004569
vn -0.000000 -0.997057 0.076665
vn -0.000000 -0.996356 0.085289
vn -0.000000 -0.996356 0.085289
vn -0.000000 -0.995389 0.095922
vn -0.000000 -0.994149 0.108017
vn -0.000000 -0.985376 0.170392
vn -0.000000 -0.990105 0.140331
vn -0.000000 -0.985010 0.172496
vn -0.000000 -0.978871 0.204479
vn -0.000000 -0.976313 0.216365
vn -0.000000 -0.964905 0.262600
vn -0.000000 -0.952458 0.304669
vn -0.000000 -0.973947 0.226776
vn -0.000000 -0.935825 0.352464
vn -0.000000 -0.924751 0.380572
vn -0.000000 -0.898397 0.439185
vn -0.000000 -0.891007 0.453990
vn -0.000000 -0.852953 0.521987
vn -0.000000 -0.851444 0.524445
vn -0.000000 -0.806323 0.591475
vn -0.000000 -0.799901 0.600132
vn -0.000000 -0.755938 0.654644
vn -0.000000 -0.755938 0.654644
vn -0.000000 -0.739712 0.672924
vn -0.000000 -0.748905 0.662678
vn -0.000000 -0.740793 0.671734
vn -0.000000 -0.718527 0.695499
vn -0.000000 -0.695499 0.718527
vn -0.000000 -0.672924 0.739712
vn -0.000000 -0.671734 0.740793
vn -0.000000 -0.662678 0.748905
vn -0.000000 -0.600132 0.799901
vn -0.000000 -0.591475 0.806323
vn -0.000000 -0.521987 0.852953
vn -0.000000 -0.524445 0.851444
vn -0.000000 -0.453990 0.891007
vn -0.000000 -0.439185 0.898397
vn -0.000000 -0.380572 0.924751
vn -0.000000 -0.352464 0.935825
vn -0.000000 -0.304669 0.952458
vn -0.000000 -0.262600 0.964905
vn -0.000000 -0.226776 0.973947
vn -0.000000 -0.226776 0.973947
vn -0.000000 -0.216365 0.976313
vn -0.000000 -0.204479 0.978871
vn -0.000000 -0.170392 0.985376
vn -0.000000 -0.172496 0.985010
vn -0.000000 -0.140331 0.990105
vn -0.000000 -0.108017 0.994149
vn -0.000000 -0.076665 0.997057
vn -0.000000 -0.095922 0.995389
vn -0.000000 -0.085289 0.996356
vn -0.000000 -0.085289 0.996356
vn -0.000000 -0.004569 0.999990
vn 0.000000 0.017747 0.999843
vn 0.000000 0.076182 0.997094
vn 0.000000 0.112000 0.993708
vn 0.000000 0.156434 0.987688
vn 0.000000 0.205254 0.978709
vn 0.000000 0.235666 0.971834
vn 0.000000 0.296677 0.954978
vn 0.000000 0.313359 0.949635
vn 0.000000 0.385453 0.922727
vn 0.000000 0.389006 0.921235
vn 0.000000 0.389006 0.921235
vn 0.000000 0.398819 0.917029
vn 0.000000 0.409939 0.912113
vn 0.000000 0.430446 0.902616
vn 0.000000 0.450733 0.892659
vn -0.000000 -0.654644 0.755938
vn 0.000000 -0.878672 0.477425
vn 0.000000 -0.878672 0.477425
vn 0.000000 -0.942324 0.334701
vn 0.000000 -0.985851 0.167624
vn 0.000000 -0.982963 0.183804
vn 0.000000 -0.999596 0.028417
vn 0.000000 -0.999596 0.028417
vn -0.000000 -0.987086 -0.160191
vn -0.000000 -0.995239 -0.097466
vn -0.000000 -0.985955 -0.167010
vn -0.000000 -0.970311 -0.241859
vn -0.000000 -0.947251 -0.320493
vn -0.000000 -0.917830 -0.396974
vn -0.000000 -0.819152 -0.573576
vn -0.000000 -0.819152 -0.573576
vn -0.000000 -0.944831 -0.327559
vn -0.000000 -0.944831 -0.327559
vn -0.000000 -0.998400 -0.056541
vn -0.000000 -0.998400 -0.056541
vn -0.000000 -0.975772 0.218791
vn -0.000000 -0.975772 0.218791
vn -0.000000 -0.642788 -0.766044
vn -0.000000 -0.642788 -0.766044
vn -0.000000 -0.707107 -0.707107
vn -0.000000 -0.707107 -0.707107
vn -0.000000 -0.766044 -0.642788
vn -0.000000 -0.766044 -0.642788
vn -1.000000 -0.000000 -0.000000
vn -1.000000 -0.000000 -0.000000
vn -1.000000 -0.000000 -0.000000
vn -1.000000 -0.000000 -0.000000
vn -1.000000 -0.000000 -0.000000
vn -1.000000 -0.000000 -0.000000
vn -1.000000 -0.000000 -0.000000
vn -1.000000 -0.000000 -0.000000
vn -1.000000 -0.000000 -0.000000
vn -1.000000 -0.000000 -0.000000
vn -1.000000 -0.000000 -0.000000
vn -1.000000 -0.000000 -0.000000
vn -1.000000 -0.000000 -0.000000
vn -1.000000 -0.000000 -0.000000
vn -1.000000 -0.000000 -0.000000
vn -1.000000 -0.000000 -0.000000
vn -1.000000 -0.000000 -0.000000
vn -1.000000 -0.000000 -0.000000
vn -1.000000 -0.000000 -0.000000
vn -1.000000 -0.000000 -0.000000
vn -1.000000 -0.000000 -0.000000
vn -1.000000 -0.000000 -0.000000
vn -1.000000 -0.000000 -0.000000
vn -1.000000 -0.000000 -0.000000
vn -1.000000 -0.000000 -0.000000
vn -1.000000 -0.000000 -0.000000
vn -1.000000 -0.000000 -0.000000
vn -1.000000 -0.000000 -0.000000
vn -1.000000 -0.000000 -0.000000
vn -1.000000 -0.000000 -0.000000
vn -1.000000 -0.000000 -0.000000
vn -1.000000 -0.000000 -0.000000
vn -1.000000 -0.000000 -0.000000
vn -1.000000 -0.000000 -0.000000
vn -1.000000 -0.000000 -0.000000
vn -1.000000 -0.000000 -0.000000
vn -1.000000 -0.000000 -0.000000
vn -0.000000 -0.384300 -0.923208
vn 0.000000 0.007365 -0.999973
vn 0.000000 0.397857 -0.917447
vn 0.000000 0.724973 -0.688778
vn 0.000000 0.936604 -0.350390
vn 0.000000 0.999040 0.043814
vn 0.000000 0.902334 0.431038
vn 0.000000 0.661892 0.749600
vn 0.000000 0.316014 0.948755
vn -1.000000 -0.000000 -0.000000
vn -1.000000 -0.000000 -0.000000
vn -1.000000 -0.000000 -0.000000
vn -1.000000 -0.000000 -0.000000
vn -1.000000 -0.000000 -0.000000
vn -1.000000 -0.000000 -0.000000
vn -1.000000 -0.000000 -0.000000
vn -1.000000 -0.000000 -0.000000
vn -1.000000 -0.000000 -0.000000
vn -1.000000 -0.000000 -0.000000
vn -1.000000 -0.000000 -0.000000
vn -1.000000 -0.000000 -0.000000
vn -1.000000 -0.000000 -0.000000
vn -1.000000 -0.000000 -0.000000
vn -1.000000 -0.000000 -0.000000
vn -1.000000 -0.000000 -0.000000
vn -1.000000 -0.000000 -0.000000
vn -1.000000 -0.000000 -0.000000
vn -1.000000 -0.000000 -0.000000
vn -1.000000 -0.000000 -0.000000
vn -1.000000 -0.000000 -0.000000
vn -1.000000 -0.000000 -0.000000
vn -1.000000 -0.000000 -0.000000
vn 0.000000 0.030878 -0.999523
vn 0.000000 0.401189 -0.915995
vn 0.000000 0.713686 -0.700466
vn 0.000000 0.923336 -0.383994
vn 0.000000 0.999926 -0.012186
vn 0.000000 0.932419 0.361378
vn 0.000000 0.730544 0.682865
vn 0.000000 0.423393 0.905946
vn 0.000000 0.055227 0.998474
vn 0.000000 -0.320897 0.947114
vn -1.000000 -0.000000 -0.000000
vn -1.000000 -0.000000 -0.000000
vn -1.000000 -0.000000 -0.000000
vn -1.000000 -0.000000 -0.000000
vn -1.000000 -0.000000 -0.000000
vn -1.000000 -0.000000 -0.000000
vn -1.000000 -0.000000 -0.000000
vn -1.000000 -0.000000 -0.000000
vn -1.000000 -0.000000 -0.000000
vn -1.000000 -0.000000 -0.000000
vn -1.000000 -0.000000 -0.000000
vn -1.000000 -0.000000 -0.000000
vn -1.000000 -0.000000 -0.000000
vn -1.000000 -0.000000 -0.000000
vn -1.000000 -0.000000 -0.000000
vn -1.000000 -0.000000 -0.000000
vn -1.000000 -0.000000 -0.000000
vn -1.000000 -0.000000 -0.000000
vn -1.000000 -0.000000 -0.000000
vn -1.000000 -0.000000 -0.000000
vn -1.000000 -0.000000 -0.000000
vn -1.000000 -0.000000 -0.000000
vn -1.000000 -0.000000 -0.000000
vn -1.000000 -0.000000 -0.000000
vn 0.000000 0.759268 -0.650778
vn 0.000000 0.947114 -0.320897
vn 0.000000 0.998474 0.055227
vn 0.000000 0.905946 0.423393
vn 0.000000 0.682865 0.730544
vn 0.000000 0.361378 0.932419
vn 0.000000 -0.012186 0.999926
vn 0.000000 -0.383994 0.923336
vn 0.000000 -0.700466 0.713686
vn 0.000000 -0.915995 0.401189
vn 0.000000 -0.999523 0.030878
vn -1.000000 -0.000000 -0.000000
vn -1.000000 -0.000000 -0.000000
vn -1.000000 -0.000000 -0.000000
vn -1.000000 -0.000000 -0.000000
vn -1.000000 -0.000000 -0.000000
vn -1.000000 -0.000000 -0.000000
vn -1.000000 -0.000000 -0.000000
vn -1.000000 -0.000000 -0.000000
vn -1.000000 -0.000000 -0.000000
vn -1.000000 -0.000000 -0.000000
vn -1.000000 -0.000000 -0.000000
vn -1.000000 -0.000000 -0.000000
vn -1.000000 -0.000000 -0.000000
vn -1.000000 -0.000000 -0.000000
vn -1.000000 -0.000000 -0.000000
vn -1.000000 -0.000000 -0.000000
vn -1.000000 -0.000000 -0.000000
vn -1.000000 -0.000000 -0.000000
vn -1.000000 -0.000000 -0.000000
vn -1.000000 -0.000000 -0.000000
vn 0.000000 0.996779 -0.080204
vn 0.000000 0.948755 0.316014
vn 0.000000 0.749600 0.661892
vn 0.000000 0.431038 0.902334
vn 0.000000 0.043814 0.999040
vn 0.000000 -0.350390 0.936604
vn 0.000000 -0.688778 0.724973
vn 0.000000 -0.917447 0.397857
vn 0.000000 -0.999973 0.007365
vn -0.000000 -0.923208 -0.384300
vn -1.000000 -0.000000 -0.000000
vn -1.000000 -0.000000 -0.000000
vn -1.000000 -0.000000 -0.000000
vn -1.000000 -0.000000 -0.000000
vn -1.000000 -0.000000 -0.000000
vn -1.000000 -0.000000 -0.000000
vn -1.000000 -0.000000 -0.000000
vn -1.000000 -0.000000 -0.000000
vn -1.000000 -0.000000 -0.000000
vn -1.000000 -0.000000 -0.000000
vn -1.000000 -0.000000 -0.000000
vn -1.000000 -0.000000 -0.000000
vn -1.000000 -0.000000 -0.000000
vn -1.000000 -0.000000 -0.000000
vn -1.000000 -0.000000 -0.000000
vn -1.000000 -0.000000 -0.000000
vn -1.000000 -0.000000 -0.000000
vn -1.000000 -0.000000 -0.000000
vn -1.000000 -0.000000 -0.000000
vn -1.000000 -0.000000 -0.000000
vn -1.000000 -0.000000 -0.000000
vn -1.000000 -0.000000 -0.000000
vn -1.000000 -0.000000 -0.000000
vn -1.000000 -0.000000 -0.000000
vn -1.000000 -0.000000 -0.000000
vn -1.000000 -0.000000 -0.000000
vn -1.000000 -0.000000 -0.000000
vn -1.000000 -0.000000 -0.000000
vn -1.000000 -0.000000 -0.000000
vn -1.000000 -0.000000 -0.000000
vn -1.000000 -0.000000 -0.000000
vn -1.000000 -0.000000 -0.000000
vn -1.000000 -0.000000 -0.000000
vn -1.000000 -0.000000 -0.000000
vn -1.000000 -0.000000 -0.000000
vn -1.000000 -0.000000 -0.000000
vn -1.000000 -0.000000 -0.000000
vn -1.000000 -0.000000 -0.000000
vn -1.000000 -0.000000 -0.000000
vn -1.000000 -0.000000 -0.000000
vn -1.000000 -0.000000 -0.000000
vn -1.000000 -0.000000 -0.000000
vn -1.000000 -0.000000 -0.000000
vn -1.000000 -0.000000 -0.000000
vn -1.000000 -0.000000 -0.000000
vn -1.000000 -0.000000 -0.000000
vn -1.000000 -0.000000 -0.000000
vn -1.000000 -0.000000 -0.000000
vn -1.000000 -0.000000 -0.000000
vn -1.000000 -0.000000 -0.000000
vn -1.000000 -0.000000 -0.000000
vn -1.000000 -0.000000 -0.000000
vn -1.000000 -0.000000 -0.000000
vn -1.000000 -0.000000 -0.000000
vn -1.000000 -0.000000 -0.000000
vn -1.000000 -0.000000 -0.000000
vn -1.000000 -0.000000 -0.000000
vn -1.000000 -0.000000 -0.000000
vn -1.000000 -0.000000 -0.000000
vn -1.000000 -0.000000 -0.000000
vn -1.000000 -0.000000 -0.000000
vn -1.000000 -0.000000 -0.000000
vn -1.000000 -0.000000 -0.000000
vn -1.000000 -0.000000 -0.000000
vn -1.000000 -0.000000 -0.000000
vn -1.000000 -0.000000 -0.000000
vn -1.000000 -0.000000 -0.000000
vn -1.000000 -0.000000 -0.000000
vn -1.000000 -0.000000 -0.000000
vn -1.000000 -0.000000 -0.000000
vn -1.000000 -0.000000 -0.000000
vn -1.000000 -0.000000 -0.000000
vn -1.000000 -0.000000 -0.000000
vn -1.000000 -0.000000 -0.000000
vn -1.000000 -0.000000 -0.000000
vn -1.000000 -0.000000 -0.000000
vn -1.000000 -0.000000 -0.000000
vn -1.000000 -0.000000 -0.000000
vn -1.000000 -0.000000 -0.000000
vn -1.000000 -0.000000 -0.000000
vn -1.000000 -0.000000 -0.000000
vn -1.000000 -0.000000 -0.000000
vn -1.000000 -0.000000 -0.000000
vn -1.000000 -0.000000 -0.000000
vn -1.000000 -0.000000 -0.000000
vn -1.000000 -0.000000 -0.000000
vn -1.000000 -0.000000 -0.000000
vn -1.000000 -0.000000 -0.000000
vn -1.000000 -0.000000 -0.000000
vn -1.000000 -0.000000 -0.000000
vn -1.000000 -0.000000 -0.000000
vn -1.000000 -0.000000 -0.000000
vn -1.000000 -0.000000 -0.000000
vn -1.000000 -0.000000 -0.000000
vn -1.000000 -0.000000 -0.000000
vn -1.000000 -0.000000 -0.000000
vn -1.000000 -0.000000 -0.000000
vn -1.000000 -0.000000 -0.000000
vn -1.000000 -0.000000 -0.000000
vn -1.000000 -0.000000 -0.000000
vn -1.000000 -0.000000 -0.000000
vn -1.000000 -0.000000 -0.000000
vn -1.000000 -0.000000 -0.000000
vn -1.000000 -0.000000 -0.000000
vn -1.000000 -0.000000 -0.000000
vn -1.000000 -0.000000 -0.000000
vn -1.000000 -0.000000 -0.000000
vn -1.000000 -0.000000 -0.000000
vn -1.000000 -0.000000 -0.000000
vn -1.000000 -0.000000 -0.000000
vn -1.000000 -0.000000 -0.000000
vn -1.000000 -0.000000 -0.000000
vn -1.000000 -0.000000 -0.000000
vn -1.000000 -0.000000 -0.000000
vn -1.000000 -0.000000 -0.000000
vn -1.000000 -0.000000 -0.000000
vn -1.000000 -0.000000 -0.000000
vn -1.000000 -0.000000 -0.000000
vn -1.000000 -0.000000 -0.000000
vn -1.000000 -0.000000 -0.000000
vn -1.000000 -0.000000 -0.000000
vn -1.000000 -0.000000 -0.000000
vn -1.000000 -0.000000 -0.000000
vn -1.000000 -0.000000 -0.000000
vn -1.000000 -0.000000 -0.000000
vn -1.000000 -0.000000 -0.000000
vn -0.000000 0.849713 -0.527246
vn -0.000000 0.849713 -0.527246
vn -0.000000 0.518826 -0.854880
vn -0.000000 0.518826 -0.854880
vn -0.000000 0.075442 -0.997150
vn -0.000000 0.075442 -0.997150
vn -0.000000 0.861667 -0.507475
vn -0.000000 0.861667 -0.507475
vn -0.000000 0.509595 -0.860414
vn -0.000000 0.509595 -0.860414
vn -0.000000 -0.860414 0.509595
vn -0.000000 -0.860414 0.509595
vn -0.000000 -0.507475 0.861667
vn -0.000000 -0.507475 0.861667
vn -0.000000 0.764016 0.645197
vn -0.000000 0.764016 0.645197
vn -0.000000 0.973365 0.229261
vn -0.000000 0.973365 0.229261
vn -0.000000 0.971659 -0.236386
vn -0.000000 0.971659 -0.236386
vn -0.000000 -0.997150 0.075442
vn -0.000000 -0.997150 0.075442
vn -0.000000 -0.854880 0.518826
vn -0.000000 -0.854880 0.518826
vn -0.000000 -0.527246 0.849713
vn -0.000000 -0.527246 0.849713
vn -0.000000 0.238865 0.971053
vn -0.000000 0.238865 0.971053
vn -0.000000 0.652713 0.757605
vn -0.000000 0.652713 0.757605
vn -0.000000 0.925033 0.379886
vn -0.000000 0.925033 0.379886
vn -0.000000 -0.851055 -0.525076
vn -0.000000 -0.996571 -0.082746
vn -0.000000 -0.925999 0.377525
vn -0.000000 -0.377525 0.925999
vn -0.000000 -0.377525 0.925999
vn -0.000000 0.082746 0.996571
vn -0.000000 0.082746 0.996571
vn -0.000000 0.525076 0.851055
vn -0.000000 0.525076 0.851055
vn -0.000000 -0.379886 -0.925033
vn -0.000000 -0.757605 -0.652713
vn -0.000000 -0.971053 -0.238865
vn -0.000000 -0.849713 0.527246
vn -0.000000 -0.849713 0.527246
vn -0.000000 -0.518826 0.854880
vn -0.000000 -0.518826 0.854880
vn -0.000000 -0.075442 0.997150
vn -0.000000 -0.075442 0.997150
vn -0.000000 0.236386 -0.971659
vn -0.000000 -0.229261 -0.973365
vn -0.000000 -0.645197 -0.764016
vn -0.000000 -0.861667 0.507475
vn -0.000000 -0.861667 0.507475
vn -0.000000 -0.509595 0.860414
vn -0.000000 -0.509595 0.860414
vn -0.000000 0.860414 -0.509595
vn -0.000000 0.860414 -0.509595
vn -0.000000 0.507475 -0.861667
vn -0.000000 0.507475 -0.861667
vn -0.000000 0.997150 -0.075442
vn -0.000000 0.997150 -0.075442
vn -0.000000 0.854880 -0.518826
vn -0.000000 0.854880 -0.518826
vn -0.000000 0.527246 -0.849713
vn -0.000000 0.527246 -0.849713
vn -0.707107 -0.704530 0.060308
vn -0.707107 -0.704530 0.060308
vn -0.707107 -0.707099 0.003230
vn -0.707107 -0.707099 0.003230
vn -0.707107 -0.705052 -0.053869
vn -0.707107 -0.705052 -0.053869
vn -0.707107 -0.698401 -0.110616
vn -0.707107 -0.698401 -0.110616
vn -0.707107 -0.687191 -0.166641
vn -0.707107 -0.687191 -0.166641
vn -0.707107 -0.671493 -0.221578
vn -0.707107 -0.671493 -0.221578
vn -0.707107 -0.600838 0.372819
vn -0.707107 -0.600838 0.372819
vn -0.707107 -0.366866 0.604491
vn -0.707107 -0.366866 0.604491
vn -0.707107 -0.053346 0.705092
vn -0.707107 -0.053346 0.705092
vn -0.707107 -0.360338 0.608405
vn -0.707107 -0.360338 0.608405
vn -0.707107 -0.609290 0.358839
vn -0.707107 -0.609290 0.358839
vn -0.707107 -0.706821 0.020094
vn -0.707107 -0.706821 0.020094
vn -0.707107 -0.695060 0.129969
vn -0.707107 -0.695060 0.129969
vn -0.707107 -0.666324 0.236670
vn -0.707107 -0.621315 0.337591
vn -0.707107 -0.621315 0.337591
vn -0.707107 -0.666324 0.236670
vn -0.707107 -0.673490 0.215433
vn -0.707107 -0.673490 0.215433
vn -0.707107 -0.653898 0.269105
vn -0.707107 -0.653898 0.269105
vn -0.707107 -0.630037 0.321020
vn -0.707107 -0.630037 0.321020
vn -0.707107 -0.602062 0.370839
vn -0.707107 -0.602062 0.370839
vn -0.707107 -0.570157 0.418236
vn -0.707107 -0.570157 0.418236
vn -0.707107 -0.534529 0.462903
vn -0.707107 -0.534529 0.462903
vn -0.707107 -0.689975 0.154709
vn -0.707107 -0.701305 0.090398
vn -0.707107 -0.705976 -0.039981
vn -0.707107 -0.686614 -0.168999
vn -0.707107 -0.668096 -0.231619
vn -0.707107 -0.266950 0.654780
vn -0.707107 -0.266950 0.654780
vn -0.707107 0.058511 0.704682
vn -0.707107 0.058511 0.704682
vn -0.707107 0.371285 0.601787
vn -0.707107 0.371285 0.601787
vn -0.707107 -0.231619 -0.668096
vn -0.707107 -0.168999 -0.686614
vn -0.707107 -0.039981 -0.705976
vn -0.707107 0.090398 -0.701305
vn -0.707107 0.154709 -0.689975
vn -0.707107 0.337591 -0.621315
vn -0.707107 0.337591 -0.621315
vn -0.707107 0.236670 -0.666324
vn -0.707107 0.236670 -0.666324
vn -0.707107 0.129969 -0.695060
vn -0.707107 0.020094 -0.706821
vn -0.707107 0.020094 -0.706821
vn -0.707107 0.129969 -0.695060
vn -0.707107 -0.418236 0.570157
vn -0.707107 -0.418236 0.570157
vn -0.707107 -0.370839 0.602062
vn -0.707107 -0.370839 0.602062
vn -0.707107 -0.321020 0.630037
vn -0.707107 -0.321020 0.630037
vn -0.707107 -0.269105 0.653898
vn -0.707107 -0.269105 0.653898
vn -0.707107 -0.215433 0.673490
vn -0.707107 -0.215433 0.673490
vn -0.707107 -0.160355 0.688684
vn -0.707107 -0.160355 0.688684
vn -0.707107 0.358839 -0.609290
vn -0.707107 0.358839 -0.609290
vn -0.707107 0.608405 -0.360338
vn -0.707107 0.608405 -0.360338
vn -0.707107 0.168903 0.686638
vn -0.707107 0.168903 0.686638
vn -0.707107 0.461538 0.535708
vn -0.707107 0.461538 0.535708
vn -0.707107 0.654097 0.268620
vn -0.707107 0.654097 0.268620
vn -0.707107 0.704829 -0.056712
vn -0.707107 0.704829 -0.056712
vn -0.707107 0.679306 0.196326
vn -0.707107 0.670871 0.223455
vn -0.707107 0.565908 0.423967
vn -0.707107 0.530047 0.468028
vn -0.707107 0.379305 0.596765
vn -0.707107 0.304790 0.638046
vn -0.707107 0.143635 0.692365
vn -0.707107 0.030981 0.706428
vn -0.707107 -0.110616 0.698401
vn -0.707107 -0.247763 0.662279
vn -0.707107 -0.350557 0.614093
vn -0.707107 -0.487039 0.512633
vn -0.707107 -0.545151 0.450345
vn -0.707107 -0.648733 0.281328
vn -0.707107 -0.669223 0.228342
vn -0.707107 -0.707088 0.005208
vn -0.707107 -0.706726 -0.023200
vn -0.707107 -0.652807 -0.271741
vn -0.707107 -0.652807 -0.271741
vn -0.707107 -0.705092 0.053346
vn -0.707107 -0.705092 0.053346
vn -0.707107 -0.604491 0.366866
vn -0.707107 -0.604491 0.366866
vn -0.707107 -0.372819 0.600838
vn -0.707107 -0.372819 0.600838
vn -0.707107 -0.060308 0.704530
vn -0.707107 -0.060308 0.704530
vn -0.707107 -0.221578 -0.671493
vn -0.707107 -0.221578 -0.671493
vn -0.707107 -0.166641 -0.687191
vn -0.707107 -0.166641 -0.687191
vn -0.707107 -0.110616 -0.698401
vn -0.707107 -0.110616 -0.698401
vn -0.707107 -0.053869 -0.705052
vn -0.707107 -0.053869 -0.705052
vn -0.707107 0.003230 -0.707099
vn -0.707107 0.003230 -0.707099
vn -0.707107 0.060308 -0.704530
vn -0.707107 0.060308 -0.704530
vn -0.707107 -0.003230 0.707099
vn -0.707107 -0.003230 0.707099
vn -0.707107 0.053869 0.705052
vn -0.707107 0.053869 0.705052
vn -0.707107 0.110616 0.698401
vn -0.707107 0.110616 0.698401
vn -0.707107 0.166641 0.687191
vn -0.707107 0.166641 0.687191
vn -0.707107 0.221578 0.671493
vn -0.707107 0.221578 0.671493
vn -0.707107 0.275068 0.651412
vn -0.707107 0.275068 0.651412
vn -0.707107 0.372819 -0.600838
vn -0.707107 0.372819 -0.600838
vn -0.707107 0.604491 -0.366866
vn -0.707107 0.604491 -0.366866
vn -0.707107 0.705092 -0.053346
vn -0.707107 0.705092 -0.053346
vn -0.707107 0.540241 0.456223
vn -0.707107 0.540241 0.456223
vn -0.707107 0.688273 0.162112
vn -0.707107 0.688273 0.162112
vn -0.707107 0.687067 -0.167150
vn -0.707107 0.687067 -0.167150
vn -0.707107 0.536884 -0.460169
vn -0.707107 0.536884 -0.460169
vn -0.707107 0.661430 -0.250020
vn -0.707107 0.669711 -0.226909
vn -0.707107 0.707036 -0.010031
vn -0.707107 0.706028 0.039052
vn -0.707107 0.668257 0.231155
vn -0.707107 0.640601 0.299384
vn -0.707107 0.549723 0.444753
vn -0.707107 0.482859 0.516573
vn -0.707107 0.365579 0.605270
vn -0.707107 0.255533 0.659320
vn -0.707107 0.137805 0.693549
vn -0.707107 -0.008617 0.707054
vn -0.707107 -0.106417 0.699053
vn -0.707107 -0.271525 0.652897
vn -0.707107 -0.337938 0.621126
vn -0.707107 -0.495304 0.504652
vn -0.707107 -0.529126 0.469069
vn -0.707107 -0.647706 0.283684
vn -0.707107 -0.657164 0.261028
vn -0.707107 -0.706770 0.021834
vn -0.707107 -0.706770 0.021834
vn -0.707107 -0.608405 0.360338
vn -0.707107 -0.608405 0.360338
vn -0.707107 -0.358839 0.609290
vn -0.707107 -0.358839 0.609290
vn -0.707107 -0.020094 0.706821
vn -0.707107 -0.020094 0.706821
vn -0.707107 0.215433 -0.673490
vn -0.707107 0.215433 -0.673490
vn -0.707107 0.269105 -0.653898
vn -0.707107 0.269105 -0.653898
vn -0.707107 0.321020 -0.630037
vn -0.707107 0.321020 -0.630037
vn -0.707107 0.370839 -0.602062
vn -0.707107 0.370839 -0.602062
vn -0.707107 0.418236 -0.570157
vn -0.707107 0.418236 -0.570157
vn -0.707107 0.462903 -0.534529
vn -0.707107 0.462903 -0.534529
vn -0.707107 -0.020094 0.706821
vn -0.707107 -0.129969 0.695060
vn -0.707107 -0.129969 0.695060
vn -0.707107 -0.236670 0.666324
vn -0.707107 -0.337591 0.621315
vn -0.707107 -0.337591 0.621315
vn -0.707107 -0.236670 0.666324
vn -0.707107 0.654780 -0.266950
vn -0.707107 0.654780 -0.266950
vn -0.707107 0.704682 0.058511
vn -0.707107 0.704682 0.058511
vn -0.707107 0.601787 0.371285
vn -0.707107 0.601787 0.371285
vn -0.707107 -0.154709 0.689975
vn -0.707107 -0.090398 0.701305
vn -0.707107 0.039981 0.705976
vn -0.707107 0.168999 0.686614
vn -0.707107 0.231619 0.668096
vn -0.707107 0.405580 0.579228
vn -0.707107 0.405580 0.579228
vn -0.707107 0.454519 0.541675
vn -0.707107 0.454519 0.541675
vn -0.707107 0.500000 0.500000
vn -0.707107 0.500000 0.500000
vn -0.707107 0.541675 0.454519
vn -0.707107 0.541675 0.454519
vn -0.707107 0.579228 0.405580
vn -0.707107 0.579228 0.405580
vn -0.707107 0.668096 0.231619
vn -0.707107 0.686614 0.168999
vn -0.707107 0.705976 0.039981
vn -0.707107 0.701305 -0.090398
vn -0.707107 0.689975 -0.154709
vn -0.707107 0.621315 -0.337591
vn -0.707107 0.621315 -0.337591
vn -0.707107 0.570157 -0.418236
vn -0.707107 0.570157 -0.418236
vn -0.707107 0.602062 -0.370839
vn -0.707107 0.602062 -0.370839
vn -0.707107 0.630037 -0.321020
vn -0.707107 0.630037 -0.321020
vn -0.707107 0.653898 -0.269105
vn -0.707107 0.653898 -0.269105
vn -0.707107 0.673490 -0.215433
vn -0.707107 0.673490 -0.215433
vn -0.707107 0.688684 -0.160355
vn -0.707107 0.688684 -0.160355
vn -0.707107 0.666324 -0.236670
vn -0.707107 0.666324 -0.236670
vn -0.707107 0.695060 -0.129969
vn -0.707107 0.706821 -0.020094
vn -0.707107 0.706821 -0.020094
vn -0.707107 0.695060 -0.129969
vn -0.707107 0.686638 0.168903
vn -0.707107 0.686638 0.168903
vn -0.707107 0.535708 0.461538
vn -0.707107 0.535708 0.461538
vn -0.707107 0.268620 0.654097
vn -0.707107 0.268620 0.654097
vn -0.707107 -0.056712 0.704829
vn -0.707107 -0.056712 0.704829
vn -0.707107 0.609290 -0.358839
vn -0.707107 0.609290 -0.358839
vn -0.707107 0.360338 -0.608405
vn -0.707107 0.360338 -0.608405
vn -0.707107 0.021834 -0.706770
vn -0.707107 0.021834 -0.706770
vn -0.707107 -0.056712 0.704829
vn -0.707107 0.196326 0.679306
vn -0.707107 0.223455 0.670871
vn -0.707107 0.423967 0.565908
vn -0.707107 0.468028 0.530047
vn -0.707107 0.596765 0.379305
vn -0.707107 0.638046 0.304790
vn -0.707107 0.692365 0.143635
vn -0.707107 0.706428 0.030981
vn -0.707107 0.698401 -0.110616
vn -0.707107 0.662279 -0.247763
vn -0.707107 0.614093 -0.350557
vn -0.707107 0.512633 -0.487039
vn -0.707107 0.450345 -0.545151
vn -0.707107 0.281328 -0.648733
vn -0.707107 0.228342 -0.669223
vn -0.707107 0.005208 -0.707088
vn -0.707107 -0.023200 -0.706726
vn -0.707107 -0.271741 -0.652807
vn -0.707107 -0.271741 -0.652807
vn -0.707107 0.021834 -0.706770
vn -0.707107 0.261028 -0.657164
vn -0.707107 0.283684 -0.647706
vn -0.707107 0.469069 -0.529126
vn -0.707107 0.504652 -0.495304
vn -0.707107 0.621126 -0.337938
vn -0.707107 0.652897 -0.271525
vn -0.707107 0.699053 -0.106417
vn -0.707107 0.707054 -0.008617
vn -0.707107 0.693549 0.137805
vn -0.707107 0.659320 0.255533
vn -0.707107 0.605270 0.365579
vn -0.707107 0.516573 0.482859
vn -0.707107 0.444753 0.549723
vn -0.707107 0.299384 0.640601
vn -0.707107 0.231155 0.668257
vn -0.707107 0.039052 0.706028
vn -0.707107 -0.010031 0.707036
vn -0.707107 -0.226909 0.669711
vn -0.707107 -0.250020 0.661430
vn -0.707107 -0.460169 0.536884
vn -0.707107 -0.460169 0.536884
vn -0.707107 0.053346 -0.705092
vn -0.707107 0.053346 -0.705092
vn -0.707107 0.366866 -0.604491
vn -0.707107 0.366866 -0.604491
vn -0.707107 0.600838 -0.372819
vn -0.707107 0.600838 -0.372819
vn -0.707107 0.704530 -0.060308
vn -0.707107 0.704530 -0.060308
vn -0.707107 -0.167150 0.687067
vn -0.707107 -0.167150 0.687067
vn -0.707107 0.162112 0.688273
vn -0.707107 0.162112 0.688273
vn -0.707107 0.456223 0.540241
vn -0.707107 0.456223 0.540241
vn -0.707107 0.651412 0.275068
vn -0.707107 0.651412 0.275068
vn -0.707107 0.707099 -0.003230
vn -0.707107 0.707099 -0.003230
vn -0.707107 0.705052 0.053869
vn -0.707107 0.705052 0.053869
vn -0.707107 0.698401 0.110616
vn -0.707107 0.698401 0.110616
vn -0.707107 0.687191 0.166641
vn -0.707107 0.687191 0.166641
vn -0.707107 0.671493 0.221578
vn -0.707107 0.671493 0.221578
vn -0.500000 0.332813 0.799522
vn -0.500000 -0.065335 0.863557
vn -0.500000 -0.449317 0.740348
vn -0.500000 -0.735873 0.456608
vn -0.669074 -0.624709 0.402589
vn -0.866025 -0.259413 0.427440
vn -0.866025 -0.037721 0.498575
vn -0.866025 0.192150 0.461604
vn -1.000000 -0.000000 -0.000000
vn -0.500000 -0.006379 0.866002
vn -0.500000 -0.344555 0.794533
vn -0.500000 -0.627845 0.596499
vn -0.500000 -0.811123 0.303446
vn -0.500000 -0.865194 -0.037944
vn -0.500000 -0.781444 -0.373289
vn -0.500000 -0.573215 -0.649172
vn -0.500000 -0.273676 -0.821646
vn -0.866025 -0.158007 -0.474377
vn -0.866025 -0.330946 -0.374800
vn -0.866025 -0.451167 -0.215519
vn -0.866025 -0.499520 -0.021907
vn -0.866025 -0.468302 0.175195
vn -0.866025 -0.362486 0.344389
vn -0.866025 -0.198929 0.458724
vn -0.866025 -0.003683 0.499986
vn -0.500000 -0.026741 0.865612
vn -0.500000 -0.344218 0.794679
vn -0.500000 -0.613126 0.611618
vn -0.500000 -0.795524 0.342260
vn -0.664161 -0.674082 0.323271
vn -0.866025 -0.353988 0.353118
vn -0.866025 -0.198734 0.458808
vn -0.866025 -0.015439 0.499762
vn -0.500000 -0.380781 0.777821
vn -0.500000 -0.667270 0.552042
vn -0.500000 -0.835383 0.228330
vn -0.500000 -0.855298 -0.135888
vn -0.500000 -0.723481 -0.476000
vn -0.500000 -0.463316 -0.731668
vn -0.500000 -0.120959 -0.857537
vn -0.500000 0.242858 -0.831276
vn -0.866025 -0.219844 0.449075
vn -0.866025 -0.385248 0.318722
vn -0.866025 -0.482309 0.131827
vn -0.866025 -0.493806 -0.078455
vn -0.866025 -0.417702 -0.274819
vn -0.866025 -0.267496 -0.422429
vn -0.866025 -0.069835 -0.495099
vn -0.866025 0.140214 -0.479938
vn -0.500000 -0.831276 0.242858
vn -0.500000 -0.857537 -0.120959
vn -0.500000 -0.731668 -0.463316
vn -0.500000 -0.476000 -0.723481
vn -0.500000 -0.135888 -0.855298
vn -0.500000 0.228330 -0.835383
vn -0.500000 0.552042 -0.667270
vn -0.500000 0.777821 -0.380781
vn -0.500000 0.865612 -0.026741
vn -0.866025 -0.479938 0.140214
vn -0.866025 -0.495099 -0.069835
vn -0.866025 -0.422429 -0.267496
vn -0.866025 -0.274819 -0.417702
vn -0.866025 -0.078455 -0.493806
vn -0.866025 0.131827 -0.482309
vn -0.866025 0.318722 -0.385248
vn -0.866025 0.449075 -0.219844
vn -0.866025 0.499762 -0.015439
vn -0.866025 0.458808 -0.198734
vn -0.500000 0.794679 -0.344218
vn -0.500000 0.611618 -0.613126
vn -0.500000 0.342260 -0.795524
vn -0.664161 0.323271 -0.674082
vn -0.866025 0.353118 -0.353988
vn -0.500000 -0.821646 -0.273676
vn -0.500000 -0.649172 -0.573215
vn -0.500000 -0.373289 -0.781444
vn -0.500000 -0.037944 -0.865194
vn -0.500000 0.303446 -0.811123
vn -0.500000 0.596499 -0.627845
vn -0.500000 0.794533 -0.344555
vn -0.500000 0.866002 -0.006379
vn -0.500000 0.799522 0.332813
vn -0.866025 0.499986 -0.003683
vn -0.866025 0.461604 0.192150
vn -0.866025 0.458724 -0.198929
vn -0.866025 0.344389 -0.362486
vn -0.866025 0.175195 -0.468302
vn -0.866025 -0.021907 -0.499520
vn -0.866025 -0.215519 -0.451167
vn -0.866025 -0.374800 -0.330946
vn -0.866025 -0.474377 -0.158007
vn -0.866025 0.498575 -0.037721
vn -0.500000 0.863557 -0.065335
vn -0.500000 0.740348 -0.449317
vn -0.500000 0.456608 -0.735873
vn -0.669074 0.402589 -0.624709
vn -0.866025 0.427440 -0.259413
vn -0.866025 0.425528 0.262538
vn -0.500000 0.737036 0.454729
vn -0.500000 0.863055 0.071661
vn -0.500000 0.801939 -0.326946
vn -0.669074 0.692896 -0.268765
vn -0.866025 0.498285 0.041373
vn -0.500000 0.065335 -0.863557
vn -0.500000 0.449317 -0.740348
vn -0.500000 0.735873 -0.456608
vn -0.669074 0.624709 -0.402589
vn -0.866025 0.259413 -0.427440
vn -0.866025 0.037721 -0.498575
vn -0.866025 0.189943 0.462517
vn -0.500000 0.328991 0.801102
vn -0.500000 0.656106 0.565266
vn -0.500000 0.840956 0.206863
vn -0.669074 0.718541 0.189839
vn -0.866025 0.378803 0.326356
vn -1.000000 0.000000 0.000000
vn -0.500000 0.344218 -0.794679
vn -0.500000 0.613126 -0.611618
vn -0.500000 0.795524 -0.342260
vn -0.664161 0.674082 -0.323271
vn -0.866025 0.353988 -0.353118
vn -0.866025 0.198734 -0.458808
vn -0.866025 -0.118193 0.485830
vn -0.500000 -0.204717 0.841482
vn -0.500000 0.198546 0.842959
vn -0.500000 0.558757 0.661657
vn -0.669074 0.469727 0.575931
vn -0.866025 0.114630 0.486683
vn -0.500000 0.841482 -0.204717
vn -0.500000 0.842959 0.198546
vn -0.500000 0.661657 0.558757
vn -0.669074 0.575931 0.469727
vn -0.866025 0.486683 0.114630
vn -0.866025 0.485830 -0.118193
vn -0.866025 -0.458808 0.198734
vn -0.500000 -0.794679 0.344218
vn -0.500000 -0.611618 0.613126
vn -0.500000 -0.342260 0.795524
vn -0.664161 -0.323271 0.674082
vn -0.866025 -0.353118 0.353988
vn -0.500000 0.801102 0.328991
vn -0.500000 0.565266 0.656106
vn -0.500000 0.206863 0.840956
vn -0.669074 0.189839 0.718541
vn -0.866025 0.326356 0.378803
vn -1.000000 0.000000 0.000000
vn -0.866025 0.462517 0.189943
vn -1.000000 0.000000 0.000000
vn -0.866025 -0.498575 0.037721
vn -0.500000 -0.863557 0.065335
vn -0.500000 -0.740348 0.449317
vn -0.500000 -0.456608 0.735873
vn -0.669074 -0.402589 0.624709
vn -0.866025 -0.427440 0.259413
vn -0.500000 0.454729 0.737036
vn -0.500000 0.071661 0.863055
vn -0.500000 -0.326946 0.801939
vn -0.669074 -0.268765 0.692896
vn -0.866025 0.041373 0.498285
vn -0.866025 0.262538 0.425528
vn -1.000000 -0.000000 -0.000000
vn -0.367263 0.761066 0.534693
vn -0.592442 0.656417 0.467044
vn -0.707107 0.644905 0.289995
vn -0.634802 0.644936 0.425541
vn -0.706052 0.621621 0.339231
vn -0.547381 0.671345 0.499670
vn -0.500488 0.689219 0.523917
vn -0.453053 0.709348 0.539970
vn -0.349298 0.746644 0.566139
vn -0.405610 0.731135 0.548564
vn -0.358454 0.754083 0.550336
vn -0.265664 0.801480 0.535772
vn -0.205158 0.832614 0.514456
vn -0.175291 0.847619 0.500814
vn -0.087033 0.888696 0.450160
vn -0.006148 0.919467 0.393119
vn -0.005701 0.919219 0.393707
vn -0.707107 0.644961 0.289871
vn -0.707107 0.644961 0.289871
vn -0.707107 0.638246 0.304371
vn -0.707107 0.638246 0.304371
vn -0.707107 0.631205 0.318717
vn -0.707107 0.631205 0.318717
vn -0.707107 0.623841 0.332899
vn -0.707107 0.623841 0.332899
vn -0.707107 0.649004 0.280703
vn -0.707107 0.649004 0.280703
vn -0.707107 0.669808 0.226622
vn -0.707107 0.669808 0.226622
vn -0.707107 0.686114 0.171020
vn -0.707107 0.686114 0.171020
vn -0.706165 0.697678 0.120732
vn -0.676547 0.732597 0.074737
vn -0.707107 0.686120 0.170994
vn -0.638819 0.769234 0.013755
vn -0.556943 0.828794 -0.053988
vn -0.595790 0.802316 -0.036372
vn -0.572792 0.817676 -0.057574
vn -0.549131 0.832255 -0.076201
vn -0.345400 0.924621 -0.160545
vn -0.500913 0.859006 -0.105807
vn -0.452176 0.882940 -0.126306
vn -0.364942 0.922209 -0.127855
vn -0.355354 0.923569 -0.144029
vn -0.307897 0.940605 -0.143045
vn -0.261294 0.955545 -0.136601
vn -0.215782 0.968339 -0.125529
vn -0.171295 0.978985 -0.110662
vn -0.113305 0.989806 -0.086290
vn -0.084735 0.993754 -0.072611
vn -0.006175 0.999463 -0.032185
vn -0.006702 0.999480 -0.031525
vn -0.349298 0.566139 0.746644
vn -0.547379 0.499676 0.671342
vn -0.706056 0.339140 0.621666
vn -0.570195 0.484430 0.663480
vn -0.592445 0.467033 0.656422
vn -0.707107 0.289890 0.644953
vn -0.634801 0.425543 0.644935
vn -0.673404 0.374642 0.637315
vn -0.005701 0.393707 0.919219
vn -0.087035 0.450158 0.888697
vn -0.175294 0.500810 0.847621
vn -0.205161 0.514451 0.832616
vn -0.367263 0.534693 0.761066
vn -0.265668 0.535766 0.801483
vn -0.358459 0.550328 0.754086
vn -0.405614 0.548555 0.731139
vn -0.453057 0.539961 0.709353
vn -0.500494 0.523902 0.689226
vn -0.524090 0.512825 0.679956
vn -0.006148 0.393119 0.919467
vn -0.707107 0.289871 0.644961
vn -0.707107 0.289871 0.644961
vn -0.707107 0.304371 0.638246
vn -0.707107 0.304371 0.638246
vn -0.707107 0.318717 0.631205
vn -0.707107 0.318717 0.631205
vn -0.707107 0.332899 0.623841
vn -0.707107 0.332899 0.623841
vn -0.707107 0.280703 0.649004
vn -0.707107 0.280703 0.649004
vn -0.707107 0.226622 0.669808
vn -0.707107 0.226622 0.669808
vn -0.707107 0.171020 0.686114
vn -0.707107 0.171020 0.686114
vn -0.556943 -0.053988 0.828794
vn -0.638817 0.013743 0.769236
vn -0.707107 0.170994 0.686120
vn -0.676546 0.074725 0.732600
vn -0.706165 0.120732 0.697678
vn -0.617851 -0.012656 0.786193
vn -0.595779 -0.036410 0.802322
vn -0.572789 -0.057585 0.817678
vn -0.549127 -0.076212 0.832257
vn -0.345396 -0.160551 0.924621
vn -0.500909 -0.105817 0.859007
vn -0.452167 -0.126324 0.882942
vn -0.364937 -0.127865 0.922210
vn -0.403516 -0.138754 0.904391
vn -0.355345 -0.144044 0.923570
vn -0.307892 -0.143051 0.940605
vn -0.261290 -0.136607 0.955545
vn -0.215779 -0.125534 0.968339
vn -0.171293 -0.110665 0.978985
vn -0.084733 -0.072614 0.993754
vn -0.042251 -0.050915 0.997809
vn -0.021108 -0.039718 0.998988
vn -0.010549 -0.034073 0.999364
vn -0.006238 -0.032231 0.999461
vn -0.006760 -0.031577 0.999478
vn -0.349298 0.019150 0.936816
vn -0.547379 0.009641 0.836829
vn -0.706056 -0.091037 0.702280
vn -0.570195 0.001928 0.821507
vn -0.592445 -0.007998 0.805572
vn -0.707107 -0.144568 0.692171
vn -0.634801 -0.034812 0.771891
vn -0.673404 -0.071512 0.735808
vn -0.005701 -0.221788 0.975078
vn -0.087035 -0.158177 0.983567
vn -0.175294 -0.093056 0.980108
vn -0.205161 -0.073200 0.975987
vn -0.367263 -0.014768 0.930000
vn -0.265668 -0.037656 0.963329
vn -0.358459 0.001984 0.933544
vn -0.405614 0.014038 0.913936
vn -0.453057 0.019890 0.891259
vn -0.500494 0.018728 0.865538
vn -0.524090 0.015216 0.851527
vn -0.006148 -0.222409 0.974934
vn -0.707107 -0.144588 0.692166
vn -0.707107 -0.144588 0.692166
vn -0.707107 -0.121973 0.696507
vn -0.707107 -0.121973 0.696507
vn -0.707107 -0.099229 0.700110
vn -0.707107 -0.099229 0.700110
vn -0.707107 -0.076379 0.702970
vn -0.707107 -0.076379 0.702970
vn -0.367263 -0.273341 0.889046
vn -0.592441 -0.241342 0.768614
vn -0.707107 -0.076400 0.702967
vn -0.634799 -0.205432 0.744868
vn -0.673402 -0.159378 0.721892
vn -0.706056 -0.130435 0.696040
vn -0.006148 -0.089747 0.995946
vn -0.087033 -0.153506 0.984307
vn -0.175291 -0.214373 0.960894
vn -0.205158 -0.231985 0.950838
vn -0.349298 -0.307705 0.885047
vn -0.265664 -0.261878 0.927816
vn -0.358454 -0.290376 0.887239
vn -0.405610 -0.295782 0.864866
vn -0.453053 -0.294341 0.841490
vn -0.500490 -0.285289 0.817386
vn -0.524086 -0.277619 0.805147
vn -0.547375 -0.267775 0.792891
vn -0.570192 -0.255706 0.780702
vn -0.005701 -0.090383 0.995891
vn -0.349298 -0.535154 0.769156
vn -0.547379 -0.484076 0.682676
vn -0.706056 -0.486440 0.514646
vn -0.570195 -0.481310 0.665747
vn -0.592445 -0.479973 0.647020
vn -0.707107 -0.523806 0.475003
vn -0.634801 -0.481869 0.604011
vn -0.673404 -0.490352 0.553247
vn -0.005701 -0.752567 0.658491
vn -0.087035 -0.706094 0.702749
vn -0.175294 -0.651377 0.738228
vn -0.205161 -0.632891 0.746564
vn -0.367263 -0.558587 0.743705
vn -0.265668 -0.596695 0.757216
vn -0.358459 -0.547118 0.756419
vn -0.405614 -0.525842 0.747641
vn -0.453057 -0.507778 0.732735
vn -0.500494 -0.493599 0.711243
vn -0.524090 -0.488205 0.697844
vn -0.006148 -0.752985 0.658009
vn -0.707107 -0.523820 0.474987
vn -0.707107 -0.523820 0.474987
vn -0.707107 -0.508075 0.491792
vn -0.707107 -0.508075 0.491792
vn -0.707107 -0.491792 0.508075
vn -0.707107 -0.491792 0.508075
vn -0.707107 -0.474987 0.523820
vn -0.707107 -0.474987 0.523820
vn -0.367263 -0.743705 0.558587
vn -0.592441 -0.647030 0.479965
vn -0.707107 -0.475003 0.523806
vn -0.634799 -0.604021 0.481860
vn -0.673402 -0.553257 0.490343
vn -0.706056 -0.514646 0.486440
vn -0.006148 -0.658009 0.752985
vn -0.087033 -0.702750 0.706093
vn -0.175291 -0.738231 0.651374
vn -0.205158 -0.746568 0.632887
vn -0.349298 -0.769156 0.535154
vn -0.265664 -0.757221 0.596690
vn -0.358454 -0.756425 0.547112
vn -0.405610 -0.747648 0.525835
vn -0.453053 -0.732743 0.507771
vn -0.500490 -0.711251 0.493591
vn -0.524086 -0.697852 0.488197
vn -0.547375 -0.682685 0.484068
vn -0.570192 -0.665756 0.481301
vn -0.005701 -0.658491 0.752567
vn -0.349298 -0.885047 0.307705
vn -0.547379 -0.792893 0.267763
vn -0.706056 -0.696040 0.130435
vn -0.570195 -0.780704 0.255694
vn -0.592445 -0.768615 0.241329
vn -0.707107 -0.702967 0.076400
vn -0.634801 -0.744869 0.205419
vn -0.673404 -0.721894 0.159365
vn -0.005701 -0.995891 0.090383
vn -0.087035 -0.984308 0.153504
vn -0.175294 -0.960894 0.214369
vn -0.205161 -0.950839 0.231979
vn -0.367263 -0.889046 0.273341
vn -0.265668 -0.927817 0.261872
vn -0.358459 -0.887240 0.290368
vn -0.405614 -0.864867 0.295773
vn -0.453057 -0.841492 0.294331
vn -0.500494 -0.817388 0.285278
vn -0.524090 -0.805148 0.277608
vn -0.006148 -0.995946 0.089747
vn -0.707107 -0.702970 0.076379
vn -0.707107 -0.702970 0.076379
vn -0.707107 -0.700110 0.099229
vn -0.707107 -0.700110 0.099229
vn -0.707107 -0.696507 0.121973
vn -0.707107 -0.696507 0.121973
vn -0.707107 -0.692166 0.144588
vn -0.707107 -0.692166 0.144588
vn -0.367263 -0.930000 0.014768
vn -0.592441 -0.805574 0.007985
vn -0.707107 -0.692171 0.144568
vn -0.634799 -0.771893 0.034799
vn -0.673402 -0.735811 0.071499
vn -0.706056 -0.702280 0.091037
vn -0.006148 -0.974934 0.222409
vn -0.087033 -0.983568 0.158175
vn -0.175291 -0.980109 0.093051
vn -0.205158 -0.975988 0.073195
vn -0.349298 -0.936816 -0.019150
vn -0.265664 -0.963330 0.037650
vn -0.358454 -0.933545 -0.001993
vn -0.405610 -0.913938 -0.014047
vn -0.453053 -0.891261 -0.019900
vn -0.500490 -0.865540 -0.018740
vn -0.524086 -0.851529 -0.015228
vn -0.547375 -0.836832 -0.009653
vn -0.570192 -0.821509 -0.001941
vn -0.005701 -0.975078 0.221788
vn -0.367263 -0.761066 -0.534693
vn -0.592443 -0.656419 -0.467039
vn -0.707107 -0.644905 -0.289995
vn -0.634803 -0.644938 -0.425536
vn -0.706052 -0.621621 -0.339231
vn -0.547382 -0.671347 -0.499666
vn -0.500489 -0.689221 -0.523912
vn -0.453055 -0.709350 -0.539966
vn -0.349297 -0.746644 -0.566140
vn -0.405612 -0.731137 -0.548560
vn -0.358456 -0.754084 -0.550333
vn -0.265666 -0.801481 -0.535770
vn -0.205159 -0.832615 -0.514454
vn -0.175292 -0.847620 -0.500812
vn -0.087034 -0.888696 -0.450160
vn -0.006148 -0.919467 -0.393119
vn -0.005701 -0.919219 -0.393707
vn -0.707107 -0.644961 -0.289871
vn -0.707107 -0.644961 -0.289871
vn -0.707107 -0.638246 -0.304371
vn -0.707107 -0.638246 -0.304371
vn -0.707107 -0.631205 -0.318717
vn -0.707107 -0.631205 -0.318717
vn -0.707107 -0.623841 -0.332899
vn -0.707107 -0.623841 -0.332899
vn -0.707107 -0.649004 -0.280703
vn -0.707107 -0.649004 -0.280703
vn -0.707107 -0.669808 -0.226622
vn -0.707107 -0.669808 -0.226622
vn -0.707107 -0.686114 -0.171020
vn -0.707107 -0.686114 -0.171020
vn -0.706165 -0.697678 -0.120732
vn -0.676547 -0.732597 -0.074737
vn -0.707107 -0.686120 -0.170994
vn -0.638819 -0.769234 -0.013755
vn -0.556943 -0.828794 0.053988
vn -0.595790 -0.802316 0.036372
vn -0.572792 -0.817676 0.057574
vn -0.549131 -0.832255 0.076201
vn -0.345400 -0.924621 0.160545
vn -0.500913 -0.859006 0.105807
vn -0.452176 -0.882940 0.126306
vn -0.364942 -0.922209 0.127855
vn -0.355354 -0.923569 0.144029
vn -0.307897 -0.940605 0.143045
vn -0.261294 -0.955545 0.136601
vn -0.215782 -0.968339 0.125529
vn -0.171295 -0.978985 0.110662
vn -0.113305 -0.989806 0.086290
vn -0.084735 -0.993754 0.072611
vn -0.006175 -0.999463 0.032185
vn -0.006702 -0.999480 0.031525
vn -0.005701 -0.393707 -0.919219
vn -0.087035 -0.450159 -0.888697
vn -0.267047 -0.550833 -0.790739
vn -0.175293 -0.500811 -0.847621
vn -0.205160 -0.514452 -0.832615
vn -0.283219 -0.525857 -0.802036
vn -0.265667 -0.535767 -0.801482
vn -0.358457 -0.550330 -0.754086
vn -0.405613 -0.548557 -0.731138
vn -0.453056 -0.539963 -0.709352
vn -0.509497 -0.503262 -0.697954
vn -0.500491 -0.523909 -0.689223
vn -0.547383 -0.499662 -0.671349
vn -0.706052 -0.339231 -0.621621
vn -0.592444 -0.467035 -0.656421
vn -0.634803 -0.425532 -0.644940
vn -0.707107 -0.289995 -0.644905
vn -0.006148 -0.393119 -0.919467
vn -0.707107 -0.289871 -0.644961
vn -0.707107 -0.289871 -0.644961
vn -0.707107 -0.304371 -0.638246
vn -0.707107 -0.304371 -0.638246
vn -0.707107 -0.318717 -0.631205
vn -0.707107 -0.318717 -0.631205
vn -0.707107 -0.332899 -0.623841
vn -0.707107 -0.332899 -0.623841
vn -0.707107 -0.280703 -0.649004
vn -0.707107 -0.280703 -0.649004
vn -0.707107 -0.226622 -0.669808
vn -0.707107 -0.226622 -0.669808
vn -0.707107 -0.171020 -0.686114
vn -0.707107 -0.171020 -0.686114
vn -0.556943 0.053988 -0.828794
vn -0.638817 -0.013744 -0.769236
vn -0.707107 -0.170994 -0.686120
vn -0.676546 -0.074725 -0.732600
vn -0.706165 -0.120732 -0.697678
vn -0.595787 0.036382 -0.802318
vn -0.572789 0.057585 -0.817678
vn -0.549127 0.076212 -0.832257
vn -0.345400 0.160545 -0.924621
vn -0.500909 0.105817 -0.859007
vn -0.452172 0.126315 -0.882941
vn -0.364942 0.127855 -0.922209
vn -0.355350 0.144036 -0.923569
vn -0.307892 0.143052 -0.940605
vn -0.261290 0.136607 -0.955545
vn -0.215779 0.125534 -0.968339
vn -0.171293 0.110665 -0.978985
vn -0.113303 0.086293 -0.989806
vn -0.084734 0.072613 -0.993754
vn -0.006175 0.032185 -0.999463
vn -0.006702 0.031525 -0.999480
vn -0.349298 -0.019150 -0.936816
vn -0.547384 -0.009623 -0.836826
vn -0.706052 0.090936 -0.702297
vn -0.592445 0.007998 -0.805571
vn -0.634804 0.034827 -0.771888
vn -0.707107 0.144455 -0.692194
vn -0.005701 0.221788 -0.975078
vn -0.087035 0.158177 -0.983567
vn -0.175294 0.093056 -0.980108
vn -0.205161 0.073200 -0.975987
vn -0.367263 0.014768 -0.930000
vn -0.265668 0.037656 -0.963329
vn -0.358459 -0.001984 -0.933544
vn -0.405614 -0.014038 -0.913936
vn -0.453057 -0.019890 -0.891259
vn -0.500492 -0.018733 -0.865539
vn -0.006148 0.222409 -0.974934
vn -0.707107 0.144588 -0.692166
vn -0.707107 0.144588 -0.692166
vn -0.707107 0.121973 -0.696507
vn -0.707107 0.121973 -0.696507
vn -0.707107 0.099229 -0.700110
vn -0.707107 0.099229 -0.700110
vn -0.707107 0.076379 -0.702970
vn -0.707107 0.076379 -0.702970
vn -0.367263 0.273341 -0.889046
vn -0.592442 0.241341 -0.768614
vn -0.707107 0.076515 -0.702955
vn -0.634802 0.205417 -0.744870
vn -0.706052 0.130536 -0.696025
vn -0.547381 0.267758 -0.792894
vn -0.500488 0.285294 -0.817386
vn -0.453053 0.294341 -0.841490
vn -0.349298 0.307705 -0.885047
vn -0.405610 0.295782 -0.864866
vn -0.358454 0.290376 -0.887239
vn -0.265664 0.261878 -0.927816
vn -0.205158 0.231985 -0.950838
vn -0.175291 0.214373 -0.960894
vn -0.087033 0.153506 -0.984307
vn -0.006148 0.089747 -0.995946
vn -0.005701 0.090383 -0.995891
vn -0.349298 0.535154 -0.769156
vn -0.547379 0.484076 -0.682676
vn -0.706056 0.486440 -0.514646
vn -0.570195 0.481310 -0.665747
vn -0.592445 0.479973 -0.647020
vn -0.707107 0.523806 -0.475003
vn -0.634801 0.481869 -0.604011
vn -0.673404 0.490352 -0.553247
vn -0.005701 0.752567 -0.658491
vn -0.087035 0.706094 -0.702749
vn -0.175294 0.651377 -0.738228
vn -0.205161 0.632891 -0.746564
vn -0.367263 0.558587 -0.743705
vn -0.265668 0.596695 -0.757216
vn -0.358459 0.547118 -0.756419
vn -0.405614 0.525842 -0.747641
vn -0.453057 0.507778 -0.732735
vn -0.500494 0.493599 -0.711243
vn -0.524090 0.488205 -0.697844
vn -0.006148 0.752985 -0.658009
vn -0.707107 0.523820 -0.474987
vn -0.707107 0.523820 -0.474987
vn -0.707107 0.508075 -0.491792
vn -0.707107 0.508075 -0.491792
vn -0.707107 0.491792 -0.508075
vn -0.707107 0.491792 -0.508075
vn -0.707107 0.474987 -0.523820
vn -0.707107 0.474987 -0.523820
vn -0.367263 0.743705 -0.558587
vn -0.592441 0.647030 -0.479965
vn -0.707107 0.475003 -0.523806
vn -0.634799 0.604021 -0.481860
vn -0.673402 0.553257 -0.490343
vn -0.706056 0.514646 -0.486440
vn -0.006148 0.658009 -0.752985
vn -0.087033 0.702750 -0.706093
vn -0.175291 0.738231 -0.651374
vn -0.205158 0.746568 -0.632887
vn -0.349298 0.769156 -0.535154
vn -0.265664 0.757221 -0.596690
vn -0.358454 0.756425 -0.547112
vn -0.405610 0.747648 -0.525835
vn -0.453053 0.732743 -0.507771
vn -0.500490 0.711251 -0.493591
vn -0.524086 0.697852 -0.488197
vn -0.547375 0.682685 -0.484068
vn -0.570192 0.665756 -0.481301
vn -0.005701 0.658491 -0.752567
vn -0.349298 0.885047 -0.307705
vn -0.547379 0.792893 -0.267763
vn -0.706056 0.696040 -0.130435
vn -0.570195 0.780704 -0.255694
vn -0.592445 0.768615 -0.241329
vn -0.707107 0.702967 -0.076400
vn -0.634801 0.744869 -0.205419
vn -0.673404 0.721894 -0.159365
vn -0.005701 0.995891 -0.090383
vn -0.087035 0.984308 -0.153504
vn -0.175294 0.960894 -0.214369
vn -0.205161 0.950839 -0.231979
vn -0.367263 0.889046 -0.273341
vn -0.265668 0.927817 -0.261872
vn -0.358459 0.887240 -0.290368
vn -0.405614 0.864867 -0.295773
vn -0.453057 0.841492 -0.294331
vn -0.500494 0.817388 -0.285278
vn -0.524090 0.805148 -0.277608
vn -0.006148 0.995946 -0.089747
vn -0.707107 0.702970 -0.076379
vn -0.707107 0.702970 -0.076379
vn -0.707107 0.700110 -0.099229
vn -0.707107 0.700110 -0.099229
vn -0.707107 0.696507 -0.121973
vn -0.707107 0.696507 -0.121973
vn -0.707107 0.692166 -0.144588
vn -0.707107 0.692166 -0.144588
vn -0.367263 0.930000 -0.014768
vn -0.592441 0.805574 -0.007985
vn -0.707107 0.692171 -0.144568
vn -0.634799 0.771893 -0.034799
vn -0.673402 0.735811 -0.071499
vn -0.706056 0.702280 -0.091037
vn -0.006148 0.974934 -0.222409
vn -0.087033 0.983568 -0.158175
vn -0.175291 0.980109 -0.093051
vn -0.205158 0.975988 -0.073195
vn -0.349298 0.936816 0.019150
vn -0.265664 0.963330 -0.037650
vn -0.358454 0.933545 0.001993
vn -0.405610 0.913938 0.014047
vn -0.453053 0.891261 0.019900
vn -0.500490 0.865540 0.018740
vn -0.524086 0.851529 0.015228
vn -0.547375 0.836832 0.009653
vn -0.570192 0.821509 0.001941
vn -0.005701 0.975078 -0.221788
vn 0.707107 0.332899 0.623841
vn 0.707107 0.332899 0.623841
vn 0.707107 0.272557 0.652467
vn 0.707107 0.272557 0.652467
vn 0.707107 0.209782 0.675271
vn 0.707107 0.209782 0.675271
vn 0.707107 0.145137 0.692052
vn 0.707107 0.145137 0.692052
vn 0.707107 0.079196 0.702658
vn 0.707107 0.079196 0.702658
vn 0.707107 0.012549 0.706995
vn 0.707107 0.012549 0.706995
vn 0.707107 -0.054210 0.705026
vn 0.707107 -0.054210 0.705026
vn 0.707107 -0.120486 0.696766
vn 0.707107 -0.120486 0.696766
vn 0.707107 -0.185686 0.682291
vn 0.707107 -0.185686 0.682291
vn 0.707107 -0.249230 0.661728
vn 0.707107 -0.249230 0.661728
vn 0.707107 -0.310551 0.635262
vn 0.707107 -0.310551 0.635262
vn 0.707107 -0.369100 0.603129
vn 0.707107 -0.369100 0.603129
vn 0.707107 -0.424358 0.565615
vn 0.707107 -0.424358 0.565615
vn 0.707107 -0.475829 0.523055
vn 0.707107 -0.475829 0.523055
vn 0.707107 -0.523055 0.475829
vn 0.707107 -0.523055 0.475829
vn 0.707107 -0.565615 0.424358
vn 0.707107 -0.565615 0.424358
vn 0.707107 -0.603129 0.369100
vn 0.707107 -0.603129 0.369100
vn 0.707107 -0.635262 0.310551
vn 0.707107 -0.635262 0.310551
vn 0.707107 -0.661728 0.249230
vn 0.707107 -0.661728 0.249230
vn 0.707107 -0.682291 0.185686
vn 0.707107 -0.682291 0.185686
vn 0.707107 -0.696766 0.120486
vn 0.707107 -0.696766 0.120486
vn 0.707107 -0.705026 0.054210
vn 0.707107 -0.705026 0.054210
vn 0.707107 -0.706995 -0.012549
vn 0.707107 -0.706995 -0.012549
vn 0.707107 -0.702658 -0.079196
vn 0.707107 -0.702658 -0.079196
vn 0.707107 -0.692052 -0.145137
vn 0.707107 -0.692052 -0.145137
vn 0.707107 -0.675271 -0.209782
vn 0.707107 -0.675271 -0.209782
vn 0.707107 -0.652467 -0.272557
vn 0.707107 -0.652467 -0.272557
vn 0.707107 -0.623841 -0.332899
vn 0.707107 -0.623841 -0.332899
vn 0.707107 -0.697975 -0.113272
vn 0.707107 -0.697975 -0.113272
vn 0.707107 -0.697102 0.118528
vn 0.707107 -0.697102 0.118528
vn 0.707107 -0.621315 0.337591
vn 0.707107 -0.621315 0.337591
vn 0.707107 0.113272 0.697975
vn 0.707107 0.113272 0.697975
vn 0.707107 -0.118528 0.697102
vn 0.707107 -0.118528 0.697102
vn 0.707107 -0.337591 0.621315
vn 0.707107 -0.337591 0.621315
vn 0.707107 -0.689975 0.154709
vn 0.707107 -0.701305 0.090398
vn 0.707107 -0.705976 -0.039981
vn 0.707107 -0.686614 -0.168999
vn 0.707107 -0.668096 -0.231619
vn 0.707107 -0.579228 -0.405580
vn 0.707107 -0.579228 -0.405580
vn 0.707107 -0.154709 0.689975
vn 0.707107 -0.090398 0.701305
vn 0.707107 0.039981 0.705976
vn 0.707107 0.168999 0.686614
vn 0.707107 0.231619 0.668096
vn 0.707107 -0.541675 -0.454519
vn 0.707107 -0.541675 -0.454519
vn 0.707107 -0.500000 -0.500000
vn 0.707107 -0.500000 -0.500000
vn 0.707107 -0.454519 -0.541675
vn 0.707107 -0.454519 -0.541675
vn 0.707107 -0.405580 -0.579228
vn 0.707107 -0.405580 -0.579228
vn 0.707107 -0.231619 -0.668096
vn 0.707107 -0.168999 -0.686614
vn 0.707107 -0.039981 -0.705976
vn 0.707107 0.090398 -0.701305
vn 0.707107 0.154709 -0.689975
vn 0.707107 0.337591 -0.621315
vn 0.707107 0.337591 -0.621315
vn 0.707107 0.668096 0.231619
vn 0.707107 0.686614 0.168999
vn 0.707107 0.705976 0.039981
vn 0.707107 0.701305 -0.090398
vn 0.707107 0.689975 -0.154709
vn 0.707107 0.621315 -0.337591
vn 0.707107 0.621315 -0.337591
vn 0.707107 0.118528 -0.697102
vn 0.707107 0.118528 -0.697102
vn 0.707107 -0.113272 -0.697975
vn 0.707107 -0.113272 -0.697975
vn 0.707107 -0.332899 -0.623841
vn 0.707107 -0.332899 -0.623841
vn 0.707107 0.697102 -0.118528
vn 0.707107 0.697102 -0.118528
vn 0.707107 0.697975 0.113272
vn 0.707107 0.697975 0.113272
vn 0.707107 0.623841 0.332899
vn 0.707107 0.623841 0.332899
vn 0.707107 -0.272557 -0.652467
vn 0.707107 -0.272557 -0.652467
vn 0.707107 -0.209782 -0.675271
vn 0.707107 -0.209782 -0.675271
vn 0.707107 -0.145137 -0.692052
vn 0.707107 -0.145137 -0.692052
vn 0.707107 -0.079196 -0.702658
vn 0.707107 -0.079196 -0.702658
vn 0.707107 -0.012549 -0.706995
vn 0.707107 -0.012549 -0.706995
vn 0.707107 0.054210 -0.705026
vn 0.707107 0.054210 -0.705026
vn 0.707107 0.120486 -0.696766
vn 0.707107 0.120486 -0.696766
vn 0.707107 0.185686 -0.682291
vn 0.707107 0.185686 -0.682291
vn 0.707107 0.249230 -0.661728
vn 0.707107 0.249230 -0.661728
vn 0.707107 0.310551 -0.635262
vn 0.707107 0.310551 -0.635262
vn 0.707107 0.369100 -0.603129
vn 0.707107 0.369100 -0.603129
vn 0.707107 0.424358 -0.565615
vn 0.707107 0.424358 -0.565615
vn 0.707107 0.475829 -0.523055
vn 0.707107 0.475829 -0.523055
vn 0.707107 0.523055 -0.475829
vn 0.707107 0.523055 -0.475829
vn 0.707107 0.565615 -0.424358
vn 0.707107 0.565615 -0.424358
vn 0.707107 0.603129 -0.369100
vn 0.707107 0.603129 -0.369100
vn 0.707107 0.635262 -0.310551
vn 0.707107 0.635262 -0.310551
vn 0.707107 0.661728 -0.249230
vn 0.707107 0.661728 -0.249230
vn 0.707107 0.682291 -0.185686
vn 0.707107 0.682291 -0.185686
vn 0.707107 0.696766 -0.120486
vn 0.707107 0.696766 -0.120486
vn 0.707107 0.705026 -0.054210
vn 0.707107 0.705026 -0.054210
vn 0.707107 0.706995 0.012549
vn 0.707107 0.706995 0.012549
vn 0.707107 0.702658 0.079196
vn 0.707107 0.702658 0.079196
vn 0.707107 0.692052 0.145137
vn 0.707107 0.692052 0.145137
vn 0.707107 0.675271 0.209782
vn 0.707107 0.675271 0.209782
vn 0.707107 0.652467 0.272557
vn 0.707107 0.652467 0.272557
usemtl Opaque(64,64,64)
f 10/1/1 1/2/2 9/3/3
f 9/3/3 1/2/2 2/4/4
f 9/3/3 2/4/4 8/5/5
f 8/5/5 2/4/4 3/6/6
f 8/5/5 3/6/6 7/7/7
f 7/7/7 3/6/6 4/8/8
f 7/7/7 4/8/8 6/9/9
f 6/9/9 4/8/8 5/10/10
f 33/11/11 11/12/12 34/13/13
f 34/13/13 11/12/12 12/14/14
f 34/13/13 12/14/14 36/15/15
f 36/15/15 12/14/14 13/16/16
f 36/15/15 13/16/16 38/17/17
f 38/17/17 13/16/16 14/18/18
f 38/17/17 14/18/18 40/19/19
f 40/19/19 14/18/18 15/20/20
f 40/19/19 15/20/20 42/21/21
f 42/21/21 15/20/20 16/22/22
f 42/21/21 16/22/22 44/23/23
f 44/23/23 16/22/22 17/24/24
f 44/23/23 17/24/24 46/25/25
f 46/25/25 17/24/24 18/26/26
f 46/25/25 18/26/26 48/27/27
f 48/27/27 18/26/26 19/28/28
f 48/27/27 19/28/28 21/29/29
f 21/29/29 19/28/28 20/30/30
f 21/29/29 22/31/31 48/27/27
f 48/27/27 22/31/31 49/32/32
f 48/27/27 49/32/32 46/25/25
f 46/25/25 49/32/32 47/33/33
f 46/25/25 47/33/33 44/23/23
f 44/23/23 47/33/33 45/34/34
f 44/23/23 45/34/34 42/21/21
f 42/21/21 45/34/34 43/35/35
f 42/21/21 43/35/35 40/19/19
f 40/19/19 43/35/35 41/36/36
f 40/19/19 41/36/36 38/17/17
f 38/17/17 41/36/36 39/37/37
f 38/17/17 39/37/37 36/15/15
f 36/15/15 39/37/37 37/38/38
f 36/15/15 37/38/38 34/13/13
f 34/13/13 37/38/38 35/39/39
f 34/13/13 35/39/39 33/11/11
f 33/11/11 35/39/39 32/40/40
f 32/40/40 35/39/39 31/41/41
f 31/41/41 35/39/39 30/42/42
f 30/42/42 35/39/39 37/38/38
f 30/42/42 37/38/38 29/43/43
f 29/43/43 37/38/38 39/37/37
f 29/43/43 39/37/37 28/44/44
f 28/44/44 39/37/37 41/36/36
f 28/44/44 41/36/36 27/45/45
f 27/45/45 41/36/36 43/35/35
f 27/45/45 43/35/35 26/46/46
f 26/46/46 43/35/35 45/34/34
f 26/46/46 45/34/34 25/47/47
f 25/47/47 45/34/34 47/33/33
f 25/47/47 47/33/33 24/48/48
f 24/48/48 47/33/33 49/32/32
f 24/48/48 49/32/32 23/49/49
f 23/49/49 49/32/32 22/31/31
f 31/50/41 50/51/50 32/52/40
f 32/52/40 50/51/50 58/53/51
f 32/52/40 58/53/51 59/54/52
f 59/54/52 58/53/51 61/55/53
f 59/54/52 61/55/53 56/56/54
f 56/56/54 61/55/53 55/57/55
f 55/57/55 61/55/53 62/58/56
f 55/57/55 62/58/56 54/59/57
f 54/59/57 62/58/56 53/60/58
f 53/60/58 62/58/56 60/61/59
f 53/60/58 60/61/59 52/62/60
f 52/62/60 60/61/59 51/63/61
f 51/63/61 60/61/59 58/53/51
f 51/63/61 58/53/51 50/51/50
f 56/56/54 57/64/62 59/54/52
f 59/54/52 57/64/62 33/65/11
f 59/54/52 33/65/11 32/52/40
f 57/64/62 11/66/12 33/65/11
f 62/58/56 61/55/53 60/61/59
f 60/61/59 61/55/53 58/53/51
f 85/67/63 63/68/64 86/69/65
f 86/69/65 63/68/64 64/70/66
f 86/69/65 64/70/66 88/71/67
f 88/71/67 64/70/66 65/72/68
f 88/71/67 65/72/68 90/73/69
f 90/73/69 65/72/68 66/74/70
f 90/73/69 66/74/70 92/75/71
f 92/75/71 66/74/70 67/76/72
f 92/75/71 67/76/72 94/77/73
f 94/77/73 67/76/72 68/78/74
f 94/77/73 68/78/74 96/79/75
f 96/79/75 68/78/74 69/80/76
f 96/79/75 69/80/76 98/81/77
f 98/81/77 69/80/76 70/82/78
f 98/81/77 70/82/78 100/83/79
f 100/83/79 70/82/78 71/84/80
f 100/83/79 71/84/80 73/85/81
f 73/85/81 71/84/80 72/86/82
f 73/85/81 74/87/83 100/83/79
f 100/83/79 74/87/83 101/88/84
f 100/83/79 101/88/84 98/81/77
f 98/81/77 101/88/84 99/89/85
f 98/81/77 99/89/85 96/79/75
f 96/79/75 99/89/85 97/90/86
f 96/79/75 97/90/86 94/77/73
f 94/77/73 97/90/86 95/91/87
f 94/77/73 95/91/87 92/75/71
f 92/75/71 95/91/87 93/92/88
f 92/75/71 93/92/88 90/73/69
f 90/73/69 93/92/88 91/93/89
f 90/73/69 91/93/89 88/71/67
f 88/71/67 91/93/89 89/94/90
f 88/71/67 89/94/90 86/69/65
f 86/69/65 89/94/90 87/95/91
f 86/69/65 87/95/91 85/67/63
f 85/67/63 87/95/91 84/96/92
f 84/96/92 87/95/91 83/97/93
f 83/97/93 87/95/91 82/98/94
f 82/98/94 87/95/91 89/94/90
f 82/98/94 89/94/90 81/99/95
f 81/99/95 89/94/90 91/93/89
f 81/99/95 91/93/89 80/100/96
f 80/100/96 91/93/89 93/92/88
f 80/100/96 93/92/88 79/101/97
f 79/101/97 93/92/88 95/91/87
f 79/101/97 95/91/87 78/102/98
f 78/102/98 95/91/87 97/90/86
f 78/102/98 97/90/86 77/103/99
f 77/103/99 97/90/86 99/89/85
f 77/103/99 99/89/85 76/104/100
f 76/104/100 99/89/85 101/88/84
f 76/104/100 101/88/84 75/105/101
f 75/105/101 101/88/84 74/87/83
f 102/106/102 103/107/103 126/108/104
f 126/108/104 103/107/103 127/109/105
f 126/108/104 127/109/105 128/110/106
f 128/110/106 127/109/105 130/111/107
f 128/110/106 130/111/107 122/112/108
f 122/112/108 130/111/107 121/113/109
f 121/113/109 130/111/107 132/114/110
f 121/113/109 132/114/110 120/115/111
f 120/115/111 132/114/110 134/116/112
f 120/115/111 134/116/112 119/117/113
f 119/117/113 134/116/112 136/118/114
f 119/117/113 136/118/114 118/119/115
f 118/119/115 136/118/114 138/120/116
f 118/119/115 138/120/116 117/121/117
f 117/121/117 138/120/116 140/122/118
f 117/121/117 140/122/118 116/123/119
f 116/123/119 140/122/118 142/124/120
f 116/123/119 142/124/120 115/125/121
f 115/125/121 142/124/120 114/126/122
f 114/126/122 142/124/120 141/127/123
f 114/126/122 141/127/123 113/128/124
f 113/128/124 141/127/123 111/129/125
f 113/128/124 111/129/125 112/130/126
f 103/107/103 104/131/127 127/109/105
f 127/109/105 104/131/127 129/132/128
f 127/109/105 129/132/128 130/111/107
f 130/111/107 129/132/128 132/114/110
f 104/131/127 105/133/129 129/132/128
f 129/132/128 105/133/129 131/134/130
f 129/132/128 131/134/130 132/114/110
f 132/114/110 131/134/130 134/116/112
f 105/133/129 106/135/131 131/134/130
f 131/134/130 106/135/131 133/136/132
f 131/134/130 133/136/132 134/116/112
f 134/116/112 133/136/132 136/118/114
f 106/135/131 107/137/133 133/136/132
f 133/136/132 107/137/133 135/138/134
f 133/136/132 135/138/134 136/118/114
f 136/118/114 135/138/134 138/120/116
f 107/137/133 108/139/135 135/138/134
f 135/138/134 108/139/135 137/140/136
f 135/138/134 137/140/136 138/120/116
f 138/120/116 137/140/136 140/122/118
f 108/139/135 109/141/137 137/140/136
f 137/140/136 109/141/137 139/142/138
f 137/140/136 139/142/138 140/122/118
f 140/122/118 139/142/138 142/124/120
f 109/141/137 110/143/139 139/142/138
f 139/142/138 110/143/139 141/127/123
f 139/142/138 141/127/123 142/124/120
f 110/143/139 111/129/125 141/127/123
f 122/112/108 123/144/140 128/110/106
f 128/110/106 123/144/140 125/145/141
f 128/110/106 125/145/141 126/108/104
f 123/144/140 124/146/142 125/145/141
f 143/147/143 144/148/144 167/149/145
f 167/149/145 144/148/144 168/150/146
f 167/149/145 168/150/146 169/151/147
f 169/151/147 168/150/146 171/152/148
f 169/151/147 171/152/148 163/153/149
f 163/153/149 171/152/148 162/154/150
f 162/154/150 171/152/148 173/155/151
f 162/154/150 173/155/151 161/156/152
f 161/156/152 173/155/151 175/157/153
f 161/156/152 175/157/153 160/158/154
f 160/158/154 175/157/153 177/159/155
f 160/158/154 177/159/155 159/160/156
f 159/160/156 177/159/155 179/161/157
f 159/160/156 179/161/157 158/162/158
f 158/162/158 179/161/157 181/163/159
f 158/162/158 181/163/159 157/164/160
f 157/164/160 181/163/159 183/165/161
f 157/164/160 183/165/161 156/166/162
f 156/166/162 183/165/161 155/167/163
f 155/167/163 183/165/161 182/168/164
f 155/167/163 182/168/164 154/169/165
f 154/169/165 182/168/164 152/170/166
f 154/169/165 152/170/166 153/171/167
f 144/148/144 145/172/168 168/150/146
f 168/150/146 145/172/168 170/173/169
f 168/150/146 170/173/169 171/152/148
f 171/152/148 170/173/169 173/155/151
f 145/172/168 146/174/170 170/173/169
f 170/173/169 146/174/170 172/175/171
f 170/173/169 172/175/171 173/155/151
f 173/155/151 172/175/171 175/157/153
f 146/174/170 147/176/172 172/175/171
f 172/175/171 147/176/172 174/177/173
f 172/175/171 174/177/173 175/157/153
f 175/157/153 174/177/173 177/159/155
f 147/176/172 148/178/174 174/177/173
f 174/177/173 148/178/174 176/179/175
f 174/177/173 176/179/175 177/159/155
f 177/159/155 176/179/175 179/161/157
f 148/178/174 149/180/176 176/179/175
f 176/179/175 149/180/176 178/181/177
f 176/179/175 178/181/177 179/161/157
f 179/161/157 178/181/177 181/163/159
f 149/180/176 150/182/178 178/181/177
f 178/181/177 150/182/178 180/183/179
f 178/181/177 180/183/179 181/163/159
f 181/163/159 180/183/179 183/165/161
f 150/182/178 151/184/180 180/183/179
f 180/183/179 151/184/180 182/168/164
f 180/183/179 182/168/164 183/165/161
f 151/184/180 152/170/166 182/168/164
f 163/153/149 164/185/181 169/151/147
f 169/151/147 164/185/181 166/186/182
f 169/151/147 166/186/182 167/149/145
f 164/185/181 165/187/183 166/186/182
f 206/188/184 184/189/185 207/190/186
f 207/190/186 184/189/185 185/191/187
f 207/190/186 185/191/187 209/192/188
f 209/192/188 185/191/187 186/193/189
f 209/192/188 186/193/189 211/194/190
f 211/194/190 186/193/189 187/195/191
f 211/194/190 187/195/191 213/196/192
f 213/196/192 187/195/191 188/197/193
f 213/196/192 188/197/193 215/198/194
f 215/198/194 188/197/193 189/199/195
f 215/198/194 189/199/195 217/200/196
f 217/200/196 189/199/195 190/201/197
f 217/200/196 190/201/197 219/202/198
f 219/202/198 190/201/197 191/203/199
f 219/202/198 191/203/199 221/204/200
f 221/204/200 191/203/199 192/205/201
f 221/204/200 192/205/201 194/206/202
f 194/206/202 192/205/201 193/207/203
f 194/206/202 195/208/204 221/204/200
f 221/204/200 195/208/204 222/209/205
f 221/204/200 222/209/205 219/202/198
f 219/202/198 222/209/205 220/210/206
f 219/202/198 220/210/206 217/200/196
f 217/200/196 220/210/206 218/211/207
f 217/200/196 218/211/207 215/198/194
f 215/198/194 218/211/207 216/212/208
f 215/198/194 216/212/208 213/196/192
f 213/196/192 216/212/208 214/213/209
f 213/196/192 214/213/209 211/194/190
f 211/194/190 214/213/209 212/214/210
f 211/194/190 212/214/210 209/192/188
f 209/192/188 212/214/210 210/215/211
f 209/192/188 210/215/211 207/190/186
f 207/190/186 210/215/211 208/216/212
f 207/190/186 208/216/212 206/188/184
f 206/188/184 208/216/212 205/217/213
f 205/217/213 208/216/212 204/218/214
f 204/218/214 208/216/212 203/219/215
f 203/219/215 208/216/212 210/215/211
f 203/219/215 210/215/211 202/220/216
f 202/220/216 210/215/211 212/214/210
f 202/220/216 212/214/210 201/221/217
f 201/221/217 212/214/210 214/213/209
f 201/221/217 214/213/209 200/222/218
f 200/222/218 214/213/209 216/212/208
f 200/222/218 216/212/208 199/223/219
f 199/223/219 216/212/208 218/211/207
f 199/223/219 218/211/207 198/224/220
f 198/224/220 218/211/207 220/210/206
f 198/224/220 220/210/206 197/225/221
f 197/225/221 220/210/206 222/209/205
f 197/225/221 222/209/205 196/226/222
f 196/226/222 222/209/205 195/208/204
f 245/227/223 223/228/224 246/229/225
f 246/229/225 223/228/224 224/230/226
f 246/229/225 224/230/226 248/231/227
f 248/231/227 224/230/226 225/232/228
f 248/231/227 225/232/228 250/233/229
f 250/233/229 225/232/228 226/234/230
f 250/233/229 226/234/230 252/235/231
f 252/235/231 226/234/230 227/236/232
f 252/235/231 227/236/232 254/237/233
f 254/237/233 227/236/232 228/238/234
f 254/237/233 228/238/234 256/239/235
f 256/239/235 228/238/234 229/240/236
f 256/239/235 229/240/236 258/241/237
f 258/241/237 229/240/236 230/242/238
f 258/241/237 230/242/238 260/243/239
f 260/243/239 230/242/238 231/244/240
f 260/243/239 231/244/240 233/245/241
f 233/245/241 231/244/240 232/246/242
f 233/245/241 234/247/243 260/243/239
f 260/243/239 234/247/243 261/248/244
f 260/243/239 261/248/244 258/241/237
f 258/241/237 261/248/244 259/249/245
f 258/241/237 259/249/245 256/239/235
f 256/239/235 259/249/245 257/250/246
f 256/239/235 257/250/246 254/237/233
f 254/237/233 257/250/246 255/251/247
f 254/237/233 255/251/247 252/235/231
f 252/235/231 255/251/247 253/252/248
f 252/235/231 253/252/248 250/233/229
f 250/233/229 253/252/248 251/253/249
f 250/233/229 251/253/249 248/231/227
f 248/231/227 251/253/249 249/254/250
f 248/231/227 249/254/250 246/229/225
f 246/229/225 249/254/250 247/255/251
f 246/229/225 247/255/251 245/227/223
f 245/227/223 247/255/251 244/256/252
f 244/256/252 247/255/251 243/257/253
f 243/257/253 247/255/251 242/258/254
f 242/258/254 247/255/251 249/254/250
f 242/258/254 249/254/250 241/259/255
f 241/259/255 249/254/250 251/253/249
f 241/259/255 251/253/249 240/260/256
f 240/260/256 251/253/249 253/252/248
f 240/260/256 253/252/248 239/261/257
f 239/261/257 253/252/248 255/251/247
f 239/261/257 255/251/247 238/262/258
f 238/262/258 255/251/247 257/250/246
f 238/262/258 257/250/246 237/263/259
f 237/263/259 257/250/246 259/249/245
f 237/263/259 259/249/245 236/264/260
f 236/264/260 259/249/245 261/248/244
f 236/264/260 261/248/244 235/265/261
f 235/265/261 261/248/244 234/247/243
f 269/266/262 262/267/263 270/268/264
f 270/268/264 262/267/263 263/269/265
f 270/268/264 263/269/265 273/270/266
f 273/270/266 263/269/265 264/271/267
f 273/270/266 264/271/267 234/272/243
f 234/272/243 264/271/267 235/273/261
f 234/272/243 233/274/241 273/270/266
f 273/270/266 233/274/241 274/275/268
f 273/270/266 274/275/268 270/268/264
f 270/268/264 274/275/268 271/276/269
f 270/268/264 271/276/269 269/266/262
f 269/266/262 271/276/269 272/277/270
f 269/266/262 272/277/270 268/278/271
f 268/278/271 272/277/270 267/279/272
f 267/279/272 272/277/270 266/280/273
f 266/280/273 272/277/270 271/276/269
f 266/280/273 271/276/269 265/281/274
f 265/281/274 271/276/269 274/275/268
f 265/281/274 274/275/268 232/282/242
f 232/282/242 274/275/268 233/274/241
f 286/283/275 275/284/276 287/285/277
f 287/285/277 275/284/276 276/286/278
f 287/285/277 276/286/278 290/287/279
f 290/287/279 276/286/278 277/288/280
f 290/287/279 277/288/280 279/289/281
f 279/289/281 277/288/280 278/290/282
f 279/289/281 280/291/283 290/287/279
f 290/287/279 280/291/283 291/292/284
f 290/287/279 291/292/284 287/285/277
f 287/285/277 291/292/284 288/293/285
f 287/285/277 288/293/285 286/283/275
f 286/283/275 288/293/285 289/294/286
f 286/283/275 289/294/286 285/295/287
f 285/295/287 289/294/286 284/296/288
f 284/296/288 289/294/286 283/297/289
f 283/297/289 289/294/286 288/293/285
f 283/297/289 288/293/285 282/298/290
f 282/298/290 288/293/285 291/292/284
f 282/298/290 291/292/284 281/299/291
f 281/299/291 291/292/284 280/291/283
f 292/300/292 293/301/293 303/302/294
f 303/302/294 293/301/293 304/303/295
f 303/302/294 304/303/295 302/304/296
f 302/304/296 304/303/295 306/305/297
f 302/304/296 306/305/297 301/306/298
f 301/306/298 306/305/297 308/307/299
f 301/306/298 308/307/299 300/308/300
f 300/308/300 308/307/299 299/309/301
f 299/309/301 308/307/299 307/310/302
f 299/309/301 307/310/302 298/311/303
f 298/311/303 307/310/302 296/312/304
f 298/311/303 296/312/304 297/313/305
f 304/303/295 293/301/293 305/314/306
f 305/314/306 293/301/293 294/315/307
f 305/314/306 294/315/307 295/316/308
f 305/314/306 295/316/308 307/310/302
f 307/310/302 295/316/308 296/312/304
f 308/307/299 306/305/297 305/314/306
f 305/314/306 306/305/297 304/303/295
f 307/310/302 308/307/299 305/314/306
f 320/317/309 309/318/310 322/319/311
f 322/319/311 309/318/310 310/320/312
f 322/319/311 310/320/312 323/321/313
f 323/321/313 310/320/312 311/322/314
f 323/321/313 311/322/314 312/323/315
f 323/321/313 312/323/315 321/324/316
f 321/324/316 312/323/315 313/325/317
f 321/324/316 313/325/317 324/326/318
f 324/326/318 313/325/317 314/327/319
f 324/326/318 314/327/319 316/328/320
f 316/328/320 314/327/319 315/329/321
f 316/328/320 317/330/322 324/326/318
f 324/326/318 317/330/322 325/331/323
f 324/326/318 325/331/323 321/324/316
f 321/324/316 325/331/323 322/319/311
f 321/324/316 322/319/311 323/321/313
f 318/332/324 319/333/325 317/330/322
f 317/330/322 319/333/325 325/331/323
f 319/333/325 320/317/309 325/331/323
f 325/331/323 320/317/309 322/319/311
f 326/334/326 327/335/327 337/336/328
f 337/336/328 327/335/327 338/337/329
f 337/336/328 338/337/329 339/338/330
f 339/338/330 338/337/329 341/339/331
f 339/338/330 341/339/331 333/340/332
f 333/340/332 341/339/331 332/341/333
f 332/341/333 341/339/331 342/342/334
f 332/341/333 342/342/334 331/343/335
f 331/343/335 342/342/334 330/344/336
f 330/344/336 342/342/334 340/345/337
f 330/344/336 340/345/337 329/346/338
f 329/346/338 340/345/337 328/347/339
f 328/347/339 340/345/337 338/337/329
f 328/347/339 338/337/329 327/335/327
f 333/340/332 334/348/340 339/338/330
f 339/338/330 334/348/340 336/349/341
f 339/338/330 336/349/341 337/336/328
f 334/348/340 335/350/342 336/349/341
f 342/342/334 341/339/331 340/345/337
f 340/345/337 341/339/331 338/337/329
f 352/351/343 343/352/344 351/353/345
f 351/353/345 343/352/344 344/354/346
f 351/353/345 344/354/346 350/355/347
f 350/355/347 344/354/346 345/356/348
f 350/355/347 345/356/348 349/357/349
f 349/357/349 345/356/348 346/358/350
f 349/357/349 346/358/350 348/359/351
f 348/359/351 346/358/350 347/360/352
f 343/361/344 352/362/343 371/363/353
f 371/363/353 352/362/343 353/364/354
f 371/363/353 353/364/354 370/365/355
f 370/365/355 353/364/354 354/366/356
f 370/365/355 354/366/356 369/367/357
f 369/367/357 354/366/356 355/368/358
f 369/367/357 355/368/358 368/369/359
f 368/369/359 355/368/358 356/370/360
f 368/369/359 356/370/360 367/371/361
f 367/371/361 356/370/360 357/372/362
f 367/371/361 357/372/362 366/373/363
f 366/373/363 357/372/362 358/374/364
f 366/373/363 358/374/364 365/375/365
f 365/375/365 358/374/364 359/376/366
f 365/375/365 359/376/366 364/377/367
f 364/377/367 359/376/366 360/378/368
f 364/377/367 360/378/368 363/379/369
f 363/379/369 360/378/368 361/380/370
f 363/379/369 361/380/370 362/381/371
f 381/382/372 372/383/373 380/384/374
f 380/384/374 372/383/373 373/385/375
f 380/384/374 373/385/375 379/386/376
f 379/386/376 373/385/375 374/387/377
f 379/386/376 374/387/377 378/388/378
f 378/388/378 374/387/377 375/389/379
f 378/388/378 375/389/379 377/390/380
f 377/390/380 375/389/379 376/391/381
f 372/392/373 381/393/372 400/394/382
f 400/394/382 381/393/372 382/395/383
f 400/394/382 382/395/383 399/396/384
f 399/396/384 382/395/383 383/397/385
f 399/396/384 383/397/385 398/398/386
f 398/398/386 383/397/385 384/399/387
f 398/398/386 384/399/387 397/400/388
f 397/400/388 384/399/387 385/401/389
f 397/400/388 385/401/389 396/402/390
f 396/402/390 385/401/389 386/403/391
f 396/402/390 386/403/391 395/404/392
f 395/404/392 386/403/391 387/405/393
f 395/404/392 387/405/393 394/406/394
f 394/406/394 387/405/393 388/407/395
f 394/406/394 388/407/395 393/408/396
f 393/408/396 388/407/395 389/409/397
f 393/408/396 389/409/397 392/410/398
f 392/410/398 389/409/397 390/411/399
f 392/410/398 390/411/399 391/412/400
f 410/413/401 401/414/402 409/415/403
f 409/415/403 401/414/402 402/416/404
f 409/415/403 402/416/404 408/417/405
f 408/417/405 402/416/404 403/418/406
f 408/417/405 403/418/406 407/419/407
f 407/419/407 403/418/406 404/420/408
f 407/419/407 404/420/408 406/421/409
f 406/421/409 404/420/408 405/422/410
f 401/423/402 410/424/401 431/425/411
f 431/425/411 410/424/401 411/426/412
f 431/425/411 411/426/412 430/427/413
f 430/427/413 411/426/412 412/428/414
f 430/427/413 412/428/414 429/429/415
f 429/429/415 412/428/414 413/430/416
f 429/429/415 413/430/416 428/431/417
f 428/431/417 413/430/416 414/432/418
f 428/431/417 414/432/418 427/433/419
f 427/433/419 414/432/418 415/434/420
f 427/433/419 415/434/420 426/435/421
f 426/435/421 415/434/420 416/436/422
f 426/435/421 416/436/422 425/437/423
f 425/437/423 416/436/422 417/438/424
f 425/437/423 417/438/424 424/439/425
f 424/439/425 417/438/424 418/440/426
f 424/439/425 418/440/426 423/441/427
f 423/441/427 418/440/426 419/442/428
f 423/441/427 419/442/428 422/443/429
f 422/443/429 419/442/428 420/444/430
f 422/443/429 420/444/430 421/445/431
f 441/446/432 432/447/433 440/448/434
f 440/448/434 432/447/433 433/449/435
f 440/448/434 433/449/435 439/450/436
f 439/450/436 433/449/435 434/451/437
f 439/450/436 434/451/437 438/452/438
f 438/452/438 434/451/437 435/453/439
f 438/452/438 435/453/439 437/454/440
f 437/454/440 435/453/439 436/455/441
f 460/456/442 442/457/443 459/458/444
f 459/458/444 442/457/443 443/459/445
f 459/458/444 443/459/445 458/460/446
f 458/460/446 443/459/445 444/461/447
f 458/460/446 444/461/447 457/462/448
f 457/462/448 444/461/447 445/463/449
f 457/462/448 445/463/449 456/464/450
f 456/464/450 445/463/449 446/465/451
f 456/464/450 446/465/451 455/466/452
f 455/466/452 446/465/451 447/467/453
f 455/466/452 447/467/453 454/468/454
f 454/468/454 447/467/453 448/469/455
f 454/468/454 448/469/455 453/470/456
f 453/470/456 448/469/455 449/471/457
f 453/470/456 449/471/457 452/472/458
f 452/472/458 449/471/457 450/473/459
f 452/472/458 450/473/459 451/474/460
f 451/474/460 450/473/459 437/475/440
f 451/474/460 437/475/440 436/476/441
f 470/477/461 461/478/462 469/479/463
f 469/479/463 461/478/462 462/480/464
f 469/479/463 462/480/464 468/481/465
f 468/481/465 462/480/464 463/482/466
f 468/481/465 463/482/466 467/483/467
f 467/483/467 463/482/466 464/484/468
f 467/483/467 464/484/468 466/485/469
f 466/485/469 464/484/468 465/486/470
f 480/487/471 471/488/472 479/489/473
f 479/489/473 471/488/472 472/490/474
f 479/489/473 472/490/474 478/491/475
f 478/491/475 472/490/474 473/492/476
f 478/491/475 473/492/476 477/493/477
f 477/493/477 473/492/476 474/494/478
f 477/493/477 474/494/478 476/495/479
f 476/495/479 474/494/478 475/496/480
f 499/497/481 481/498/482 498/499/483
f 498/499/483 481/498/482 482/500/484
f 498/499/483 482/500/484 497/501/485
f 497/501/485 482/500/484 483/502/486
f 497/501/485 483/502/486 496/503/487
f 496/503/487 483/502/486 484/504/488
f 496/503/487 484/504/488 495/505/489
f 495/505/489 484/504/488 485/506/490
f 495/505/489 485/506/490 494/507/491
f 494/507/491 485/506/490 486/508/492
f 494/507/491 486/508/492 493/509/493
f 493/509/493 486/508/492 487/510/494
f 493/509/493 487/510/494 492/511/495
f 492/511/495 487/510/494 488/512/496
f 492/511/495 488/512/496 491/513/497
f 491/513/497 488/512/496 489/514/498
f 491/513/497 489/514/498 490/515/499
f 490/515/499 489/514/498 476/516/479
f 490/515/499 476/516/479 475/517/500
f 522/518/501 500/519/502 521/520/503
f 521/520/503 500/519/502 501/521/504
f 521/520/503 501/521/504 520/522/505
f 520/522/505 501/521/504 502/523/506
f 520/522/505 502/523/506 519/524/507
f 519/524/507 502/523/506 503/525/508
f 519/524/507 503/525/508 518/526/509
f 518/526/509 503/525/508 504/527/510
f 518/526/509 504/527/510 517/528/511
f 517/528/511 504/527/510 505/529/512
f 517/528/511 505/529/512 516/530/513
f 516/530/513 505/529/512 506/531/514
f 516/530/513 506/531/514 515/532/515
f 515/532/515 506/531/514 507/533/516
f 515/532/515 507/533/516 514/534/517
f 514/534/517 507/533/516 508/535/518
f 514/534/517 508/535/518 513/536/519
f 513/536/519 508/535/518 509/537/520
f 513/536/519 509/537/520 512/538/521
f 512/538/521 509/537/520 510/539/522
f 512/538/521 510/539/522 511/540/523
f 530/541/524 523/542/525 529/543/526
f 529/543/526 523/542/525 524/544/527
f 529/543/526 524/544/527 528/545/528
f 528/545/528 524/544/527 525/546/529
f 528/545/528 525/546/529 527/547/530
f 527/547/530 525/546/529 526/548/531
f 527/547/530 526/548/531 510/549/522
f 510/549/522 526/548/531 511/550/523
f 232/551/242 352/552/532 265/553/274
f 265/553/274 352/552/532 351/554/533
f 265/553/274 351/554/533 266/555/273
f 266/555/273 351/554/533 350/556/534
f 266/555/273 350/556/534 267/557/272
f 267/557/272 350/556/534 349/558/535
f 267/557/272 349/558/535 268/559/271
f 268/559/271 349/558/535 348/560/536
f 281/561/291 381/562/537 282/563/290
f 282/563/290 381/562/537 380/564/538
f 282/563/290 380/564/538 283/565/289
f 283/565/289 380/564/538 379/566/539
f 283/565/289 379/566/539 284/567/288
f 284/567/288 379/566/539 378/568/540
f 284/567/288 378/568/540 285/569/287
f 285/569/287 378/568/540 377/570/541
f 300/571/300 410/572/542 301/573/298
f 301/573/298 410/572/542 409/574/543
f 301/573/298 409/574/543 302/575/296
f 302/575/296 409/574/543 408/576/544
f 302/575/296 408/576/544 303/577/294
f 303/577/294 408/576/544 407/578/545
f 303/577/294 407/578/545 292/579/292
f 292/579/292 407/578/545 406/580/546
f 539/581/547 143/582/143 538/583/548
f 538/583/548 143/582/143 531/584/549
f 538/583/548 531/584/549 537/585/550
f 537/585/550 531/584/549 532/586/551
f 537/585/550 532/586/551 536/587/552
f 536/587/552 532/586/551 533/588/553
f 536/587/552 533/588/553 535/589/554
f 535/589/554 533/588/553 534/590/555
f 548/591/556 184/592/185 547/593/557
f 547/593/557 184/592/185 540/594/558
f 547/593/557 540/594/558 546/595/559
f 546/595/559 540/594/558 541/596/560
f 546/595/559 541/596/560 545/597/561
f 545/597/561 541/596/560 542/598/562
f 545/597/561 542/598/562 544/599/563
f 544/599/563 542/598/562 543/600/564
f 361/601/565 223/602/224 556/603/566
f 556/603/566 223/602/224 549/604/567
f 556/603/566 549/604/567 555/605/568
f 555/605/568 549/604/567 550/606/569
f 555/605/568 550/606/569 554/607/570
f 554/607/570 550/606/569 551/608/571
f 554/607/570 551/608/571 553/609/572
f 553/609/572 551/608/571 552/610/573
f 558/611/574 580/612/575 557/613/576
f 557/613/576 580/612/575 569/614/577
f 557/613/576 569/614/577 568/615/578
f 568/615/578 569/614/577 570/616/579
f 568/615/578 570/616/579 567/617/580
f 567/617/580 570/616/579 571/618/581
f 567/617/580 571/618/581 566/619/582
f 566/619/582 571/618/581 572/620/583
f 566/619/582 572/620/583 565/621/584
f 565/621/584 572/620/583 573/622/585
f 565/621/584 573/622/585 564/623/586
f 564/623/586 573/622/585 574/624/587
f 564/623/586 574/624/587 563/625/588
f 563/625/588 574/624/587 575/626/589
f 563/627/588 575/628/589 562/629/590
f 562/629/590 575/628/589 576/630/591
f 562/629/590 576/630/591 561/631/592
f 561/631/592 576/630/591 577/632/593
f 561/631/592 577/632/593 560/633/594
f 560/633/594 577/632/593 578/634/595
f 560/633/594 578/634/595 559/635/596
f 559/635/596 578/634/595 579/636/597
f 559/635/596 579/636/597 558/611/574
f 558/611/574 579/636/597 580/612/575
f 582/637/598 604/638/599 581/639/600
f 581/639/600 604/638/599 593/640/601
f 581/639/600 593/640/601 592/641/602
f 592/641/602 593/640/601 594/642/603
f 592/641/602 594/642/603 591/643/604
f 591/643/604 594/642/603 595/644/605
f 591/643/604 595/644/605 590/645/606
f 590/645/606 595/644/605 596/646/607
f 590/645/606 596/646/607 589/647/608
f 589/647/608 596/646/607 597/648/609
f 589/647/608 597/648/609 588/649/610
f 588/649/610 597/648/609 598/650/611
f 588/649/610 598/650/611 587/651/612
f 587/651/612 598/650/611 599/652/613
f 587/653/612 599/654/613 586/655/614
f 586/655/614 599/654/613 600/656/615
f 586/655/614 600/656/615 585/657/616
f 585/657/616 600/656/615 601/658/617
f 585/657/616 601/658/617 584/659/618
f 584/659/618 601/658/617 602/660/619
f 584/659/618 602/660/619 583/661/620
f 583/661/620 602/660/619 603/662/621
f 583/661/620 603/662/621 582/637/598
f 582/637/598 603/662/621 604/638/599
f 606/663/622 628/664/623 605/665/624
f 605/665/624 628/664/623 617/666/625
f 605/665/624 617/666/625 616/667/626
f 616/667/626 617/666/625 618/668/627
f 616/667/626 618/668/627 615/669/628
f 615/669/628 618/668/627 619/670/629
f 615/669/628 619/670/629 614/671/630
f 614/671/630 619/670/629 620/672/631
f 614/671/630 620/672/631 613/673/632
f 613/673/632 620/672/631 621/674/633
f 613/673/632 621/674/633 612/675/634
f 612/675/634 621/674/633 622/676/635
f 612/675/634 622/676/635 611/677/636
f 611/677/636 622/676/635 623/678/637
f 611/679/636 623/680/637 610/681/638
f 610/681/638 623/680/637 624/682/639
f 610/681/638 624/682/639 609/683/640
f 609/683/640 624/682/639 625/684/641
f 609/683/640 625/684/641 608/685/642
f 608/685/642 625/684/641 626/686/643
f 608/685/642 626/686/643 607/687/644
f 607/687/644 626/686/643 627/688/645
f 607/687/644 627/688/645 606/663/622
f 606/663/622 627/688/645 628/664/623
f 630/689/646 652/690/647 629/691/648
f 629/691/648 652/690/647 641/692/649
f 629/691/648 641/692/649 640/693/650
f 640/693/650 641/692/649 642/694/651
f 640/693/650 642/694/651 639/695/652
f 639/695/652 642/694/651 643/696/653
f 639/695/652 643/696/653 638/697/654
f 638/697/654 643/696/653 644/698/655
f 638/697/654 644/698/655 637/699/656
f 637/699/656 644/698/655 645/700/657
f 637/699/656 645/700/657 636/701/658
f 636/701/658 645/700/657 646/702/659
f 636/701/658 646/702/659 635/703/660
f 635/703/660 646/702/659 647/704/661
f 635/705/660 647/706/661 634/707/662
f 634/707/662 647/706/661 648/708/663
f 634/707/662 648/708/663 633/709/664
f 633/709/664 648/708/663 649/710/665
f 633/709/664 649/710/665 632/711/666
f 632/711/666 649/710/665 650/712/667
f 632/711/666 650/712/667 631/713/668
f 631/713/668 650/712/667 651/714/669
f 631/713/668 651/714/669 630/689/646
f 630/689/646 651/714/669 652/690/647
f 654/715/670 676/716/671 653/717/672
f 653/717/672 676/716/671 665/718/673
f 653/717/672 665/718/673 664/719/674
f 664/719/674 665/718/673 666/720/675
f 664/719/674 666/720/675 663/721/676
f 663/721/676 666/720/675 667/722/677
f 663/721/676 667/722/677 662/723/678
f 662/723/678 667/722/677 668/724/679
f 662/723/678 668/724/679 661/725/680
f 661/725/680 668/724/679 669/726/681
f 661/725/680 669/726/681 660/727/682
f 660/727/682 669/726/681 670/728/683
f 660/727/682 670/728/683 659/729/684
f 659/729/684 670/728/683 671/730/685
f 659/731/684 671/732/685 658/733/686
f 658/733/686 671/732/685 672/734/687
f 658/733/686 672/734/687 657/735/688
f 657/735/688 672/734/687 673/736/689
f 657/735/688 673/736/689 656/737/690
f 656/737/690 673/736/689 674/738/691
f 656/737/690 674/738/691 655/739/692
f 655/739/692 674/738/691 675/740/693
f 655/739/692 675/740/693 654/715/670
f 654/715/670 675/740/693 676/716/671
f 678/741/694 700/742/695 677/743/696
f 677/743/696 700/742/695 689/744/697
f 677/743/696 689/744/697 688/745/698
f 688/745/698 689/744/697 690/746/699
f 688/745/698 690/746/699 687/747/700
f 687/747/700 690/746/699 691/748/701
f 687/747/700 691/748/701 686/749/702
f 686/749/702 691/748/701 692/750/703
f 686/749/702 692/750/703 685/751/704
f 685/751/704 692/750/703 693/752/705
f 685/751/704 693/752/705 684/753/706
f 684/753/706 693/752/705 694/754/707
f 684/753/706 694/754/707 683/755/708
f 683/755/708 694/754/707 695/756/709
f 683/757/708 695/758/709 682/759/710
f 682/759/710 695/758/709 696/760/711
f 682/759/710 696/760/711 681/761/712
f 681/761/712 696/760/711 697/762/713
f 681/761/712 697/762/713 680/763/714
f 680/763/714 697/762/713 698/764/715
f 680/763/714 698/764/715 679/765/716
f 679/765/716 698/764/715 699/766/717
f 679/765/716 699/766/717 678/741/694
f 678/741/694 699/766/717 700/742/695
f 702/767/718 724/768/719 701/769/720
f 701/769/720 724/768/719 713/770/721
f 701/769/720 713/770/721 712/771/722
f 712/771/722 713/770/721 714/772/723
f 712/771/722 714/772/723 711/773/724
f 711/773/724 714/772/723 715/774/725
f 711/773/724 715/774/725 710/775/726
f 710/775/726 715/774/725 716/776/727
f 710/775/726 716/776/727 709/777/728
f 709/777/728 716/776/727 717/778/729
f 709/777/728 717/778/729 708/779/730
f 708/779/730 717/778/729 718/780/731
f 708/779/730 718/780/731 707/781/732
f 707/781/732 718/780/731 719/782/733
f 707/783/732 719/784/733 706/785/734
f 706/785/734 719/784/733 720/786/735
f 706/785/734 720/786/735 705/787/736
f 705/787/736 720/786/735 721/788/737
f 705/787/736 721/788/737 704/789/738
f 704/789/738 721/788/737 722/790/739
f 704/789/738 722/790/739 703/791/740
f 703/791/740 722/790/739 723/792/741
f 703/791/740 723/792/741 702/767/718
f 702/767/718 723/792/741 724/768/719
f 726/793/742 748/794/743 725/795/744
f 725/795/744 748/794/743 737/796/745
f 725/795/744 737/796/745 736/797/746
f 736/797/746 737/796/745 738/798/747
f 736/797/746 738/798/747 735/799/748
f 735/799/748 738/798/747 739/800/749
f 735/799/748 739/800/749 734/801/750
f 734/801/750 739/800/749 740/802/751
f 734/801/750 740/802/751 733/803/752
f 733/803/752 740/802/751 741/804/753
f 733/803/752 741/804/753 732/805/754
f 732/805/754 741/804/753 742/806/755
f 732/805/754 742/806/755 731/807/756
f 731/807/756 742/806/755 743/808/757
f 731/809/756 743/810/757 730/811/758
f 730/811/758 743/810/757 744/812/759
f 730/811/758 744/812/759 729/813/760
f 729/813/760 744/812/759 745/814/761
f 729/813/760 745/814/761 728/815/762
f 728/815/762 745/814/761 746/816/763
f 728/815/762 746/816/763 727/817/764
f 727/817/764 746/816/763 747/818/765
f 727/817/764 747/818/765 726/793/742
f 726/793/742 747/818/765 748/794/743
f 750/819/766 772/820/767 749/821/768
f 749/821/768 772/820/767 761/822/769
f 749/821/768 761/822/769 760/823/770
f 760/823/770 761/822/769 762/824/771
f 760/823/770 762/824/771 759/825/772
f 759/825/772 762/824/771 763/826/773
f 759/825/772 763/826/773 758/827/774
f 758/827/774 763/826/773 764/828/775
f 758/827/774 764/828/775 757/829/776
f 757/829/776 764/828/775 765/830/777
f 757/829/776 765/830/777 756/831/778
f 756/831/778 765/830/777 766/832/779
f 756/831/778 766/832/779 755/833/780
f 755/833/780 766/832/779 767/834/781
f 755/835/780 767/836/781 754/837/782
f 754/837/782 767/836/781 768/838/783
f 754/837/782 768/838/783 753/839/784
f 753/839/784 768/838/783 769/840/785
f 753/839/784 769/840/785 752/841/786
f 752/841/786 769/840/785 770/842/787
f 752/841/786 770/842/787 751/843/788
f 751/843/788 770/842/787 771/844/789
f 751/843/788 771/844/789 750/819/766
f 750/819/766 771/844/789 772/820/767
f 774/845/790 796/846/791 773/847/792
f 773/847/792 796/846/791 785/848/793
f 773/847/792 785/848/793 784/849/794
f 784/849/794 785/848/793 786/850/795
f 784/849/794 786/850/795 783/851/796
f 783/851/796 786/850/795 787/852/797
f 783/851/796 787/852/797 782/853/798
f 782/853/798 787/852/797 788/854/799
f 782/853/798 788/854/799 781/855/800
f 781/855/800 788/854/799 789/856/801
f 781/855/800 789/856/801 780/857/802
f 780/857/802 789/856/801 790/858/803
f 780/857/802 790/858/803 779/859/804
f 779/859/804 790/858/803 791/860/805
f 779/861/804 791/862/805 778/863/806
f 778/863/806 791/862/805 792/864/807
f 778/863/806 792/864/807 777/865/808
f 777/865/808 792/864/807 793/866/809
f 777/865/808 793/866/809 776/867/810
f 776/867/810 793/866/809 794/868/811
f 776/867/810 794/868/811 775/869/812
f 775/869/812 794/868/811 795/870/813
f 775/869/812 795/870/813 774/845/790
f 774/845/790 795/870/813 796/846/791
f 798/871/814 820/872/815 797/873/816
f 797/873/816 820/872/815 809/874/817
f 797/873/816 809/874/817 808/875/818
f 808/875/818 809/874/817 810/876/819
f 808/875/818 810/876/819 807/877/820
f 807/877/820 810/876/819 811/878/821
f 807/877/820 811/878/821 806/879/822
f 806/879/822 811/878/821 812/880/823
f 806/879/822 812/880/823 805/881/824
f 805/881/824 812/880/823 813/882/825
f 805/881/824 813/882/825 804/883/826
f 804/883/826 813/882/825 814/884/827
f 804/883/826 814/884/827 803/885/828
f 803/885/828 814/884/827 815/886/829
f 803/887/828 815/888/829 802/889/830
f 802/889/830 815/888/829 816/890/831
f 802/889/830 816/890/831 801/891/832
f 801/891/832 816/890/831 817/892/833
f 801/891/832 817/892/833 800/893/834
f 800/893/834 817/892/833 818/894/835
f 800/893/834 818/894/835 799/895/836
f 799/895/836 818/894/835 819/896/837
f 799/895/836 819/896/837 798/871/814
f 798/871/814 819/896/837 820/872/815
f 822/897/838 844/898/839 821/899/840
f 821/899/840 844/898/839 833/900/841
f 821/899/840 833/900/841 832/901/842
f 832/901/842 833/900/841 834/902/843
f 832/901/842 834/902/843 831/903/844
f 831/903/844 834/902/843 835/904/845
f 831/903/844 835/904/845 830/905/846
f 830/905/846 835/904/845 836/906/847
f 830/905/846 836/906/847 829/907/848
f 829/907/848 836/906/847 837/908/849
f 829/907/848 837/908/849 828/909/850
f 828/909/850 837/908/849 838/910/851
f 828/909/850 838/910/851 827/911/852
f 827/911/852 838/910/851 839/912/853
f 827/913/852 839/914/853 826/915/854
f 826/915/854 839/914/853 840/916/855
f 826/915/854 840/916/855 825/917/856
f 825/917/856 840/916/855 841/918/857
f 825/917/856 841/918/857 824/919/858
f 824/919/858 841/918/857 842/920/859
f 824/919/858 842/920/859 823/921/860
f 823/921/860 842/920/859 843/922/861
f 823/921/860 843/922/861 822/897/838
f 822/897/838 843/922/861 844/898/839
f 846/923/862 868/924/863 845/925/864
f 845/925/864 868/924/863 857/926/865
f 845/925/864 857/926/865 856/927/866
f 856/927/866 857/926/865 858/928/867
f 856/927/866 858/928/867 855/929/868
f 855/929/868 858/928/867 859/930/869
f 855/929/868 859/930/869 854/931/870
f 854/931/870 859/930/869 860/932/871
f 854/931/870 860/932/871 853/933/872
f 853/933/872 860/932/871 861/934/873
f 853/933/872 861/934/873 852/935/874
f 852/935/874 861/934/873 862/936/875
f 852/935/874 862/936/875 851/937/876
f 851/937/876 862/936/875 863/938/877
f 851/939/876 863/940/877 850/941/878
f 850/941/878 863/940/877 864/942/879
f 850/941/878 864/942/879 849/943/880
f 849/943/880 864/942/879 865/944/881
f 849/943/880 865/944/881 848/945/882
f 848/945/882 865/944/881 866/946/883
f 848/945/882 866/946/883 847/947/884
f 847/947/884 866/946/883 867/948/885
f 847/947/884 867/948/885 846/923/862
f 846/923/862 867/948/885 868/924/863
f 870/949/886 892/950/887 869/951/888
f 869/951/888 892/950/887 881/952/889
f 869/951/888 881/952/889 880/953/890
f 880/953/890 881/952/889 882/954/891
f 880/953/890 882/954/891 879/955/892
f 879/955/892 882/954/891 883/956/893
f 879/955/892 883/956/893 878/957/894
f 878/957/894 883/956/893 884/958/895
f 878/957/894 884/958/895 877/959/896
f 877/959/896 884/958/895 885/960/897
f 877/959/896 885/960/897 876/961/898
f 876/961/898 885/960/897 886/962/899
f 876/961/898 886/962/899 875/963/900
f 875/963/900 886/962/899 887/964/901
f 875/965/900 887/966/901 874/967/902
f 874/967/902 887/966/901 888/968/903
f 874/967/902 888/968/903 873/969/904
f 873/969/904 888/968/903 889/970/905
f 873/969/904 889/970/905 872/971/906
f 872/971/906 889/970/905 890/972/907
f 872/971/906 890/972/907 871/973/908
f 871/973/908 890/972/907 891/974/909
f 871/973/908 891/974/909 870/949/886
f 870/949/886 891/974/909 892/950/887
f 894/975/910 916/976/911 893/977/912
f 893/977/912 916/976/911 905/978/913
f 893/977/912 905/978/913 904/979/914
f 904/979/914 905/978/913 906/980/915
f 904/979/914 906/980/915 903/981/916
f 903/981/916 906/980/915 907/982/917
f 903/981/916 907/982/917 902/983/918
f 902/983/918 907/982/917 908/984/919
f 902/983/918 908/984/919 901/985/920
f 901/985/920 908/984/919 909/986/921
f 901/985/920 909/986/921 900/987/922
f 900/987/922 909/986/921 910/988/923
f 900/987/922 910/988/923 899/989/924
f 899/989/924 910/988/923 911/990/925
f 899/991/924 911/992/925 898/993/926
f 898/993/926 911/992/925 912/994/927
f 898/993/926 912/994/927 897/995/928
f 897/995/928 912/994/927 913/996/929
f 897/995/928 913/996/929 896/997/930
f 896/997/930 913/996/929 914/998/931
f 896/997/930 914/998/931 895/999/932
f 895/999/932 914/998/931 915/1000/933
f 895/999/932 915/1000/933 894/975/910
f 894/975/910 915/1000/933 916/976/911
f 918/1001/934 940/1002/935 917/1003/936
f 917/1003/936 940/1002/935 929/1004/937
f 917/1003/936 929/1004/937 928/1005/938
f 928/1005/938 929/1004/937 930/1006/939
f 928/1005/938 930/1006/939 927/1007/940
f 927/1007/940 930/1006/939 931/1008/941
f 927/1007/940 931/1008/941 926/1009/942
f 926/1009/942 931/1008/941 932/1010/943
f 926/1009/942 932/1010/943 925/1011/944
f 925/1011/944 932/1010/943 933/1012/945
f 925/1011/944 933/1012/945 924/1013/946
f 924/1013/946 933/1012/945 934/1014/947
f 924/1013/946 934/1014/947 923/1015/948
f 923/1015/948 934/1014/947 935/1016/949
f 923/1017/948 935/1018/949 922/1019/950
f 922/1019/950 935/1018/949 936/1020/951
f 922/1019/950 936/1020/951 921/1021/952
f 921/1021/952 936/1020/951 937/1022/953
f 921/1021/952 937/1022/953 920/1023/954
f 920/1023/954 937/1022/953 938/1024/955
f 920/1023/954 938/1024/955 919/1025/956
f 919/1025/956 938/1024/955 939/1026/957
f 919/1025/956 939/1026/957 918/1001/934
f 918/1001/934 939/1026/957 940/1002/935
f 942/1027/958 964/1028/959 941/1029/960
f 941/1029/960 964/1028/959 953/1030/961
f 941/1029/960 953/1030/961 952/1031/962
f 952/1031/962 953/1030/961 954/1032/963
f 952/1031/962 954/1032/963 951/1033/964
f 951/1033/964 954/1032/963 955/1034/965
f 951/1033/964 955/1034/965 950/1035/966
f 950/1035/966 955/1034/965 956/1036/967
f 950/1035/966 956/1036/967 949/1037/968
f 949/1037/968 956/1036/967 957/1038/969
f 949/1037/968 957/1038/969 948/1039/970
f 948/1039/970 957/1038/969 958/1040/971
f 948/1039/970 958/1040/971 947/1041/972
f 947/1041/972 958/1040/971 959/1042/973
f 947/1043/972 959/1044/973 946/1045/974
f 946/1045/974 959/1044/973 960/1046/975
f 946/1045/974 960/1046/975 945/1047/976
f 945/1047/976 960/1046/975 961/1048/977
f 945/1047/976 961/1048/977 944/1049/978
f 944/1049/978 961/1048/977 962/1050/979
f 944/1049/978 962/1050/979 943/1051/980
f 943/1051/980 962/1050/979 963/1052/981
f 943/1051/980 963/1052/981 942/1027/958
f 942/1027/958 963/1052/981 964/1028/959
f 966/1053/982 988/1054/983 965/1055/984
f 965/1055/984 988/1054/983 977/1056/985
f 965/1055/984 977/1056/985 976/1057/986
f 976/1057/986 977/1056/985 978/1058/987
f 976/1057/986 978/1058/987 975/1059/988
f 975/1059/988 978/1058/987 979/1060/989
f 975/1059/988 979/1060/989 974/1061/990
f 974/1061/990 979/1060/989 980/1062/991
f 974/1061/990 980/1062/991 973/1063/992
f 973/1063/992 980/1062/991 981/1064/993
f 973/1063/992 981/1064/993 972/1065/994
f 972/1065/994 981/1064/993 982/1066/995
f 972/1065/994 982/1066/995 971/1067/996
f 971/1067/996 982/1066/995 983/1068/997
f 971/1069/996 983/1070/997 970/1071/998
f 970/1071/998 983/1070/997 984/1072/999
f 970/1071/998 984/1072/999 969/1073/1000
f 969/1073/1000 984/1072/999 985/1074/1001
f 969/1073/1000 985/1074/1001 968/1075/1002
f 968/1075/1002 985/1074/1001 986/1076/1003
f 968/1075/1002 986/1076/1003 967/1077/1004
f 967/1077/1004 986/1076/1003 987/1078/1005
f 967/1077/1004 987/1078/1005 966/1053/982
f 966/1053/982 987/1078/1005 988/1054/983
f 568/1079/1006 588/1080/1007 557/1081/1008
f 557/1081/1008 588/1080/1007 587/1082/1009
f 557/1083/1008 587/1084/1009 558/1085/1010
f 558/1085/1010 587/1084/1009 586/1086/1011
f 558/1085/1010 586/1086/1011 559/1087/1012
f 559/1087/1012 586/1086/1011 585/1088/1013
f 559/1087/1012 585/1088/1013 560/1089/1014
f 560/1089/1014 585/1088/1013 584/1090/1015
f 560/1089/1014 584/1090/1015 561/1091/1016
f 561/1091/1016 584/1090/1015 583/1092/1017
f 561/1091/1016 583/1092/1017 562/1093/1018
f 562/1093/1018 583/1092/1017 582/1094/1019
f 562/1093/1018 582/1094/1019 563/1095/1020
f 563/1095/1020 582/1094/1019 581/1096/1021
f 563/1095/1020 581/1096/1021 564/1097/1022
f 564/1097/1022 581/1096/1021 592/1098/1023
f 564/1097/1022 592/1098/1023 565/1099/1024
f 565/1099/1024 592/1098/1023 591/1100/1025
f 565/1099/1024 591/1100/1025 566/1101/1026
f 566/1101/1026 591/1100/1025 590/1102/1027
f 566/1101/1026 590/1102/1027 567/1103/1028
f 567/1103/1028 590/1102/1027 589/1104/1029
f 567/1103/1028 589/1104/1029 568/1079/1006
f 568/1079/1006 589/1104/1029 588/1080/1007
f 381/1105/537 281/1106/291 382/1107/1030
f 382/1107/1030 281/1106/291 989/1108/1031
f 382/1107/1030 989/1108/1031 383/1109/1032
f 383/1109/1032 989/1108/1031 990/1110/1033
f 383/1109/1032 990/1110/1033 384/1111/1034
f 384/1111/1034 990/1110/1033 991/1112/1035
f 384/1111/1034 991/1112/1035 385/1113/1036
f 385/1113/1036 991/1112/1035 992/1114/1037
f 385/1113/1036 992/1114/1037 386/1115/1038
f 386/1115/1038 992/1114/1037 993/1116/1039
f 386/1115/1038 993/1116/1039 387/1117/1040
f 387/1117/1040 993/1116/1039 994/1118/1041
f 387/1117/1040 994/1118/1041 388/1119/1042
f 388/1119/1042 994/1118/1041 995/1120/1043
f 388/1119/1042 995/1120/1043 389/1121/1044
f 389/1121/1044 995/1120/1043 996/1122/1045
f 389/1121/1044 996/1122/1045 390/1123/1046
f 390/1123/1046 996/1122/1045 997/1124/1047
f 616/1125/1048 636/1126/1049 605/1127/1050
f 605/1127/1050 636/1126/1049 635/1128/1051
f 605/1129/1050 635/1130/1051 606/1131/1052
f 606/1131/1052 635/1130/1051 634/1132/1053
f 606/1131/1052 634/1132/1053 607/1133/1054
f 607/1133/1054 634/1132/1053 633/1134/1055
f 607/1133/1054 633/1134/1055 608/1135/1056
f 608/1135/1056 633/1134/1055 632/1136/1057
f 608/1135/1056 632/1136/1057 609/1137/1058
f 609/1137/1058 632/1136/1057 631/1138/1059
f 609/1137/1058 631/1138/1059 610/1139/1060
f 610/1139/1060 631/1138/1059 630/1140/1061
f 610/1139/1060 630/1140/1061 611/1141/1062
f 611/1141/1062 630/1140/1061 629/1142/1063
f 611/1141/1062 629/1142/1063 612/1143/1064
f 612/1143/1064 629/1142/1063 640/1144/1065
f 612/1143/1064 640/1144/1065 613/1145/1066
f 613/1145/1066 640/1144/1065 639/1146/1067
f 613/1145/1066 639/1146/1067 614/1147/1068
f 614/1147/1068 639/1146/1067 638/1148/1069
f 614/1147/1068 638/1148/1069 615/1149/1070
f 615/1149/1070 638/1148/1069 637/1150/1071
f 615/1149/1070 637/1150/1071 616/1125/1048
f 616/1125/1048 637/1150/1071 636/1126/1049
f 410/1151/542 300/1152/300 411/1153/1072
f 411/1153/1072 300/1152/300 998/1154/1073
f 411/1153/1072 998/1154/1073 999/1155/1074
f 411/1153/1072 999/1155/1074 412/1156/1075
f 412/1156/1075 999/1155/1074 1000/1157/1076
f 412/1156/1075 1000/1157/1076 413/1158/1077
f 413/1158/1077 1000/1157/1076 1001/1159/1078
f 413/1158/1077 1001/1159/1078 414/1160/1079
f 414/1160/1079 1001/1159/1078 1002/1161/1080
f 414/1160/1079 1002/1161/1080 415/1162/1081
f 415/1162/1081 1002/1161/1080 1003/1163/1082
f 415/1162/1081 1003/1163/1082 416/1164/1083
f 416/1164/1083 1003/1163/1082 1004/1165/1084
f 416/1164/1083 1004/1165/1084 417/1166/1085
f 417/1166/1085 1004/1165/1084 1005/1167/1086
f 417/1166/1085 1005/1167/1086 418/1168/1087
f 418/1168/1087 1005/1167/1086 1006/1169/1088
f 418/1168/1087 1006/1169/1088 419/1170/1089
f 419/1170/1089 1006/1169/1088 420/1171/1090
f 420/1171/1090 1006/1169/1088 1007/1172/1091
f 664/1173/1092 684/1174/1093 653/1175/1094
f 653/1175/1094 684/1174/1093 683/1176/1095
f 653/1177/1094 683/1178/1095 654/1179/1096
f 654/1179/1096 683/1178/1095 682/1180/1097
f 654/1179/1096 682/1180/1097 655/1181/1098
f 655/1181/1098 682/1180/1097 681/1182/1099
f 655/1181/1098 681/1182/1099 656/1183/1100
f 656/1183/1100 681/1182/1099 680/1184/1101
f 656/1183/1100 680/1184/1101 657/1185/1102
f 657/1185/1102 680/1184/1101 679/1186/1103
f 657/1185/1102 679/1186/1103 658/1187/1104
f 658/1187/1104 679/1186/1103 678/1188/1105
f 658/1187/1104 678/1188/1105 659/1189/1106
f 659/1189/1106 678/1188/1105 677/1190/1107
f 659/1189/1106 677/1190/1107 660/1191/1108
f 660/1191/1108 677/1190/1107 688/1192/1109
f 660/1191/1108 688/1192/1109 661/1193/1110
f 661/1193/1110 688/1192/1109 687/1194/1111
f 661/1193/1110 687/1194/1111 662/1195/1112
f 662/1195/1112 687/1194/1111 686/1196/1113
f 662/1195/1112 686/1196/1113 663/1197/1114
f 663/1197/1114 686/1196/1113 685/1198/1115
f 663/1197/1114 685/1198/1115 664/1173/1092
f 664/1173/1092 685/1198/1115 684/1174/1093
f 500/1199/1116 1008/1200/1117 501/1201/1118
f 501/1201/1118 1008/1200/1117 1009/1202/1119
f 501/1201/1118 1009/1202/1119 1010/1203/1120
f 501/1201/1118 1010/1203/1120 502/1204/1121
f 502/1204/1121 1010/1203/1120 1011/1205/1122
f 502/1204/1121 1011/1205/1122 503/1206/1123
f 503/1206/1123 1011/1205/1122 1012/1207/1124
f 503/1206/1123 1012/1207/1124 504/1208/1125
f 504/1208/1125 1012/1207/1124 1013/1209/1126
f 504/1208/1125 1013/1209/1126 505/1210/1127
f 505/1210/1127 1013/1209/1126 1014/1211/1128
f 505/1210/1127 1014/1211/1128 506/1212/1129
f 506/1212/1129 1014/1211/1128 1015/1213/1130
f 506/1212/1129 1015/1213/1130 507/1214/1131
f 507/1214/1131 1015/1213/1130 1016/1215/1132
f 507/1214/1131 1016/1215/1132 508/1216/1133
f 508/1216/1133 1016/1215/1132 1017/1217/1134
f 508/1216/1133 1017/1217/1134 509/1218/1135
f 509/1218/1135 1017/1217/1134 510/1219/1136
f 510/1219/1136 1017/1217/1134 315/1220/321
f 712/1221/1137 732/1222/1138 701/1223/1139
f 701/1223/1139 732/1222/1138 731/1224/1140
f 701/1225/1139 731/1226/1140 702/1227/1141
f 702/1227/1141 731/1226/1140 730/1228/1142
f 702/1227/1141 730/1228/1142 703/1229/1143
f 703/1229/1143 730/1228/1142 729/1230/1144
f 703/1229/1143 729/1230/1144 704/1231/1145
f 704/1231/1145 729/1230/1144 728/1232/1146
f 704/1231/1145 728/1232/1146 705/1233/1147
f 705/1233/1147 728/1232/1146 727/1234/1148
f 705/1233/1147 727/1234/1148 706/1235/1149
f 706/1235/1149 727/1234/1148 726/1236/1150
f 706/1235/1149 726/1236/1150 707/1237/1151
f 707/1237/1151 726/1236/1150 725/1238/1152
f 707/1237/1151 725/1238/1152 708/1239/1153
f 708/1239/1153 725/1238/1152 736/1240/1154
f 708/1239/1153 736/1240/1154 709/1241/1155
f 709/1241/1155 736/1240/1154 735/1242/1156
f 709/1241/1155 735/1242/1156 710/1243/1157
f 710/1243/1157 735/1242/1156 734/1244/1158
f 710/1243/1157 734/1244/1158 711/1245/1159
f 711/1245/1159 734/1244/1158 733/1246/1160
f 711/1245/1159 733/1246/1160 712/1221/1137
f 712/1221/1137 733/1246/1160 732/1222/1138
f 481/1247/1161 1018/1248/1162 482/1249/1163
f 482/1249/1163 1018/1248/1162 1019/1250/1164
f 482/1249/1163 1019/1250/1164 483/1251/1165
f 483/1251/1165 1019/1250/1164 1020/1252/1166
f 483/1251/1165 1020/1252/1166 484/1253/1167
f 484/1253/1167 1020/1252/1166 1021/1254/1168
f 484/1253/1167 1021/1254/1168 485/1255/1169
f 485/1255/1169 1021/1254/1168 1022/1256/1170
f 485/1255/1169 1022/1256/1170 486/1257/1171
f 486/1257/1171 1022/1256/1170 1023/1258/1172
f 486/1257/1171 1023/1258/1172 487/1259/1173
f 487/1259/1173 1023/1258/1172 1024/1260/1174
f 487/1259/1173 1024/1260/1174 488/1261/1175
f 488/1261/1175 1024/1260/1174 1025/1262/1176
f 488/1261/1175 1025/1262/1176 489/1263/1177
f 489/1263/1177 1025/1262/1176 1026/1264/1178
f 489/1263/1177 1026/1264/1178 476/1265/1179
f 476/1265/1179 1026/1264/1178 335/1266/342
f 760/1267/1180 780/1268/1181 749/1269/1182
f 749/1269/1182 780/1268/1181 779/1270/1183
f 749/1271/1182 779/1272/1183 750/1273/1184
f 750/1273/1184 779/1272/1183 778/1274/1185
f 750/1273/1184 778/1274/1185 751/1275/1186
f 751/1275/1186 778/1274/1185 777/1276/1187
f 751/1275/1186 777/1276/1187 752/1277/1188
f 752/1277/1188 777/1276/1187 776/1278/1189
f 752/1277/1188 776/1278/1189 753/1279/1190
f 753/1279/1190 776/1278/1189 775/1280/1191
f 753/1279/1190 775/1280/1191 754/1281/1192
f 754/1281/1192 775/1280/1191 774/1282/1193
f 754/1281/1192 774/1282/1193 755/1283/1194
f 755/1283/1194 774/1282/1193 773/1284/1195
f 755/1283/1194 773/1284/1195 756/1285/1196
f 756/1285/1196 773/1284/1195 784/1286/1197
f 756/1285/1196 784/1286/1197 757/1287/1198
f 757/1287/1198 784/1286/1197 783/1288/1199
f 757/1287/1198 783/1288/1199 758/1289/1200
f 758/1289/1200 783/1288/1199 782/1290/1201
f 758/1289/1200 782/1290/1201 759/1291/1202
f 759/1291/1202 782/1290/1201 781/1292/1203
f 759/1291/1202 781/1292/1203 760/1267/1180
f 760/1267/1180 781/1292/1203 780/1268/1181
f 442/1293/1204 20/1294/30 443/1295/1205
f 443/1295/1205 20/1294/30 19/1296/28
f 443/1295/1205 19/1296/28 444/1297/1206
f 444/1297/1206 19/1296/28 18/1298/26
f 444/1297/1206 18/1298/26 445/1299/1207
f 445/1299/1207 18/1298/26 17/1300/24
f 445/1299/1207 17/1300/24 446/1301/1208
f 446/1301/1208 17/1300/24 16/1302/22
f 446/1301/1208 16/1302/22 447/1303/1209
f 447/1303/1209 16/1302/22 15/1304/20
f 447/1303/1209 15/1304/20 448/1305/1210
f 448/1305/1210 15/1304/20 14/1306/18
f 448/1305/1210 14/1306/18 449/1307/1211
f 449/1307/1211 14/1306/18 13/1308/16
f 449/1307/1211 13/1308/16 450/1309/1212
f 450/1309/1212 13/1308/16 12/1310/14
f 450/1309/1212 12/1310/14 437/1311/1213
f 437/1311/1213 12/1310/14 11/1312/12
f 808/1313/1214 828/1314/1215 797/1315/1216
f 797/1315/1216 828/1314/1215 827/1316/1217
f 797/1317/1216 827/1318/1217 798/1319/1218
f 798/1319/1218 827/1318/1217 826/1320/1219
f 798/1319/1218 826/1320/1219 799/1321/1220
f 799/1321/1220 826/1320/1219 825/1322/1221
f 799/1321/1220 825/1322/1221 800/1323/1222
f 800/1323/1222 825/1322/1221 824/1324/1223
f 800/1323/1222 824/1324/1223 801/1325/1224
f 801/1325/1224 824/1324/1223 823/1326/1225
f 801/1325/1224 823/1326/1225 802/1327/1226
f 802/1327/1226 823/1326/1225 822/1328/1227
f 802/1327/1226 822/1328/1227 803/1329/1228
f 803/1329/1228 822/1328/1227 821/1330/1229
f 803/1329/1228 821/1330/1229 804/1331/1230
f 804/1331/1230 821/1330/1229 832/1332/1231
f 804/1331/1230 832/1332/1231 805/1333/1232
f 805/1333/1232 832/1332/1231 831/1334/1233
f 805/1333/1232 831/1334/1233 806/1335/1234
f 806/1335/1234 831/1334/1233 830/1336/1235
f 806/1335/1234 830/1336/1235 807/1337/1236
f 807/1337/1236 830/1336/1235 829/1338/1237
f 807/1337/1236 829/1338/1237 808/1313/1214
f 808/1313/1214 829/1338/1237 828/1314/1215
f 856/1339/1238 876/1340/1239 845/1341/1240
f 845/1341/1240 876/1340/1239 875/1342/1241
f 845/1343/1240 875/1344/1241 846/1345/1242
f 846/1345/1242 875/1344/1241 874/1346/1243
f 846/1345/1242 874/1346/1243 847/1347/1244
f 847/1347/1244 874/1346/1243 873/1348/1245
f 847/1347/1244 873/1348/1245 848/1349/1246
f 848/1349/1246 873/1348/1245 872/1350/1247
f 848/1349/1246 872/1350/1247 849/1351/1248
f 849/1351/1248 872/1350/1247 871/1352/1249
f 849/1351/1248 871/1352/1249 850/1353/1250
f 850/1353/1250 871/1352/1249 870/1354/1251
f 850/1353/1250 870/1354/1251 851/1355/1252
f 851/1355/1252 870/1354/1251 869/1356/1253
f 851/1355/1252 869/1356/1253 852/1357/1254
f 852/1357/1254 869/1356/1253 880/1358/1255
f 852/1357/1254 880/1358/1255 853/1359/1256
f 853/1359/1256 880/1358/1255 879/1360/1257
f 853/1359/1256 879/1360/1257 854/1361/1258
f 854/1361/1258 879/1360/1257 878/1362/1259
f 854/1361/1258 878/1362/1259 855/1363/1260
f 855/1363/1260 878/1362/1259 877/1364/1261
f 855/1363/1260 877/1364/1261 856/1339/1238
f 856/1339/1238 877/1364/1261 876/1340/1239
f 904/1365/1262 924/1366/1263 893/1367/1264
f 893/1367/1264 924/1366/1263 923/1368/1265
f 893/1369/1264 923/1370/1265 894/1371/1266
f 894/1371/1266 923/1370/1265 922/1372/1267
f 894/1371/1266 922/1372/1267 895/1373/1268
f 895/1373/1268 922/1372/1267 921/1374/1269
f 895/1373/1268 921/1374/1269 896/1375/1270
f 896/1375/1270 921/1374/1269 920/1376/1271
f 896/1375/1270 920/1376/1271 897/1377/1272
f 897/1377/1272 920/1376/1271 919/1378/1273
f 897/1377/1272 919/1378/1273 898/1379/1274
f 898/1379/1274 919/1378/1273 918/1380/1275
f 898/1379/1274 918/1380/1275 899/1381/1276
f 899/1381/1276 918/1380/1275 917/1382/1277
f 899/1381/1276 917/1382/1277 900/1383/1278
f 900/1383/1278 917/1382/1277 928/1384/1279
f 900/1383/1278 928/1384/1279 901/1385/1280
f 901/1385/1280 928/1384/1279 927/1386/1281
f 901/1385/1280 927/1386/1281 902/1387/1282
f 902/1387/1282 927/1386/1281 926/1388/1283
f 902/1387/1282 926/1388/1283 903/1389/1284
f 903/1389/1284 926/1388/1283 925/1390/1285
f 903/1389/1284 925/1390/1285 904/1365/1262
f 904/1365/1262 925/1390/1285 924/1366/1263
f 952/1391/1286 972/1392/1287 941/1393/1288
f 941/1393/1288 972/1392/1287 971/1394/1289
f 941/1395/1288 971/1396/1289 942/1397/1290
f 942/1397/1290 971/1396/1289 970/1398/1291
f 942/1397/1290 970/1398/1291 943/1399/1292
f 943/1399/1292 970/1398/1291 969/1400/1293
f 943/1399/1292 969/1400/1293 944/1401/1294
f 944/1401/1294 969/1400/1293 968/1402/1295
f 944/1401/1294 968/1402/1295 945/1403/1296
f 945/1403/1296 968/1402/1295 967/1404/1297
f 945/1403/1296 967/1404/1297 946/1405/1298
f 946/1405/1298 967/1404/1297 966/1406/1299
f 946/1405/1298 966/1406/1299 947/1407/1300
f 947/1407/1300 966/1406/1299 965/1408/1301
f 947/1407/1300 965/1408/1301 948/1409/1302
f 948/1409/1302 965/1408/1301 976/1410/1303
f 948/1409/1302 976/1410/1303 949/1411/1304
f 949/1411/1304 976/1410/1303 975/1412/1305
f 949/1411/1304 975/1412/1305 950/1413/1306
f 950/1413/1306 975/1412/1305 974/1414/1307
f 950/1413/1306 974/1414/1307 951/1415/1308
f 951/1415/1308 974/1414/1307 973/1416/1309
f 951/1415/1308 973/1416/1309 952/1391/1286
f 952/1391/1286 973/1416/1309 972/1392/1287
f 1028/1417/1310 1050/1418/1311 1027/1419/1312
f 1027/1419/1312 1050/1418/1311 1039/1420/1313
f 1027/1419/1312 1039/1420/1313 1038/1421/1314
f 1038/1421/1314 1039/1420/1313 1040/1422/1315
f 1038/1421/1314 1040/1422/1315 1037/1423/1316
f 1037/1423/1316 1040/1422/1315 1041/1424/1317
f 1037/1423/1316 1041/1424/1317 1036/1425/1318
f 1036/1425/1318 1041/1424/1317 1042/1426/1319
f 1036/1425/1318 1042/1426/1319 1035/1427/1320
f 1035/1427/1320 1042/1426/1319 1043/1428/1321
f 1035/1427/1320 1043/1428/1321 1034/1429/1322
f 1034/1429/1322 1043/1428/1321 1044/1430/1323
f 1034/1429/1322 1044/1430/1323 1033/1431/1324
f 1033/1431/1324 1044/1430/1323 1045/1432/1325
f 1033/1433/1324 1045/1434/1325 1032/1435/1326
f 1032/1435/1326 1045/1434/1325 1046/1436/1327
f 1032/1435/1326 1046/1436/1327 1031/1437/1328
f 1031/1437/1328 1046/1436/1327 1047/1438/1329
f 1031/1437/1328 1047/1438/1329 1030/1439/1330
f 1030/1439/1330 1047/1438/1329 1048/1440/1331
f 1030/1439/1330 1048/1440/1331 1029/1441/1332
f 1029/1441/1332 1048/1440/1331 1049/1442/1333
f 1029/1441/1332 1049/1442/1333 1028/1417/1310
f 1028/1417/1310 1049/1442/1333 1050/1418/1311
f 1052/1443/1334 1074/1444/1335 1051/1445/1336
f 1051/1445/1336 1074/1444/1335 1063/1446/1337
f 1051/1445/1336 1063/1446/1337 1062/1447/1338
f 1062/1447/1338 1063/1446/1337 1064/1448/1339
f 1062/1447/1338 1064/1448/1339 1061/1449/1340
f 1061/1449/1340 1064/1448/1339 1065/1450/1341
f 1061/1449/1340 1065/1450/1341 1060/1451/1342
f 1060/1451/1342 1065/1450/1341 1066/1452/1343
f 1060/1451/1342 1066/1452/1343 1059/1453/1344
f 1059/1453/1344 1066/1452/1343 1067/1454/1345
f 1059/1453/1344 1067/1454/1345 1058/1455/1346
f 1058/1455/1346 1067/1454/1345 1068/1456/1347
f 1058/1455/1346 1068/1456/1347 1057/1457/1348
f 1057/1457/1348 1068/1456/1347 1069/1458/1349
f 1057/1459/1348 1069/1460/1349 1056/1461/1350
f 1056/1461/1350 1069/1460/1349 1070/1462/1351
f 1056/1461/1350 1070/1462/1351 1055/1463/1352
f 1055/1463/1352 1070/1462/1351 1071/1464/1353
f 1055/1463/1352 1071/1464/1353 1054/1465/1354
f 1054/1465/1354 1071/1464/1353 1072/1466/1355
f 1054/1465/1354 1072/1466/1355 1053/1467/1356
f 1053/1467/1356 1072/1466/1355 1073/1468/1357
f 1053/1467/1356 1073/1468/1357 1052/1443/1334
f 1052/1443/1334 1073/1468/1357 1074/1444/1335
f 1038/1469/1358 1058/1470/1359 1027/1471/1360
f 1027/1471/1360 1058/1470/1359 1057/1472/1361
f 1027/1473/1360 1057/1474/1361 1028/1475/1362
f 1028/1475/1362 1057/1474/1361 1056/1476/1363
f 1028/1475/1362 1056/1476/1363 1029/1477/1364
f 1029/1477/1364 1056/1476/1363 1055/1478/1365
f 1029/1477/1364 1055/1478/1365 1030/1479/1366
f 1030/1479/1366 1055/1478/1365 1054/1480/1367
f 1030/1479/1366 1054/1480/1367 1031/1481/1368
f 1031/1481/1368 1054/1480/1367 1053/1482/1369
f 1031/1481/1368 1053/1482/1369 1032/1483/1370
f 1032/1483/1370 1053/1482/1369 1052/1484/1371
f 1032/1483/1370 1052/1484/1371 1033/1485/1372
f 1033/1485/1372 1052/1484/1371 1051/1486/1373
f 1033/1485/1372 1051/1486/1373 1034/1487/1374
f 1034/1487/1374 1051/1486/1373 1062/1488/1375
f 1034/1487/1374 1062/1488/1375 1035/1489/1376
f 1035/1489/1376 1062/1488/1375 1061/1490/1377
f 1035/1489/1376 1061/1490/1377 1036/1491/1378
f 1036/1491/1378 1061/1490/1377 1060/1492/1379
f 1036/1491/1378 1060/1492/1379 1037/1493/1380
f 1037/1493/1380 1060/1492/1379 1059/1494/1381
f 1037/1493/1380 1059/1494/1381 1038/1469/1358
f 1038/1469/1358 1059/1494/1381 1058/1470/1359
f 352/1495/532 232/1496/242 353/1497/1382
f 353/1497/1382 232/1496/242 231/1498/240
f 353/1497/1382 231/1498/240 354/1499/1383
f 354/1499/1383 231/1498/240 230/1500/238
f 354/1499/1383 230/1500/238 355/1501/1384
f 355/1501/1384 230/1500/238 229/1502/236
f 355/1501/1384 229/1502/236 356/1503/1385
f 356/1503/1385 229/1502/236 228/1504/234
f 356/1503/1385 228/1504/234 357/1505/1386
f 357/1505/1386 228/1504/234 227/1506/232
f 357/1505/1386 227/1506/232 358/1507/1387
f 358/1507/1387 227/1506/232 226/1508/230
f 358/1507/1387 226/1508/230 359/1509/1388
f 359/1509/1388 226/1508/230 225/1510/228
f 359/1509/1388 225/1510/228 360/1511/1389
f 360/1511/1389 225/1510/228 224/1512/226
f 360/1511/1389 224/1512/226 361/1513/565
f 361/1513/565 224/1512/226 223/1514/224
f 1079/1515/1390 10/1516/1391 1078/1517/1392
f 1078/1517/1392 10/1516/1391 9/1518/1393
f 1078/1517/1392 9/1518/1393 1077/1519/1394
f 1077/1519/1394 9/1518/1393 8/1520/1395
f 1077/1519/1394 8/1520/1395 1076/1521/1396
f 1076/1521/1396 8/1520/1395 7/1522/1397
f 1076/1521/1396 7/1522/1397 1075/1523/1398
f 1075/1523/1398 7/1522/1397 6/1524/1399
f 1081/1525/1400 1082/1526/1401 1080/1527/1402
f 1080/1527/1402 1082/1526/1401 1083/1528/1403
f 1080/1527/1402 1083/1528/1403 1084/1529/1404
f 1080/1527/1402 1084/1529/1404 1242/1530/1405
f 1242/1530/1405 1084/1529/1404 1085/1531/1406
f 1242/1530/1405 1085/1531/1406 1241/1532/1407
f 1241/1532/1407 1085/1531/1406 1240/1533/1408
f 1240/1533/1408 1085/1531/1406 1086/1534/1409
f 1240/1533/1408 1086/1534/1409 1087/1535/1410
f 1088/1536/1411 1097/1537/1412 1087/1535/1410
f 1087/1535/1410 1097/1537/1412 1098/1538/1413
f 1087/1535/1410 1098/1538/1413 1239/1539/1414
f 1239/1539/1414 1098/1538/1413 1238/1540/1415
f 1238/1540/1415 1098/1538/1413 1099/1541/1416
f 1238/1540/1415 1099/1541/1416 396/1542/1417
f 396/1542/1417 1099/1541/1416 367/1543/1418
f 396/1542/1417 367/1543/1418 397/1544/1419
f 397/1544/1419 367/1543/1418 366/1545/1420
f 397/1544/1419 366/1545/1420 398/1546/1421
f 398/1546/1421 366/1545/1420 365/1547/1422
f 398/1546/1421 365/1547/1422 1120/1548/1423
f 1120/1548/1423 365/1547/1422 1119/1549/1424
f 1119/1549/1424 365/1547/1422 364/1550/1425
f 1119/1549/1424 364/1550/1425 1118/1551/1426
f 1118/1551/1426 364/1550/1425 363/1552/1427
f 1118/1551/1426 363/1552/1427 1117/1553/1428
f 1117/1553/1428 363/1552/1427 362/1554/1429
f 1117/1553/1428 362/1554/1429 1114/1555/1430
f 1097/1537/1412 1088/1536/1411 1096/1556/1431
f 1096/1556/1431 1088/1536/1411 1089/1557/1432
f 1096/1556/1431 1089/1557/1432 1095/1558/1433
f 1095/1558/1433 1089/1557/1432 1090/1559/1434
f 1095/1558/1433 1090/1559/1434 1094/1560/1435
f 1094/1560/1435 1090/1559/1434 1093/1561/1436
f 1093/1561/1436 1090/1559/1434 1092/1562/1437
f 1092/1562/1437 1090/1559/1434 1091/1563/1438
f 1099/1541/1416 1100/1564/1439 367/1543/1418
f 367/1543/1418 1100/1564/1439 368/1565/1440
f 368/1565/1440 1100/1564/1439 1101/1566/1441
f 368/1565/1440 1101/1566/1441 369/1567/1442
f 369/1567/1442 1101/1566/1441 1111/1568/1443
f 369/1567/1442 1111/1568/1443 1112/1569/1444
f 1111/1568/1443 1101/1566/1441 1110/1570/1445
f 1110/1570/1445 1101/1566/1441 1102/1571/1446
f 1110/1570/1445 1102/1571/1446 1109/1572/1447
f 1109/1572/1447 1102/1571/1446 1103/1573/1448
f 1109/1572/1447 1103/1573/1448 1108/1574/1449
f 1108/1574/1449 1103/1573/1448 1104/1575/1450
f 1108/1574/1449 1104/1575/1450 1105/1576/1451
f 1105/1576/1451 1106/1577/1452 1108/1574/1449
f 1108/1574/1449 1106/1577/1452 1107/1578/1453
f 369/1567/1442 1112/1569/1444 370/1579/1454
f 370/1579/1454 1112/1569/1444 1113/1580/1455
f 370/1579/1454 1113/1580/1455 371/1581/1456
f 371/1581/1456 1113/1580/1455 347/1582/1457
f 371/1581/1456 347/1582/1457 343/1583/1458
f 343/1583/1458 347/1582/1457 344/1584/1459
f 344/1584/1459 347/1582/1457 345/1585/1460
f 345/1585/1460 347/1582/1457 346/1586/1461
f 1114/1555/1430 1115/1587/1462 1117/1553/1428
f 1117/1553/1428 1115/1587/1462 1116/1588/1463
f 1120/1548/1423 1121/1589/1464 398/1546/1421
f 398/1546/1421 1121/1589/1464 399/1590/1465
f 399/1590/1465 1121/1589/1464 1122/1591/1466
f 399/1590/1465 1122/1591/1466 400/1592/1467
f 400/1592/1467 1122/1591/1466 376/1593/1468
f 400/1592/1467 376/1593/1468 372/1594/1469
f 372/1594/1469 376/1593/1468 373/1595/1470
f 373/1595/1470 376/1593/1468 374/1596/1471
f 374/1596/1471 376/1593/1468 375/1597/1472
f 1238/1540/1415 396/1542/1417 427/1598/1473
f 427/1598/1473 396/1542/1417 395/1599/1474
f 427/1598/1473 395/1599/1474 428/1600/1475
f 428/1600/1475 395/1599/1474 1129/1601/1476
f 428/1600/1475 1129/1601/1476 429/1602/1477
f 429/1602/1477 1129/1601/1476 1130/1603/1478
f 429/1602/1477 1130/1603/1478 1131/1604/1479
f 395/1599/1474 394/1605/1480 1129/1601/1476
f 1129/1601/1476 394/1605/1480 1128/1606/1481
f 1128/1606/1481 394/1605/1480 393/1607/1482
f 1128/1606/1481 393/1607/1482 1127/1608/1483
f 1127/1608/1483 393/1607/1482 392/1609/1484
f 1127/1608/1483 392/1609/1484 1126/1610/1485
f 1126/1610/1485 392/1609/1484 391/1611/1486
f 1126/1610/1485 391/1611/1486 1123/1612/1487
f 1123/1612/1487 1124/1613/1488 1126/1610/1485
f 1126/1610/1485 1124/1613/1488 1125/1614/1489
f 405/1615/1490 431/1616/1491 1131/1604/1479
f 1131/1604/1479 431/1616/1491 430/1617/1492
f 1131/1604/1479 430/1617/1492 429/1602/1477
f 431/1616/1491 405/1615/1490 401/1618/1493
f 401/1618/1493 405/1615/1490 404/1619/1494
f 401/1618/1493 404/1619/1494 403/1620/1495
f 403/1620/1495 402/1621/1496 401/1618/1493
f 426/1622/1497 516/1623/1498 427/1598/1473
f 427/1598/1473 516/1623/1498 1204/1624/1499
f 427/1598/1473 1204/1624/1499 1238/1540/1415
f 1238/1540/1415 1204/1624/1499 1205/1625/1500
f 1238/1540/1415 1205/1625/1500 1237/1626/1501
f 1237/1626/1501 1205/1625/1500 1236/1627/1502
f 1236/1627/1502 1205/1625/1500 1206/1628/1503
f 1236/1627/1502 1206/1628/1503 1235/1629/1504
f 1235/1629/1504 1206/1628/1503 1207/1630/1505
f 1235/1629/1504 1207/1630/1505 1221/1631/1506
f 1221/1631/1506 1207/1630/1505 1220/1632/1507
f 1220/1632/1507 1207/1630/1505 1208/1633/1508
f 1220/1632/1507 1208/1633/1508 1219/1634/1509
f 1219/1634/1509 1208/1633/1508 1209/1635/1510
f 1219/1634/1509 1209/1635/1510 1215/1636/1511
f 1215/1636/1511 1209/1635/1510 1214/1637/1512
f 1214/1637/1512 1209/1635/1510 1210/1638/1513
f 1214/1637/1512 1210/1638/1513 1213/1639/1514
f 1213/1639/1514 1210/1638/1513 1212/1640/1515
f 1212/1640/1515 1210/1638/1513 1211/1641/1516
f 516/1623/1498 426/1622/1497 517/1642/1517
f 517/1642/1517 426/1622/1497 425/1643/1518
f 517/1642/1517 425/1643/1518 518/1644/1519
f 518/1644/1519 425/1643/1518 424/1645/1520
f 518/1644/1519 424/1645/1520 519/1646/1521
f 519/1646/1521 424/1645/1520 463/1647/1522
f 519/1646/1521 463/1647/1522 462/1648/1523
f 463/1647/1522 424/1645/1520 464/1649/1524
f 464/1649/1524 424/1645/1520 423/1650/1525
f 464/1649/1524 423/1650/1525 465/1651/1526
f 465/1651/1526 423/1650/1525 422/1652/1527
f 465/1651/1526 422/1652/1527 1136/1653/1528
f 1136/1653/1528 422/1652/1527 1135/1654/1529
f 1135/1654/1529 422/1652/1527 421/1655/1530
f 1135/1654/1529 421/1655/1530 1134/1656/1531
f 1134/1656/1531 421/1655/1530 1133/1657/1532
f 1133/1657/1532 421/1655/1530 1132/1658/1533
f 1136/1653/1528 1137/1659/1534 465/1651/1526
f 465/1651/1526 1137/1659/1534 1139/1660/1535
f 1139/1660/1535 1137/1659/1534 1138/1661/1536
f 519/1646/1521 462/1648/1523 520/1662/1537
f 520/1662/1537 462/1648/1523 461/1663/1538
f 520/1662/1537 461/1663/1538 521/1664/1539
f 521/1664/1539 461/1663/1538 1143/1665/1540
f 521/1664/1539 1143/1665/1540 1144/1666/1541
f 1143/1665/1540 461/1663/1538 1142/1667/1542
f 1142/1667/1542 461/1663/1538 1140/1668/1543
f 1142/1667/1542 1140/1668/1543 1141/1669/1544
f 521/1664/1539 1144/1666/1541 522/1670/1545
f 522/1670/1545 1144/1666/1541 1145/1671/1546
f 522/1670/1545 1145/1671/1546 1146/1672/1547
f 1146/1672/1547 1147/1673/1548 522/1670/1545
f 515/1674/1549 495/1675/1550 516/1623/1498
f 516/1623/1498 495/1675/1550 494/1676/1551
f 516/1623/1498 494/1676/1551 1180/1677/1552
f 1180/1677/1552 494/1676/1551 455/1678/1553
f 1180/1677/1552 455/1678/1553 1179/1679/1554
f 1179/1679/1554 455/1678/1553 454/1680/1555
f 1179/1679/1554 454/1680/1555 1178/1681/1556
f 1178/1681/1556 454/1680/1555 453/1682/1557
f 1178/1681/1556 453/1682/1557 1168/1683/1558
f 1168/1683/1558 453/1682/1557 1167/1684/1559
f 1167/1684/1559 453/1682/1557 452/1685/1560
f 1167/1684/1559 452/1685/1560 1166/1686/1561
f 1166/1686/1561 452/1685/1560 451/1687/1562
f 1166/1686/1561 451/1687/1562 432/1688/1563
f 432/1688/1563 451/1687/1562 436/1689/1564
f 432/1688/1563 436/1689/1564 435/1690/1565
f 495/1675/1550 515/1674/1549 1150/1691/1566
f 1150/1691/1566 515/1674/1549 514/1692/1567
f 1150/1691/1566 514/1692/1567 1149/1693/1568
f 1149/1693/1568 514/1692/1567 1148/1694/1569
f 1148/1694/1569 514/1692/1567 513/1695/1570
f 1148/1694/1569 513/1695/1570 512/1696/1571
f 1148/1694/1569 512/1696/1571 523/1697/1572
f 523/1697/1572 512/1696/1571 511/1698/1573
f 523/1697/1572 511/1698/1573 524/1699/1574
f 524/1699/1574 511/1698/1573 525/1700/1575
f 525/1700/1575 511/1698/1573 526/1701/1576
f 495/1675/1550 1150/1691/1566 496/1702/1577
f 496/1702/1577 1150/1691/1566 1151/1703/1578
f 496/1702/1577 1151/1703/1578 497/1704/1579
f 497/1704/1579 1151/1703/1578 1152/1705/1580
f 497/1704/1579 1152/1705/1580 498/1706/1581
f 498/1706/1581 1152/1705/1580 1153/1707/1582
f 498/1706/1581 1153/1707/1582 499/1708/1583
f 499/1708/1583 1153/1707/1582 1156/1709/1584
f 1156/1709/1584 1153/1707/1582 1155/1710/1585
f 1155/1710/1585 1153/1707/1582 1154/1711/1586
f 494/1676/1551 493/1712/1587 455/1678/1553
f 455/1678/1553 493/1712/1587 456/1713/1588
f 456/1713/1588 493/1712/1587 492/1714/1589
f 456/1713/1588 492/1714/1589 457/1715/1590
f 457/1715/1590 492/1714/1589 1159/1716/1591
f 457/1715/1590 1159/1716/1591 1160/1717/1592
f 1159/1716/1591 492/1714/1589 1158/1718/1593
f 1158/1718/1593 492/1714/1589 491/1719/1594
f 1158/1718/1593 491/1719/1594 1157/1720/1595
f 1157/1720/1595 491/1719/1594 490/1721/1596
f 1157/1720/1595 490/1721/1596 471/1722/1597
f 471/1722/1597 490/1721/1596 475/1723/1598
f 471/1722/1597 475/1723/1598 472/1724/1599
f 472/1724/1599 475/1723/1598 473/1725/1600
f 473/1725/1600 475/1723/1598 474/1726/1601
f 457/1715/1590 1160/1717/1592 458/1727/1602
f 458/1727/1602 1160/1717/1592 1161/1728/1603
f 458/1727/1602 1161/1728/1603 459/1729/1604
f 459/1729/1604 1161/1728/1603 1162/1730/1605
f 459/1729/1604 1162/1730/1605 460/1731/1606
f 460/1731/1606 1162/1730/1605 1165/1732/1607
f 1165/1732/1607 1162/1730/1605 1164/1733/1608
f 1164/1733/1608 1162/1730/1605 1163/1734/1609
f 435/1690/1565 434/1735/1610 432/1688/1563
f 432/1688/1563 434/1735/1610 433/1736/1611
f 1168/1683/1558 1169/1737/1612 1178/1681/1556
f 1178/1681/1556 1169/1737/1612 1177/1738/1613
f 1177/1738/1613 1169/1737/1612 1170/1739/1614
f 1177/1738/1613 1170/1739/1614 1176/1740/1615
f 1176/1740/1615 1170/1739/1614 1171/1741/1616
f 1176/1740/1615 1171/1741/1616 1175/1742/1617
f 1175/1742/1617 1171/1741/1616 1172/1743/1618
f 1175/1742/1617 1172/1743/1618 1173/1744/1619
f 1173/1744/1619 1174/1745/1620 1175/1742/1617
f 516/1623/1498 1180/1677/1552 1204/1624/1499
f 1204/1624/1499 1180/1677/1552 1181/1746/1621
f 1204/1624/1499 1181/1746/1621 1203/1747/1622
f 1203/1747/1622 1181/1746/1621 1192/1748/1623
f 1203/1747/1622 1192/1748/1623 1202/1749/1624
f 1202/1749/1624 1192/1748/1623 1193/1750/1625
f 1202/1749/1624 1193/1750/1625 1194/1751/1626
f 1181/1746/1621 1182/1752/1627 1192/1748/1623
f 1192/1748/1623 1182/1752/1627 1191/1753/1628
f 1191/1753/1628 1182/1752/1627 1183/1754/1629
f 1191/1753/1628 1183/1754/1629 1190/1755/1630
f 1190/1755/1630 1183/1754/1629 1184/1756/1631
f 1190/1755/1630 1184/1756/1631 1189/1757/1632
f 1189/1757/1632 1184/1756/1631 1185/1758/1633
f 1189/1757/1632 1185/1758/1633 1186/1759/1634
f 1186/1759/1634 1187/1760/1635 1189/1757/1632
f 1189/1757/1632 1187/1760/1635 1188/1761/1636
f 1195/1762/1637 1200/1763/1638 1194/1751/1626
f 1194/1751/1626 1200/1763/1638 1201/1764/1639
f 1194/1751/1626 1201/1764/1639 1202/1749/1624
f 1200/1763/1638 1195/1762/1637 1199/1765/1640
f 1199/1765/1640 1195/1762/1637 1196/1766/1641
f 1199/1765/1640 1196/1766/1641 1197/1767/1642
f 1197/1767/1642 1198/1768/1643 1199/1765/1640
f 1215/1636/1511 1216/1769/1644 1219/1634/1509
f 1219/1634/1509 1216/1769/1644 1218/1770/1645
f 1218/1770/1645 1216/1769/1644 1217/1771/1646
f 1221/1631/1506 1222/1772/1647 1235/1629/1504
f 1235/1629/1504 1222/1772/1647 1234/1773/1648
f 1234/1773/1648 1222/1772/1647 1223/1774/1649
f 1234/1773/1648 1223/1774/1649 1233/1775/1650
f 1233/1775/1650 1223/1774/1649 1227/1776/1651
f 1233/1775/1650 1227/1776/1651 1228/1777/1652
f 1227/1776/1651 1223/1774/1649 1226/1778/1653
f 1226/1778/1653 1223/1774/1649 1224/1779/1654
f 1226/1778/1653 1224/1779/1654 1225/1780/1655
f 1233/1775/1650 1228/1777/1652 1232/1781/1656
f 1232/1781/1656 1228/1777/1652 1229/1782/1657
f 1232/1781/1656 1229/1782/1657 1230/1783/1658
f 1230/1783/1658 1231/1784/1659 1232/1781/1656
f 1239/1539/1414 1240/1533/1408 1087/1535/1410
f 1244/1785/1660 1321/1786/1661 1243/1787/1662
f 1243/1787/1662 1321/1786/1661 1322/1788/1663
f 1243/1787/1662 1322/1788/1663 1323/1789/1664
f 1245/1790/1665 626/1791/1666 1244/1785/1660
f 1244/1785/1660 626/1791/1666 1320/1792/1667
f 1244/1785/1660 1320/1792/1667 1321/1786/1661
f 1246/1793/1668 628/1794/1669 1245/1790/1665
f 1245/1790/1665 628/1794/1669 627/1795/1670
f 1245/1790/1665 627/1795/1670 626/1791/1666
f 1247/1796/1671 618/1797/1672 1246/1793/1668
f 1246/1793/1668 618/1797/1672 617/1798/1673
f 1246/1793/1668 617/1798/1673 628/1794/1669
f 1248/1799/1674 622/1800/1675 1247/1796/1671
f 1247/1796/1671 622/1800/1675 621/1801/1676
f 1247/1796/1671 621/1801/1676 620/1802/1677
f 622/1800/1675 1248/1799/1674 623/1803/1678
f 623/1803/1678 1248/1799/1674 1249/1804/1679
f 623/1803/1678 1249/1804/1679 577/1805/1680
f 577/1805/1680 1249/1804/1679 1250/1806/1681
f 577/1805/1680 1250/1806/1681 578/1807/1682
f 578/1807/1682 1250/1806/1681 1251/1808/1683
f 578/1807/1682 1251/1808/1683 579/1809/1684
f 579/1809/1684 1251/1808/1683 1252/1810/1685
f 579/1809/1684 1252/1810/1685 580/1811/1686
f 580/1811/1686 1252/1810/1685 569/1812/1687
f 569/1812/1687 1252/1810/1685 570/1813/1688
f 570/1813/1688 1252/1810/1685 1253/1814/1689
f 570/1813/1688 1253/1814/1689 571/1815/1690
f 571/1815/1690 1253/1814/1689 572/1816/1691
f 572/1816/1691 1253/1814/1689 573/1817/1692
f 573/1817/1692 1253/1814/1689 1254/1818/1693
f 573/1817/1692 1254/1818/1693 574/1819/1694
f 574/1819/1694 1254/1818/1693 575/1820/1695
f 575/1820/1695 1254/1818/1693 1255/1821/1696
f 575/1820/1695 1255/1821/1696 576/1822/1697
f 576/1822/1697 1255/1821/1696 1256/1823/1698
f 576/1822/1697 1256/1823/1698 1049/1824/1699
f 1049/1824/1699 1256/1823/1698 1257/1825/1700
f 1049/1824/1699 1257/1825/1700 1258/1826/1701
f 1259/1827/1702 1039/1828/1703 1258/1826/1701
f 1258/1826/1701 1039/1828/1703 1050/1829/1704
f 1258/1826/1701 1050/1829/1704 1049/1824/1699
f 1260/1830/1705 1042/1831/1706 1259/1827/1702
f 1259/1827/1702 1042/1831/1706 1041/1832/1707
f 1259/1827/1702 1041/1832/1707 1040/1833/1708
f 1261/1834/1709 1045/1835/1710 1260/1830/1705
f 1260/1830/1705 1045/1835/1710 1044/1836/1711
f 1260/1830/1705 1044/1836/1711 1043/1837/1712
f 1262/1838/1713 1047/1839/1714 1261/1834/1709
f 1261/1834/1709 1047/1839/1714 1046/1840/1715
f 1261/1834/1709 1046/1840/1715 1045/1835/1710
f 1262/1838/1713 1263/1841/1716 1047/1839/1714
f 1047/1839/1714 1263/1841/1716 964/1842/1717
f 1047/1839/1714 964/1842/1717 1048/1843/1718
f 1048/1843/1718 964/1842/1717 963/1844/1719
f 1048/1843/1718 963/1844/1719 577/1805/1680
f 577/1805/1680 963/1844/1719 624/1845/1720
f 577/1805/1680 624/1845/1720 623/1803/1678
f 1263/1841/1716 1264/1846/1721 964/1842/1717
f 964/1842/1717 1264/1846/1721 953/1847/1722
f 953/1847/1722 1264/1846/1721 1265/1848/1723
f 953/1847/1722 1265/1848/1723 954/1849/1724
f 954/1849/1724 1265/1848/1723 955/1850/1725
f 955/1850/1725 1265/1848/1723 1266/1851/1726
f 955/1850/1725 1266/1851/1726 956/1852/1727
f 956/1852/1727 1266/1851/1726 957/1853/1728
f 957/1853/1728 1266/1851/1726 958/1854/1729
f 958/1854/1729 1266/1851/1726 1267/1855/1730
f 958/1854/1729 1267/1855/1730 959/1856/1731
f 959/1856/1731 1267/1855/1730 960/1857/1732
f 960/1857/1732 1267/1855/1730 961/1858/1733
f 961/1858/1733 1267/1855/1730 1268/1859/1734
f 961/1858/1733 1268/1859/1734 962/1860/1735
f 962/1860/1735 1268/1859/1734 1269/1861/1736
f 962/1860/1735 1269/1861/1736 963/1844/1719
f 963/1844/1719 1269/1861/1736 1270/1862/1737
f 963/1844/1719 1270/1862/1737 905/1863/1738
f 905/1863/1738 1270/1862/1737 1271/1864/1739
f 905/1863/1738 1271/1864/1739 906/1865/1740
f 906/1865/1740 1271/1864/1739 1272/1866/1741
f 906/1865/1740 1272/1866/1741 907/1867/1742
f 907/1867/1742 1272/1866/1741 908/1868/1743
f 908/1868/1743 1272/1866/1741 909/1869/1744
f 909/1869/1744 1272/1866/1741 910/1870/1745
f 910/1870/1745 1272/1866/1741 1273/1871/1746
f 910/1870/1745 1273/1871/1746 911/1872/1747
f 911/1872/1747 1273/1871/1746 912/1873/1748
f 912/1873/1748 1273/1871/1746 1274/1874/1749
f 912/1873/1748 1274/1874/1749 913/1875/1750
f 913/1875/1750 1274/1874/1749 914/1876/1751
f 914/1876/1751 1274/1874/1749 1275/1877/1752
f 914/1876/1751 1275/1877/1752 4/1878/1753
f 4/1878/1753 1275/1877/1752 5/1879/1754
f 5/1879/1754 1275/1877/1752 1276/1880/1755
f 5/1879/1754 1276/1880/1755 1278/1881/1756
f 1278/1881/1756 1276/1880/1755 1277/1882/1757
f 914/1876/1751 4/1878/1753 915/1883/1758
f 915/1883/1758 4/1878/1753 3/1884/1759
f 915/1883/1758 3/1884/1759 859/1885/1760
f 859/1885/1760 3/1884/1759 2/1886/1761
f 859/1885/1760 2/1886/1761 860/1887/1762
f 860/1887/1762 2/1886/1761 1282/1888/1763
f 860/1887/1762 1282/1888/1763 1283/1889/1764
f 2/1886/1761 1/1890/1765 1282/1888/1763
f 1282/1888/1763 1/1890/1765 1281/1891/1766
f 1281/1891/1766 1/1890/1765 1279/1892/1767
f 1281/1891/1766 1279/1892/1767 1280/1893/1768
f 1284/1894/1769 862/1895/1770 1283/1889/1764
f 1283/1889/1764 862/1895/1770 861/1896/1771
f 1283/1889/1764 861/1896/1771 860/1887/1762
f 1285/1897/1772 864/1898/1773 1284/1894/1769
f 1284/1894/1769 864/1898/1773 863/1899/1774
f 1284/1894/1769 863/1899/1774 862/1895/1770
f 1286/1900/1775 868/1901/1776 1285/1897/1772
f 1285/1897/1772 868/1901/1776 867/1902/1777
f 1285/1897/1772 867/1902/1777 866/1903/1778
f 868/1901/1776 1286/1900/1775 857/1904/1779
f 857/1904/1779 1286/1900/1775 1287/1905/1780
f 857/1904/1779 1287/1905/1780 811/1906/1781
f 811/1906/1781 1287/1905/1780 1288/1907/1782
f 811/1906/1781 1288/1907/1782 812/1908/1783
f 812/1908/1783 1288/1907/1782 1289/1909/1784
f 812/1908/1783 1289/1909/1784 813/1910/1785
f 813/1910/1785 1289/1909/1784 1290/1911/1786
f 813/1910/1785 1290/1911/1786 814/1912/1787
f 814/1912/1787 1290/1911/1786 815/1913/1788
f 815/1913/1788 1290/1911/1786 816/1914/1789
f 816/1914/1789 1290/1911/1786 1291/1915/1790
f 816/1914/1789 1291/1915/1790 817/1916/1791
f 817/1916/1791 1291/1915/1790 818/1917/1792
f 818/1917/1792 1291/1915/1790 819/1918/1793
f 819/1918/1793 1291/1915/1790 1292/1919/1794
f 819/1918/1793 1292/1919/1794 820/1920/1795
f 820/1920/1795 1292/1919/1794 809/1921/1796
f 809/1921/1796 1292/1919/1794 1293/1922/1797
f 809/1921/1796 1293/1922/1797 810/1923/1798
f 810/1923/1798 1293/1922/1797 1294/1924/1799
f 810/1923/1798 1294/1924/1799 765/1925/1800
f 765/1925/1800 1294/1924/1799 1295/1926/1801
f 765/1925/1800 1295/1926/1801 1296/1927/1802
f 1297/1928/1803 767/1929/1804 1296/1927/1802
f 1296/1927/1802 767/1929/1804 766/1930/1805
f 1296/1927/1802 766/1930/1805 765/1925/1800
f 1298/1931/1806 770/1932/1807 1297/1928/1803
f 1297/1928/1803 770/1932/1807 769/1933/1808
f 1297/1928/1803 769/1933/1808 768/1934/1809
f 1299/1935/1810 761/1936/1811 1298/1931/1806
f 1298/1931/1806 761/1936/1811 772/1937/1812
f 1298/1931/1806 772/1937/1812 771/1938/1813
f 1300/1939/1814 763/1940/1815 1299/1935/1810
f 1299/1935/1810 763/1940/1815 762/1941/1816
f 1299/1935/1810 762/1941/1816 761/1936/1811
f 1300/1939/1814 1301/1942/1817 763/1940/1815
f 763/1940/1815 1301/1942/1817 718/1943/1818
f 763/1940/1815 718/1943/1818 764/1944/1819
f 764/1944/1819 718/1943/1818 717/1945/1820
f 764/1944/1819 717/1945/1820 811/1906/1781
f 811/1906/1781 717/1945/1820 858/1946/1821
f 811/1906/1781 858/1946/1821 857/1904/1779
f 1301/1942/1817 1302/1947/1822 718/1943/1818
f 718/1943/1818 1302/1947/1822 719/1948/1823
f 719/1948/1823 1302/1947/1822 1303/1949/1824
f 719/1948/1823 1303/1949/1824 720/1950/1825
f 720/1950/1825 1303/1949/1824 721/1951/1826
f 721/1951/1826 1303/1949/1824 1304/1952/1827
f 721/1951/1826 1304/1952/1827 722/1953/1828
f 722/1953/1828 1304/1952/1827 723/1954/1829
f 723/1954/1829 1304/1952/1827 724/1955/1830
f 724/1955/1830 1304/1952/1827 1305/1956/1831
f 724/1955/1830 1305/1956/1831 713/1957/1832
f 713/1957/1832 1305/1956/1831 714/1958/1833
f 714/1958/1833 1305/1956/1831 715/1959/1834
f 715/1959/1834 1305/1956/1831 1306/1960/1835
f 715/1959/1834 1306/1960/1835 716/1961/1836
f 716/1961/1836 1306/1960/1835 1307/1962/1837
f 716/1961/1836 1307/1962/1837 717/1945/1820
f 717/1945/1820 1307/1962/1837 1308/1963/1838
f 717/1945/1820 1308/1963/1838 671/1964/1839
f 671/1964/1839 1308/1963/1838 1309/1965/1840
f 671/1964/1839 1309/1965/1840 672/1966/1841
f 672/1966/1841 1309/1965/1840 1310/1967/1842
f 672/1966/1841 1310/1967/1842 673/1968/1843
f 673/1968/1843 1310/1967/1842 674/1969/1844
f 674/1969/1844 1310/1967/1842 675/1970/1845
f 675/1970/1845 1310/1967/1842 676/1971/1846
f 676/1971/1846 1310/1967/1842 1311/1972/1847
f 676/1971/1846 1311/1972/1847 665/1973/1848
f 665/1973/1848 1311/1972/1847 666/1974/1849
f 666/1974/1849 1311/1972/1847 1312/1975/1850
f 666/1974/1849 1312/1975/1850 667/1976/1851
f 667/1976/1851 1312/1975/1850 668/1977/1852
f 668/1977/1852 1312/1975/1850 1313/1978/1853
f 668/1977/1852 1313/1978/1853 1318/1979/1854
f 1318/1979/1854 1313/1978/1853 1317/1980/1855
f 1317/1980/1855 1313/1978/1853 1314/1981/1856
f 1317/1980/1855 1314/1981/1856 1316/1982/1857
f 1316/1982/1857 1314/1981/1856 1315/1983/1858
f 668/1977/1852 1318/1979/1854 669/1984/1859
f 669/1984/1859 1318/1979/1854 1319/1985/1860
f 669/1984/1859 1319/1985/1860 625/1986/1861
f 625/1986/1861 1319/1985/1860 1320/1792/1667
f 625/1986/1861 1320/1792/1667 626/1791/1666
f 577/1805/1680 576/1822/1697 1048/1843/1718
f 1048/1843/1718 576/1822/1697 1049/1824/1699
f 669/1984/1859 625/1986/1861 670/1987/1862
f 670/1987/1862 625/1986/1861 624/1845/1720
f 670/1987/1862 624/1845/1720 916/1988/1863
f 916/1988/1863 624/1845/1720 963/1844/1719
f 916/1988/1863 963/1844/1719 905/1863/1738
f 620/1802/1677 619/1989/1864 1247/1796/1671
f 1247/1796/1671 619/1989/1864 618/1797/1672
f 671/1964/1839 670/1987/1862 717/1945/1820
f 717/1945/1820 670/1987/1862 858/1946/1821
f 771/1938/1813 770/1932/1807 1298/1931/1806
f 768/1934/1809 767/1929/1804 1297/1928/1803
f 765/1925/1800 764/1944/1819 810/1923/1798
f 810/1923/1798 764/1944/1819 811/1906/1781
f 866/1903/1778 865/1990/1865 1285/1897/1772
f 1285/1897/1772 865/1990/1865 864/1898/1773
f 859/1885/1760 858/1946/1821 915/1883/1758
f 915/1883/1758 858/1946/1821 916/1988/1863
f 916/1988/1863 858/1946/1821 670/1987/1862
f 1043/1837/1712 1042/1831/1706 1260/1830/1705
f 1040/1833/1708 1039/1828/1703 1259/1827/1702
f 1324/1991/1866 1325/1992/1867 1332/1993/1868
f 1332/1993/1868 1325/1992/1867 1326/1994/1869
f 1332/1993/1868 1326/1994/1869 1331/1995/1870
f 1331/1995/1870 1326/1994/1869 1327/1996/1871
f 1331/1995/1870 1327/1996/1871 1330/1997/1872
f 1330/1997/1872 1327/1996/1871 1328/1998/1873
f 1330/1997/1872 1328/1998/1873 466/1999/1874
f 466/1999/1874 1328/1998/1873 1329/2000/1875
f 1333/2001/1876 1334/2002/1877 1345/2003/1878
f 1345/2003/1878 1334/2002/1877 1344/2004/1879
f 1344/2004/1879 1334/2002/1877 1335/2005/1880
f 1344/2004/1879 1335/2005/1880 1343/2006/1881
f 1343/2006/1881 1335/2005/1880 1342/2007/1882
f 1342/2007/1882 1335/2005/1880 1341/2008/1883
f 1341/2008/1883 1335/2005/1880 1340/2009/1884
f 1340/2009/1884 1335/2005/1880 1336/2010/1885
f 1340/2009/1884 1336/2010/1885 1339/2011/1886
f 1339/2011/1886 1336/2010/1885 1338/2012/1887
f 1338/2012/1887 1336/2010/1885 1337/2013/1888
f 1337/2013/1888 1336/2010/1885 1325/2014/1867
f 1337/2013/1888 1325/2014/1867 1324/2015/1866
f 1346/2016/1889 1347/2017/1890 1424/2018/1891
f 1424/2018/1891 1347/2017/1890 1423/2019/1892
f 1423/2019/1892 1347/2017/1890 1348/2020/1893
f 1423/2019/1892 1348/2020/1893 1422/2021/1894
f 1422/2021/1894 1348/2020/1893 1421/2022/1895
f 1421/2022/1895 1348/2020/1893 534/2023/555
f 534/2023/555 1348/2020/1893 535/2024/554
f 535/2024/554 1348/2020/1893 1420/2025/1896
f 1420/2025/1896 1348/2020/1893 1349/2026/1897
f 1420/2025/1896 1349/2026/1897 1419/2027/1898
f 1419/2027/1898 1349/2026/1897 1350/2028/1899
f 1419/2027/1898 1350/2028/1899 1418/2029/1900
f 1418/2029/1900 1350/2028/1899 1351/2030/1901
f 1418/2029/1900 1351/2030/1901 1417/2031/1902
f 1417/2031/1902 1351/2030/1901 1352/2032/1903
f 1417/2031/1902 1352/2032/1903 1416/2033/1904
f 1416/2033/1904 1352/2032/1903 1353/2034/1905
f 1416/2033/1904 1353/2034/1905 1415/2035/1906
f 1415/2035/1906 1353/2034/1905 1414/2036/1907
f 1414/2036/1907 1353/2034/1905 1413/2037/1908
f 1413/2037/1908 1353/2034/1905 1412/2038/1909
f 1412/2038/1909 1353/2034/1905 1354/2039/1910
f 1412/2038/1909 1354/2039/1910 1411/2040/1911
f 1411/2040/1911 1354/2039/1910 1410/2041/1912
f 1410/2041/1912 1354/2039/1910 1409/2042/1913
f 1409/2042/1913 1354/2039/1910 1408/2043/1914
f 1408/2043/1914 1354/2039/1910 1355/2044/1915
f 1408/2043/1914 1355/2044/1915 543/2045/564
f 543/2045/564 1355/2044/1915 1407/2046/1916
f 543/2045/564 1407/2046/1916 544/2047/563
f 1355/2044/1915 1356/2048/1917 1407/2046/1916
f 1407/2046/1916 1356/2048/1917 1406/2049/1918
f 1406/2049/1918 1356/2048/1917 1357/2050/1919
f 1406/2049/1918 1357/2050/1919 1405/2051/1920
f 1405/2051/1920 1357/2050/1919 1358/2052/1921
f 1405/2051/1920 1358/2052/1921 1404/2053/1922
f 1404/2053/1922 1358/2052/1921 1403/2054/1923
f 1403/2054/1923 1358/2052/1921 1359/2055/1924
f 1403/2054/1923 1359/2055/1924 348/2056/536
f 348/2056/536 1359/2055/1924 268/2057/271
f 268/2057/271 1359/2055/1924 1360/2058/1925
f 268/2057/271 1360/2058/1925 1402/2059/1926
f 1402/2059/1926 1360/2058/1925 1401/2060/1927
f 1401/2060/1927 1360/2058/1925 1400/2061/1928
f 1400/2061/1928 1360/2058/1925 1399/2062/1929
f 1399/2062/1929 1360/2058/1925 1361/2063/1930
f 1399/2062/1929 1361/2063/1930 1398/2064/1931
f 1398/2064/1931 1361/2063/1930 1397/2065/1932
f 1397/2065/1932 1361/2063/1930 552/2066/573
f 552/2066/573 1361/2063/1930 1362/2067/1933
f 552/2066/573 1362/2067/1933 1396/2068/1934
f 1396/2068/1934 1362/2067/1933 1363/2069/1935
f 1396/2068/1934 1363/2069/1935 1395/2070/1936
f 1395/2070/1936 1363/2069/1935 1394/2071/1937
f 1394/2071/1937 1363/2069/1935 1364/2072/1938
f 1394/2071/1937 1364/2072/1938 1393/2073/1939
f 1393/2073/1939 1364/2072/1938 1365/2074/1940
f 1393/2073/1939 1365/2074/1940 1392/2075/1941
f 1392/2075/1941 1365/2074/1940 1366/2076/1942
f 1392/2075/1941 1366/2076/1942 377/2077/541
f 377/2077/541 1366/2076/1942 285/2078/287
f 285/2078/287 1366/2076/1942 1391/2079/1943
f 1391/2079/1943 1366/2076/1942 1390/2080/1944
f 1390/2080/1944 1366/2076/1942 1367/2081/1945
f 1390/2080/1944 1367/2081/1945 1389/2082/1946
f 1389/2082/1946 1367/2081/1945 1388/2083/1947
f 1388/2083/1947 1367/2081/1945 1387/2084/1948
f 1387/2084/1948 1367/2081/1945 1368/2085/1949
f 1387/2084/1948 1368/2085/1949 1386/2086/1950
f 1386/2086/1950 1368/2085/1949 1385/2087/1951
f 1385/2087/1951 1368/2085/1949 1384/2088/1952
f 1384/2088/1952 1368/2085/1949 1383/2089/1953
f 1383/2089/1953 1368/2085/1949 1369/2090/1954
f 1383/2089/1953 1369/2090/1954 1382/2091/1955
f 1382/2091/1955 1369/2090/1954 1370/2092/1956
f 1382/2091/1955 1370/2092/1956 1381/2093/1957
f 1381/2093/1957 1370/2092/1956 1371/2094/1958
f 1381/2093/1957 1371/2094/1958 1380/2095/1959
f 1380/2095/1959 1371/2094/1958 1372/2096/1960
f 1380/2095/1959 1372/2096/1960 1379/2097/1961
f 1379/2097/1961 1372/2096/1960 1373/2098/1962
f 1379/2097/1961 1373/2098/1962 406/2099/546
f 406/2099/546 1373/2098/1962 292/2100/292
f 292/2100/292 1373/2098/1962 1378/2101/1963
f 1378/2101/1963 1373/2098/1962 1377/2102/1964
f 1377/2102/1964 1373/2098/1962 1376/2103/1965
f 1376/2103/1965 1373/2098/1962 1375/2104/1966
f 1375/2104/1966 1373/2098/1962 1334/2105/1877
f 1375/2104/1966 1334/2105/1877 1374/2106/1967
f 1374/2106/1967 1334/2105/1877 1333/2107/1876
f 1396/2068/1934 553/2108/572 552/2066/573
f 1425/2109/1968 1426/2110/1969 1437/2111/1970
f 1437/2111/1970 1426/2110/1969 1427/2112/1971
f 1437/2111/1970 1427/2112/1971 1436/2113/1972
f 1436/2113/1972 1427/2112/1971 1435/2114/1973
f 1435/2114/1973 1427/2112/1971 1434/2115/1974
f 1434/2115/1974 1427/2112/1971 1428/2116/1975
f 1434/2115/1974 1428/2116/1975 1433/2117/1976
f 1433/2117/1976 1428/2116/1975 1432/2118/1977
f 1432/2118/1977 1428/2116/1975 1431/2119/1978
f 1431/2119/1978 1428/2116/1975 1430/2120/1979
f 1430/2120/1979 1428/2116/1975 1347/2121/1890
f 1430/2120/1979 1347/2121/1890 1429/2122/1980
f 1429/2122/1980 1347/2121/1890 1346/2123/1889
f 1075/2124/1398 6/2125/1399 1443/2126/1981
f 1443/2126/1981 6/2125/1399 1438/2127/1982
f 1443/2126/1981 1438/2127/1982 1442/2128/1983
f 1442/2128/1983 1438/2127/1982 1439/2129/1984
f 1442/2128/1983 1439/2129/1984 1441/2130/1985
f 1441/2130/1985 1439/2129/1984 1440/2131/1986
f 1441/2130/1985 1440/2131/1986 1425/2132/1968
f 1425/2132/1968 1440/2131/1986 1426/2133/1969
f 1444/2134/1987 1445/2135/1988 1451/2136/1989
f 1451/2136/1989 1445/2135/1988 1446/2137/1990
f 1451/2136/1989 1446/2137/1990 1450/2138/1991
f 1450/2138/1991 1446/2137/1990 1447/2139/1992
f 1450/2138/1991 1447/2139/1992 1449/2140/1993
f 1449/2140/1993 1447/2139/1992 1448/2141/1994
f 1449/2140/1993 1448/2141/1994 1079/2142/1390
f 1079/2142/1390 1448/2141/1994 10/2143/1391
f 1452/2144/1995 1453/2145/1996 1464/2146/1997
f 1464/2146/1997 1453/2145/1996 1463/2147/1998
f 1463/2147/1998 1453/2145/1996 1454/2148/1999
f 1463/2147/1998 1454/2148/1999 1462/2149/2000
f 1462/2149/2000 1454/2148/1999 1461/2150/2001
f 1461/2150/2001 1454/2148/1999 1460/2151/2002
f 1460/2151/2002 1454/2148/1999 1459/2152/2003
f 1459/2152/2003 1454/2148/1999 1455/2153/2004
f 1459/2152/2003 1455/2153/2004 1458/2154/2005
f 1458/2154/2005 1455/2153/2004 1457/2155/2006
f 1457/2155/2006 1455/2153/2004 1456/2156/2007
f 1456/2156/2007 1455/2153/2004 1445/2157/1988
f 1456/2156/2007 1445/2157/1988 1444/2158/1987
f 1465/2159/2008 1466/2160/2009 1548/2161/2010
f 1548/2161/2010 1466/2160/2009 1547/2162/2011
f 1547/2162/2011 1466/2160/2009 1467/2163/2012
f 1547/2162/2011 1467/2163/2012 1546/2164/2013
f 1546/2164/2013 1467/2163/2012 1545/2165/2014
f 1545/2165/2014 1467/2163/2012 311/2166/314
f 311/2166/314 1467/2163/2012 530/2167/2015
f 530/2167/2015 1467/2163/2012 1544/2168/2016
f 1544/2168/2016 1467/2163/2012 1468/2169/2017
f 1544/2168/2016 1468/2169/2017 1543/2170/2018
f 1543/2170/2018 1468/2169/2017 1469/2171/2019
f 1543/2170/2018 1469/2171/2019 1542/2172/2020
f 1542/2172/2020 1469/2171/2019 1470/2173/2021
f 1542/2172/2020 1470/2173/2021 1541/2174/2022
f 1541/2174/2022 1470/2173/2021 1471/2175/2023
f 1541/2174/2022 1471/2175/2023 1540/2176/2024
f 1540/2176/2024 1471/2175/2023 1472/2177/2025
f 1540/2176/2024 1472/2177/2025 1539/2178/2026
f 1539/2178/2026 1472/2177/2025 1538/2179/2027
f 1538/2179/2027 1472/2177/2025 1537/2180/2028
f 1537/2180/2028 1472/2177/2025 1536/2181/2029
f 1536/2181/2029 1472/2177/2025 1473/2182/2030
f 1536/2181/2029 1473/2182/2030 1535/2183/2031
f 1535/2183/2031 1473/2182/2030 1534/2184/2032
f 1534/2184/2032 1473/2182/2030 1533/2185/2033
f 1533/2185/2033 1473/2182/2030 1532/2186/2034
f 1532/2186/2034 1473/2182/2030 1474/2187/2035
f 1532/2186/2034 1474/2187/2035 331/2188/335
f 331/2188/335 1474/2187/2035 1531/2189/2036
f 331/2188/335 1531/2189/2036 480/2190/2037
f 1474/2187/2035 1475/2191/2038 1531/2189/2036
f 1531/2189/2036 1475/2191/2038 1530/2192/2039
f 1530/2192/2039 1475/2191/2038 1476/2193/2040
f 1530/2192/2039 1476/2193/2040 1529/2194/2041
f 1529/2194/2041 1476/2193/2040 1477/2195/2042
f 1529/2194/2041 1477/2195/2042 1528/2196/2043
f 1528/2196/2043 1477/2195/2042 1527/2197/2044
f 1527/2197/2044 1477/2195/2042 1478/2198/2045
f 1527/2197/2044 1478/2198/2045 1526/2199/2046
f 1526/2199/2046 1478/2198/2045 1525/2200/2047
f 1525/2200/2047 1478/2198/2045 1479/2201/2048
f 1525/2200/2047 1479/2201/2048 1524/2202/2049
f 1524/2202/2049 1479/2201/2048 1523/2203/2050
f 1523/2203/2050 1479/2201/2048 1522/2204/2051
f 1522/2204/2051 1479/2201/2048 1521/2205/2052
f 1521/2205/2052 1479/2201/2048 1480/2206/2053
f 1521/2205/2052 1480/2206/2053 1520/2207/2054
f 1520/2207/2054 1480/2206/2053 1519/2208/2055
f 1519/2208/2055 1480/2206/2053 54/2209/57
f 54/2209/57 1480/2206/2053 1481/2210/2056
f 54/2209/57 1481/2210/2056 1518/2211/2057
f 1518/2211/2057 1481/2210/2056 1482/2212/2058
f 1518/2211/2057 1482/2212/2058 1517/2213/2059
f 1517/2213/2059 1482/2212/2058 1516/2214/2060
f 1516/2214/2060 1482/2212/2058 1483/2215/2061
f 1516/2214/2060 1483/2215/2061 1515/2216/2062
f 1515/2216/2062 1483/2215/2061 1484/2217/2063
f 1515/2216/2062 1484/2217/2063 1514/2218/2064
f 1514/2218/2064 1484/2217/2063 1485/2219/2065
f 1514/2218/2064 1485/2219/2065 1513/2220/2066
f 1513/2220/2066 1485/2219/2065 1512/2221/2067
f 1512/2221/2067 1485/2219/2065 1511/2222/2068
f 1511/2222/2068 1485/2219/2065 1510/2223/2069
f 1510/2223/2069 1485/2219/2065 1486/2224/2070
f 1510/2223/2069 1486/2224/2070 1509/2225/2071
f 1509/2225/2071 1486/2224/2070 1508/2226/2072
f 1508/2226/2072 1486/2224/2070 1507/2227/2073
f 1507/2227/2073 1486/2224/2070 1487/2228/2074
f 1507/2227/2073 1487/2228/2074 1506/2229/2075
f 1506/2229/2075 1487/2228/2074 1505/2230/2076
f 1505/2230/2076 1487/2228/2074 1504/2231/2077
f 1504/2231/2077 1487/2228/2074 1503/2232/2078
f 1503/2232/2078 1487/2228/2074 1488/2233/2079
f 1503/2232/2078 1488/2233/2079 1502/2234/2080
f 1502/2234/2080 1488/2233/2079 1489/2235/2081
f 1502/2234/2080 1489/2235/2081 1501/2236/2082
f 1501/2236/2082 1489/2235/2081 1490/2237/2083
f 1501/2236/2082 1490/2237/2083 1500/2238/2084
f 1500/2238/2084 1490/2237/2083 1491/2239/2085
f 1500/2238/2084 1491/2239/2085 1499/2240/2086
f 1499/2240/2086 1491/2239/2085 1492/2241/2087
f 1499/2240/2086 1492/2241/2087 1498/2242/2088
f 1498/2242/2088 1492/2241/2087 1497/2243/2089
f 1497/2243/2089 1492/2241/2087 1496/2244/2090
f 1496/2244/2090 1492/2241/2087 1495/2245/2091
f 1495/2245/2091 1492/2241/2087 1494/2246/2092
f 1494/2246/2092 1492/2241/2087 1453/2247/1996
f 1494/2246/2092 1453/2247/1996 1493/2248/2093
f 1493/2248/2093 1453/2247/1996 1452/2249/1995
f 1518/2211/2057 441/2250/2094 54/2209/57
f 1549/2251/2095 1550/2252/2096 1561/2253/2097
f 1561/2253/2097 1550/2252/2096 1551/2254/2098
f 1561/2253/2097 1551/2254/2098 1560/2255/2099
f 1560/2255/2099 1551/2254/2098 1559/2256/2100
f 1559/2256/2100 1551/2254/2098 1558/2257/2101
f 1558/2257/2101 1551/2254/2098 1552/2258/2102
f 1558/2257/2101 1552/2258/2102 1557/2259/2103
f 1557/2259/2103 1552/2258/2102 1556/2260/2104
f 1556/2260/2104 1552/2258/2102 1555/2261/2105
f 1555/2261/2105 1552/2258/2102 1554/2262/2106
f 1554/2262/2106 1552/2258/2102 1466/2263/2009
f 1554/2262/2106 1466/2263/2009 1553/2264/2107
f 1553/2264/2107 1466/2263/2009 1465/2265/2008
f 470/2266/2108 1562/2267/2109 1568/2268/2110
f 1568/2268/2110 1562/2267/2109 1563/2269/2111
f 1568/2268/2110 1563/2269/2111 1567/2270/2112
f 1567/2270/2112 1563/2269/2111 1564/2271/2113
f 1567/2270/2112 1564/2271/2113 1566/2272/2114
f 1566/2272/2114 1564/2271/2113 1565/2273/2115
f 1566/2272/2114 1565/2273/2115 1549/2274/2095
f 1549/2274/2095 1565/2273/2115 1550/2275/2096
f 466/2276/1874 1329/2277/1875 467/2278/2116
f 467/2278/2116 1329/2277/1875 1569/2279/2117
f 467/2278/2116 1569/2279/2117 468/2280/2118
f 468/2280/2118 1569/2279/2117 1570/2281/2119
f 468/2280/2118 1570/2281/2119 469/2282/2120
f 469/2282/2120 1570/2281/2119 1571/2283/2121
f 469/2282/2120 1571/2283/2121 470/2284/2108
f 470/2284/2108 1571/2283/2121 1562/2285/2109
f 264/2286/267 1064/2287/2122 235/2288/261
f 235/2288/261 1064/2287/2122 1063/2289/2123
f 235/2288/261 1063/2289/2123 236/2290/260
f 236/2290/260 1063/2289/2123 1074/2291/2124
f 236/2290/260 1074/2291/2124 237/2292/259
f 237/2292/259 1074/2291/2124 1073/2293/2125
f 237/2292/259 1073/2293/2125 238/2294/258
f 238/2294/258 1073/2293/2125 1072/2295/2126
f 238/2294/258 1072/2295/2126 239/2296/257
f 239/2296/257 1072/2295/2126 240/2297/256
f 240/2297/256 1072/2295/2126 1071/2298/2127
f 240/2297/256 1071/2298/2127 241/2299/255
f 241/2299/255 1071/2298/2127 1070/2300/2128
f 241/2299/255 1070/2300/2128 242/2301/254
f 242/2301/254 1070/2300/2128 1069/2302/2129
f 242/2301/254 1069/2302/2129 243/2303/253
f 243/2303/253 1069/2302/2129 1068/2304/2130
f 243/2303/253 1068/2304/2130 1576/2305/2131
f 1576/2305/2131 1068/2304/2130 1067/2306/2132
f 1576/2305/2131 1067/2306/2132 1575/2307/2133
f 1575/2307/2133 1067/2306/2132 1573/2308/2134
f 1575/2307/2133 1573/2308/2134 1574/2309/2135
f 1064/2287/2122 264/2286/267 1065/2310/2136
f 1065/2310/2136 264/2286/267 263/2311/265
f 1065/2310/2136 263/2311/265 1572/2312/2137
f 1572/2312/2137 263/2311/265 262/2313/263
f 1065/2310/2136 1572/2312/2137 1066/2314/2138
f 1066/2314/2138 1572/2312/2137 1573/2308/2134
f 1066/2314/2138 1573/2308/2134 1067/2306/2132
f 1577/2315/2139 977/2316/2140 196/2317/222
f 196/2317/222 977/2316/2140 988/2318/2141
f 196/2317/222 988/2318/2141 197/2319/221
f 197/2319/221 988/2318/2141 987/2320/2142
f 197/2319/221 987/2320/2142 198/2321/220
f 198/2321/220 987/2320/2142 986/2322/2143
f 198/2321/220 986/2322/2143 199/2323/219
f 199/2323/219 986/2322/2143 985/2324/2144
f 199/2323/219 985/2324/2144 200/2325/218
f 200/2325/218 985/2324/2144 984/2326/2145
f 200/2325/218 984/2326/2145 201/2327/217
f 201/2327/217 984/2326/2145 202/2328/216
f 202/2328/216 984/2326/2145 983/2329/2146
f 202/2328/216 983/2329/2146 203/2330/215
f 203/2330/215 983/2329/2146 982/2331/2147
f 203/2330/215 982/2331/2147 204/2332/214
f 204/2332/214 982/2331/2147 981/2333/2148
f 204/2332/214 981/2333/2148 1584/2334/2149
f 1584/2334/2149 981/2333/2148 980/2335/2150
f 1584/2334/2149 980/2335/2150 1581/2336/2151
f 1581/2336/2151 980/2335/2150 979/2337/2152
f 1581/2336/2151 979/2337/2152 1580/2338/2153
f 1580/2338/2153 979/2337/2152 978/2339/2154
f 1580/2338/2153 978/2339/2154 977/2316/2140
f 977/2316/2140 1577/2315/2139 1580/2338/2153
f 1580/2338/2153 1577/2315/2139 1578/2340/2155
f 1580/2338/2153 1578/2340/2155 1579/2341/2156
f 1582/2342/2157 1583/2343/2158 1581/2336/2151
f 1581/2336/2151 1583/2343/2158 1584/2334/2149
f 1585/2344/2159 193/2345/203 1593/2346/2160
f 1593/2346/2160 193/2345/203 192/2347/201
f 1593/2346/2160 192/2347/201 1592/2348/2161
f 1592/2348/2161 192/2347/201 191/2349/199
f 1592/2348/2161 191/2349/199 1591/2350/2162
f 1591/2350/2162 191/2349/199 190/2351/197
f 1591/2350/2162 190/2351/197 1590/2352/2163
f 1590/2352/2163 190/2351/197 189/2353/195
f 1590/2352/2163 189/2353/195 1589/2354/2164
f 1589/2354/2164 189/2353/195 188/2355/193
f 1589/2354/2164 188/2355/193 1588/2356/2165
f 1588/2356/2165 188/2355/193 187/2357/191
f 1588/2356/2165 187/2357/191 1587/2358/2166
f 1587/2358/2166 187/2357/191 186/2359/189
f 1587/2358/2166 186/2359/189 1586/2360/2167
f 1586/2360/2167 186/2359/189 185/2361/187
f 1586/2360/2167 185/2361/187 548/2362/556
f 548/2362/556 185/2361/187 184/2363/185
f 1594/2364/2168 940/2365/2169 156/2366/162
f 156/2366/162 940/2365/2169 939/2367/2170
f 156/2366/162 939/2367/2170 157/2368/160
f 157/2368/160 939/2367/2170 938/2369/2171
f 157/2368/160 938/2369/2171 158/2370/158
f 158/2370/158 938/2369/2171 937/2371/2172
f 158/2370/158 937/2371/2172 159/2372/156
f 159/2372/156 937/2371/2172 160/2373/154
f 160/2373/154 937/2371/2172 936/2374/2173
f 160/2373/154 936/2374/2173 161/2375/152
f 161/2375/152 936/2374/2173 935/2376/2174
f 161/2375/152 935/2376/2174 162/2377/150
f 162/2377/150 935/2376/2174 934/2378/2175
f 162/2377/150 934/2378/2175 163/2379/149
f 163/2379/149 934/2378/2175 933/2380/2176
f 163/2379/149 933/2380/2176 164/2381/181
f 164/2381/181 933/2380/2176 165/2382/183
f 165/2382/183 933/2380/2176 932/2383/2177
f 165/2382/183 932/2383/2177 1604/2384/2178
f 1604/2384/2178 932/2383/2177 931/2385/2179
f 1604/2384/2178 931/2385/2179 1601/2386/2180
f 1601/2386/2180 931/2385/2179 930/2387/2181
f 1601/2386/2180 930/2387/2181 1600/2388/2182
f 1600/2388/2182 930/2387/2181 929/2389/2183
f 1600/2388/2182 929/2389/2183 1599/2390/2184
f 1599/2390/2184 929/2389/2183 940/2365/2169
f 1599/2390/2184 940/2365/2169 1598/2391/2185
f 1598/2391/2185 940/2365/2169 1594/2364/2168
f 1598/2391/2185 1594/2364/2168 1595/2392/2186
f 1596/2393/2187 1597/2394/2188 1595/2392/2186
f 1595/2392/2186 1597/2394/2188 1598/2391/2185
f 1602/2395/2189 1603/2396/2190 1601/2386/2180
f 1601/2386/2180 1603/2396/2190 1604/2384/2178
f 1605/2397/2191 153/2398/167 1614/2399/2192
f 1614/2399/2192 153/2398/167 152/2400/166
f 1614/2399/2192 152/2400/166 151/2401/180
f 1614/2399/2192 151/2401/180 1613/2402/2193
f 1613/2402/2193 151/2401/180 150/2403/178
f 1613/2402/2193 150/2403/178 1612/2404/2194
f 1612/2404/2194 150/2403/178 149/2405/176
f 1612/2404/2194 149/2405/176 1611/2406/2195
f 1611/2406/2195 149/2405/176 148/2407/174
f 1611/2406/2195 148/2407/174 1610/2408/2196
f 1610/2408/2196 148/2407/174 147/2409/172
f 1610/2408/2196 147/2409/172 1609/2410/2197
f 1609/2410/2197 147/2409/172 146/2411/170
f 1609/2410/2197 146/2411/170 1608/2412/2198
f 1608/2412/2198 146/2411/170 145/2413/168
f 1608/2412/2198 145/2413/168 1607/2414/2199
f 1607/2414/2199 145/2413/168 144/2415/144
f 1607/2414/2199 144/2415/144 1606/2416/2200
f 1606/2416/2200 144/2415/144 539/2417/547
f 539/2417/547 144/2415/144 143/2418/143
f 1615/2419/2201 1616/2420/2202 1625/2421/2203
f 1625/2421/2203 1616/2420/2202 1624/2422/2204
f 1624/2422/2204 1616/2420/2202 891/2423/2205
f 1624/2422/2204 891/2423/2205 890/2424/2206
f 891/2423/2205 1616/2420/2202 892/2425/2207
f 892/2425/2207 1616/2420/2202 1617/2426/2208
f 892/2425/2207 1617/2426/2208 881/2427/2209
f 881/2427/2209 1617/2426/2208 1618/2428/2210
f 881/2427/2209 1618/2428/2210 882/2429/2211
f 882/2429/2211 1618/2428/2210 1619/2430/2212
f 882/2429/2211 1619/2430/2212 1623/2431/2213
f 1623/2431/2213 1619/2430/2212 1622/2432/2214
f 1622/2432/2214 1619/2430/2212 1620/2433/2215
f 1622/2432/2214 1620/2433/2215 1621/2434/2216
f 1623/2431/2213 124/2435/2217 882/2429/2211
f 882/2429/2211 124/2435/2217 883/2436/2218
f 883/2436/2218 124/2435/2217 123/2437/140
f 883/2436/2218 123/2437/140 884/2438/2219
f 884/2438/2219 123/2437/140 122/2439/108
f 884/2438/2219 122/2439/108 885/2440/2220
f 885/2440/2220 122/2439/108 121/2441/109
f 885/2440/2220 121/2441/109 120/2442/111
f 885/2440/2220 120/2442/111 886/2443/2221
f 886/2443/2221 120/2442/111 119/2444/113
f 886/2443/2221 119/2444/113 887/2445/2222
f 887/2445/2222 119/2444/113 118/2446/115
f 887/2445/2222 118/2446/115 888/2447/2223
f 888/2447/2223 118/2446/115 117/2448/117
f 888/2447/2223 117/2448/117 889/2449/2224
f 889/2449/2224 117/2448/117 116/2450/119
f 889/2449/2224 116/2450/119 115/2451/121
f 889/2449/2224 115/2451/121 890/2424/2206
f 890/2424/2206 115/2451/121 1624/2422/2204
f 1626/2452/2225 112/2453/126 1636/2454/2226
f 1636/2454/2226 112/2453/126 111/2455/125
f 1636/2454/2226 111/2455/125 110/2456/139
f 1636/2454/2226 110/2456/139 1635/2457/2227
f 1635/2457/2227 110/2456/139 109/2458/137
f 1635/2457/2227 109/2458/137 1634/2459/2228
f 1634/2459/2228 109/2458/137 108/2460/135
f 1634/2459/2228 108/2460/135 1633/2461/2229
f 1633/2461/2229 108/2460/135 107/2462/133
f 1633/2461/2229 107/2462/133 1632/2463/2230
f 1632/2463/2230 107/2462/133 106/2464/131
f 1632/2463/2230 106/2464/131 1631/2465/2231
f 1631/2465/2231 106/2464/131 105/2466/129
f 1631/2465/2231 105/2466/129 1630/2467/2232
f 1630/2467/2232 105/2466/129 104/2468/127
f 1630/2467/2232 104/2468/127 1629/2469/2233
f 1629/2469/2233 104/2468/127 103/2470/103
f 1629/2469/2233 103/2470/103 1628/2471/2234
f 1628/2471/2234 103/2470/103 1627/2472/2235
f 1627/2472/2235 103/2470/103 102/2473/102
f 1637/2474/2236 841/2475/2237 75/2476/101
f 75/2476/101 841/2475/2237 840/2477/2238
f 75/2476/101 840/2477/2238 76/2478/100
f 76/2478/100 840/2477/2238 839/2479/2239
f 76/2478/100 839/2479/2239 77/2480/99
f 77/2480/99 839/2479/2239 838/2481/2240
f 77/2480/99 838/2481/2240 78/2482/98
f 78/2482/98 838/2481/2240 79/2483/97
f 79/2483/97 838/2481/2240 837/2484/2241
f 79/2483/97 837/2484/2241 80/2485/96
f 80/2485/96 837/2484/2241 836/2486/2242
f 80/2485/96 836/2486/2242 81/2487/95
f 81/2487/95 836/2486/2242 835/2488/2243
f 81/2487/95 835/2488/2243 82/2489/94
f 82/2489/94 835/2488/2243 834/2490/2244
f 82/2489/94 834/2490/2244 83/2491/93
f 83/2491/93 834/2490/2244 833/2492/2245
f 83/2491/93 833/2492/2245 1644/2493/2246
f 1644/2493/2246 833/2492/2245 1641/2494/2247
f 1644/2493/2246 1641/2494/2247 1643/2495/2248
f 1643/2495/2248 1641/2494/2247 1642/2496/2249
f 1638/2497/2250 1640/2498/2251 1637/2474/2236
f 1637/2474/2236 1640/2498/2251 842/2499/2252
f 1637/2474/2236 842/2499/2252 841/2475/2237
f 1638/2497/2250 1639/2500/2253 1640/2498/2251
f 842/2499/2252 1640/2498/2251 843/2501/2254
f 843/2501/2254 1640/2498/2251 1641/2494/2247
f 843/2501/2254 1641/2494/2247 844/2502/2255
f 844/2502/2255 1641/2494/2247 833/2492/2245
f 1645/2503/2256 72/2504/82 1654/2505/2257
f 1654/2505/2257 72/2504/82 71/2506/80
f 1654/2505/2257 71/2506/80 1653/2507/2258
f 1653/2507/2258 71/2506/80 70/2508/78
f 1653/2507/2258 70/2508/78 1652/2509/2259
f 1652/2509/2259 70/2508/78 69/2510/76
f 1652/2509/2259 69/2510/76 1651/2511/2260
f 1651/2511/2260 69/2510/76 68/2512/74
f 1651/2511/2260 68/2512/74 1650/2513/2261
f 1650/2513/2261 68/2512/74 67/2514/72
f 1650/2513/2261 67/2514/72 1649/2515/2262
f 1649/2515/2262 67/2514/72 66/2516/70
f 1649/2515/2262 66/2516/70 1648/2517/2263
f 1648/2517/2263 66/2516/70 65/2518/68
f 1648/2517/2263 65/2518/68 1647/2519/2264
f 1647/2519/2264 65/2518/68 64/2520/66
f 1647/2519/2264 64/2520/66 1646/2521/2265
f 1646/2521/2265 64/2520/66 63/2522/64
f 1655/2523/2266 792/2524/2267 23/2525/49
f 23/2525/49 792/2524/2267 791/2526/2268
f 23/2525/49 791/2526/2268 24/2527/48
f 24/2527/48 791/2526/2268 790/2528/2269
f 24/2527/48 790/2528/2269 25/2529/47
f 25/2529/47 790/2528/2269 789/2530/2270
f 25/2529/47 789/2530/2270 26/2531/46
f 26/2531/46 789/2530/2270 788/2532/2271
f 26/2531/46 788/2532/2271 27/2533/45
f 27/2533/45 788/2532/2271 28/2534/44
f 28/2534/44 788/2532/2271 787/2535/2272
f 28/2534/44 787/2535/2272 29/2536/43
f 29/2536/43 787/2535/2272 786/2537/2273
f 29/2536/43 786/2537/2273 30/2538/42
f 30/2538/42 786/2537/2273 785/2539/2274
f 30/2538/42 785/2539/2274 31/2540/41
f 31/2540/41 785/2539/2274 796/2541/2275
f 31/2540/41 796/2541/2275 50/2542/50
f 50/2542/50 796/2541/2275 795/2543/2276
f 50/2542/50 795/2543/2276 51/2544/61
f 51/2544/61 795/2543/2276 1659/2545/2277
f 51/2544/61 1659/2545/2277 52/2546/60
f 792/2524/2267 1655/2523/2266 793/2547/2278
f 793/2547/2278 1655/2523/2266 1656/2548/2279
f 793/2547/2278 1656/2548/2279 1658/2549/2280
f 1658/2549/2280 1656/2548/2279 1657/2550/2281
f 793/2547/2278 1658/2549/2280 794/2551/2282
f 794/2551/2282 1658/2549/2280 1659/2545/2277
f 794/2551/2282 1659/2545/2277 795/2543/2276
f 1661/2552/2283 743/2553/2284 1660/2554/2285
f 1660/2554/2285 743/2553/2284 742/2555/2286
f 1660/2554/2285 742/2555/2286 1672/2556/2287
f 1672/2556/2287 742/2555/2286 741/2557/2288
f 1672/2556/2287 741/2557/2288 1671/2558/2289
f 1671/2558/2289 741/2557/2288 740/2559/2290
f 1671/2558/2289 740/2559/2290 1670/2560/2291
f 1670/2560/2291 740/2559/2290 739/2561/2292
f 1670/2560/2291 739/2561/2292 1669/2562/2293
f 1669/2562/2293 739/2561/2292 738/2563/2294
f 1669/2562/2293 738/2563/2294 1668/2564/2295
f 1668/2564/2295 738/2563/2294 1667/2565/2296
f 1667/2565/2296 738/2563/2294 737/2566/2297
f 1667/2565/2296 737/2566/2297 1666/2567/2298
f 1666/2567/2298 737/2566/2297 748/2568/2299
f 1666/2567/2298 748/2568/2299 326/2569/326
f 326/2569/326 748/2568/2299 747/2570/2300
f 326/2569/326 747/2570/2300 327/2571/327
f 327/2571/327 747/2570/2300 746/2572/2301
f 327/2571/327 746/2572/2301 1665/2573/2302
f 1665/2573/2302 746/2572/2301 745/2574/2303
f 1665/2573/2302 745/2574/2303 1664/2575/2304
f 1664/2575/2304 745/2574/2303 744/2576/2305
f 1664/2575/2304 744/2576/2305 743/2553/2284
f 743/2553/2284 1661/2552/2283 1664/2575/2304
f 1664/2575/2304 1661/2552/2283 1662/2577/2306
f 1664/2575/2304 1662/2577/2306 1663/2578/2307
f 329/2579/2308 328/2580/339 1665/2573/2302
f 1665/2573/2302 328/2580/339 327/2571/327
f 1674/2581/2309 694/2582/2310 1673/2583/2311
f 1673/2583/2311 694/2582/2310 693/2584/2312
f 1673/2583/2311 693/2584/2312 1689/2585/2313
f 1689/2585/2313 693/2584/2312 692/2586/2314
f 1689/2585/2313 692/2586/2314 1688/2587/2315
f 1688/2587/2315 692/2586/2314 691/2588/2316
f 1688/2587/2315 691/2588/2316 1687/2589/2317
f 1687/2589/2317 691/2588/2316 1686/2590/2318
f 1686/2590/2318 691/2588/2316 690/2591/2319
f 1686/2590/2318 690/2591/2319 1685/2592/2320
f 1685/2592/2320 690/2591/2319 689/2593/2321
f 1685/2592/2320 689/2593/2321 1684/2594/2322
f 1684/2594/2322 689/2593/2321 700/2595/2323
f 1684/2594/2322 700/2595/2323 1683/2596/2324
f 1683/2596/2324 700/2595/2323 699/2597/2325
f 1683/2596/2324 699/2597/2325 1682/2598/2326
f 1682/2598/2326 699/2597/2325 318/2599/324
f 318/2599/324 699/2597/2325 698/2600/2327
f 318/2599/324 698/2600/2327 319/2601/325
f 319/2601/325 698/2600/2327 697/2602/2328
f 319/2601/325 697/2602/2328 1681/2603/2329
f 1681/2603/2329 697/2602/2328 696/2604/2330
f 1681/2603/2329 696/2604/2330 1680/2605/2331
f 1680/2605/2331 696/2604/2330 695/2606/2332
f 1680/2605/2331 695/2606/2332 1679/2607/2333
f 1679/2607/2333 695/2606/2332 694/2582/2310
f 1679/2607/2333 694/2582/2310 1678/2608/2334
f 1678/2608/2334 694/2582/2310 1674/2581/2309
f 1678/2608/2334 1674/2581/2309 1675/2609/2335
f 1676/2610/2336 1677/2611/2337 1675/2609/2335
f 1675/2609/2335 1677/2611/2337 1678/2608/2334
f 309/2612/310 320/2613/309 1681/2603/2329
f 1681/2603/2329 320/2613/309 319/2601/325
f 294/2614/307 1690/2615/2338 295/2616/308
f 295/2616/308 1690/2615/2338 296/2617/304
f 296/2617/304 1690/2615/2338 645/2618/2339
f 296/2617/304 645/2618/2339 644/2619/2340
f 645/2618/2339 1690/2615/2338 646/2620/2341
f 646/2620/2341 1690/2615/2338 1691/2621/2342
f 646/2620/2341 1691/2621/2342 647/2622/2343
f 647/2622/2343 1691/2621/2342 1692/2623/2344
f 647/2622/2343 1692/2623/2344 648/2624/2345
f 648/2624/2345 1692/2623/2344 1693/2625/2346
f 648/2624/2345 1693/2625/2346 1697/2626/2347
f 1697/2626/2347 1693/2625/2346 1696/2627/2348
f 1696/2627/2348 1693/2625/2346 1694/2628/2349
f 1696/2627/2348 1694/2628/2349 1695/2629/2350
f 1697/2626/2347 1698/2630/2351 648/2624/2345
f 648/2624/2345 1698/2630/2351 649/2631/2352
f 649/2631/2352 1698/2630/2351 1699/2632/2353
f 649/2631/2352 1699/2632/2353 650/2633/2354
f 650/2633/2354 1699/2632/2353 1700/2634/2355
f 650/2633/2354 1700/2634/2355 651/2635/2356
f 651/2635/2356 1700/2634/2355 1701/2636/2357
f 651/2635/2356 1701/2636/2357 1702/2637/2358
f 651/2635/2356 1702/2637/2358 652/2638/2359
f 652/2638/2359 1702/2637/2358 1703/2639/2360
f 652/2638/2359 1703/2639/2360 641/2640/2361
f 641/2640/2361 1703/2639/2360 1704/2641/2362
f 641/2640/2361 1704/2641/2362 642/2642/2363
f 642/2642/2363 1704/2641/2362 1705/2643/2364
f 642/2642/2363 1705/2643/2364 643/2644/2365
f 643/2644/2365 1705/2643/2364 1706/2645/2366
f 643/2644/2365 1706/2645/2366 297/2646/305
f 643/2644/2365 297/2646/305 644/2619/2340
f 644/2619/2340 297/2646/305 296/2617/304
f 277/2647/280 595/2648/2367 278/2649/282
f 278/2649/282 595/2648/2367 594/2650/2368
f 278/2649/282 594/2650/2368 1719/2651/2369
f 1719/2651/2369 594/2650/2368 593/2652/2370
f 1719/2651/2369 593/2652/2370 1718/2653/2371
f 1718/2653/2371 593/2652/2370 604/2654/2372
f 1718/2653/2371 604/2654/2372 1717/2655/2373
f 1717/2655/2373 604/2654/2372 1716/2656/2374
f 1716/2656/2374 604/2654/2372 603/2657/2375
f 1716/2656/2374 603/2657/2375 1715/2658/2376
f 1715/2658/2376 603/2657/2375 602/2659/2377
f 1715/2658/2376 602/2659/2377 1714/2660/2378
f 1714/2660/2378 602/2659/2377 601/2661/2379
f 1714/2660/2378 601/2661/2379 1713/2662/2380
f 1713/2662/2380 601/2661/2379 600/2663/2381
f 1713/2662/2380 600/2663/2381 1712/2664/2382
f 1712/2664/2382 600/2663/2381 599/2665/2383
f 1712/2664/2382 599/2665/2383 1711/2666/2384
f 1711/2666/2384 599/2665/2383 1708/2667/2385
f 1711/2666/2384 1708/2667/2385 1710/2668/2386
f 1710/2668/2386 1708/2667/2385 1709/2669/2387
f 276/2670/278 1707/2671/2388 277/2647/280
f 277/2647/280 1707/2671/2388 596/2672/2389
f 277/2647/280 596/2672/2389 595/2648/2367
f 276/2670/278 275/2673/276 1707/2671/2388
f 596/2672/2389 1707/2671/2388 597/2674/2390
f 597/2674/2390 1707/2671/2388 1708/2667/2385
f 597/2674/2390 1708/2667/2385 598/2675/2391
f 598/2675/2391 1708/2667/2385 599/2665/2383
f 1415/2676/1906 1414/2677/1907 1725/2678/2392
f 1725/2678/2392 1414/2677/1907 1720/2679/2393
f 1725/2678/2392 1720/2679/2393 1724/2680/2394
f 1724/2680/2394 1720/2679/2393 1721/2681/2395
f 1724/2680/2394 1721/2681/2395 1723/2682/2396
f 1723/2682/2396 1721/2681/2395 1722/2683/2397
f 1723/2682/2396 1722/2683/2397 1585/2684/2159
f 1585/2684/2159 1722/2683/2397 193/2685/203
f 1435/2686/1973 1434/2687/1974 1729/2688/2398
f 1729/2688/2398 1434/2687/1974 1726/2689/2399
f 1729/2688/2398 1726/2689/2399 1728/2690/2400
f 1728/2690/2400 1726/2689/2399 1727/2691/2401
f 1728/2690/2400 1727/2691/2401 1605/2692/2191
f 1605/2692/2191 1727/2691/2401 153/2693/167
f 1627/2694/2235 102/2695/102 1733/2696/2402
f 1733/2696/2402 102/2695/102 1730/2697/2403
f 1733/2696/2402 1730/2697/2403 1732/2698/2404
f 1732/2698/2404 1730/2697/2403 1731/2699/2405
f 1732/2698/2404 1731/2699/2405 1458/2700/2005
f 1458/2700/2005 1731/2699/2405 1459/2701/2003
f 1498/2702/2088 1497/2703/2089 1739/2704/2406
f 1739/2704/2406 1497/2703/2089 1734/2705/2407
f 1739/2704/2406 1734/2705/2407 1738/2706/2408
f 1738/2706/2408 1734/2705/2407 1735/2707/2409
f 1738/2706/2408 1735/2707/2409 1737/2708/2410
f 1737/2708/2410 1735/2707/2409 1736/2709/2411
f 1737/2708/2410 1736/2709/2411 1626/2710/2225
f 1626/2710/2225 1736/2709/2411 112/2711/126
f 1646/2712/2265 63/2713/64 1745/2714/2412
f 1745/2714/2412 63/2713/64 1740/2715/2413
f 1745/2714/2412 1740/2715/2413 1744/2716/2414
f 1744/2716/2414 1740/2715/2413 1741/2717/2415
f 1744/2716/2414 1741/2717/2415 1743/2718/2416
f 1743/2718/2416 1741/2717/2415 1742/2719/2417
f 1743/2718/2416 1742/2719/2417 1504/2720/2077
f 1504/2720/2077 1742/2719/2417 1505/2721/2076
f 1513/2722/2066 1512/2723/2067 1751/2724/2418
f 1751/2724/2418 1512/2723/2067 1746/2725/2419
f 1751/2724/2418 1746/2725/2419 1750/2726/2420
f 1750/2726/2420 1746/2725/2419 1747/2727/2421
f 1750/2726/2420 1747/2727/2421 1749/2728/2422
f 1749/2728/2422 1747/2727/2421 1748/2729/2423
f 1749/2728/2422 1748/2729/2423 1645/2730/2256
f 1645/2730/2256 1748/2729/2423 72/2731/82
f 437/2732/1213 11/2733/12 438/2734/2424
f 438/2734/2424 11/2733/12 57/2735/62
f 438/2734/2424 57/2735/62 439/2736/2425
f 439/2736/2425 57/2735/62 56/2737/54
f 439/2736/2425 56/2737/54 440/2738/2426
f 440/2738/2426 56/2737/54 55/2739/55
f 440/2738/2426 55/2739/55 441/2740/2094
f 441/2740/2094 55/2739/55 54/2741/57
f 1526/2742/2046 1525/2743/2047 1757/2744/2427
f 1757/2744/2427 1525/2743/2047 1752/2745/2428
f 1757/2744/2427 1752/2745/2428 1756/2746/2429
f 1756/2746/2429 1752/2745/2428 1753/2747/2430
f 1756/2746/2429 1753/2747/2430 1755/2748/2431
f 1755/2748/2431 1753/2747/2430 1754/2749/2432
f 1755/2748/2431 1754/2749/2432 442/2750/1204
f 442/2750/1204 1754/2749/2432 20/2751/30
f 476/2752/1179 335/2753/342 477/2754/2433
f 477/2754/2433 335/2753/342 334/2755/340
f 477/2754/2433 334/2755/340 478/2756/2434
f 478/2756/2434 334/2755/340 333/2757/332
f 478/2756/2434 333/2757/332 479/2758/2435
f 479/2758/2435 333/2757/332 332/2759/333
f 479/2758/2435 332/2759/333 480/2760/2037
f 480/2760/2037 332/2759/333 331/2761/335
f 1539/2762/2026 1538/2763/2027 1763/2764/2436
f 1763/2764/2436 1538/2763/2027 1758/2765/2437
f 1763/2764/2436 1758/2765/2437 1762/2766/2438
f 1762/2766/2438 1758/2765/2437 1759/2767/2439
f 1762/2766/2438 1759/2767/2439 1761/2768/2440
f 1761/2768/2440 1759/2767/2439 1760/2769/2441
f 1761/2768/2440 1760/2769/2441 481/2770/1161
f 481/2770/1161 1760/2769/2441 1018/2771/1162
f 510/2772/1136 315/2773/321 527/2774/2442
f 527/2774/2442 315/2773/321 314/2775/319
f 527/2774/2442 314/2775/319 528/2776/2443
f 528/2776/2443 314/2775/319 313/2777/317
f 528/2776/2443 313/2777/317 529/2778/2444
f 529/2778/2444 313/2777/317 312/2779/315
f 529/2778/2444 312/2779/315 530/2780/2015
f 530/2780/2015 312/2779/315 311/2781/314
f 1559/2782/2100 1558/2783/2101 1767/2784/2445
f 1767/2784/2445 1558/2783/2101 1764/2785/2446
f 1767/2784/2445 1764/2785/2446 1766/2786/2447
f 1766/2786/2447 1764/2785/2446 1765/2787/2448
f 1766/2786/2447 1765/2787/2448 500/2788/1116
f 500/2788/1116 1765/2787/2448 1008/2789/1117
f 420/2790/1090 1007/2791/1091 1771/2792/2449
f 1771/2792/2449 1007/2791/1091 1768/2793/2450
f 1771/2792/2449 1768/2793/2450 1770/2794/2451
f 1770/2794/2451 1768/2793/2450 1769/2795/2452
f 1770/2794/2451 1769/2795/2452 1339/2796/1886
f 1339/2796/1886 1769/2795/2452 1340/2797/1884
f 390/2798/1046 997/2799/1047 1777/2800/2453
f 1777/2800/2453 997/2799/1047 1772/2801/2454
f 1777/2800/2453 1772/2801/2454 1776/2802/2455
f 1776/2802/2455 1772/2801/2454 1773/2803/2456
f 1776/2802/2455 1773/2803/2456 1775/2804/2457
f 1775/2804/2457 1773/2803/2456 1774/2805/2458
f 1775/2804/2457 1774/2805/2458 1384/2806/1952
f 1384/2806/1952 1774/2805/2458 1385/2807/1951
f 1539/2808/2459 1153/2809/2460 1540/2810/2461
f 1540/2810/2461 1153/2809/2460 1152/2811/2462
f 1540/2810/2461 1152/2811/2462 1541/2812/2463
f 1541/2812/2463 1152/2811/2462 1151/2813/2464
f 1541/2812/2463 1151/2813/2464 1542/2814/2465
f 1542/2814/2465 1151/2813/2464 1150/2815/2466
f 1542/2814/2465 1150/2815/2466 1543/2816/2467
f 1543/2816/2467 1150/2815/2466 1149/2817/2468
f 1543/2816/2467 1149/2817/2468 1544/2818/2469
f 1544/2818/2469 1149/2817/2468 1148/2819/2470
f 1544/2818/2469 1148/2819/2470 530/2820/524
f 530/2820/524 1148/2819/2470 523/2821/525
f 1153/2822/2460 1539/2823/2459 1154/2824/2471
f 1154/2824/2471 1539/2823/2459 1763/2825/2472
f 1154/2824/2471 1763/2825/2472 1155/2826/2473
f 1155/2826/2473 1763/2825/2472 1762/2827/2474
f 1155/2826/2473 1762/2827/2474 1156/2828/2475
f 1156/2828/2475 1762/2827/2474 1761/2829/2476
f 1156/2828/2475 1761/2829/2476 499/2830/481
f 499/2830/481 1761/2829/2476 481/2831/482
f 500/2832/502 522/2833/501 1766/2834/2477
f 1766/2834/2477 522/2833/501 1147/2835/2478
f 1766/2834/2477 1147/2835/2478 1767/2836/2479
f 1767/2836/2479 1147/2835/2478 1146/2837/2480
f 1767/2836/2479 1146/2837/2480 1559/2838/2481
f 1559/2838/2481 1146/2837/2480 1145/2839/2482
f 1559/2840/2481 1145/2841/2482 1560/2842/2483
f 1560/2842/2483 1145/2841/2482 1144/2843/2484
f 1560/2842/2483 1144/2843/2484 1143/2844/2485
f 1142/2845/2486 1549/2846/2487 1143/2844/2485
f 1143/2844/2485 1549/2846/2487 1561/2847/2488
f 1143/2844/2485 1561/2847/2488 1560/2842/2483
f 471/2848/472 480/2849/471 1157/2850/2489
f 1157/2850/2489 480/2849/471 1531/2851/2490
f 1157/2850/2489 1531/2851/2490 1158/2852/2491
f 1158/2852/2491 1531/2851/2490 1530/2853/2492
f 1158/2852/2491 1530/2853/2492 1159/2854/2493
f 1159/2854/2493 1530/2853/2492 1529/2855/2494
f 1159/2854/2493 1529/2855/2494 1160/2856/2495
f 1160/2856/2495 1529/2855/2494 1528/2857/2496
f 1160/2856/2495 1528/2857/2496 1161/2858/2497
f 1161/2858/2497 1528/2857/2496 1527/2859/2498
f 1161/2858/2497 1527/2859/2498 1162/2860/2499
f 1162/2860/2499 1527/2859/2498 1526/2861/2500
f 1549/2862/2487 1142/2863/2486 1566/2864/2501
f 1566/2864/2501 1142/2863/2486 1141/2865/2502
f 1566/2864/2501 1141/2865/2502 1567/2866/2503
f 1567/2866/2503 1141/2865/2502 1140/2867/2504
f 1567/2866/2503 1140/2867/2504 1568/2868/2505
f 1568/2868/2505 1140/2867/2504 461/2869/462
f 1568/2868/2505 461/2869/462 470/2870/461
f 1162/2871/2499 1526/2872/2500 1163/2873/2506
f 1163/2873/2506 1526/2872/2500 1757/2874/2507
f 1163/2873/2506 1757/2874/2507 1164/2875/2508
f 1164/2875/2508 1757/2874/2507 1756/2876/2509
f 1164/2875/2508 1756/2876/2509 1165/2877/2510
f 1165/2877/2510 1756/2876/2509 1755/2878/2511
f 1165/2877/2510 1755/2878/2511 460/2879/442
f 460/2879/442 1755/2878/2511 442/2880/443
f 466/2881/469 465/2882/470 1330/2883/2512
f 1330/2883/2512 465/2882/470 1139/2884/2513
f 1330/2883/2512 1139/2884/2513 1331/2885/2514
f 1331/2885/2514 1139/2884/2513 1138/2886/2515
f 1331/2885/2514 1138/2886/2515 1332/2887/2516
f 1332/2887/2516 1138/2886/2515 1137/2888/2517
f 1332/2887/2516 1137/2888/2517 1324/2889/2518
f 1324/2890/2518 1137/2891/2517 1337/2892/2519
f 1337/2892/2519 1137/2891/2517 1136/2893/2520
f 1337/2892/2519 1136/2893/2520 1135/2894/2521
f 1134/2895/2522 1339/2896/2523 1135/2894/2521
f 1135/2894/2521 1339/2896/2523 1338/2897/2524
f 1135/2894/2521 1338/2897/2524 1337/2892/2519
f 432/2898/433 441/2899/432 1166/2900/2525
f 1166/2900/2525 441/2899/432 1518/2901/2526
f 1166/2900/2525 1518/2901/2526 1167/2902/2527
f 1167/2902/2527 1518/2901/2526 1517/2903/2528
f 1167/2902/2527 1517/2903/2528 1168/2904/2529
f 1168/2904/2529 1517/2903/2528 1516/2905/2530
f 1168/2904/2529 1516/2905/2530 1169/2906/2531
f 1169/2906/2531 1516/2905/2530 1515/2907/2532
f 1169/2906/2531 1515/2907/2532 1170/2908/2533
f 1170/2908/2533 1515/2907/2532 1514/2909/2534
f 1170/2908/2533 1514/2909/2534 1171/2910/2535
f 1171/2910/2535 1514/2909/2534 1513/2911/2536
f 1339/2912/2523 1134/2913/2522 1770/2914/2537
f 1770/2914/2537 1134/2913/2522 1133/2915/2538
f 1770/2914/2537 1133/2915/2538 1771/2916/2539
f 1771/2916/2539 1133/2915/2538 1132/2917/2540
f 1771/2916/2539 1132/2917/2540 420/2918/430
f 420/2918/430 1132/2917/2540 421/2919/431
f 1171/2920/2535 1513/2921/2536 1172/2922/2541
f 1172/2922/2541 1513/2921/2536 1751/2923/2542
f 1172/2922/2541 1751/2923/2542 1173/2924/2543
f 1173/2924/2543 1751/2923/2542 1750/2925/2544
f 1173/2924/2543 1750/2925/2544 1174/2926/2545
f 1174/2926/2545 1750/2925/2544 1749/2927/2546
f 1174/2926/2545 1749/2927/2546 1175/2928/2547
f 1175/2928/2547 1749/2927/2546 1645/2929/2548
f 1175/2930/2547 1645/2931/2548 1176/2932/2549
f 1176/2932/2549 1645/2931/2548 1654/2933/2550
f 1176/2932/2549 1654/2933/2550 1177/2934/2551
f 1177/2934/2551 1654/2933/2550 1653/2935/2552
f 1177/2934/2551 1653/2935/2552 1178/2936/2553
f 1178/2936/2553 1653/2935/2552 1652/2937/2554
f 1178/2936/2553 1652/2937/2554 1179/2938/2555
f 1179/2938/2555 1652/2937/2554 1651/2939/2556
f 1179/2938/2555 1651/2939/2556 1180/2940/2557
f 1180/2940/2557 1651/2939/2556 1650/2941/2558
f 1180/2940/2557 1650/2941/2558 1181/2942/2559
f 1181/2942/2559 1650/2941/2558 1649/2943/2560
f 1181/2942/2559 1649/2943/2560 1182/2944/2561
f 1182/2944/2561 1649/2943/2560 1648/2945/2562
f 1182/2944/2561 1648/2945/2562 1183/2946/2563
f 1183/2946/2563 1648/2945/2562 1647/2947/2564
f 1183/2946/2563 1647/2947/2564 1184/2948/2565
f 1184/2948/2565 1647/2947/2564 1646/2949/2566
f 1184/2948/2565 1646/2949/2566 1185/2950/2567
f 1185/2951/2567 1646/2952/2566 1186/2953/2568
f 1186/2953/2568 1646/2952/2566 1745/2954/2569
f 1186/2953/2568 1745/2954/2569 1187/2955/2570
f 1187/2955/2570 1745/2954/2569 1744/2956/2571
f 1187/2955/2570 1744/2956/2571 1188/2957/2572
f 1188/2957/2572 1744/2956/2571 1743/2958/2573
f 1188/2957/2572 1743/2958/2573 1189/2959/2574
f 1189/2959/2574 1743/2958/2573 1504/2960/2575
f 406/2961/409 405/2962/410 1379/2963/2576
f 1379/2963/2576 405/2962/410 1131/2964/2577
f 1379/2963/2576 1131/2964/2577 1380/2965/2578
f 1380/2965/2578 1131/2964/2577 1130/2966/2579
f 1380/2965/2578 1130/2966/2579 1381/2967/2580
f 1381/2967/2580 1130/2966/2579 1129/2968/2581
f 1381/2967/2580 1129/2968/2581 1382/2969/2582
f 1382/2969/2582 1129/2968/2581 1128/2970/2583
f 1382/2969/2582 1128/2970/2583 1383/2971/2584
f 1383/2971/2584 1128/2970/2583 1127/2972/2585
f 1383/2971/2584 1127/2972/2585 1384/2973/2586
f 1384/2973/2586 1127/2972/2585 1126/2974/2587
f 1189/2975/2574 1504/2976/2575 1190/2977/2588
f 1190/2977/2588 1504/2976/2575 1503/2978/2589
f 1190/2977/2588 1503/2978/2589 1191/2979/2590
f 1191/2979/2590 1503/2978/2589 1502/2980/2591
f 1191/2979/2590 1502/2980/2591 1192/2981/2592
f 1192/2981/2592 1502/2980/2591 1501/2982/2593
f 1192/2981/2592 1501/2982/2593 1193/2983/2594
f 1193/2983/2594 1501/2982/2593 1500/2984/2595
f 1193/2983/2594 1500/2984/2595 1194/2985/2596
f 1194/2985/2596 1500/2984/2595 1499/2986/2597
f 1194/2985/2596 1499/2986/2597 1195/2987/2598
f 1195/2987/2598 1499/2986/2597 1498/2988/2599
f 1384/2989/2586 1126/2990/2587 1775/2991/2600
f 1775/2991/2600 1126/2990/2587 1125/2992/2601
f 1775/2991/2600 1125/2992/2601 1776/2993/2602
f 1776/2993/2602 1125/2992/2601 1124/2994/2603
f 1776/2993/2602 1124/2994/2603 1777/2995/2604
f 1777/2995/2604 1124/2994/2603 1123/2996/2605
f 1777/2995/2604 1123/2996/2605 390/2997/399
f 390/2997/399 1123/2996/2605 391/2998/400
f 1195/2999/2598 1498/3000/2599 1196/3001/2606
f 1196/3001/2606 1498/3000/2599 1739/3002/2607
f 1196/3001/2606 1739/3002/2607 1197/3003/2608
f 1197/3003/2608 1739/3002/2607 1738/3004/2609
f 1197/3003/2608 1738/3004/2609 1198/3005/2610
f 1198/3005/2610 1738/3004/2609 1737/3006/2611
f 1198/3005/2610 1737/3006/2611 1199/3007/2612
f 1199/3007/2612 1737/3006/2611 1626/3008/2613
f 1199/3009/2612 1626/3010/2613 1200/3011/2614
f 1200/3011/2614 1626/3010/2613 1636/3012/2615
f 1200/3011/2614 1636/3012/2615 1201/3013/2616
f 1201/3013/2616 1636/3012/2615 1635/3014/2617
f 1201/3013/2616 1635/3014/2617 1202/3015/2618
f 1202/3015/2618 1635/3014/2617 1634/3016/2619
f 1202/3015/2618 1634/3016/2619 1203/3017/2620
f 1203/3017/2620 1634/3016/2619 1633/3018/2621
f 1203/3017/2620 1633/3018/2621 1204/3019/2622
f 1204/3019/2622 1633/3018/2621 1632/3020/2623
f 1204/3019/2622 1632/3020/2623 1205/3021/2624
f 1205/3021/2624 1632/3020/2623 1631/3022/2625
f 1205/3021/2624 1631/3022/2625 1206/3023/2626
f 1206/3023/2626 1631/3022/2625 1630/3024/2627
f 1206/3023/2626 1630/3024/2627 1207/3025/2628
f 1207/3025/2628 1630/3024/2627 1629/3026/2629
f 1207/3025/2628 1629/3026/2629 1208/3027/2630
f 1208/3027/2630 1629/3026/2629 1628/3028/2631
f 1208/3027/2630 1628/3028/2631 1209/3029/2632
f 1209/3029/2632 1628/3028/2631 1627/3030/2633
f 1209/3029/2632 1627/3030/2633 1210/3031/2634
f 1210/3032/2634 1627/3033/2633 1211/3034/2635
f 1211/3034/2635 1627/3033/2633 1733/3035/2636
f 1211/3034/2635 1733/3035/2636 1212/3036/2637
f 1212/3036/2637 1733/3035/2636 1732/3037/2638
f 1212/3036/2637 1732/3037/2638 1213/3038/2639
f 1213/3038/2639 1732/3037/2638 1458/3039/2640
f 377/3040/380 376/3041/381 1392/3042/2641
f 1392/3042/2641 376/3041/381 1122/3043/2642
f 1392/3042/2641 1122/3043/2642 1393/3044/2643
f 1393/3044/2643 1122/3043/2642 1121/3045/2644
f 1393/3044/2643 1121/3045/2644 1394/3046/2645
f 1394/3046/2645 1121/3045/2644 1120/3047/2646
f 1394/3046/2645 1120/3047/2646 1395/3048/2647
f 1395/3048/2647 1120/3047/2646 1119/3049/2648
f 1395/3048/2647 1119/3049/2648 1396/3050/2649
f 1396/3050/2649 1119/3049/2648 1118/3051/2650
f 1396/3050/2649 1118/3051/2650 553/3052/2651
f 553/3052/2651 1118/3051/2650 1117/3053/2652
f 1213/3054/2653 1458/3055/2640 1214/3056/2654
f 1214/3056/2654 1458/3055/2640 1457/3057/2655
f 1214/3056/2654 1457/3057/2655 1456/3058/2656
f 1444/3059/2657 1216/3060/2658 1456/3058/2656
f 1456/3058/2656 1216/3060/2658 1215/3061/2659
f 1456/3058/2656 1215/3061/2659 1214/3056/2654
f 553/3062/2651 1117/3063/2652 554/3064/2660
f 554/3064/2660 1117/3063/2652 1116/3065/2661
f 554/3064/2660 1116/3065/2661 555/3066/2662
f 555/3066/2662 1116/3065/2661 1115/3067/2663
f 555/3066/2662 1115/3067/2663 556/3068/2664
f 556/3068/2664 1115/3067/2663 1114/3069/2665
f 556/3068/2664 1114/3069/2665 361/3070/370
f 361/3070/370 1114/3069/2665 362/3071/371
f 1444/3072/2657 1451/3073/2666 1216/3074/2658
f 1216/3074/2658 1451/3073/2666 1217/3075/2667
f 1217/3075/2667 1451/3073/2666 1450/3076/2668
f 1217/3075/2667 1450/3076/2668 1218/3077/2669
f 1218/3077/2669 1450/3076/2668 1449/3078/2670
f 1218/3077/2669 1449/3078/2670 1219/3079/2671
f 1219/3079/2671 1449/3078/2670 1079/3080/2672
f 1219/3081/2671 1079/3082/2672 1220/3083/2673
f 1220/3083/2673 1079/3082/2672 1078/3084/2674
f 1220/3083/2673 1078/3084/2674 1221/3085/2675
f 1221/3085/2675 1078/3084/2674 1077/3086/2676
f 1221/3085/2675 1077/3086/2676 1222/3087/2677
f 1222/3087/2677 1077/3086/2676 1076/3088/2678
f 1222/3087/2677 1076/3088/2678 1223/3089/2679
f 1223/3089/2679 1076/3088/2678 1075/3090/2680
f 1075/3091/2680 1443/3092/2681 1223/3093/2679
f 1223/3093/2679 1443/3092/2681 1224/3094/2682
f 1224/3094/2682 1443/3092/2681 1442/3095/2683
f 1224/3094/2682 1442/3095/2683 1225/3096/2684
f 1225/3096/2684 1442/3095/2683 1441/3097/2685
f 1225/3096/2684 1441/3097/2685 1226/3098/2686
f 1226/3098/2686 1441/3097/2685 1425/3099/2687
f 348/3100/351 347/3101/352 1403/3102/2688
f 1403/3102/2688 347/3101/352 1113/3103/2689
f 1403/3102/2688 1113/3103/2689 1404/3104/2690
f 1404/3104/2690 1113/3103/2689 1112/3105/2691
f 1404/3104/2690 1112/3105/2691 1405/3106/2692
f 1405/3106/2692 1112/3105/2691 1111/3107/2693
f 1405/3106/2692 1111/3107/2693 1406/3108/2694
f 1406/3108/2694 1111/3107/2693 1110/3109/2695
f 1406/3108/2694 1110/3109/2695 1407/3110/2696
f 1407/3110/2696 1110/3109/2695 1109/3111/2697
f 1407/3110/2696 1109/3111/2697 544/3112/2698
f 544/3112/2698 1109/3111/2697 1108/3113/2699
f 1226/3114/2686 1425/3115/2687 1227/3116/2700
f 1227/3116/2700 1425/3115/2687 1437/3117/2701
f 1227/3116/2700 1437/3117/2701 1436/3118/2702
f 1435/3119/2703 1229/3120/2704 1436/3118/2702
f 1436/3118/2702 1229/3120/2704 1228/3121/2705
f 1436/3118/2702 1228/3121/2705 1227/3116/2700
f 544/3122/2698 1108/3123/2699 545/3124/2706
f 545/3124/2706 1108/3123/2699 1107/3125/2707
f 545/3124/2706 1107/3125/2707 546/3126/2708
f 546/3126/2708 1107/3125/2707 1106/3127/2709
f 546/3126/2708 1106/3127/2709 547/3128/2710
f 547/3128/2710 1106/3127/2709 1105/3129/2711
f 547/3128/2710 1105/3129/2711 548/3130/2712
f 548/3130/2712 1105/3129/2711 1104/3131/2713
f 1229/3132/2704 1435/3133/2703 1230/3134/2714
f 1230/3134/2714 1435/3133/2703 1729/3135/2715
f 1230/3134/2714 1729/3135/2715 1231/3136/2716
f 1231/3136/2716 1729/3135/2715 1728/3137/2717
f 1231/3136/2716 1728/3137/2717 1232/3138/2718
f 1232/3138/2718 1728/3137/2717 1605/3139/2719
f 1104/3140/2720 1103/3141/2721 548/3142/2712
f 548/3142/2712 1103/3141/2721 1586/3143/2722
f 1586/3143/2722 1103/3141/2721 1102/3144/2723
f 1586/3143/2722 1102/3144/2723 1587/3145/2724
f 1587/3145/2724 1102/3144/2723 1101/3146/2725
f 1587/3145/2724 1101/3146/2725 1588/3147/2726
f 1588/3147/2726 1101/3146/2725 1100/3148/2727
f 1588/3147/2726 1100/3148/2727 1589/3149/2728
f 1589/3149/2728 1100/3148/2727 1099/3150/2729
f 1589/3149/2728 1099/3150/2729 1590/3151/2730
f 1590/3151/2730 1099/3150/2729 1098/3152/2731
f 1590/3151/2730 1098/3152/2731 1591/3153/2732
f 1591/3153/2732 1098/3152/2731 1097/3154/2733
f 1591/3153/2732 1097/3154/2733 1592/3155/2734
f 1592/3155/2734 1097/3154/2733 1096/3156/2735
f 1592/3155/2734 1096/3156/2735 1593/3157/2736
f 1593/3157/2736 1096/3156/2735 1095/3158/2737
f 1593/3157/2736 1095/3158/2737 1585/3159/2738
f 1585/3159/2738 1095/3158/2737 1094/3160/2739
f 1232/3161/2740 1605/3162/2719 1233/3163/2741
f 1233/3163/2741 1605/3162/2719 1614/3164/2742
f 1233/3163/2741 1614/3164/2742 1234/3165/2743
f 1234/3165/2743 1614/3164/2742 1613/3166/2744
f 1234/3165/2743 1613/3166/2744 1235/3167/2745
f 1235/3167/2745 1613/3166/2744 1612/3168/2746
f 1235/3167/2745 1612/3168/2746 1236/3169/2747
f 1236/3169/2747 1612/3168/2746 1611/3170/2748
f 1236/3169/2747 1611/3170/2748 1237/3171/2749
f 1237/3171/2749 1611/3170/2748 1610/3172/2750
f 1237/3171/2749 1610/3172/2750 1238/3173/2751
f 1238/3173/2751 1610/3172/2750 1609/3174/2752
f 1238/3173/2751 1609/3174/2752 1239/3175/2753
f 1239/3175/2753 1609/3174/2752 1608/3176/2754
f 1239/3175/2753 1608/3176/2754 1240/3177/2755
f 1240/3177/2755 1608/3176/2754 1607/3178/2756
f 1240/3177/2755 1607/3178/2756 1241/3179/2757
f 1241/3179/2757 1607/3178/2756 1606/3180/2758
f 1241/3179/2757 1606/3180/2758 1242/3181/2759
f 1242/3181/2759 1606/3180/2758 539/3182/2760
f 1242/3181/2759 539/3182/2760 1080/3183/2761
f 1585/3184/2738 1094/3185/2739 1723/3186/2762
f 1723/3186/2762 1094/3185/2739 1093/3187/2763
f 1723/3186/2762 1093/3187/2763 1724/3188/2764
f 1724/3188/2764 1093/3187/2763 1092/3189/2765
f 1724/3188/2764 1092/3189/2765 1725/3190/2766
f 1725/3190/2766 1092/3189/2765 1091/3191/2767
f 1725/3190/2766 1091/3191/2767 1415/3192/2768
f 1415/3192/2768 1091/3191/2767 1090/3193/2769
f 1080/3194/2761 539/3195/2760 1081/3196/2770
f 1081/3196/2770 539/3195/2760 538/3197/2771
f 1081/3196/2770 538/3197/2771 1082/3198/2772
f 1082/3198/2772 538/3197/2771 537/3199/2773
f 1082/3198/2772 537/3199/2773 1083/3200/2774
f 1083/3200/2774 537/3199/2773 536/3201/2775
f 1083/3200/2774 536/3201/2775 1084/3202/2776
f 1084/3202/2776 536/3201/2775 535/3203/2777
f 1415/3204/2768 1090/3205/2769 1416/3206/2778
f 1416/3206/2778 1090/3205/2769 1089/3207/2779
f 1416/3206/2778 1089/3207/2779 1417/3208/2780
f 1417/3208/2780 1089/3207/2779 1088/3209/2781
f 1417/3208/2780 1088/3209/2781 1418/3210/2782
f 1418/3210/2782 1088/3209/2781 1087/3211/2783
f 1418/3210/2782 1087/3211/2783 1419/3212/2784
f 1419/3212/2784 1087/3211/2783 1086/3213/2785
f 1419/3212/2784 1086/3213/2785 1420/3214/2786
f 1420/3214/2786 1086/3213/2785 1085/3215/2787
f 1420/3214/2786 1085/3215/2787 535/3216/2777
f 535/3216/2777 1085/3215/2787 1084/3217/2776
f 1780/3218/2788 1018/3219/1162 1781/3220/2789
f 1781/3220/2789 1018/3219/1162 1760/3221/2441
f 1781/3220/2789 1760/3221/2441 1783/3222/2790
f 1783/3222/2790 1760/3221/2441 1759/3223/2439
f 1783/3222/2790 1759/3223/2439 1785/3224/2791
f 1785/3224/2791 1759/3223/2439 1758/3225/2437
f 1785/3224/2791 1758/3225/2437 1538/3226/2027
f 1538/3226/2027 1778/3227/2792 1785/3224/2791
f 1785/3224/2791 1778/3227/2792 1783/3222/2790
f 1783/3222/2790 1778/3227/2792 1784/3228/2793
f 1784/3228/2793 1778/3227/2792 1663/3229/2307
f 1784/3228/2793 1663/3229/2307 1662/3230/2306
f 1784/3228/2793 1662/3230/2306 1782/3231/2794
f 1782/3231/2794 1662/3230/2306 1661/3232/2283
f 1782/3231/2794 1661/3232/2283 1779/3233/2795
f 1779/3233/2795 1661/3232/2283 1660/3234/2796
f 1779/3233/2795 1780/3218/2788 1782/3231/2794
f 1782/3231/2794 1780/3218/2788 1781/3220/2789
f 1782/3231/2794 1781/3220/2789 1784/3228/2793
f 1784/3228/2793 1781/3220/2789 1783/3222/2790
f 1018/3235/1162 1780/3236/2788 1019/3237/1164
f 1019/3237/1164 1780/3236/2788 1787/3238/2797
f 1019/3237/1164 1787/3238/2797 1020/3239/1166
f 1020/3239/1166 1787/3238/2797 1789/3240/2798
f 1020/3239/1166 1789/3240/2798 1021/3241/1168
f 1021/3241/1168 1789/3240/2798 1791/3242/2799
f 1021/3241/1168 1791/3242/2799 1022/3243/1170
f 1022/3243/1170 1791/3242/2799 1793/3244/2800
f 1022/3243/1170 1793/3244/2800 1023/3245/1172
f 1023/3245/1172 1793/3244/2800 1795/3246/2801
f 1023/3245/1172 1795/3246/2801 1024/3247/1174
f 1024/3247/1174 1795/3246/2801 1797/3248/2802
f 1024/3247/1174 1797/3248/2802 1025/3249/1176
f 1025/3249/1176 1797/3248/2802 1799/3250/2803
f 1025/3249/1176 1799/3250/2803 1026/3251/1178
f 1026/3251/1178 1799/3250/2803 1801/3252/2804
f 1026/3251/1178 1801/3252/2804 335/3253/342
f 335/3253/342 1801/3252/2804 336/3254/341
f 336/3254/341 1801/3252/2804 1800/3255/2805
f 336/3254/341 1800/3255/2805 337/3256/328
f 337/3256/328 1800/3255/2805 326/3257/326
f 326/3257/326 1800/3255/2805 1666/3258/2298
f 1666/3258/2298 1800/3255/2805 1798/3259/2806
f 1666/3258/2298 1798/3259/2806 1667/3260/2296
f 1667/3260/2296 1798/3259/2806 1796/3261/2807
f 1667/3260/2296 1796/3261/2807 1668/3262/2295
f 1668/3262/2295 1796/3261/2807 1794/3263/2808
f 1668/3262/2295 1794/3263/2808 1669/3264/2293
f 1669/3264/2293 1794/3263/2808 1792/3265/2809
f 1669/3264/2293 1792/3265/2809 1670/3266/2291
f 1670/3266/2291 1792/3265/2809 1790/3267/2810
f 1670/3266/2291 1790/3267/2810 1671/3268/2289
f 1671/3268/2289 1790/3267/2810 1788/3269/2811
f 1671/3268/2289 1788/3269/2811 1672/3270/2287
f 1672/3270/2287 1788/3269/2811 1786/3271/2812
f 1672/3270/2287 1786/3271/2812 1660/3272/2285
f 1660/3272/2285 1786/3271/2812 1779/3273/2795
f 1779/3273/2795 1786/3271/2812 1787/3238/2797
f 1779/3273/2795 1787/3238/2797 1780/3236/2788
f 1789/3240/2798 1787/3238/2797 1786/3271/2812
f 1791/3242/2799 1789/3240/2798 1788/3269/2811
f 1788/3269/2811 1789/3240/2798 1786/3271/2812
f 1793/3244/2800 1791/3242/2799 1790/3267/2810
f 1790/3267/2810 1791/3242/2799 1788/3269/2811
f 1795/3246/2801 1793/3244/2800 1792/3265/2809
f 1792/3265/2809 1793/3244/2800 1790/3267/2810
f 1797/3248/2802 1795/3246/2801 1794/3263/2808
f 1794/3263/2808 1795/3246/2801 1792/3265/2809
f 1799/3250/2803 1797/3248/2802 1796/3261/2807
f 1796/3261/2807 1797/3248/2802 1794/3263/2808
f 1801/3252/2804 1799/3250/2803 1798/3259/2806
f 1798/3259/2806 1799/3250/2803 1796/3261/2807
f 1800/3255/2805 1801/3252/2804 1798/3259/2806
f 1804/3274/2813 1008/3275/1117 1805/3276/2814
f 1805/3276/2814 1008/3275/1117 1765/3277/2448
f 1805/3276/2814 1765/3277/2448 1807/3278/2815
f 1807/3278/2815 1765/3277/2448 1764/3279/2446
f 1807/3278/2815 1764/3279/2446 1809/3280/2816
f 1809/3280/2816 1764/3279/2446 1558/3281/2101
f 1809/3280/2816 1558/3281/2101 1802/3282/2817
f 1676/3283/2336 1808/3284/2818 1802/3282/2817
f 1802/3282/2817 1808/3284/2818 1807/3278/2815
f 1802/3282/2817 1807/3278/2815 1809/3280/2816
f 1676/3283/2336 1675/3285/2335 1808/3284/2818
f 1808/3284/2818 1675/3285/2335 1806/3286/2819
f 1808/3284/2818 1806/3286/2819 1805/3276/2814
f 1805/3276/2814 1806/3286/2819 1804/3274/2813
f 1675/3285/2335 1674/3287/2309 1806/3286/2819
f 1806/3286/2819 1674/3287/2309 1803/3288/2820
f 1806/3286/2819 1803/3288/2820 1804/3274/2813
f 1674/3287/2309 1673/3289/2311 1803/3288/2820
f 1807/3278/2815 1808/3284/2818 1805/3276/2814
f 1008/3290/1117 1804/3291/2813 1009/3292/1119
f 1009/3292/1119 1804/3291/2813 1811/3293/2821
f 1009/3292/1119 1811/3293/2821 1010/3294/1120
f 1010/3294/1120 1811/3293/2821 1813/3295/2822
f 1010/3294/1120 1813/3295/2822 1011/3296/1122
f 1011/3296/1122 1813/3295/2822 1815/3297/2823
f 1011/3296/1122 1815/3297/2823 1012/3298/1124
f 1012/3298/1124 1815/3297/2823 1817/3299/2824
f 1012/3298/1124 1817/3299/2824 1013/3300/1126
f 1013/3300/1126 1817/3299/2824 1819/3301/2825
f 1013/3300/1126 1819/3301/2825 1014/3302/1128
f 1014/3302/1128 1819/3301/2825 1821/3303/2826
f 1014/3302/1128 1821/3303/2826 1015/3304/1130
f 1015/3304/1130 1821/3303/2826 1823/3305/2827
f 1015/3304/1130 1823/3305/2827 1016/3306/1132
f 1016/3306/1132 1823/3305/2827 1825/3307/2828
f 1016/3306/1132 1825/3307/2828 1017/3308/1134
f 1017/3308/1134 1825/3307/2828 316/3309/320
f 1017/3308/1134 316/3309/320 315/3310/321
f 1804/3291/2813 1803/3311/2820 1811/3293/2821
f 1811/3293/2821 1803/3311/2820 1810/3312/2829
f 1811/3293/2821 1810/3312/2829 1813/3295/2822
f 1813/3295/2822 1810/3312/2829 1812/3313/2830
f 1813/3295/2822 1812/3313/2830 1815/3297/2823
f 1815/3297/2823 1812/3313/2830 1814/3314/2831
f 1815/3297/2823 1814/3314/2831 1817/3299/2824
f 1817/3299/2824 1814/3314/2831 1816/3315/2832
f 1817/3299/2824 1816/3315/2832 1819/3301/2825
f 1819/3301/2825 1816/3315/2832 1818/3316/2833
f 1819/3301/2825 1818/3316/2833 1821/3303/2826
f 1821/3303/2826 1818/3316/2833 1820/3317/2834
f 1821/3303/2826 1820/3317/2834 1823/3305/2827
f 1823/3305/2827 1820/3317/2834 1822/3318/2835
f 1823/3305/2827 1822/3318/2835 1825/3307/2828
f 1825/3307/2828 1822/3318/2835 1824/3319/2836
f 1825/3307/2828 1824/3319/2836 316/3309/320
f 316/3309/320 1824/3319/2836 317/3320/322
f 317/3320/322 1824/3319/2836 1682/3321/2326
f 317/3320/322 1682/3321/2326 318/3322/324
f 1803/3311/2820 1673/3323/2311 1810/3312/2829
f 1810/3312/2829 1673/3323/2311 1689/3324/2313
f 1810/3312/2829 1689/3324/2313 1812/3313/2830
f 1812/3313/2830 1689/3324/2313 1688/3325/2315
f 1812/3313/2830 1688/3325/2315 1814/3314/2831
f 1814/3314/2831 1688/3325/2315 1687/3326/2317
f 1814/3314/2831 1687/3326/2317 1816/3315/2832
f 1816/3315/2832 1687/3326/2317 1686/3327/2318
f 1816/3315/2832 1686/3327/2318 1818/3316/2833
f 1818/3316/2833 1686/3327/2318 1685/3328/2320
f 1818/3316/2833 1685/3328/2320 1820/3317/2834
f 1820/3317/2834 1685/3328/2320 1684/3329/2322
f 1820/3317/2834 1684/3329/2322 1822/3318/2835
f 1822/3318/2835 1684/3329/2322 1683/3330/2324
f 1822/3318/2835 1683/3330/2324 1824/3319/2836
f 1824/3319/2836 1683/3330/2324 1682/3321/2326
f 300/3331/300 299/3332/301 998/3333/1073
f 998/3333/1073 299/3332/301 1829/3334/2837
f 998/3333/1073 1829/3334/2837 999/3335/1074
f 999/3335/1074 1829/3334/2837 1831/3336/2838
f 999/3335/1074 1831/3336/2838 1000/3337/1076
f 1000/3337/1076 1831/3336/2838 1833/3338/2839
f 1000/3337/1076 1833/3338/2839 1001/3339/1078
f 1001/3339/1078 1833/3338/2839 1835/3340/2840
f 1001/3339/1078 1835/3340/2840 1002/3341/1080
f 1002/3341/1080 1835/3340/2840 1837/3342/2841
f 1002/3341/1080 1837/3342/2841 1003/3343/1082
f 1003/3343/1082 1837/3342/2841 1839/3344/2842
f 1003/3343/1082 1839/3344/2842 1004/3345/1084
f 1004/3345/1084 1839/3344/2842 1841/3346/2843
f 1004/3345/1084 1841/3346/2843 1005/3347/1086
f 1005/3347/1086 1841/3346/2843 1843/3348/2844
f 1005/3347/1086 1843/3348/2844 1006/3349/1088
f 1006/3349/1088 1843/3348/2844 1827/3350/2845
f 1006/3349/1088 1827/3350/2845 1007/3351/1091
f 299/3332/301 298/3352/303 1829/3334/2837
f 1829/3334/2837 298/3352/303 1828/3353/2846
f 1829/3334/2837 1828/3353/2846 1831/3336/2838
f 1831/3336/2838 1828/3353/2846 1830/3354/2847
f 1831/3336/2838 1830/3354/2847 1833/3338/2839
f 1833/3338/2839 1830/3354/2847 1832/3355/2848
f 1833/3338/2839 1832/3355/2848 1835/3340/2840
f 1835/3340/2840 1832/3355/2848 1834/3356/2849
f 1835/3340/2840 1834/3356/2849 1837/3342/2841
f 1837/3342/2841 1834/3356/2849 1836/3357/2850
f 1837/3342/2841 1836/3357/2850 1839/3344/2842
f 1839/3344/2842 1836/3357/2850 1838/3358/2851
f 1839/3344/2842 1838/3358/2851 1841/3346/2843
f 1841/3346/2843 1838/3358/2851 1840/3359/2852
f 1841/3346/2843 1840/3359/2852 1843/3348/2844
f 1843/3348/2844 1840/3359/2852 1842/3360/2853
f 1843/3348/2844 1842/3360/2853 1827/3350/2845
f 1827/3350/2845 1842/3360/2853 1826/3361/2854
f 1826/3361/2854 1842/3360/2853 1699/3362/2353
f 1826/3361/2854 1699/3362/2353 1698/3363/2351
f 298/3352/303 297/3364/305 1828/3353/2846
f 1828/3353/2846 297/3364/305 1706/3365/2366
f 1828/3353/2846 1706/3365/2366 1830/3354/2847
f 1830/3354/2847 1706/3365/2366 1705/3366/2364
f 1830/3354/2847 1705/3366/2364 1832/3355/2848
f 1832/3355/2848 1705/3366/2364 1704/3367/2362
f 1832/3355/2848 1704/3367/2362 1834/3356/2849
f 1834/3356/2849 1704/3367/2362 1703/3368/2360
f 1834/3356/2849 1703/3368/2360 1836/3357/2850
f 1836/3357/2850 1703/3368/2360 1702/3369/2358
f 1836/3357/2850 1702/3369/2358 1838/3358/2851
f 1838/3358/2851 1702/3369/2358 1701/3370/2357
f 1838/3358/2851 1701/3370/2357 1840/3359/2852
f 1840/3359/2852 1701/3370/2357 1700/3371/2355
f 1840/3359/2852 1700/3371/2355 1842/3360/2853
f 1842/3360/2853 1700/3371/2355 1699/3362/2353
f 1698/3372/2351 1697/3373/2347 1826/3374/2854
f 1826/3374/2854 1697/3373/2347 1845/3375/2855
f 1826/3374/2854 1845/3375/2855 1846/3376/2856
f 1846/3376/2856 1845/3375/2855 1848/3377/2857
f 1846/3376/2856 1848/3377/2857 1768/3378/2450
f 1768/3378/2450 1848/3377/2857 1769/3379/2452
f 1769/3379/2452 1848/3377/2857 1849/3380/2858
f 1769/3379/2452 1849/3380/2858 1340/3381/1884
f 1340/3381/1884 1849/3380/2858 1844/3382/2859
f 1844/3382/2859 1849/3380/2858 1847/3383/2860
f 1844/3382/2859 1847/3383/2860 1695/3384/2350
f 1695/3384/2350 1847/3383/2860 1696/3385/2348
f 1696/3385/2348 1847/3383/2860 1845/3375/2855
f 1696/3385/2348 1845/3375/2855 1697/3373/2347
f 1768/3378/2450 1007/3386/1091 1846/3376/2856
f 1846/3376/2856 1007/3386/1091 1827/3387/2845
f 1846/3376/2856 1827/3387/2845 1826/3374/2854
f 1849/3380/2858 1848/3377/2857 1847/3383/2860
f 1847/3383/2860 1848/3377/2857 1845/3375/2855
f 281/3388/291 280/3389/283 989/3390/1031
f 989/3390/1031 280/3389/283 1853/3391/2861
f 989/3390/1031 1853/3391/2861 990/3392/1033
f 990/3392/1033 1853/3391/2861 1855/3393/2862
f 990/3392/1033 1855/3393/2862 991/3394/1035
f 991/3394/1035 1855/3393/2862 1857/3395/2863
f 991/3394/1035 1857/3395/2863 992/3396/1037
f 992/3396/1037 1857/3395/2863 1859/3397/2864
f 992/3396/1037 1859/3397/2864 993/3398/1039
f 993/3398/1039 1859/3397/2864 1861/3399/2865
f 993/3398/1039 1861/3399/2865 994/3400/1041
f 994/3400/1041 1861/3399/2865 1863/3401/2866
f 994/3400/1041 1863/3401/2866 995/3402/1043
f 995/3402/1043 1863/3401/2866 1865/3403/2867
f 995/3402/1043 1865/3403/2867 996/3404/1045
f 996/3404/1045 1865/3403/2867 1867/3405/2868
f 996/3404/1045 1867/3405/2868 997/3406/1047
f 997/3406/1047 1867/3405/2868 1851/3407/2869
f 1851/3407/2869 1867/3405/2868 1866/3408/2870
f 1851/3407/2869 1866/3408/2870 1850/3409/2871
f 1850/3409/2871 1866/3408/2870 1712/3410/2382
f 1712/3410/2382 1866/3408/2870 1713/3411/2380
f 1713/3411/2380 1866/3408/2870 1864/3412/2872
f 1713/3411/2380 1864/3412/2872 1714/3413/2378
f 1714/3413/2378 1864/3412/2872 1862/3414/2873
f 1714/3413/2378 1862/3414/2873 1715/3415/2376
f 1715/3415/2376 1862/3414/2873 1860/3416/2874
f 1715/3415/2376 1860/3416/2874 1716/3417/2374
f 1716/3417/2374 1860/3416/2874 1858/3418/2875
f 1716/3417/2374 1858/3418/2875 1717/3419/2373
f 1717/3419/2373 1858/3418/2875 1856/3420/2876
f 1717/3419/2373 1856/3420/2876 1718/3421/2371
f 1718/3421/2371 1856/3420/2876 1854/3422/2877
f 1718/3421/2371 1854/3422/2877 1719/3423/2369
f 1719/3423/2369 1854/3422/2877 1852/3424/2878
f 1719/3423/2369 1852/3424/2878 278/3425/282
f 278/3425/282 1852/3424/2878 279/3426/281
f 279/3426/281 1852/3424/2878 1853/3391/2861
f 279/3426/281 1853/3391/2861 280/3389/283
f 1855/3393/2862 1853/3391/2861 1852/3424/2878
f 1857/3395/2863 1855/3393/2862 1854/3422/2877
f 1854/3422/2877 1855/3393/2862 1852/3424/2878
f 1859/3397/2864 1857/3395/2863 1856/3420/2876
f 1856/3420/2876 1857/3395/2863 1854/3422/2877
f 1861/3399/2865 1859/3397/2864 1858/3418/2875
f 1858/3418/2875 1859/3397/2864 1856/3420/2876
f 1863/3401/2866 1861/3399/2865 1860/3416/2874
f 1860/3416/2874 1861/3399/2865 1858/3418/2875
f 1865/3403/2867 1863/3401/2866 1862/3414/2873
f 1862/3414/2873 1863/3401/2866 1860/3416/2874
f 1867/3405/2868 1865/3403/2867 1864/3412/2872
f 1864/3412/2872 1865/3403/2867 1862/3414/2873
f 1866/3408/2870 1867/3405/2868 1864/3412/2872
f 1712/3427/2382 1711/3428/2384 1850/3429/2871
f 1850/3429/2871 1711/3428/2384 1869/3430/2879
f 1850/3429/2871 1869/3430/2879 1870/3431/2880
f 1870/3431/2880 1869/3430/2879 1872/3432/2881
f 1870/3431/2880 1872/3432/2881 1773/3433/2456
f 1773/3433/2456 1872/3432/2881 1774/3434/2458
f 1774/3434/2458 1872/3432/2881 1873/3435/2882
f 1774/3434/2458 1873/3435/2882 1385/3436/1951
f 1385/3436/1951 1873/3435/2882 1868/3437/2883
f 1868/3437/2883 1873/3435/2882 1871/3438/2884
f 1868/3437/2883 1871/3438/2884 1709/3439/2387
f 1709/3439/2387 1871/3438/2884 1710/3440/2386
f 1710/3440/2386 1871/3438/2884 1869/3430/2879
f 1710/3440/2386 1869/3430/2879 1711/3428/2384
f 1773/3433/2456 1772/3441/2454 1870/3431/2880
f 1870/3431/2880 1772/3441/2454 1851/3442/2869
f 1870/3431/2880 1851/3442/2869 1850/3429/2871
f 1772/3441/2454 997/3443/1047 1851/3442/2869
f 1873/3435/2882 1872/3432/2881 1871/3438/2884
f 1871/3438/2884 1872/3432/2881 1869/3430/2879
f 243/3444/253 1576/3445/2131 244/3446/252
f 244/3446/252 1576/3445/2131 1875/3447/2885
f 244/3446/252 1875/3447/2885 1876/3448/2886
f 1876/3448/2886 1875/3447/2885 1878/3449/2887
f 1876/3448/2886 1878/3449/2887 550/3450/569
f 550/3450/569 1878/3449/2887 551/3451/571
f 551/3451/571 1878/3449/2887 1879/3452/2888
f 551/3451/571 1879/3452/2888 552/3453/573
f 552/3453/573 1879/3452/2888 1874/3454/2889
f 1874/3454/2889 1879/3452/2888 1877/3455/2890
f 1874/3454/2889 1877/3455/2890 1574/3456/2135
f 1574/3456/2135 1877/3455/2890 1575/3457/2133
f 1575/3457/2133 1877/3455/2890 1875/3447/2885
f 1575/3457/2133 1875/3447/2885 1576/3445/2131
f 550/3450/569 549/3458/567 1876/3448/2886
f 1876/3448/2886 549/3458/567 245/3459/223
f 1876/3448/2886 245/3459/223 244/3446/252
f 549/3458/567 223/3460/224 245/3459/223
f 1879/3452/2888 1878/3449/2887 1877/3455/2890
f 1877/3455/2890 1878/3449/2887 1875/3447/2885
f 194/3461/202 193/3462/203 1881/3463/2891
f 1881/3463/2891 193/3462/203 1722/3464/2397
f 1881/3463/2891 1722/3464/2397 1883/3465/2892
f 1883/3465/2892 1722/3464/2397 1721/3466/2395
f 1883/3465/2892 1721/3466/2395 1885/3467/2893
f 1885/3467/2893 1721/3466/2395 1720/3468/2393
f 1885/3467/2893 1720/3468/2393 1414/3469/1907
f 1414/3469/1907 1880/3470/2894 1885/3467/2893
f 1885/3467/2893 1880/3470/2894 1883/3465/2892
f 1883/3465/2892 1880/3470/2894 1884/3471/2895
f 1884/3471/2895 1880/3470/2894 1579/3472/2156
f 1884/3471/2895 1579/3472/2156 1578/3473/2155
f 1884/3471/2895 1578/3473/2155 1882/3474/2896
f 1882/3474/2896 1578/3473/2155 1577/3475/2139
f 1882/3474/2896 1577/3475/2139 195/3476/204
f 195/3476/204 1577/3475/2139 196/3477/222
f 195/3476/204 194/3461/202 1882/3474/2896
f 1882/3474/2896 194/3461/202 1881/3463/2891
f 1882/3474/2896 1881/3463/2891 1884/3471/2895
f 1884/3471/2895 1881/3463/2891 1883/3465/2892
f 204/3478/214 1584/3479/2149 205/3480/213
f 205/3480/213 1584/3479/2149 1887/3481/2897
f 205/3480/213 1887/3481/2897 1888/3482/2898
f 1888/3482/2898 1887/3481/2897 1890/3483/2899
f 1888/3482/2898 1890/3483/2899 541/3484/560
f 541/3484/560 1890/3483/2899 542/3485/562
f 542/3485/562 1890/3483/2899 1891/3486/2900
f 542/3485/562 1891/3486/2900 543/3487/564
f 543/3487/564 1891/3486/2900 1886/3488/2901
f 1886/3488/2901 1891/3486/2900 1889/3489/2902
f 1886/3488/2901 1889/3489/2902 1582/3490/2903
f 1582/3490/2903 1889/3489/2902 1583/3491/2158
f 1583/3491/2158 1889/3489/2902 1887/3481/2897
f 1583/3491/2158 1887/3481/2897 1584/3479/2149
f 541/3484/560 540/3492/558 1888/3482/2898
f 1888/3482/2898 540/3492/558 206/3493/184
f 1888/3482/2898 206/3493/184 205/3480/213
f 540/3492/558 184/3494/185 206/3493/184
f 1891/3486/2900 1890/3483/2899 1889/3489/2902
f 1889/3489/2902 1890/3483/2899 1887/3481/2897
f 154/3495/165 153/3496/167 1893/3497/2904
f 1893/3497/2904 153/3496/167 1727/3498/2401
f 1893/3497/2904 1727/3498/2401 1895/3499/2905
f 1895/3499/2905 1727/3498/2401 1726/3500/2399
f 1895/3499/2905 1726/3500/2399 1897/3501/2906
f 1897/3501/2906 1726/3500/2399 1434/3502/1974
f 1897/3501/2906 1434/3502/1974 1892/3503/2907
f 1596/3504/2187 1896/3505/2908 1892/3503/2907
f 1892/3503/2907 1896/3505/2908 1895/3499/2905
f 1892/3503/2907 1895/3499/2905 1897/3501/2906
f 1596/3504/2187 1595/3506/2186 1896/3505/2908
f 1896/3505/2908 1595/3506/2186 1894/3507/2909
f 1896/3505/2908 1894/3507/2909 1893/3497/2904
f 1893/3497/2904 1894/3507/2909 154/3495/165
f 1595/3506/2186 1594/3508/2168 1894/3507/2909
f 1894/3507/2909 1594/3508/2168 155/3509/163
f 1894/3507/2909 155/3509/163 154/3495/165
f 1594/3508/2168 156/3510/162 155/3509/163
f 1895/3499/2905 1896/3505/2908 1893/3497/2904
f 165/3511/183 1604/3512/2178 166/3513/182
f 166/3513/182 1604/3512/2178 1899/3514/2910
f 166/3513/182 1899/3514/2910 1900/3515/2911
f 1900/3515/2911 1899/3514/2910 1902/3516/2912
f 1900/3515/2911 1902/3516/2912 532/3517/551
f 532/3517/551 1902/3516/2912 533/3518/553
f 533/3518/553 1902/3516/2912 1903/3519/2913
f 533/3518/553 1903/3519/2913 534/3520/555
f 534/3520/555 1903/3519/2913 1898/3521/2914
f 1898/3521/2914 1903/3519/2913 1901/3522/2915
f 1898/3521/2914 1901/3522/2915 1602/3523/2189
f 1602/3523/2189 1901/3522/2915 1603/3524/2190
f 1603/3524/2190 1901/3522/2915 1899/3514/2910
f 1603/3524/2190 1899/3514/2910 1604/3512/2178
f 532/3517/551 531/3525/549 1900/3515/2911
f 1900/3515/2911 531/3525/549 167/3526/145
f 1900/3515/2911 167/3526/145 166/3513/182
f 531/3525/549 143/3527/143 167/3526/145
f 1903/3519/2913 1902/3516/2912 1901/3522/2915
f 1901/3522/2915 1902/3516/2912 1899/3514/2910
f 113/3528/124 112/3529/126 1905/3530/2916
f 1905/3530/2916 112/3529/126 1736/3531/2411
f 1905/3530/2916 1736/3531/2411 1907/3532/2917
f 1907/3532/2917 1736/3531/2411 1735/3533/2409
f 1907/3532/2917 1735/3533/2409 1909/3534/2918
f 1909/3534/2918 1735/3533/2409 1734/3535/2407
f 1909/3534/2918 1734/3535/2407 1497/3536/2089
f 1497/3536/2089 1904/3537/2919 1909/3534/2918
f 1909/3534/2918 1904/3537/2919 1907/3532/2917
f 1907/3532/2917 1904/3537/2919 1908/3538/2920
f 1908/3538/2920 1904/3537/2919 1615/3539/2201
f 1908/3538/2920 1615/3539/2201 1625/3540/2203
f 1908/3538/2920 1625/3540/2203 1906/3541/2921
f 1906/3541/2921 1625/3540/2203 1624/3542/2204
f 1906/3541/2921 1624/3542/2204 114/3543/122
f 114/3543/122 1624/3542/2204 115/3544/121
f 114/3543/122 113/3528/124 1906/3541/2921
f 1906/3541/2921 113/3528/124 1905/3530/2916
f 1906/3541/2921 1905/3530/2916 1908/3538/2920
f 1908/3538/2920 1905/3530/2916 1907/3532/2917
f 124/3545/142 1623/3546/2213 125/3547/141
f 125/3547/141 1623/3546/2213 1911/3548/2922
f 125/3547/141 1911/3548/2922 1912/3549/2923
f 1912/3549/2923 1911/3548/2922 1914/3550/2924
f 1912/3549/2923 1914/3550/2924 1730/3551/2403
f 1730/3551/2403 1914/3550/2924 1731/3552/2405
f 1731/3552/2405 1914/3550/2924 1915/3553/2925
f 1731/3552/2405 1915/3553/2925 1459/3554/2003
f 1459/3554/2003 1915/3553/2925 1910/3555/2926
f 1910/3555/2926 1915/3553/2925 1913/3556/2927
f 1910/3555/2926 1913/3556/2927 1621/3557/2216
f 1621/3557/2216 1913/3556/2927 1622/3558/2214
f 1622/3558/2214 1913/3556/2927 1911/3548/2922
f 1622/3558/2214 1911/3548/2922 1623/3546/2213
f 1730/3551/2403 102/3559/102 1912/3549/2923
f 1912/3549/2923 102/3559/102 126/3560/104
f 1912/3549/2923 126/3560/104 125/3547/141
f 1915/3553/2925 1914/3550/2924 1913/3556/2927
f 1913/3556/2927 1914/3550/2924 1911/3548/2922
f 73/3561/81 72/3562/82 1917/3563/2928
f 1917/3563/2928 72/3562/82 1748/3564/2423
f 1917/3563/2928 1748/3564/2423 1919/3565/2929
f 1919/3565/2929 1748/3564/2423 1747/3566/2421
f 1919/3565/2929 1747/3566/2421 1921/3567/2930
f 1921/3567/2930 1747/3566/2421 1746/3568/2419
f 1921/3567/2930 1746/3568/2419 1512/3569/2067
f 1512/3569/2067 1916/3570/2931 1921/3567/2930
f 1921/3567/2930 1916/3570/2931 1919/3565/2929
f 1919/3565/2929 1916/3570/2931 1920/3571/2932
f 1920/3571/2932 1916/3570/2931 1639/3572/2933
f 1920/3571/2932 1639/3572/2933 1638/3573/2250
f 1920/3571/2932 1638/3573/2250 1918/3574/2934
f 1918/3574/2934 1638/3573/2250 1637/3575/2236
f 1918/3574/2934 1637/3575/2236 74/3576/83
f 74/3576/83 1637/3575/2236 75/3577/101
f 74/3576/83 73/3561/81 1918/3574/2934
f 1918/3574/2934 73/3561/81 1917/3563/2928
f 1918/3574/2934 1917/3563/2928 1920/3571/2932
f 1920/3571/2932 1917/3563/2928 1919/3565/2929
f 83/3578/2935 1644/3579/2246 84/3580/92
f 84/3580/92 1644/3579/2246 1923/3581/2936
f 84/3580/92 1923/3581/2936 1924/3582/2937
f 1924/3582/2937 1923/3581/2936 1926/3583/2938
f 1924/3582/2937 1926/3583/2938 1741/3584/2415
f 1741/3584/2415 1926/3583/2938 1742/3585/2417
f 1742/3585/2417 1926/3583/2938 1927/3586/2939
f 1742/3585/2417 1927/3586/2939 1505/3587/2076
f 1505/3587/2076 1927/3586/2939 1922/3588/2940
f 1922/3588/2940 1927/3586/2939 1925/3589/2941
f 1922/3588/2940 1925/3589/2941 1642/3590/2249
f 1642/3590/2249 1925/3589/2941 1643/3591/2248
f 1643/3591/2248 1925/3589/2941 1923/3581/2936
f 1643/3591/2248 1923/3581/2936 1644/3579/2246
f 1741/3584/2415 1740/3592/2413 1924/3582/2937
f 1924/3582/2937 1740/3592/2413 85/3593/63
f 1924/3582/2937 85/3593/63 84/3580/92
f 1740/3592/2413 63/3594/64 85/3593/63
f 1927/3586/2939 1926/3583/2938 1925/3589/2941
f 1925/3589/2941 1926/3583/2938 1923/3581/2936
f 21/3595/29 20/3596/30 1929/3597/2942
f 1929/3597/2942 20/3596/30 1754/3598/2432
f 1929/3597/2942 1754/3598/2432 1931/3599/2943
f 1931/3599/2943 1754/3598/2432 1753/3600/2430
f 1931/3599/2943 1753/3600/2430 1933/3601/2944
f 1933/3601/2944 1753/3600/2430 1752/3602/2428
f 1933/3601/2944 1752/3602/2428 1525/3603/2047
f 1525/3603/2047 1928/3604/2945 1933/3601/2944
f 1933/3601/2944 1928/3604/2945 1931/3599/2943
f 1931/3599/2943 1928/3604/2945 1932/3605/2946
f 1932/3605/2946 1928/3604/2945 1657/3606/2281
f 1932/3605/2946 1657/3606/2281 1656/3607/2279
f 1932/3605/2946 1656/3607/2279 1930/3608/2947
f 1930/3608/2947 1656/3607/2279 1655/3609/2266
f 1930/3608/2947 1655/3609/2266 22/3610/31
f 22/3610/31 1655/3609/2266 23/3611/2948
f 22/3610/31 21/3595/29 1930/3608/2947
f 1930/3608/2947 21/3595/29 1929/3597/2942
f 1930/3608/2947 1929/3597/2942 1932/3605/2946
f 1932/3605/2946 1929/3597/2942 1931/3599/2943
f 1421/3612/2949 1934/3613/2950 1422/3614/2951
f 1422/3614/2951 1934/3613/2950 1944/3615/2952
f 1422/3614/2951 1944/3615/2952 1602/3616/2953
f 1602/3616/2953 1944/3615/2952 1934/3613/2950
f 1602/3616/2953 1934/3613/2950 1942/3617/2954
f 1942/3617/2954 1934/3613/2950 1421/3612/2949
f 1942/3617/2954 1421/3612/2949 1943/3618/2955
f 1943/3618/2955 1421/3612/2949 1935/3619/2956
f 1943/3618/2955 1935/3619/2956 1898/3620/2957
f 1898/3620/2957 1935/3619/2956 1940/3621/2958
f 1898/3620/2957 1940/3621/2958 1938/3622/2959
f 1938/3622/2959 1940/3621/2958 1421/3612/2949
f 1938/3622/2959 1421/3612/2949 1939/3623/2960
f 1939/3623/2960 1421/3612/2949 1936/3624/2961
f 1939/3623/2960 1936/3624/2961 1898/3620/2957
f 1898/3620/2957 1936/3624/2961 1941/3625/2962
f 1898/3620/2957 1941/3625/2962 1937/3626/2963
f 1937/3626/2963 1941/3625/2962 1421/3612/2949
f 1937/3626/2963 1421/3612/2949 534/3627/2964
f 1943/3618/2955 1898/3620/2957 1942/3617/2954
f 1942/3617/2954 1898/3620/2957 1602/3616/2953
f 1935/3619/2956 1421/3612/2949 1940/3621/2958
f 1898/3620/2957 1938/3622/2959 1939/3623/2960
f 1898/3620/2957 1937/3626/2963 534/3628/2965
f 1941/3625/2962 1936/3624/2961 1421/3612/2949
f 1422/3629/2966 1602/3630/2967 1423/3631/2968
f 1423/3631/2968 1602/3630/2967 1601/3632/2969
f 1423/3631/2968 1601/3632/2969 1424/3633/2970
f 1424/3633/2970 1601/3632/2969 1600/3634/2971
f 1424/3633/2970 1600/3634/2971 1346/3635/2972
f 1346/3635/2972 1600/3634/2971 1599/3636/2973
f 1346/3637/2972 1599/3638/2973 1429/3639/2974
f 1429/3639/2974 1599/3638/2973 1598/3640/2975
f 1429/3639/2974 1598/3640/2975 1430/3641/2976
f 1430/3641/2976 1598/3640/2975 1597/3642/2977
f 1430/3641/2976 1597/3642/2977 1431/3643/2978
f 1431/3643/2978 1597/3642/2977 1596/3644/2979
f 1596/3645/2980 1955/3646/2981 1431/3647/2982
f 1431/3647/2982 1955/3646/2981 1945/3648/2983
f 1431/3647/2982 1945/3648/2983 1432/3649/2984
f 1432/3649/2984 1945/3648/2983 1946/3650/2985
f 1432/3649/2984 1946/3650/2985 1954/3651/2986
f 1954/3651/2986 1946/3650/2985 1596/3645/2980
f 1954/3651/2986 1596/3645/2980 1953/3652/2987
f 1953/3652/2987 1596/3645/2980 1892/3653/2988
f 1953/3652/2987 1892/3653/2988 1948/3654/2989
f 1948/3654/2989 1892/3653/2988 1947/3655/2990
f 1948/3654/2989 1947/3655/2990 1432/3649/2984
f 1432/3649/2984 1947/3655/2990 1433/3656/2991
f 1433/3656/2991 1947/3655/2990 1951/3657/2992
f 1433/3656/2991 1951/3657/2992 1952/3658/2993
f 1952/3658/2993 1951/3657/2992 1892/3653/2988
f 1952/3658/2993 1892/3653/2988 1949/3659/2994
f 1949/3659/2994 1892/3653/2988 1957/3660/2995
f 1949/3659/2994 1957/3660/2995 1433/3656/2991
f 1433/3656/2991 1957/3660/2995 1956/3661/2996
f 1433/3656/2991 1956/3661/2996 1958/3662/2997
f 1958/3662/2997 1956/3661/2996 1892/3653/2988
f 1958/3662/2997 1892/3653/2988 1950/3663/2998
f 1950/3663/2998 1892/3653/2988 1434/3664/2999
f 1954/3651/2986 1953/3652/2987 1432/3649/2984
f 1432/3649/2984 1953/3652/2987 1948/3654/2989
f 1951/3657/2992 1947/3655/2990 1892/3653/2988
f 1949/3659/2994 1433/3656/2991 1952/3658/2993
f 1434/3665/3000 1433/3656/2991 1950/3663/2998
f 1950/3663/2998 1433/3656/2991 1958/3662/2997
f 1956/3661/2996 1957/3660/2995 1892/3653/2988
f 1955/3646/2981 1596/3645/2980 1945/3648/2983
f 1945/3648/2983 1596/3645/2980 1946/3650/2985
f 1904/3666/3001 1960/3667/3002 1615/3668/3003
f 1615/3668/3003 1960/3667/3002 1971/3669/3004
f 1615/3668/3003 1971/3669/3004 1970/3670/3005
f 1970/3670/3005 1971/3669/3004 1495/3671/3006
f 1970/3670/3005 1495/3671/3006 1959/3672/3007
f 1959/3672/3007 1495/3671/3006 1972/3673/3008
f 1959/3672/3007 1972/3673/3008 1615/3668/3003
f 1615/3668/3003 1972/3673/3008 1495/3671/3006
f 1497/3674/3009 1963/3675/3010 1904/3666/3001
f 1904/3666/3001 1963/3675/3010 1967/3676/3011
f 1904/3666/3001 1967/3676/3011 1962/3677/3012
f 1962/3677/3012 1967/3676/3011 1496/3678/3013
f 1962/3677/3012 1496/3678/3013 1965/3679/3014
f 1965/3679/3014 1496/3678/3013 1964/3680/3015
f 1965/3679/3014 1964/3680/3015 1904/3666/3001
f 1904/3666/3001 1964/3680/3015 1966/3681/3016
f 1904/3666/3001 1966/3681/3016 1961/3682/3017
f 1961/3682/3017 1966/3681/3016 1496/3678/3013
f 1961/3682/3017 1496/3678/3013 1969/3683/3018
f 1969/3683/3018 1496/3678/3013 1968/3684/3019
f 1969/3683/3018 1968/3684/3019 1904/3666/3001
f 1904/3666/3001 1968/3684/3019 1960/3667/3002
f 1968/3684/3019 1496/3678/3013 1960/3667/3002
f 1960/3667/3002 1496/3678/3013 1495/3671/3006
f 1960/3667/3002 1495/3671/3006 1971/3669/3004
f 1904/3666/3001 1961/3682/3017 1969/3683/3018
f 1615/3668/3003 1970/3670/3005 1959/3672/3007
f 1966/3681/3016 1964/3680/3015 1496/3678/3013
f 1904/3666/3001 1962/3677/3012 1965/3679/3014
f 1497/3685/3020 1496/3678/3013 1963/3675/3010
f 1963/3675/3010 1496/3678/3013 1967/3676/3011
f 1615/3686/3021 1495/3687/3022 1616/3688/3023
f 1616/3688/3023 1495/3687/3022 1494/3689/3024
f 1616/3688/3023 1494/3689/3024 1617/3690/3025
f 1617/3690/3025 1494/3689/3024 1493/3691/3026
f 1617/3690/3025 1493/3691/3026 1618/3692/3027
f 1618/3692/3027 1493/3691/3026 1452/3693/3028
f 1618/3694/3027 1452/3695/3028 1619/3696/3029
f 1619/3696/3029 1452/3695/3028 1464/3697/3030
f 1619/3696/3029 1464/3697/3030 1620/3698/3031
f 1620/3698/3031 1464/3697/3030 1463/3699/3032
f 1620/3698/3031 1463/3699/3032 1621/3700/3033
f 1621/3700/3033 1463/3699/3032 1462/3701/3034
f 1461/3702/3035 1973/3703/3036 1462/3704/3037
f 1462/3704/3037 1973/3703/3036 1990/3705/3038
f 1462/3704/3037 1990/3705/3038 1621/3706/3039
f 1621/3706/3039 1990/3705/3038 1973/3703/3036
f 1621/3706/3039 1973/3703/3036 1989/3707/3040
f 1989/3707/3040 1973/3703/3036 1461/3702/3035
f 1989/3707/3040 1461/3702/3035 1975/3708/3041
f 1975/3708/3041 1461/3702/3035 1988/3709/3042
f 1975/3708/3041 1988/3709/3042 1621/3706/3039
f 1621/3706/3039 1988/3709/3042 1974/3710/3043
f 1621/3706/3039 1974/3710/3043 1910/3711/3044
f 1910/3711/3044 1974/3710/3043 1981/3712/3045
f 1910/3711/3044 1981/3712/3045 1976/3713/3046
f 1976/3713/3046 1981/3712/3045 1460/3714/3047
f 1976/3713/3046 1460/3714/3047 1984/3715/3048
f 1984/3715/3048 1460/3714/3047 1982/3716/3049
f 1984/3715/3048 1982/3716/3049 1910/3711/3044
f 1910/3711/3044 1982/3716/3049 1983/3717/3050
f 1910/3711/3044 1983/3717/3050 1977/3718/3051
f 1977/3718/3051 1983/3717/3050 1460/3714/3047
f 1977/3718/3051 1460/3714/3047 1987/3719/3052
f 1987/3719/3052 1460/3714/3047 1979/3720/3053
f 1987/3719/3052 1979/3720/3053 1910/3711/3044
f 1910/3711/3044 1979/3720/3053 1986/3721/3054
f 1910/3711/3044 1986/3721/3054 1978/3722/3055
f 1978/3722/3055 1986/3721/3054 1460/3714/3047
f 1978/3722/3055 1460/3714/3047 1985/3723/3056
f 1985/3723/3056 1460/3714/3047 1980/3724/3057
f 1985/3723/3056 1980/3724/3057 1910/3711/3044
f 1910/3711/3044 1980/3724/3057 1459/3725/3058
f 1460/3714/3047 1981/3712/3045 1461/3702/3035
f 1461/3702/3035 1981/3712/3045 1974/3710/3043
f 1461/3702/3035 1974/3710/3043 1988/3709/3042
f 1460/3714/3047 1459/3726/3059 1980/3724/3057
f 1989/3707/3040 1975/3708/3041 1621/3706/3039
f 1984/3715/3048 1910/3711/3044 1976/3713/3046
f 1460/3714/3047 1983/3717/3050 1982/3716/3049
f 1987/3719/3052 1910/3711/3044 1977/3718/3051
f 1460/3714/3047 1986/3721/3054 1979/3720/3053
f 1985/3723/3056 1910/3711/3044 1978/3722/3055
f 1916/3727/3060 1992/3728/3061 1639/3729/3062
f 1639/3729/3062 1992/3728/3061 2003/3730/3063
f 1639/3729/3062 2003/3730/3063 2002/3731/3064
f 2002/3731/3064 2003/3730/3063 1510/3732/3065
f 2002/3731/3064 1510/3732/3065 1991/3733/3066
f 1991/3733/3066 1510/3732/3065 2004/3734/3067
f 1991/3733/3066 2004/3734/3067 1639/3729/3062
f 1639/3729/3062 2004/3734/3067 1510/3732/3065
f 1512/3735/3068 1995/3736/3069 1916/3727/3060
f 1916/3727/3060 1995/3736/3069 1999/3737/3070
f 1916/3727/3060 1999/3737/3070 1994/3738/3071
f 1994/3738/3071 1999/3737/3070 1511/3739/3072
f 1994/3738/3071 1511/3739/3072 1997/3740/3073
f 1997/3740/3073 1511/3739/3072 1996/3741/3074
f 1997/3740/3073 1996/3741/3074 1916/3727/3060
f 1916/3727/3060 1996/3741/3074 1998/3742/3075
f 1916/3727/3060 1998/3742/3075 1993/3743/3076
f 1993/3743/3076 1998/3742/3075 1511/3739/3072
f 1993/3743/3076 1511/3739/3072 2001/3744/3077
f 2001/3744/3077 1511/3739/3072 2000/3745/3078
f 2001/3744/3077 2000/3745/3078 1916/3727/3060
f 1916/3727/3060 2000/3745/3078 1992/3728/3061
f 2000/3745/3078 1511/3739/3072 1992/3728/3061
f 1992/3728/3061 1511/3739/3072 1510/3732/3065
f 1992/3728/3061 1510/3732/3065 2003/3730/3063
f 1916/3727/3060 1993/3743/3076 2001/3744/3077
f 1639/3729/3062 2002/3731/3064 1991/3733/3066
f 1998/3742/3075 1996/3741/3074 1511/3739/3072
f 1916/3727/3060 1994/3738/3071 1997/3740/3073
f 1512/3746/3079 1511/3739/3072 1995/3736/3069
f 1995/3736/3069 1511/3739/3072 1999/3737/3070
f 1639/3747/3080 1510/3748/3081 1640/3749/3082
f 1640/3749/3082 1510/3748/3081 1509/3750/3083
f 1640/3749/3082 1509/3750/3083 1641/3751/3084
f 1641/3751/3084 1509/3750/3083 1508/3752/3085
f 1641/3751/3084 1508/3752/3085 1642/3753/3086
f 1642/3753/3086 1508/3752/3085 1507/3754/3087
f 1506/3755/3088 2017/3756/3089 1507/3757/3090
f 1507/3757/3090 2017/3756/3089 2005/3758/3091
f 1507/3757/3090 2005/3758/3091 2018/3759/3092
f 2018/3759/3092 2005/3758/3091 1642/3760/3093
f 2018/3759/3092 1642/3760/3093 1507/3757/3090
f 1505/3761/3094 2010/3762/3095 1506/3755/3088
f 1506/3755/3088 2010/3762/3095 2014/3763/3096
f 1506/3755/3088 2014/3763/3096 2009/3764/3097
f 2009/3764/3097 2014/3763/3096 1922/3765/3098
f 2009/3764/3097 1922/3765/3098 2012/3766/3099
f 2012/3766/3099 1922/3765/3098 2011/3767/3100
f 2012/3766/3099 2011/3767/3100 1506/3755/3088
f 1506/3755/3088 2011/3767/3100 2013/3768/3101
f 1506/3755/3088 2013/3768/3101 2008/3769/3102
f 2008/3769/3102 2013/3768/3101 1922/3765/3098
f 2008/3769/3102 1922/3765/3098 2016/3770/3103
f 2016/3770/3103 1922/3765/3098 2015/3771/3104
f 2016/3770/3103 2015/3771/3104 1506/3755/3088
f 1506/3755/3088 2015/3771/3104 2006/3772/3105
f 1506/3755/3088 2006/3772/3105 2007/3773/3106
f 2007/3773/3106 2006/3772/3105 1642/3760/3093
f 2007/3773/3106 1642/3760/3093 2017/3756/3089
f 2017/3756/3089 1642/3760/3093 2005/3758/3091
f 2015/3771/3104 1922/3765/3098 2006/3772/3105
f 2006/3772/3105 1922/3765/3098 1642/3760/3093
f 1506/3755/3088 2008/3769/3102 2016/3770/3103
f 2017/3756/3089 1506/3755/3088 2007/3773/3106
f 2013/3768/3101 2011/3767/3100 1922/3765/3098
f 1506/3755/3088 2009/3764/3097 2012/3766/3099
f 1505/3774/3107 1922/3765/3098 2010/3762/3095
f 2010/3762/3095 1922/3765/3098 2014/3763/3096
f 1928/3775/3108 2020/3776/3109 1657/3777/3110
f 1657/3777/3110 2020/3776/3109 2031/3778/3111
f 1657/3777/3110 2031/3778/3111 2030/3779/3112
f 2030/3779/3112 2031/3778/3111 1523/3780/3113
f 2030/3779/3112 1523/3780/3113 2019/3781/3114
f 2019/3781/3114 1523/3780/3113 2032/3782/3115
f 2019/3781/3114 2032/3782/3115 1657/3777/3110
f 1657/3777/3110 2032/3782/3115 1523/3780/3113
f 1525/3783/3116 2023/3784/3117 1928/3775/3108
f 1928/3775/3108 2023/3784/3117 2027/3785/3118
f 1928/3775/3108 2027/3785/3118 2022/3786/3119
f 2022/3786/3119 2027/3785/3118 1524/3787/3120
f 2022/3786/3119 1524/3787/3120 2025/3788/3121
f 2025/3788/3121 1524/3787/3120 2024/3789/3122
f 2025/3788/3121 2024/3789/3122 1928/3775/3108
f 1928/3775/3108 2024/3789/3122 2026/3790/3123
f 1928/3775/3108 2026/3790/3123 2021/3791/3124
f 2021/3791/3124 2026/3790/3123 1524/3787/3120
f 2021/3791/3124 1524/3787/3120 2029/3792/3125
f 2029/3792/3125 1524/3787/3120 2028/3793/3126
f 2029/3792/3125 2028/3793/3126 1928/3775/3108
f 1928/3775/3108 2028/3793/3126 2020/3776/3109
f 2028/3793/3126 1524/3787/3120 2020/3776/3109
f 2020/3776/3109 1524/3787/3120 1523/3780/3113
f 2020/3776/3109 1523/3780/3113 2031/3778/3111
f 1928/3775/3108 2021/3791/3124 2029/3792/3125
f 1657/3777/3110 2030/3779/3112 2019/3781/3114
f 2026/3790/3123 2024/3789/3122 1524/3787/3120
f 1928/3775/3108 2022/3786/3119 2025/3788/3121
f 1525/3794/3127 1524/3787/3120 2023/3784/3117
f 2023/3784/3117 1524/3787/3120 2027/3785/3118
f 1657/3795/3128 1523/3796/3129 1658/3797/3130
f 1658/3797/3130 1523/3796/3129 1522/3798/3131
f 1658/3797/3130 1522/3798/3131 1659/3799/3132
f 1659/3799/3132 1522/3798/3131 1521/3800/3133
f 1659/3799/3132 1521/3800/3133 52/3801/3134
f 52/3801/3134 1521/3800/3133 1520/3802/3135
f 1519/3803/3136 2045/3804/3137 1520/3805/3138
f 1520/3805/3138 2045/3804/3137 2033/3806/3139
f 1520/3805/3138 2033/3806/3139 2046/3807/3140
f 2046/3807/3140 2033/3806/3139 52/3808/3141
f 2046/3807/3140 52/3808/3141 1520/3805/3138
f 54/3809/3142 2038/3810/3143 1519/3803/3136
f 1519/3803/3136 2038/3810/3143 2042/3811/3144
f 1519/3803/3136 2042/3811/3144 2037/3812/3145
f 2037/3812/3145 2042/3811/3144 53/3813/3146
f 2037/3812/3145 53/3813/3146 2040/3814/3147
f 2040/3814/3147 53/3813/3146 2039/3815/3148
f 2040/3814/3147 2039/3815/3148 1519/3803/3136
f 1519/3803/3136 2039/3815/3148 2041/3816/3149
f 1519/3803/3136 2041/3816/3149 2036/3817/3150
f 2036/3817/3150 2041/3816/3149 53/3813/3146
f 2036/3817/3150 53/3813/3146 2044/3818/3151
f 2044/3818/3151 53/3813/3146 2043/3819/3152
f 2044/3818/3151 2043/3819/3152 1519/3803/3136
f 1519/3803/3136 2043/3819/3152 2034/3820/3153
f 1519/3803/3136 2034/3820/3153 2035/3821/3154
f 2035/3821/3154 2034/3820/3153 52/3808/3141
f 2035/3821/3154 52/3808/3141 2045/3804/3137
f 2045/3804/3137 52/3808/3141 2033/3806/3139
f 2043/3819/3152 53/3813/3146 2034/3820/3153
f 2034/3820/3153 53/3813/3146 52/3808/3141
f 1519/3803/3136 2036/3817/3150 2044/3818/3151
f 2045/3804/3137 1519/3803/3136 2035/3821/3154
f 2041/3816/3149 2039/3815/3148 53/3813/3146
f 1519/3803/3136 2037/3812/3145 2040/3814/3147
f 54/3822/3155 53/3813/3146 2038/3810/3143
f 2038/3810/3143 53/3813/3146 2042/3811/3144
f 1778/3823/3156 2048/3824/3157 1663/3825/3158
f 1663/3825/3158 2048/3824/3157 2059/3826/3159
f 1663/3825/3158 2059/3826/3159 2058/3827/3160
f 2058/3827/3160 2059/3826/3159 1536/3828/3161
f 2058/3827/3160 1536/3828/3161 2047/3829/3162
f 2047/3829/3162 1536/3828/3161 2060/3830/3163
f 2047/3829/3162 2060/3830/3163 1663/3825/3158
f 1663/3825/3158 2060/3830/3163 1536/3828/3161
f 1538/3831/3164 2051/3832/3165 1778/3823/3156
f 1778/3823/3156 2051/3832/3165 2055/3833/3166
f 1778/3823/3156 2055/3833/3166 2050/3834/3167
f 2050/3834/3167 2055/3833/3166 1537/3835/3168
f 2050/3834/3167 1537/3835/3168 2053/3836/3169
f 2053/3836/3169 1537/3835/3168 2052/3837/3170
f 2053/3836/3169 2052/3837/3170 1778/3823/3156
f 1778/3823/3156 2052/3837/3170 2054/3838/3171
f 1778/3823/3156 2054/3838/3171 2049/3839/3172
f 2049/3839/3172 2054/3838/3171 1537/3835/3168
f 2049/3839/3172 1537/3835/3168 2057/3840/3173
f 2057/3840/3173 1537/3835/3168 2056/3841/3174
f 2057/3840/3173 2056/3841/3174 1778/3823/3156
f 1778/3823/3156 2056/3841/3174 2048/3824/3157
f 2056/3841/3174 1537/3835/3168 2048/3824/3157
f 2048/3824/3157 1537/3835/3168 1536/3828/3161
f 2048/3824/3157 1536/3828/3161 2059/3826/3159
f 1778/3823/3156 2049/3839/3172 2057/3840/3173
f 1663/3825/3158 2058/3827/3160 2047/3829/3162
f 2054/3838/3171 2052/3837/3170 1537/3835/3168
f 1778/3823/3156 2050/3834/3167 2053/3836/3169
f 1538/3842/3175 1537/3835/3168 2051/3832/3165
f 2051/3832/3165 1537/3835/3168 2055/3833/3166
f 1663/3843/3176 1536/3844/3177 1664/3845/3178
f 1664/3845/3178 1536/3844/3177 1535/3846/3179
f 1664/3845/3178 1535/3846/3179 1665/3847/3180
f 1665/3847/3180 1535/3846/3179 1534/3848/3181
f 1665/3847/3180 1534/3848/3181 329/3849/3182
f 329/3849/3182 1534/3848/3181 1533/3850/3183
f 1532/3851/3184 2073/3852/3185 1533/3853/3186
f 1533/3853/3186 2073/3852/3185 2061/3854/3187
f 1533/3853/3186 2061/3854/3187 2074/3855/3188
f 2074/3855/3188 2061/3854/3187 329/3856/3189
f 2074/3855/3188 329/3856/3189 1533/3853/3186
f 331/3857/3190 2066/3858/3191 1532/3851/3184
f 1532/3851/3184 2066/3858/3191 2070/3859/3192
f 1532/3851/3184 2070/3859/3192 2065/3860/3193
f 2065/3860/3193 2070/3859/3192 330/3861/3194
f 2065/3860/3193 330/3861/3194 2068/3862/3195
f 2068/3862/3195 330/3861/3194 2067/3863/3196
f 2068/3862/3195 2067/3863/3196 1532/3851/3184
f 1532/3851/3184 2067/3863/3196 2069/3864/3197
f 1532/3851/3184 2069/3864/3197 2064/3865/3198
f 2064/3865/3198 2069/3864/3197 330/3861/3194
f 2064/3865/3198 330/3861/3194 2072/3866/3199
f 2072/3866/3199 330/3861/3194 2071/3867/3200
f 2072/3866/3199 2071/3867/3200 1532/3851/3184
f 1532/3851/3184 2071/3867/3200 2062/3868/3201
f 1532/3851/3184 2062/3868/3201 2063/3869/3202
f 2063/3869/3202 2062/3868/3201 329/3856/3189
f 2063/3869/3202 329/3856/3189 2073/3852/3185
f 2073/3852/3185 329/3856/3189 2061/3854/3187
f 2071/3867/3200 330/3861/3194 2062/3868/3201
f 2062/3868/3201 330/3861/3194 329/3856/3189
f 1532/3851/3184 2064/3865/3198 2072/3866/3199
f 2073/3852/3185 1532/3851/3184 2063/3869/3202
f 2069/3864/3197 2067/3863/3196 330/3861/3194
f 1532/3851/3184 2065/3860/3193 2068/3862/3195
f 331/3870/3203 330/3861/3194 2066/3858/3191
f 2066/3858/3191 330/3861/3194 2070/3859/3192
f 1545/3871/3204 2075/3872/3205 1546/3873/3206
f 1546/3873/3206 2075/3872/3205 2085/3874/3207
f 1546/3873/3206 2085/3874/3207 309/3875/3208
f 309/3875/3208 2085/3874/3207 2075/3872/3205
f 309/3875/3208 2075/3872/3205 2083/3876/3209
f 2083/3876/3209 2075/3872/3205 1545/3871/3204
f 2083/3876/3209 1545/3871/3204 2084/3877/3210
f 2084/3877/3210 1545/3871/3204 2076/3878/3211
f 2084/3877/3210 2076/3878/3211 310/3879/3212
f 310/3879/3212 2076/3878/3211 2081/3880/3213
f 310/3879/3212 2081/3880/3213 2079/3881/3214
f 2079/3881/3214 2081/3880/3213 1545/3871/3204
f 2079/3881/3214 1545/3871/3204 2080/3882/3215
f 2080/3882/3215 1545/3871/3204 2077/3883/3216
f 2080/3882/3215 2077/3883/3216 310/3879/3212
f 310/3879/3212 2077/3883/3216 2082/3884/3217
f 310/3879/3212 2082/3884/3217 2078/3885/3218
f 2078/3885/3218 2082/3884/3217 1545/3871/3204
f 2078/3885/3218 1545/3871/3204 311/3886/3219
f 2084/3877/3210 310/3879/3212 2083/3876/3209
f 2083/3876/3209 310/3879/3212 309/3875/3208
f 2076/3878/3211 1545/3871/3204 2081/3880/3213
f 310/3879/3212 2079/3881/3214 2080/3882/3215
f 310/3879/3212 2078/3885/3218 311/3887/3220
f 2082/3884/3217 2077/3883/3216 1545/3871/3204
f 1546/3888/3221 309/3889/3222 1547/3890/3223
f 1547/3890/3223 309/3889/3222 1681/3891/3224
f 1547/3890/3223 1681/3891/3224 1548/3892/3225
f 1548/3892/3225 1681/3891/3224 1680/3893/3226
f 1548/3892/3225 1680/3893/3226 1465/3894/3227
f 1465/3894/3227 1680/3893/3226 1679/3895/3228
f 1465/3896/3227 1679/3897/3228 1553/3898/3229
f 1553/3898/3229 1679/3897/3228 1678/3899/3230
f 1553/3898/3229 1678/3899/3230 1554/3900/3231
f 1554/3900/3231 1678/3899/3230 1677/3901/3232
f 1554/3900/3231 1677/3901/3232 1555/3902/3233
f 1555/3902/3233 1677/3901/3232 1676/3903/3234
f 1676/3904/3235 2096/3905/3236 1555/3906/3237
f 1555/3906/3237 2096/3905/3236 2086/3907/3238
f 1555/3906/3237 2086/3907/3238 1556/3908/3239
f 1556/3908/3239 2086/3907/3238 2087/3909/3240
f 1556/3908/3239 2087/3909/3240 2095/3910/3241
f 2095/3910/3241 2087/3909/3240 1676/3904/3235
f 2095/3910/3241 1676/3904/3235 2094/3911/3242
f 2094/3911/3242 1676/3904/3235 1802/3912/3243
f 2094/3911/3242 1802/3912/3243 2089/3913/3244
f 2089/3913/3244 1802/3912/3243 2088/3914/3245
f 2089/3913/3244 2088/3914/3245 1556/3908/3239
f 1556/3908/3239 2088/3914/3245 1557/3915/3246
f 1557/3915/3246 2088/3914/3245 2092/3916/3247
f 1557/3915/3246 2092/3916/3247 2093/3917/3248
f 2093/3917/3248 2092/3916/3247 1802/3912/3243
f 2093/3917/3248 1802/3912/3243 2090/3918/3249
f 2090/3918/3249 1802/3912/3243 2098/3919/3250
f 2090/3918/3249 2098/3919/3250 1557/3915/3246
f 1557/3915/3246 2098/3919/3250 2097/3920/3251
f 1557/3915/3246 2097/3920/3251 2099/3921/3252
f 2099/3921/3252 2097/3920/3251 1802/3912/3243
f 2099/3921/3252 1802/3912/3243 2091/3922/3253
f 2091/3922/3253 1802/3912/3243 1558/3923/3254
f 2095/3910/3241 2094/3911/3242 1556/3908/3239
f 1556/3908/3239 2094/3911/3242 2089/3913/3244
f 2092/3916/3247 2088/3914/3245 1802/3912/3243
f 2090/3918/3249 1557/3915/3246 2093/3917/3248
f 1558/3924/3255 1557/3915/3246 2091/3922/3253
f 2091/3922/3253 1557/3915/3246 2099/3921/3252
f 2097/3920/3251 2098/3919/3250 1802/3912/3243
f 2096/3905/3236 1676/3904/3235 2086/3907/3238
f 2086/3907/3238 1676/3904/3235 2087/3909/3240
f 292/3925/3256 2105/3926/3257 293/3927/3258
f 293/3927/3258 2105/3926/3257 2109/3928/3259
f 293/3927/3258 2109/3928/3259 2104/3929/3260
f 2104/3929/3260 2109/3928/3259 1378/3930/3261
f 2104/3929/3260 1378/3930/3261 2106/3931/3262
f 2106/3931/3262 1378/3930/3261 2107/3932/3263
f 2106/3931/3262 2107/3932/3263 293/3927/3258
f 293/3927/3258 2107/3932/3263 2103/3933/3264
f 293/3927/3258 2103/3933/3264 2101/3934/3265
f 2101/3934/3265 2103/3933/3264 1377/3935/3266
f 2101/3934/3265 1377/3935/3266 2108/3936/3267
f 2108/3936/3267 1377/3935/3266 2102/3937/3268
f 2108/3936/3267 2102/3937/3268 293/3927/3258
f 293/3927/3258 2102/3937/3268 294/3938/3269
f 294/3938/3269 2102/3937/3268 2110/3939/3270
f 294/3938/3269 2110/3939/3270 2100/3940/3271
f 2100/3940/3271 2110/3939/3270 1377/3935/3266
f 2100/3940/3271 1377/3935/3266 1376/3941/3272
f 2107/3932/3263 1378/3930/3261 2103/3933/3264
f 2103/3933/3264 1378/3930/3261 1377/3935/3266
f 1376/3941/3272 294/3938/3269 2100/3940/3271
f 293/3927/3258 2101/3934/3265 2108/3936/3267
f 293/3927/3258 2104/3929/3260 2106/3931/3262
f 292/3942/3273 1378/3930/3261 2105/3926/3257
f 2105/3926/3257 1378/3930/3261 2109/3928/3259
f 2110/3939/3270 2102/3937/3268 1377/3935/3266
f 294/3943/3274 1376/3944/3275 1690/3945/3276
f 1690/3945/3276 1376/3944/3275 1375/3946/3277
f 1690/3945/3276 1375/3946/3277 1691/3947/3278
f 1691/3947/3278 1375/3946/3277 1374/3948/3279
f 1691/3947/3278 1374/3948/3279 1692/3949/3280
f 1692/3949/3280 1374/3948/3279 1333/3950/3281
f 1692/3951/3280 1333/3952/3281 1693/3953/3282
f 1693/3953/3282 1333/3952/3281 1345/3954/3283
f 1693/3953/3282 1345/3954/3283 1694/3955/3284
f 1694/3955/3284 1345/3954/3283 1344/3956/3285
f 1694/3955/3284 1344/3956/3285 1695/3957/3286
f 1695/3957/3286 1344/3956/3285 1343/3958/3287
f 1342/3959/3288 2111/3960/3289 1343/3961/3290
f 1343/3961/3290 2111/3960/3289 2124/3962/3291
f 1343/3961/3290 2124/3962/3291 1695/3963/3292
f 1695/3963/3292 2124/3962/3291 2111/3960/3289
f 1695/3963/3292 2111/3960/3289 2113/3964/3293
f 2113/3964/3293 2111/3960/3289 1342/3959/3288
f 2113/3964/3293 1342/3959/3288 2123/3965/3294
f 2123/3965/3294 1342/3959/3288 2112/3966/3295
f 2123/3965/3294 2112/3966/3295 1695/3963/3292
f 1695/3963/3292 2112/3966/3295 1844/3967/3296
f 1844/3967/3296 2112/3966/3295 2114/3968/3297
f 1844/3967/3296 2114/3968/3297 2119/3969/3298
f 2119/3969/3298 2114/3968/3297 1341/3970/3299
f 2119/3969/3298 1341/3970/3299 2117/3971/3300
f 2117/3971/3300 1341/3970/3299 2118/3972/3301
f 2117/3971/3300 2118/3972/3301 1844/3967/3296
f 1844/3967/3296 2118/3972/3301 2115/3973/3302
f 1844/3967/3296 2115/3973/3302 2122/3974/3303
f 2122/3974/3303 2115/3973/3302 1341/3970/3299
f 2122/3974/3303 1341/3970/3299 2120/3975/3304
f 2120/3975/3304 1341/3970/3299 2121/3976/3305
f 2120/3975/3304 2121/3976/3305 1844/3967/3296
f 1844/3967/3296 2121/3976/3305 2116/3977/3306
f 1844/3967/3296 2116/3977/3306 1340/3978/3307
f 2112/3966/3295 1342/3959/3288 2114/3968/3297
f 2114/3968/3297 1342/3959/3288 1341/3970/3299
f 2121/3976/3305 1341/3970/3299 2116/3977/3306
f 2116/3977/3306 1341/3970/3299 1340/3979/3308
f 2113/3964/3293 2123/3965/3294 1695/3963/3292
f 2119/3969/3298 2117/3971/3300 1844/3967/3296
f 1341/3970/3299 2115/3973/3302 2118/3972/3301
f 2122/3974/3303 2120/3975/3304 1844/3967/3296
f 286/3980/3309 2133/3981/3310 275/3982/3311
f 275/3982/3311 2133/3981/3310 2125/3983/3312
f 275/3982/3311 2125/3983/3312 2135/3984/3313
f 2135/3984/3313 2125/3983/3312 1390/3985/3314
f 2135/3984/3313 1390/3985/3314 275/3982/3311
f 285/3986/3315 2128/3987/3316 286/3980/3309
f 286/3980/3309 2128/3987/3316 2132/3988/3317
f 286/3980/3309 2132/3988/3317 2127/3989/3318
f 2127/3989/3318 2132/3988/3317 1391/3990/3319
f 2127/3989/3318 1391/3990/3319 2130/3991/3320
f 2130/3991/3320 1391/3990/3319 2129/3992/3321
f 2130/3991/3320 2129/3992/3321 286/3980/3309
f 286/3980/3309 2129/3992/3321 2131/3993/3322
f 286/3980/3309 2131/3993/3322 2126/3994/3323
f 2126/3994/3323 2131/3993/3322 1391/3990/3319
f 2126/3994/3323 1391/3990/3319 2134/3995/3324
f 2134/3995/3324 1391/3990/3319 2133/3981/3310
f 2134/3995/3324 2133/3981/3310 286/3980/3309
f 1391/3990/3319 1390/3985/3314 2133/3981/3310
f 2133/3981/3310 1390/3985/3314 2125/3983/3312
f 286/3980/3309 2126/3994/3323 2134/3995/3324
f 2131/3993/3322 2129/3992/3321 1391/3990/3319
f 286/3980/3309 2127/3989/3318 2130/3991/3320
f 285/3996/3325 1391/3990/3319 2128/3987/3316
f 2128/3987/3316 1391/3990/3319 2132/3988/3317
f 275/3997/3326 1390/3998/3327 1707/3999/3328
f 1707/3999/3328 1390/3998/3327 1389/4000/3329
f 1707/3999/3328 1389/4000/3329 1708/4001/3330
f 1708/4001/3330 1389/4000/3329 1388/4002/3331
f 1708/4001/3330 1388/4002/3331 1709/4003/3332
f 1709/4003/3332 1388/4002/3331 1387/4004/3333
f 1386/4005/3334 2136/4006/3335 1387/4007/3336
f 1387/4007/3336 2136/4006/3335 2146/4008/3337
f 1387/4007/3336 2146/4008/3337 1709/4009/3338
f 1709/4009/3338 2146/4008/3337 2136/4006/3335
f 1709/4009/3338 2136/4006/3335 2144/4010/3339
f 2144/4010/3339 2136/4006/3335 1386/4005/3334
f 2144/4010/3339 1386/4005/3334 2145/4011/3340
f 2145/4011/3340 1386/4005/3334 2137/4012/3341
f 2145/4011/3340 2137/4012/3341 1868/4013/3342
f 1868/4013/3342 2137/4012/3341 2142/4014/3343
f 1868/4013/3342 2142/4014/3343 2140/4015/3344
f 2140/4015/3344 2142/4014/3343 1386/4005/3334
f 2140/4015/3344 1386/4005/3334 2141/4016/3345
f 2141/4016/3345 1386/4005/3334 2138/4017/3346
f 2141/4016/3345 2138/4017/3346 1868/4013/3342
f 1868/4013/3342 2138/4017/3346 2143/4018/3347
f 1868/4013/3342 2143/4018/3347 2139/4019/3348
f 2139/4019/3348 2143/4018/3347 1386/4005/3334
f 2139/4019/3348 1386/4005/3334 1385/4020/3349
f 2145/4011/3340 1868/4013/3342 2144/4010/3339
f 2144/4010/3339 1868/4013/3342 1709/4009/3338
f 2137/4012/3341 1386/4005/3334 2142/4014/3343
f 1868/4013/3342 2140/4015/3344 2141/4016/3345
f 1868/4013/3342 2139/4019/3348 1385/4021/3350
f 2143/4018/3347 2138/4017/3346 1386/4005/3334
f 269/4022/3351 2148/4023/3352 262/4024/3353
f 262/4024/3353 2148/4023/3352 2159/4025/3354
f 262/4024/3353 2159/4025/3354 2158/4026/3355
f 2158/4026/3355 2159/4025/3354 1401/4027/3356
f 2158/4026/3355 1401/4027/3356 2147/4028/3357
f 2147/4028/3357 1401/4027/3356 2160/4029/3358
f 2147/4028/3357 2160/4029/3358 262/4024/3353
f 262/4024/3353 2160/4029/3358 1401/4027/3356
f 268/4030/3359 2151/4031/3360 269/4022/3351
f 269/4022/3351 2151/4031/3360 2155/4032/3361
f 269/4022/3351 2155/4032/3361 2150/4033/3362
f 2150/4033/3362 2155/4032/3361 1402/4034/3363
f 2150/4033/3362 1402/4034/3363 2153/4035/3364
f 2153/4035/3364 1402/4034/3363 2152/4036/3365
f 2153/4035/3364 2152/4036/3365 269/4022/3351
f 269/4022/3351 2152/4036/3365 2154/4037/3366
f 269/4022/3351 2154/4037/3366 2149/4038/3367
f 2149/4038/3367 2154/4037/3366 1402/4034/3363
f 2149/4038/3367 1402/4034/3363 2157/4039/3368
f 2157/4039/3368 1402/4034/3363 2156/4040/3369
f 2157/4039/3368 2156/4040/3369 269/4022/3351
f 269/4022/3351 2156/4040/3369 2148/4023/3352
f 2156/4040/3369 1402/4034/3363 2148/4023/3352
f 2148/4023/3352 1402/4034/3363 1401/4027/3356
f 2148/4023/3352 1401/4027/3356 2159/4025/3354
f 269/4022/3351 2149/4038/3367 2157/4039/3368
f 262/4024/3353 2158/4026/3355 2147/4028/3357
f 2154/4037/3366 2152/4036/3365 1402/4034/3363
f 269/4022/3351 2150/4033/3362 2153/4035/3364
f 268/4041/3370 1402/4034/3363 2151/4031/3360
f 2151/4031/3360 1402/4034/3363 2155/4032/3361
f 262/4042/3371 1401/4043/3372 1572/4044/3373
f 1572/4044/3373 1401/4043/3372 1400/4045/3374
f 1572/4044/3373 1400/4045/3374 1573/4046/3375
f 1573/4046/3375 1400/4045/3374 1399/4047/3376
f 1573/4046/3375 1399/4047/3376 1574/4048/3377
f 1574/4048/3377 1399/4047/3376 1398/4049/3378
f 1397/4050/3379 2173/4051/3380 1398/4052/3381
f 1398/4052/3381 2173/4051/3380 2161/4053/3382
f 1398/4052/3381 2161/4053/3382 2174/4054/3383
f 2174/4054/3383 2161/4053/3382 1574/4055/3384
f 2174/4054/3383 1574/4055/3384 1398/4052/3381
f 552/4056/3385 2166/4057/3386 1397/4050/3379
f 1397/4050/3379 2166/4057/3386 2170/4058/3387
f 1397/4050/3379 2170/4058/3387 2165/4059/3388
f 2165/4059/3388 2170/4058/3387 1874/4060/3389
f 2165/4059/3388 1874/4060/3389 2168/4061/3390
f 2168/4061/3390 1874/4060/3389 2167/4062/3391
f 2168/4061/3390 2167/4062/3391 1397/4050/3379
f 1397/4050/3379 2167/4062/3391 2169/4063/3392
f 1397/4050/3379 2169/4063/3392 2164/4064/3393
f 2164/4064/3393 2169/4063/3392 1874/4060/3389
f 2164/4064/3393 1874/4060/3389 2172/4065/3394
f 2172/4065/3394 1874/4060/3389 2171/4066/3395
f 2172/4065/3394 2171/4066/3395 1397/4050/3379
f 1397/4050/3379 2171/4066/3395 2162/4067/3396
f 1397/4050/3379 2162/4067/3396 2163/4068/3397
f 2163/4068/3397 2162/4067/3396 1574/4055/3384
f 2163/4068/3397 1574/4055/3384 2173/4051/3380
f 2173/4051/3380 1574/4055/3384 2161/4053/3382
f 2171/4066/3395 1874/4060/3389 2162/4067/3396
f 2162/4067/3396 1874/4060/3389 1574/4055/3384
f 1397/4050/3379 2164/4064/3393 2172/4065/3394
f 2173/4051/3380 1397/4050/3379 2163/4068/3397
f 2169/4063/3392 2167/4062/3391 1874/4060/3389
f 1397/4050/3379 2165/4059/3388 2168/4061/3390
f 552/4069/3398 1874/4060/3389 2166/4057/3386
f 2166/4057/3386 1874/4060/3389 2170/4058/3387
f 1880/4070/3399 2176/4071/3400 1579/4072/3401
f 1579/4072/3401 2176/4071/3400 2187/4073/3402
f 1579/4072/3401 2187/4073/3402 2186/4074/3403
f 2186/4074/3403 2187/4073/3402 1412/4075/3404
f 2186/4074/3403 1412/4075/3404 2175/4076/3405
f 2175/4076/3405 1412/4075/3404 2188/4077/3406
f 2175/4076/3405 2188/4077/3406 1579/4072/3401
f 1579/4072/3401 2188/4077/3406 1412/4075/3404
f 1414/4078/3407 2179/4079/3408 1880/4070/3399
f 1880/4070/3399 2179/4079/3408 2183/4080/3409
f 1880/4070/3399 2183/4080/3409 2178/4081/3410
f 2178/4081/3410 2183/4080/3409 1413/4082/3411
f 2178/4081/3410 1413/4082/3411 2181/4083/3412
f 2181/4083/3412 1413/4082/3411 2180/4084/3413
f 2181/4083/3412 2180/4084/3413 1880/4070/3399
f 1880/4070/3399 2180/4084/3413 2182/4085/3414
f 1880/4070/3399 2182/4085/3414 2177/4086/3415
f 2177/4086/3415 2182/4085/3414 1413/4082/3411
f 2177/4086/3415 1413/4082/3411 2185/4087/3416
f 2185/4087/3416 1413/4082/3411 2184/4088/3417
f 2185/4087/3416 2184/4088/3417 1880/4070/3399
f 1880/4070/3399 2184/4088/3417 2176/4071/3400
f 2184/4088/3417 1413/4082/3411 2176/4071/3400
f 2176/4071/3400 1413/4082/3411 1412/4075/3404
f 2176/4071/3400 1412/4075/3404 2187/4073/3402
f 1880/4070/3399 2177/4086/3415 2185/4087/3416
f 1579/4072/3401 2186/4074/3403 2175/4076/3405
f 2182/4085/3414 2180/4084/3413 1413/4082/3411
f 1880/4070/3399 2178/4081/3410 2181/4083/3412
f 1414/4089/3418 1413/4082/3411 2179/4079/3408
f 2179/4079/3408 1413/4082/3411 2183/4080/3409
f 1579/4090/3419 1412/4091/3420 1580/4092/3421
f 1580/4092/3421 1412/4091/3420 1411/4093/3422
f 1580/4092/3421 1411/4093/3422 1581/4094/3423
f 1581/4094/3423 1411/4093/3422 1410/4095/3424
f 1581/4094/3423 1410/4095/3424 1582/4096/3425
f 1582/4096/3425 1410/4095/3424 1409/4097/3426
f 1408/4098/3427 2201/4099/3428 1409/4100/3429
f 1409/4100/3429 2201/4099/3428 2189/4101/3430
f 1409/4100/3429 2189/4101/3430 2202/4102/3431
f 2202/4102/3431 2189/4101/3430 1582/4103/3432
f 2202/4102/3431 1582/4103/3432 1409/4100/3429
f 543/4104/3433 2194/4105/3434 1408/4098/3427
f 1408/4098/3427 2194/4105/3434 2198/4106/3435
f 1408/4098/3427 2198/4106/3435 2193/4107/3436
f 2193/4107/3436 2198/4106/3435 1886/4108/3437
f 2193/4107/3436 1886/4108/3437 2196/4109/3438
f 2196/4109/3438 1886/4108/3437 2195/4110/3439
f 2196/4109/3438 2195/4110/3439 1408/4098/3427
f 1408/4098/3427 2195/4110/3439 2197/4111/3440
f 1408/4098/3427 2197/4111/3440 2192/4112/3441
f 2192/4112/3441 2197/4111/3440 1886/4108/3437
f 2192/4112/3441 1886/4108/3437 2200/4113/3442
f 2200/4113/3442 1886/4108/3437 2199/4114/3443
f 2200/4113/3442 2199/4114/3443 1408/4098/3427
f 1408/4098/3427 2199/4114/3443 2190/4115/3444
f 1408/4098/3427 2190/4115/3444 2191/4116/3445
f 2191/4116/3445 2190/4115/3444 1582/4103/3432
f 2191/4116/3445 1582/4103/3432 2201/4099/3428
f 2201/4099/3428 1582/4103/3432 2189/4101/3430
f 2199/4114/3443 1886/4108/3437 2190/4115/3444
f 2190/4115/3444 1886/4108/3437 1582/4103/3432
f 1408/4098/3427 2192/4112/3441 2200/4113/3442
f 2201/4099/3428 1408/4098/3427 2191/4116/3445
f 2197/4111/3440 2195/4110/3439 1886/4108/3437
f 1408/4098/3427 2193/4107/3436 2196/4109/3438
f 543/4117/3446 1886/4108/3437 2194/4105/3434
f 2194/4105/3434 1886/4108/3437 2198/4106/3435
f 1284/4118/3447 1453/4119/3448 1285/4120/3449
f 1285/4120/3449 1453/4119/3448 1492/4121/3450
f 1285/4120/3449 1492/4121/3450 1286/4122/3451
f 1286/4122/3451 1492/4121/3450 1491/4123/3452
f 1286/4122/3451 1491/4123/3452 1287/4124/3453
f 1287/4124/3453 1491/4123/3452 1490/4125/3454
f 1287/4124/3453 1490/4125/3454 1288/4126/3455
f 1288/4126/3455 1490/4125/3454 1489/4127/3456
f 1288/4126/3455 1489/4127/3456 1289/4128/3457
f 1289/4128/3457 1489/4127/3456 1488/4129/3458
f 1289/4128/3457 1488/4129/3458 1290/4130/3459
f 1290/4130/3459 1488/4129/3458 1487/4131/3460
f 1290/4130/3459 1487/4131/3460 1291/4132/3461
f 1291/4132/3461 1487/4131/3460 1486/4133/3462
f 1291/4132/3461 1486/4133/3462 1292/4134/3463
f 1292/4134/3463 1486/4133/3462 1485/4135/3464
f 1292/4134/3463 1485/4135/3464 1293/4136/3465
f 1293/4136/3465 1485/4135/3464 1484/4137/3466
f 1293/4136/3465 1484/4137/3466 1294/4138/3467
f 1294/4138/3467 1484/4137/3466 1483/4139/3468
f 1294/4138/3467 1483/4139/3468 1295/4140/3469
f 1295/4140/3469 1483/4139/3468 1482/4141/3470
f 1295/4140/3469 1482/4141/3470 1296/4142/3471
f 1296/4142/3471 1482/4141/3470 1481/4143/3472
f 1296/4142/3471 1481/4143/3472 1297/4144/3473
f 1297/4144/3473 1481/4143/3472 1480/4145/3474
f 1297/4144/3473 1480/4145/3474 1298/4146/3475
f 1298/4146/3475 1480/4145/3474 1479/4147/3476
f 1298/4146/3475 1479/4147/3476 1299/4148/3477
f 1299/4148/3477 1479/4147/3476 1478/4149/3478
f 1299/4148/3477 1478/4149/3478 1300/4150/3479
f 1300/4150/3479 1478/4149/3478 1477/4151/3480
f 1300/4150/3479 1477/4151/3480 1301/4152/3481
f 1301/4152/3481 1477/4151/3480 1476/4153/3482
f 1301/4152/3481 1476/4153/3482 1302/4154/3483
f 1302/4154/3483 1476/4153/3482 1475/4155/3484
f 1302/4154/3483 1475/4155/3484 1303/4156/3485
f 1303/4156/3485 1475/4155/3484 1474/4157/3486
f 1303/4156/3485 1474/4157/3486 1304/4158/3487
f 1304/4158/3487 1474/4157/3486 1473/4159/3488
f 1304/4158/3487 1473/4159/3488 1305/4160/3489
f 1305/4160/3489 1473/4159/3488 1472/4161/3490
f 1305/4160/3489 1472/4161/3490 1306/4162/3491
f 1306/4162/3491 1472/4161/3490 1471/4163/3492
f 1306/4162/3491 1471/4163/3492 1307/4164/3493
f 1307/4164/3493 1471/4163/3492 1470/4165/3494
f 1307/4164/3493 1470/4165/3494 1308/4166/3495
f 1308/4166/3495 1470/4165/3494 1469/4167/3496
f 1308/4166/3495 1469/4167/3496 1309/4168/3497
f 1309/4168/3497 1469/4167/3496 1468/4169/3498
f 1309/4168/3497 1468/4169/3498 1310/4170/3499
f 1310/4170/3499 1468/4169/3498 1467/4171/3500
f 1310/4170/3499 1467/4171/3500 1311/4172/3501
f 1311/4172/3501 1467/4171/3500 1466/4173/3502
f 1311/4174/3501 1466/4175/3502 1312/4176/3503
f 1312/4176/3503 1466/4175/3502 1552/4177/3504
f 1312/4176/3503 1552/4177/3504 1313/4178/3505
f 1313/4178/3505 1552/4177/3504 1551/4179/3506
f 1313/4178/3505 1551/4179/3506 1314/4180/3507
f 1314/4180/3507 1551/4179/3506 1550/4181/3508
f 1453/4182/3448 1284/4183/3447 1454/4184/3509
f 1454/4184/3509 1284/4183/3447 1283/4185/3510
f 1454/4184/3509 1283/4185/3510 1455/4186/3511
f 1455/4186/3511 1283/4185/3510 1282/4187/3512
f 1455/4186/3511 1282/4187/3512 1445/4188/3513
f 1445/4188/3513 1282/4187/3512 1281/4189/3514
f 1550/4190/3508 1565/4191/3515 1314/4192/3507
f 1314/4192/3507 1565/4191/3515 1315/4193/3516
f 1315/4193/3516 1565/4191/3515 1564/4194/3517
f 1315/4193/3516 1564/4194/3517 1316/4195/3518
f 1316/4195/3518 1564/4194/3517 1563/4196/3519
f 1316/4195/3518 1563/4196/3519 1317/4197/3520
f 1317/4197/3520 1563/4196/3519 1562/4198/3521
f 1445/4199/3513 1281/4200/3514 1446/4201/3522
f 1446/4201/3522 1281/4200/3514 1280/4202/3523
f 1446/4201/3522 1280/4202/3523 1447/4203/3524
f 1447/4203/3524 1280/4202/3523 1279/4204/3525
f 1447/4203/3524 1279/4204/3525 1448/4205/3526
f 1448/4205/3526 1279/4204/3525 1/4206/2
f 1448/4205/3526 1/4206/2 10/4207/1
f 1317/4208/3520 1562/4209/3521 1318/4210/3527
f 1318/4210/3527 1562/4209/3521 1571/4211/3528
f 1318/4210/3527 1571/4211/3528 1319/4212/3529
f 1319/4212/3529 1571/4211/3528 1570/4213/3530
f 1319/4212/3529 1570/4213/3530 1320/4214/3531
f 1320/4214/3531 1570/4213/3530 1569/4215/3532
f 1320/4214/3531 1569/4215/3532 1321/4216/3533
f 1321/4216/3533 1569/4215/3532 1329/4217/3534
f 1329/4218/3534 1328/4219/3535 1321/4220/3533
f 1321/4220/3533 1328/4219/3535 1322/4221/3536
f 1322/4221/3536 1328/4219/3535 1327/4222/3537
f 1322/4221/3536 1327/4222/3537 1323/4223/3538
f 1323/4223/3538 1327/4222/3537 1326/4224/3539
f 1323/4223/3538 1326/4224/3539 1243/4225/3540
f 1243/4225/3540 1326/4224/3539 1325/4226/3541
f 6/4227/9 5/4228/10 1438/4229/3542
f 1438/4229/3542 5/4228/10 1278/4230/3543
f 1438/4229/3542 1278/4230/3543 1439/4231/3544
f 1439/4231/3544 1278/4230/3543 1277/4232/3545
f 1439/4231/3544 1277/4232/3545 1440/4233/3546
f 1440/4233/3546 1277/4232/3545 1276/4234/3547
f 1440/4233/3546 1276/4234/3547 1426/4235/3548
f 1243/4236/3540 1325/4237/3541 1244/4238/3549
f 1244/4238/3549 1325/4237/3541 1336/4239/3550
f 1244/4238/3549 1336/4239/3550 1245/4240/3551
f 1245/4240/3551 1336/4239/3550 1335/4241/3552
f 1245/4240/3551 1335/4241/3552 1246/4242/3553
f 1246/4242/3553 1335/4241/3552 1334/4243/3554
f 1426/4244/3548 1276/4245/3547 1427/4246/3555
f 1427/4246/3555 1276/4245/3547 1275/4247/3556
f 1427/4246/3555 1275/4247/3556 1428/4248/3557
f 1428/4248/3557 1275/4247/3556 1274/4249/3558
f 1428/4248/3557 1274/4249/3558 1347/4250/3559
f 1347/4250/3559 1274/4249/3558 1273/4251/3560
f 1246/4252/3553 1334/4253/3554 1247/4254/3561
f 1247/4254/3561 1334/4253/3554 1373/4255/3562
f 1247/4254/3561 1373/4255/3562 1248/4256/3563
f 1248/4256/3563 1373/4255/3562 1372/4257/3564
f 1248/4256/3563 1372/4257/3564 1249/4258/3565
f 1249/4258/3565 1372/4257/3564 1371/4259/3566
f 1249/4258/3565 1371/4259/3566 1250/4260/3567
f 1250/4260/3567 1371/4259/3566 1370/4261/3568
f 1250/4260/3567 1370/4261/3568 1251/4262/3569
f 1251/4262/3569 1370/4261/3568 1369/4263/3570
f 1251/4262/3569 1369/4263/3570 1252/4264/3571
f 1252/4264/3571 1369/4263/3570 1368/4265/3572
f 1252/4264/3571 1368/4265/3572 1253/4266/3573
f 1253/4266/3573 1368/4265/3572 1367/4267/3574
f 1253/4266/3573 1367/4267/3574 1254/4268/3575
f 1254/4268/3575 1367/4267/3574 1366/4269/3576
f 1254/4268/3575 1366/4269/3576 1255/4270/3577
f 1255/4270/3577 1366/4269/3576 1365/4271/3578
f 1255/4270/3577 1365/4271/3578 1256/4272/3579
f 1256/4272/3579 1365/4271/3578 1364/4273/3580
f 1256/4272/3579 1364/4273/3580 1257/4274/3581
f 1257/4274/3581 1364/4273/3580 1363/4275/3582
f 1257/4274/3581 1363/4275/3582 1258/4276/3583
f 1258/4276/3583 1363/4275/3582 1362/4277/3584
f 1258/4276/3583 1362/4277/3584 1259/4278/3585
f 1259/4278/3585 1362/4277/3584 1361/4279/3586
f 1259/4278/3585 1361/4279/3586 1260/4280/3587
f 1260/4280/3587 1361/4279/3586 1360/4281/3588
f 1260/4280/3587 1360/4281/3588 1261/4282/3589
f 1261/4282/3589 1360/4281/3588 1359/4283/3590
f 1261/4282/3589 1359/4283/3590 1262/4284/3591
f 1262/4284/3591 1359/4283/3590 1358/4285/3592
f 1262/4284/3591 1358/4285/3592 1263/4286/3593
f 1263/4286/3593 1358/4285/3592 1357/4287/3594
f 1263/4286/3593 1357/4287/3594 1264/4288/3595
f 1264/4288/3595 1357/4287/3594 1356/4289/3596
f 1264/4288/3595 1356/4289/3596 1265/4290/3597
f 1265/4290/3597 1356/4289/3596 1355/4291/3598
f 1265/4290/3597 1355/4291/3598 1266/4292/3599
f 1266/4292/3599 1355/4291/3598 1354/4293/3600
f 1266/4292/3599 1354/4293/3600 1267/4294/3601
f 1267/4294/3601 1354/4293/3600 1353/4295/3602
f 1267/4294/3601 1353/4295/3602 1268/4296/3603
f 1268/4296/3603 1353/4295/3602 1352/4297/3604
f 1268/4296/3603 1352/4297/3604 1269/4298/3605
f 1269/4298/3605 1352/4297/3604 1351/4299/3606
f 1269/4298/3605 1351/4299/3606 1270/4300/3607
f 1270/4300/3607 1351/4299/3606 1350/4301/3608
f 1270/4300/3607 1350/4301/3608 1271/4302/3609
f 1271/4302/3609 1350/4301/3608 1349/4303/3610
f 1271/4302/3609 1349/4303/3610 1272/4304/3611
f 1272/4304/3611 1349/4303/3610 1348/4305/3612
f 1272/4304/3611 1348/4305/3612 1273/4306/3560
f 1273/4306/3560 1348/4305/3612 1347/4307/3559
# 2202 vertices
# 4307 texture params
# 3612 normals
# 4440 facets

# 1 groups
