# WaveFront *.obj file (generated by Autodesk ATF)

mtllib body41_visual.mtl

g Body41

v 65.794846 -62.653081 95.407122
v 65.805969 -62.642111 95.408952
v 65.816793 -62.631583 95.409622
v 65.827321 -62.620759 95.408952
v 65.838291 -62.609636 95.407122
v 65.855043 -62.592884 95.401665
v 65.871164 -62.576763 95.393227
v 65.886391 -62.561535 95.381947
v 65.900476 -62.547451 95.368010
v 65.913187 -62.534740 95.351644
v 65.924316 -62.523611 95.333117
v 65.933681 -62.514246 95.312731
v 65.941129 -62.506798 95.290821
v 65.946538 -62.501389 95.267746
v 65.949819 -62.498108 95.243882
v 65.950919 -62.497008 95.219622
v 65.949819 -62.498108 95.195362
v 65.946538 -62.501389 95.171498
v 65.941129 -62.506798 95.148423
v 65.933681 -62.514246 95.126513
v 65.924316 -62.523611 95.106127
v 65.913187 -62.534740 95.087600
v 65.900476 -62.547451 95.071234
v 65.886391 -62.561535 95.057297
v 65.871164 -62.576763 95.046017
v 65.855043 -62.592884 95.037579
v 65.838291 -62.609636 95.032122
v 65.827321 -62.620759 95.030292
v 65.816793 -62.631583 95.029622
v 65.805969 -62.642111 95.030292
v 65.794846 -62.653081 95.032122
v 65.778095 -62.669832 95.037579
v 65.761973 -62.685953 95.046017
v 65.746746 -62.701181 95.057297
v 65.732661 -62.715266 95.071234
v 65.719950 -62.727976 95.087600
v 65.708821 -62.739106 95.106127
v 65.699456 -62.748471 95.126513
v 65.692008 -62.755919 95.148423
v 65.686599 -62.761328 95.171498
v 65.683318 -62.764609 95.195362
v 65.682218 -62.765709 95.219622
v 65.683318 -62.764609 95.243882
v 65.686599 -62.761328 95.267746
v 65.692008 -62.755919 95.290821
v 65.699456 -62.748471 95.312731
v 65.708821 -62.739106 95.333117
v 65.719950 -62.727976 95.351644
v 65.732661 -62.715266 95.368010
v 65.746746 -62.701181 95.381947
v 65.761973 -62.685953 95.393227
v 65.778095 -62.669832 95.401665
v 65.873647 -62.644991 95.407122
v 65.862523 -62.655961 95.408952
v 65.851699 -62.666489 95.409622
v 65.841172 -62.677313 95.408952
v 65.830201 -62.688436 95.407122
v 65.813450 -62.705187 95.401665
v 65.797329 -62.721309 95.393227
v 65.782101 -62.736536 95.381947
v 65.768017 -62.750621 95.368010
v 65.755306 -62.763332 95.351644
v 65.744177 -62.774461 95.333117
v 65.734811 -62.783826 95.312731
v 65.727363 -62.791274 95.290821
v 65.721955 -62.796683 95.267746
v 65.718673 -62.799964 95.243882
v 65.717574 -62.801064 95.219622
v 65.718673 -62.799964 95.195362
v 65.721955 -62.796683 95.171498
v 65.727363 -62.791274 95.148423
v 65.734811 -62.783826 95.126513
v 65.744177 -62.774461 95.106127
v 65.755306 -62.763332 95.087600
v 65.768017 -62.750621 95.071234
v 65.782101 -62.736536 95.057297
v 65.797329 -62.721309 95.046017
v 65.813450 -62.705187 95.037579
v 65.830201 -62.688436 95.032122
v 65.841172 -62.677313 95.030292
v 65.851699 -62.666489 95.029622
v 65.862523 -62.655961 95.030292
v 65.873647 -62.644991 95.032122
v 65.890398 -62.628240 95.037579
v 65.906519 -62.612118 95.046017
v 65.921747 -62.596891 95.057297
v 65.935831 -62.582806 95.071234
v 65.948542 -62.570095 95.087600
v 65.959671 -62.558966 95.106127
v 65.969037 -62.549601 95.126513
v 65.976485 -62.542153 95.148423
v 65.981893 -62.536744 95.171498
v 65.985175 -62.533463 95.195362
v 65.986274 -62.532363 95.219622
v 65.985175 -62.533463 95.243882
v 65.981893 -62.536744 95.267746
v 65.976485 -62.542153 95.290821
v 65.969037 -62.549601 95.312731
v 65.959671 -62.558966 95.333117
v 65.948542 -62.570095 95.351644
v 65.935831 -62.582806 95.368010
v 65.921747 -62.596891 95.381947
v 65.906519 -62.612118 95.393227
v 65.890398 -62.628240 95.401665
v 66.003750 -62.444176 95.057216
v 65.993345 -62.454582 95.057216
v 65.993345 -62.454582 95.032122
v 65.993345 -62.454582 95.407122
v 65.993345 -62.454582 95.382028
v 66.003750 -62.444176 95.382028
v 66.028701 -62.489937 95.032122
v 66.028701 -62.489937 95.057216
v 66.039106 -62.479532 95.057216
v 66.039106 -62.479532 95.382028
v 66.028701 -62.489937 95.382028
v 66.028701 -62.489937 95.407122
v 65.851069 -62.225557 95.387028
v 65.409112 -62.523353 95.387028
v 65.410509 -62.525426 95.386359
v 65.411532 -62.526944 95.384528
v 65.411906 -62.527500 95.382028
v 65.853863 -62.229704 95.382028
v 65.853489 -62.229148 95.384528
v 65.852466 -62.227630 95.386359
v 65.454705 -62.495647 95.386359
v 65.498900 -62.465867 95.386359
v 65.543096 -62.436088 95.386359
v 65.587292 -62.406308 95.386359
v 65.631487 -62.376528 95.386359
v 65.675683 -62.346749 95.386359
v 65.719879 -62.316969 95.386359
v 65.764075 -62.287190 95.386359
v 65.808270 -62.257410 95.386359
v 65.455727 -62.497165 95.384528
v 65.499923 -62.467385 95.384528
v 65.544119 -62.437605 95.384528
v 65.588314 -62.407826 95.384528
v 65.632510 -62.378046 95.384528
v 65.676706 -62.348267 95.384528
v 65.720902 -62.318487 95.384528
v 65.765097 -62.288707 95.384528
v 65.809293 -62.258928 95.384528
v 65.411906 -62.527500 95.057216
v 65.853863 -62.229704 95.057216
v 65.411532 -62.526944 95.054716
v 65.410509 -62.525426 95.052885
v 65.409112 -62.523353 95.052216
v 65.851069 -62.225557 95.052216
v 65.852466 -62.227630 95.052885
v 65.853489 -62.229148 95.054716
v 65.455727 -62.497165 95.054716
v 65.499923 -62.467385 95.054716
v 65.544119 -62.437605 95.054716
v 65.588314 -62.407826 95.054716
v 65.632510 -62.378046 95.054716
v 65.676706 -62.348267 95.054716
v 65.720902 -62.318487 95.054716
v 65.765097 -62.288707 95.054716
v 65.809293 -62.258928 95.054716
v 65.454705 -62.495647 95.052885
v 65.498900 -62.465867 95.052885
v 65.543096 -62.436088 95.052885
v 65.587292 -62.406308 95.052885
v 65.631487 -62.376528 95.052885
v 65.675683 -62.346749 95.052885
v 65.719879 -62.316969 95.052885
v 65.764075 -62.287190 95.052885
v 65.808270 -62.257410 95.052885
v 65.386760 -62.490181 95.052216
v 65.828717 -62.192385 95.052216
v 65.385363 -62.488108 95.052885
v 65.384340 -62.486590 95.054716
v 65.383966 -62.486034 95.057216
v 65.825923 -62.188238 95.057216
v 65.826297 -62.188794 95.054716
v 65.827320 -62.190312 95.052885
v 65.429559 -62.458328 95.052885
v 65.473755 -62.428548 95.052885
v 65.517950 -62.398769 95.052885
v 65.562146 -62.368989 95.052885
v 65.606342 -62.339210 95.052885
v 65.650537 -62.309430 95.052885
v 65.694733 -62.279650 95.052885
v 65.738929 -62.249871 95.052885
v 65.783124 -62.220091 95.052885
v 65.428536 -62.456810 95.054716
v 65.472732 -62.427031 95.054716
v 65.516928 -62.397251 95.054716
v 65.561123 -62.367472 95.054716
v 65.605319 -62.337692 95.054716
v 65.649515 -62.307912 95.054716
v 65.693710 -62.278133 95.054716
v 65.737906 -62.248353 95.054716
v 65.782102 -62.218574 95.054716
v 65.383966 -62.486034 95.382028
v 65.825923 -62.188238 95.382028
v 65.384340 -62.486590 95.384528
v 65.385363 -62.488108 95.386359
v 65.386760 -62.490181 95.387028
v 65.828717 -62.192385 95.387028
v 65.827320 -62.190312 95.386359
v 65.826297 -62.188794 95.384528
v 65.428536 -62.456810 95.384528
v 65.472732 -62.427031 95.384528
v 65.516928 -62.397251 95.384528
v 65.561123 -62.367472 95.384528
v 65.605319 -62.337692 95.384528
v 65.649515 -62.307912 95.384528
v 65.693710 -62.278133 95.384528
v 65.737906 -62.248353 95.384528
v 65.782102 -62.218574 95.384528
v 65.429559 -62.458328 95.386359
v 65.473755 -62.428548 95.386359
v 65.517950 -62.398769 95.386359
v 65.562146 -62.368989 95.386359
v 65.606342 -62.339210 95.386359
v 65.650537 -62.309430 95.386359
v 65.694733 -62.279650 95.386359
v 65.738929 -62.249871 95.386359
v 65.783124 -62.220091 95.386359
v 65.854412 -62.229320 95.384528
v 65.855912 -62.228272 95.386359
v 65.857961 -62.226839 95.387028
v 65.856006 -62.225186 95.387028
v 65.853488 -62.224718 95.387028
v 65.853813 -62.229036 95.384528
v 65.853676 -62.227211 95.386359
v 65.854934 -62.227445 95.386359
v 65.854150 -62.229098 95.384528
v 65.857961 -62.226839 95.052216
v 65.855912 -62.228272 95.052885
v 65.854412 -62.229320 95.054716
v 65.853488 -62.224718 95.052216
v 65.856006 -62.225186 95.052216
v 65.854150 -62.229098 95.054716
v 65.854934 -62.227445 95.052885
v 65.853676 -62.227211 95.052885
v 65.853813 -62.229036 95.054716
v 65.839112 -62.187190 95.052216
v 65.850491 -62.184830 95.052216
v 65.862094 -62.185463 95.052216
v 65.873149 -62.189046 95.052216
v 65.882917 -62.195340 95.052216
v 65.890748 -62.203926 95.052216
v 65.835737 -62.183105 95.057216
v 65.846440 -62.180258 95.057216
v 65.857508 -62.179837 95.057216
v 65.868397 -62.181863 95.057216
v 65.878572 -62.186236 95.057216
v 65.887535 -62.192742 95.057216
v 65.894846 -62.201062 95.057216
v 65.894297 -62.201445 95.054716
v 65.892797 -62.202494 95.052885
v 65.884531 -62.193431 95.052885
v 65.885713 -62.192033 95.054716
v 65.874220 -62.186787 95.052885
v 65.875004 -62.185133 95.054716
v 65.862551 -62.183005 95.052885
v 65.862886 -62.181206 95.054716
v 65.850303 -62.182337 95.052885
v 65.850166 -62.180512 95.054716
v 65.838293 -62.184828 95.052885
v 65.837693 -62.183099 95.054716
v 65.835737 -62.183105 95.382028
v 65.846440 -62.180258 95.382028
v 65.857508 -62.179837 95.382028
v 65.868397 -62.181863 95.382028
v 65.878572 -62.186236 95.382028
v 65.887535 -62.192742 95.382028
v 65.894846 -62.201062 95.382028
v 65.875292 -62.184528 95.219622
v 65.886145 -62.191522 95.219622
v 65.863009 -62.180547 95.219622
v 65.850116 -62.179844 95.219622
v 65.837473 -62.182466 95.219622
v 65.839112 -62.187190 95.387028
v 65.850491 -62.184830 95.387028
v 65.862094 -62.185463 95.387028
v 65.873149 -62.189046 95.387028
v 65.882917 -62.195340 95.387028
v 65.890748 -62.203926 95.387028
v 65.892797 -62.202494 95.386359
v 65.894297 -62.201445 95.384528
v 65.885713 -62.192033 95.384528
v 65.884531 -62.193431 95.386359
v 65.875004 -62.185133 95.384528
v 65.874220 -62.186787 95.386359
v 65.862886 -62.181206 95.384528
v 65.862551 -62.183005 95.386359
v 65.850166 -62.180512 95.384528
v 65.850303 -62.182337 95.386359
v 65.837693 -62.183099 95.384528
v 65.838293 -62.184828 95.386359
v 66.004300 -62.443793 95.384528
v 66.005800 -62.442744 95.386359
v 66.007849 -62.441312 95.387028
v 65.885890 -62.271166 95.386359
v 65.915867 -62.314061 95.386359
v 65.945845 -62.356955 95.386359
v 65.975822 -62.399850 95.386359
v 65.884390 -62.272214 95.384528
v 65.914367 -62.315109 95.384528
v 65.944345 -62.358004 95.384528
v 65.974322 -62.400898 95.384528
v 66.007849 -62.441312 95.052216
v 66.005800 -62.442744 95.052885
v 66.004300 -62.443793 95.054716
v 65.884390 -62.272214 95.054716
v 65.914367 -62.315109 95.054716
v 65.944345 -62.358004 95.054716
v 65.974322 -62.400898 95.054716
v 65.885890 -62.271166 95.052885
v 65.915867 -62.314061 95.052885
v 65.945845 -62.356955 95.052885
v 65.975822 -62.399850 95.052885
v 66.040636 -62.418399 95.052216
v 66.044734 -62.415535 95.057216
v 66.044185 -62.415918 95.054716
v 66.042685 -62.416967 95.052885
v 65.922775 -62.245388 95.052885
v 65.952752 -62.288283 95.052885
v 65.982730 -62.331178 95.052885
v 66.012707 -62.374072 95.052885
v 65.924275 -62.244340 95.054716
v 65.954252 -62.287235 95.054716
v 65.984230 -62.330129 95.054716
v 66.014207 -62.373024 95.054716
v 66.044734 -62.415535 95.382028
v 66.040636 -62.418399 95.387028
v 66.042685 -62.416967 95.386359
v 66.044185 -62.415918 95.384528
v 65.924275 -62.244340 95.384528
v 65.954252 -62.287235 95.384528
v 65.984230 -62.330129 95.384528
v 66.014207 -62.373024 95.384528
v 65.922775 -62.245388 95.386359
v 65.952752 -62.288283 95.386359
v 65.982730 -62.331178 95.386359
v 66.012707 -62.374072 95.386359
v 66.004224 -62.444650 95.384528
v 66.005518 -62.445944 95.386359
v 66.007286 -62.447712 95.387028
v 66.008496 -62.445751 95.387028
v 66.008698 -62.443455 95.387028
v 66.004413 -62.444080 95.384528
v 66.006224 -62.443816 95.386359
v 66.006123 -62.444963 95.386359
v 66.004386 -62.444387 95.384528
v 66.007286 -62.447712 95.052216
v 66.005518 -62.445944 95.052885
v 66.004224 -62.444650 95.054716
v 66.008698 -62.443455 95.052216
v 66.008496 -62.445751 95.052216
v 66.004386 -62.444387 95.054716
v 66.006123 -62.444963 95.052885
v 66.006224 -62.443816 95.052885
v 66.004413 -62.444080 95.054716
v 66.045584 -62.427594 95.052216
v 66.048279 -62.437681 95.052216
v 66.048577 -62.448119 95.052216
v 66.046462 -62.458344 95.052216
v 66.042047 -62.467806 95.052216
v 66.035570 -62.475996 95.052216
v 66.050232 -62.425751 95.057216
v 66.053227 -62.436960 95.057216
v 66.053558 -62.448557 95.057216
v 66.051208 -62.459918 95.057216
v 66.046302 -62.470432 95.057216
v 66.038632 -62.479058 95.054716
v 66.037338 -62.477764 95.052885
v 66.044175 -62.469119 95.052885
v 66.045732 -62.470080 95.054716
v 66.048835 -62.459131 95.052885
v 66.050572 -62.459707 95.054716
v 66.051068 -62.448338 95.052885
v 66.052891 -62.448498 95.054716
v 66.050753 -62.437320 95.052885
v 66.052564 -62.437056 95.054716
v 66.047908 -62.426672 95.052885
v 66.049609 -62.425998 95.054716
v 66.050232 -62.425751 95.382028
v 66.053227 -62.436960 95.382028
v 66.053558 -62.448557 95.382028
v 66.051208 -62.459918 95.382028
v 66.046302 -62.470432 95.382028
v 66.046302 -62.470432 95.219622
v 66.051208 -62.459918 95.219622
v 66.053558 -62.448557 95.219622
v 66.053227 -62.436960 95.219622
v 66.050232 -62.425751 95.219622
v 66.045584 -62.427594 95.387028
v 66.048279 -62.437681 95.387028
v 66.048577 -62.448119 95.387028
v 66.046462 -62.458344 95.387028
v 66.042047 -62.467806 95.387028
v 66.035570 -62.475996 95.387028
v 66.037338 -62.477764 95.386359
v 66.038632 -62.479058 95.384528
v 66.045732 -62.470080 95.384528
v 66.044175 -62.469119 95.386359
v 66.050572 -62.459707 95.384528
v 66.048835 -62.459131 95.386359
v 66.052891 -62.448498 95.384528
v 66.051068 -62.448338 95.386359
v 66.052564 -62.437056 95.384528
v 66.050753 -62.437320 95.386359
v 66.049609 -62.425998 95.384528
v 66.047908 -62.426672 95.386359
v 65.997563 -62.452069 95.385283
v 66.000157 -62.451656 95.386493
v 66.003005 -62.451993 95.387028
v 65.618134 -62.829793 95.032122
v 65.618134 -62.829793 95.407122
v 66.003005 -62.451993 95.052216
v 66.000157 -62.451656 95.052751
v 65.997563 -62.452069 95.053961
v 66.028701 -62.475795 95.052216
v 66.007487 -62.454582 95.052216
v 66.006152 -62.453461 95.052216
v 66.004643 -62.452590 95.052216
v 66.031289 -62.480278 95.052216
v 66.030693 -62.478640 95.052216
v 66.029821 -62.477130 95.052216
v 66.031213 -62.485719 95.053961
v 66.031626 -62.483125 95.052751
v 65.653489 -62.865148 95.407122
v 65.653489 -62.865148 95.032122
v 66.031289 -62.480278 95.387028
v 66.031626 -62.483125 95.386493
v 66.031213 -62.485719 95.385283
v 66.007487 -62.454582 95.387028
v 66.028701 -62.475795 95.387028
v 66.029821 -62.477130 95.387028
v 66.030693 -62.478640 95.387028
v 66.004643 -62.452590 95.387028
v 66.006152 -62.453461 95.387028
v 65.381261 -62.499915 95.062216
v 65.398025 -62.524795 95.062216
v 65.398025 -62.524795 95.377028
v 65.381261 -62.499915 95.377028
v 65.618134 -62.843935 95.407122
v 65.618134 -62.843935 95.032122
v 65.639347 -62.865148 95.032122
v 65.639347 -62.865148 95.407122
v 65.646418 -62.858077 95.417122
v 66.021630 -62.482866 95.417122
v 66.000416 -62.461653 95.417122
v 65.625205 -62.836864 95.417122
v 66.007487 -62.454582 95.407122
v 66.028701 -62.475795 95.407122
v 66.028701 -62.475795 95.032122
v 66.007487 -62.454582 95.032122
v 66.000416 -62.461653 95.022122
v 66.021630 -62.482866 95.022122
v 65.646418 -62.858077 95.022122
v 65.625205 -62.836864 95.022122
v 65.994293 -62.455529 95.027122
v 65.996881 -62.458117 95.023462
v 65.621670 -62.833328 95.023462
v 65.619081 -62.830740 95.027122
v 65.919250 -62.530571 95.027122
v 65.844208 -62.605613 95.027122
v 65.769166 -62.680656 95.027122
v 65.694124 -62.755698 95.027122
v 65.921839 -62.533159 95.023462
v 65.846796 -62.608202 95.023462
v 65.771754 -62.683244 95.023462
v 65.696712 -62.758286 95.023462
v 66.003952 -62.458117 95.023462
v 66.006540 -62.455529 95.027122
v 66.027753 -62.476742 95.027122
v 66.025165 -62.479330 95.023462
v 65.615546 -62.839452 95.032122
v 65.615546 -62.834276 95.032122
v 65.621670 -62.840399 95.023462
v 65.619081 -62.842988 95.027122
v 65.616366 -62.835096 95.027792
v 65.616020 -62.839926 95.029622
v 65.618608 -62.837338 95.024622
v 65.617314 -62.841220 95.027792
v 66.025165 -62.486401 95.023462
v 66.027753 -62.488990 95.027122
v 65.652542 -62.864201 95.027122
v 65.649954 -62.861613 95.023462
v 65.950123 -62.561444 95.023462
v 65.875081 -62.636486 95.023462
v 65.800038 -62.711528 95.023462
v 65.724996 -62.786570 95.023462
v 65.952711 -62.564032 95.027122
v 65.877669 -62.639074 95.027122
v 65.802627 -62.714116 95.027122
v 65.727584 -62.789159 95.027122
v 65.642883 -62.861613 95.023462
v 65.640295 -62.864201 95.027122
v 65.615546 -62.839452 95.407122
v 65.615546 -62.834276 95.407122
v 65.615546 -62.834276 95.125872
v 65.615546 -62.834276 95.219622
v 65.615546 -62.834276 95.313372
v 65.615546 -62.839452 95.125872
v 65.615546 -62.839452 95.219622
v 65.615546 -62.839452 95.313372
v 65.649007 -62.867736 95.032122
v 65.643830 -62.867736 95.032122
v 65.645945 -62.864674 95.024622
v 65.642062 -62.865969 95.027792
v 65.648186 -62.866916 95.027792
v 65.643356 -62.867263 95.029622
v 65.619081 -62.842988 95.412122
v 65.621670 -62.840399 95.415782
v 65.621670 -62.833328 95.415782
v 65.619081 -62.830740 95.412122
v 65.618608 -62.837338 95.414622
v 65.617314 -62.841220 95.411452
v 65.616366 -62.835096 95.411452
v 65.616020 -62.839926 95.409622
v 65.996881 -62.458117 95.415782
v 65.994293 -62.455529 95.412122
v 65.921839 -62.533159 95.415782
v 65.846796 -62.608202 95.415782
v 65.771754 -62.683244 95.415782
v 65.696712 -62.758286 95.415782
v 65.919250 -62.530571 95.412122
v 65.844208 -62.605613 95.412122
v 65.769166 -62.680656 95.412122
v 65.694124 -62.755698 95.412122
v 65.649007 -62.867736 95.407122
v 65.643830 -62.867736 95.407122
v 65.643830 -62.867736 95.125872
v 65.643830 -62.867736 95.219622
v 65.643830 -62.867736 95.313372
v 65.649007 -62.867736 95.125872
v 65.649007 -62.867736 95.219622
v 65.649007 -62.867736 95.313372
v 65.640295 -62.864201 95.412122
v 65.642883 -62.861613 95.415782
v 66.006540 -62.455529 95.412122
v 66.003952 -62.458117 95.415782
v 66.025165 -62.479330 95.415782
v 66.027753 -62.476742 95.412122
v 65.652542 -62.864201 95.412122
v 65.649954 -62.861613 95.415782
v 65.644177 -62.866442 95.412122
v 65.645124 -62.862907 95.415782
v 65.648660 -62.866442 95.412122
v 65.647712 -62.862907 95.415782
v 66.027753 -62.488990 95.412122
v 66.025165 -62.486401 95.415782
v 65.952711 -62.564032 95.412122
v 65.877669 -62.639074 95.412122
v 65.802627 -62.714116 95.412122
v 65.727584 -62.789159 95.412122
v 65.950123 -62.561444 95.415782
v 65.875081 -62.636486 95.415782
v 65.800038 -62.711528 95.415782
v 65.724996 -62.786570 95.415782
v 65.379754 -62.496316 95.378942
v 65.379739 -62.492415 95.380564
v 65.381218 -62.488804 95.381648
v 65.381218 -62.488804 95.057596
v 65.379739 -62.492415 95.058680
v 65.379754 -62.496316 95.060302
v 65.379578 -62.495020 95.273757
v 65.379578 -62.495020 95.165486
v 65.380568 -62.489939 95.273757
v 65.380568 -62.489939 95.165486
v 65.383799 -62.492635 95.052977
v 65.381714 -62.495347 95.055144
v 65.380823 -62.497903 95.058389
v 65.383830 -62.491413 95.052794
v 65.382204 -62.489597 95.054186
v 65.381724 -62.488607 95.055750
v 65.380242 -62.491289 95.056734
v 65.379760 -62.493167 95.057641
v 65.379897 -62.496764 95.059810
v 65.380645 -62.492208 95.055480
v 65.380120 -62.493960 95.056639
v 65.380125 -62.497187 95.059318
v 65.383207 -62.490808 95.053096
v 65.381494 -62.493148 95.054492
v 65.380800 -62.494711 95.055780
v 65.380440 -62.497568 95.058840
v 65.380272 -62.497383 95.059076
v 65.380424 -62.494345 95.056185
v 65.381021 -62.492685 95.054942
v 65.382653 -62.490191 95.053565
v 65.380626 -62.497740 95.058610
v 65.381235 -62.495047 95.055431
v 65.382042 -62.493581 95.054142
v 65.380823 -62.497903 95.380855
v 65.381714 -62.495347 95.384100
v 65.383799 -62.492635 95.386267
v 65.381703 -62.488257 95.382644
v 65.382204 -62.489597 95.385058
v 65.383207 -62.490808 95.386147
v 65.381494 -62.493148 95.384751
v 65.380800 -62.494711 95.383464
v 65.380440 -62.497568 95.380404
v 65.380645 -62.492208 95.383764
v 65.380120 -62.493960 95.382605
v 65.380125 -62.497187 95.379926
v 65.381724 -62.488607 95.383494
v 65.380242 -62.491289 95.382510
v 65.379760 -62.493167 95.381603
v 65.379897 -62.496764 95.379434
v 65.380000 -62.496979 95.379681
v 65.379897 -62.493563 95.382115
v 65.380382 -62.491737 95.383159
v 65.381890 -62.489060 95.384315
v 65.379818 -62.496541 95.379187
v 65.379708 -62.492781 95.381081
v 65.380222 -62.490880 95.381845
v 65.405726 -62.525176 95.052977
v 65.402430 -62.526090 95.055144
v 65.399725 -62.525956 95.058389
v 65.399725 -62.525956 95.380855
v 65.402430 -62.526090 95.384100
v 65.405726 -62.525176 95.386267
v 65.408307 -62.529007 95.057596
v 65.404405 -62.529022 95.058680
v 65.400795 -62.527543 95.060302
v 65.408997 -62.528763 95.056600
v 65.407942 -62.527795 95.054186
v 65.407197 -62.526411 95.053096
v 65.404385 -62.527119 95.054492
v 65.402676 -62.527176 95.055780
v 65.399892 -62.526437 95.058840
v 65.404936 -62.528260 95.055480
v 65.403117 -62.528088 95.056639
v 65.400128 -62.526872 95.059318
v 65.408679 -62.528611 95.055750
v 65.405637 -62.528978 95.056734
v 65.403716 -62.528720 95.057641
v 65.400434 -62.527242 95.059810
v 65.400272 -62.527066 95.059563
v 65.403400 -62.528444 95.057129
v 65.405275 -62.528680 95.056085
v 65.408322 -62.528288 95.054929
v 65.400611 -62.527399 95.060057
v 65.404054 -62.528913 95.058163
v 65.406009 -62.529150 95.057399
v 65.400795 -62.527543 95.378942
v 65.404405 -62.529022 95.380564
v 65.408307 -62.529007 95.381648
v 65.406870 -62.525606 95.386450
v 65.407942 -62.527795 95.385058
v 65.408679 -62.528611 95.383494
v 65.405637 -62.528978 95.382510
v 65.403716 -62.528720 95.381603
v 65.400434 -62.527242 95.379434
v 65.404936 -62.528260 95.383764
v 65.403117 -62.528088 95.382605
v 65.400128 -62.526872 95.379926
v 65.407197 -62.526411 95.386147
v 65.404385 -62.527119 95.384751
v 65.402676 -62.527176 95.383464
v 65.399892 -62.526437 95.380404
v 65.400000 -62.526662 95.380168
v 65.402873 -62.527662 95.383059
v 65.404636 -62.527732 95.384302
v 65.407560 -62.527156 95.385679
v 65.399803 -62.526199 95.380633
v 65.402528 -62.526647 95.383813
v 65.404189 -62.526449 95.385102
v 65.401930 -62.528192 95.165486
v 65.401930 -62.528192 95.273757
v 65.407011 -62.529183 95.165486
v 65.407011 -62.529183 95.273757
v 66.003005 -62.451993 95.032122
v 65.997828 -62.451993 95.032122
v 66.000890 -62.455055 95.024622
v 66.004772 -62.453761 95.027792
v 65.998649 -62.452814 95.027792
v 66.003478 -62.452467 95.029622
v 66.031289 -62.485454 95.032122
v 66.031289 -62.480278 95.032122
v 66.030468 -62.484634 95.027792
v 66.030815 -62.479804 95.029622
v 66.028227 -62.482392 95.024622
v 66.029521 -62.478510 95.027792
v 65.997828 -62.451993 95.407122
v 66.003005 -62.451993 95.407122
v 65.998649 -62.452814 95.411452
v 66.003478 -62.452467 95.409622
v 66.000890 -62.455055 95.414622
v 66.004772 -62.453761 95.411452
v 66.031289 -62.480278 95.407122
v 66.031289 -62.485454 95.407122
v 66.030815 -62.479804 95.409622
v 66.030468 -62.484634 95.411452
v 66.028227 -62.482392 95.414622
v 66.029521 -62.478510 95.411452
vt 0.410777 0.015119 0.000000
vt 0.460668 0.030856 0.000000
vt 0.410668 0.030856 0.000000
vt 0.460668 0.055183 0.000000
vt 0.410668 0.055183 0.000000
vt 0.460668 0.079510 0.000000
vt 0.410668 0.079510 0.000000
vt 0.460668 0.103837 0.000000
vt 0.410668 0.103837 0.000000
vt 0.460668 0.128163 0.000000
vt 0.410668 0.128163 0.000000
vt 0.460668 0.152490 0.000000
vt 0.410668 0.152490 0.000000
vt 0.460668 0.176817 0.000000
vt 0.410668 0.176817 0.000000
vt 0.460668 0.201144 0.000000
vt 0.410668 0.201144 0.000000
vt 0.460668 0.225471 0.000000
vt 0.410668 0.225471 0.000000
vt 0.460668 0.249798 0.000000
vt 0.410668 0.249798 0.000000
vt 0.460668 0.274124 0.000000
vt 0.410668 0.274124 0.000000
vt 0.410668 0.298451 0.000000
vt 0.460668 0.298451 0.000000
vt 0.410668 0.322778 0.000000
vt 0.460668 0.322778 0.000000
vt 0.460668 0.347105 0.000000
vt 0.410986 0.000000 0.000000
vt 0.460351 0.000000 0.000000
vt 0.460560 0.015119 0.000000
vt 0.460560 -0.015119 0.000000
vt 0.410777 -0.015119 0.000000
vt 0.410668 -0.030856 0.000000
vt 0.460668 -0.030856 0.000000
vt 0.410668 -0.055183 0.000000
vt 0.460668 -0.055183 0.000000
vt 0.410668 -0.079510 0.000000
vt 0.460668 -0.079510 0.000000
vt 0.410668 -0.103837 0.000000
vt 0.460668 -0.103837 0.000000
vt 0.410668 -0.128163 0.000000
vt 0.460668 -0.128163 0.000000
vt 0.410668 -0.152490 0.000000
vt 0.460668 -0.152490 0.000000
vt 0.410668 -0.176817 0.000000
vt 0.460668 -0.176817 0.000000
vt 0.410668 -0.201144 0.000000
vt 0.460668 -0.201144 0.000000
vt 0.410668 -0.225471 0.000000
vt 0.460668 -0.225471 0.000000
vt 0.410668 -0.249798 0.000000
vt 0.460668 -0.249798 0.000000
vt 0.410668 -0.274124 0.000000
vt 0.460668 -0.274124 0.000000
vt 0.460668 -0.298451 0.000000
vt 0.410668 -0.298451 0.000000
vt 0.460668 -0.322778 0.000000
vt 0.410668 -0.322778 0.000000
vt 0.410668 -0.347105 0.000000
vt 0.460668 -0.347105 0.000000
vt 0.410668 -0.371432 0.000000
vt 0.460668 -0.371432 0.000000
vt 0.410668 -0.395759 0.000000
vt 0.460668 -0.395759 0.000000
vt 0.410668 -0.420086 0.000000
vt 0.460668 -0.420086 0.000000
vt 0.410668 -0.444412 0.000000
vt 0.460668 -0.444412 0.000000
vt 0.410668 -0.468739 0.000000
vt 0.460668 -0.468739 0.000000
vt 0.410668 -0.493066 0.000000
vt 0.460668 -0.493066 0.000000
vt 0.410668 -0.517393 0.000000
vt 0.460668 -0.517393 0.000000
vt 0.410668 -0.541720 0.000000
vt 0.460668 -0.541720 0.000000
vt 0.410668 -0.566047 0.000000
vt 0.460668 -0.566047 0.000000
vt 0.410777 -0.581783 0.000000
vt 0.460560 -0.581783 0.000000
vt 0.460351 -0.596903 0.000000
vt 0.410986 -0.596903 0.000000
vt 0.460351 0.596903 0.000000
vt 0.410986 0.596903 0.000000
vt 0.460560 0.581783 0.000000
vt 0.410777 0.581783 0.000000
vt 0.410668 0.566047 0.000000
vt 0.460668 0.566047 0.000000
vt 0.410668 0.541720 0.000000
vt 0.460668 0.541720 0.000000
vt 0.410668 0.517393 0.000000
vt 0.460668 0.517393 0.000000
vt 0.410668 0.493066 0.000000
vt 0.460668 0.493066 0.000000
vt 0.410668 0.468739 0.000000
vt 0.460668 0.468739 0.000000
vt 0.410668 0.444412 0.000000
vt 0.460668 0.444412 0.000000
vt 0.410668 0.420086 0.000000
vt 0.460668 0.420086 0.000000
vt 0.410668 0.395759 0.000000
vt 0.460668 0.395759 0.000000
vt 0.410668 0.371432 0.000000
vt 0.460668 0.371432 0.000000
vt 0.410668 0.347105 0.000000
vt 0.324813 -0.540629 0.000000
vt 0.186667 -0.479074 0.000000
vt 0.324813 -0.555344 0.000000
vt 0.162406 -0.480629 0.000000
vt -0.000000 -0.555344 0.000000
vt 0.138146 -0.479074 0.000000
vt -0.000000 -0.540629 0.000000
vt 0.114283 -0.474433 0.000000
vt 0.091207 -0.466784 0.000000
vt 0.349906 -0.540629 0.000000
vt 0.275901 -0.443007 0.000000
vt 0.255515 -0.456251 0.000000
vt 0.233606 -0.466784 0.000000
vt 0.349906 -0.321349 0.000000
vt 0.344449 -0.345039 0.000000
vt 0.336012 -0.367838 0.000000
vt 0.324732 -0.389373 0.000000
vt 0.310795 -0.409292 0.000000
vt 0.294429 -0.427268 0.000000
vt 0.210530 -0.474433 0.000000
vt 0.069297 -0.456251 0.000000
vt 0.048912 -0.443007 0.000000
vt -0.025094 -0.540629 0.000000
vt 0.030384 -0.427268 0.000000
vt 0.014018 -0.409292 0.000000
vt 0.000081 -0.389373 0.000000
vt -0.011199 -0.367838 0.000000
vt -0.019636 -0.345039 0.000000
vt -0.025094 -0.321349 0.000000
vt -0.349906 -0.321349 0.000000
vt -0.349906 -0.540629 0.000000
vt -0.344449 -0.345039 0.000000
vt -0.336012 -0.367838 0.000000
vt -0.324732 -0.389373 0.000000
vt -0.310795 -0.409292 0.000000
vt -0.294429 -0.427268 0.000000
vt -0.275901 -0.443007 0.000000
vt -0.324813 -0.540629 0.000000
vt -0.255515 -0.456251 0.000000
vt -0.233606 -0.466784 0.000000
vt -0.210530 -0.474433 0.000000
vt -0.186667 -0.479074 0.000000
vt -0.324813 -0.555344 0.000000
vt -0.162406 -0.480629 0.000000
vt 0.000000 -0.555344 0.000000
vt -0.138146 -0.479074 0.000000
vt 0.000000 -0.540629 0.000000
vt -0.114283 -0.474433 0.000000
vt -0.091207 -0.466784 0.000000
vt -0.069297 -0.456251 0.000000
vt -0.048912 -0.443007 0.000000
vt 0.025094 -0.540629 0.000000
vt -0.030384 -0.427268 0.000000
vt -0.014018 -0.409292 0.000000
vt -0.000081 -0.389373 0.000000
vt 0.011199 -0.367838 0.000000
vt 0.019636 -0.345039 0.000000
vt 0.025094 -0.321349 0.000000
vt -0.532924 0.007854 0.000000
vt -0.266462 0.005236 0.000000
vt -0.000000 0.007854 0.000000
vt -0.213170 0.005236 0.000000
vt -0.159877 0.005236 0.000000
vt -0.159877 0.002618 0.000000
vt -0.106585 0.002618 0.000000
vt -0.000000 -0.000000 0.000000
vt -0.053292 0.002618 0.000000
vt 0.000000 0.002618 0.000000
vt -0.053292 0.005236 0.000000
vt -0.000000 0.005236 0.000000
vt -0.532924 0.005236 0.000000
vt -0.479632 0.005236 0.000000
vt -0.426340 0.005236 0.000000
vt -0.373047 0.005236 0.000000
vt -0.373047 0.002618 0.000000
vt -0.319755 0.002618 0.000000
vt -0.532924 -0.000000 0.000000
vt -0.266462 0.002618 0.000000
vt -0.213170 0.002618 0.000000
vt -0.479632 0.002618 0.000000
vt -0.532924 0.002618 0.000000
vt -0.426340 0.002618 0.000000
vt -0.319755 0.005236 0.000000
vt -0.106585 0.005236 0.000000
vt -0.532924 -0.000000 0.000000
vt 0.000000 -0.324813 0.000000
vt -0.532924 -0.324813 0.000000
vt -0.532924 -0.000000 0.000000
vt -0.266462 -0.002618 0.000000
vt -0.000000 -0.000000 0.000000
vt -0.213170 -0.002618 0.000000
vt -0.159877 -0.002618 0.000000
vt -0.159877 -0.005236 0.000000
vt -0.106585 -0.005236 0.000000
vt 0.000000 -0.007854 0.000000
vt -0.053292 -0.005236 0.000000
vt -0.000000 -0.005236 0.000000
vt -0.053292 -0.002618 0.000000
vt 0.000000 -0.002618 0.000000
vt -0.532924 -0.002618 0.000000
vt -0.479632 -0.002618 0.000000
vt -0.426340 -0.002618 0.000000
vt -0.373047 -0.002618 0.000000
vt -0.373047 -0.005236 0.000000
vt -0.319755 -0.005236 0.000000
vt -0.532924 -0.007854 0.000000
vt -0.266462 -0.005236 0.000000
vt -0.213170 -0.005236 0.000000
vt -0.479632 -0.005236 0.000000
vt -0.532924 -0.005236 0.000000
vt -0.426340 -0.005236 0.000000
vt -0.319755 -0.002618 0.000000
vt -0.106585 -0.002618 0.000000
vt 0.039261 0.007651 0.000000
vt -0.062676 0.530736 0.000000
vt 0.000000 0.000000 0.000000
vt -0.101937 0.523084 0.000000
vt -0.532924 -0.007854 0.000000
vt -0.266462 -0.010472 0.000000
vt 0.000000 -0.007854 0.000000
vt -0.213170 -0.010472 0.000000
vt -0.159877 -0.010472 0.000000
vt -0.159877 -0.013090 0.000000
vt -0.106585 -0.013090 0.000000
vt 0.000000 -0.015708 0.000000
vt -0.053292 -0.013090 0.000000
vt -0.000000 -0.013090 0.000000
vt -0.053292 -0.010472 0.000000
vt 0.000000 -0.010472 0.000000
vt -0.532924 -0.010472 0.000000
vt -0.479632 -0.010472 0.000000
vt -0.426340 -0.010472 0.000000
vt -0.373047 -0.010472 0.000000
vt -0.373047 -0.013090 0.000000
vt -0.319755 -0.013090 0.000000
vt -0.532924 -0.015708 0.000000
vt -0.266462 -0.013090 0.000000
vt -0.213170 -0.013090 0.000000
vt -0.479632 -0.013090 0.000000
vt -0.532924 -0.013090 0.000000
vt -0.426340 -0.013090 0.000000
vt -0.319755 -0.010472 0.000000
vt -0.106585 -0.010472 0.000000
vt -0.000000 -0.324813 0.000000
vt 0.532924 -0.324813 0.000000
vt 0.000000 0.000000 0.000000
vt 0.532924 -0.000000 0.000000
vt -0.532924 -0.015708 0.000000
vt -0.266462 -0.018326 0.000000
vt 0.000000 -0.015708 0.000000
vt -0.213170 -0.018326 0.000000
vt -0.159877 -0.018326 0.000000
vt -0.159877 -0.020944 0.000000
vt -0.106585 -0.020944 0.000000
vt -0.000000 -0.023562 0.000000
vt -0.053292 -0.020944 0.000000
vt 0.000000 -0.020944 0.000000
vt -0.053292 -0.018326 0.000000
vt -0.000000 -0.018326 0.000000
vt -0.532924 -0.018326 0.000000
vt -0.479632 -0.018326 0.000000
vt -0.426340 -0.018326 0.000000
vt -0.373047 -0.018326 0.000000
vt -0.373047 -0.020944 0.000000
vt -0.319755 -0.020944 0.000000
vt -0.532924 -0.023562 0.000000
vt -0.266462 -0.020944 0.000000
vt -0.213170 -0.020944 0.000000
vt -0.479632 -0.020944 0.000000
vt -0.532924 -0.020944 0.000000
vt -0.426340 -0.020944 0.000000
vt -0.319755 -0.018326 0.000000
vt -0.106585 -0.018326 0.000000
vt 0.101937 0.523084 0.000000
vt 0.062676 0.530736 0.000000
vt 0.000000 0.000000 0.000000
vt -0.039261 0.007651 0.000000
vt -0.007854 -0.000282 0.000000
vt -0.010472 -0.000282 0.000000
vt -0.007854 -0.001040 0.000000
vt -0.010472 -0.001040 0.000000
vt -0.007854 -0.001799 0.000000
vt -0.010472 -0.001799 0.000000
vt -0.007854 -0.002557 0.000000
vt -0.010472 -0.002557 0.000000
vt -0.013090 -0.001799 0.000000
vt -0.013090 -0.002557 0.000000
vt -0.015708 -0.001799 0.000000
vt -0.013090 -0.000282 0.000000
vt -0.013090 -0.001040 0.000000
vt -0.015708 -0.000282 0.000000
vt -0.015708 -0.001040 0.000000
vt 0.007854 -0.002557 0.000000
vt 0.010472 -0.002557 0.000000
vt 0.007854 -0.001799 0.000000
vt 0.010472 -0.001799 0.000000
vt 0.007854 -0.001040 0.000000
vt 0.010472 -0.001040 0.000000
vt 0.007854 -0.000282 0.000000
vt 0.010472 -0.000282 0.000000
vt 0.013090 -0.001040 0.000000
vt 0.013090 -0.000282 0.000000
vt 0.015708 -0.001040 0.000000
vt 0.013090 -0.002557 0.000000
vt 0.013090 -0.001799 0.000000
vt 0.015708 -0.002557 0.000000
vt 0.015708 -0.001799 0.000000
vt 0.000000 0.000000 0.000000
vt -0.006981 0.039386 0.000000
vt -0.011608 -0.000534 0.000000
vt -0.009533 0.039600 0.000000
vt -0.022967 0.001923 0.000000
vt -0.033317 0.007206 0.000000
vt -0.041969 0.014964 0.000000
vt -0.011645 0.041049 0.000000
vt -0.048346 0.024678 0.000000
vt -0.052023 0.035702 0.000000
vt -0.012762 0.043353 0.000000
vt 0.005236 -0.084754 0.000000
vt 0.007854 -0.084754 0.000000
vt 0.005236 -0.072185 0.000000
vt 0.007854 -0.072185 0.000000
vt 0.005236 -0.059617 0.000000
vt 0.007854 -0.059617 0.000000
vt 0.005236 -0.047048 0.000000
vt 0.007854 -0.047048 0.000000
vt 0.005236 -0.034479 0.000000
vt 0.007854 -0.034479 0.000000
vt 0.005236 -0.021910 0.000000
vt 0.007854 -0.021910 0.000000
vt 0.005236 -0.009341 0.000000
vt 0.007854 -0.009341 0.000000
vt 0.002618 -0.009341 0.000000
vt 0.002618 -0.021910 0.000000
vt 0.002618 -0.034479 0.000000
vt 0.002618 -0.047048 0.000000
vt 0.002618 -0.059617 0.000000
vt 0.002618 -0.072185 0.000000
vt 0.002618 -0.084754 0.000000
vt -0.000000 -0.073981 0.000000
vt -0.000000 -0.084754 0.000000
vt -0.000000 -0.009341 0.000000
vt -0.000000 -0.020115 0.000000
vt -0.000000 -0.030888 0.000000
vt -0.000000 -0.041661 0.000000
vt -0.000000 -0.052434 0.000000
vt -0.000000 -0.063208 0.000000
vt 0.162406 -0.076213 0.000000
vt -0.000000 -0.074363 0.000000
vt 0.162406 -0.087312 0.000000
vt -0.162406 -0.076213 0.000000
vt -0.162406 -0.087312 0.000000
vt 0.162406 -0.065115 0.000000
vt -0.000000 -0.061415 0.000000
vt -0.162406 -0.065115 0.000000
vt -0.162406 -0.054017 0.000000
vt -0.000000 -0.048467 0.000000
vt -0.162406 -0.042918 0.000000
vt -0.000000 -0.035519 0.000000
vt -0.162406 -0.031820 0.000000
vt -0.000000 -0.022571 0.000000
vt -0.162406 -0.020722 0.000000
vt -0.162406 -0.009623 0.000000
vt 0.162406 -0.020722 0.000000
vt 0.162406 -0.009623 0.000000
vt 0.162406 -0.054017 0.000000
vt 0.162406 -0.042918 0.000000
vt 0.162406 -0.031820 0.000000
vt -0.000000 -0.084754 0.000000
vt -0.000000 -0.073981 0.000000
vt -0.002618 -0.084754 0.000000
vt -0.002618 -0.072185 0.000000
vt -0.005236 -0.072185 0.000000
vt -0.005236 -0.059617 0.000000
vt -0.007854 -0.059617 0.000000
vt -0.007854 -0.047048 0.000000
vt -0.005236 -0.047048 0.000000
vt -0.007854 -0.034479 0.000000
vt -0.005236 -0.034479 0.000000
vt -0.007854 -0.021910 0.000000
vt -0.005236 -0.021910 0.000000
vt -0.007854 -0.009341 0.000000
vt -0.005236 -0.009341 0.000000
vt -0.002618 -0.021910 0.000000
vt -0.002618 -0.009341 0.000000
vt -0.000000 -0.020115 0.000000
vt -0.000000 -0.009341 0.000000
vt -0.000000 -0.063208 0.000000
vt -0.002618 -0.059617 0.000000
vt -0.000000 -0.052434 0.000000
vt -0.002618 -0.047048 0.000000
vt -0.000000 -0.041661 0.000000
vt -0.002618 -0.034479 0.000000
vt -0.000000 -0.030888 0.000000
vt -0.007854 -0.072185 0.000000
vt -0.005236 -0.084754 0.000000
vt -0.007854 -0.084754 0.000000
vt 0.000000 0.000000 0.000000
vt 0.011608 -0.000534 0.000000
vt 0.006981 0.039386 0.000000
vt 0.009533 0.039600 0.000000
vt 0.022967 0.001923 0.000000
vt 0.033317 0.007206 0.000000
vt 0.041969 0.014964 0.000000
vt 0.011645 0.041049 0.000000
vt 0.048346 0.024678 0.000000
vt 0.052023 0.035702 0.000000
vt 0.012762 0.043353 0.000000
vt -0.261658 0.005236 0.000000
vt -0.209326 0.005236 0.000000
vt -0.261658 0.007854 0.000000
vt -0.156995 0.005236 0.000000
vt -0.104663 0.005236 0.000000
vt -0.104663 0.002618 0.000000
vt -0.052332 0.002618 0.000000
vt -0.000000 -0.000000 0.000000
vt 0.000000 0.002618 0.000000
vt -0.209326 0.002618 0.000000
vt -0.261658 0.002618 0.000000
vt -0.261658 0.000000 0.000000
vt -0.156995 0.002618 0.000000
vt -0.052332 0.005236 0.000000
vt -0.000000 0.005236 0.000000
vt 0.000000 0.007854 0.000000
vt -0.261658 0.000000 0.000000
vt -0.000000 -0.324813 0.000000
vt -0.261658 -0.324813 0.000000
vt -0.261658 0.000000 0.000000
vt -0.104663 -0.002618 0.000000
vt -0.000000 -0.000000 0.000000
vt -0.052332 -0.002618 0.000000
vt 0.000000 -0.002618 0.000000
vt -0.000000 -0.005236 0.000000
vt -0.052332 -0.005236 0.000000
vt -0.000000 -0.007854 0.000000
vt -0.104663 -0.005236 0.000000
vt -0.156995 -0.005236 0.000000
vt -0.156995 -0.002618 0.000000
vt -0.209326 -0.002618 0.000000
vt -0.261658 -0.002618 0.000000
vt -0.209326 -0.005236 0.000000
vt -0.261658 -0.005236 0.000000
vt -0.261658 -0.007854 0.000000
vt -0.006981 0.039386 0.000000
vt -0.264623 -0.006283 0.000000
vt 0.000000 -0.000000 0.000000
vt -0.257642 -0.045669 0.000000
vt -0.261658 -0.007854 0.000000
vt -0.104663 -0.010472 0.000000
vt -0.000000 -0.007854 0.000000
vt -0.052332 -0.010472 0.000000
vt -0.000000 -0.010472 0.000000
vt 0.000000 -0.013090 0.000000
vt -0.052332 -0.013090 0.000000
vt 0.000000 -0.015708 0.000000
vt -0.104663 -0.013090 0.000000
vt -0.156995 -0.013090 0.000000
vt -0.156995 -0.010472 0.000000
vt -0.209326 -0.010472 0.000000
vt -0.261658 -0.010472 0.000000
vt -0.209326 -0.013090 0.000000
vt -0.261658 -0.013090 0.000000
vt -0.261658 -0.015708 0.000000
vt -0.000000 -0.324813 0.000000
vt 0.261658 -0.324813 0.000000
vt 0.000000 0.000000 0.000000
vt 0.261658 0.000000 0.000000
vt -0.261658 -0.015708 0.000000
vt -0.104663 -0.018326 0.000000
vt -0.000000 -0.015708 0.000000
vt -0.052332 -0.018326 0.000000
vt 0.000000 -0.018326 0.000000
vt -0.000000 -0.020944 0.000000
vt -0.052332 -0.020944 0.000000
vt -0.000000 -0.023562 0.000000
vt -0.104663 -0.020944 0.000000
vt -0.156995 -0.020944 0.000000
vt -0.156995 -0.018326 0.000000
vt -0.209326 -0.018326 0.000000
vt -0.261658 -0.018326 0.000000
vt -0.209326 -0.020944 0.000000
vt -0.261658 -0.020944 0.000000
vt -0.261658 -0.023562 0.000000
vt -0.045669 -0.257642 0.000000
vt -0.006283 -0.264623 0.000000
vt -0.000000 0.000000 0.000000
vt 0.039386 -0.006981 0.000000
vt -0.007854 -0.002557 0.000000
vt -0.010472 -0.002557 0.000000
vt -0.007854 -0.003238 0.000000
vt -0.010472 -0.003238 0.000000
vt -0.007854 -0.003920 0.000000
vt -0.010472 -0.003920 0.000000
vt -0.007854 -0.004601 0.000000
vt -0.010472 -0.004601 0.000000
vt -0.013090 -0.003920 0.000000
vt -0.013090 -0.004601 0.000000
vt -0.015708 -0.003920 0.000000
vt -0.013090 -0.002557 0.000000
vt -0.013090 -0.003238 0.000000
vt -0.015708 -0.002557 0.000000
vt -0.015708 -0.003238 0.000000
vt 0.007854 -0.004601 0.000000
vt 0.010472 -0.004601 0.000000
vt 0.007854 -0.003920 0.000000
vt 0.010472 -0.003920 0.000000
vt 0.007854 -0.003238 0.000000
vt 0.010472 -0.003238 0.000000
vt 0.007854 -0.002557 0.000000
vt 0.010472 -0.002557 0.000000
vt 0.013090 -0.003238 0.000000
vt 0.013090 -0.002557 0.000000
vt 0.015708 -0.003238 0.000000
vt 0.013090 -0.004601 0.000000
vt 0.013090 -0.003920 0.000000
vt 0.015708 -0.004601 0.000000
vt 0.015708 -0.003920 0.000000
vt -0.000000 0.000000 0.000000
vt -0.040000 0.000000 0.000000
vt -0.001211 -0.010371 0.000000
vt -0.040531 -0.002243 0.000000
vt -0.004780 -0.020184 0.000000
vt -0.010515 -0.028910 0.000000
vt -0.042012 -0.004009 0.000000
vt -0.018106 -0.036079 0.000000
vt -0.027145 -0.041306 0.000000
vt -0.044127 -0.004923 0.000000
vt -0.037146 -0.044309 0.000000
vt 0.005236 -0.152479 0.000000
vt 0.007854 -0.152479 0.000000
vt 0.005236 -0.141191 0.000000
vt 0.007854 -0.141191 0.000000
vt 0.005236 -0.129904 0.000000
vt 0.007854 -0.129904 0.000000
vt 0.005236 -0.118617 0.000000
vt 0.007854 -0.118617 0.000000
vt 0.005236 -0.107329 0.000000
vt 0.007854 -0.107329 0.000000
vt 0.005236 -0.096042 0.000000
vt 0.007854 -0.096042 0.000000
vt 0.005236 -0.084754 0.000000
vt 0.007854 -0.084754 0.000000
vt 0.002618 -0.084754 0.000000
vt 0.002618 -0.096042 0.000000
vt 0.002618 -0.107329 0.000000
vt 0.002618 -0.118617 0.000000
vt 0.002618 -0.129904 0.000000
vt 0.002618 -0.141191 0.000000
vt 0.002618 -0.152479 0.000000
vt 0.000000 -0.141191 0.000000
vt 0.000000 -0.152479 0.000000
vt -0.000000 -0.084754 0.000000
vt -0.000000 -0.096042 0.000000
vt -0.000000 -0.107329 0.000000
vt 0.000000 -0.118617 0.000000
vt 0.000000 -0.129904 0.000000
vt -0.162406 -0.157080 0.000000
vt 0.162406 -0.157080 0.000000
vt 0.000000 -0.145452 0.000000
vt 0.162406 -0.145452 0.000000
vt 0.000000 -0.133824 0.000000
vt 0.162406 -0.133824 0.000000
vt 0.000000 -0.122196 0.000000
vt 0.162406 -0.122196 0.000000
vt 0.000000 -0.110568 0.000000
vt 0.162406 -0.110568 0.000000
vt 0.000000 -0.098940 0.000000
vt 0.162406 -0.098940 0.000000
vt 0.162406 -0.087312 0.000000
vt -0.162406 -0.087312 0.000000
vt -0.162406 -0.098940 0.000000
vt -0.162406 -0.110568 0.000000
vt -0.162406 -0.122196 0.000000
vt -0.162406 -0.133824 0.000000
vt -0.162406 -0.145452 0.000000
vt -0.002618 -0.152479 0.000000
vt 0.000000 -0.152479 0.000000
vt -0.002618 -0.141191 0.000000
vt 0.000000 -0.141191 0.000000
vt -0.002618 -0.129904 0.000000
vt 0.000000 -0.129904 0.000000
vt -0.002618 -0.118617 0.000000
vt 0.000000 -0.118617 0.000000
vt -0.002618 -0.107329 0.000000
vt -0.000000 -0.107329 0.000000
vt -0.002618 -0.096042 0.000000
vt -0.000000 -0.096042 0.000000
vt -0.002618 -0.084754 0.000000
vt -0.000000 -0.084754 0.000000
vt -0.005236 -0.084754 0.000000
vt -0.005236 -0.096042 0.000000
vt -0.005236 -0.107329 0.000000
vt -0.005236 -0.118617 0.000000
vt -0.005236 -0.129904 0.000000
vt -0.005236 -0.141191 0.000000
vt -0.005236 -0.152479 0.000000
vt -0.007854 -0.141191 0.000000
vt -0.007854 -0.152479 0.000000
vt -0.007854 -0.084754 0.000000
vt -0.007854 -0.096042 0.000000
vt -0.007854 -0.107329 0.000000
vt -0.007854 -0.118617 0.000000
vt -0.007854 -0.129904 0.000000
vt 0.000000 0.000000 0.000000
vt 0.001211 -0.010371 0.000000
vt 0.040000 0.000000 0.000000
vt 0.040531 -0.002243 0.000000
vt 0.004780 -0.020184 0.000000
vt 0.010515 -0.028910 0.000000
vt 0.042012 -0.004009 0.000000
vt 0.018106 -0.036079 0.000000
vt 0.027145 -0.041306 0.000000
vt 0.037146 -0.044309 0.000000
vt 0.044127 -0.004923 0.000000
vt -0.555344 0.000000 0.000000
vt -0.540629 0.000000 0.000000
vt -0.555344 0.002618 0.000000
vt -0.545388 0.003545 0.000000
vt -0.555344 0.005236 0.000000
vt -0.547514 0.005518 0.000000
vt -0.555344 0.007854 0.000000
vt -0.549289 0.007854 0.000000
vt -0.025094 -0.010000 0.000000
vt 0.162406 -0.100629 0.000000
vt 0.349906 -0.010000 0.000000
vt 0.186667 -0.102184 0.000000
vt 0.210530 -0.106824 0.000000
vt -0.025094 -0.259908 0.000000
vt -0.019636 -0.236219 0.000000
vt -0.011199 -0.213420 0.000000
vt 0.000081 -0.191885 0.000000
vt 0.014018 -0.171966 0.000000
vt 0.030384 -0.153990 0.000000
vt 0.048912 -0.138251 0.000000
vt 0.069297 -0.125007 0.000000
vt 0.091207 -0.114474 0.000000
vt 0.114283 -0.106824 0.000000
vt 0.138146 -0.102184 0.000000
vt 0.233606 -0.114474 0.000000
vt 0.255515 -0.125007 0.000000
vt 0.275901 -0.138251 0.000000
vt 0.294429 -0.153990 0.000000
vt 0.310795 -0.171966 0.000000
vt 0.324732 -0.191885 0.000000
vt 0.336012 -0.213420 0.000000
vt 0.344449 -0.236219 0.000000
vt 0.349906 -0.259908 0.000000
vt -0.549289 -0.007854 0.000000
vt -0.547514 -0.005518 0.000000
vt -0.555344 -0.007854 0.000000
vt -0.555344 -0.005236 0.000000
vt -0.545388 -0.003545 0.000000
vt -0.555344 -0.002618 0.000000
vt -0.540629 0.000000 0.000000
vt -0.555344 0.000000 0.000000
vt -0.003264 -0.550477 0.000000
vt -0.005000 -0.550629 0.000000
vt -0.000000 -0.555344 0.000000
vt -0.035000 -0.550629 0.000000
vt -0.040000 -0.555344 0.000000
vt -0.036736 -0.550477 0.000000
vt -0.038420 -0.550026 0.000000
vt -0.040000 -0.549289 0.000000
vt -0.000000 -0.549289 0.000000
vt -0.001580 -0.550026 0.000000
vt -0.555344 -0.015708 0.000000
vt -0.540629 -0.015708 0.000000
vt -0.555344 -0.013090 0.000000
vt -0.545388 -0.012163 0.000000
vt -0.555344 -0.010472 0.000000
vt -0.547514 -0.010190 0.000000
vt -0.555344 -0.007854 0.000000
vt -0.549289 -0.007854 0.000000
vt -0.349906 -0.259908 0.000000
vt -0.344449 -0.236219 0.000000
vt -0.349906 -0.010000 0.000000
vt -0.336012 -0.213420 0.000000
vt -0.324732 -0.191885 0.000000
vt -0.310795 -0.171966 0.000000
vt -0.294429 -0.153990 0.000000
vt -0.275901 -0.138251 0.000000
vt -0.255515 -0.125007 0.000000
vt -0.233606 -0.114474 0.000000
vt -0.210530 -0.106824 0.000000
vt -0.186667 -0.102184 0.000000
vt -0.162406 -0.100629 0.000000
vt 0.025094 -0.010000 0.000000
vt -0.138146 -0.102184 0.000000
vt -0.114283 -0.106824 0.000000
vt -0.091207 -0.114474 0.000000
vt -0.069297 -0.125007 0.000000
vt -0.048912 -0.138251 0.000000
vt -0.030384 -0.153990 0.000000
vt -0.014018 -0.171966 0.000000
vt -0.000081 -0.191885 0.000000
vt 0.011199 -0.213420 0.000000
vt 0.019636 -0.236219 0.000000
vt 0.025094 -0.259908 0.000000
vt -0.549289 0.007854 0.000000
vt -0.547514 0.010190 0.000000
vt -0.555344 0.007854 0.000000
vt -0.555344 0.010472 0.000000
vt -0.545388 0.012163 0.000000
vt -0.555344 0.013090 0.000000
vt -0.540629 0.015708 0.000000
vt -0.555344 0.015708 0.000000
vt 0.036736 -0.550477 0.000000
vt 0.035000 -0.550629 0.000000
vt 0.040000 -0.555344 0.000000
vt 0.005000 -0.550629 0.000000
vt 0.000000 -0.555344 0.000000
vt 0.003264 -0.550477 0.000000
vt 0.001580 -0.550026 0.000000
vt -0.000000 -0.549289 0.000000
vt 0.040000 -0.549289 0.000000
vt 0.038420 -0.550026 0.000000
vt -0.319813 0.005000 0.000000
vt -0.005000 0.005000 0.000000
vt -0.319813 0.035000 0.000000
vt -0.005000 0.035000 0.000000
vt -0.025094 0.005000 0.000000
vt 0.349906 0.005000 0.000000
vt -0.025094 0.035000 0.000000
vt 0.349906 0.035000 0.000000
vt 0.540629 0.717656 0.000000
vt 0.010000 0.717656 0.000000
vt 0.540629 0.687656 0.000000
vt 0.010000 0.687656 0.000000
vt 0.364906 0.687656 0.000000
vt 0.385000 0.687656 0.000000
vt 0.364906 0.717656 0.000000
vt 0.385000 0.717656 0.000000
vt 0.010000 0.687656 0.000000
vt 0.030094 0.687656 0.000000
vt 0.010000 0.717656 0.000000
vt 0.030094 0.717656 0.000000
vt -0.010000 0.717656 0.000000
vt -0.540629 0.717656 0.000000
vt -0.010000 0.687656 0.000000
vt -0.540629 0.687656 0.000000
vt 0.229279 -0.015708 0.000000
vt 0.010000 -0.015708 0.000000
vt 0.244902 -0.017537 0.000000
vt 0.116126 -0.020944 0.000000
vt 0.222252 -0.020944 0.000000
vt 0.222252 -0.026180 0.000000
vt 0.328377 -0.026180 0.000000
vt 0.540629 -0.031416 0.000000
vt 0.434503 -0.026180 0.000000
vt 0.540629 -0.026180 0.000000
vt 0.434503 -0.020944 0.000000
vt 0.540629 -0.020944 0.000000
vt 0.540629 -0.015708 0.000000
vt 0.010000 -0.020944 0.000000
vt 0.116126 -0.026180 0.000000
vt 0.010000 -0.031416 0.000000
vt 0.010000 -0.026180 0.000000
vt 0.290721 -0.015708 0.000000
vt 0.328377 -0.020944 0.000000
vt 0.275098 -0.017537 0.000000
vt 0.260000 -0.018235 0.000000
vt -0.717656 -0.031416 0.000000
vt -0.687656 -0.031416 0.000000
vt -0.717656 -0.026180 0.000000
vt -0.687656 -0.026180 0.000000
vt -0.717656 -0.020944 0.000000
vt -0.687656 -0.020944 0.000000
vt -0.717656 -0.015708 0.000000
vt -0.687656 -0.015708 0.000000
vt -0.015708 -0.018512 0.000000
vt -0.010472 -0.022214 0.000000
vt -0.010472 -0.018512 0.000000
vt -0.005236 -0.022214 0.000000
vt -0.005236 -0.018512 0.000000
vt -0.000000 -0.022214 0.000000
vt 0.000000 -0.018512 0.000000
vt -0.005236 -0.014810 0.000000
vt 0.000000 -0.014810 0.000000
vt -0.005236 -0.011107 0.000000
vt 0.000000 -0.011107 0.000000
vt -0.010472 -0.011107 0.000000
vt -0.010472 -0.014810 0.000000
vt -0.015708 -0.011107 0.000000
vt -0.015708 -0.014810 0.000000
vt -0.540629 -0.031416 0.000000
vt -0.222252 -0.036652 0.000000
vt -0.010000 -0.031416 0.000000
vt -0.116126 -0.036652 0.000000
vt -0.010000 -0.036652 0.000000
vt -0.010000 -0.041888 0.000000
vt -0.116126 -0.041888 0.000000
vt -0.010000 -0.047124 0.000000
vt -0.222252 -0.041888 0.000000
vt -0.290629 -0.044597 0.000000
vt -0.328377 -0.041888 0.000000
vt -0.305727 -0.045295 0.000000
vt -0.434503 -0.041888 0.000000
vt -0.321349 -0.047124 0.000000
vt -0.540629 -0.047124 0.000000
vt -0.540629 -0.041888 0.000000
vt -0.540629 -0.036652 0.000000
vt -0.434503 -0.036652 0.000000
vt -0.328377 -0.036652 0.000000
vt -0.275531 -0.045295 0.000000
vt -0.259908 -0.047124 0.000000
vt -0.035000 -0.031416 0.000000
vt -0.005000 -0.031416 0.000000
vt -0.035000 -0.026180 0.000000
vt -0.005000 -0.026180 0.000000
vt -0.035000 -0.020944 0.000000
vt -0.005000 -0.020944 0.000000
vt -0.035000 -0.015708 0.000000
vt -0.005000 -0.015708 0.000000
vt 0.349906 0.005236 0.000000
vt 0.256156 0.005236 0.000000
vt 0.349906 0.000000 0.000000
vt 0.162406 0.005236 0.000000
vt -0.025094 0.000000 0.000000
vt 0.068656 0.005236 0.000000
vt -0.025094 0.005236 0.000000
vt -0.025094 0.010472 0.000000
vt 0.068656 0.010472 0.000000
vt -0.025094 0.015708 0.000000
vt 0.162406 0.010472 0.000000
vt 0.349906 0.015708 0.000000
vt 0.256156 0.010472 0.000000
vt 0.349906 0.010472 0.000000
vt -0.015708 -0.007405 0.000000
vt -0.010472 -0.011107 0.000000
vt -0.010472 -0.007405 0.000000
vt -0.005236 -0.011107 0.000000
vt -0.005236 -0.007405 0.000000
vt 0.000000 -0.011107 0.000000
vt 0.000000 -0.007405 0.000000
vt -0.005236 -0.003702 0.000000
vt -0.000000 -0.003702 0.000000
vt -0.005236 -0.000000 0.000000
vt -0.000000 -0.000000 0.000000
vt -0.010472 -0.000000 0.000000
vt -0.010472 -0.003702 0.000000
vt -0.015708 -0.000000 0.000000
vt -0.015708 -0.003702 0.000000
vt -0.015708 -0.018512 0.000000
vt -0.010472 -0.022214 0.000000
vt -0.010472 -0.018512 0.000000
vt -0.005236 -0.022214 0.000000
vt -0.005236 -0.018512 0.000000
vt -0.000000 -0.022214 0.000000
vt -0.000000 -0.018512 0.000000
vt -0.005236 -0.014810 0.000000
vt 0.000000 -0.014810 0.000000
vt -0.005236 -0.011107 0.000000
vt -0.000000 -0.011107 0.000000
vt -0.010472 -0.011107 0.000000
vt -0.010472 -0.014810 0.000000
vt -0.015708 -0.011107 0.000000
vt -0.015708 -0.014810 0.000000
vt -0.010000 -0.031416 0.000000
vt -0.328377 -0.026180 0.000000
vt -0.540629 -0.031416 0.000000
vt -0.434503 -0.026180 0.000000
vt -0.540629 -0.026180 0.000000
vt -0.540629 -0.020944 0.000000
vt -0.434503 -0.020944 0.000000
vt -0.540629 -0.015708 0.000000
vt -0.275098 -0.017537 0.000000
vt -0.290721 -0.015708 0.000000
vt -0.010000 -0.026180 0.000000
vt -0.116126 -0.026180 0.000000
vt -0.222252 -0.026180 0.000000
vt -0.328377 -0.020944 0.000000
vt -0.116126 -0.020944 0.000000
vt -0.010000 -0.020944 0.000000
vt -0.010000 -0.015708 0.000000
vt -0.229279 -0.015708 0.000000
vt -0.244902 -0.017537 0.000000
vt -0.222252 -0.020944 0.000000
vt -0.260000 -0.018235 0.000000
vt -0.349906 -0.036652 0.000000
vt -0.256156 -0.036652 0.000000
vt -0.349906 -0.031416 0.000000
vt -0.162406 -0.036652 0.000000
vt 0.025094 -0.031416 0.000000
vt -0.068656 -0.036652 0.000000
vt 0.025094 -0.036652 0.000000
vt 0.025094 -0.041888 0.000000
vt -0.068656 -0.041888 0.000000
vt 0.025094 -0.047124 0.000000
vt -0.162406 -0.041888 0.000000
vt -0.349906 -0.047124 0.000000
vt -0.256156 -0.041888 0.000000
vt -0.349906 -0.041888 0.000000
vt -0.717656 0.015708 0.000000
vt -0.687656 0.015708 0.000000
vt -0.717656 0.020944 0.000000
vt -0.687656 0.020944 0.000000
vt -0.717656 0.026180 0.000000
vt -0.687656 0.026180 0.000000
vt -0.717656 0.031416 0.000000
vt -0.687656 0.031416 0.000000
vt -0.717656 -0.015708 0.000000
vt -0.687656 -0.015708 0.000000
vt -0.717656 -0.010472 0.000000
vt -0.687656 -0.010472 0.000000
vt -0.717656 -0.005236 0.000000
vt -0.687656 -0.005236 0.000000
vt -0.717656 -0.000000 0.000000
vt -0.687656 -0.000000 0.000000
vt -0.015708 -0.007405 0.000000
vt -0.010472 -0.011107 0.000000
vt -0.010472 -0.007405 0.000000
vt -0.005236 -0.011107 0.000000
vt -0.005236 -0.007405 0.000000
vt 0.000000 -0.011107 0.000000
vt 0.000000 -0.007405 0.000000
vt -0.005236 -0.003702 0.000000
vt 0.000000 -0.003702 0.000000
vt -0.005236 -0.000000 0.000000
vt 0.000000 0.000000 0.000000
vt -0.010472 -0.000000 0.000000
vt -0.010472 -0.003702 0.000000
vt -0.015708 -0.000000 0.000000
vt -0.015708 -0.003702 0.000000
vt 0.321349 0.015708 0.000000
vt 0.540629 0.015708 0.000000
vt 0.305727 0.017537 0.000000
vt 0.434503 0.020944 0.000000
vt 0.328377 0.020944 0.000000
vt 0.328377 0.026180 0.000000
vt 0.222252 0.026180 0.000000
vt 0.010000 0.031416 0.000000
vt 0.116126 0.026180 0.000000
vt 0.010000 0.026180 0.000000
vt 0.116126 0.020944 0.000000
vt 0.010000 0.020944 0.000000
vt 0.275531 0.017537 0.000000
vt 0.010000 0.015708 0.000000
vt 0.259908 0.015708 0.000000
vt 0.540629 0.020944 0.000000
vt 0.434503 0.026180 0.000000
vt 0.540629 0.031416 0.000000
vt 0.540629 0.026180 0.000000
vt 0.222252 0.020944 0.000000
vt 0.290629 0.018235 0.000000
vt 0.003087 -0.005852 0.000000
vt 0.108271 -0.007161 0.000000
vt 0.005000 -0.001925 0.000000
vt 0.216542 -0.007161 0.000000
vt 0.321726 -0.005852 0.000000
vt 0.323348 -0.009779 0.000000
vt 0.216542 -0.012397 0.000000
vt 0.324432 -0.013706 0.000000
vt 0.324813 -0.017633 0.000000
vt 0.108271 -0.012397 0.000000
vt 0.000381 -0.013706 0.000000
vt 0.001464 -0.009779 0.000000
vt -0.000000 -0.017633 0.000000
vt 0.319813 -0.001925 0.000000
vt 0.076606 0.005359 0.000000
vt 0.076606 0.004019 0.000000
vt 0.080864 0.005356 0.000000
vt 0.080862 0.004019 0.000000
vt 0.085118 0.004019 0.000000
vt 0.074456 0.004019 0.000000
vt 0.072346 0.005356 0.000000
vt 0.071275 0.004019 0.000000
vt 0.068094 0.005359 0.000000
vt 0.068094 0.003531 0.000000
vt 0.071275 0.002679 0.000000
vt 0.068094 0.001828 0.000000
vt 0.071275 0.002010 0.000000
vt 0.071275 0.001340 0.000000
vt 0.074456 0.001340 0.000000
vt 0.074456 0.000670 0.000000
vt 0.076606 0.000670 0.000000
vt 0.076606 0.000000 0.000000
vt 0.080864 0.000003 0.000000
vt 0.071275 0.000670 0.000000
vt 0.068094 0.000000 0.000000
vt 0.072346 0.000003 0.000000
vt 0.080862 0.000670 0.000000
vt 0.085118 0.000003 0.000000
vt 0.085118 0.000670 0.000000
vt 0.080862 0.001340 0.000000
vt 0.085118 0.001340 0.000000
vt 0.080862 0.002010 0.000000
vt 0.085118 0.002010 0.000000
vt 0.080862 0.002679 0.000000
vt 0.085118 0.002679 0.000000
vt 0.074456 0.002679 0.000000
vt 0.074456 0.002010 0.000000
vt 0.076606 0.002679 0.000000
vt 0.076606 0.002010 0.000000
vt 0.076606 0.001340 0.000000
vt 0.072346 0.005356 0.000000
vt 0.068094 0.005359 0.000000
vt 0.071275 0.004019 0.000000
vt 0.068094 0.003531 0.000000
vt 0.071275 0.002679 0.000000
vt 0.068094 0.001828 0.000000
vt 0.071275 0.002010 0.000000
vt 0.071275 0.001340 0.000000
vt 0.074456 0.001340 0.000000
vt 0.074456 0.000670 0.000000
vt 0.076606 0.000670 0.000000
vt 0.076606 0.000000 0.000000
vt 0.080864 0.000003 0.000000
vt 0.071275 0.000670 0.000000
vt 0.068094 0.000000 0.000000
vt 0.072346 0.000003 0.000000
vt 0.080862 0.000670 0.000000
vt 0.085118 0.000003 0.000000
vt 0.076606 0.005359 0.000000
vt 0.076606 0.004019 0.000000
vt 0.080864 0.005356 0.000000
vt 0.080862 0.004019 0.000000
vt 0.085118 0.004019 0.000000
vt 0.074456 0.004019 0.000000
vt 0.085118 0.000670 0.000000
vt 0.080862 0.001340 0.000000
vt 0.085118 0.001340 0.000000
vt 0.080862 0.002010 0.000000
vt 0.085118 0.002010 0.000000
vt 0.080862 0.002679 0.000000
vt 0.085118 0.002679 0.000000
vt 0.074456 0.002679 0.000000
vt 0.074456 0.002010 0.000000
vt 0.076606 0.002679 0.000000
vt 0.076606 0.002010 0.000000
vt 0.076606 0.001340 0.000000
vt -0.005000 0.000000 0.000000
vt -0.035000 0.000000 0.000000
vt -0.003087 -0.003927 0.000000
vt -0.036913 -0.003927 0.000000
vt -0.038536 -0.007854 0.000000
vt -0.001464 -0.007854 0.000000
vt -0.039619 -0.011781 0.000000
vt -0.000381 -0.011781 0.000000
vt -0.000000 -0.015708 0.000000
vt -0.040000 -0.015708 0.000000
vt -0.000000 0.015708 0.000000
vt 0.040000 0.015708 0.000000
vt 0.000381 0.019635 0.000000
vt 0.039619 0.019635 0.000000
vt 0.038536 0.023562 0.000000
vt 0.001464 0.023562 0.000000
vt 0.036913 0.027489 0.000000
vt 0.003087 0.027489 0.000000
vt 0.005000 0.031416 0.000000
vt 0.035000 0.031416 0.000000
vt 0.076606 0.005359 0.000000
vt 0.076606 0.004019 0.000000
vt 0.080864 0.005356 0.000000
vt 0.080862 0.004019 0.000000
vt 0.085118 0.004019 0.000000
vt 0.074456 0.004019 0.000000
vt 0.072346 0.005356 0.000000
vt 0.071275 0.004019 0.000000
vt 0.068094 0.005359 0.000000
vt 0.068094 0.003531 0.000000
vt 0.071275 0.002679 0.000000
vt 0.068094 0.001828 0.000000
vt 0.071275 0.002010 0.000000
vt 0.071275 0.001340 0.000000
vt 0.074456 0.001340 0.000000
vt 0.074456 0.000670 0.000000
vt 0.076606 0.000670 0.000000
vt 0.076606 0.000000 0.000000
vt 0.080864 0.000003 0.000000
vt 0.071275 0.000670 0.000000
vt 0.068094 0.000000 0.000000
vt 0.072346 0.000003 0.000000
vt 0.080862 0.000670 0.000000
vt 0.085118 0.000003 0.000000
vt 0.085118 0.000670 0.000000
vt 0.080862 0.001340 0.000000
vt 0.085118 0.001340 0.000000
vt 0.080862 0.002010 0.000000
vt 0.085118 0.002010 0.000000
vt 0.080862 0.002679 0.000000
vt 0.085118 0.002679 0.000000
vt 0.074456 0.002679 0.000000
vt 0.074456 0.002010 0.000000
vt 0.076606 0.002679 0.000000
vt 0.076606 0.002010 0.000000
vt 0.076606 0.001340 0.000000
vt 0.072346 0.005356 0.000000
vt 0.068094 0.005359 0.000000
vt 0.071275 0.004019 0.000000
vt 0.068094 0.003531 0.000000
vt 0.071275 0.002679 0.000000
vt 0.068094 0.001828 0.000000
vt 0.071275 0.002010 0.000000
vt 0.071275 0.001340 0.000000
vt 0.074456 0.001340 0.000000
vt 0.074456 0.000670 0.000000
vt 0.076606 0.000670 0.000000
vt 0.076606 0.000000 0.000000
vt 0.080864 0.000003 0.000000
vt 0.071275 0.000670 0.000000
vt 0.068094 0.000000 0.000000
vt 0.072346 0.000003 0.000000
vt 0.080862 0.000670 0.000000
vt 0.085118 0.000003 0.000000
vt 0.076606 0.005359 0.000000
vt 0.076606 0.004019 0.000000
vt 0.080864 0.005356 0.000000
vt 0.080862 0.004019 0.000000
vt 0.085118 0.004019 0.000000
vt 0.074456 0.004019 0.000000
vt 0.085118 0.000670 0.000000
vt 0.080862 0.001340 0.000000
vt 0.085118 0.001340 0.000000
vt 0.080862 0.002010 0.000000
vt 0.085118 0.002010 0.000000
vt 0.080862 0.002679 0.000000
vt 0.085118 0.002679 0.000000
vt 0.074456 0.002679 0.000000
vt 0.074456 0.002010 0.000000
vt 0.076606 0.002679 0.000000
vt 0.076606 0.002010 0.000000
vt 0.076606 0.001340 0.000000
vt -0.321726 -0.033418 0.000000
vt -0.216542 -0.034727 0.000000
vt -0.319813 -0.029491 0.000000
vt -0.108271 -0.034727 0.000000
vt -0.003087 -0.033418 0.000000
vt -0.001464 -0.037345 0.000000
vt -0.108271 -0.039963 0.000000
vt -0.000381 -0.041272 0.000000
vt -0.000000 -0.045199 0.000000
vt -0.216542 -0.039963 0.000000
vt -0.324432 -0.041272 0.000000
vt -0.323348 -0.037345 0.000000
vt -0.324813 -0.045199 0.000000
vt -0.005000 -0.029491 0.000000
vt -0.030629 -0.023302 0.000000
vt -0.030094 -0.026180 0.000000
vt -0.010000 -0.026180 0.000000
vt -0.030094 -0.027925 0.000000
vt -0.010000 -0.031416 0.000000
vt -0.030094 -0.029671 0.000000
vt -0.030094 -0.031416 0.000000
vt -0.010000 -0.020944 0.000000
vt -0.031839 -0.020668 0.000000
vt -0.010000 -0.015708 0.000000
vt -0.035094 -0.015708 0.000000
vt 0.015708 0.018512 0.000000
vt 0.010472 0.022214 0.000000
vt 0.010472 0.018512 0.000000
vt 0.005236 0.022214 0.000000
vt 0.005236 0.018512 0.000000
vt 0.000000 0.022214 0.000000
vt 0.000000 0.018512 0.000000
vt 0.005236 0.014810 0.000000
vt 0.000000 0.014810 0.000000
vt 0.005236 0.011107 0.000000
vt -0.000000 0.011107 0.000000
vt 0.010472 0.011107 0.000000
vt 0.010472 0.014810 0.000000
vt 0.015708 0.011107 0.000000
vt 0.015708 0.014810 0.000000
vt 0.329813 0.027925 0.000000
vt 0.329813 0.026180 0.000000
vt 0.349906 0.026180 0.000000
vt 0.329277 0.023302 0.000000
vt 0.349906 0.020944 0.000000
vt 0.328068 0.020668 0.000000
vt 0.349906 0.015708 0.000000
vt 0.324813 0.015708 0.000000
vt 0.329813 0.029671 0.000000
vt 0.349906 0.031416 0.000000
vt 0.329813 0.031416 0.000000
vt 0.005236 -0.011107 0.000000
vt 0.000000 -0.011107 0.000000
vt 0.005236 -0.014810 0.000000
vt -0.000000 -0.014810 0.000000
vt 0.005236 -0.018512 0.000000
vt 0.000000 -0.018512 0.000000
vt 0.005236 -0.022214 0.000000
vt 0.000000 -0.022214 0.000000
vt 0.010472 -0.022214 0.000000
vt 0.010472 -0.018512 0.000000
vt 0.010472 -0.014810 0.000000
vt 0.010472 -0.011107 0.000000
vt 0.015708 -0.014810 0.000000
vt 0.015708 -0.022214 0.000000
vt 0.015708 -0.018512 0.000000
vt -0.364906 -0.027925 0.000000
vt -0.364906 -0.026180 0.000000
vt -0.385000 -0.026180 0.000000
vt -0.364371 -0.023302 0.000000
vt -0.385000 -0.020944 0.000000
vt -0.363161 -0.020668 0.000000
vt -0.385000 -0.015708 0.000000
vt -0.359906 -0.015708 0.000000
vt -0.385000 -0.031416 0.000000
vt -0.364906 -0.029671 0.000000
vt -0.364906 -0.031416 0.000000
vt 0.015708 0.007405 0.000000
vt 0.010472 0.011107 0.000000
vt 0.010472 0.007405 0.000000
vt 0.005236 0.011107 0.000000
vt 0.005236 0.007405 0.000000
vt -0.000000 0.011107 0.000000
vt 0.000000 0.007405 0.000000
vt 0.005236 0.003702 0.000000
vt -0.000000 0.003702 0.000000
vt 0.005236 -0.000000 0.000000
vt -0.000000 -0.000000 0.000000
vt 0.010472 0.000000 0.000000
vt 0.010472 0.003702 0.000000
vt 0.015708 0.000000 0.000000
vt 0.015708 0.003702 0.000000
vt -0.004464 0.023302 0.000000
vt -0.005000 0.026180 0.000000
vt -0.025094 0.026180 0.000000
vt -0.005000 0.027925 0.000000
vt -0.005000 0.029671 0.000000
vt -0.005000 0.031416 0.000000
vt -0.025094 0.031416 0.000000
vt -0.025094 0.020944 0.000000
vt -0.003255 0.020668 0.000000
vt -0.025094 0.015708 0.000000
vt 0.000000 0.015708 0.000000
vt -0.000000 -0.011107 0.000000
vt 0.005236 -0.011107 0.000000
vt -0.000000 -0.007405 0.000000
vt 0.005236 -0.007405 0.000000
vt -0.000000 -0.003702 0.000000
vt 0.005236 -0.003702 0.000000
vt -0.000000 -0.000000 0.000000
vt 0.005236 -0.000000 0.000000
vt 0.010472 -0.003702 0.000000
vt 0.010472 0.000000 0.000000
vt 0.015708 -0.003702 0.000000
vt 0.010472 -0.011107 0.000000
vt 0.010472 -0.007405 0.000000
vt 0.015708 -0.011107 0.000000
vt 0.015708 -0.007405 0.000000
vn 0.056209 0.056209 -0.996836
vn 0.114330 0.114330 -0.986842
vn 0.114330 0.114330 -0.986842
vn 0.202494 0.202494 -0.958119
vn 0.202494 0.202494 -0.958119
vn 0.287343 0.287343 -0.913711
vn 0.287343 0.287343 -0.913711
vn 0.367488 0.367488 -0.854345
vn 0.367488 0.367488 -0.854345
vn 0.441617 0.441617 -0.780992
vn 0.441617 0.441617 -0.780992
vn 0.508517 0.508517 -0.694854
vn 0.508517 0.508517 -0.694854
vn 0.567091 0.567091 -0.597340
vn 0.567091 0.567091 -0.597340
vn 0.616382 0.616382 -0.490047
vn 0.616382 0.616382 -0.490047
vn 0.655582 0.655582 -0.374732
vn 0.655582 0.655582 -0.374732
vn 0.684050 0.684050 -0.253283
vn 0.684050 0.684050 -0.253283
vn 0.701319 0.701319 -0.127687
vn 0.701319 0.701319 -0.127687
vn 0.707107 0.707107 0.000000
vn 0.707107 0.707107 0.000000
vn 0.701319 0.701319 0.127687
vn 0.701319 0.701319 0.127687
vn 0.684050 0.684050 0.253283
vn 0.000000 0.000000 -1.000000
vn 0.000000 0.000000 -1.000000
vn 0.056209 0.056209 -0.996836
vn -0.056209 -0.056209 -0.996836
vn -0.056209 -0.056209 -0.996836
vn -0.114330 -0.114330 -0.986842
vn -0.114330 -0.114330 -0.986842
vn -0.202494 -0.202494 -0.958119
vn -0.202494 -0.202494 -0.958119
vn -0.287343 -0.287343 -0.913711
vn -0.287343 -0.287343 -0.913711
vn -0.367488 -0.367488 -0.854345
vn -0.367488 -0.367488 -0.854345
vn -0.441617 -0.441617 -0.780992
vn -0.441617 -0.441617 -0.780992
vn -0.508517 -0.508517 -0.694854
vn -0.508517 -0.508517 -0.694854
vn -0.567091 -0.567091 -0.597340
vn -0.567091 -0.567091 -0.597340
vn -0.616382 -0.616382 -0.490047
vn -0.616382 -0.616382 -0.490047
vn -0.655582 -0.655582 -0.374732
vn -0.655582 -0.655582 -0.374732
vn -0.684050 -0.684050 -0.253283
vn -0.684050 -0.684050 -0.253283
vn -0.701319 -0.701319 -0.127687
vn -0.701319 -0.701319 -0.127687
vn -0.707107 -0.707107 0.000000
vn -0.707107 -0.707107 0.000000
vn -0.701319 -0.701319 0.127687
vn -0.701319 -0.701319 0.127687
vn -0.684050 -0.684050 0.253283
vn -0.684050 -0.684050 0.253283
vn -0.655582 -0.655582 0.374732
vn -0.655582 -0.655582 0.374732
vn -0.616382 -0.616382 0.490047
vn -0.616382 -0.616382 0.490047
vn -0.567091 -0.567091 0.597340
vn -0.567091 -0.567091 0.597340
vn -0.508517 -0.508517 0.694854
vn -0.508517 -0.508517 0.694854
vn -0.441617 -0.441617 0.780992
vn -0.441617 -0.441617 0.780992
vn -0.367488 -0.367488 0.854345
vn -0.367488 -0.367488 0.854345
vn -0.287343 -0.287343 0.913711
vn -0.287343 -0.287343 0.913711
vn -0.202494 -0.202494 0.958119
vn -0.202494 -0.202494 0.958119
vn -0.114330 -0.114330 0.986842
vn -0.114330 -0.114330 0.986842
vn -0.056209 -0.056209 0.996836
vn -0.056209 -0.056209 0.996836
vn -0.000000 0.000000 1.000000
vn -0.000000 0.000000 1.000000
vn 0.056209 0.056209 0.996836
vn 0.056209 0.056209 0.996836
vn 0.114330 0.114330 0.986842
vn 0.114330 0.114330 0.986842
vn 0.202494 0.202494 0.958119
vn 0.202494 0.202494 0.958119
vn 0.287343 0.287343 0.913711
vn 0.287343 0.287343 0.913711
vn 0.367488 0.367488 0.854345
vn 0.367488 0.367488 0.854345
vn 0.441617 0.441617 0.780992
vn 0.441617 0.441617 0.780992
vn 0.508517 0.508517 0.694854
vn 0.508517 0.508517 0.694854
vn 0.567091 0.567091 0.597340
vn 0.567091 0.567091 0.597340
vn 0.616382 0.616382 0.490047
vn 0.616382 0.616382 0.490047
vn 0.655582 0.655582 0.374732
vn 0.655582 0.655582 0.374732
vn 0.684050 0.684050 0.253283
vn -0.707107 0.707107 -0.000000
vn -0.707107 0.707107 -0.000000
vn -0.707107 0.707107 -0.000000
vn -0.707107 0.707107 -0.000000
vn -0.707107 0.707107 -0.000000
vn -0.707107 0.707107 -0.000000
vn -0.707107 0.707107 -0.000000
vn -0.707107 0.707107 -0.000000
vn -0.707107 0.707107 -0.000000
vn -0.707107 0.707107 -0.000000
vn -0.707107 0.707107 -0.000000
vn -0.707107 0.707107 -0.000000
vn -0.707107 0.707107 -0.000000
vn -0.707107 0.707107 -0.000000
vn -0.707107 0.707107 -0.000000
vn -0.707107 0.707107 -0.000000
vn -0.707107 0.707107 -0.000000
vn -0.707107 0.707107 -0.000000
vn -0.707107 0.707107 -0.000000
vn -0.707107 0.707107 -0.000000
vn -0.707107 0.707107 -0.000000
vn -0.707107 0.707107 -0.000000
vn -0.707107 0.707107 -0.000000
vn -0.707107 0.707107 -0.000000
vn -0.707107 0.707107 -0.000000
vn -0.707107 0.707107 -0.000000
vn -0.707107 0.707107 -0.000000
vn -0.707107 0.707107 -0.000000
vn -0.707107 0.707107 -0.000000
vn 0.707107 -0.707107 0.000000
vn 0.707107 -0.707107 0.000000
vn 0.707107 -0.707107 0.000000
vn 0.707107 -0.707107 0.000000
vn 0.707107 -0.707107 0.000000
vn 0.707107 -0.707107 0.000000
vn 0.707107 -0.707107 0.000000
vn 0.707107 -0.707107 0.000000
vn 0.707107 -0.707107 0.000000
vn 0.707107 -0.707107 0.000000
vn 0.707107 -0.707107 0.000000
vn 0.707107 -0.707107 0.000000
vn 0.707107 -0.707107 0.000000
vn 0.707107 -0.707107 0.000000
vn 0.707107 -0.707107 0.000000
vn 0.707107 -0.707107 0.000000
vn 0.707107 -0.707107 0.000000
vn 0.707107 -0.707107 0.000000
vn 0.707107 -0.707107 0.000000
vn 0.707107 -0.707107 0.000000
vn 0.707107 -0.707107 0.000000
vn 0.707107 -0.707107 0.000000
vn 0.707107 -0.707107 0.000000
vn 0.707107 -0.707107 0.000000
vn 0.707107 -0.707107 0.000000
vn 0.707107 -0.707107 0.000000
vn 0.707107 -0.707107 0.000000
vn 0.707107 -0.707107 0.000000
vn 0.707107 -0.707107 0.000000
vn 0.000000 -0.000000 1.000000
vn 0.279398 -0.414653 0.866025
vn 0.000000 0.000000 1.000000
vn 0.279398 -0.414653 0.866025
vn 0.279398 -0.414653 0.866025
vn 0.483931 -0.718199 0.500000
vn 0.483931 -0.718199 0.500000
vn 0.558796 -0.829305 -0.000000
vn 0.483931 -0.718199 0.500000
vn 0.483931 -0.718199 0.500000
vn 0.279398 -0.414653 0.866025
vn 0.279398 -0.414653 0.866025
vn 0.279398 -0.414653 0.866025
vn 0.279398 -0.414653 0.866025
vn 0.279398 -0.414653 0.866025
vn 0.279398 -0.414653 0.866025
vn 0.483931 -0.718199 0.500000
vn 0.483931 -0.718199 0.500000
vn 0.558796 -0.829305 -0.000000
vn 0.483931 -0.718199 0.500000
vn 0.483931 -0.718199 0.500000
vn 0.483931 -0.718199 0.500000
vn 0.483931 -0.718199 0.500000
vn 0.483931 -0.718199 0.500000
vn 0.279398 -0.414653 0.866025
vn 0.279398 -0.414653 0.866025
vn 0.558796 -0.829305 0.000000
vn 0.558796 -0.829305 0.000000
vn 0.558796 -0.829305 0.000000
vn 0.558796 -0.829305 -0.000000
vn 0.483931 -0.718199 -0.500000
vn 0.483931 -0.718199 -0.500000
vn 0.483931 -0.718199 -0.500000
vn 0.279398 -0.414653 -0.866025
vn 0.279398 -0.414653 -0.866025
vn -0.000000 -0.000000 -1.000000
vn 0.279398 -0.414653 -0.866025
vn 0.279398 -0.414653 -0.866025
vn 0.483931 -0.718199 -0.500000
vn 0.483931 -0.718199 -0.500000
vn 0.483931 -0.718199 -0.500000
vn 0.483931 -0.718199 -0.500000
vn 0.483931 -0.718199 -0.500000
vn 0.483931 -0.718199 -0.500000
vn 0.279398 -0.414653 -0.866025
vn 0.279398 -0.414653 -0.866025
vn 0.000000 -0.000000 -1.000000
vn 0.279398 -0.414653 -0.866025
vn 0.279398 -0.414653 -0.866025
vn 0.279398 -0.414653 -0.866025
vn 0.279398 -0.414653 -0.866025
vn 0.279398 -0.414653 -0.866025
vn 0.483931 -0.718199 -0.500000
vn 0.483931 -0.718199 -0.500000
vn 0.000000 -0.000000 -1.000000
vn 0.000000 -0.000000 -1.000000
vn 0.000000 -0.000000 -1.000000
vn 0.000000 -0.000000 -1.000000
vn -0.279398 0.414653 -0.866025
vn -0.279398 0.414653 -0.866025
vn -0.279398 0.414653 -0.866025
vn -0.483931 0.718199 -0.500000
vn -0.483931 0.718199 -0.500000
vn -0.558796 0.829305 -0.000000
vn -0.483931 0.718199 -0.500000
vn -0.483931 0.718199 -0.500000
vn -0.279398 0.414653 -0.866025
vn -0.279398 0.414653 -0.866025
vn -0.279398 0.414653 -0.866025
vn -0.279398 0.414653 -0.866025
vn -0.279398 0.414653 -0.866025
vn -0.279398 0.414653 -0.866025
vn -0.483931 0.718199 -0.500000
vn -0.483931 0.718199 -0.500000
vn -0.558796 0.829305 -0.000000
vn -0.483931 0.718199 -0.500000
vn -0.483931 0.718199 -0.500000
vn -0.483931 0.718199 -0.500000
vn -0.483931 0.718199 -0.500000
vn -0.483931 0.718199 -0.500000
vn -0.279398 0.414653 -0.866025
vn -0.279398 0.414653 -0.866025
vn -0.558796 0.829305 -0.000000
vn -0.558796 0.829305 -0.000000
vn -0.558796 0.829305 -0.000000
vn -0.558796 0.829305 -0.000000
vn -0.483931 0.718199 0.500000
vn -0.483931 0.718199 0.500000
vn -0.483931 0.718199 0.500000
vn -0.279398 0.414653 0.866025
vn -0.279398 0.414653 0.866025
vn 0.000000 0.000000 1.000000
vn -0.279398 0.414653 0.866025
vn -0.279398 0.414653 0.866025
vn -0.483931 0.718199 0.500000
vn -0.483931 0.718199 0.500000
vn -0.483931 0.718199 0.500000
vn -0.483931 0.718199 0.500000
vn -0.483931 0.718199 0.500000
vn -0.483931 0.718199 0.500000
vn -0.279398 0.414653 0.866025
vn -0.279398 0.414653 0.866025
vn 0.000000 -0.000000 1.000000
vn -0.279398 0.414653 0.866025
vn -0.279398 0.414653 0.866025
vn -0.279398 0.414653 0.866025
vn -0.279398 0.414653 0.866025
vn -0.279398 0.414653 0.866025
vn -0.483931 0.718199 0.500000
vn -0.483931 0.718199 0.500000
vn -0.000000 0.000000 1.000000
vn -0.000000 0.000000 1.000000
vn -0.000000 0.000000 1.000000
vn 0.279398 -0.414653 0.866025
vn 0.000000 -0.000000 1.000000
vn 0.037470 -0.498594 0.866025
vn 0.000000 0.000000 1.000000
vn -0.214286 -0.451754 0.866025
vn 0.000000 0.000000 1.000000
vn -0.409834 -0.286419 0.866025
vn -0.371153 -0.782461 0.500000
vn -0.709854 -0.496092 0.500000
vn -0.428571 -0.903508 0.000015
vn 0.483931 -0.718199 0.500000
vn 0.064901 -0.863590 0.500000
vn 0.558796 -0.829305 0.000015
vn 0.074941 -0.997188 0.000015
vn 0.000000 0.000000 -1.000000
vn -0.409834 -0.286419 -0.866025
vn 0.000000 0.000000 -1.000000
vn -0.214286 -0.451754 -0.866025
vn 0.000000 -0.000000 -1.000000
vn 0.037470 -0.498594 -0.866025
vn -0.000000 0.000000 -1.000000
vn 0.279398 -0.414653 -0.866025
vn 0.064901 -0.863590 -0.500000
vn 0.483931 -0.718199 -0.500000
vn 0.074941 -0.997188 -0.000015
vn -0.709854 -0.496092 -0.500000
vn -0.371153 -0.782461 -0.500000
vn -0.819669 -0.572838 -0.000015
vn -0.428571 -0.903508 -0.000015
vn 0.000000 -0.000000 -1.000000
vn 0.000000 -0.000000 -1.000000
vn 0.000000 -0.000000 -1.000000
vn 0.000000 -0.000000 -1.000000
vn 0.000000 -0.000000 -1.000000
vn 0.000000 -0.000000 -1.000000
vn 0.000000 -0.000000 -1.000000
vn 0.000000 -0.000000 -1.000000
vn 0.409834 0.286419 -0.866025
vn -0.000000 -0.000000 -1.000000
vn 0.322824 0.381818 -0.866025
vn 0.000000 0.000000 -1.000000
vn 0.214286 0.451754 -0.866025
vn 0.091457 0.491564 -0.866025
vn -0.000000 -0.000000 -1.000000
vn -0.037470 0.498594 -0.866025
vn 0.000000 -0.000000 -1.000000
vn -0.163899 0.472374 -0.866025
vn -0.000000 0.000000 -1.000000
vn -0.279398 0.414653 -0.866025
vn 0.000000 -0.000000 -1.000000
vn -0.483931 0.718199 -0.500000
vn -0.283882 0.818176 -0.500000
vn -0.064901 0.863590 -0.500000
vn 0.158408 0.851415 -0.500000
vn 0.371153 0.782461 -0.500000
vn 0.559148 0.661327 -0.500000
vn 0.709854 0.496092 -0.500000
vn 0.673450 0.739233 0.000000
vn 0.819669 0.572838 0.000000
vn -0.362516 0.931977 0.000000
vn -0.148449 0.988920 0.000000
vn 0.072902 0.997339 0.000000
vn 0.290676 0.956822 0.000000
vn 0.494187 0.869356 0.000000
vn 0.645648 0.763635 -0.000000
vn 0.673450 0.739233 -0.000000
vn 0.819669 0.572838 -0.000000
vn 0.428571 0.903508 -0.000000
vn 0.494187 0.869356 -0.000000
vn 0.290676 0.956822 -0.000000
vn 0.182914 0.983129 -0.000000
vn 0.072902 0.997339 -0.000000
vn -0.074941 0.997188 -0.000000
vn -0.148449 0.988920 -0.000000
vn -0.327798 0.944748 -0.000000
vn -0.362516 0.931977 -0.000000
vn 0.709854 0.496092 0.500000
vn 0.559148 0.661327 0.500000
vn 0.322824 0.381818 0.866025
vn 0.214286 0.451754 0.866025
vn -0.000000 -0.000000 1.000000
vn -0.000000 -0.000000 1.000000
vn 0.091457 0.491564 0.866025
vn 0.000000 -0.000000 1.000000
vn -0.037470 0.498594 0.866025
vn -0.000000 0.000000 1.000000
vn -0.163899 0.472374 0.866025
vn 0.000000 -0.000000 1.000000
vn -0.279398 0.414653 0.866025
vn -0.283882 0.818176 0.500000
vn -0.483931 0.718199 0.500000
vn 0.371153 0.782461 0.500000
vn 0.158408 0.851415 0.500000
vn -0.064901 0.863590 0.500000
vn 0.000000 0.000000 1.000000
vn 0.409834 0.286419 0.866025
vn -0.000000 -0.000000 1.000000
vn -0.000000 0.000000 1.000000
vn -0.000000 0.000000 1.000000
vn -0.000000 0.000000 1.000000
vn -0.000000 0.000000 1.000000
vn -0.000000 0.000000 1.000000
vn -0.000000 0.000000 1.000000
vn -0.000000 0.000000 1.000000
vn -0.000000 0.000000 1.000000
vn -0.409834 -0.286419 0.866025
vn -0.409834 -0.286419 0.866025
vn -0.000000 -0.000000 1.000000
vn -0.409834 -0.286419 0.866025
vn -0.409834 -0.286419 0.866025
vn -0.709854 -0.496092 0.500000
vn -0.709854 -0.496092 0.500000
vn -0.819669 -0.572838 0.000000
vn -0.709854 -0.496092 0.500000
vn -0.709854 -0.496092 0.500000
vn -0.709854 -0.496092 0.500000
vn -0.819669 -0.572838 0.000000
vn -0.709854 -0.496092 0.500000
vn -0.409834 -0.286419 0.866025
vn -0.409834 -0.286419 0.866025
vn 0.000000 0.000000 1.000000
vn -0.819669 -0.572838 0.000000
vn -0.819669 -0.572838 0.000000
vn -0.819669 -0.572838 0.000000
vn -0.819669 -0.572838 0.000000
vn -0.709854 -0.496092 -0.500000
vn -0.709854 -0.496092 -0.500000
vn -0.709854 -0.496092 -0.500000
vn -0.409834 -0.286419 -0.866025
vn -0.409834 -0.286419 -0.866025
vn 0.000000 0.000000 -1.000000
vn -0.409834 -0.286419 -0.866025
vn -0.409834 -0.286419 -0.866025
vn -0.709854 -0.496092 -0.500000
vn -0.709854 -0.496092 -0.500000
vn -0.709854 -0.496092 -0.500000
vn -0.409834 -0.286419 -0.866025
vn -0.409834 -0.286419 -0.866025
vn -0.000000 -0.000000 -1.000000
vn 0.000000 -0.000000 -1.000000
vn 0.000000 -0.000000 -1.000000
vn -0.000000 -0.000000 -1.000000
vn 0.409834 0.286419 -0.866025
vn 0.000000 0.000000 -1.000000
vn 0.409834 0.286419 -0.866025
vn 0.409834 0.286419 -0.866025
vn 0.709854 0.496092 -0.500000
vn 0.709854 0.496092 -0.500000
vn 0.819669 0.572838 -0.000000
vn 0.709854 0.496092 -0.500000
vn 0.709854 0.496092 -0.500000
vn 0.409834 0.286419 -0.866025
vn 0.409834 0.286419 -0.866025
vn 0.409834 0.286419 -0.866025
vn 0.709854 0.496092 -0.500000
vn 0.819669 0.572838 -0.000000
vn 0.709854 0.496092 0.500000
vn 0.709854 0.496092 0.500000
vn 0.709854 0.496092 0.500000
vn 0.409834 0.286419 0.866025
vn 0.409834 0.286419 0.866025
vn 0.000000 0.000000 1.000000
vn 0.409834 0.286419 0.866025
vn 0.409834 0.286419 0.866025
vn 0.709854 0.496092 0.500000
vn 0.709854 0.496092 0.500000
vn 0.709854 0.496092 0.500000
vn 0.409834 0.286419 0.866025
vn 0.409834 0.286419 0.866025
vn -0.000000 -0.000000 1.000000
vn -0.000000 0.000000 1.000000
vn -0.000000 0.000000 1.000000
vn 0.000000 0.000000 1.000000
vn -0.409834 -0.286419 0.866025
vn -0.000000 -0.000000 1.000000
vn -0.494764 -0.072169 0.866025
vn -0.000000 0.000000 1.000000
vn -0.474574 0.157415 0.866025
vn -0.000000 0.000000 1.000000
vn -0.353553 0.353553 0.866025
vn -0.821986 0.272651 0.500000
vn -0.612372 0.612372 0.500000
vn -0.949148 0.314830 0.000015
vn -0.709854 -0.496092 0.500000
vn -0.856957 -0.125000 0.500000
vn -0.819669 -0.572838 0.000015
vn -0.989529 -0.144337 0.000015
vn -0.000000 0.000000 -1.000000
vn -0.353553 0.353553 -0.866025
vn -0.000000 0.000000 -1.000000
vn -0.474574 0.157415 -0.866025
vn -0.000000 -0.000000 -1.000000
vn -0.494764 -0.072169 -0.866025
vn 0.000000 0.000000 -1.000000
vn -0.409834 -0.286419 -0.866025
vn -0.856957 -0.125000 -0.500000
vn -0.709854 -0.496092 -0.500000
vn -0.989529 -0.144337 -0.000015
vn -0.612372 0.612372 -0.500000
vn -0.821986 0.272651 -0.500000
vn -0.707107 0.707107 -0.000015
vn -0.949148 0.314830 -0.000015
vn 0.000000 -0.000000 -1.000000
vn 0.000000 -0.000000 -1.000000
vn 0.000000 -0.000000 -1.000000
vn 0.000000 -0.000000 -1.000000
vn 0.000000 -0.000000 -1.000000
vn 0.000000 -0.000000 -1.000000
vn 0.000000 -0.000000 -1.000000
vn 0.000000 -0.000000 -1.000000
vn 0.000000 -0.000000 -1.000000
vn 0.353553 -0.353553 -0.866025
vn -0.000000 0.000000 -1.000000
vn 0.425519 -0.262552 -0.866025
vn -0.000000 0.000000 -1.000000
vn 0.474574 -0.157415 -0.866025
vn -0.000000 0.000000 -1.000000
vn 0.498078 -0.043802 -0.866025
vn -0.000000 0.000000 -1.000000
vn 0.494764 0.072169 -0.866025
vn 0.000000 0.000000 -1.000000
vn 0.464812 0.184254 -0.866025
vn 0.000000 0.000000 -1.000000
vn 0.409834 0.286419 -0.866025
vn 0.000000 0.000000 -1.000000
vn 0.709854 0.496092 -0.500000
vn 0.805079 0.319137 -0.500000
vn 0.856957 0.125000 -0.500000
vn 0.862696 -0.075868 -0.500000
vn 0.821986 -0.272651 -0.500000
vn 0.737020 -0.454754 -0.500000
vn 0.612372 -0.612372 -0.500000
vn 0.851038 -0.525104 -0.000000
vn 0.929625 0.368508 0.000000
vn 0.989529 0.144337 0.000000
vn 0.996155 -0.087605 -0.000000
vn 0.949148 -0.314830 -0.000000
vn 0.851038 -0.525104 0.000000
vn 0.949148 -0.314830 0.000000
vn 0.996155 -0.087605 0.000000
vn 0.989529 0.144337 -0.000000
vn 0.929625 0.368508 -0.000000
vn 0.929625 0.368508 -0.000000
vn 0.989529 0.144337 -0.000000
vn 0.996155 -0.087605 0.000000
vn 0.949148 -0.314830 0.000000
vn 0.851038 -0.525104 0.000000
vn 0.612372 -0.612372 0.500000
vn 0.737020 -0.454754 0.500000
vn 0.821986 -0.272651 0.500000
vn 0.862696 -0.075868 0.500000
vn 0.856957 0.125000 0.500000
vn 0.805079 0.319137 0.500000
vn 0.709854 0.496092 0.500000
vn 0.409834 0.286419 0.866025
vn 0.464812 0.184254 0.866025
vn 0.494764 0.072169 0.866025
vn 0.498078 -0.043802 0.866025
vn 0.474574 -0.157415 0.866025
vn 0.425519 -0.262552 0.866025
vn 0.353553 -0.353553 0.866025
vn -0.000000 0.000000 1.000000
vn -0.000000 0.000000 1.000000
vn 0.000000 0.000000 1.000000
vn 0.000000 0.000000 1.000000
vn 0.000000 0.000000 1.000000
vn -0.000000 0.000000 1.000000
vn -0.000000 0.000000 1.000000
vn -0.000000 0.000000 1.000000
vn -0.000000 0.000000 1.000000
vn -0.000000 0.000000 1.000000
vn -0.000000 0.000000 1.000000
vn -0.000000 0.000000 1.000000
vn -0.000000 0.000000 1.000000
vn -0.000000 0.000000 1.000000
vn -0.000000 0.000000 1.000000
vn -0.000000 0.000000 1.000000
vn -0.707107 0.707107 0.000000
vn -0.707107 0.707107 0.000000
vn -0.612372 0.612372 0.500000
vn -0.536665 0.536665 0.651138
vn -0.353553 0.353553 0.866025
vn -0.318468 0.318468 0.892836
vn 0.000000 -0.000000 1.000000
vn -0.000000 0.000000 1.000000
vn -0.707107 0.707107 -0.000000
vn -0.707107 0.707107 -0.000000
vn -0.707107 0.707107 -0.000000
vn -0.707107 0.707107 -0.000000
vn -0.707107 0.707107 -0.000000
vn -0.707107 0.707107 -0.000000
vn -0.707107 0.707107 -0.000000
vn -0.707107 0.707107 -0.000000
vn -0.707107 0.707107 -0.000000
vn -0.707107 0.707107 -0.000000
vn -0.707107 0.707107 -0.000000
vn -0.707107 0.707107 -0.000000
vn -0.707107 0.707107 -0.000000
vn -0.707107 0.707107 -0.000000
vn -0.707107 0.707107 -0.000000
vn -0.707107 0.707107 -0.000000
vn -0.707107 0.707107 -0.000000
vn -0.707107 0.707107 -0.000000
vn -0.707107 0.707107 -0.000000
vn -0.707107 0.707107 -0.000000
vn -0.707107 0.707107 -0.000000
vn -0.707107 0.707107 -0.000000
vn -0.707107 0.707107 -0.000000
vn -0.707107 0.707107 -0.000000
vn -0.707107 0.707107 -0.000000
vn -0.000000 0.000000 -1.000000
vn -0.318468 0.318468 -0.892836
vn 0.000000 -0.000000 -1.000000
vn -0.353553 0.353553 -0.866025
vn -0.536665 0.536665 -0.651138
vn -0.612372 0.612372 -0.500000
vn -0.707107 0.707107 0.000000
vn -0.707107 0.707107 0.000000
vn 0.000000 -0.000000 -1.000000
vn 0.000000 -0.000000 -1.000000
vn 0.000000 -0.000000 -1.000000
vn 0.000000 -0.000000 -1.000000
vn 0.000000 -0.000000 -1.000000
vn 0.000000 -0.000000 -1.000000
vn 0.000000 -0.000000 -1.000000
vn 0.000000 -0.000000 -1.000000
vn 0.612372 -0.612372 -0.500000
vn 0.536665 -0.536665 -0.651138
vn 0.353553 -0.353553 -0.866025
vn 0.318468 -0.318468 -0.892836
vn -0.000000 0.000000 -1.000000
vn -0.000000 0.000000 -1.000000
vn 0.707107 -0.707107 0.000000
vn 0.707107 -0.707107 0.000000
vn 0.707107 -0.707107 0.000000
vn 0.707107 -0.707107 0.000000
vn 0.707107 -0.707107 0.000000
vn 0.707107 -0.707107 0.000000
vn 0.707107 -0.707107 0.000000
vn 0.707107 -0.707107 0.000000
vn 0.707107 -0.707107 0.000000
vn 0.707107 -0.707107 0.000000
vn 0.707107 -0.707107 0.000000
vn 0.707107 -0.707107 0.000000
vn 0.707107 -0.707107 0.000000
vn 0.707107 -0.707107 0.000000
vn 0.707107 -0.707107 0.000000
vn 0.707107 -0.707107 0.000000
vn 0.707107 -0.707107 0.000000
vn 0.707107 -0.707107 0.000000
vn 0.707107 -0.707107 0.000000
vn 0.707107 -0.707107 0.000000
vn 0.707107 -0.707107 0.000000
vn 0.707107 -0.707107 0.000000
vn 0.707107 -0.707107 0.000000
vn 0.707107 -0.707107 0.000000
vn 0.707107 -0.707107 0.000000
vn 0.000000 -0.000000 1.000000
vn 0.318468 -0.318468 0.892836
vn -0.000000 0.000000 1.000000
vn 0.353553 -0.353553 0.866025
vn 0.536665 -0.536665 0.651138
vn 0.612372 -0.612372 0.500000
vn -0.000000 0.000000 1.000000
vn -0.000000 0.000000 1.000000
vn -0.000000 0.000000 1.000000
vn -0.000000 0.000000 1.000000
vn -0.000000 0.000000 1.000000
vn -0.000000 0.000000 1.000000
vn -0.000000 0.000000 1.000000
vn -0.000000 0.000000 1.000000
vn -0.829305 -0.558796 0.000000
vn -0.829305 -0.558796 0.000000
vn -0.829305 -0.558796 0.000000
vn -0.829305 -0.558796 0.000000
vn -0.707107 -0.707107 0.000000
vn -0.707107 -0.707107 0.000000
vn -0.707107 -0.707107 0.000000
vn -0.707107 -0.707107 0.000000
vn -0.000000 0.000000 1.000000
vn -0.000000 0.000000 1.000000
vn -0.000000 0.000000 1.000000
vn -0.000000 0.000000 1.000000
vn 0.707107 0.707107 -0.000000
vn 0.707107 0.707107 -0.000000
vn 0.707107 0.707107 -0.000000
vn 0.707107 0.707107 -0.000000
vn 0.707107 0.707107 -0.000000
vn 0.707107 0.707107 -0.000000
vn 0.707107 0.707107 -0.000000
vn 0.707107 0.707107 -0.000000
vn 0.000000 -0.000000 -1.000000
vn 0.000000 -0.000000 -1.000000
vn 0.000000 -0.000000 -1.000000
vn 0.000000 -0.000000 -1.000000
vn -0.695308 0.695308 -0.181919
vn -0.612372 0.612372 -0.500000
vn -0.612372 0.612372 -0.500000
vn -0.353553 0.353553 -0.866025
vn -0.353553 0.353553 -0.866025
vn -0.353553 0.353553 -0.866025
vn -0.353553 0.353553 -0.866025
vn -0.612372 0.612372 -0.500000
vn -0.612372 0.612372 -0.500000
vn -0.707107 0.707107 -0.000000
vn -0.612372 0.612372 -0.500000
vn -0.353553 0.353553 -0.866025
vn -0.353553 0.353553 -0.866025
vn -0.612372 0.612372 -0.500000
vn -0.695308 0.695308 -0.181919
vn -0.684653 0.684653 -0.250000
vn 0.353553 0.353553 -0.866025
vn 0.353553 0.353553 -0.866025
vn 0.612372 0.612372 -0.500000
vn 0.612372 0.612372 -0.500000
vn 0.707107 0.707107 -0.000000
vn 0.707107 0.707107 -0.000000
vn -0.965926 -0.258819 0.000000
vn -0.918559 -0.306186 -0.250000
vn -0.965926 0.258819 0.000000
vn -0.883883 0.176777 -0.433013
vn -0.707107 0.707107 0.000000
vn -0.612372 0.612372 -0.500000
vn -0.659740 -0.047367 -0.750000
vn -0.353553 0.353553 -0.866025
vn -0.353553 -0.353553 -0.866025
vn -0.612372 -0.612372 -0.500000
vn -0.789149 -0.435596 -0.433013
vn -0.000000 0.000000 -1.000000
vn 0.353553 -0.353553 -0.866025
vn -0.000000 0.000000 -1.000000
vn 0.353553 -0.353553 -0.866025
vn 0.353553 -0.353553 -0.866025
vn 0.612372 -0.612372 -0.500000
vn 0.612372 -0.612372 -0.500000
vn 0.612372 -0.612372 -0.500000
vn 0.684653 -0.684653 -0.250000
vn 0.612372 -0.612372 -0.500000
vn 0.695308 -0.695308 -0.181919
vn 0.612372 -0.612372 -0.500000
vn 0.707107 -0.707107 0.000000
vn 0.612372 -0.612372 -0.500000
vn 0.353553 -0.353553 -0.866025
vn 0.353553 -0.353553 -0.866025
vn 0.353553 -0.353553 -0.866025
vn 0.695308 -0.695308 -0.181919
vn -0.612372 -0.612372 -0.500000
vn -0.612372 -0.612372 -0.500000
vn -0.353553 -0.353553 -0.866025
vn -0.965926 0.258819 -0.000000
vn -0.965926 0.258819 -0.000000
vn -0.707107 0.707107 -0.000000
vn -0.965926 0.258819 -0.000000
vn -0.707107 0.707107 -0.000000
vn -0.965926 0.258819 -0.000000
vn -0.965926 0.258819 -0.000000
vn -0.965926 -0.258819 0.000000
vn -0.965926 -0.258819 0.000000
vn -0.707107 -0.707107 0.000000
vn -0.965926 -0.258819 0.000000
vn -0.707107 -0.707107 0.000000
vn -0.965926 -0.258819 0.000000
vn -0.965926 -0.258819 0.000000
vn -0.612372 -0.612372 -0.500000
vn -0.435596 -0.789149 -0.433013
vn -0.047367 -0.659740 -0.750000
vn 0.353553 -0.353553 -0.866025
vn 0.176777 -0.883883 -0.433013
vn 0.612372 -0.612372 -0.500000
vn 0.258819 -0.965926 0.000000
vn 0.707107 -0.707107 0.000000
vn -0.258819 -0.965926 0.000000
vn -0.306186 -0.918559 -0.250000
vn -0.612372 -0.612372 0.500000
vn -0.789149 -0.435596 0.433013
vn -0.353553 -0.353553 0.866025
vn -0.659740 -0.047367 0.750000
vn -0.353553 0.353553 0.866025
vn -0.883883 0.176777 0.433013
vn -0.612372 0.612372 0.500000
vn -0.707107 0.707107 0.000000
vn -0.918559 -0.306186 0.250000
vn -0.353553 0.353553 0.866025
vn -0.353553 0.353553 0.866025
vn -0.353553 0.353553 0.866025
vn -0.612372 0.612372 0.500000
vn -0.612372 0.612372 0.500000
vn -0.707107 0.707107 -0.000000
vn -0.695308 0.695308 0.181919
vn -0.353553 0.353553 0.866025
vn -0.353553 0.353553 0.866025
vn -0.353553 0.353553 0.866025
vn -0.612372 0.612372 0.500000
vn -0.612372 0.612372 0.500000
vn -0.612372 0.612372 0.500000
vn -0.695308 0.695308 0.181919
vn -0.612372 0.612372 0.500000
vn -0.684653 0.684653 0.250000
vn -0.258819 -0.965926 0.000000
vn -0.258819 -0.965926 0.000000
vn -0.258819 -0.965926 0.000000
vn -0.258819 -0.965926 0.000000
vn 0.258819 -0.965926 0.000000
vn 0.258819 -0.965926 0.000000
vn 0.258819 -0.965926 0.000000
vn 0.258819 -0.965926 0.000000
vn 0.000000 0.000000 1.000000
vn 0.000000 0.000000 1.000000
vn -0.353553 -0.353553 0.866025
vn -0.612372 -0.612372 0.500000
vn -0.612372 -0.612372 0.500000
vn -0.707107 -0.707107 -0.000000
vn -0.707107 -0.707107 -0.000000
vn 0.707107 0.707107 -0.000000
vn 0.707107 0.707107 -0.000000
vn 0.612372 0.612372 0.500000
vn 0.612372 0.612372 0.500000
vn 0.353553 0.353553 0.866025
vn 0.353553 0.353553 0.866025
vn 0.000000 0.000000 1.000000
vn 0.000000 0.000000 1.000000
vn -0.129410 -0.482963 0.866025
vn -0.612372 -0.612372 0.500000
vn -0.224144 -0.836516 0.500000
vn 0.224144 -0.836516 0.500000
vn 0.612372 -0.612372 0.500000
vn 0.353553 -0.353553 0.866025
vn 0.129410 -0.482963 0.866025
vn 0.707107 -0.707107 0.000000
vn 0.695308 -0.695308 0.181919
vn 0.612372 -0.612372 0.500000
vn 0.612372 -0.612372 0.500000
vn 0.353553 -0.353553 0.866025
vn 0.353553 -0.353553 0.866025
vn 0.353553 -0.353553 0.866025
vn 0.612372 -0.612372 0.500000
vn 0.612372 -0.612372 0.500000
vn 0.695308 -0.695308 0.181919
vn 0.612372 -0.612372 0.500000
vn 0.353553 -0.353553 0.866025
vn -0.000000 0.000000 1.000000
vn 0.353553 -0.353553 0.866025
vn 0.612372 -0.612372 0.500000
vn 0.684653 -0.684653 0.250000
vn -0.980020 -0.198899 0.000000
vn -0.997597 -0.069279 -0.000000
vn -0.997597 -0.069279 -0.000000
vn -0.980020 -0.198899 0.000000
vn -0.981536 0.191279 -0.000000
vn -0.898584 0.438801 -0.000000
vn -0.833621 0.552336 -0.000000
vn -0.558796 0.829305 -0.000000
vn -0.898584 0.438801 -0.000000
vn -0.833621 0.552336 -0.000000
vn -0.981536 0.191279 -0.000000
vn -0.829305 -0.558796 0.000000
vn -0.981536 0.191279 -0.000000
vn -0.977332 0.040834 -0.207737
vn -0.980559 -0.196133 0.006060
vn -0.953381 -0.285860 -0.096690
vn -0.829312 -0.558786 -0.000003
vn -0.938067 0.228037 -0.260826
vn -0.832951 0.553310 0.006297
vn -0.789508 0.515875 -0.332492
vn -0.558796 0.829305 -0.000000
vn -0.484544 0.717786 -0.500000
vn -0.691066 0.317389 -0.649378
vn -0.280011 0.414240 -0.866025
vn -0.600658 0.196702 -0.774931
vn -0.489714 0.070953 -0.868991
vn -0.685226 -0.147203 -0.713300
vn -0.574653 -0.233226 -0.784462
vn -0.682323 -0.335087 -0.649732
vn -0.586407 -0.395128 -0.707107
vn -0.761880 -0.520672 -0.385278
vn -0.366010 -0.052556 -0.929126
vn -0.000000 -0.000000 -1.000000
vn -0.312930 -0.218449 -0.924313
vn -0.803709 -0.487110 -0.341723
vn -0.829305 -0.558796 -0.000016
vn -0.829306 -0.558795 -0.000014
vn -0.842186 -0.450883 -0.295680
vn -0.829307 -0.558793 -0.000012
vn -0.876676 -0.412355 -0.247796
vn -0.829308 -0.558791 -0.000010
vn -0.906861 -0.371799 -0.198415
vn -0.829310 -0.558789 -0.000008
vn -0.857166 0.041465 -0.513368
vn -0.781040 -0.054530 -0.622095
vn -0.905247 -0.117666 -0.408267
vn -0.844459 -0.194829 -0.498930
vn -0.769317 -0.267880 -0.579993
vn -0.312930 -0.218449 0.924313
vn -0.000000 -0.000000 1.000000
vn -0.489714 0.070953 0.868991
vn -0.280011 0.414240 0.866025
vn -0.691066 0.317389 0.649378
vn -0.484544 0.717786 0.500000
vn -0.754975 0.425723 0.498771
vn -0.789508 0.515875 0.332492
vn -0.938067 0.228037 0.260826
vn -0.941649 0.311431 0.127698
vn -0.987617 0.117997 0.103390
vn -0.981536 0.191279 -0.000000
vn -0.980559 -0.196133 -0.006060
vn -0.795269 0.584505 0.160940
vn -0.558796 0.829305 -0.000000
vn -0.832951 0.553310 -0.006297
vn -0.969435 -0.241158 0.045146
vn -0.829314 -0.558782 -0.000001
vn -0.586407 -0.395128 0.707107
vn -0.769317 -0.267880 0.579993
vn -0.761880 -0.520672 0.385278
vn -0.842186 -0.450883 0.295680
vn -0.829307 -0.558793 0.000012
vn -0.685226 -0.147203 0.713300
vn -0.829313 -0.558784 0.000002
vn -0.953381 -0.285860 0.096690
vn -0.829312 -0.558786 0.000004
vn -0.932489 -0.329523 0.147915
vn -0.829311 -0.558788 0.000006
vn -0.906861 -0.371799 0.198415
vn -0.829310 -0.558790 0.000008
vn -0.857166 0.041465 0.513368
vn -0.910052 0.136936 0.391220
vn -0.905247 -0.117666 0.408267
vn -0.949860 -0.038404 0.310307
vn -0.977332 0.040834 0.207737
vn -0.766178 -0.516260 -0.382683
vn -0.766178 -0.516260 -0.382683
vn -0.586407 -0.395128 -0.707107
vn -0.586407 -0.395128 -0.707107
vn -0.317361 -0.213842 -0.923880
vn -0.317361 -0.213842 -0.923880
vn 0.000000 0.000000 -1.000000
vn 0.000000 0.000000 1.000000
vn -0.317361 -0.213842 0.923880
vn -0.317361 -0.213842 0.923880
vn -0.586407 -0.395128 0.707107
vn -0.586407 -0.395128 0.707107
vn -0.766178 -0.516260 0.382683
vn -0.766178 -0.516260 0.382683
vn -0.586407 -0.395128 -0.707107
vn -0.537152 -0.612435 -0.579993
vn -0.768653 -0.510620 -0.385278
vn -0.734126 -0.611255 -0.295680
vn -0.829303 -0.558799 -0.000012
vn -0.393729 -0.579811 -0.713300
vn -0.319968 -0.208005 -0.924313
vn -0.118124 -0.480522 -0.868991
vn -0.000000 -0.000000 -1.000000
vn 0.278785 -0.415065 -0.866025
vn 0.034673 -0.759675 -0.649378
vn 0.483318 -0.718612 -0.500000
vn 0.111082 -0.859586 -0.498771
vn 0.181670 -0.925443 -0.332492
vn -0.140889 -0.955050 -0.260826
vn -0.064942 -0.989685 -0.127698
vn -0.261482 -0.959655 -0.103390
vn -0.191279 -0.981536 -0.000000
vn -0.549975 -0.835159 0.006060
vn 0.243114 -0.956553 -0.160940
vn 0.558796 -0.829305 -0.000000
vn 0.200053 -0.979765 0.006297
vn -0.587528 -0.807943 -0.045146
vn -0.829296 -0.558809 0.000001
vn -0.829297 -0.558808 -0.000002
vn -0.622931 -0.776278 -0.096690
vn -0.829299 -0.558806 -0.000004
vn -0.655555 -0.740520 -0.147915
vn -0.829300 -0.558804 -0.000006
vn -0.685114 -0.700893 -0.198415
vn -0.829301 -0.558802 -0.000008
vn -0.283430 -0.810013 -0.513368
vn -0.214804 -0.894878 -0.391220
vn -0.448971 -0.794823 -0.408267
vn -0.392261 -0.865934 -0.310307
vn -0.329137 -0.921148 -0.207737
vn 0.200053 -0.979765 -0.006297
vn 0.558796 -0.829305 -0.000000
vn 0.181670 -0.925443 0.332492
vn 0.483318 -0.718612 0.500000
vn 0.034673 -0.759675 0.649378
vn 0.278785 -0.415065 0.866025
vn -0.043235 -0.630565 0.774931
vn -0.118124 -0.480522 0.868991
vn -0.393729 -0.579811 0.713300
vn -0.431938 -0.445027 0.784462
vn -0.566775 -0.506571 0.649732
vn -0.586407 -0.395128 0.707107
vn -0.768653 -0.510620 0.385278
vn -0.186145 -0.319493 0.929126
vn -0.000000 0.000000 1.000000
vn -0.319968 -0.208005 0.924313
vn -0.753254 -0.561991 0.341723
vn -0.829306 -0.558795 0.000016
vn -0.191279 -0.981536 0.000000
vn -0.329137 -0.921148 0.207737
vn -0.549975 -0.835159 -0.006060
vn -0.622931 -0.776278 0.096690
vn -0.829299 -0.558806 0.000004
vn -0.140889 -0.955050 0.260826
vn -0.829304 -0.558797 0.000014
vn -0.734126 -0.611255 0.295680
vn -0.829303 -0.558799 0.000012
vn -0.711368 -0.657688 0.247796
vn -0.829302 -0.558801 0.000010
vn -0.685114 -0.700893 0.198415
vn -0.829301 -0.558802 0.000008
vn -0.283430 -0.810013 0.513368
vn -0.343816 -0.703412 0.622095
vn -0.448971 -0.794823 0.408267
vn -0.497662 -0.709508 0.498930
vn -0.537152 -0.612435 0.579993
vn -0.552336 -0.833621 0.000000
vn -0.438801 -0.898584 0.000000
vn -0.829305 -0.558796 0.000000
vn -0.438801 -0.898584 0.000000
vn -0.552336 -0.833621 0.000000
vn -0.191279 -0.981536 0.000000
vn 0.069279 -0.997597 0.000000
vn 0.198899 -0.980020 0.000000
vn 0.069279 -0.997597 0.000000
vn 0.198899 -0.980020 0.000000
vn -0.191279 -0.981536 0.000000
vn 0.558796 -0.829305 0.000000
vn -0.829305 -0.558796 0.000000
vn -0.025950 0.999663 -0.000000
vn 0.258819 0.965926 -0.000000
vn 0.258819 0.965926 -0.000000
vn 0.422618 0.906308 -0.000000
vn 0.573576 0.819152 -0.000000
vn -0.258819 0.965926 -0.000000
vn -0.285347 0.958424 -0.000000
vn 0.612372 0.612372 -0.500000
vn 0.435596 0.789149 -0.433013
vn 0.353553 0.353553 -0.866025
vn 0.047367 0.659740 -0.750000
vn -0.176777 0.883883 -0.433013
vn -0.612372 0.612372 -0.500000
vn 0.306186 0.918559 -0.250000
vn 0.906308 0.422618 -0.000000
vn 0.965926 0.258819 -0.000000
vn 0.965926 0.258819 -0.000000
vn 0.999663 -0.025950 0.000000
vn 0.965926 -0.258819 0.000000
vn 0.958424 -0.285347 0.000000
vn 0.707107 -0.707107 0.000000
vn 0.707107 -0.707107 0.000000
vn 0.819152 0.573576 -0.000000
vn 0.965926 -0.258819 0.000000
vn 0.883883 -0.176777 -0.433013
vn 0.612372 -0.612372 -0.500000
vn 0.659740 0.047367 -0.750000
vn 0.353553 -0.353553 -0.866025
vn 0.612372 0.612372 -0.500000
vn 0.789149 0.435596 -0.433013
vn 0.918559 0.306186 -0.250000
vn 0.965926 0.258819 0.000000
vn 0.422618 0.906308 -0.000000
vn 0.258819 0.965926 -0.000000
vn 0.258819 0.965926 -0.000000
vn -0.025950 0.999663 -0.000000
vn -0.258819 0.965926 -0.000000
vn -0.285347 0.958424 -0.000000
vn 0.573576 0.819152 -0.000000
vn 0.306186 0.918559 0.250000
vn -0.176777 0.883883 0.433013
vn -0.612372 0.612372 0.500000
vn 0.047367 0.659740 0.750000
vn 0.353553 0.353553 0.866025
vn 0.612372 0.612372 0.500000
vn 0.435596 0.789149 0.433013
vn 0.999663 -0.025950 0.000000
vn 0.965926 0.258819 -0.000000
vn 0.965926 0.258819 -0.000000
vn 0.906308 0.422618 -0.000000
vn 0.819152 0.573576 -0.000000
vn 0.965926 -0.258819 0.000000
vn 0.958424 -0.285347 0.000000
vn 0.707107 -0.707107 0.000000
vn 0.707107 -0.707107 0.000000
vn 0.612372 -0.612372 0.500000
vn 0.883883 -0.176777 0.433013
vn 0.353553 -0.353553 0.866025
vn 0.659740 0.047367 0.750000
vn 0.353553 0.353553 0.866025
vn 0.789149 0.435596 0.433013
vn 0.612372 0.612372 0.500000
vn 0.918559 0.306186 0.250000
usemtl Opaque(202,209,238)
f 2/1/1 57/2/2 1/3/3
f 1/3/3 57/2/2 58/4/4
f 1/3/3 58/4/4 52/5/5
f 52/5/5 58/4/4 59/6/6
f 52/5/5 59/6/6 51/7/7
f 51/7/7 59/6/6 60/8/8
f 51/7/7 60/8/8 50/9/9
f 50/9/9 60/8/8 61/10/10
f 50/9/9 61/10/10 49/11/11
f 49/11/11 61/10/10 62/12/12
f 49/11/11 62/12/12 48/13/13
f 48/13/13 62/12/12 63/14/14
f 48/13/13 63/14/14 47/15/15
f 47/15/15 63/14/14 64/16/16
f 47/15/15 64/16/16 46/17/17
f 46/17/17 64/16/16 65/18/18
f 46/17/17 65/18/18 45/19/19
f 45/19/19 65/18/18 66/20/20
f 45/19/19 66/20/20 44/21/21
f 44/21/21 66/20/20 67/22/22
f 44/21/21 67/22/22 43/23/23
f 43/23/23 67/22/22 42/24/24
f 42/24/24 67/22/22 68/25/25
f 42/24/24 68/25/25 41/26/26
f 41/26/26 68/25/25 69/27/27
f 41/26/26 69/27/27 70/28/28
f 3/29/29 55/30/30 2/1/1
f 2/1/1 55/30/30 56/31/31
f 2/1/1 56/31/31 57/2/2
f 55/30/30 3/29/29 54/32/32
f 54/32/32 3/29/29 4/33/33
f 54/32/32 4/33/33 5/34/34
f 54/32/32 5/34/34 53/35/35
f 53/35/35 5/34/34 6/36/36
f 53/35/35 6/36/36 104/37/37
f 104/37/37 6/36/36 7/38/38
f 104/37/37 7/38/38 103/39/39
f 103/39/39 7/38/38 8/40/40
f 103/39/39 8/40/40 102/41/41
f 102/41/41 8/40/40 9/42/42
f 102/41/41 9/42/42 101/43/43
f 101/43/43 9/42/42 10/44/44
f 101/43/43 10/44/44 100/45/45
f 100/45/45 10/44/44 11/46/46
f 100/45/45 11/46/46 99/47/47
f 99/47/47 11/46/46 12/48/48
f 99/47/47 12/48/48 98/49/49
f 98/49/49 12/48/48 13/50/50
f 98/49/49 13/50/50 97/51/51
f 97/51/51 13/50/50 14/52/52
f 97/51/51 14/52/52 96/53/53
f 96/53/53 14/52/52 15/54/54
f 96/53/53 15/54/54 95/55/55
f 95/55/55 15/54/54 94/56/56
f 94/56/56 15/54/54 16/57/57
f 94/56/56 16/57/57 93/58/58
f 93/58/58 16/57/57 17/59/59
f 93/58/58 17/59/59 18/60/60
f 93/58/58 18/60/60 92/61/61
f 92/61/61 18/60/60 19/62/62
f 92/61/61 19/62/62 91/63/63
f 91/63/63 19/62/62 20/64/64
f 91/63/63 20/64/64 90/65/65
f 90/65/65 20/64/64 21/66/66
f 90/65/65 21/66/66 89/67/67
f 89/67/67 21/66/66 22/68/68
f 89/67/67 22/68/68 88/69/69
f 88/69/69 22/68/68 23/70/70
f 88/69/69 23/70/70 87/71/71
f 87/71/71 23/70/70 24/72/72
f 87/71/71 24/72/72 86/73/73
f 86/73/73 24/72/72 25/74/74
f 86/73/73 25/74/74 85/75/75
f 85/75/75 25/74/74 26/76/76
f 85/75/75 26/76/76 84/77/77
f 84/77/77 26/76/76 27/78/78
f 84/77/77 27/78/78 83/79/79
f 83/79/79 27/78/78 28/80/80
f 83/79/79 28/80/80 82/81/81
f 82/81/81 28/80/80 81/82/82
f 81/82/82 28/80/80 29/83/83
f 81/84/82 29/85/83 80/86/84
f 80/86/84 29/85/83 30/87/85
f 80/86/84 30/87/85 31/88/86
f 80/86/84 31/88/86 79/89/87
f 79/89/87 31/88/86 32/90/88
f 79/89/87 32/90/88 78/91/89
f 78/91/89 32/90/88 33/92/90
f 78/91/89 33/92/90 77/93/91
f 77/93/91 33/92/90 34/94/92
f 77/93/91 34/94/92 76/95/93
f 76/95/93 34/94/92 35/96/94
f 76/95/93 35/96/94 75/97/95
f 75/97/95 35/96/94 36/98/96
f 75/97/95 36/98/96 74/99/97
f 74/99/97 36/98/96 37/100/98
f 74/99/97 37/100/98 73/101/99
f 73/101/99 37/100/98 38/102/100
f 73/101/99 38/102/100 72/103/101
f 72/103/101 38/102/100 39/104/102
f 72/103/101 39/104/102 71/105/103
f 71/105/103 39/104/102 40/106/104
f 71/105/103 40/106/104 70/28/28
f 70/28/28 40/106/104 41/26/26
f 106/107/105 17/108/106 105/109/107
f 105/109/107 17/108/106 16/110/108
f 105/109/107 16/110/108 110/111/109
f 110/111/109 16/110/108 15/112/110
f 110/111/109 15/112/110 109/113/111
f 109/113/111 15/112/110 14/114/112
f 109/113/111 14/114/112 13/115/113
f 107/116/114 21/117/115 106/107/105
f 106/107/105 21/117/115 20/118/116
f 106/107/105 20/118/116 19/119/117
f 27/120/118 26/121/119 107/116/114
f 107/116/114 26/121/119 25/122/120
f 107/116/114 25/122/120 24/123/121
f 24/123/121 23/124/122 107/116/114
f 107/116/114 23/124/122 22/125/123
f 107/116/114 22/125/123 21/117/115
f 19/119/117 18/126/124 106/107/105
f 106/107/105 18/126/124 17/108/106
f 13/115/113 12/127/125 109/113/111
f 109/113/111 12/127/125 11/128/126
f 109/113/111 11/128/126 108/129/127
f 108/129/127 11/128/126 10/130/128
f 108/129/127 10/130/128 9/131/129
f 9/131/129 8/132/130 108/129/127
f 108/129/127 8/132/130 7/133/131
f 108/129/127 7/133/131 6/134/132
f 6/134/132 5/135/133 108/129/127
f 83/136/134 111/137/135 84/138/136
f 84/138/136 111/137/135 85/139/137
f 85/139/137 111/137/135 86/140/138
f 86/140/138 111/137/135 87/141/139
f 87/141/139 111/137/135 88/142/140
f 88/142/140 111/137/135 89/143/141
f 89/143/141 111/137/135 112/144/142
f 89/143/141 112/144/142 90/145/143
f 90/145/143 112/144/142 91/146/144
f 91/146/144 112/144/142 92/147/145
f 92/147/145 112/144/142 93/148/146
f 93/148/146 112/144/142 113/149/147
f 93/148/146 113/149/147 94/150/148
f 94/150/148 113/149/147 114/151/149
f 94/150/148 114/151/149 95/152/150
f 95/152/150 114/151/149 115/153/151
f 95/152/150 115/153/151 96/154/152
f 96/154/152 115/153/151 97/155/153
f 97/155/153 115/153/151 98/156/154
f 98/156/154 115/153/151 99/157/155
f 99/157/155 115/153/151 116/158/156
f 99/157/155 116/158/156 100/159/157
f 100/159/157 116/158/156 101/160/158
f 101/160/158 116/158/156 102/161/159
f 102/161/159 116/158/156 103/162/160
f 103/162/160 116/158/156 104/163/161
f 104/163/161 116/158/156 53/164/162
f 118/165/163 129/166/164 117/167/165
f 117/167/165 129/166/164 130/168/166
f 117/167/165 130/168/166 131/169/167
f 131/169/167 130/168/166 140/170/168
f 131/169/167 140/170/168 141/171/169
f 141/171/169 140/170/168 122/172/170
f 141/171/169 122/172/170 142/173/171
f 142/173/171 122/172/170 123/174/172
f 142/173/171 123/174/172 133/175/173
f 133/175/173 123/174/172 124/176/174
f 133/175/173 124/176/174 117/167/165
f 119/177/175 125/178/176 118/165/163
f 118/165/163 125/178/176 126/179/177
f 118/165/163 126/179/177 127/180/178
f 127/180/178 126/179/177 136/181/179
f 127/180/178 136/181/179 137/182/180
f 137/182/180 136/181/179 121/183/181
f 137/182/180 121/183/181 138/184/182
f 138/184/182 121/183/181 122/172/170
f 138/184/182 122/172/170 139/185/183
f 139/185/183 122/172/170 140/170/168
f 139/185/183 140/170/168 130/168/166
f 125/178/176 119/177/175 134/186/184
f 134/186/184 119/177/175 120/187/185
f 134/186/184 120/187/185 121/183/181
f 126/179/177 125/178/176 135/188/186
f 135/188/186 125/178/176 134/186/184
f 135/188/186 134/186/184 121/183/181
f 129/166/164 118/165/163 128/189/187
f 128/189/187 118/165/163 127/180/178
f 128/189/187 127/180/178 137/182/180
f 139/185/183 130/168/166 129/166/164
f 137/182/180 138/184/182 128/189/187
f 128/189/187 138/184/182 129/166/164
f 138/184/182 139/185/183 129/166/164
f 133/175/173 117/167/165 132/190/188
f 132/190/188 117/167/165 131/169/167
f 132/190/188 131/169/167 141/171/169
f 142/173/171 133/175/173 132/190/188
f 142/173/171 132/190/188 141/171/169
f 121/183/181 136/181/179 135/188/186
f 135/188/186 136/181/179 126/179/177
f 122/172/170 121/191/189 144/192/190
f 144/192/190 121/191/189 143/193/191
f 143/194/192 155/195/193 144/196/190
f 144/196/190 155/195/193 156/197/194
f 144/196/190 156/197/194 157/198/195
f 157/198/195 156/197/194 166/199/196
f 157/198/195 166/199/196 167/200/197
f 167/200/197 166/199/196 148/201/198
f 167/200/197 148/201/198 168/202/199
f 168/202/199 148/201/198 149/203/200
f 168/202/199 149/203/200 159/204/201
f 159/204/201 149/203/200 150/205/202
f 159/204/201 150/205/202 144/196/190
f 145/206/203 151/207/204 143/194/192
f 143/194/192 151/207/204 152/208/205
f 143/194/192 152/208/205 153/209/206
f 153/209/206 152/208/205 162/210/207
f 153/209/206 162/210/207 163/211/208
f 163/211/208 162/210/207 147/212/209
f 163/211/208 147/212/209 164/213/210
f 164/213/210 147/212/209 148/201/198
f 164/213/210 148/201/198 165/214/211
f 165/214/211 148/201/198 166/199/196
f 165/214/211 166/199/196 156/197/194
f 151/207/204 145/206/203 160/215/212
f 160/215/212 145/206/203 146/216/213
f 160/215/212 146/216/213 147/212/209
f 152/208/205 151/207/204 161/217/214
f 161/217/214 151/207/204 160/215/212
f 161/217/214 160/215/212 147/212/209
f 155/195/193 143/194/192 154/218/215
f 154/218/215 143/194/192 153/209/206
f 154/218/215 153/209/206 163/211/208
f 165/214/211 156/197/194 155/195/193
f 163/211/208 164/213/210 154/218/215
f 154/218/215 164/213/210 155/195/193
f 164/213/210 165/214/211 155/195/193
f 159/204/201 144/196/190 158/219/216
f 158/219/216 144/196/190 157/198/195
f 158/219/216 157/198/195 167/200/197
f 168/202/199 159/204/201 158/219/216
f 168/202/199 158/219/216 167/200/197
f 147/212/209 162/210/207 161/217/214
f 161/217/214 162/210/207 152/208/205
f 148/220/198 147/221/217 170/222/218
f 170/222/218 147/221/217 169/223/219
f 169/224/220 181/225/221 170/226/218
f 170/226/218 181/225/221 182/227/222
f 170/226/218 182/227/222 183/228/223
f 183/228/223 182/227/222 192/229/224
f 183/228/223 192/229/224 193/230/225
f 193/230/225 192/229/224 174/231/226
f 193/230/225 174/231/226 194/232/227
f 194/232/227 174/231/226 175/233/228
f 194/232/227 175/233/228 185/234/229
f 185/234/229 175/233/228 176/235/230
f 185/234/229 176/235/230 170/226/218
f 171/236/231 177/237/232 169/224/220
f 169/224/220 177/237/232 178/238/233
f 169/224/220 178/238/233 179/239/234
f 179/239/234 178/238/233 188/240/235
f 179/239/234 188/240/235 189/241/236
f 189/241/236 188/240/235 173/242/237
f 189/241/236 173/242/237 190/243/238
f 190/243/238 173/242/237 174/231/226
f 190/243/238 174/231/226 191/244/239
f 191/244/239 174/231/226 192/229/224
f 191/244/239 192/229/224 182/227/222
f 177/237/232 171/236/231 186/245/240
f 186/245/240 171/236/231 172/246/241
f 186/245/240 172/246/241 173/242/237
f 178/238/233 177/237/232 187/247/242
f 187/247/242 177/237/232 186/245/240
f 187/247/242 186/245/240 173/242/237
f 181/225/221 169/224/220 180/248/243
f 180/248/243 169/224/220 179/239/234
f 180/248/243 179/239/234 189/241/236
f 191/244/239 182/227/222 181/225/221
f 189/241/236 190/243/238 180/248/243
f 180/248/243 190/243/238 181/225/221
f 190/243/238 191/244/239 181/225/221
f 185/234/229 170/226/218 184/249/244
f 184/249/244 170/226/218 183/228/223
f 184/249/244 183/228/223 193/230/225
f 194/232/227 185/234/229 184/249/244
f 194/232/227 184/249/244 193/230/225
f 173/242/237 188/240/235 187/247/242
f 187/247/242 188/240/235 178/238/233
f 174/250/226 173/251/245 196/252/246
f 196/252/246 173/251/245 195/253/247
f 195/254/248 207/255/249 196/256/246
f 196/256/246 207/255/249 208/257/250
f 196/256/246 208/257/250 209/258/251
f 209/258/251 208/257/250 218/259/252
f 209/258/251 218/259/252 219/260/253
f 219/260/253 218/259/252 200/261/254
f 219/260/253 200/261/254 220/262/255
f 220/262/255 200/261/254 201/263/256
f 220/262/255 201/263/256 211/264/257
f 211/264/257 201/263/256 202/265/258
f 211/264/257 202/265/258 196/256/246
f 197/266/259 203/267/260 195/254/248
f 195/254/248 203/267/260 204/268/261
f 195/254/248 204/268/261 205/269/262
f 205/269/262 204/268/261 214/270/263
f 205/269/262 214/270/263 215/271/264
f 215/271/264 214/270/263 199/272/265
f 215/271/264 199/272/265 216/273/266
f 216/273/266 199/272/265 200/261/254
f 216/273/266 200/261/254 217/274/267
f 217/274/267 200/261/254 218/259/252
f 217/274/267 218/259/252 208/257/250
f 203/267/260 197/266/259 212/275/268
f 212/275/268 197/266/259 198/276/269
f 212/275/268 198/276/269 199/272/265
f 204/268/261 203/267/260 213/277/270
f 213/277/270 203/267/260 212/275/268
f 213/277/270 212/275/268 199/272/265
f 207/255/249 195/254/248 206/278/271
f 206/278/271 195/254/248 205/269/262
f 206/278/271 205/269/262 215/271/264
f 217/274/267 208/257/250 207/255/249
f 215/271/264 216/273/266 206/278/271
f 206/278/271 216/273/266 207/255/249
f 216/273/266 217/274/267 207/255/249
f 211/264/257 196/256/246 210/279/272
f 210/279/272 196/256/246 209/258/251
f 210/279/272 209/258/251 219/260/253
f 220/262/255 211/264/257 210/279/272
f 220/262/255 210/279/272 219/260/253
f 199/272/265 214/270/263 213/277/270
f 213/277/270 214/270/263 204/268/261
f 199/280/273 118/281/274 200/282/254
f 200/282/254 118/281/274 117/283/165
f 117/284/275 124/285/276 225/286/277
f 225/286/277 124/285/276 227/287/278
f 225/286/277 227/287/278 224/288/279
f 224/288/279 227/287/278 228/289/280
f 224/288/279 228/289/280 223/290/281
f 223/290/281 228/289/280 222/291/282
f 222/291/282 228/289/280 229/292/283
f 222/291/282 229/292/283 221/293/284
f 221/293/284 229/292/283 122/294/285
f 124/285/276 123/295/286 227/287/278
f 227/287/278 123/295/286 226/296/287
f 227/287/278 226/296/287 228/289/280
f 228/289/280 226/296/287 229/292/283
f 123/295/286 122/297/288 226/296/287
f 226/296/287 122/298/289 229/292/283
f 230/299/290 231/300/291 234/301/292
f 234/301/292 231/300/291 236/302/293
f 234/301/292 236/302/293 233/303/294
f 233/303/294 236/302/293 237/304/295
f 233/303/294 237/304/295 148/305/296
f 148/305/296 237/304/295 149/306/297
f 149/306/297 237/304/295 238/307/298
f 149/306/297 238/307/298 150/308/299
f 150/308/299 238/307/298 144/309/300
f 231/300/291 232/310/301 236/302/293
f 236/302/293 232/310/301 235/311/302
f 236/302/293 235/311/302 237/304/295
f 237/304/295 235/311/302 238/307/298
f 232/310/301 144/312/303 235/311/302
f 235/311/302 144/313/304 238/307/298
f 244/314/305 230/315/306 243/316/307
f 243/316/307 230/315/306 234/317/308
f 243/316/307 234/317/308 242/318/309
f 242/318/309 234/317/308 241/319/310
f 241/319/310 234/317/308 240/320/311
f 240/320/311 234/317/308 233/321/294
f 240/320/311 233/321/294 239/322/312
f 239/322/312 233/321/294 170/323/218
f 170/323/218 233/321/294 148/324/198
f 253/325/313 244/326/314 254/327/315
f 254/327/315 244/326/314 243/328/316
f 254/327/315 243/328/316 256/329/317
f 256/329/317 243/328/316 242/330/309
f 256/329/317 242/330/309 258/331/318
f 258/331/318 242/330/309 241/332/319
f 258/331/318 241/332/319 260/333/320
f 260/333/320 241/332/319 240/334/321
f 260/333/320 240/334/321 262/335/322
f 262/335/322 240/334/321 239/336/323
f 262/335/322 239/336/323 176/337/324
f 176/337/324 239/336/323 170/338/325
f 176/337/324 175/339/326 262/335/322
f 262/335/322 175/339/326 263/340/327
f 262/335/322 263/340/327 260/333/320
f 260/333/320 263/340/327 261/341/328
f 260/333/320 261/341/328 258/331/318
f 258/331/318 261/341/328 259/342/329
f 258/331/318 259/342/329 256/329/317
f 256/329/317 259/342/329 257/343/330
f 256/329/317 257/343/330 254/327/315
f 254/327/315 257/343/330 255/344/331
f 254/327/315 255/344/331 253/325/313
f 253/325/313 255/344/331 252/345/332
f 252/345/332 255/344/331 250/346/333
f 252/345/332 250/346/333 251/347/334
f 174/348/226 245/349/335 175/339/326
f 175/339/326 245/349/335 263/340/327
f 245/349/335 246/350/336 263/340/327
f 263/340/327 246/350/336 261/341/328
f 246/350/336 247/351/337 261/341/328
f 261/341/328 247/351/337 259/342/329
f 247/351/337 248/352/338 259/342/329
f 259/342/329 248/352/338 257/343/330
f 248/352/338 249/353/339 257/343/330
f 257/343/330 249/353/339 255/344/331
f 249/353/339 250/346/333 255/344/331
f 250/354/333 272/355/340 251/356/334
f 251/356/334 272/355/340 269/357/341
f 251/356/334 269/357/341 270/358/342
f 250/354/333 249/359/339 272/355/340
f 272/355/340 249/359/339 271/360/343
f 272/355/340 271/360/343 268/361/344
f 268/361/344 271/360/343 267/362/345
f 267/362/345 271/360/343 273/363/346
f 267/362/345 273/363/346 266/364/347
f 266/364/347 273/363/346 274/365/348
f 266/364/347 274/365/348 265/366/349
f 265/366/349 274/365/348 275/367/350
f 265/366/349 275/367/350 264/368/351
f 264/368/351 275/367/350 196/369/246
f 196/369/246 275/367/350 245/370/335
f 196/369/246 245/370/335 174/371/226
f 249/359/339 248/372/338 271/360/343
f 271/360/343 248/372/338 273/363/346
f 248/372/338 247/373/337 273/363/346
f 273/363/346 247/373/337 274/365/348
f 247/373/337 246/374/336 274/365/348
f 274/365/348 246/374/336 275/367/350
f 246/374/336 245/370/335 275/367/350
f 268/361/344 269/357/341 272/355/340
f 270/375/342 269/376/341 283/377/352
f 283/377/352 269/376/341 284/378/353
f 283/377/352 284/378/353 285/379/354
f 285/379/354 284/378/353 287/380/355
f 285/379/354 287/380/355 279/381/356
f 279/381/356 287/380/355 278/382/357
f 278/382/357 287/380/355 289/383/358
f 278/382/357 289/383/358 277/384/359
f 277/384/359 289/383/358 291/385/360
f 277/384/359 291/385/360 276/386/361
f 276/386/361 291/385/360 293/387/362
f 276/386/361 293/387/362 200/388/363
f 200/388/363 293/387/362 201/389/364
f 201/389/364 293/387/362 292/390/365
f 201/389/364 292/390/365 202/391/366
f 202/391/366 292/390/365 264/392/351
f 202/391/366 264/392/351 196/393/246
f 269/376/341 268/394/344 284/378/353
f 284/378/353 268/394/344 286/395/367
f 284/378/353 286/395/367 287/380/355
f 287/380/355 286/395/367 289/383/358
f 268/394/344 267/396/345 286/395/367
f 286/395/367 267/396/345 288/397/368
f 286/395/367 288/397/368 289/383/358
f 289/383/358 288/397/368 291/385/360
f 267/396/345 266/398/347 288/397/368
f 288/397/368 266/398/347 290/399/369
f 288/397/368 290/399/369 291/385/360
f 291/385/360 290/399/369 293/387/362
f 266/398/347 265/400/349 290/399/369
f 290/399/369 265/400/349 292/390/365
f 290/399/369 292/390/365 293/387/362
f 265/400/349 264/392/351 292/390/365
f 279/381/356 280/401/370 285/379/354
f 285/379/354 280/401/370 282/402/371
f 285/379/354 282/402/371 283/377/352
f 280/401/370 281/403/372 282/402/371
f 281/404/373 280/405/374 223/406/375
f 223/406/375 280/405/374 224/407/376
f 224/407/376 280/405/374 279/408/356
f 224/407/376 279/408/356 278/409/377
f 278/409/377 277/410/378 224/407/376
f 224/407/376 277/410/378 225/411/379
f 225/411/379 277/410/378 276/412/380
f 225/411/379 276/412/380 200/413/254
f 200/413/254 117/414/165 225/411/379
f 222/415/381 297/416/382 223/417/383
f 223/417/383 297/416/382 298/418/384
f 223/417/383 298/418/384 299/419/385
f 299/419/385 298/418/384 303/420/386
f 299/419/385 303/420/386 304/421/387
f 304/421/387 303/420/386 110/422/388
f 304/421/387 110/422/388 294/423/389
f 297/416/382 222/415/381 301/424/390
f 301/424/390 222/415/381 221/425/391
f 301/424/390 221/425/391 122/426/392
f 301/424/390 122/426/392 302/427/393
f 302/427/393 122/426/392 110/422/388
f 302/427/393 110/422/388 303/420/386
f 304/421/387 294/423/389 300/428/394
f 300/428/394 294/423/389 295/429/395
f 300/428/394 295/429/395 296/430/396
f 300/428/394 296/430/396 299/419/385
f 299/419/385 296/430/396 223/417/383
f 301/424/390 302/427/393 297/416/382
f 297/416/382 302/427/393 298/418/384
f 304/421/387 300/428/394 299/419/385
f 302/427/393 303/420/386 298/418/384
f 110/422/388 122/431/397 105/432/398
f 105/432/398 122/431/397 144/433/399
f 144/434/400 310/435/401 105/436/398
f 105/436/398 310/435/401 311/437/402
f 105/436/398 311/437/402 307/438/403
f 307/438/403 311/437/402 306/439/404
f 306/439/404 311/437/402 315/440/405
f 306/439/404 315/440/405 305/441/406
f 305/441/406 315/440/405 314/442/407
f 305/441/406 314/442/407 313/443/408
f 313/443/408 314/442/407 309/444/409
f 313/443/408 309/444/409 308/445/410
f 308/445/410 309/444/409 144/434/400
f 308/445/410 144/434/400 232/446/411
f 308/445/410 232/446/411 312/447/412
f 312/447/412 232/446/411 231/448/413
f 312/447/412 231/448/413 230/449/414
f 312/447/412 230/449/414 313/443/408
f 313/443/408 230/449/414 305/441/406
f 310/435/401 144/434/400 309/444/409
f 313/443/408 308/445/410 312/447/412
f 315/440/405 311/437/402 310/435/401
f 315/440/405 310/435/401 314/442/407
f 314/442/407 310/435/401 309/444/409
f 305/450/415 230/451/306 316/452/416
f 316/452/416 230/451/306 244/453/305
f 244/454/417 322/455/418 316/456/419
f 316/456/419 322/455/418 323/457/420
f 316/456/419 323/457/420 319/458/421
f 319/458/421 323/457/420 318/459/422
f 318/459/422 323/457/420 327/460/423
f 318/459/422 327/460/423 317/461/424
f 317/461/424 327/460/423 326/462/425
f 317/461/424 326/462/425 325/463/426
f 325/463/426 326/462/425 321/464/427
f 325/463/426 321/464/427 320/465/428
f 320/465/428 321/464/427 244/454/417
f 320/465/428 244/454/417 253/466/429
f 320/465/428 253/466/429 324/467/430
f 324/467/430 253/466/429 252/468/332
f 324/467/430 252/468/332 251/469/334
f 324/467/430 251/469/334 325/463/426
f 325/463/426 251/469/334 317/461/424
f 322/455/418 244/454/417 321/464/427
f 325/463/426 320/465/428 324/467/430
f 327/460/423 323/457/420 322/455/418
f 327/460/423 322/455/418 326/462/425
f 326/462/425 322/455/418 321/464/427
f 317/470/424 251/471/334 328/472/431
f 328/472/431 251/471/334 270/473/342
f 270/474/342 334/475/432 328/476/431
f 328/476/431 334/475/432 335/477/433
f 328/476/431 335/477/433 331/478/434
f 331/478/434 335/477/433 330/479/435
f 330/479/435 335/477/433 339/480/436
f 330/479/435 339/480/436 329/481/437
f 329/481/437 339/480/436 338/482/438
f 329/481/437 338/482/438 337/483/439
f 337/483/439 338/482/438 333/484/440
f 337/483/439 333/484/440 332/485/441
f 332/485/441 333/484/440 270/474/342
f 332/485/441 270/474/342 283/486/442
f 332/485/441 283/486/442 336/487/443
f 336/487/443 283/486/442 282/488/444
f 336/487/443 282/488/444 281/489/445
f 336/487/443 281/489/445 337/483/439
f 337/483/439 281/489/445 329/481/437
f 334/475/432 270/474/342 333/484/440
f 337/483/439 332/485/441 336/487/443
f 339/480/436 335/477/433 334/475/432
f 339/480/436 334/475/432 338/482/438
f 338/482/438 334/475/432 333/484/440
f 281/490/373 223/491/375 329/492/446
f 329/492/446 223/491/375 296/493/447
f 296/494/448 295/495/449 344/496/450
f 344/496/450 295/495/449 346/497/451
f 344/496/450 346/497/451 343/498/452
f 343/498/452 346/497/451 347/499/453
f 343/498/452 347/499/453 342/500/454
f 342/500/454 347/499/453 341/501/455
f 341/501/455 347/499/453 348/502/456
f 341/501/455 348/502/456 340/503/457
f 340/503/457 348/502/456 110/504/458
f 295/495/449 294/505/459 346/497/451
f 346/497/451 294/505/459 345/506/460
f 346/497/451 345/506/460 347/499/453
f 347/499/453 345/506/460 348/502/456
f 294/505/459 110/507/461 345/506/460
f 345/506/460 110/508/462 348/502/456
f 349/509/463 350/510/464 353/511/465
f 353/511/465 350/510/464 355/512/466
f 353/511/465 355/512/466 352/513/467
f 352/513/467 355/512/466 356/514/468
f 352/513/467 356/514/468 305/515/469
f 305/515/469 356/514/468 306/516/470
f 306/516/470 356/514/468 357/517/471
f 306/516/470 357/517/471 307/518/472
f 307/518/472 357/517/471 105/519/473
f 350/510/464 351/520/474 355/512/466
f 355/512/466 351/520/474 354/521/475
f 355/512/466 354/521/475 356/514/468
f 356/514/468 354/521/475 357/517/471
f 351/520/474 105/522/476 354/521/475
f 354/521/475 105/523/477 357/517/471
f 363/524/478 349/525/479 362/526/480
f 362/526/480 349/525/479 353/527/481
f 362/526/480 353/527/481 361/528/482
f 361/528/482 353/527/481 360/529/483
f 360/529/483 353/527/481 352/530/484
f 360/529/483 352/530/484 359/531/485
f 359/531/485 352/530/484 358/532/486
f 358/532/486 352/530/484 305/533/415
f 358/532/486 305/533/415 316/534/416
f 370/535/487 363/536/488 371/537/489
f 371/537/489 363/536/488 362/538/490
f 371/537/489 362/538/490 373/539/491
f 373/539/491 362/538/490 361/540/492
f 373/539/491 361/540/492 375/541/493
f 375/541/493 361/540/492 360/542/494
f 375/541/493 360/542/494 377/543/495
f 377/543/495 360/542/494 359/544/496
f 377/543/495 359/544/496 379/545/497
f 379/545/497 359/544/496 358/546/498
f 379/545/497 358/546/498 319/547/499
f 319/547/499 358/546/498 316/548/500
f 319/547/499 318/549/501 379/545/497
f 379/545/497 318/549/501 380/550/502
f 379/545/497 380/550/502 377/543/495
f 377/543/495 380/550/502 378/551/503
f 377/543/495 378/551/503 375/541/493
f 375/541/493 378/551/503 376/552/504
f 375/541/493 376/552/504 373/539/491
f 373/539/491 376/552/504 374/553/505
f 373/539/491 374/553/505 371/537/489
f 371/537/489 374/553/505 372/554/506
f 371/537/489 372/554/506 370/535/487
f 370/535/487 372/554/506 369/555/507
f 369/555/507 372/554/506 368/556/508
f 369/555/507 368/556/508 113/557/147
f 318/549/501 317/558/424 380/550/502
f 380/550/502 317/558/424 364/559/509
f 380/550/502 364/559/509 378/551/503
f 378/551/503 364/559/509 365/560/510
f 378/551/503 365/560/510 376/552/504
f 376/552/504 365/560/510 366/561/511
f 376/552/504 366/561/511 374/553/505
f 374/553/505 366/561/511 367/562/512
f 374/553/505 367/562/512 372/554/506
f 372/554/506 367/562/512 368/556/508
f 114/563/149 113/564/147 386/565/513
f 386/565/513 113/564/147 368/566/508
f 386/565/513 368/566/508 387/567/514
f 387/567/514 368/566/508 367/568/512
f 387/567/514 367/568/512 388/569/515
f 388/569/515 367/568/512 366/570/511
f 388/569/515 366/570/511 389/571/516
f 389/571/516 366/570/511 365/572/510
f 389/571/516 365/572/510 390/573/517
f 390/573/517 365/572/510 364/574/509
f 390/573/517 364/574/509 317/575/424
f 317/575/424 328/576/431 390/573/517
f 390/573/517 328/576/431 381/577/518
f 390/573/517 381/577/518 389/571/516
f 389/571/516 381/577/518 382/578/519
f 389/571/516 382/578/519 388/569/515
f 388/569/515 382/578/519 383/579/520
f 388/569/515 383/579/520 387/567/514
f 387/567/514 383/579/520 384/580/521
f 387/567/514 384/580/521 386/565/513
f 386/565/513 384/580/521 385/581/522
f 386/565/513 385/581/522 114/563/149
f 398/582/523 114/583/149 399/584/524
f 399/584/524 114/583/149 385/585/522
f 399/584/524 385/585/522 401/586/525
f 401/586/525 385/585/522 384/587/521
f 401/586/525 384/587/521 403/588/526
f 403/588/526 384/587/521 383/589/520
f 403/588/526 383/589/520 405/590/527
f 405/590/527 383/589/520 382/591/519
f 405/590/527 382/591/519 407/592/528
f 407/592/528 382/591/519 381/593/518
f 407/592/528 381/593/518 331/594/529
f 331/594/529 381/593/518 328/595/431
f 331/594/529 330/596/530 407/592/528
f 407/592/528 330/596/530 408/597/531
f 407/592/528 408/597/531 405/590/527
f 405/590/527 408/597/531 406/598/532
f 405/590/527 406/598/532 403/588/526
f 403/588/526 406/598/532 404/599/533
f 403/588/526 404/599/533 401/586/525
f 401/586/525 404/599/533 402/600/534
f 401/586/525 402/600/534 399/584/524
f 399/584/524 402/600/534 400/601/535
f 399/584/524 400/601/535 398/582/523
f 398/582/523 400/601/535 397/602/536
f 397/602/536 400/601/535 395/603/537
f 397/602/536 395/603/537 396/604/538
f 330/596/530 329/605/539 408/597/531
f 408/597/531 329/605/539 391/606/540
f 408/597/531 391/606/540 406/598/532
f 406/598/532 391/606/540 392/607/541
f 406/598/532 392/607/541 404/599/533
f 404/599/533 392/607/541 393/608/542
f 404/599/533 393/608/542 402/600/534
f 402/600/534 393/608/542 394/609/543
f 402/600/534 394/609/543 400/601/535
f 400/601/535 394/609/543 395/603/537
f 396/610/544 395/611/545 342/612/546
f 342/612/546 395/611/545 343/613/547
f 343/613/547 395/611/545 394/614/548
f 343/613/547 394/614/548 393/615/549
f 343/613/547 393/615/549 344/616/550
f 344/616/550 393/615/549 392/617/551
f 344/616/550 392/617/551 391/618/552
f 329/619/446 296/620/447 391/618/552
f 391/618/552 296/620/447 344/616/550
f 110/621/553 109/622/554 340/623/555
f 340/623/555 109/622/554 409/624/556
f 340/623/555 409/624/556 341/625/557
f 341/625/557 409/624/556 410/626/558
f 341/625/557 410/626/558 342/627/559
f 342/627/559 410/626/558 411/628/560
f 413/629/561 42/630/562 412/631/563
f 412/631/563 42/630/562 41/632/564
f 412/631/563 41/632/564 40/633/565
f 1/634/566 52/635/567 413/629/561
f 413/629/561 52/635/567 51/636/568
f 413/629/561 51/636/568 50/637/569
f 50/637/569 49/638/570 413/629/561
f 413/629/561 49/638/570 48/639/571
f 413/629/561 48/639/571 47/640/572
f 47/640/572 46/641/573 413/629/561
f 413/629/561 46/641/573 45/642/574
f 413/629/561 45/642/574 44/643/575
f 44/643/575 43/644/576 413/629/561
f 413/629/561 43/644/576 42/630/562
f 40/633/565 39/645/577 412/631/563
f 412/631/563 39/645/577 38/646/578
f 412/631/563 38/646/578 37/647/579
f 37/647/579 36/648/580 412/631/563
f 412/631/563 36/648/580 35/649/581
f 412/631/563 35/649/581 34/650/582
f 34/650/582 33/651/583 412/631/563
f 412/631/563 33/651/583 32/652/584
f 412/631/563 32/652/584 31/653/585
f 414/654/586 415/655/587 349/656/588
f 349/656/588 415/655/587 350/657/589
f 350/657/589 415/655/587 416/658/590
f 350/657/589 416/658/590 351/659/591
f 351/659/591 416/658/590 106/660/592
f 351/659/591 106/660/592 105/661/593
f 423/662/594 417/663/595 363/664/478
f 363/664/478 417/663/595 418/665/596
f 363/664/478 418/665/596 349/666/479
f 349/666/479 418/665/596 419/667/597
f 349/666/479 419/667/597 420/668/598
f 420/668/598 414/669/599 349/666/479
f 421/670/600 422/671/601 363/664/478
f 363/664/478 422/671/601 423/662/594
f 113/672/147 112/673/142 369/674/602
f 369/674/602 112/673/142 424/675/603
f 369/674/602 424/675/603 370/676/604
f 370/676/604 424/675/603 425/677/605
f 370/676/604 425/677/605 363/678/606
f 363/678/606 425/677/605 421/679/607
f 79/680/608 78/681/609 427/682/610
f 427/682/610 78/681/609 77/683/611
f 427/682/610 77/683/611 76/684/612
f 76/684/612 75/685/613 427/682/610
f 427/682/610 75/685/613 74/686/614
f 427/682/610 74/686/614 73/687/615
f 73/687/615 72/688/616 427/682/610
f 427/682/610 72/688/616 71/689/617
f 427/682/610 71/689/617 70/690/618
f 70/690/618 69/691/619 427/682/610
f 427/682/610 69/691/619 68/692/620
f 427/682/610 68/692/620 426/693/621
f 426/693/621 68/692/620 67/694/622
f 426/693/621 67/694/622 66/695/623
f 66/695/623 65/696/624 426/693/621
f 426/693/621 65/696/624 64/697/625
f 426/693/621 64/697/625 63/698/626
f 63/698/626 62/699/627 426/693/621
f 426/693/621 62/699/627 61/700/628
f 426/693/621 61/700/628 60/701/629
f 60/701/629 59/702/630 426/693/621
f 426/693/621 59/702/630 58/703/631
f 426/693/621 58/703/631 57/704/632
f 428/705/633 429/706/634 396/707/635
f 396/707/635 429/706/634 397/708/636
f 397/708/636 429/706/634 430/709/637
f 397/708/636 430/709/637 398/710/638
f 398/710/638 430/709/637 115/711/151
f 398/710/638 115/711/151 114/712/149
f 436/713/639 431/714/640 342/715/546
f 342/715/546 431/714/640 432/716/641
f 342/715/546 432/716/641 396/717/544
f 396/717/544 432/716/641 433/718/642
f 396/717/544 433/718/642 434/719/643
f 434/719/643 428/720/644 396/717/544
f 411/721/645 435/722/646 342/715/546
f 342/715/546 435/722/646 436/713/639
f 438/723/647 439/724/648 437/725/649
f 437/725/649 439/724/648 440/726/650
f 441/727/651 442/728/652 444/729/653
f 444/729/653 442/728/652 443/730/654
f 445/731/655 446/732/656 448/733/657
f 448/733/657 446/732/656 447/734/658
f 431/735/659 449/736/660 432/737/661
f 432/737/661 449/736/660 450/738/662
f 452/739/663 418/740/664 451/741/665
f 451/741/665 418/740/664 417/742/666
f 454/743/667 455/744/668 453/745/669
f 453/745/669 455/744/668 456/746/670
f 27/747/118 107/748/114 28/749/671
f 28/749/671 107/748/114 461/750/672
f 28/749/671 461/750/672 462/751/673
f 462/751/673 461/750/672 466/752/674
f 462/751/673 466/752/674 467/753/675
f 467/753/675 466/752/674 456/754/670
f 467/753/675 456/754/670 468/755/676
f 468/755/676 456/754/670 459/756/677
f 468/755/676 459/756/677 464/757/678
f 464/757/678 459/756/677 460/758/679
f 464/757/678 460/758/679 412/759/680
f 107/748/114 457/760/681 461/750/672
f 461/750/672 457/760/681 465/761/682
f 461/750/672 465/761/682 466/752/674
f 466/752/674 465/761/682 453/762/669
f 466/752/674 453/762/669 456/754/670
f 457/760/681 458/763/683 465/761/682
f 465/761/682 458/763/683 453/762/669
f 412/759/680 31/764/585 464/757/678
f 464/757/678 31/764/585 463/765/684
f 464/757/678 463/765/684 468/755/676
f 468/755/676 463/765/684 467/753/675
f 31/764/585 30/766/685 463/765/684
f 463/765/684 30/766/685 29/767/686
f 463/765/684 29/767/686 462/751/673
f 462/751/673 29/767/686 28/749/671
f 467/753/675 463/765/684 462/751/673
f 454/768/667 453/769/669 472/770/687
f 472/770/687 453/769/669 469/771/688
f 472/770/687 469/771/688 471/772/689
f 471/772/689 469/771/688 470/773/690
f 471/772/689 470/773/690 451/774/691
f 451/774/691 470/773/690 452/775/692
f 442/776/652 473/777/693 478/778/694
f 478/778/694 473/777/693 474/779/695
f 478/778/694 474/779/695 477/780/696
f 477/780/696 474/779/695 412/781/697
f 477/780/696 412/781/697 460/782/698
f 477/780/696 460/782/698 479/783/699
f 479/783/699 460/782/698 459/784/700
f 479/783/699 459/784/700 475/785/701
f 475/785/701 459/784/700 456/786/670
f 475/785/701 476/787/702 479/783/699
f 479/783/699 476/787/702 480/788/703
f 479/783/699 480/788/703 477/780/696
f 477/780/696 480/788/703 478/778/694
f 476/787/702 442/789/652 480/788/703
f 480/788/703 442/790/652 478/778/694
f 454/791/704 487/792/705 455/793/706
f 455/793/706 487/792/705 488/794/707
f 455/793/706 488/794/707 484/795/708
f 484/795/708 488/794/707 483/796/709
f 483/796/709 488/794/707 492/797/710
f 483/796/709 492/797/710 427/798/610
f 427/798/610 492/797/710 491/799/711
f 427/798/610 491/799/711 81/800/712
f 81/800/712 491/799/711 490/801/713
f 81/800/712 490/801/713 82/802/714
f 82/802/714 490/801/713 489/803/715
f 82/802/714 489/803/715 83/804/134
f 83/804/134 489/803/715 111/805/716
f 111/805/716 489/803/715 482/806/717
f 482/806/717 489/803/715 481/807/718
f 481/807/718 489/803/715 485/808/719
f 481/807/718 485/808/719 454/791/704
f 454/791/704 485/808/719 486/809/720
f 454/791/704 486/809/720 487/792/705
f 487/792/705 486/809/720 491/799/711
f 487/792/705 491/799/711 492/797/710
f 81/800/712 80/810/721 427/798/610
f 427/798/610 80/810/721 79/811/608
f 489/803/715 490/801/713 485/808/719
f 485/808/719 490/801/713 486/809/720
f 492/797/710 488/794/707 487/792/705
f 490/801/713 491/799/711 486/809/720
f 443/812/654 442/813/652 494/814/722
f 494/814/722 442/813/652 476/815/723
f 494/814/722 476/815/723 493/816/724
f 493/816/724 476/815/723 475/817/701
f 493/816/724 475/817/701 455/818/668
f 455/818/668 475/817/701 456/819/670
f 474/820/725 497/821/726 412/822/727
f 412/822/727 497/821/726 498/823/728
f 412/822/727 498/823/728 413/824/729
f 413/824/729 498/823/728 499/825/730
f 413/824/729 499/825/730 496/826/731
f 496/826/731 499/825/730 495/827/732
f 495/827/732 499/825/730 502/828/733
f 495/827/732 502/828/733 441/829/734
f 441/829/734 502/828/733 501/830/735
f 441/829/734 501/830/735 442/831/736
f 442/831/736 501/830/735 500/832/737
f 442/831/736 500/832/737 473/833/738
f 473/833/738 500/832/737 474/820/725
f 474/820/725 500/832/737 497/821/726
f 502/828/733 499/825/730 498/823/728
f 500/832/737 501/830/735 497/821/726
f 497/821/726 501/830/735 498/823/728
f 501/830/735 502/828/733 498/823/728
f 443/834/654 494/835/739 506/836/740
f 506/836/740 494/835/739 493/837/724
f 506/836/740 493/837/724 505/838/741
f 505/838/741 493/837/724 455/839/668
f 505/838/741 455/839/668 484/840/742
f 505/838/741 484/840/742 507/841/743
f 507/841/743 484/840/742 483/842/744
f 507/841/743 483/842/744 503/843/745
f 503/843/745 483/842/744 427/844/746
f 503/843/745 504/845/747 507/841/743
f 507/841/743 504/845/747 508/846/748
f 507/841/743 508/846/748 505/838/741
f 505/838/741 508/846/748 506/836/740
f 504/845/747 443/847/654 508/846/748
f 508/846/748 443/848/654 506/836/740
f 441/849/651 509/850/749 514/851/750
f 514/851/750 509/850/749 510/852/751
f 514/851/750 510/852/751 513/853/752
f 513/853/752 510/852/751 448/854/657
f 513/853/752 448/854/657 511/855/753
f 513/853/752 511/855/753 515/856/754
f 515/856/754 511/855/753 512/857/755
f 515/856/754 512/857/755 496/858/731
f 496/858/731 512/857/755 413/859/756
f 496/858/731 495/860/732 515/856/754
f 515/856/754 495/860/732 516/861/757
f 515/856/754 516/861/757 513/853/752
f 513/853/752 516/861/757 514/851/750
f 495/860/732 441/862/651 516/861/757
f 516/861/757 441/863/651 514/851/750
f 447/864/658 521/865/758 448/866/657
f 448/866/657 521/865/758 522/867/759
f 448/866/657 522/867/759 511/868/760
f 511/868/760 522/867/759 512/869/761
f 512/869/761 522/867/759 526/870/762
f 512/869/761 526/870/762 413/871/763
f 413/871/763 526/870/762 2/872/764
f 413/871/763 2/872/764 1/873/566
f 517/874/765 519/875/766 447/864/658
f 447/864/658 519/875/766 520/876/767
f 447/864/658 520/876/767 521/865/758
f 521/865/758 520/876/767 525/877/768
f 521/865/758 525/877/768 526/870/762
f 526/870/762 525/877/768 2/872/764
f 519/875/766 517/874/765 523/878/769
f 523/878/769 517/874/765 518/879/770
f 523/878/769 518/879/770 108/880/127
f 108/880/127 5/881/133 523/878/769
f 523/878/769 5/881/133 4/882/771
f 523/878/769 4/882/771 524/883/772
f 524/883/772 4/882/771 3/884/773
f 524/883/772 3/884/773 525/877/768
f 525/877/768 3/884/773 2/872/764
f 523/878/769 524/883/772 519/875/766
f 519/875/766 524/883/772 520/876/767
f 526/870/762 522/867/759 521/865/758
f 524/883/772 525/877/768 520/876/767
f 504/885/747 529/886/774 443/887/654
f 443/887/654 529/886/774 530/888/775
f 443/887/654 530/888/775 444/889/653
f 444/889/653 530/888/775 531/890/776
f 444/889/653 531/890/776 528/891/777
f 528/891/777 531/890/776 527/892/778
f 527/892/778 531/890/776 534/893/779
f 527/892/778 534/893/779 426/894/621
f 426/894/621 534/893/779 533/895/780
f 426/894/621 533/895/780 427/896/746
f 427/896/746 533/895/780 532/897/781
f 427/896/746 532/897/781 503/898/745
f 503/898/745 532/897/781 504/885/747
f 504/885/747 532/897/781 529/886/774
f 534/893/779 531/890/776 530/888/775
f 532/897/781 533/895/780 529/886/774
f 529/886/774 533/895/780 530/888/775
f 533/895/780 534/893/779 530/888/775
f 445/899/782 448/900/783 536/901/784
f 536/901/784 448/900/783 510/902/751
f 536/901/784 510/902/751 535/903/785
f 535/903/785 510/902/751 509/904/786
f 535/903/785 509/904/786 444/905/787
f 444/905/787 509/904/786 441/906/788
f 450/907/789 449/908/790 540/909/791
f 540/909/791 449/908/790 537/910/792
f 540/909/791 537/910/792 539/911/793
f 539/911/793 537/910/792 538/912/794
f 539/911/793 538/912/794 446/913/795
f 446/913/795 538/912/794 447/914/796
f 445/915/655 536/916/784 544/917/797
f 544/917/797 536/916/784 535/918/798
f 544/917/797 535/918/798 543/919/799
f 543/919/799 535/918/798 444/920/653
f 543/919/799 444/920/653 528/921/777
f 543/919/799 528/921/777 545/922/800
f 545/922/800 528/921/777 527/923/778
f 545/922/800 527/923/778 541/924/801
f 541/924/801 527/923/778 426/925/621
f 541/924/801 542/926/802 545/922/800
f 545/922/800 542/926/802 546/927/803
f 545/922/800 546/927/803 543/919/799
f 543/919/799 546/927/803 544/917/797
f 542/926/802 445/928/655 546/927/803
f 546/927/803 445/929/655 544/917/797
f 53/930/162 116/931/804 54/932/805
f 54/932/805 116/931/804 549/933/806
f 54/932/805 549/933/806 550/934/807
f 550/934/807 549/933/806 554/935/808
f 550/934/807 554/935/808 555/936/809
f 555/936/809 554/935/808 445/937/655
f 555/936/809 445/937/655 556/938/810
f 556/938/810 445/937/655 542/939/802
f 556/938/810 542/939/802 552/940/811
f 552/940/811 542/939/802 541/941/812
f 552/940/811 541/941/812 56/942/813
f 56/942/813 541/941/812 426/943/621
f 56/942/813 426/943/621 57/944/632
f 116/931/804 547/945/814 549/933/806
f 549/933/806 547/945/814 553/946/815
f 549/933/806 553/946/815 554/935/808
f 554/935/808 553/946/815 446/947/816
f 554/935/808 446/947/816 445/937/655
f 547/945/814 548/948/817 553/946/815
f 553/946/815 548/948/817 446/947/816
f 552/940/811 56/942/813 551/949/818
f 551/949/818 56/942/813 55/950/819
f 551/949/818 55/950/819 550/934/807
f 550/934/807 55/950/819 54/932/805
f 556/938/810 552/940/811 551/949/818
f 556/938/810 551/949/818 555/936/809
f 555/936/809 551/949/818 550/934/807
f 557/951/820 563/952/821 440/953/650
f 440/953/650 563/952/821 564/954/822
f 440/953/650 564/954/822 562/955/823
f 562/955/823 564/954/822 561/956/824
f 561/956/824 564/954/822 566/957/825
f 561/956/824 566/957/825 560/958/826
f 560/958/826 566/957/825 173/959/827
f 173/959/827 566/957/825 565/960/828
f 173/959/827 565/960/828 559/961/829
f 559/961/829 565/960/828 558/962/830
f 558/962/830 565/960/828 563/952/821
f 558/962/830 563/952/821 557/951/820
f 559/961/829 195/963/247 173/959/827
f 562/955/823 437/964/831 440/953/650
f 566/957/825 564/954/822 563/952/821
f 565/960/828 566/957/825 563/952/821
f 561/965/832 574/966/833 562/967/834
f 562/967/834 574/966/833 575/968/835
f 562/967/834 575/968/835 437/969/836
f 574/966/833 561/965/832 573/970/837
f 573/970/837 561/965/832 560/971/838
f 573/970/837 560/971/838 572/972/839
f 572/972/839 560/971/838 173/973/840
f 572/972/839 173/973/840 172/974/841
f 572/972/839 172/974/841 571/975/842
f 571/975/842 172/974/841 171/976/843
f 571/975/842 171/976/843 586/977/844
f 586/977/844 171/976/843 579/978/845
f 586/977/844 579/978/845 580/979/846
f 580/979/846 579/978/845 589/980/847
f 580/979/846 589/980/847 588/981/848
f 588/981/848 589/980/847 568/982/849
f 588/981/848 568/982/849 569/983/850
f 579/978/845 171/976/843 570/984/851
f 570/984/851 171/976/843 169/985/852
f 570/984/851 169/985/852 567/986/853
f 570/984/851 567/986/853 589/980/847
f 589/980/847 567/986/853 568/982/849
f 588/981/848 569/983/850 587/987/854
f 587/987/854 569/983/850 437/988/855
f 587/987/854 437/989/856 582/990/857
f 582/990/857 437/991/858 583/992/859
f 583/992/859 437/993/860 578/994/861
f 578/994/861 437/995/862 575/968/835
f 573/970/837 572/972/839 576/996/863
f 576/996/863 572/972/839 571/975/842
f 576/996/863 571/975/842 585/997/864
f 585/997/864 571/975/842 586/977/844
f 585/997/864 586/977/844 580/979/846
f 578/994/861 575/968/835 574/966/833
f 574/966/833 573/970/837 577/998/865
f 577/998/865 573/970/837 576/996/863
f 577/998/865 576/996/863 584/999/866
f 584/999/866 576/996/863 585/997/864
f 584/999/866 585/997/864 581/1000/867
f 581/1000/867 585/997/864 580/979/846
f 581/1000/867 580/979/846 588/981/848
f 583/992/859 578/994/861 577/998/865
f 577/998/865 578/994/861 574/966/833
f 583/992/859 577/998/865 584/999/866
f 570/984/851 589/980/847 579/978/845
f 583/992/859 584/999/866 582/990/857
f 582/990/857 584/999/866 581/1000/867
f 582/990/857 581/1000/867 587/987/854
f 587/987/854 581/1000/867 588/981/848
f 592/1001/868 199/1002/869 595/1003/870
f 595/1003/870 199/1002/869 198/1004/871
f 595/1003/870 198/1004/871 594/1005/872
f 594/1005/872 198/1004/871 197/1006/873
f 594/1005/872 197/1006/873 609/1007/874
f 609/1007/874 197/1006/873 602/1008/875
f 609/1007/874 602/1008/875 603/1009/876
f 603/1009/876 602/1008/875 612/1010/877
f 603/1009/876 612/1010/877 611/1011/878
f 611/1011/878 612/1010/877 558/1012/879
f 611/1011/878 558/1012/879 557/1013/880
f 602/1008/875 197/1006/873 593/1014/881
f 593/1014/881 197/1006/873 195/1015/882
f 593/1014/881 195/1015/882 559/1016/883
f 593/1014/881 559/1016/883 612/1010/877
f 612/1010/877 559/1016/883 558/1012/879
f 611/1011/878 557/1013/880 610/1017/884
f 610/1017/884 557/1013/880 440/1018/885
f 591/1019/886 597/1020/887 590/1021/888
f 590/1021/888 597/1020/887 598/1022/889
f 590/1021/888 598/1022/889 440/1023/890
f 597/1020/887 591/1019/886 596/1024/891
f 596/1024/891 591/1019/886 592/1001/868
f 596/1024/891 592/1001/868 595/1003/870
f 610/1017/884 440/1025/892 605/1026/893
f 605/1026/893 440/1027/894 606/1028/895
f 606/1028/895 440/1029/896 601/1030/897
f 601/1030/897 440/1031/898 598/1022/889
f 596/1024/891 595/1003/870 599/1032/899
f 599/1032/899 595/1003/870 594/1005/872
f 599/1032/899 594/1005/872 608/1033/900
f 608/1033/900 594/1005/872 609/1007/874
f 608/1033/900 609/1007/874 603/1009/876
f 601/1030/897 598/1022/889 597/1020/887
f 597/1020/887 596/1024/891 600/1034/901
f 600/1034/901 596/1024/891 599/1032/899
f 600/1034/901 599/1032/899 607/1035/902
f 607/1035/902 599/1032/899 608/1033/900
f 607/1035/902 608/1033/900 604/1036/903
f 604/1036/903 608/1033/900 603/1009/876
f 604/1036/903 603/1009/876 611/1011/878
f 606/1028/895 601/1030/897 600/1034/901
f 600/1034/901 601/1030/897 597/1020/887
f 606/1028/895 600/1034/901 607/1035/902
f 593/1014/881 612/1010/877 602/1008/875
f 606/1028/895 607/1035/902 605/1026/893
f 605/1026/893 607/1035/902 604/1036/903
f 605/1026/893 604/1036/903 610/1017/884
f 610/1017/884 604/1036/903 611/1011/878
f 438/1037/647 437/1038/649 615/1039/904
f 615/1039/904 437/1038/649 569/1040/905
f 615/1039/904 569/1040/905 568/1041/906
f 615/1039/904 568/1041/906 614/1042/907
f 614/1042/907 568/1041/906 567/1043/908
f 614/1042/907 567/1043/908 613/1044/909
f 613/1044/909 567/1043/908 147/1045/217
f 147/1045/217 567/1043/908 169/1046/910
f 118/1047/274 199/1048/911 618/1049/912
f 618/1049/912 199/1048/911 592/1050/913
f 618/1049/912 592/1050/913 591/1051/914
f 618/1049/912 591/1051/914 617/1052/915
f 617/1052/915 591/1051/914 590/1053/916
f 617/1052/915 590/1053/916 616/1054/917
f 616/1054/917 590/1053/916 439/1055/648
f 439/1055/648 590/1053/916 440/1056/650
f 614/1057/918 626/1058/919 615/1059/920
f 615/1059/920 626/1058/919 627/1060/921
f 615/1059/920 627/1060/921 438/1061/922
f 626/1058/919 614/1057/918 625/1062/923
f 625/1062/923 614/1057/918 613/1063/924
f 625/1062/923 613/1063/924 624/1064/925
f 624/1064/925 613/1063/924 147/1065/926
f 624/1064/925 147/1065/926 146/1066/927
f 624/1064/925 146/1066/927 623/1067/928
f 623/1067/928 146/1066/927 145/1068/929
f 623/1067/928 145/1068/929 638/1069/930
f 638/1069/930 145/1068/929 631/1070/931
f 638/1069/930 631/1070/931 632/1071/932
f 632/1071/932 631/1070/931 641/1072/933
f 632/1071/932 641/1072/933 640/1073/934
f 640/1073/934 641/1072/933 620/1074/935
f 640/1073/934 620/1074/935 621/1075/936
f 631/1070/931 145/1068/929 622/1076/937
f 622/1076/937 145/1068/929 143/1077/938
f 622/1076/937 143/1077/938 619/1078/939
f 622/1076/937 619/1078/939 641/1072/933
f 641/1072/933 619/1078/939 620/1074/935
f 640/1073/934 621/1075/936 639/1079/940
f 639/1079/940 621/1075/936 438/1080/941
f 639/1079/940 438/1081/942 634/1082/943
f 634/1082/943 438/1083/944 635/1084/945
f 635/1084/945 438/1085/946 630/1086/947
f 630/1086/947 438/1087/948 627/1060/921
f 625/1062/923 624/1064/925 628/1088/949
f 628/1088/949 624/1064/925 623/1067/928
f 628/1088/949 623/1067/928 637/1089/950
f 637/1089/950 623/1067/928 638/1069/930
f 637/1089/950 638/1069/930 632/1071/932
f 630/1086/947 627/1060/921 626/1058/919
f 626/1058/919 625/1062/923 629/1090/951
f 629/1090/951 625/1062/923 628/1088/949
f 629/1090/951 628/1088/949 636/1091/952
f 636/1091/952 628/1088/949 637/1089/950
f 636/1091/952 637/1089/950 633/1092/953
f 633/1092/953 637/1089/950 632/1071/932
f 633/1092/953 632/1071/932 640/1073/934
f 635/1084/945 630/1086/947 629/1090/951
f 629/1090/951 630/1086/947 626/1058/919
f 635/1084/945 629/1090/951 636/1091/952
f 622/1076/937 641/1072/933 631/1070/931
f 635/1084/945 636/1091/952 634/1082/943
f 634/1082/943 636/1091/952 633/1092/953
f 634/1082/943 633/1092/953 639/1079/940
f 639/1079/940 633/1092/953 640/1073/934
f 644/1093/954 121/1094/955 647/1095/956
f 647/1095/956 121/1094/955 120/1096/957
f 647/1095/956 120/1096/957 646/1097/958
f 646/1097/958 120/1096/957 119/1098/959
f 646/1097/958 119/1098/959 661/1099/960
f 661/1099/960 119/1098/959 654/1100/961
f 661/1099/960 654/1100/961 655/1101/962
f 655/1101/962 654/1100/961 664/1102/963
f 655/1101/962 664/1102/963 663/1103/964
f 663/1103/964 664/1102/963 617/1104/965
f 663/1103/964 617/1104/965 616/1105/966
f 654/1100/961 119/1098/959 645/1106/967
f 645/1106/967 119/1098/959 118/1107/968
f 645/1106/967 118/1107/968 618/1108/969
f 645/1106/967 618/1108/969 664/1102/963
f 664/1102/963 618/1108/969 617/1104/965
f 663/1103/964 616/1105/966 662/1109/970
f 662/1109/970 616/1105/966 439/1110/971
f 643/1111/972 649/1112/973 642/1113/974
f 642/1113/974 649/1112/973 650/1114/975
f 642/1113/974 650/1114/975 439/1115/976
f 649/1112/973 643/1111/972 648/1116/977
f 648/1116/977 643/1111/972 644/1093/954
f 648/1116/977 644/1093/954 647/1095/956
f 662/1109/970 439/1117/978 657/1118/979
f 657/1118/979 439/1119/980 658/1120/981
f 658/1120/981 439/1121/982 653/1122/983
f 653/1122/983 439/1123/984 650/1114/975
f 648/1116/977 647/1095/956 651/1124/985
f 651/1124/985 647/1095/956 646/1097/958
f 651/1124/985 646/1097/958 660/1125/986
f 660/1125/986 646/1097/958 661/1099/960
f 660/1125/986 661/1099/960 655/1101/962
f 653/1122/983 650/1114/975 649/1112/973
f 649/1112/973 648/1116/977 652/1126/987
f 652/1126/987 648/1116/977 651/1124/985
f 652/1126/987 651/1124/985 659/1127/988
f 659/1127/988 651/1124/985 660/1125/986
f 659/1127/988 660/1125/986 656/1128/989
f 656/1128/989 660/1125/986 655/1101/962
f 656/1128/989 655/1101/962 663/1103/964
f 658/1120/981 653/1122/983 652/1126/987
f 652/1126/987 653/1122/983 649/1112/973
f 658/1120/981 652/1126/987 659/1127/988
f 645/1106/967 664/1102/963 654/1100/961
f 658/1120/981 659/1127/988 657/1118/979
f 657/1118/979 659/1127/988 656/1128/989
f 657/1118/979 656/1128/989 662/1109/970
f 662/1109/970 656/1128/989 663/1103/964
f 621/1129/990 665/1130/991 438/1131/992
f 438/1131/992 665/1130/991 666/1132/993
f 438/1131/992 666/1132/993 642/1133/994
f 642/1133/994 666/1132/993 643/1134/995
f 643/1134/995 666/1132/993 668/1135/996
f 643/1134/995 668/1135/996 644/1136/997
f 644/1136/997 668/1135/996 121/1137/189
f 121/1137/189 668/1135/996 667/1138/998
f 121/1137/189 667/1138/998 619/1139/999
f 619/1139/999 667/1138/998 620/1140/1000
f 620/1140/1000 667/1138/998 665/1130/991
f 620/1140/1000 665/1130/991 621/1129/990
f 619/1139/999 143/1141/1001 121/1137/189
f 642/1133/994 439/1142/1002 438/1131/992
f 668/1135/996 666/1132/993 665/1130/991
f 667/1138/998 668/1135/996 665/1130/991
f 415/1143/1003 414/1144/1004 669/1145/1005
f 669/1145/1005 414/1144/1004 420/1146/1006
f 669/1145/1005 420/1146/1006 452/1147/663
f 452/1147/663 420/1146/1006 419/1148/1007
f 452/1147/663 419/1148/1007 418/1149/664
f 669/1145/1005 670/1150/1008 415/1143/1003
f 415/1143/1003 670/1150/1008 416/1151/1009
f 416/1151/1009 670/1150/1008 107/1152/114
f 416/1151/1009 107/1152/114 106/1153/105
f 452/1154/663 470/1155/1010 672/1156/1011
f 672/1156/1011 470/1155/1010 469/1157/1012
f 672/1156/1011 469/1157/1012 671/1158/1013
f 671/1158/1013 469/1157/1012 453/1159/669
f 671/1158/1013 453/1159/669 458/1160/683
f 671/1158/1013 458/1160/683 673/1161/1014
f 673/1161/1014 458/1160/683 457/1162/1015
f 673/1161/1014 457/1162/1015 670/1163/1008
f 670/1163/1008 457/1162/1015 107/1164/114
f 670/1163/1008 669/1165/1005 673/1161/1014
f 673/1161/1014 669/1165/1005 674/1166/1016
f 673/1161/1014 674/1166/1016 671/1158/1013
f 671/1158/1013 674/1166/1016 672/1156/1011
f 669/1165/1005 452/1167/663 674/1166/1016
f 674/1166/1016 452/1168/663 672/1156/1011
f 422/1169/1017 421/1170/1018 676/1171/1019
f 676/1171/1019 421/1170/1018 425/1172/1020
f 676/1171/1019 425/1172/1020 675/1173/1021
f 675/1173/1021 425/1172/1020 424/1174/1022
f 675/1173/1021 424/1174/1022 111/1175/1023
f 111/1175/1023 424/1174/1022 112/1176/1024
f 422/1169/1017 676/1171/1019 423/1177/1025
f 423/1177/1025 676/1171/1019 451/1178/665
f 423/1177/1025 451/1178/665 417/1179/666
f 675/1180/1026 111/1181/135 677/1182/1027
f 677/1182/1027 111/1181/135 482/1183/1028
f 677/1182/1027 482/1183/1028 679/1184/1029
f 679/1184/1029 482/1183/1028 481/1185/1030
f 679/1184/1029 481/1185/1030 472/1186/687
f 472/1186/687 481/1185/1030 454/1187/667
f 472/1186/687 471/1188/1031 679/1184/1029
f 679/1184/1029 471/1188/1031 680/1189/1032
f 679/1184/1029 680/1189/1032 677/1182/1027
f 677/1182/1027 680/1189/1032 678/1190/1033
f 677/1182/1027 678/1190/1033 675/1180/1026
f 675/1180/1026 678/1190/1033 676/1191/1034
f 676/1191/1034 678/1190/1033 451/1192/665
f 471/1188/1031 451/1193/665 680/1189/1032
f 680/1189/1032 451/1194/665 678/1190/1033
f 435/1195/1035 411/1196/1036 682/1197/1037
f 682/1197/1037 411/1196/1036 410/1198/1038
f 682/1197/1037 410/1198/1038 681/1199/1039
f 681/1199/1039 410/1198/1038 409/1200/1040
f 681/1199/1039 409/1200/1040 108/1201/127
f 108/1201/127 409/1200/1040 109/1202/111
f 682/1197/1037 449/1203/660 435/1195/1035
f 435/1195/1035 449/1203/660 436/1204/1041
f 436/1204/1041 449/1203/660 431/1205/659
f 449/1206/660 682/1207/1037 684/1208/1042
f 684/1208/1042 682/1207/1037 681/1209/1039
f 684/1208/1042 681/1209/1039 683/1210/1043
f 683/1210/1043 681/1209/1039 108/1211/127
f 683/1210/1043 108/1211/127 518/1212/1044
f 683/1210/1043 518/1212/1044 685/1213/1045
f 685/1213/1045 518/1212/1044 517/1214/765
f 685/1213/1045 517/1214/765 538/1215/1046
f 538/1215/1046 517/1214/765 447/1216/658
f 538/1215/1046 537/1217/1047 685/1213/1045
f 685/1213/1045 537/1217/1047 686/1218/1048
f 685/1213/1045 686/1218/1048 683/1210/1043
f 683/1210/1043 686/1218/1048 684/1208/1042
f 537/1217/1047 449/1219/660 686/1218/1048
f 686/1218/1048 449/1220/660 684/1208/1042
f 429/1221/1049 428/1222/1050 687/1223/1051
f 687/1223/1051 428/1222/1050 434/1224/1052
f 687/1223/1051 434/1224/1052 433/1225/1053
f 432/1226/661 450/1227/662 433/1225/1053
f 433/1225/1053 450/1227/662 687/1223/1051
f 687/1223/1051 688/1228/1054 429/1221/1049
f 429/1221/1049 688/1228/1054 430/1229/1055
f 430/1229/1055 688/1228/1054 116/1230/1056
f 430/1229/1055 116/1230/1056 115/1231/1057
f 116/1232/1056 688/1233/1054 547/1234/1058
f 547/1234/1058 688/1233/1054 690/1235/1059
f 547/1234/1058 690/1235/1059 548/1236/1060
f 548/1236/1060 690/1235/1059 691/1237/1061
f 548/1236/1060 691/1237/1061 446/1238/656
f 446/1238/656 691/1237/1061 539/1239/1062
f 539/1239/1062 691/1237/1061 692/1240/1063
f 539/1239/1062 692/1240/1063 540/1241/1064
f 540/1241/1064 692/1240/1063 450/1242/662
f 688/1233/1054 687/1243/1051 690/1235/1059
f 690/1235/1059 687/1243/1051 689/1244/1065
f 690/1235/1059 689/1244/1065 691/1237/1061
f 691/1237/1061 689/1244/1065 692/1240/1063
f 687/1243/1051 450/1245/662 689/1244/1065
f 689/1244/1065 450/1246/662 692/1240/1063
# 692 vertices
# 1246 texture params
# 1065 normals
# 1384 facets

# 1 groups
