# WaveFront *.obj file (generated by Autodesk ATF)

mtllib body46_visual.mtl

g Body46

v 65.144817 -61.959607 95.674622
v 65.135438 -61.968986 95.676621
v 65.126892 -61.977532 95.682441
v 65.119939 -61.984485 95.691565
v 65.115197 -61.989227 95.703182
v 65.113086 -61.991338 95.716259
v 65.113795 -61.990629 95.729635
v 65.117260 -61.987164 95.742122
v 65.123174 -61.981250 95.752609
v 65.131011 -61.973413 95.760166
v 65.140075 -61.964349 95.764119
v 65.149560 -61.954864 95.764119
v 65.158623 -61.945801 95.760166
v 65.166460 -61.937964 95.752609
v 65.172374 -61.932050 95.742122
v 65.175839 -61.928585 95.729635
v 65.176548 -61.927876 95.716259
v 65.174437 -61.929987 95.703182
v 65.169695 -61.934729 95.691565
v 65.162742 -61.941682 95.682441
v 65.154196 -61.950228 95.676621
v 65.127140 -61.941929 95.699622
v 65.133276 -61.935793 95.701603
v 65.138196 -61.930872 95.707152
v 65.140927 -61.928142 95.715172
v 65.140927 -61.928142 95.724072
v 65.138196 -61.930872 95.732092
v 65.133276 -61.935793 95.737641
v 65.127140 -61.941929 95.739622
v 65.121004 -61.948065 95.737641
v 65.116083 -61.952986 95.732092
v 65.113352 -61.955717 95.724072
v 65.113352 -61.955717 95.715172
v 65.116083 -61.952986 95.707152
v 65.121004 -61.948065 95.701603
v 65.138052 -61.952842 95.762719
v 65.132317 -61.947107 95.757300
v 65.128485 -61.943275 95.749189
v 65.133510 -61.957384 95.677006
v 65.128346 -61.951078 95.682365
v 65.125369 -61.946391 95.690385
v 65.131601 -61.940159 95.690385
v 65.136288 -61.943136 95.682365
v 65.142594 -61.948300 95.677006
v 65.124830 -61.966064 95.680793
v 65.120758 -61.958666 95.685676
v 65.119414 -61.952346 95.692983
v 65.117325 -61.973570 95.688030
v 65.114196 -61.965228 95.692002
v 65.114265 -61.957495 95.697948
v 65.111661 -61.979233 95.698073
v 65.109244 -61.970180 95.700783
v 65.110379 -61.961381 95.704838
v 65.108342 -61.982552 95.710032
v 65.106343 -61.973081 95.711238
v 65.108102 -61.963658 95.713043
v 65.107663 -61.983231 95.722843
v 65.105750 -61.973674 95.722438
v 65.107637 -61.964123 95.721832
v 65.109685 -61.981209 95.735367
v 65.107517 -61.971907 95.733387
v 65.109023 -61.962737 95.730424
v 65.114227 -61.976667 95.746493
v 65.111488 -61.967936 95.743114
v 65.112139 -61.959621 95.738057
v 65.120886 -61.970009 95.755230
v 65.117309 -61.962115 95.750753
v 65.116708 -61.955052 95.744051
v 65.129070 -61.961824 95.760804
v 65.124464 -61.954960 95.755626
v 65.122323 -61.949437 95.747875
v 65.147035 -61.943859 95.760804
v 65.140170 -61.939254 95.755626
v 65.134648 -61.937112 95.747875
v 65.155219 -61.935675 95.755230
v 65.147325 -61.932099 95.750753
v 65.140263 -61.931497 95.744051
v 65.161878 -61.929016 95.746493
v 65.153147 -61.926277 95.743114
v 65.144831 -61.926929 95.738057
v 65.166420 -61.924474 95.735367
v 65.157118 -61.922306 95.733387
v 65.147947 -61.923813 95.730424
v 65.168441 -61.922453 95.722843
v 65.158885 -61.920539 95.722438
v 65.149334 -61.922426 95.721832
v 65.167762 -61.923132 95.710032
v 65.158291 -61.921133 95.711238
v 65.148868 -61.922892 95.713043
v 65.164444 -61.926450 95.698073
v 65.155390 -61.924034 95.700783
v 65.146591 -61.925169 95.704838
v 65.158780 -61.932114 95.688030
v 65.150438 -61.928986 95.692002
v 65.142706 -61.929054 95.697948
v 65.151275 -61.939620 95.680793
v 65.143877 -61.935547 95.685676
v 65.137556 -61.934203 95.692983
v 65.480693 -62.295483 95.764622
v 65.490072 -62.286103 95.762623
v 65.498618 -62.277558 95.756803
v 65.505571 -62.270605 95.747679
v 65.510313 -62.265862 95.736062
v 65.512424 -62.263752 95.722985
v 65.511715 -62.264460 95.709609
v 65.508250 -62.267926 95.697122
v 65.502336 -62.273840 95.686635
v 65.494499 -62.281676 95.679078
v 65.485435 -62.290740 95.675125
v 65.475950 -62.300225 95.675125
v 65.466887 -62.309289 95.679078
v 65.459050 -62.317125 95.686635
v 65.453136 -62.323039 95.697122
v 65.449671 -62.326505 95.709609
v 65.448962 -62.327213 95.722985
v 65.451073 -62.325103 95.736062
v 65.455815 -62.320360 95.747679
v 65.462768 -62.313407 95.756803
v 65.471314 -62.304862 95.762623
v 65.312755 -62.127545 95.674622
v 65.322134 -62.118166 95.676621
v 65.330680 -62.109620 95.682441
v 65.337633 -62.102667 95.691565
v 65.342375 -62.097924 95.703182
v 65.344486 -62.095814 95.716259
v 65.343777 -62.096523 95.729635
v 65.340312 -62.099988 95.742122
v 65.334398 -62.105902 95.752609
v 65.326561 -62.113739 95.760166
v 65.317498 -62.122802 95.764119
v 65.308013 -62.132287 95.764119
v 65.298949 -62.141351 95.760166
v 65.291112 -62.149188 95.752609
v 65.285198 -62.155101 95.742122
v 65.281733 -62.158567 95.729635
v 65.281024 -62.159275 95.716259
v 65.283135 -62.157165 95.703182
v 65.287877 -62.152422 95.691565
v 65.294830 -62.145469 95.682441
v 65.303376 -62.136924 95.676621
v 65.821500 -62.594607 95.547122
v 65.810501 -62.604407 95.545246
v 65.798891 -62.613681 95.544622
v 65.789618 -62.625291 95.545246
v 65.779817 -62.636290 95.547122
v 65.761450 -62.654657 95.553639
v 65.744002 -62.672106 95.564043
v 65.727880 -62.688227 95.578090
v 65.713462 -62.702645 95.595451
v 65.701086 -62.715021 95.615720
v 65.714131 -62.702843 95.595121
v 65.729301 -62.688576 95.577541
v 65.746230 -62.672564 95.563405
v 65.764506 -62.655197 95.553055
v 65.783688 -62.636894 95.546743
v 65.803310 -62.618100 95.544622
v 65.816523 -62.631314 95.544615
v 65.826798 -62.621129 95.545311
v 65.837410 -62.610517 95.547122
v 65.856077 -62.591850 95.553781
v 65.873787 -62.574140 95.564454
v 65.890112 -62.557815 95.578882
v 65.904657 -62.543269 95.596717
v 65.917071 -62.530856 95.617526
v 65.927052 -62.520875 95.640806
v 65.934359 -62.513568 95.665994
v 65.938815 -62.509112 95.692479
v 65.940312 -62.507615 95.719622
v 65.938815 -62.509112 95.746765
v 65.934359 -62.513568 95.773250
v 65.927052 -62.520875 95.798438
v 65.917071 -62.530856 95.821718
v 65.904657 -62.543269 95.842527
v 65.890112 -62.557815 95.860362
v 65.873787 -62.574140 95.874790
v 65.856077 -62.591850 95.885463
v 65.837410 -62.610517 95.892122
v 65.826798 -62.621129 95.893933
v 65.816480 -62.631270 95.894622
v 65.806339 -62.641588 95.893933
v 65.795727 -62.652200 95.892122
v 65.777060 -62.670866 95.885463
v 65.759350 -62.688577 95.874790
v 65.743025 -62.704902 95.860361
v 65.728479 -62.719448 95.842526
v 65.716066 -62.731861 95.821717
v 65.706085 -62.741842 95.798436
v 65.698778 -62.749149 95.773248
v 65.694322 -62.753605 95.746762
v 65.692825 -62.755102 95.719619
v 65.694323 -62.753604 95.692476
v 65.698779 -62.749147 95.665990
v 65.706087 -62.741840 95.640802
v 65.716069 -62.731858 95.617522
v 65.728483 -62.719444 95.596713
v 65.743029 -62.704898 95.578879
v 65.759354 -62.688572 95.564451
v 65.777065 -62.670862 95.553779
v 65.795507 -62.651970 95.547121
v 65.781733 -62.664675 95.551388
v 65.768605 -62.677168 95.557671
v 65.756022 -62.689107 95.565907
v 65.744134 -62.700349 95.576010
v 65.733126 -62.710717 95.587816
v 65.723100 -62.720117 95.601209
v 65.714161 -62.728450 95.616060
v 65.706455 -62.735575 95.632122
v 65.698958 -62.742381 95.652627
v 65.693383 -62.747230 95.674335
v 65.689849 -62.750008 95.696774
v 65.688406 -62.750683 95.719587
v 65.689080 -62.749239 95.742463
v 65.691857 -62.745706 95.764902
v 65.696688 -62.740146 95.786557
v 65.703508 -62.732628 95.807122
v 65.712141 -62.723297 95.826135
v 65.722437 -62.712283 95.843326
v 65.734245 -62.699720 95.858446
v 65.747312 -62.685884 95.871161
v 65.761440 -62.670988 95.881286
v 65.776412 -62.655258 95.888659
v 65.791912 -62.639029 95.893123
v 65.807729 -62.622520 95.894622
v 65.823551 -62.606007 95.893122
v 65.839081 -62.589745 95.888646
v 65.854039 -62.574030 95.881275
v 65.868186 -62.559113 95.871128
v 65.881236 -62.545296 95.858421
v 65.892999 -62.532778 95.843358
v 65.903313 -62.521735 95.826134
v 65.911947 -62.512407 95.807122
v 65.918754 -62.504908 95.786614
v 65.923602 -62.499333 95.764904
v 65.926379 -62.495801 95.742473
v 65.927055 -62.494357 95.719663
v 65.925612 -62.495030 95.696787
v 65.922079 -62.497807 95.674349
v 65.916520 -62.502637 95.652692
v 65.909001 -62.509460 95.632122
v 65.901651 -62.516259 95.616721
v 65.893179 -62.524156 95.602440
v 65.883677 -62.533060 95.589448
v 65.873406 -62.542714 95.578030
v 65.857283 -62.558824 95.564019
v 65.839850 -62.576257 95.553631
v 65.748834 -62.667273 95.892122
v 65.739794 -62.676313 95.885488
v 65.731149 -62.684958 95.877894
v 65.722940 -62.693167 95.869374
v 65.715217 -62.700890 95.859979
v 65.708038 -62.708069 95.849779
v 65.701434 -62.714673 95.838823
v 65.695159 -62.720948 95.826576
v 65.688627 -62.727480 95.811095
v 65.682801 -62.733306 95.793344
v 65.677946 -62.738161 95.772555
v 65.674791 -62.741316 95.749738
v 65.673751 -62.742356 95.726576
v 65.674841 -62.741267 95.703376
v 65.678050 -62.738057 95.680548
v 65.683323 -62.732784 95.658501
v 65.687248 -62.728859 95.646328
v 65.693046 -62.723061 95.631756
v 65.613275 -62.802832 95.547122
v 65.613275 -62.802832 95.892122
v 65.854454 -62.561653 95.892122
v 65.851779 -62.563704 95.893556
v 65.850231 -62.564325 95.894191
v 65.849360 -62.564425 95.894470
v 65.848933 -62.564353 95.894570
v 65.848537 -62.564134 95.894621
v 65.848228 -62.564344 95.894622
v 65.982739 -62.429833 95.894622
v 65.983623 -62.430717 95.894287
v 65.984270 -62.431364 95.893372
v 65.984507 -62.431601 95.892122
v 65.868975 -62.546659 95.893372
v 65.888191 -62.527443 95.893372
v 65.907406 -62.508227 95.893372
v 65.926622 -62.489011 95.893372
v 65.945838 -62.469795 95.893372
v 65.965054 -62.450580 95.893372
v 65.868328 -62.546012 95.894287
v 65.887544 -62.526796 95.894287
v 65.906759 -62.507580 95.894287
v 65.925975 -62.488364 95.894287
v 65.945191 -62.469148 95.894287
v 65.964407 -62.449932 95.894287
v 65.870180 -62.545927 95.880488
v 65.865062 -62.551045 95.884694
v 65.859816 -62.556291 95.888574
v 65.984507 -62.431601 95.547122
v 65.881691 -62.534416 95.586266
v 65.890288 -62.525819 95.596797
v 65.895001 -62.521106 95.603711
v 65.900151 -62.515956 95.612146
v 65.905255 -62.510852 95.621521
v 65.909599 -62.506508 95.630672
v 65.915276 -62.500831 95.644898
v 65.919330 -62.496777 95.657404
v 65.924589 -62.491518 95.679167
v 65.927840 -62.488267 95.701501
v 65.929084 -62.487023 95.724262
v 65.928293 -62.487814 95.747102
v 65.925486 -62.490621 95.769557
v 65.920706 -62.495401 95.791351
v 65.914010 -62.502097 95.812173
v 65.905353 -62.510754 95.832064
v 65.895074 -62.521033 95.850210
v 65.883287 -62.532820 95.866439
v 65.759278 -62.653293 95.894622
v 65.753348 -62.661708 95.893900
v 65.750784 -62.665039 95.893103
v 65.613039 -62.802595 95.893372
v 65.612392 -62.801948 95.894287
v 65.611508 -62.801064 95.894622
v 65.741691 -62.672649 95.894287
v 65.723219 -62.691120 95.894287
v 65.704748 -62.709591 95.894287
v 65.686277 -62.728062 95.894287
v 65.667806 -62.746534 95.894287
v 65.649334 -62.765005 95.894287
v 65.630863 -62.783476 95.894287
v 65.742338 -62.673296 95.893372
v 65.723867 -62.691767 95.893372
v 65.705395 -62.710238 95.893372
v 65.686924 -62.728710 95.893372
v 65.668453 -62.747181 95.893372
v 65.649981 -62.765652 95.893372
v 65.631510 -62.784123 95.893372
v 65.820155 -62.585358 95.894622
v 65.794472 -62.609261 95.894622
v 65.775904 -62.630514 95.894622
v 65.310987 -62.500543 95.894622
v 65.682218 -62.129312 95.894622
v 65.593830 -62.854097 95.547122
v 65.593830 -62.854097 95.892122
v 65.611508 -62.801064 95.544622
v 65.612392 -62.801948 95.544957
v 65.613039 -62.802595 95.545872
v 65.781684 -62.633950 95.545872
v 65.762945 -62.652688 95.545872
v 65.744207 -62.671426 95.545872
v 65.725469 -62.690165 95.545872
v 65.706730 -62.708903 95.545872
v 65.687992 -62.727641 95.545872
v 65.669254 -62.746380 95.545872
v 65.650515 -62.765118 95.545872
v 65.631777 -62.783856 95.545872
v 65.781037 -62.633303 95.544957
v 65.762298 -62.652041 95.544957
v 65.743560 -62.670779 95.544957
v 65.724822 -62.689518 95.544957
v 65.706083 -62.708256 95.544957
v 65.687345 -62.726994 95.544957
v 65.668607 -62.745733 95.544957
v 65.649868 -62.764471 95.544957
v 65.631130 -62.783209 95.544957
v 65.275632 -62.535899 95.522122
v 65.268867 -62.529134 95.524025
v 65.263132 -62.523399 95.529444
v 65.259300 -62.519567 95.537555
v 65.257954 -62.518221 95.547122
v 65.664541 -62.111635 95.547122
v 65.665886 -62.112980 95.537555
v 65.669718 -62.116812 95.529444
v 65.675453 -62.122547 95.524025
v 65.682218 -62.129312 95.522122
v 65.404396 -62.393605 95.524025
v 65.539925 -62.258076 95.524025
v 65.398661 -62.387870 95.529444
v 65.534190 -62.252341 95.529444
v 65.394829 -62.384038 95.537555
v 65.530358 -62.248509 95.537555
v 65.257954 -62.518221 95.892122
v 65.664541 -62.111635 95.892122
v 65.259300 -62.519567 95.901689
v 65.263132 -62.523399 95.909800
v 65.268867 -62.529134 95.915219
v 65.275632 -62.535899 95.917122
v 65.682218 -62.129312 95.917122
v 65.675453 -62.122547 95.915219
v 65.669718 -62.116812 95.909800
v 65.665886 -62.112980 95.901689
v 65.394829 -62.384038 95.901689
v 65.530358 -62.248509 95.901689
v 65.398661 -62.387870 95.909800
v 65.534190 -62.252341 95.909800
v 65.404396 -62.393605 95.915219
v 65.539925 -62.258076 95.915219
v 65.576152 -62.836419 95.917122
v 65.982739 -62.429833 95.917122
v 66.000416 -62.447510 95.892122
v 65.999071 -62.446165 95.901689
v 65.995239 -62.442333 95.909800
v 65.989504 -62.436598 95.915219
v 65.582917 -62.843184 95.915219
v 65.588652 -62.848919 95.909800
v 65.592484 -62.852751 95.901689
v 65.863542 -62.581694 95.901689
v 65.728013 -62.717222 95.901689
v 65.859710 -62.577862 95.909800
v 65.724181 -62.713390 95.909800
v 65.853975 -62.572127 95.915219
v 65.718446 -62.707655 95.915219
v 66.000416 -62.447510 95.547122
v 65.809452 -62.638192 95.544897
v 65.802439 -62.645085 95.545733
v 65.592484 -62.852751 95.537555
v 65.588652 -62.848919 95.529444
v 65.582917 -62.843184 95.524025
v 65.576152 -62.836419 95.522122
v 65.982739 -62.429833 95.522122
v 65.989504 -62.436598 95.524025
v 65.995239 -62.442333 95.529444
v 65.999071 -62.446165 95.537555
v 65.728013 -62.717222 95.537555
v 65.863542 -62.581694 95.537555
v 65.724181 -62.713390 95.529444
v 65.859710 -62.577862 95.529444
v 65.718446 -62.707655 95.524025
v 65.853975 -62.572127 95.524025
v 65.680451 -62.127545 95.547122
v 65.680687 -62.127781 95.545872
v 65.681334 -62.128429 95.544957
v 65.682218 -62.129312 95.544622
v 65.982739 -62.429833 95.544622
v 65.983623 -62.430717 95.544957
v 65.984270 -62.431364 95.545872
v 65.681334 -62.128429 95.894287
v 65.680687 -62.127781 95.893372
v 65.680451 -62.127545 95.892122
v 65.309220 -62.498776 95.547122
v 65.309456 -62.499013 95.545872
v 65.310103 -62.499660 95.544957
v 65.310987 -62.500543 95.544622
v 65.328995 -62.479474 95.545872
v 65.348533 -62.459936 95.545872
v 65.368072 -62.440397 95.545872
v 65.387610 -62.420859 95.545872
v 65.407149 -62.401320 95.545872
v 65.426687 -62.381782 95.545872
v 65.446226 -62.362243 95.545872
v 65.465764 -62.342705 95.545872
v 65.485303 -62.323166 95.545872
v 65.504841 -62.303628 95.545872
v 65.524380 -62.284089 95.545872
v 65.543918 -62.264551 95.545872
v 65.563457 -62.245012 95.545872
v 65.582995 -62.225474 95.545872
v 65.602534 -62.205935 95.545872
v 65.622072 -62.186397 95.545872
v 65.641610 -62.166858 95.545872
v 65.661149 -62.147320 95.545872
v 65.329642 -62.480121 95.544957
v 65.349180 -62.460583 95.544957
v 65.368719 -62.441044 95.544957
v 65.388257 -62.421506 95.544957
v 65.407796 -62.401967 95.544957
v 65.427334 -62.382429 95.544957
v 65.446873 -62.362890 95.544957
v 65.466411 -62.343352 95.544957
v 65.485950 -62.323813 95.544957
v 65.505488 -62.304275 95.544957
v 65.525027 -62.284736 95.544957
v 65.544565 -62.265198 95.544957
v 65.564104 -62.245659 95.544957
v 65.583642 -62.226121 95.544957
v 65.603181 -62.206582 95.544957
v 65.622719 -62.187044 95.544957
v 65.642258 -62.167505 95.544957
v 65.661796 -62.147967 95.544957
v 65.818160 -62.596180 95.544957
v 65.836544 -62.577795 95.544957
v 65.854929 -62.559410 95.544957
v 65.873314 -62.541025 95.544957
v 65.891699 -62.522641 95.544957
v 65.910084 -62.504256 95.544957
v 65.928468 -62.485871 95.544957
v 65.946853 -62.467486 95.544957
v 65.965238 -62.449101 95.544957
v 65.818807 -62.596827 95.545872
v 65.837191 -62.578442 95.545872
v 65.855576 -62.560057 95.545872
v 65.873961 -62.541672 95.545872
v 65.892346 -62.523288 95.545872
v 65.910731 -62.504903 95.545872
v 65.929115 -62.486518 95.545872
v 65.947500 -62.468133 95.545872
v 65.965885 -62.449748 95.545872
v 65.310103 -62.499660 95.894287
v 65.309456 -62.499013 95.893372
v 65.309220 -62.498776 95.892122
v 65.329642 -62.480121 95.894287
v 65.349180 -62.460583 95.894287
v 65.368719 -62.441044 95.894287
v 65.388257 -62.421506 95.894287
v 65.407796 -62.401967 95.894287
v 65.427334 -62.382429 95.894287
v 65.446873 -62.362890 95.894287
v 65.466411 -62.343352 95.894287
v 65.485950 -62.323813 95.894287
v 65.505488 -62.304275 95.894287
v 65.525027 -62.284736 95.894287
v 65.544565 -62.265198 95.894287
v 65.564104 -62.245659 95.894287
v 65.583642 -62.226121 95.894287
v 65.603181 -62.206582 95.894287
v 65.622719 -62.187044 95.894287
v 65.642258 -62.167505 95.894287
v 65.661796 -62.147967 95.894287
v 65.328995 -62.479474 95.893372
v 65.348533 -62.459936 95.893372
v 65.368072 -62.440397 95.893372
v 65.387610 -62.420859 95.893372
v 65.407149 -62.401320 95.893372
v 65.426687 -62.381782 95.893372
v 65.446226 -62.362243 95.893372
v 65.465764 -62.342705 95.893372
v 65.485303 -62.323166 95.893372
v 65.504841 -62.303628 95.893372
v 65.524380 -62.284089 95.893372
v 65.543918 -62.264551 95.893372
v 65.563457 -62.245012 95.893372
v 65.582995 -62.225474 95.893372
v 65.602534 -62.205935 95.893372
v 65.622072 -62.186397 95.893372
v 65.641610 -62.166858 95.893372
v 65.661149 -62.147320 95.893372
v 65.854027 -62.562904 95.892640
v 65.836971 -62.580765 95.901347
v 65.819529 -62.598970 95.906489
v 65.802206 -62.616995 95.908154
v 65.785661 -62.634210 95.906636
v 65.768987 -62.651608 95.901950
v 65.752624 -62.668737 95.894009
v 65.737023 -62.685124 95.882895
v 65.722613 -62.700320 95.868864
v 65.709759 -62.713939 95.852324
v 65.698734 -62.725689 95.833802
v 65.689700 -62.735393 95.813888
v 65.682525 -62.743239 95.792456
v 65.677239 -62.749250 95.769248
v 65.674111 -62.753143 95.744768
v 65.673313 -62.754727 95.719622
v 65.674897 -62.753928 95.694476
v 65.678790 -62.750801 95.669996
v 65.684801 -62.745515 95.646788
v 65.692647 -62.738339 95.625356
v 65.702350 -62.729305 95.605442
v 65.714101 -62.718280 95.586920
v 65.727719 -62.705427 95.570380
v 65.742915 -62.691017 95.556349
v 65.759302 -62.675416 95.545235
v 65.776431 -62.659052 95.537294
v 65.793830 -62.642379 95.532608
v 65.811044 -62.625834 95.531090
v 65.808835 -62.623624 95.531090
v 65.791620 -62.640169 95.532608
v 65.774221 -62.656842 95.537294
v 65.757093 -62.673206 95.545235
v 65.740706 -62.688807 95.556349
v 65.725510 -62.703217 95.570380
v 65.711891 -62.716071 95.586920
v 65.700141 -62.727095 95.605442
v 65.690437 -62.736130 95.625356
v 65.682591 -62.743305 95.646788
v 65.676580 -62.748591 95.669996
v 65.672687 -62.751719 95.694476
v 65.671103 -62.752517 95.719622
v 65.671901 -62.750933 95.744768
v 65.675029 -62.747040 95.769248
v 65.680315 -62.741029 95.792456
v 65.687491 -62.733183 95.813888
v 65.696525 -62.723479 95.833802
v 65.707549 -62.711729 95.852324
v 65.720403 -62.698110 95.868864
v 65.734813 -62.682915 95.882895
v 65.750414 -62.666528 95.894009
v 65.766778 -62.649399 95.901950
v 65.783451 -62.632000 95.906636
v 65.799996 -62.614785 95.908154
v 65.812107 -62.602189 95.907342
v 65.824348 -62.589431 95.904848
v 65.836550 -62.576684 95.900612
v 65.867789 -62.553992 95.877007
v 65.904680 -62.514822 95.829608
v 65.881637 -62.539359 95.863504
v 65.894015 -62.526216 95.847559
v 65.913329 -62.505507 95.810503
v 65.920235 -62.497931 95.789840
v 65.925318 -62.492123 95.767466
v 65.928319 -62.488356 95.743865
v 65.852732 -62.569836 95.887747
v 65.836970 -62.586364 95.895403
v 65.820908 -62.603151 95.899921
v 65.789031 -62.636367 95.899921
v 65.804969 -62.619759 95.901383
v 65.772969 -62.653154 95.895403
v 65.757207 -62.669682 95.887747
v 65.742170 -62.685505 95.877024
v 65.728302 -62.700159 95.863504
v 65.715924 -62.713302 95.847559
v 65.705308 -62.724644 95.829702
v 65.689704 -62.741587 95.789840
v 65.696610 -62.734011 95.810503
v 65.684621 -62.747395 95.767466
v 65.681619 -62.751162 95.743865
v 65.680864 -62.752704 95.719604
v 65.682405 -62.751948 95.695379
v 65.686172 -62.748946 95.671778
v 65.691980 -62.743863 95.649404
v 65.708924 -62.728260 95.609542
v 65.699556 -62.736957 95.628741
v 65.720265 -62.717644 95.591685
v 65.733408 -62.705266 95.575740
v 65.748073 -62.691387 95.562212
v 65.763959 -62.676290 95.551455
v 65.780413 -62.660598 95.543841
v 65.797200 -62.644536 95.539323
v 65.701186 -62.720524 95.609541
v 65.808900 -62.599869 95.900603
v 65.691818 -62.729221 95.628740
v 65.684243 -62.736127 95.649403
v 65.678434 -62.741210 95.671777
v 65.674667 -62.744212 95.695379
v 65.673126 -62.744967 95.719622
v 65.673881 -62.743426 95.743865
v 65.676883 -62.739659 95.767466
v 65.765232 -62.645418 95.895405
v 65.781294 -62.628631 95.899922
v 65.797233 -62.612022 95.901385
v 65.820692 -62.587560 95.898198
v 65.712527 -62.709908 95.591684
v 65.725671 -62.697529 95.575738
v 65.740335 -62.683651 95.562211
v 65.756148 -62.668624 95.551496
v 65.772676 -62.652861 95.543839
v 65.789463 -62.636800 95.539322
vt -0.000000 0.011273 0.000000
vt -0.009817 0.005637 0.000000
vt -0.000000 -0.000000 0.000000
vt -0.009817 -0.005637 0.000000
vt -0.000000 -0.011273 0.000000
vt -0.009817 -0.016910 0.000000
vt -0.000000 -0.022546 0.000000
vt -0.009817 -0.028183 0.000000
vt -0.000000 -0.033819 0.000000
vt -0.009817 -0.039456 0.000000
vt -0.000000 -0.045093 0.000000
vt -0.009817 -0.050729 0.000000
vt -0.000000 -0.056366 0.000000
vt -0.009817 -0.062002 0.000000
vt -0.000000 -0.067639 0.000000
vt -0.009817 -0.073275 0.000000
vt -0.000000 -0.078912 0.000000
vt -0.009817 -0.084548 0.000000
vt 0.000000 -0.090185 0.000000
vt -0.009817 -0.095822 0.000000
vt 0.000000 -0.101458 0.000000
vt -0.009817 -0.107095 0.000000
vt 0.000000 -0.112731 0.000000
vt -0.009817 -0.118368 0.000000
vt -0.000000 -0.124004 0.000000
vt -0.000000 0.112731 0.000000
vt -0.009817 0.118368 0.000000
vt -0.009817 0.107095 0.000000
vt -0.000000 0.101458 0.000000
vt -0.009817 0.095822 0.000000
vt 0.000000 0.090185 0.000000
vt -0.009817 0.084548 0.000000
vt 0.000000 0.078912 0.000000
vt -0.009817 0.073275 0.000000
vt 0.000000 0.067639 0.000000
vt -0.009817 0.062002 0.000000
vt 0.000000 0.056366 0.000000
vt -0.009817 0.050729 0.000000
vt 0.000000 0.045093 0.000000
vt -0.009817 0.039456 0.000000
vt -0.000000 0.033819 0.000000
vt -0.009817 0.028183 0.000000
vt -0.000000 0.022546 0.000000
vt -0.009817 0.016910 0.000000
vt -0.039270 -0.016910 0.000000
vt -0.029452 -0.005637 0.000000
vt -0.039270 -0.000000 0.000000
vt -0.029452 0.005637 0.000000
vt -0.039270 0.016910 0.000000
vt -0.029452 0.016910 0.000000
vt -0.029452 0.028183 0.000000
vt -0.019635 0.016910 0.000000
vt -0.019635 0.028183 0.000000
vt -0.039270 -0.033819 0.000000
vt -0.029452 -0.028183 0.000000
vt -0.029452 -0.016910 0.000000
vt -0.019635 -0.016910 0.000000
vt -0.019635 -0.005637 0.000000
vt -0.029452 -0.039456 0.000000
vt -0.039270 -0.050729 0.000000
vt -0.029452 -0.050729 0.000000
vt -0.029452 -0.062002 0.000000
vt -0.019635 -0.062002 0.000000
vt -0.019635 -0.073275 0.000000
vt -0.039270 -0.067639 0.000000
vt -0.029452 -0.073275 0.000000
vt -0.019635 -0.084548 0.000000
vt -0.039270 -0.084548 0.000000
vt -0.029452 -0.084548 0.000000
vt -0.019635 -0.095822 0.000000
vt -0.029452 -0.095822 0.000000
vt -0.039270 -0.101458 0.000000
vt -0.029452 -0.107095 0.000000
vt -0.039270 -0.118368 0.000000
vt -0.029452 -0.118368 0.000000
vt -0.029452 0.118368 0.000000
vt -0.039270 0.118368 0.000000
vt -0.029452 0.107095 0.000000
vt -0.019635 0.107095 0.000000
vt -0.019635 0.095822 0.000000
vt -0.039270 0.101458 0.000000
vt -0.029452 0.095822 0.000000
vt -0.019635 0.084548 0.000000
vt -0.039270 0.084548 0.000000
vt -0.029452 0.084548 0.000000
vt -0.019635 0.073275 0.000000
vt -0.029452 0.073275 0.000000
vt -0.039270 0.067639 0.000000
vt -0.029452 0.062002 0.000000
vt -0.039270 0.050729 0.000000
vt -0.029452 0.050729 0.000000
vt -0.029452 0.039456 0.000000
vt -0.019635 0.039456 0.000000
vt -0.039270 0.033819 0.000000
vt -0.019635 0.118368 0.000000
vt -0.019635 -0.118368 0.000000
vt -0.019635 -0.107095 0.000000
vt -0.019635 0.005637 0.000000
vt -0.019635 0.050729 0.000000
vt -0.019635 0.062002 0.000000
vt -0.019635 -0.050729 0.000000
vt -0.019635 -0.039456 0.000000
vt -0.019635 -0.028183 0.000000
vt -0.025000 -0.127908 0.000000
vt -0.262500 -0.127908 0.000000
vt -0.025000 -0.141372 0.000000
vt -0.262500 -0.141372 0.000000
vt -0.025000 0.141372 0.000000
vt -0.262500 0.141372 0.000000
vt -0.025000 0.127908 0.000000
vt -0.262500 0.127908 0.000000
vt -0.025000 0.114444 0.000000
vt -0.262500 0.114444 0.000000
vt -0.025000 0.100980 0.000000
vt -0.262500 0.100980 0.000000
vt -0.025000 0.087516 0.000000
vt -0.262500 0.087516 0.000000
vt -0.025000 0.074052 0.000000
vt -0.262500 0.074052 0.000000
vt -0.025000 0.060588 0.000000
vt -0.262500 0.060588 0.000000
vt -0.025000 0.047124 0.000000
vt -0.262500 0.047124 0.000000
vt -0.025000 0.033660 0.000000
vt -0.262500 0.033660 0.000000
vt -0.025000 0.020196 0.000000
vt -0.262500 0.020196 0.000000
vt -0.025000 0.006732 0.000000
vt -0.262500 0.006732 0.000000
vt -0.025000 -0.006732 0.000000
vt -0.262500 -0.006732 0.000000
vt -0.025000 -0.020196 0.000000
vt -0.262500 -0.020196 0.000000
vt -0.025000 -0.033660 0.000000
vt -0.262500 -0.033660 0.000000
vt -0.025000 -0.047124 0.000000
vt -0.262500 -0.047124 0.000000
vt -0.025000 -0.060588 0.000000
vt -0.262500 -0.060588 0.000000
vt -0.025000 -0.074052 0.000000
vt -0.262500 -0.074052 0.000000
vt -0.025000 -0.087516 0.000000
vt -0.262500 -0.087516 0.000000
vt -0.025000 -0.100980 0.000000
vt -0.262500 -0.100980 0.000000
vt -0.025000 -0.114444 0.000000
vt -0.262500 -0.114444 0.000000
vt -0.500000 -0.013464 0.000000
vt -0.500000 0.000000 0.000000
vt -0.500000 0.013464 0.000000
vt -0.500000 0.026928 0.000000
vt -0.500000 0.040392 0.000000
vt -0.500000 0.053856 0.000000
vt -0.500000 0.067320 0.000000
vt -0.500000 0.080784 0.000000
vt -0.500000 0.094248 0.000000
vt -0.500000 0.107712 0.000000
vt -0.500000 0.121176 0.000000
vt -0.500000 0.134640 0.000000
vt -0.500000 0.148104 0.000000
vt -0.500000 -0.134640 0.000000
vt -0.500000 -0.121176 0.000000
vt -0.500000 -0.107712 0.000000
vt -0.500000 -0.094248 0.000000
vt -0.500000 -0.080784 0.000000
vt -0.500000 -0.067320 0.000000
vt -0.500000 -0.053856 0.000000
vt -0.500000 -0.040392 0.000000
vt -0.500000 -0.026928 0.000000
vt 0.452600 -0.493383 0.000000
vt 0.452600 -0.520163 0.000000
vt 0.475100 -0.520163 0.000000
vt 0.451753 -0.534994 0.000000
vt 0.475100 -0.535288 0.000000
vt 0.456350 -0.549779 0.000000
vt 0.475037 -0.549779 0.000000
vt 0.450100 -0.549779 0.000000
vt 0.456350 0.549779 0.000000
vt 0.450100 0.549779 0.000000
vt 0.451753 0.534994 0.000000
vt 0.455765 0.522504 0.000000
vt 0.452600 0.520163 0.000000
vt 0.455143 0.495229 0.000000
vt 0.452600 0.493357 0.000000
vt 0.454500 0.467956 0.000000
vt 0.452600 0.466551 0.000000
vt 0.453851 0.440682 0.000000
vt 0.452600 0.439745 0.000000
vt 0.453213 0.413408 0.000000
vt 0.452600 0.412939 0.000000
vt 0.452600 0.386133 0.000000
vt 0.475100 -0.492910 0.000000
vt 0.452600 -0.466604 0.000000
vt 0.475100 -0.465658 0.000000
vt 0.452609 -0.439824 0.000000
vt 0.475100 -0.438405 0.000000
vt 0.453045 -0.421682 0.000000
vt 0.475100 -0.411152 0.000000
vt 0.453468 -0.403284 0.000000
vt 0.475100 -0.383900 0.000000
vt 0.453875 -0.384892 0.000000
vt 0.454265 -0.366519 0.000000
vt 0.475100 -0.356647 0.000000
vt 0.454756 -0.343568 0.000000
vt 0.475100 -0.329395 0.000000
vt 0.455272 -0.320683 0.000000
vt 0.475100 -0.302142 0.000000
vt 0.455806 -0.297790 0.000000
vt 0.475100 -0.274889 0.000000
vt 0.456351 -0.274848 0.000000
vt 0.456894 -0.251973 0.000000
vt 0.475100 -0.247637 0.000000
vt 0.457428 -0.229086 0.000000
vt 0.475100 -0.220384 0.000000
vt 0.457943 -0.206142 0.000000
vt 0.475100 -0.193131 0.000000
vt 0.458431 -0.183260 0.000000
vt 0.475100 -0.165879 0.000000
vt 0.458922 -0.160379 0.000000
vt 0.475100 -0.138626 0.000000
vt 0.459438 -0.137456 0.000000
vt 0.459971 -0.114599 0.000000
vt 0.475100 -0.111374 0.000000
vt 0.460514 -0.091727 0.000000
vt 0.475100 -0.084121 0.000000
vt 0.461059 -0.068791 0.000000
vt 0.475100 -0.056868 0.000000
vt 0.461594 -0.045867 0.000000
vt 0.475100 -0.029616 0.000000
vt 0.462111 -0.022929 0.000000
vt 0.475100 -0.014491 0.000000
vt 0.462600 0.000001 0.000000
vt 0.474975 0.000000 0.000000
vt 0.475100 0.014491 0.000000
vt 0.463089 0.022924 0.000000
vt 0.475100 0.029616 0.000000
vt 0.463605 0.045816 0.000000
vt 0.475100 0.056869 0.000000
vt 0.464140 0.068760 0.000000
vt 0.475100 0.084122 0.000000
vt 0.464684 0.091661 0.000000
vt 0.475100 0.111375 0.000000
vt 0.465228 0.114559 0.000000
vt 0.475100 0.138628 0.000000
vt 0.465761 0.137501 0.000000
vt 0.466270 0.160377 0.000000
vt 0.475100 0.165881 0.000000
vt 0.466763 0.183260 0.000000
vt 0.475100 0.193134 0.000000
vt 0.467256 0.206204 0.000000
vt 0.475100 0.220387 0.000000
vt 0.467772 0.229089 0.000000
vt 0.475100 0.247640 0.000000
vt 0.468306 0.251983 0.000000
vt 0.475100 0.274893 0.000000
vt 0.468851 0.274924 0.000000
vt 0.469394 0.297803 0.000000
vt 0.475100 0.302146 0.000000
vt 0.469928 0.320697 0.000000
vt 0.475100 0.329399 0.000000
vt 0.470442 0.343639 0.000000
vt 0.475100 0.356652 0.000000
vt 0.470930 0.366519 0.000000
vt 0.475100 0.383905 0.000000
vt 0.471341 0.385712 0.000000
vt 0.471769 0.404949 0.000000
vt 0.475100 0.411158 0.000000
vt 0.472212 0.424143 0.000000
vt 0.475100 0.438411 0.000000
vt 0.472664 0.443332 0.000000
vt 0.475100 0.465664 0.000000
vt 0.473122 0.462566 0.000000
vt 0.473577 0.481772 0.000000
vt 0.475100 0.492917 0.000000
vt 0.474026 0.500957 0.000000
vt 0.474781 0.520170 0.000000
vt -0.000000 -0.796146 0.000000
vt 0.006634 -0.783360 0.000000
vt -0.000000 -0.604437 0.000000
vt 0.014228 -0.771135 0.000000
vt 0.022748 -0.759526 0.000000
vt 0.032143 -0.748604 0.000000
vt 0.042343 -0.738451 0.000000
vt 0.053299 -0.729111 0.000000
vt 0.065546 -0.720238 0.000000
vt 0.081027 -0.711000 0.000000
vt 0.098778 -0.702760 0.000000
vt 0.119567 -0.695894 0.000000
vt 0.142383 -0.691432 0.000000
vt 0.165546 -0.689962 0.000000
vt 0.345000 -0.604437 0.000000
vt 0.188746 -0.691503 0.000000
vt 0.211574 -0.696041 0.000000
vt 0.233621 -0.703500 0.000000
vt 0.245794 -0.709050 0.000000
vt 0.260366 -0.717249 0.000000
vt 0.276402 -0.728620 0.000000
vt 0.296671 -0.746122 0.000000
vt 0.314032 -0.766511 0.000000
vt 0.328079 -0.789311 0.000000
vt 0.338483 -0.813987 0.000000
vt 0.345000 -0.839962 0.000000
vt 0.942173 0.002406 0.000000
vt 0.966385 0.002618 0.000000
vt 0.945515 0.003927 0.000000
vt 0.993560 0.002618 0.000000
vt 1.020736 0.002618 0.000000
vt 1.020736 0.001309 0.000000
vt 1.047911 0.001309 0.000000
vt 1.129437 0.000000 0.000000
vt 1.075086 0.001309 0.000000
vt 1.102261 0.001309 0.000000
vt 1.075086 0.002618 0.000000
vt 1.102261 0.002618 0.000000
vt 1.129437 0.003927 0.000000
vt 1.129437 0.002618 0.000000
vt 1.129437 0.001309 0.000000
vt 0.966385 0.001309 0.000000
vt 0.940639 0.001490 0.000000
vt 0.939952 0.000876 0.000000
vt 0.939702 0.000509 0.000000
vt 0.993560 0.001309 0.000000
vt 0.939576 0.000071 0.000000
vt 0.939210 -0.000000 0.000000
vt 1.047911 0.002618 0.000000
vt 0.025683 -0.986291 0.000000
vt 0.011634 -0.967755 0.000000
vt -0.000000 -1.129437 0.000000
vt 0.007428 -0.960516 0.000000
vt 0.003548 -0.953098 0.000000
vt -0.000000 -0.945515 0.000000
vt 0.345000 -1.129437 0.000000
vt 0.167860 -1.051057 0.000000
vt 0.145020 -1.049938 0.000000
vt 0.122565 -1.045970 0.000000
vt 0.345000 -0.898911 0.000000
vt 0.338491 -0.924861 0.000000
vt 0.328103 -0.949515 0.000000
vt 0.314092 -0.972308 0.000000
vt 0.305856 -0.984034 0.000000
vt 0.295325 -0.996191 0.000000
vt 0.288411 -1.002857 0.000000
vt 0.279976 -1.010140 0.000000
vt 0.270601 -1.017358 0.000000
vt 0.261450 -1.023501 0.000000
vt 0.247224 -1.031529 0.000000
vt 0.234718 -1.037263 0.000000
vt 0.212955 -1.044700 0.000000
vt 0.190621 -1.049298 0.000000
vt 0.100771 -1.039210 0.000000
vt 0.079949 -1.029740 0.000000
vt 0.060058 -1.017497 0.000000
vt 0.041912 -1.002960 0.000000
vt 0.803273 0.001948 0.000000
vt 0.787293 0.001309 0.000000
vt 0.813416 -0.000000 0.000000
vt 0.761171 0.001309 0.000000
vt 0.735049 0.001309 0.000000
vt 0.735049 0.002618 0.000000
vt 0.708926 0.002618 0.000000
vt 0.604437 0.003927 0.000000
vt 0.682804 0.002618 0.000000
vt 0.656681 0.002618 0.000000
vt 0.682804 0.001309 0.000000
vt 0.656681 0.001309 0.000000
vt 0.604437 0.000000 0.000000
vt 0.630559 0.001309 0.000000
vt 0.604437 0.001309 0.000000
vt 0.604437 0.002618 0.000000
vt 0.630559 0.002618 0.000000
vt 0.787293 0.002618 0.000000
vt 0.799104 0.002919 0.000000
vt 0.761171 0.002618 0.000000
vt 0.796146 0.003927 0.000000
vt 0.708926 0.001309 0.000000
vt 0.425000 -1.129437 0.000000
vt 0.425000 -0.939210 0.000000
vt -0.000000 -1.129437 0.000000
vt 0.420009 -0.904500 0.000000
vt 0.418750 -0.869437 0.000000
vt -0.000000 -0.604437 0.000000
vt 0.420649 -0.841279 0.000000
vt 0.425000 -0.813416 0.000000
vt 0.425000 -0.604437 0.000000
vt -0.000001 0.289468 0.000000
vt 0.006657 0.315867 0.000000
vt -0.000000 0.575000 0.000000
vt 0.017329 0.340913 0.000000
vt 0.031757 0.364001 0.000000
vt 0.049591 0.384573 0.000000
vt 0.070400 0.402129 0.000000
vt 0.093680 0.416245 0.000000
vt 0.118868 0.426579 0.000000
vt 0.145354 0.432882 0.000000
vt 0.172497 0.435000 0.000000
vt 0.345000 0.575000 0.000000
vt 0.199640 0.432883 0.000000
vt 0.226126 0.426581 0.000000
vt 0.251314 0.416248 0.000000
vt 0.274595 0.402133 0.000000
vt 0.295404 0.384577 0.000000
vt 0.313239 0.364007 0.000000
vt 0.327668 0.340919 0.000000
vt 0.338341 0.315873 0.000000
vt 0.345000 0.289475 0.000000
vt 0.839962 0.003927 0.000000
vt 0.710437 0.005236 0.000000
vt 0.604437 0.003927 0.000000
vt 0.683937 0.005236 0.000000
vt 0.657437 0.005236 0.000000
vt 0.657437 0.006545 0.000000
vt 0.630937 0.006545 0.000000
vt 0.604437 0.007854 0.000000
vt 0.604437 0.006545 0.000000
vt 0.854670 0.006048 0.000000
vt 0.842937 0.005236 0.000000
vt 0.816437 0.005236 0.000000
vt 0.789937 0.005236 0.000000
vt 0.789937 0.006545 0.000000
vt 0.763437 0.006545 0.000000
vt 0.869437 0.007854 0.000000
vt 0.736937 0.006545 0.000000
vt 0.710437 0.006545 0.000000
vt 0.683937 0.006545 0.000000
vt 0.842937 0.006545 0.000000
vt 0.816437 0.006545 0.000000
vt 0.630937 0.005236 0.000000
vt 0.604437 0.005236 0.000000
vt 0.763437 0.005236 0.000000
vt 0.736937 0.005236 0.000000
vt -0.575000 -0.009817 0.000000
vt -0.383333 -0.009817 0.000000
vt -0.575000 0.000000 0.000000
vt -0.191667 -0.009817 0.000000
vt 0.000000 -0.000000 0.000000
vt 0.000000 -0.009817 0.000000
vt 0.000000 -0.019635 0.000000
vt -0.191667 -0.019635 0.000000
vt 0.000000 -0.029452 0.000000
vt -0.191667 -0.029452 0.000000
vt 0.000000 -0.039270 0.000000
vt -0.383333 -0.029452 0.000000
vt -0.575000 -0.039270 0.000000
vt -0.575000 -0.029452 0.000000
vt -0.575000 -0.019635 0.000000
vt -0.383333 -0.019635 0.000000
vt -0.345000 0.575000 0.000000
vt -0.175863 0.304874 0.000000
vt 0.000000 0.575000 0.000000
vt -0.162487 0.303872 0.000000
vt -0.150000 0.298971 0.000000
vt -0.345000 0.000000 0.000000
vt -0.217500 0.260000 0.000000
vt -0.215501 0.273264 0.000000
vt -0.209681 0.285349 0.000000
vt -0.000000 0.000000 0.000000
vt -0.175863 0.215126 0.000000
vt -0.188940 0.218111 0.000000
vt -0.200557 0.224818 0.000000
vt -0.128003 0.266707 0.000000
vt -0.128003 0.253293 0.000000
vt -0.131956 0.240475 0.000000
vt -0.200557 0.295182 0.000000
vt -0.188940 0.301889 0.000000
vt -0.139513 0.290608 0.000000
vt -0.131956 0.279525 0.000000
vt -0.139513 0.229392 0.000000
vt -0.150000 0.221029 0.000000
vt -0.162487 0.216128 0.000000
vt -0.209681 0.234651 0.000000
vt -0.215501 0.246736 0.000000
vt -0.575000 -0.049087 0.000000
vt -0.383333 -0.049087 0.000000
vt -0.575000 -0.039270 0.000000
vt -0.191667 -0.049087 0.000000
vt 0.000000 -0.039270 0.000000
vt 0.000000 -0.049087 0.000000
vt -0.000000 -0.058905 0.000000
vt -0.191667 -0.058905 0.000000
vt -0.000000 -0.068722 0.000000
vt -0.191667 -0.068722 0.000000
vt -0.000000 -0.078540 0.000000
vt -0.383333 -0.068722 0.000000
vt -0.575000 -0.078540 0.000000
vt -0.575000 -0.068722 0.000000
vt -0.575000 -0.058905 0.000000
vt -0.383333 -0.058905 0.000000
vt 0.425000 0.575000 0.000000
vt 0.000000 0.575000 0.000000
vt 0.425000 0.000000 0.000000
vt -0.000000 0.000000 0.000000
vt -0.289475 0.039270 0.000000
vt -0.274467 0.041078 0.000000
vt -0.575000 0.039270 0.000000
vt -0.575000 0.049087 0.000000
vt -0.383333 0.049087 0.000000
vt -0.575000 0.058905 0.000000
vt -0.383333 0.058905 0.000000
vt -0.575000 0.068722 0.000000
vt -0.383333 0.068722 0.000000
vt -0.575000 0.078540 0.000000
vt -0.191667 0.068722 0.000000
vt -0.000000 0.078540 0.000000
vt -0.000000 0.068722 0.000000
vt -0.000000 0.058905 0.000000
vt -0.191667 0.058905 0.000000
vt -0.000000 0.049087 0.000000
vt -0.191667 0.049087 0.000000
vt -0.000000 0.039270 0.000000
vt -0.260000 0.041774 0.000000
vt -0.245533 0.041078 0.000000
vt -0.230525 0.039270 0.000000
vt 0.345000 0.230525 0.000000
vt 0.338341 0.204127 0.000000
vt 0.345000 0.000000 0.000000
vt 0.327668 0.179081 0.000000
vt 0.313240 0.155994 0.000000
vt 0.295405 0.135424 0.000000
vt 0.274596 0.117868 0.000000
vt 0.251316 0.103753 0.000000
vt 0.226128 0.093420 0.000000
vt 0.199643 0.087118 0.000000
vt 0.172500 0.085000 0.000000
vt -0.000000 0.000000 0.000000
vt 0.145357 0.087118 0.000000
vt 0.118872 0.093420 0.000000
vt 0.093684 0.103753 0.000000
vt 0.070404 0.117868 0.000000
vt 0.049595 0.135424 0.000000
vt 0.031760 0.155994 0.000000
vt 0.017332 0.179081 0.000000
vt 0.006659 0.204127 0.000000
vt -0.000000 0.230525 0.000000
vt -0.230525 0.039270 0.000000
vt -0.245534 0.037462 0.000000
vt -0.000000 0.039270 0.000000
vt -0.191667 0.029452 0.000000
vt -0.000000 0.029452 0.000000
vt 0.000000 0.019635 0.000000
vt -0.191667 0.019635 0.000000
vt 0.000000 0.009817 0.000000
vt -0.191667 0.009817 0.000000
vt 0.000000 -0.000000 0.000000
vt -0.383333 0.009817 0.000000
vt -0.575000 -0.000000 0.000000
vt -0.575000 0.009817 0.000000
vt -0.575000 0.019635 0.000000
vt -0.383333 0.019635 0.000000
vt -0.575000 0.029452 0.000000
vt -0.383333 0.029452 0.000000
vt -0.575000 0.039270 0.000000
vt -0.289468 0.039269 0.000000
vt -0.279697 0.037867 0.000000
vt -0.269864 0.037033 0.000000
vt -0.260001 0.036765 0.000000
vt -0.575000 -0.425000 0.000000
vt -0.000000 -0.425000 0.000000
vt -0.575000 -0.000000 0.000000
vt -0.000000 0.000000 0.000000
vt -0.025000 0.425000 0.000000
vt -0.025000 -0.000000 0.000000
vt -0.002500 -0.000000 0.000000
vt -0.023097 -0.009567 0.000000
vt -0.002165 -0.001250 0.000000
vt -0.017678 -0.017678 0.000000
vt -0.009567 -0.023097 0.000000
vt -0.001250 -0.002165 0.000000
vt 0.000000 -0.025000 0.000000
vt 0.000000 -0.002500 0.000000
vt 0.345000 -0.025000 0.000000
vt 0.345000 -0.002500 0.000000
vt 0.346250 -0.002165 0.000000
vt 0.354567 -0.023097 0.000000
vt 0.347165 -0.001250 0.000000
vt 0.362678 -0.017678 0.000000
vt 0.368097 -0.009567 0.000000
vt 0.347500 0.000000 0.000000
vt 0.370000 0.000000 0.000000
vt 0.347500 0.425000 0.000000
vt 0.370000 0.425000 0.000000
vt 0.368097 0.434567 0.000000
vt 0.347165 0.426250 0.000000
vt 0.362678 0.442678 0.000000
vt 0.354567 0.448097 0.000000
vt 0.346250 0.427165 0.000000
vt 0.345000 0.450000 0.000000
vt 0.345000 0.427500 0.000000
vt -0.000000 0.450000 0.000000
vt -0.000000 0.427500 0.000000
vt -0.001250 0.427165 0.000000
vt -0.009567 0.448097 0.000000
vt -0.002165 0.426250 0.000000
vt -0.017678 0.442678 0.000000
vt -0.023097 0.434567 0.000000
vt -0.002500 0.425000 0.000000
vt 0.009567 -0.023097 0.000000
vt 0.025000 -0.000000 0.000000
vt -0.000000 -0.025000 0.000000
vt 0.000000 0.450000 0.000000
vt -0.345000 0.450000 0.000000
vt 0.017678 -0.017678 0.000000
vt 0.023097 -0.009567 0.000000
vt 0.025000 0.425000 0.000000
vt 0.009567 0.448097 0.000000
vt 0.017678 0.442678 0.000000
vt 0.023097 0.434567 0.000000
vt -0.354567 0.448097 0.000000
vt -0.370000 0.425000 0.000000
vt -0.370000 0.000000 0.000000
vt -0.345000 -0.025000 0.000000
vt -0.354567 -0.023097 0.000000
vt -0.362678 -0.017678 0.000000
vt -0.368097 -0.009567 0.000000
vt -0.362678 0.442678 0.000000
vt -0.368097 0.434567 0.000000
vt 0.604437 -0.005236 0.000000
vt 0.632068 -0.005236 0.000000
vt 0.604437 -0.003927 0.000000
vt 0.659700 -0.005236 0.000000
vt 0.687331 -0.005236 0.000000
vt 0.687331 -0.006545 0.000000
vt 0.714963 -0.006545 0.000000
vt 0.604437 -0.007854 0.000000
vt 0.742595 -0.006545 0.000000
vt 0.770226 -0.006545 0.000000
vt 0.742595 -0.005236 0.000000
vt 0.770226 -0.005236 0.000000
vt 0.797858 -0.005236 0.000000
vt 0.825489 -0.005236 0.000000
vt 0.825489 -0.006545 0.000000
vt 0.853121 -0.006545 0.000000
vt 1.129437 -0.007854 0.000000
vt 0.632068 -0.006545 0.000000
vt 0.604437 -0.006545 0.000000
vt 1.129437 -0.006545 0.000000
vt 1.101805 -0.006545 0.000000
vt 1.074173 -0.006545 0.000000
vt 1.046542 -0.006545 0.000000
vt 1.046542 -0.005236 0.000000
vt 1.018910 -0.005236 0.000000
vt 1.129437 -0.003927 0.000000
vt 0.991279 -0.005236 0.000000
vt 0.963647 -0.005236 0.000000
vt 0.991279 -0.006545 0.000000
vt 0.963647 -0.006545 0.000000
vt 0.936016 -0.006545 0.000000
vt 0.908384 -0.006545 0.000000
vt 0.908384 -0.005236 0.000000
vt 0.880752 -0.005236 0.000000
vt 1.101805 -0.005236 0.000000
vt 1.129437 -0.005236 0.000000
vt 0.659700 -0.006545 0.000000
vt 0.714963 -0.005236 0.000000
vt 0.797858 -0.006545 0.000000
vt 0.853121 -0.005236 0.000000
vt 0.880752 -0.006545 0.000000
vt 0.936016 -0.005236 0.000000
vt 1.018910 -0.006545 0.000000
vt 1.074173 -0.005236 0.000000
vt -0.604437 0.000000 0.000000
vt -0.869437 0.000000 0.000000
vt -0.604437 -0.425000 0.000000
vt -1.129437 -0.425000 0.000000
vt -1.129437 0.000000 0.000000
vt 0.869437 -0.007854 0.000000
vt 0.999437 -0.009163 0.000000
vt 1.129437 -0.007854 0.000000
vt 1.025437 -0.009163 0.000000
vt 1.051437 -0.009163 0.000000
vt 1.051437 -0.010472 0.000000
vt 1.077437 -0.010472 0.000000
vt 1.129437 -0.011781 0.000000
vt 1.103437 -0.010472 0.000000
vt 1.129437 -0.010472 0.000000
vt 1.103437 -0.009163 0.000000
vt 1.129437 -0.009163 0.000000
vt 0.884203 -0.009660 0.000000
vt 0.895437 -0.009163 0.000000
vt 0.921437 -0.009163 0.000000
vt 0.947437 -0.009163 0.000000
vt 0.947437 -0.010472 0.000000
vt 0.973437 -0.010472 0.000000
vt 0.898911 -0.011781 0.000000
vt 0.999437 -0.010472 0.000000
vt 1.025437 -0.010472 0.000000
vt 0.895437 -0.010472 0.000000
vt 0.921437 -0.010472 0.000000
vt 0.973437 -0.009163 0.000000
vt 1.077437 -0.009163 0.000000
vt 0.604437 -0.001309 0.000000
vt 0.632068 -0.001309 0.000000
vt 0.604437 -0.000000 0.000000
vt 0.659700 -0.001309 0.000000
vt 0.687331 -0.001309 0.000000
vt 0.687331 -0.002618 0.000000
vt 0.714963 -0.002618 0.000000
vt 0.604437 -0.003927 0.000000
vt 0.742595 -0.002618 0.000000
vt 0.770226 -0.002618 0.000000
vt 0.742595 -0.001309 0.000000
vt 0.770226 -0.001309 0.000000
vt 0.797858 -0.001309 0.000000
vt 0.825489 -0.001309 0.000000
vt 0.825489 -0.002618 0.000000
vt 0.853121 -0.002618 0.000000
vt 1.129437 -0.003927 0.000000
vt 0.632068 -0.002618 0.000000
vt 0.604437 -0.002618 0.000000
vt 1.129437 -0.002618 0.000000
vt 1.101805 -0.002618 0.000000
vt 1.074173 -0.002618 0.000000
vt 1.046542 -0.002618 0.000000
vt 1.046542 -0.001309 0.000000
vt 1.018910 -0.001309 0.000000
vt 1.129437 -0.000000 0.000000
vt 0.991279 -0.001309 0.000000
vt 0.963647 -0.001309 0.000000
vt 0.991279 -0.002618 0.000000
vt 0.963647 -0.002618 0.000000
vt 0.936016 -0.002618 0.000000
vt 0.908384 -0.002618 0.000000
vt 0.908384 -0.001309 0.000000
vt 0.880752 -0.001309 0.000000
vt 1.101805 -0.001309 0.000000
vt 1.129437 -0.001309 0.000000
vt 0.659700 -0.002618 0.000000
vt 0.714963 -0.001309 0.000000
vt 0.797858 -0.002618 0.000000
vt 0.853121 -0.001309 0.000000
vt 0.880752 -0.002618 0.000000
vt 0.936016 -0.001309 0.000000
vt 1.018910 -0.002618 0.000000
vt 1.074173 -0.001309 0.000000
vt 0.345000 -0.604437 0.000000
vt 0.000000 -0.604437 0.000000
vt 0.345000 -1.129437 0.000000
vt 0.000000 -1.129437 0.000000
vt -0.002165 -0.001250 0.000000
vt -0.001250 -0.002165 0.000000
vt -0.002500 -0.000000 0.000000
vt 0.000000 -0.002500 0.000000
vt -0.000000 0.427500 0.000000
vt 0.345000 -0.002500 0.000000
vt 0.345000 0.427500 0.000000
vt 0.347500 -0.000000 0.000000
vt 0.347500 0.425000 0.000000
vt 0.346250 -0.002165 0.000000
vt 0.347165 -0.001250 0.000000
vt 0.347165 0.426250 0.000000
vt 0.346250 0.427165 0.000000
vt -0.002500 0.425000 0.000000
vt -0.001250 0.427165 0.000000
vt -0.002165 0.426250 0.000000
vt 0.018019 0.008678 0.000000
vt -0.018019 0.008678 0.000000
vt 0.020000 -0.000000 0.000000
vt -0.020000 0.000000 0.000000
vt 0.018019 -0.008678 0.000000
vt -0.018019 -0.008678 0.000000
vt 0.012470 -0.015637 0.000000
vt -0.012470 -0.015637 0.000000
vt 0.004450 -0.019499 0.000000
vt -0.004450 -0.019499 0.000000
vt -0.012470 0.015637 0.000000
vt 0.012470 0.015637 0.000000
vt -0.004450 0.019499 0.000000
vt 0.004450 0.019499 0.000000
vt 0.015554 -0.520422 0.000000
vt 0.015120 -0.520286 0.000000
vt 0.015156 -0.538785 0.000000
vt 0.014767 -0.520017 0.000000
vt 0.011974 -0.541475 0.000000
vt 0.014222 -0.519275 0.000000
vt 0.013566 -0.517616 0.000000
vt 0.012542 -0.515274 0.000000
vt 0.013125 -0.513979 0.000000
vt 0.013125 -0.505606 0.000000
vt 0.013125 -0.497233 0.000000
vt 0.013125 -0.488861 0.000000
vt 0.014772 -0.556935 0.000000
vt 0.011434 -0.567221 0.000000
vt 0.014406 -0.574793 0.000000
vt 0.010937 -0.592290 0.000000
vt 0.014062 -0.592290 0.000000
vt 0.013589 -0.616225 0.000000
vt 0.010464 -0.616225 0.000000
vt 0.013076 -0.640787 0.000000
vt 0.009951 -0.640787 0.000000
vt 0.012535 -0.665784 0.000000
vt 0.009410 -0.665784 0.000000
vt 0.011979 -0.691005 0.000000
vt 0.008854 -0.691005 0.000000
vt 0.011423 -0.716225 0.000000
vt 0.008298 -0.716225 0.000000
vt 0.010882 -0.741222 0.000000
vt 0.007757 -0.741222 0.000000
vt 0.010369 -0.765784 0.000000
vt 0.007244 -0.765784 0.000000
vt 0.009896 -0.789720 0.000000
vt 0.006771 -0.789720 0.000000
vt 0.009422 -0.813655 0.000000
vt 0.006297 -0.813655 0.000000
vt 0.008909 -0.838217 0.000000
vt 0.005784 -0.838217 0.000000
vt 0.008368 -0.863214 0.000000
vt 0.005243 -0.863214 0.000000
vt 0.007812 -0.888434 0.000000
vt 0.004687 -0.888434 0.000000
vt 0.007257 -0.913655 0.000000
vt 0.004132 -0.913655 0.000000
vt 0.006716 -0.938652 0.000000
vt 0.003591 -0.938652 0.000000
vt 0.006203 -0.963214 0.000000
vt 0.003078 -0.963214 0.000000
vt 0.005729 -0.987149 0.000000
vt 0.002604 -0.987149 0.000000
vt 0.005256 -1.011085 0.000000
vt 0.002131 -1.011085 0.000000
vt 0.004743 -1.035646 0.000000
vt 0.001618 -1.035646 0.000000
vt 0.004202 -1.060644 0.000000
vt 0.001077 -1.060644 0.000000
vt 0.003646 -1.085864 0.000000
vt 0.000521 -1.085864 0.000000
vt 0.003090 -1.111085 0.000000
vt -0.000035 -1.111085 0.000000
vt 0.002549 -1.136082 0.000000
vt -0.000576 -1.136082 0.000000
vt 0.002036 -1.160644 0.000000
vt -0.001089 -1.160644 0.000000
vt 0.001562 -1.184579 0.000000
vt -0.001562 -1.184579 0.000000
vt 0.014599 0.700920 0.000000
vt 0.007807 0.698234 0.000000
vt 0.015625 0.678651 0.000000
vt 0.007807 0.674207 0.000000
vt 0.015625 0.653450 0.000000
vt 0.007807 0.650080 0.000000
vt 0.015625 0.628250 0.000000
vt 0.007807 0.626003 0.000000
vt 0.015625 0.603049 0.000000
vt 0.007807 0.601926 0.000000
vt 0.015625 0.577849 0.000000
vt 0.007807 0.577849 0.000000
vt 0.015625 0.553772 0.000000
vt 0.007807 0.553772 0.000000
vt 0.015625 0.529695 0.000000
vt 0.007807 0.529695 0.000000
vt 0.015625 0.505618 0.000000
vt 0.007807 0.505618 0.000000
vt 0.015625 0.481541 0.000000
vt 0.007807 0.481525 0.000000
vt 0.015625 0.457464 0.000000
vt 0.007807 0.457464 0.000000
vt 0.015625 0.433387 0.000000
vt 0.007807 0.433387 0.000000
vt 0.015625 0.409310 0.000000
vt 0.007807 0.409310 0.000000
vt 0.015625 0.385233 0.000000
vt 0.007807 0.385233 0.000000
vt 0.015625 0.361156 0.000000
vt 0.007807 0.361156 0.000000
vt 0.015625 0.337079 0.000000
vt 0.007807 0.337079 0.000000
vt 0.015625 0.313001 0.000000
vt 0.007807 0.313001 0.000000
vt 0.015625 0.288924 0.000000
vt 0.007807 0.288906 0.000000
vt 0.015625 0.264847 0.000000
vt 0.007807 0.264847 0.000000
vt 0.015625 0.240770 0.000000
vt 0.007807 0.240770 0.000000
vt 0.015625 0.216693 0.000000
vt 0.007807 0.216693 0.000000
vt 0.015625 0.192616 0.000000
vt 0.007807 0.192616 0.000000
vt 0.015625 0.168539 0.000000
vt 0.007807 0.168539 0.000000
vt 0.015625 0.144462 0.000000
vt 0.007807 0.144462 0.000000
vt 0.015625 0.120385 0.000000
vt 0.007807 0.120385 0.000000
vt 0.015625 0.096308 0.000000
vt 0.007807 0.096308 0.000000
vt 0.015625 0.072231 0.000000
vt 0.007807 0.072121 0.000000
vt 0.015625 0.048154 0.000000
vt 0.007807 0.048154 0.000000
vt 0.015625 0.024077 0.000000
vt 0.007807 0.024077 0.000000
vt 0.015625 0.000000 0.000000
vt -0.000001 0.010784 0.000000
vt 0.000038 0.000002 0.000000
vt 0.007807 0.722311 0.000000
vt 0.013587 0.723510 0.000000
vt 0.007807 0.746509 0.000000
vt 0.012606 0.746584 0.000000
vt 0.011666 0.770465 0.000000
vt 0.007807 0.770465 0.000000
vt 0.010743 0.793961 0.000000
vt 0.007807 0.794542 0.000000
vt 0.009768 0.816917 0.000000
vt 0.007807 0.818619 0.000000
vt 0.008754 0.839570 0.000000
vt 0.007807 0.842696 0.000000
vt 0.007713 0.862183 0.000000
vt -0.000000 0.843206 0.000000
vt -0.000000 0.866731 0.000000
vt 0.006665 0.884834 0.000000
vt -0.000000 0.890324 0.000000
vt 0.005626 0.907717 0.000000
vt -0.000000 0.914071 0.000000
vt 0.004604 0.931254 0.000000
vt -0.000000 0.938222 0.000000
vt 0.004023 0.945632 0.000000
vt 0.000001 0.963082 0.000000
vt 0.003343 0.963082 0.000000
vt 0.002881 0.974928 0.000000
vt 0.000001 0.983042 0.000000
vt 0.002373 0.987486 0.000000
vt 0.001976 0.999186 0.000000
vt -0.000000 1.002581 0.000000
vt 0.001662 1.009186 0.000000
vt -0.000000 1.021804 0.000000
vt 0.000897 1.025811 0.000000
vt 0.000019 1.040554 0.000000
vt -0.000000 0.819466 0.000000
vt 0.000001 0.795253 0.000000
vt 0.000001 0.770465 0.000000
vt -0.000000 0.745680 0.000000
vt -0.000000 0.721488 0.000000
vt -0.000000 0.697779 0.000000
vt -0.000000 0.674257 0.000000
vt -0.000000 0.650669 0.000000
vt -0.000000 0.626892 0.000000
vt -0.000000 0.602686 0.000000
vt -0.000000 0.577848 0.000000
vt -0.000000 0.553018 0.000000
vt -0.000000 0.528859 0.000000
vt -0.000000 0.505060 0.000000
vt -0.000000 0.481508 0.000000
vt -0.000000 0.457960 0.000000
vt 0.000001 0.434162 0.000000
vt 0.000004 0.410020 0.000000
vt 0.000002 0.385233 0.000000
vt -0.000000 0.360379 0.000000
vt -0.000000 0.336229 0.000000
vt -0.000000 0.312482 0.000000
vt -0.000000 0.288889 0.000000
vt -0.000000 0.265360 0.000000
vt -0.000000 0.241612 0.000000
vt 0.000002 0.217401 0.000000
vt 0.000001 0.192616 0.000000
vt -0.000000 0.171777 0.000000
vt -0.000000 0.151366 0.000000
vt -0.000000 0.131340 0.000000
vt -0.000000 0.111533 0.000000
vt -0.000000 0.091772 0.000000
vt -0.000000 0.072012 0.000000
vt -0.000000 0.052127 0.000000
vt -0.000010 0.031934 0.000000
vt -0.000010 0.021422 0.000000
vt 0.015625 0.142785 0.000000
vt 0.015625 0.171661 0.000000
vt 0.007816 0.168869 0.000000
vt 0.014784 0.192993 0.000000
vt 0.007816 0.192994 0.000000
vt 0.014080 0.211102 0.000000
vt 0.007816 0.217118 0.000000
vt 0.013505 0.225275 0.000000
vt 0.007816 0.241242 0.000000
vt 0.012457 0.249415 0.000000
vt 0.007816 0.265366 0.000000
vt 0.011383 0.273084 0.000000
vt 0.007816 0.289490 0.000000
vt 0.010302 0.296465 0.000000
vt 0.007816 0.313615 0.000000
vt 0.009235 0.319741 0.000000
vt 0.000000 0.337739 0.000000
vt 0.007816 0.337739 0.000000
vt 0.008194 0.343192 0.000000
vt 0.000000 0.361863 0.000000
vt 0.007252 0.365579 0.000000
vt 0.006451 0.385987 0.000000
vt 0.000000 0.385987 0.000000
vt 0.005726 0.404737 0.000000
vt 0.000000 0.410112 0.000000
vt 0.005094 0.420106 0.000000
vt 0.000000 0.434236 0.000000
vt 0.004474 0.434491 0.000000
vt 0.003842 0.448679 0.000000
vt 0.000000 0.458360 0.000000
vt 0.003203 0.462737 0.000000
vt 0.002560 0.476688 0.000000
vt 0.000000 0.482484 0.000000
vt 0.001918 0.490572 0.000000
vt 0.000000 0.506608 0.000000
vt 0.001279 0.504450 0.000000
vt 0.001543 0.507450 0.000000
vt 0.002444 0.511494 0.000000
vt 0.005524 0.521127 0.000000
vt 0.000000 0.530733 0.000000
vt 0.007816 0.530733 0.000000
vt 0.000000 0.554857 0.000000
vt 0.007816 0.554857 0.000000
vt 0.000000 0.578981 0.000000
vt 0.007816 0.578981 0.000000
vt 0.000000 0.596684 0.000000
vt 0.007816 0.596684 0.000000
vt 0.000000 0.614387 0.000000
vt 0.007816 0.614387 0.000000
vt 0.000000 0.632090 0.000000
vt 0.000156 0.649465 0.000000
vt 0.000000 0.649792 0.000000
vt 0.013026 0.548774 0.000000
vt 0.015625 0.578981 0.000000
vt 0.011609 0.616278 0.000000
vt 0.000000 0.313615 0.000000
vt 0.000000 0.289490 0.000000
vt 0.000000 0.265366 0.000000
vt 0.000000 0.241242 0.000000
vt 0.000000 0.217118 0.000000
vt 0.000000 0.192994 0.000000
vt 0.000000 0.168869 0.000000
vt 0.007816 0.144745 0.000000
vt 0.007816 0.120621 0.000000
vt 0.015625 0.114484 0.000000
vt 0.007816 0.096497 0.000000
vt 0.015625 0.086404 0.000000
vt 0.007816 0.072373 0.000000
vt 0.015625 0.058200 0.000000
vt 0.007816 0.048248 0.000000
vt 0.015625 0.029523 0.000000
vt 0.007816 0.024124 0.000000
vt 0.015625 0.000000 0.000000
vt 0.000000 0.000000 0.000000
vt 0.000000 0.024124 0.000000
vt 0.000000 0.048248 0.000000
vt 0.000000 0.072373 0.000000
vt 0.000000 0.096497 0.000000
vt 0.000000 0.120621 0.000000
vt 0.000000 0.144745 0.000000
vt 0.001563 -0.000000 0.000000
vt 0.009312 0.013525 0.000000
vt -0.001563 0.000000 0.000000
vt -0.009375 0.013532 0.000000
vn -0.208423 -0.208423 -0.955573
vn -0.367965 0.173231 -0.913561
vn -0.000000 0.000000 -1.000000
vn -0.173231 0.367965 -0.913561
vn 0.208423 0.208423 -0.955573
vn 0.012850 0.554046 -0.832387
vn 0.398327 0.398327 -0.826239
vn 0.173746 0.714942 -0.677252
vn 0.552838 0.552838 -0.623490
vn 0.295160 0.836356 -0.461940
vn 0.658227 0.658227 -0.365341
vn 0.366304 0.907500 -0.205583
vn 0.705130 0.705130 -0.074730
vn 0.380857 0.922053 0.069042
vn 0.689378 0.689378 0.222521
vn 0.337525 0.878721 0.337531
vn 0.612372 0.612372 0.500000
vn 0.240158 0.781354 0.576029
vn 0.480955 0.480955 0.733052
vn 0.097409 0.638605 0.763345
vn 0.306802 0.306802 0.900969
vn -0.078040 0.463156 0.882834
vn 0.105389 0.105389 0.988831
vn -0.270598 0.270598 0.923880
vn -0.105389 -0.105389 0.988831
vn -0.463156 0.078040 0.882834
vn -0.306802 -0.306802 0.900969
vn -0.638605 -0.097409 0.763345
vn -0.480955 -0.480955 0.733052
vn -0.781354 -0.240158 0.576029
vn -0.612372 -0.612372 0.500000
vn -0.878721 -0.337525 0.337531
vn -0.689378 -0.689378 0.222521
vn -0.922053 -0.380857 0.069042
vn -0.705130 -0.705130 -0.074730
vn -0.907500 -0.366304 -0.205583
vn -0.658227 -0.658227 -0.365341
vn -0.836356 -0.295160 -0.461940
vn -0.552838 -0.552838 -0.623490
vn -0.714942 -0.173746 -0.677252
vn -0.398327 -0.398327 -0.826239
vn -0.554046 -0.012850 -0.832387
vn -0.707107 0.707107 0.000000
vn -0.612951 0.693612 -0.378409
vn -0.707107 0.707107 0.000000
vn -0.693612 0.612951 -0.378409
vn -0.707107 0.707107 0.000000
vn -0.770690 0.535873 -0.344786
vn -0.837335 0.469228 -0.280527
vn -0.716942 0.283058 -0.637081
vn -0.840086 0.159914 -0.518346
vn -0.707107 0.707107 -0.000000
vn -0.469228 0.837335 -0.280527
vn -0.535873 0.770690 -0.344786
vn -0.283058 0.716942 -0.637081
vn -0.425479 0.574521 -0.699209
vn -0.418937 0.887626 -0.191342
vn -0.707107 0.707107 -0.000000
vn -0.389468 0.917095 -0.085155
vn -0.383440 0.923123 0.028598
vn -0.001398 0.998602 0.052842
vn -0.034563 0.965437 0.258335
vn -0.707107 0.707107 0.000000
vn -0.401389 0.905174 0.139810
vn -0.109084 0.890916 0.440874
vn -0.707107 0.707107 0.000000
vn -0.441719 0.864844 0.238599
vn -0.218340 0.781660 0.584239
vn -0.500848 0.805715 0.316188
vn -0.707107 0.707107 -0.000000
vn -0.573521 0.733042 0.365682
vn -0.707107 0.707107 -0.000000
vn -0.653281 0.653281 0.382683
vn -0.733042 0.573521 0.365682
vn -0.647378 0.352622 0.675692
vn -0.781660 0.218340 0.584239
vn -0.707107 0.707107 -0.000000
vn -0.805715 0.500848 0.316188
vn -0.890916 0.109084 0.440874
vn -0.707107 0.707107 -0.000000
vn -0.864844 0.441719 0.238599
vn -0.965437 0.034563 0.258335
vn -0.905174 0.401389 0.139810
vn -0.707107 0.707107 -0.000000
vn -0.923123 0.383440 0.028598
vn -0.707107 0.707107 -0.000000
vn -0.917095 0.389468 -0.085155
vn -0.887626 0.418937 -0.191342
vn -0.933013 0.066987 -0.353553
vn -0.707107 0.707107 -0.000000
vn -0.500000 0.500000 0.707107
vn -0.352622 0.647378 0.675692
vn -0.574521 0.425479 -0.699209
vn -0.987464 0.012536 -0.157346
vn -0.998602 0.001398 0.052842
vn -0.012536 0.987464 -0.157346
vn -0.066987 0.933013 -0.353553
vn -0.159914 0.840086 -0.518346
vn 0.208423 0.208423 -0.955573
vn 0.000000 -0.000000 -1.000000
vn -0.208423 -0.208423 -0.955573
vn -0.398327 -0.398327 -0.826239
vn -0.552838 -0.552838 -0.623490
vn -0.658227 -0.658227 -0.365341
vn -0.705130 -0.705130 -0.074730
vn -0.705130 -0.705130 -0.074730
vn -0.689378 -0.689378 0.222521
vn -0.612372 -0.612372 0.500000
vn -0.480955 -0.480955 0.733052
vn -0.306802 -0.306802 0.900969
vn -0.306802 -0.306802 0.900969
vn -0.105389 -0.105389 0.988831
vn -0.105389 -0.105389 0.988831
vn 0.105389 0.105389 0.988831
vn 0.105389 0.105389 0.988831
vn 0.306802 0.306802 0.900969
vn 0.306802 0.306802 0.900969
vn 0.480955 0.480955 0.733052
vn 0.612372 0.612372 0.500000
vn 0.689378 0.689378 0.222521
vn 0.705130 0.705130 -0.074730
vn 0.705130 0.705130 -0.074730
vn 0.658227 0.658227 -0.365341
vn 0.552838 0.552838 -0.623490
vn 0.398327 0.398327 -0.826239
vn 0.208423 0.208423 0.955573
vn -0.000000 -0.000000 1.000000
vn -0.208423 -0.208423 0.955573
vn -0.398327 -0.398327 0.826239
vn -0.552838 -0.552838 0.623490
vn -0.658227 -0.658227 0.365341
vn -0.705130 -0.705130 0.074730
vn -0.689378 -0.689378 -0.222521
vn -0.612372 -0.612372 -0.500000
vn -0.480955 -0.480955 -0.733052
vn -0.306802 -0.306802 -0.900969
vn -0.105389 -0.105389 -0.988831
vn 0.105389 0.105389 -0.988831
vn 0.306802 0.306802 -0.900969
vn 0.480955 0.480955 -0.733052
vn 0.612372 0.612372 -0.500000
vn 0.689378 0.689378 -0.222521
vn 0.705130 0.705130 0.074730
vn 0.658227 0.658227 0.365341
vn 0.552838 0.552838 0.623490
vn 0.398327 0.398327 0.826239
vn -0.223948 -0.223948 0.948522
vn -0.119095 -0.119095 0.985714
vn -0.119095 -0.119095 0.985714
vn -0.059667 -0.059667 0.996434
vn -0.058483 -0.058483 0.996574
vn -0.000000 0.000000 1.000000
vn 0.000003 0.000003 1.000000
vn -0.000000 0.000000 1.000000
vn 0.059667 0.059667 0.996434
vn 0.109762 0.109762 0.987879
vn 0.119095 0.119095 0.985714
vn 0.216861 0.216861 0.951810
vn 0.224049 0.224049 0.948475
vn 0.318701 0.318701 0.892670
vn 0.323755 0.323755 0.889025
vn 0.412814 0.412814 0.811892
vn 0.415881 0.415881 0.808756
vn 0.496922 0.496922 0.711433
vn 0.498267 0.498267 0.709549
vn 0.568986 0.568986 0.593725
vn -0.225760 -0.225760 0.947663
vn -0.323566 -0.323566 0.889162
vn -0.326961 -0.326961 0.886675
vn -0.415623 -0.415623 0.809021
vn -0.420248 -0.420248 0.804228
vn -0.472592 -0.472592 0.743851
vn -0.503364 -0.503364 0.702317
vn -0.525177 -0.525177 0.669610
vn -0.574298 -0.574298 0.583407
vn -0.571949 -0.571949 0.588003
vn -0.612373 -0.612373 0.500000
vn -0.631332 -0.631332 0.450377
vn -0.653349 -0.653349 0.382455
vn -0.673086 -0.673086 0.306447
vn -0.683035 -0.683035 0.258702
vn -0.698550 -0.698550 0.155101
vn -0.701061 -0.701061 0.130485
vn -0.707107 -0.707107 0.000000
vn -0.707107 -0.707107 -0.000236
vn -0.701052 -0.701052 -0.130579
vn -0.698550 -0.698550 -0.155101
vn -0.683025 -0.683025 -0.258757
vn -0.673086 -0.673086 -0.306447
vn -0.653244 -0.653244 -0.382813
vn -0.631332 -0.631332 -0.450377
vn -0.612372 -0.612372 -0.500000
vn -0.574298 -0.574298 -0.583407
vn -0.561051 -0.561051 -0.608640
vn -0.503364 -0.503364 -0.702317
vn -0.500031 -0.500031 -0.707063
vn -0.430657 -0.430657 -0.793138
vn -0.420248 -0.420248 -0.804228
vn -0.353893 -0.353893 -0.865748
vn -0.326961 -0.326961 -0.886675
vn -0.270853 -0.270853 -0.923730
vn -0.225760 -0.225760 -0.947663
vn -0.183215 -0.183215 -0.965849
vn -0.119095 -0.119095 -0.985714
vn -0.092382 -0.092382 -0.991429
vn -0.058484 -0.058484 -0.996574
vn 0.000002 0.000002 -1.000000
vn 0.000000 0.000000 -1.000000
vn 0.058484 0.058484 -0.996574
vn 0.092362 0.092362 -0.991433
vn 0.119095 0.119095 -0.985714
vn 0.183019 0.183019 -0.965924
vn 0.225761 0.225761 -0.947662
vn 0.270740 0.270740 -0.923797
vn 0.326963 0.326963 -0.886673
vn 0.353664 0.353664 -0.865935
vn 0.420252 0.420252 -0.804224
vn 0.430529 0.430529 -0.793278
vn 0.503369 0.503369 -0.702310
vn 0.500162 0.500162 -0.706878
vn 0.561047 0.561047 -0.608648
vn 0.574303 0.574303 -0.583398
vn 0.612373 0.612373 -0.500000
vn 0.631336 0.631336 -0.450365
vn 0.653339 0.653339 -0.382488
vn 0.673090 0.673090 -0.306433
vn 0.683027 0.683027 -0.258741
vn 0.698552 0.698552 -0.155083
vn 0.701058 0.701058 -0.130521
vn 0.707107 0.707107 0.000020
vn 0.707107 0.707107 0.000200
vn 0.701054 0.701054 0.130561
vn 0.698547 0.698547 0.155122
vn 0.683020 0.683020 0.258782
vn 0.673081 0.673081 0.306470
vn 0.653240 0.653240 0.382826
vn 0.631324 0.631324 0.450401
vn 0.612372 0.612372 0.500000
vn 0.574286 0.574286 0.583430
vn 0.569997 0.569997 0.591784
vn 0.520649 0.520649 0.676646
vn 0.503349 0.503349 0.702338
vn 0.465146 0.465146 0.753178
vn 0.420229 0.420229 0.804248
vn 0.404073 0.404073 0.820640
vn 0.326939 0.326939 0.886692
vn 0.337986 0.337986 0.878369
vn 0.267925 0.267925 0.925437
vn 0.225735 0.225735 0.947675
vn 0.194722 0.194722 0.961336
vn 0.119068 0.119068 0.985721
vn -0.707107 0.707107 -0.000000
vn -0.707107 0.707107 -0.000000
vn -0.707107 0.707107 -0.000000
vn -0.707107 0.707107 -0.000000
vn -0.707107 0.707107 -0.000000
vn -0.707107 0.707107 -0.000000
vn -0.707107 0.707107 -0.000000
vn -0.707107 0.707107 -0.000000
vn -0.707107 0.707107 -0.000000
vn -0.707107 0.707107 -0.000000
vn -0.707107 0.707107 -0.000000
vn -0.707107 0.707107 -0.000000
vn -0.707107 0.707107 -0.000000
vn -0.707107 0.707107 -0.000000
vn -0.707107 0.707107 -0.000000
vn -0.707107 0.707107 -0.000000
vn -0.707107 0.707107 -0.000000
vn -0.707107 0.707107 -0.000000
vn -0.707107 0.707107 -0.000000
vn -0.707107 0.707107 -0.000000
vn -0.707107 0.707107 -0.000000
vn -0.707107 0.707107 -0.000000
vn -0.707107 0.707107 -0.000000
vn -0.707107 0.707107 -0.000000
vn -0.707107 0.707107 -0.000000
vn -0.707107 0.707107 -0.000000
vn -0.580150 0.580150 -0.571709
vn -0.612372 0.612372 -0.500000
vn -0.707107 0.707107 -0.000000
vn -0.612372 0.612372 -0.500000
vn -0.612372 0.612372 -0.500000
vn -0.353553 0.353553 -0.866025
vn -0.353553 0.353553 -0.866025
vn -0.000000 0.000000 -1.000000
vn -0.353553 0.353553 -0.866025
vn -0.353553 0.353553 -0.866025
vn -0.612372 0.612372 -0.500000
vn -0.612372 0.612372 -0.500000
vn -0.707107 0.707107 -0.000000
vn -0.612372 0.612372 -0.500000
vn -0.353553 0.353553 -0.866025
vn -0.353553 0.353553 -0.866025
vn -0.396901 0.396901 -0.827611
vn -0.242717 0.242717 -0.939243
vn -0.142905 0.142905 -0.979365
vn -0.353553 0.353553 -0.866025
vn -0.019944 0.019944 -0.999602
vn 0.000000 -0.000000 -1.000000
vn -0.612372 0.612372 -0.500000
vn -0.707107 0.707107 -0.000000
vn -0.707107 0.707107 -0.000000
vn -0.707107 0.707107 -0.000000
vn -0.707107 0.707107 -0.000000
vn -0.707107 0.707107 -0.000000
vn -0.707107 0.707107 -0.000000
vn -0.707107 0.707107 -0.000000
vn -0.707107 0.707107 -0.000000
vn -0.707107 0.707107 -0.000000
vn -0.707107 0.707107 -0.000000
vn -0.707107 0.707107 -0.000000
vn -0.707107 0.707107 -0.000000
vn -0.707107 0.707107 -0.000000
vn -0.707107 0.707107 -0.000000
vn -0.707107 0.707107 -0.000000
vn -0.707107 0.707107 -0.000000
vn -0.707107 0.707107 -0.000000
vn -0.707107 0.707107 -0.000000
vn -0.707107 0.707107 -0.000000
vn -0.707107 0.707107 -0.000000
vn -0.707107 0.707107 -0.000000
vn -0.707107 0.707107 -0.000000
vn -0.707107 0.707107 -0.000000
vn -0.707107 0.707107 -0.000000
vn -0.707107 0.707107 -0.000000
vn -0.707107 0.707107 -0.000000
vn -0.707107 0.707107 -0.000000
vn -0.707107 0.707107 -0.000000
vn -0.496965 0.496965 -0.711373
vn -0.353553 0.353553 -0.866025
vn 0.000000 -0.000000 -1.000000
vn -0.353553 0.353553 -0.866025
vn -0.353553 0.353553 -0.866025
vn -0.612372 0.612372 -0.500000
vn -0.612372 0.612372 -0.500000
vn -0.707107 0.707107 -0.000000
vn -0.612372 0.612372 -0.500000
vn -0.612372 0.612372 -0.500000
vn -0.353553 0.353553 -0.866025
vn -0.353553 0.353553 -0.866025
vn -0.000000 0.000000 -1.000000
vn -0.353553 0.353553 -0.866025
vn -0.353553 0.353553 -0.866025
vn -0.612372 0.612372 -0.500000
vn -0.612372 0.612372 -0.500000
vn -0.612372 0.612372 -0.500000
vn -0.650447 0.650447 -0.392222
vn -0.612372 0.612372 -0.500000
vn -0.707107 0.707107 -0.000000
vn -0.353553 0.353553 -0.866025
vn 0.000000 -0.000000 -1.000000
vn 0.000000 -0.000000 -1.000000
vn 0.000000 -0.000000 -1.000000
vn 0.000000 -0.000000 -1.000000
vn 0.000000 -0.000000 -1.000000
vn 0.000000 -0.000000 -1.000000
vn 0.000000 -0.000000 -1.000000
vn 0.000000 -0.000000 -1.000000
vn 0.000000 -0.000000 -1.000000
vn 0.707107 -0.707107 0.000000
vn 0.707107 -0.707107 0.000000
vn 0.707107 -0.707107 0.000000
vn 0.707107 -0.707107 0.000000
vn 0.707107 -0.707107 0.000000
vn 0.707107 -0.707107 0.000000
vn 0.707107 -0.707107 0.000000
vn 0.707107 -0.707107 0.000000
vn 0.707107 -0.707107 0.000000
vn 0.707107 -0.707107 0.000000
vn 0.707107 -0.707107 0.000000
vn 0.707107 -0.707107 0.000000
vn 0.707107 -0.707107 0.000000
vn 0.707107 -0.707107 0.000000
vn 0.707107 -0.707107 0.000000
vn 0.707107 -0.707107 0.000000
vn 0.707107 -0.707107 0.000000
vn 0.707107 -0.707107 0.000000
vn 0.707107 -0.707107 0.000000
vn 0.707107 -0.707107 0.000000
vn 0.707107 -0.707107 0.000000
vn -0.707107 0.707107 -0.000000
vn -0.612372 0.612372 0.500000
vn -0.707107 0.707107 -0.000000
vn -0.612372 0.612372 0.500000
vn -0.612372 0.612372 0.500000
vn -0.353553 0.353553 0.866025
vn -0.353553 0.353553 0.866025
vn -0.000000 0.000000 1.000000
vn -0.353553 0.353553 0.866025
vn -0.467430 0.467430 0.750346
vn -0.612372 0.612372 0.500000
vn -0.612372 0.612372 0.500000
vn -0.612372 0.612372 0.500000
vn -0.353553 0.353553 0.866025
vn -0.353553 0.353553 0.866025
vn -0.353553 0.353553 0.866025
vn -0.353553 0.353553 0.866025
vn -0.353553 0.353553 0.866025
vn -0.353553 0.353553 0.866025
vn -0.353553 0.353553 0.866025
vn -0.612372 0.612372 0.500000
vn -0.612372 0.612372 0.500000
vn -0.612372 0.612372 0.500000
vn -0.612372 0.612372 0.500000
vn -0.270598 0.270598 -0.923880
vn -0.270598 0.270598 -0.923880
vn 0.000000 -0.000000 -1.000000
vn -0.270598 0.270598 -0.923880
vn -0.000000 -0.000000 -1.000000
vn -0.270598 0.270598 -0.923880
vn -0.500000 0.500000 -0.707107
vn -0.500000 0.500000 -0.707107
vn -0.653281 0.653281 -0.382683
vn -0.653281 0.653281 -0.382683
vn -0.707107 0.707107 0.000000
vn -0.653281 0.653281 -0.382683
vn -0.707107 0.707107 -0.000000
vn -0.653281 0.653281 -0.382683
vn -0.500000 0.500000 -0.707107
vn -0.500000 0.500000 -0.707107
vn -0.707107 0.707107 -0.000000
vn -0.707107 0.707107 -0.000000
vn -0.707107 0.707107 -0.000000
vn -0.707107 0.707107 -0.000000
vn -0.707107 0.707107 -0.000000
vn -0.707107 0.707107 -0.000000
vn -0.707107 0.707107 -0.000000
vn -0.707107 0.707107 -0.000000
vn -0.707107 0.707107 -0.000000
vn -0.707107 0.707107 -0.000000
vn -0.707107 0.707107 -0.000000
vn -0.707107 0.707107 -0.000000
vn -0.707107 0.707107 -0.000000
vn -0.707107 0.707107 -0.000000
vn -0.707107 0.707107 -0.000000
vn -0.707107 0.707107 -0.000000
vn -0.707107 0.707107 -0.000000
vn -0.707107 0.707107 -0.000000
vn -0.707107 0.707107 -0.000000
vn -0.707107 0.707107 -0.000000
vn -0.707107 0.707107 -0.000000
vn -0.707107 0.707107 -0.000000
vn -0.707107 0.707107 -0.000000
vn -0.653281 0.653281 0.382683
vn -0.653281 0.653281 0.382683
vn -0.653281 0.653281 0.382683
vn -0.653281 0.653281 0.382683
vn -0.500000 0.500000 0.707107
vn -0.500000 0.500000 0.707107
vn -0.270598 0.270598 0.923880
vn -0.270598 0.270598 0.923880
vn -0.000000 0.000000 1.000000
vn -0.270598 0.270598 0.923880
vn -0.000000 0.000000 1.000000
vn -0.270598 0.270598 0.923880
vn -0.500000 0.500000 0.707107
vn -0.500000 0.500000 0.707107
vn 0.000000 0.000000 1.000000
vn 0.000000 0.000000 1.000000
vn 0.705259 -0.705259 0.072243
vn 0.653281 -0.653281 0.382683
vn 0.653281 -0.653281 0.382683
vn 0.500000 -0.500000 0.707107
vn 0.500000 -0.500000 0.707107
vn 0.270598 -0.270598 0.923880
vn 0.270598 -0.270598 0.923880
vn 0.270598 -0.270598 0.923880
vn 0.270598 -0.270598 0.923880
vn 0.500000 -0.500000 0.707107
vn 0.500000 -0.500000 0.707107
vn 0.653281 -0.653281 0.382683
vn 0.653281 -0.653281 0.382683
vn 0.707107 -0.707107 0.000000
vn 0.703562 -0.703562 0.100000
vn 0.705259 -0.705259 0.072243
vn 0.707107 -0.707107 -0.000000
vn 0.707107 -0.707107 0.000000
vn 0.707107 -0.707107 0.000000
vn 0.707107 -0.707107 0.000000
vn 0.707107 -0.707107 0.000000
vn 0.707107 -0.707107 0.000000
vn 0.707107 -0.707107 0.000000
vn 0.707107 -0.707107 0.000000
vn 0.707107 -0.707107 0.000000
vn 0.707107 -0.707107 0.000000
vn 0.707107 -0.707107 0.000000
vn 0.707107 -0.707107 0.000000
vn 0.707107 -0.707107 0.000000
vn 0.707107 -0.707107 0.000000
vn 0.707107 -0.707107 0.000000
vn 0.707107 -0.707107 0.000000
vn 0.707107 -0.707107 0.000000
vn 0.707107 -0.707107 0.000000
vn 0.707107 -0.707107 0.000000
vn 0.707107 -0.707107 0.000000
vn 0.705259 -0.705259 -0.072244
vn 0.653281 -0.653281 -0.382683
vn 0.653281 -0.653281 -0.382683
vn 0.500000 -0.500000 -0.707107
vn 0.500000 -0.500000 -0.707107
vn 0.270598 -0.270598 -0.923880
vn 0.270598 -0.270598 -0.923880
vn -0.000000 -0.000000 -1.000000
vn 0.270598 -0.270598 -0.923880
vn -0.000000 0.000000 -1.000000
vn 0.270598 -0.270598 -0.923880
vn 0.500000 -0.500000 -0.707107
vn 0.500000 -0.500000 -0.707107
vn 0.653281 -0.653281 -0.382683
vn 0.653281 -0.653281 -0.382683
vn 0.707107 -0.707107 -0.000047
vn 0.705993 -0.705993 -0.056095
vn 0.704279 -0.704279 -0.089346
vn 0.703560 -0.703560 -0.100028
vn 0.000000 -0.000000 -1.000000
vn 0.707107 0.707107 -0.000000
vn 0.707107 0.707107 -0.000000
vn 0.707107 0.707107 -0.000000
vn 0.707107 0.707107 -0.000000
vn 0.707107 0.707107 -0.000000
vn 0.707107 0.707107 -0.000000
vn 0.707107 0.707107 -0.000000
vn 0.707107 0.707107 -0.000000
vn 0.707107 0.707107 -0.000000
vn 0.707107 0.707107 -0.000000
vn 0.707107 0.707107 -0.000000
vn 0.707107 0.707107 -0.000000
vn 0.707107 0.707107 -0.000000
vn 0.707107 0.707107 -0.000000
vn 0.707107 0.707107 -0.000000
vn 0.707107 0.707107 -0.000000
vn 0.707107 0.707107 -0.000000
vn 0.707107 0.707107 -0.000000
vn 0.707107 0.707107 -0.000000
vn 0.707107 0.707107 -0.000000
vn 0.707107 0.707107 -0.000000
vn 0.707107 0.707107 -0.000000
vn 0.707107 0.707107 -0.000000
vn 0.707107 0.707107 -0.000000
vn 0.707107 0.707107 -0.000000
vn 0.707107 0.707107 -0.000000
vn 0.707107 0.707107 -0.000000
vn 0.707107 0.707107 -0.000000
vn 0.707107 0.707107 -0.000000
vn 0.707107 0.707107 -0.000000
vn 0.707107 0.707107 -0.000000
vn 0.707107 0.707107 -0.000000
vn 0.707107 0.707107 -0.000000
vn 0.707107 0.707107 -0.000000
vn 0.707107 0.707107 -0.000000
vn 0.707107 0.707107 -0.000000
vn -0.707107 -0.707107 0.000000
vn -0.707107 -0.707107 0.000000
vn -0.707107 -0.707107 0.000000
vn -0.707107 -0.707107 0.000000
vn -0.707107 -0.707107 0.000000
vn -0.707107 -0.707107 0.000000
vn -0.707107 -0.707107 0.000000
vn -0.707107 -0.707107 0.000000
vn -0.707107 -0.707107 0.000000
vn -0.707107 -0.707107 0.000000
vn -0.707107 -0.707107 0.000000
vn -0.707107 -0.707107 0.000000
vn -0.707107 -0.707107 0.000000
vn -0.707107 -0.707107 0.000000
vn -0.707107 -0.707107 0.000000
vn -0.707107 -0.707107 0.000000
vn -0.707107 -0.707107 0.000000
vn -0.707107 -0.707107 0.000000
vn -0.707107 -0.707107 0.000000
vn -0.707107 -0.707107 0.000000
vn 0.612372 -0.612372 0.500000
vn 0.612372 -0.612372 0.500000
vn 0.707107 -0.707107 -0.000000
vn 0.612372 -0.612372 0.500000
vn 0.612372 -0.612372 0.500000
vn 0.353553 -0.353553 0.866025
vn 0.353553 -0.353553 0.866025
vn -0.000000 0.000000 1.000000
vn 0.353553 -0.353553 0.866025
vn 0.353553 -0.353553 0.866025
vn 0.612372 -0.612372 0.500000
vn 0.612372 -0.612372 0.500000
vn 0.612372 -0.612372 0.500000
vn 0.612372 -0.612372 0.500000
vn 0.353553 -0.353553 0.866025
vn 0.353553 -0.353553 0.866025
vn -0.000000 0.000000 1.000000
vn 0.353553 -0.353553 0.866025
vn 0.353553 -0.353553 0.866025
vn 0.353553 -0.353553 0.866025
vn 0.353553 -0.353553 0.866025
vn 0.353553 -0.353553 0.866025
vn 0.353553 -0.353553 0.866025
vn 0.612372 -0.612372 0.500000
vn 0.612372 -0.612372 0.500000
vn 0.707107 -0.707107 -0.000000
vn 0.612372 -0.612372 0.500000
vn 0.612372 -0.612372 0.500000
vn 0.353553 -0.353553 0.866025
vn 0.353553 -0.353553 0.866025
vn 0.353553 -0.353553 0.866025
vn 0.353553 -0.353553 0.866025
vn 0.612372 -0.612372 0.500000
vn 0.612372 -0.612372 0.500000
vn 0.612372 -0.612372 0.500000
vn 0.612372 -0.612372 0.500000
vn 0.353553 -0.353553 0.866025
vn 0.612372 -0.612372 0.500000
vn 0.353553 -0.353553 0.866025
vn 0.612372 -0.612372 0.500000
vn 0.353553 -0.353553 0.866025
vn 0.612372 -0.612372 0.500000
vn 0.353553 -0.353553 0.866025
vn 0.612372 -0.612372 0.500000
vn -0.000000 0.000000 1.000000
vn -0.353553 0.353553 0.866025
vn -0.353553 0.353553 0.866025
vn -0.353553 0.353553 0.866025
vn -0.612372 0.612372 0.500000
vn -0.612372 0.612372 0.500000
vn -0.707107 0.707107 -0.000000
vn -0.612372 0.612372 0.500000
vn -0.612372 0.612372 0.500000
vn -0.353553 0.353553 0.866025
vn -0.353553 0.353553 0.866025
vn -0.467430 0.467430 0.750346
vn -0.353553 0.353553 0.866025
vn -0.353553 0.353553 0.866025
vn -0.353553 0.353553 0.866025
vn -0.612372 0.612372 0.500000
vn -0.612372 0.612372 0.500000
vn -0.707107 0.707107 -0.000000
vn -0.612372 0.612372 0.500000
vn -0.612372 0.612372 0.500000
vn -0.612372 0.612372 0.500000
vn -0.612372 0.612372 0.500000
vn -0.353553 0.353553 0.866025
vn -0.353553 0.353553 0.866025
vn 0.353553 -0.353553 -0.866025
vn 0.353553 -0.353553 -0.866025
vn 0.000000 -0.000000 -1.000000
vn 0.353553 -0.353553 -0.866025
vn 0.353553 -0.353553 -0.866025
vn 0.612372 -0.612372 -0.500000
vn 0.612372 -0.612372 -0.500000
vn 0.707107 -0.707107 -0.000000
vn 0.612372 -0.612372 -0.500000
vn 0.612372 -0.612372 -0.500000
vn 0.353553 -0.353553 -0.866025
vn 0.353553 -0.353553 -0.866025
vn 0.353553 -0.353553 -0.866025
vn 0.353553 -0.353553 -0.866025
vn 0.612372 -0.612372 -0.500000
vn 0.612372 -0.612372 -0.500000
vn 0.707107 -0.707107 -0.000000
vn 0.612372 -0.612372 -0.500000
vn 0.612372 -0.612372 -0.500000
vn 0.612372 -0.612372 -0.500000
vn 0.612372 -0.612372 -0.500000
vn 0.612372 -0.612372 -0.500000
vn 0.612372 -0.612372 -0.500000
vn 0.353553 -0.353553 -0.866025
vn 0.353553 -0.353553 -0.866025
vn 0.000000 -0.000000 -1.000000
vn 0.353553 -0.353553 -0.866025
vn 0.353553 -0.353553 -0.866025
vn 0.612372 -0.612372 -0.500000
vn 0.612372 -0.612372 -0.500000
vn 0.612372 -0.612372 -0.500000
vn 0.612372 -0.612372 -0.500000
vn 0.353553 -0.353553 -0.866025
vn 0.353553 -0.353553 -0.866025
vn 0.353553 -0.353553 -0.866025
vn 0.353553 -0.353553 -0.866025
vn 0.612372 -0.612372 -0.500000
vn 0.353553 -0.353553 -0.866025
vn 0.612372 -0.612372 -0.500000
vn 0.353553 -0.353553 -0.866025
vn 0.612372 -0.612372 -0.500000
vn 0.353553 -0.353553 -0.866025
vn 0.612372 -0.612372 -0.500000
vn 0.353553 -0.353553 -0.866025
vn 0.707107 -0.707107 0.000000
vn 0.707107 -0.707107 0.000000
vn 0.707107 -0.707107 0.000000
vn 0.707107 -0.707107 0.000000
vn 0.707107 0.707107 -0.000000
vn 0.707107 0.707107 -0.000000
vn 0.707107 0.707107 -0.000000
vn 0.707107 0.707107 -0.000000
vn 0.707107 0.707107 -0.000000
vn 0.707107 0.707107 -0.000000
vn 0.707107 0.707107 -0.000000
vn 0.707107 0.707107 -0.000000
vn 0.707107 0.707107 -0.000000
vn 0.707107 0.707107 -0.000000
vn 0.707107 0.707107 -0.000000
vn 0.707107 0.707107 -0.000000
vn 0.707107 0.707107 -0.000000
vn 0.707107 0.707107 -0.000000
vn 0.707107 0.707107 -0.000000
vn 0.707107 0.707107 -0.000000
vn -0.707107 0.707107 -0.000000
vn -0.707107 0.707107 -0.000000
vn -0.707107 0.707107 -0.000000
vn -0.707107 0.707107 -0.000000
vn -0.707107 0.707107 -0.000000
vn -0.707107 0.707107 -0.000000
vn -0.707107 0.707107 -0.000000
vn -0.707107 0.707107 -0.000000
vn -0.263065 -0.263065 -0.928221
vn -0.263538 -0.263538 -0.927952
vn -0.197991 -0.197991 -0.959999
vn -0.264475 -0.264475 -0.927419
vn -0.188285 -0.188285 -0.963897
vn -0.267053 -0.267053 -0.925940
vn -0.272806 -0.272806 -0.922580
vn -0.280889 -0.280889 -0.917716
vn -0.285340 -0.285340 -0.914966
vn -0.313781 -0.313781 -0.896149
vn -0.341603 -0.341603 -0.875565
vn -0.368752 -0.368752 -0.853255
vn -0.131825 -0.131825 -0.982468
vn -0.093747 -0.093747 -0.991172
vn -0.065527 -0.065527 -0.995697
vn -0.000000 -0.000000 -1.000000
vn -0.000000 -0.000000 -1.000000
vn 0.089532 0.089532 -0.991952
vn 0.089532 0.089532 -0.991952
vn 0.179894 0.179894 -0.967097
vn 0.179894 0.179894 -0.967097
vn 0.268719 0.268719 -0.924976
vn 0.268719 0.268719 -0.924976
vn 0.353553 0.353553 -0.866025
vn 0.353553 0.353553 -0.866025
vn 0.432070 0.432070 -0.791600
vn 0.432070 0.432070 -0.791600
vn 0.502277 0.502277 -0.703872
vn 0.502277 0.502277 -0.703872
vn 0.562678 0.562678 -0.605630
vn 0.562678 0.562678 -0.605630
vn 0.612372 0.612372 -0.500000
vn 0.612372 0.612372 -0.500000
vn 0.652210 0.652210 -0.386322
vn 0.652210 0.652210 -0.386322
vn 0.682170 0.682170 -0.263225
vn 0.682170 0.682170 -0.263225
vn 0.700789 0.700789 -0.133376
vn 0.700789 0.700789 -0.133376
vn 0.707107 0.707107 -0.000000
vn 0.707107 0.707107 -0.000000
vn 0.700789 0.700789 0.133376
vn 0.700789 0.700789 0.133376
vn 0.682170 0.682170 0.263225
vn 0.682170 0.682170 0.263225
vn 0.652210 0.652210 0.386322
vn 0.652210 0.652210 0.386322
vn 0.612372 0.612372 0.500000
vn 0.612372 0.612372 0.500000
vn 0.562678 0.562678 0.605630
vn 0.562678 0.562678 0.605630
vn 0.502277 0.502277 0.703872
vn 0.502277 0.502277 0.703872
vn 0.432070 0.432070 0.791600
vn 0.432070 0.432070 0.791600
vn 0.353553 0.353553 0.866025
vn 0.353553 0.353553 0.866025
vn 0.268719 0.268719 0.924976
vn 0.268719 0.268719 0.924976
vn 0.179894 0.179894 0.967097
vn 0.179894 0.179894 0.967097
vn 0.089532 0.089532 0.991952
vn 0.089532 0.089532 0.991952
vn -0.000000 -0.000000 1.000000
vn -0.000000 -0.000000 1.000000
vn -0.842916 0.381608 -0.379300
vn -0.839258 0.385250 -0.383703
vn -0.808145 0.416376 -0.416573
vn -0.801231 0.423272 -0.422929
vn -0.765017 0.459507 -0.451224
vn -0.759454 0.465054 -0.454923
vn -0.719018 0.505517 -0.476934
vn -0.715285 0.509235 -0.478588
vn -0.671545 0.553008 -0.493163
vn -0.669870 0.554670 -0.493575
vn -0.624007 0.600569 -0.499931
vn -0.624437 0.600127 -0.499926
vn -0.579899 0.644655 -0.498133
vn -0.580353 0.644187 -0.498211
vn -0.534961 0.689575 -0.488163
vn -0.535425 0.689096 -0.488331
vn -0.490331 0.734193 -0.469612
vn -0.490787 0.733721 -0.469874
vn -0.447234 0.777286 -0.442502
vn -0.447636 0.776867 -0.442831
vn -0.406882 0.817643 -0.407317
vn -0.407272 0.817236 -0.407743
vn -0.370361 0.854175 -0.364990
vn -0.370699 0.853822 -0.365474
vn -0.338541 0.886013 -0.316813
vn -0.338818 0.885721 -0.317333
vn -0.312004 0.912573 -0.264318
vn -0.312219 0.912345 -0.264850
vn -0.291045 0.933509 -0.209412
vn -0.291221 0.933319 -0.210015
vn -0.274677 0.949859 -0.149400
vn -0.274802 0.949719 -0.150062
vn -0.263719 0.960805 -0.085472
vn -0.263782 0.960725 -0.086171
vn -0.258772 0.965749 -0.019136
vn -0.258767 0.965737 -0.019799
vn -0.260142 0.964382 0.047880
vn -0.260072 0.964436 0.047179
vn -0.267805 0.956731 0.113779
vn -0.267673 0.956847 0.113114
vn -0.281401 0.943153 0.176850
vn -0.281218 0.943321 0.176242
vn -0.300285 0.924292 0.235613
vn -0.300063 0.924501 0.235076
vn -0.323423 0.901131 0.288722
vn -0.323138 0.901402 0.288195
vn -0.351984 0.872552 0.338762
vn -0.351637 0.872883 0.338270
vn -0.385650 0.838874 0.384140
vn -0.385250 0.839258 0.383703
vn -0.423797 0.800723 0.423365
vn -0.423355 0.801148 0.423003
vn -0.465523 0.759002 0.455197
vn -0.465251 0.759257 0.455050
vn -0.509712 0.714824 0.478769
vn -0.509235 0.715285 0.478588
vn -0.555137 0.669417 0.493664
vn -0.554670 0.669870 0.493575
vn -0.600569 0.624007 0.499931
vn -0.579349 0.645189 0.498083
vn -0.599649 0.624901 0.499920
vn -0.872883 0.351637 -0.338270
vn -0.874183 0.350350 -0.336243
vn -0.901532 0.323008 -0.287934
vn -0.901443 0.323105 -0.288102
vn -0.924396 0.300175 -0.235346
vn -0.924501 0.300063 -0.235076
vn -0.942861 0.281685 -0.177952
vn -0.943321 0.281218 -0.176242
vn -0.956049 0.268477 -0.117859
vn -0.956847 0.267673 -0.113114
vn -0.963794 0.260717 -0.055928
vn -0.964436 0.260072 -0.047179
vn -0.965979 0.258525 0.007078
vn -0.964585 0.259904 -0.045012
vn -0.965724 0.258761 0.020497
vn -0.962547 0.261956 0.069868
vn -0.960816 0.263673 0.085493
vn -0.953577 0.270934 0.131475
vn -0.950058 0.274444 0.148561
vn -0.939064 0.285462 0.191494
vn -0.933725 0.290798 0.208793
vn -0.927859 0.296679 0.225961
vn -0.912100 0.312450 0.265422
vn -0.912207 0.312349 0.265173
vn -0.899756 0.324787 0.291468
vn -0.890356 0.334171 0.309185
vn -0.885105 0.339423 0.318404
vn -0.870158 0.354359 0.342426
vn -0.865507 0.359002 0.349306
vn -0.856437 0.368071 0.361994
vn -0.837887 0.386609 0.385330
vn -0.831816 0.392679 0.392281
vn -0.808285 0.416202 0.416474
vn -0.957339 0.267163 -0.110117
vn -0.943979 0.280543 -0.173777
vn -0.924725 0.299825 -0.234498
vn -0.900933 0.323590 -0.289153
vn -0.872173 0.352329 -0.339380
vn -0.838991 0.385498 -0.384039
vn -0.801771 0.422713 -0.422465
vn -0.760994 0.463495 -0.453939
vn -0.717441 0.507061 -0.477669
vn -0.671797 0.552725 -0.493136
vn -0.624899 0.599651 -0.499920
vn -0.579442 0.645081 -0.498114
vn -0.534361 0.690141 -0.488020
vn -0.490255 0.734234 -0.469628
vn -0.448071 0.776414 -0.443186
vn -0.408490 0.815999 -0.409000
vn -0.372172 0.852330 -0.367453
vn -0.339986 0.884537 -0.319380
vn -0.312450 0.912100 -0.265422
vn -0.290803 0.933720 -0.208809
vn -0.274448 0.950054 -0.148580
vn -0.263675 0.960814 -0.085511
vn -0.258761 0.965723 -0.020515
vn -0.259904 0.964585 0.045003
vn -0.267165 0.957337 0.110130
vn -0.280545 0.943978 0.173784
vn -0.299825 0.924725 0.234498
vn -0.319418 0.905109 0.280624
vn -0.342568 0.881940 0.323774
vn -0.368949 0.855545 0.363206
vn -0.398330 0.826157 0.398495
vn -0.430485 0.793999 0.429240
vn -0.464943 0.759547 0.454882
vn -0.501312 0.723188 0.475064
vn -0.539272 0.685244 0.489517
vn -0.559201 0.665325 0.494608
vn 0.850629 -0.373873 0.369662
vn 0.888773 -0.335753 0.312014
vn 0.885721 -0.338818 0.317333
vn 0.912127 -0.312424 0.265359
vn 0.912345 -0.312219 0.264851
vn 0.928309 -0.296224 0.224709
vn 0.933319 -0.291221 0.210015
vn 0.939284 -0.285236 0.190751
vn 0.949719 -0.274802 0.150062
vn 0.954011 -0.270494 0.129213
vn 0.960725 -0.263782 0.086171
vn 0.962973 -0.261524 0.065479
vn 0.965736 -0.258768 0.019849
vn 0.966016 -0.258482 0.000701
vn 0.964436 -0.260072 -0.047180
vn 0.963109 -0.261398 -0.063966
vn 0.956731 -0.267805 -0.113779
vn 0.956847 -0.267673 -0.113115
vn 0.954296 -0.270227 -0.127655
vn 0.943153 -0.281401 -0.176850
vn 0.940735 -0.283810 -0.185663
vn 0.924463 -0.300103 -0.235172
vn 0.924292 -0.300285 -0.235613
vn 0.906952 -0.317596 -0.276713
vn 0.901131 -0.323423 -0.288722
vn 0.890128 -0.334408 -0.309585
vn 0.872552 -0.351984 -0.338762
vn 0.872409 -0.352118 -0.338992
vn 0.853144 -0.371377 -0.366367
vn 0.838874 -0.385650 -0.384140
vn 0.832418 -0.392098 -0.391585
vn 0.810386 -0.414130 -0.414453
vn 0.800723 -0.423797 -0.423365
vn 0.787187 -0.437331 -0.434833
vn 0.759002 -0.465523 -0.455197
vn 0.762924 -0.461597 -0.452631
vn 0.757582 -0.466940 -0.456111
vn 0.750353 -0.474169 -0.460581
vn 0.732952 -0.491567 -0.470258
vn 0.714824 -0.509712 -0.478769
vn 0.715285 -0.509235 -0.478588
vn 0.669417 -0.555137 -0.493664
vn 0.669870 -0.554670 -0.493575
vn 0.624007 -0.600569 -0.499931
vn 0.624437 -0.600127 -0.499926
vn 0.591764 -0.632796 -0.499385
vn 0.592213 -0.632333 -0.499439
vn 0.558921 -0.665624 -0.494522
vn 0.559382 -0.665148 -0.494641
vn 0.525907 -0.698627 -0.485122
vn 0.493794 -0.730731 -0.471381
vn 0.493187 -0.731338 -0.471074
vn 0.681694 -0.542829 -0.490540
vn 0.624900 -0.599650 -0.499920
vn 0.556092 -0.668428 -0.493929
vn 0.964382 -0.260142 -0.047880
vn 0.965749 -0.258772 0.019136
vn 0.960805 -0.263719 0.085472
vn 0.949859 -0.274677 0.149400
vn 0.933509 -0.291045 0.209412
vn 0.912573 -0.312004 0.264318
vn 0.886013 -0.338541 0.316813
vn 0.853822 -0.370698 0.365474
vn 0.817236 -0.407271 0.407743
vn 0.806831 -0.417656 0.417836
vn 0.776839 -0.447665 0.442852
vn 0.758567 -0.465918 0.455517
vn 0.733721 -0.490787 0.469874
vn 0.707092 -0.517404 0.481990
vn 0.689096 -0.535425 0.488331
vn 0.653692 -0.570826 0.496834
vn 0.644187 -0.580353 0.498211
vn 0.599650 -0.624900 0.499920
vn 0.600569 -0.624007 0.499931
vn 0.644655 -0.579899 0.498133
vn 0.689575 -0.534961 0.488163
vn 0.734193 -0.490331 0.469612
vn 0.777286 -0.447234 0.442502
vn 0.817643 -0.406882 0.407317
vn 0.854175 -0.370361 0.364990
vn -0.707107 -0.707107 0.000000
vn -0.707107 -0.707107 0.000000
vn -0.707107 -0.707107 0.000000
vn -0.707107 -0.707107 0.000000
usemtl Opaque(202,209,238)
f 2/1/1 39/2/2 1/3/3
f 1/3/3 39/2/2 44/4/4
f 1/3/3 44/4/4 21/5/5
f 21/5/5 44/4/4 96/6/6
f 21/5/5 96/6/6 20/7/7
f 20/7/7 96/6/6 93/8/8
f 20/7/7 93/8/8 19/9/9
f 19/9/9 93/8/8 90/10/10
f 19/9/9 90/10/10 18/11/11
f 18/11/11 90/10/10 87/12/12
f 18/11/11 87/12/12 17/13/13
f 17/13/13 87/12/12 84/14/14
f 17/13/13 84/14/14 16/15/15
f 16/15/15 84/14/14 81/16/16
f 16/15/15 81/16/16 15/17/17
f 15/17/17 81/16/16 78/18/18
f 15/17/17 78/18/18 14/19/19
f 14/19/19 78/18/18 75/20/20
f 14/19/19 75/20/20 13/21/21
f 13/21/21 75/20/20 72/22/22
f 13/21/21 72/22/22 12/23/23
f 12/23/23 72/22/22 36/24/24
f 12/23/23 36/24/24 11/25/25
f 11/26/25 36/27/24 69/28/26
f 11/26/25 69/28/26 10/29/27
f 10/29/27 69/28/26 66/30/28
f 10/29/27 66/30/28 9/31/29
f 9/31/29 66/30/28 63/32/30
f 9/31/29 63/32/30 8/33/31
f 8/33/31 63/32/30 60/34/32
f 8/33/31 60/34/32 7/35/33
f 7/35/33 60/34/32 57/36/34
f 7/35/33 57/36/34 6/37/35
f 6/37/35 57/36/34 54/38/36
f 6/37/35 54/38/36 5/39/37
f 5/39/37 54/38/36 51/40/38
f 5/39/37 51/40/38 4/41/39
f 4/41/39 51/40/38 48/42/40
f 4/41/39 48/42/40 3/43/41
f 3/43/41 48/42/40 45/44/42
f 3/43/41 45/44/42 2/1/1
f 2/1/1 45/44/42 39/2/2
f 23/45/43 42/46/44 22/47/45
f 22/47/45 42/46/44 41/48/46
f 22/47/45 41/48/46 35/49/47
f 35/49/47 41/48/46 47/50/48
f 35/49/47 47/50/48 50/51/49
f 50/51/49 47/50/48 46/52/50
f 50/51/49 46/52/50 49/53/51
f 49/53/51 46/52/50 45/44/42
f 49/53/51 45/44/42 48/42/40
f 24/54/52 95/55/53 23/45/43
f 23/45/43 95/55/53 98/56/54
f 23/45/43 98/56/54 42/46/44
f 42/46/44 98/56/54 97/57/55
f 42/46/44 97/57/55 43/58/56
f 43/58/56 97/57/55 96/6/6
f 43/58/56 96/6/6 44/4/4
f 95/55/53 24/54/52 92/59/57
f 92/59/57 24/54/52 25/60/58
f 92/59/57 25/60/58 89/61/59
f 89/61/59 25/60/58 86/62/60
f 89/61/59 86/62/60 85/63/61
f 85/63/61 86/62/60 82/64/62
f 85/63/61 82/64/62 81/16/16
f 81/16/16 82/64/62 78/18/18
f 25/60/58 26/65/63 86/62/60
f 86/62/60 26/65/63 83/66/64
f 86/62/60 83/66/64 82/64/62
f 82/64/62 83/66/64 79/67/65
f 82/64/62 79/67/65 78/18/18
f 78/18/18 79/67/65 75/20/20
f 26/65/63 27/68/66 83/66/64
f 83/66/64 27/68/66 80/69/67
f 83/66/64 80/69/67 79/67/65
f 79/67/65 80/69/67 76/70/68
f 79/67/65 76/70/68 75/20/20
f 75/20/20 76/70/68 72/22/22
f 80/69/67 27/68/66 77/71/69
f 77/71/69 27/68/66 28/72/70
f 77/71/69 28/72/70 74/73/71
f 74/73/71 28/72/70 29/74/72
f 74/73/71 29/74/72 38/75/73
f 38/76/73 29/77/72 71/78/74
f 38/76/73 71/78/74 70/79/75
f 70/79/75 71/78/74 67/80/76
f 70/79/75 67/80/76 66/30/28
f 66/30/28 67/80/76 63/32/30
f 29/77/72 30/81/77 71/78/74
f 71/78/74 30/81/77 68/82/78
f 71/78/74 68/82/78 67/80/76
f 67/80/76 68/82/78 64/83/79
f 67/80/76 64/83/79 63/32/30
f 63/32/30 64/83/79 60/34/32
f 30/81/77 31/84/80 68/82/78
f 68/82/78 31/84/80 65/85/81
f 68/82/78 65/85/81 64/83/79
f 64/83/79 65/85/81 61/86/82
f 64/83/79 61/86/82 60/34/32
f 60/34/32 61/86/82 57/36/34
f 65/85/81 31/84/80 62/87/83
f 62/87/83 31/84/80 32/88/84
f 62/87/83 32/88/84 59/89/85
f 59/89/85 32/88/84 33/90/86
f 59/89/85 33/90/86 56/91/87
f 56/91/87 33/90/86 53/92/88
f 56/91/87 53/92/88 52/93/89
f 52/93/89 53/92/88 49/53/51
f 52/93/89 49/53/51 48/42/40
f 33/90/86 34/94/90 53/92/88
f 53/92/88 34/94/90 50/51/49
f 53/92/88 50/51/49 49/53/51
f 34/94/90 35/49/47 50/51/49
f 36/27/24 37/95/91 69/28/26
f 69/28/26 37/95/91 70/79/75
f 69/28/26 70/79/75 66/30/28
f 74/73/71 38/75/73 37/96/91
f 37/95/91 38/76/73 70/79/75
f 37/96/91 36/24/24 73/97/92
f 73/97/92 36/24/24 72/22/22
f 73/97/92 72/22/22 76/70/68
f 43/58/56 44/4/4 40/98/93
f 40/98/93 44/4/4 39/2/2
f 40/98/93 39/2/2 46/52/50
f 46/52/50 39/2/2 45/44/42
f 42/46/44 43/58/56 41/48/46
f 41/48/46 43/58/56 40/98/93
f 41/48/46 40/98/93 47/50/48
f 47/50/48 40/98/93 46/52/50
f 48/42/40 51/40/38 52/93/89
f 52/93/89 51/40/38 55/99/94
f 52/93/89 55/99/94 56/91/87
f 56/91/87 55/99/94 59/89/85
f 51/40/38 54/38/36 55/99/94
f 55/99/94 54/38/36 58/100/95
f 55/99/94 58/100/95 59/89/85
f 59/89/85 58/100/95 62/87/83
f 54/38/36 57/36/34 58/100/95
f 58/100/95 57/36/34 61/86/82
f 58/100/95 61/86/82 62/87/83
f 62/87/83 61/86/82 65/85/81
f 77/71/69 74/73/71 73/97/92
f 73/97/92 74/73/71 37/96/91
f 77/71/69 73/97/92 76/70/68
f 80/69/67 77/71/69 76/70/68
f 81/16/16 84/14/14 85/63/61
f 85/63/61 84/14/14 88/101/96
f 85/63/61 88/101/96 89/61/59
f 89/61/59 88/101/96 92/59/57
f 84/14/14 87/12/12 88/101/96
f 88/101/96 87/12/12 91/102/97
f 88/101/96 91/102/97 92/59/57
f 92/59/57 91/102/97 95/55/53
f 87/12/12 90/10/10 91/102/97
f 91/102/97 90/10/10 94/103/98
f 91/102/97 94/103/98 95/55/53
f 95/55/53 94/103/98 98/56/54
f 90/10/10 93/8/8 94/103/98
f 94/103/98 93/8/8 97/57/55
f 94/103/98 97/57/55 98/56/54
f 96/6/6 97/57/55 93/8/8
f 21/104/5 121/105/99 1/106/3
f 1/106/3 121/105/99 120/107/100
f 1/108/3 120/109/100 2/110/1
f 2/110/1 120/109/100 140/111/101
f 2/110/1 140/111/101 3/112/41
f 3/112/41 140/111/101 139/113/102
f 3/112/41 139/113/102 4/114/39
f 4/114/39 139/113/102 138/115/103
f 4/114/39 138/115/103 5/116/37
f 5/116/37 138/115/103 137/117/104
f 5/116/37 137/117/104 6/118/105
f 6/118/105 137/117/104 136/119/106
f 6/118/105 136/119/106 7/120/33
f 7/120/33 136/119/106 135/121/107
f 7/120/33 135/121/107 8/122/31
f 8/122/31 135/121/107 134/123/108
f 8/122/31 134/123/108 9/124/29
f 9/124/29 134/123/108 133/125/109
f 9/124/29 133/125/109 10/126/110
f 10/126/110 133/125/109 132/127/111
f 10/126/110 132/127/111 11/128/112
f 11/128/112 132/127/111 131/129/113
f 11/128/112 131/129/113 12/130/114
f 12/130/114 131/129/113 130/131/115
f 12/130/114 130/131/115 13/132/116
f 13/132/116 130/131/115 129/133/117
f 13/132/116 129/133/117 14/134/19
f 14/134/19 129/133/117 128/135/118
f 14/134/19 128/135/118 15/136/17
f 15/136/17 128/135/118 127/137/119
f 15/136/17 127/137/119 16/138/15
f 16/138/15 127/137/119 126/139/120
f 16/138/15 126/139/120 17/140/121
f 17/140/121 126/139/120 125/141/122
f 17/140/121 125/141/122 18/142/11
f 18/142/11 125/141/122 124/143/123
f 18/142/11 124/143/123 19/144/9
f 19/144/9 124/143/123 123/145/124
f 19/144/9 123/145/124 20/146/7
f 20/146/7 123/145/124 122/147/125
f 20/146/7 122/147/125 21/104/5
f 21/104/5 122/147/125 121/105/99
f 100/148/126 130/131/115 99/149/127
f 99/149/127 130/131/115 131/129/113
f 99/149/127 131/129/113 119/150/128
f 119/150/128 131/129/113 132/127/111
f 119/150/128 132/127/111 118/151/129
f 118/151/129 132/127/111 133/125/109
f 118/151/129 133/125/109 117/152/130
f 117/152/130 133/125/109 134/123/108
f 117/152/130 134/123/108 116/153/131
f 116/153/131 134/123/108 135/121/107
f 116/153/131 135/121/107 115/154/132
f 115/154/132 135/121/107 136/119/106
f 115/154/132 136/119/106 114/155/133
f 114/155/133 136/119/106 137/117/104
f 114/155/133 137/117/104 113/156/134
f 113/156/134 137/117/104 138/115/103
f 113/156/134 138/115/103 112/157/135
f 112/157/135 138/115/103 139/113/102
f 112/157/135 139/113/102 111/158/136
f 111/158/136 139/113/102 140/111/101
f 111/158/136 140/111/101 110/159/137
f 110/159/137 140/111/101 120/109/100
f 110/159/137 120/109/100 109/160/138
f 109/161/138 120/107/100 121/105/99
f 109/161/138 121/105/99 108/162/139
f 108/162/139 121/105/99 122/147/125
f 108/162/139 122/147/125 107/163/140
f 107/163/140 122/147/125 123/145/124
f 107/163/140 123/145/124 106/164/141
f 106/164/141 123/145/124 124/143/123
f 106/164/141 124/143/123 105/165/142
f 105/165/142 124/143/123 125/141/122
f 105/165/142 125/141/122 104/166/143
f 104/166/143 125/141/122 126/139/120
f 104/166/143 126/139/120 103/167/144
f 103/167/144 126/139/120 127/137/119
f 103/167/144 127/137/119 102/168/145
f 102/168/145 127/137/119 128/135/118
f 102/168/145 128/135/118 101/169/146
f 101/169/146 128/135/118 129/133/117
f 101/169/146 129/133/117 100/148/126
f 100/148/126 129/133/117 130/131/115
f 245/170/147 141/171/148 159/172/149
f 159/172/149 141/171/148 142/173/150
f 159/172/149 142/173/150 158/174/151
f 158/174/151 142/173/150 156/175/152
f 158/174/151 156/175/152 157/176/153
f 142/173/150 143/177/154 156/175/152
f 156/178/152 143/179/154 144/180/155
f 156/178/152 144/180/155 155/181/156
f 155/181/156 144/180/155 145/182/157
f 155/181/156 145/182/157 154/183/158
f 154/183/158 145/182/157 146/184/159
f 154/183/158 146/184/159 153/185/160
f 153/185/160 146/184/159 147/186/161
f 153/185/160 147/186/161 152/187/162
f 152/187/162 147/186/161 148/188/163
f 152/187/162 148/188/163 151/189/164
f 151/189/164 148/188/163 149/190/165
f 151/189/164 149/190/165 150/191/166
f 159/172/149 160/192/167 245/170/147
f 245/170/147 160/192/167 244/193/168
f 244/193/168 160/192/167 161/194/169
f 244/193/168 161/194/169 243/195/170
f 243/195/170 161/194/169 162/196/171
f 243/195/170 162/196/171 242/197/172
f 242/197/172 162/196/171 163/198/173
f 242/197/172 163/198/173 241/199/174
f 241/199/174 163/198/173 164/200/175
f 241/199/174 164/200/175 240/201/176
f 240/201/176 164/200/175 239/202/177
f 239/202/177 164/200/175 165/203/178
f 239/202/177 165/203/178 238/204/179
f 238/204/179 165/203/178 166/205/180
f 238/204/179 166/205/180 237/206/181
f 237/206/181 166/205/180 167/207/182
f 237/206/181 167/207/182 236/208/183
f 236/208/183 167/207/182 168/209/184
f 236/208/183 168/209/184 235/210/185
f 235/210/185 168/209/184 234/211/186
f 234/211/186 168/209/184 169/212/187
f 234/211/186 169/212/187 233/213/188
f 233/213/188 169/212/187 170/214/189
f 233/213/188 170/214/189 232/215/190
f 232/215/190 170/214/189 171/216/191
f 232/215/190 171/216/191 231/217/192
f 231/217/192 171/216/191 172/218/193
f 231/217/192 172/218/193 230/219/194
f 230/219/194 172/218/193 173/220/195
f 230/219/194 173/220/195 229/221/196
f 229/221/196 173/220/195 228/222/197
f 228/222/197 173/220/195 174/223/198
f 228/222/197 174/223/198 227/224/199
f 227/224/199 174/223/198 175/225/200
f 227/224/199 175/225/200 226/226/201
f 226/226/201 175/225/200 176/227/202
f 226/226/201 176/227/202 225/228/203
f 225/228/203 176/227/202 177/229/204
f 225/228/203 177/229/204 224/230/205
f 224/230/205 177/229/204 178/231/206
f 224/230/205 178/231/206 223/232/207
f 223/232/207 178/231/206 179/233/208
f 223/232/207 179/233/208 180/234/209
f 223/232/207 180/234/209 222/235/210
f 222/235/210 180/234/209 181/236/211
f 222/235/210 181/236/211 221/237/212
f 221/237/212 181/236/211 182/238/213
f 221/237/212 182/238/213 220/239/214
f 220/239/214 182/238/213 183/240/215
f 220/239/214 183/240/215 219/241/216
f 219/241/216 183/240/215 184/242/217
f 219/241/216 184/242/217 218/243/218
f 218/243/218 184/242/217 185/244/219
f 218/243/218 185/244/219 217/245/220
f 217/245/220 185/244/219 216/246/221
f 216/246/221 185/244/219 186/247/222
f 216/246/221 186/247/222 215/248/223
f 215/248/223 186/247/222 187/249/224
f 215/248/223 187/249/224 214/250/225
f 214/250/225 187/249/224 188/251/226
f 214/250/225 188/251/226 213/252/227
f 213/252/227 188/251/226 189/253/228
f 213/252/227 189/253/228 212/254/229
f 212/254/229 189/253/228 190/255/230
f 212/254/229 190/255/230 211/256/231
f 211/256/231 190/255/230 210/257/232
f 210/257/232 190/255/230 191/258/233
f 210/257/232 191/258/233 209/259/234
f 209/259/234 191/258/233 192/260/235
f 209/259/234 192/260/235 208/261/236
f 208/261/236 192/260/235 193/262/237
f 208/261/236 193/262/237 207/263/238
f 207/263/238 193/262/237 194/264/239
f 207/263/238 194/264/239 206/265/240
f 206/265/240 194/264/239 205/266/241
f 205/266/241 194/264/239 195/267/242
f 205/266/241 195/267/242 204/268/243
f 204/268/243 195/267/242 196/269/244
f 204/268/243 196/269/244 203/270/245
f 203/270/245 196/269/244 197/271/246
f 203/270/245 197/271/246 202/272/247
f 202/272/247 197/271/246 201/273/248
f 201/273/248 197/271/246 198/274/249
f 201/273/248 198/274/249 200/275/250
f 200/275/250 198/274/249 199/276/251
f 246/277/252 247/278/253 265/279/254
f 265/279/254 247/278/253 248/280/255
f 265/279/254 248/280/255 249/281/256
f 249/281/256 250/282/257 265/279/254
f 265/279/254 250/282/257 251/283/258
f 265/279/254 251/283/258 252/284/259
f 252/284/259 253/285/260 265/279/254
f 265/279/254 253/285/260 254/286/261
f 265/279/254 254/286/261 255/287/262
f 255/287/262 256/288/263 265/279/254
f 265/279/254 256/288/263 257/289/264
f 265/279/254 257/289/264 258/290/265
f 265/279/254 258/290/265 264/291/266
f 264/291/266 258/290/265 259/292/267
f 264/291/266 259/292/267 260/293/268
f 260/293/268 261/294/269 264/291/266
f 264/291/266 261/294/269 262/295/270
f 264/291/266 262/295/270 263/296/271
f 263/296/271 150/297/272 264/291/266
f 264/291/266 150/297/272 149/298/273
f 264/291/266 149/298/273 148/299/274
f 148/299/274 147/300/275 264/291/266
f 264/291/266 147/300/275 146/301/276
f 264/291/266 146/301/276 145/302/277
f 267/303/278 277/304/279 266/305/280
f 266/305/280 277/304/279 278/306/281
f 266/305/280 278/306/281 279/307/282
f 279/307/282 278/306/281 285/308/283
f 279/307/282 285/308/283 286/309/284
f 286/309/284 285/308/283 273/310/285
f 286/309/284 273/310/285 287/311/286
f 287/311/286 273/310/285 288/312/287
f 287/311/286 288/312/287 281/313/288
f 281/313/288 288/312/287 282/314/289
f 281/313/288 282/314/289 276/315/290
f 276/315/290 282/314/289 275/316/291
f 275/316/291 282/314/289 274/317/292
f 274/317/292 282/314/289 288/312/287
f 274/317/292 288/312/287 273/310/285
f 277/304/279 267/303/278 283/318/293
f 283/318/293 267/303/278 268/319/294
f 283/318/293 268/319/294 269/320/295
f 269/320/295 270/321/296 283/318/293
f 283/318/293 270/321/296 284/322/297
f 283/318/293 284/322/297 277/304/279
f 277/304/279 284/322/297 278/306/281
f 271/323/298 273/310/285 270/321/296
f 270/321/296 273/310/285 285/308/283
f 270/321/296 285/308/283 284/322/297
f 284/322/297 285/308/283 278/306/281
f 271/323/298 272/324/299 273/310/285
f 281/313/288 276/315/290 280/325/300
f 280/325/300 276/315/290 266/305/280
f 280/325/300 266/305/280 279/307/282
f 287/311/286 281/313/288 280/325/300
f 287/311/286 280/325/300 286/309/284
f 286/309/284 280/325/300 279/307/282
f 310/326/301 289/327/302 276/328/303
f 276/328/303 289/327/302 290/329/304
f 276/328/303 290/329/304 291/330/305
f 291/330/305 266/331/306 276/328/303
f 292/332/307 303/333/308 276/328/303
f 276/328/303 303/333/308 304/334/309
f 276/328/303 304/334/309 305/335/310
f 141/336/311 245/337/312 292/332/307
f 292/332/307 245/337/312 244/338/313
f 292/332/307 244/338/313 243/339/314
f 243/339/314 293/340/315 292/332/307
f 292/332/307 293/340/315 294/341/316
f 292/332/307 294/341/316 295/342/317
f 295/342/317 296/343/318 292/332/307
f 292/332/307 296/343/318 297/344/319
f 292/332/307 297/344/319 298/345/320
f 298/345/320 299/346/321 292/332/307
f 292/332/307 299/346/321 300/347/322
f 292/332/307 300/347/322 301/348/323
f 301/348/323 302/349/324 292/332/307
f 292/332/307 302/349/324 303/333/308
f 305/335/310 306/350/325 276/328/303
f 276/328/303 306/350/325 307/351/326
f 276/328/303 307/351/326 308/352/327
f 308/352/327 309/353/328 276/328/303
f 276/328/303 309/353/328 310/326/301
f 312/354/329 317/355/330 311/356/331
f 311/356/331 317/355/330 318/357/332
f 311/356/331 318/357/332 319/358/333
f 319/358/333 318/357/332 326/359/334
f 319/358/333 326/359/334 327/360/335
f 327/360/335 326/359/334 265/361/336
f 327/360/335 265/361/336 328/362/337
f 328/362/337 265/361/336 329/363/338
f 328/362/337 329/363/338 321/364/339
f 321/364/339 329/363/338 322/365/340
f 321/364/339 322/365/340 316/366/341
f 316/366/341 322/365/340 323/367/342
f 316/366/341 323/367/342 315/368/343
f 315/368/343 323/367/342 314/369/344
f 314/369/344 323/367/342 330/370/345
f 314/369/344 330/370/345 265/361/336
f 265/361/336 330/370/345 329/363/338
f 317/355/330 312/354/329 324/371/346
f 324/371/346 312/354/329 313/372/347
f 324/371/346 313/372/347 325/373/348
f 325/373/348 313/372/347 326/359/334
f 325/373/348 326/359/334 318/357/332
f 246/374/349 265/361/336 313/372/347
f 313/372/347 265/361/336 326/359/334
f 321/364/339 316/366/341 320/375/350
f 320/375/350 316/366/341 311/356/331
f 320/375/350 311/356/331 319/358/333
f 325/373/348 318/357/332 317/355/330
f 324/371/346 325/373/348 317/355/330
f 328/362/337 321/364/339 320/375/350
f 328/362/337 320/375/350 327/360/335
f 327/360/335 320/375/350 319/358/333
f 330/370/345 323/367/342 322/365/340
f 330/370/345 322/365/340 329/363/338
f 273/376/351 272/377/352 335/378/353
f 335/378/353 272/377/352 331/379/354
f 335/378/353 331/379/354 332/380/355
f 335/378/353 332/380/355 334/381/356
f 334/381/356 332/380/355 333/382/357
f 334/381/356 333/382/357 311/383/358
f 311/383/358 316/384/359 334/381/356
f 199/385/360 198/386/361 336/387/362
f 336/387/362 198/386/361 197/388/363
f 336/387/362 197/388/363 196/389/364
f 196/389/364 195/390/365 336/387/362
f 336/387/362 195/390/365 194/391/366
f 336/387/362 194/391/366 193/392/367
f 193/392/367 192/393/368 336/387/362
f 336/387/362 192/393/368 191/394/369
f 336/387/362 191/394/369 190/395/370
f 336/387/362 190/395/370 337/396/371
f 337/396/371 190/395/370 189/397/372
f 337/396/371 189/397/372 188/398/373
f 188/398/373 187/399/374 337/396/371
f 337/396/371 187/399/374 186/400/375
f 337/396/371 186/400/375 185/401/376
f 185/401/376 184/402/377 337/396/371
f 337/396/371 184/402/377 183/403/378
f 337/396/371 183/403/378 182/404/379
f 182/404/379 181/405/380 337/396/371
f 145/406/381 346/407/382 264/408/383
f 264/408/383 346/407/382 347/409/384
f 264/408/383 347/409/384 348/410/385
f 348/410/385 347/409/384 357/411/386
f 348/410/385 357/411/386 358/412/387
f 358/412/387 357/411/386 338/413/388
f 358/412/387 338/413/388 339/414/389
f 144/415/390 341/416/391 145/406/381
f 145/406/381 341/416/391 342/417/392
f 145/406/381 342/417/392 343/418/393
f 343/418/393 342/417/392 352/419/394
f 343/418/393 352/419/394 353/420/395
f 353/420/395 352/419/394 143/421/154
f 353/420/395 143/421/154 354/422/396
f 354/422/396 143/421/154 338/413/388
f 354/422/396 338/413/388 355/423/397
f 355/423/397 338/413/388 356/424/398
f 355/423/397 356/424/398 346/407/382
f 346/407/382 356/424/398 347/409/384
f 341/416/391 144/415/390 350/425/399
f 350/425/399 144/415/390 143/421/154
f 350/425/399 143/421/154 351/426/400
f 351/426/400 143/421/154 352/419/394
f 351/426/400 352/419/394 342/417/392
f 358/412/387 339/414/389 349/427/401
f 349/427/401 339/414/389 340/428/402
f 349/427/401 340/428/402 264/408/383
f 351/426/400 342/417/392 341/416/391
f 350/425/399 351/426/400 341/416/391
f 343/418/393 344/429/403 145/406/381
f 145/406/381 344/429/403 345/430/404
f 145/406/381 345/430/404 346/407/382
f 346/407/382 345/430/404 355/423/397
f 343/418/393 353/420/395 344/429/403
f 344/429/403 353/420/395 354/422/396
f 344/429/403 354/422/396 345/430/404
f 345/430/404 354/422/396 355/423/397
f 349/427/401 264/408/383 348/410/385
f 357/411/386 347/409/384 356/424/398
f 358/412/387 349/427/401 348/410/385
f 338/413/388 357/411/386 356/424/398
f 360/431/405 369/432/406 359/433/407
f 359/433/407 369/432/406 370/434/408
f 359/433/407 370/434/408 368/435/409
f 368/435/409 370/434/408 367/436/410
f 367/436/410 370/434/408 366/437/411
f 366/437/411 370/434/408 372/438/412
f 366/437/411 372/438/412 365/439/413
f 365/439/413 372/438/412 374/440/414
f 365/439/413 374/440/414 364/441/415
f 364/441/415 374/440/414 373/442/416
f 364/441/415 373/442/416 363/443/417
f 363/443/417 373/442/416 362/444/418
f 362/444/418 373/442/416 361/445/419
f 361/445/419 373/442/416 371/446/420
f 361/445/419 371/446/420 360/431/405
f 360/431/405 371/446/420 369/432/406
f 372/438/412 370/434/408 369/432/406
f 372/438/412 369/432/406 371/446/420
f 374/440/414 372/438/412 371/446/420
f 374/440/414 371/446/420 373/442/416
f 375/447/421 115/448/422 363/449/417
f 363/449/417 115/448/422 114/450/423
f 363/449/417 114/450/423 113/451/424
f 376/452/425 99/453/426 375/447/421
f 375/447/421 99/453/426 119/454/427
f 375/447/421 119/454/427 118/455/428
f 364/456/415 104/457/429 376/452/425
f 376/452/425 104/457/429 103/458/430
f 376/452/425 103/458/430 102/459/431
f 363/449/417 110/460/432 364/456/415
f 364/456/415 110/460/432 109/461/433
f 364/456/415 109/461/433 108/462/434
f 118/455/428 117/463/435 375/447/421
f 375/447/421 117/463/435 116/464/436
f 375/447/421 116/464/436 115/448/422
f 113/451/424 112/465/437 363/449/417
f 363/449/417 112/465/437 111/466/438
f 363/449/417 111/466/438 110/460/432
f 108/462/434 107/467/439 364/456/415
f 364/456/415 107/467/439 106/468/440
f 364/456/415 106/468/440 105/469/441
f 105/469/441 104/457/429 364/456/415
f 102/459/431 101/470/442 376/452/425
f 376/452/425 101/470/442 100/471/443
f 376/452/425 100/471/443 99/453/426
f 377/472/444 385/473/445 375/474/421
f 375/474/421 385/473/445 386/475/446
f 375/474/421 386/475/446 376/476/425
f 376/476/425 386/475/446 384/477/447
f 384/477/447 386/475/446 383/478/448
f 383/478/448 386/475/446 388/479/449
f 383/478/448 388/479/449 382/480/450
f 382/480/450 388/479/449 390/481/451
f 382/480/450 390/481/451 381/482/452
f 381/482/452 390/481/451 389/483/453
f 381/482/452 389/483/453 380/484/454
f 380/484/454 389/483/453 379/485/455
f 379/485/455 389/483/453 378/486/456
f 378/486/456 389/483/453 387/487/457
f 378/486/456 387/487/457 377/472/444
f 377/472/444 387/487/457 385/473/445
f 388/479/449 386/475/446 385/473/445
f 388/479/449 385/473/445 387/487/457
f 390/481/451 388/479/449 387/487/457
f 390/481/451 387/487/457 389/483/453
f 380/488/454 391/489/458 381/490/452
f 381/490/452 391/489/458 392/491/459
f 181/492/380 180/493/460 337/494/371
f 337/494/371 180/493/460 399/495/461
f 399/495/461 180/493/460 401/496/462
f 399/495/461 401/496/462 398/497/463
f 398/497/463 401/496/462 403/498/464
f 398/497/463 403/498/464 397/499/465
f 397/499/465 403/498/464 405/500/466
f 397/499/465 405/500/466 391/501/458
f 391/501/458 405/500/466 404/502/467
f 391/501/458 404/502/467 392/503/459
f 392/503/459 404/502/467 396/504/468
f 396/504/468 404/502/467 395/505/469
f 395/505/469 404/502/467 402/506/470
f 395/505/469 402/506/470 394/507/471
f 394/507/471 402/506/470 400/508/472
f 394/507/471 400/508/472 393/509/473
f 393/509/473 400/508/472 179/510/474
f 393/509/473 179/510/474 178/511/475
f 180/493/460 179/510/474 401/496/462
f 401/496/462 179/510/474 400/508/472
f 401/496/462 400/508/472 403/498/464
f 403/498/464 400/508/472 402/506/470
f 403/498/464 402/506/470 405/500/466
f 405/500/466 402/506/470 404/502/467
f 178/511/475 177/512/476 393/509/473
f 177/513/476 176/514/477 393/515/473
f 393/515/473 176/514/477 175/516/478
f 393/515/473 175/516/478 174/517/479
f 174/517/479 173/518/480 393/515/473
f 393/515/473 173/518/480 172/519/481
f 393/515/473 172/519/481 171/520/482
f 171/520/482 170/521/483 393/515/473
f 393/515/473 170/521/483 169/522/484
f 393/515/473 169/522/484 168/523/485
f 393/515/473 168/523/485 406/524/486
f 406/524/486 168/523/485 167/525/487
f 406/524/486 167/525/487 166/526/488
f 166/526/488 165/527/489 406/524/486
f 406/524/486 165/527/489 164/528/490
f 406/524/486 164/528/490 163/529/491
f 163/529/491 162/530/492 406/524/486
f 406/524/486 162/530/492 161/531/493
f 406/524/486 161/531/493 160/532/494
f 160/532/494 159/533/495 406/524/486
f 159/534/495 158/535/496 406/536/486
f 406/536/486 158/535/496 418/537/497
f 406/536/486 418/537/497 416/538/498
f 416/538/498 418/537/497 415/539/499
f 415/539/499 418/537/497 420/540/500
f 415/539/499 420/540/500 414/541/501
f 414/541/501 420/540/500 422/542/502
f 414/541/501 422/542/502 413/543/503
f 413/543/503 422/542/502 421/544/504
f 413/543/503 421/544/504 412/545/505
f 412/545/505 421/544/504 411/546/506
f 411/546/506 421/544/504 410/547/507
f 410/547/507 421/544/504 419/548/508
f 410/547/507 419/548/508 409/549/509
f 409/549/509 419/548/508 417/550/510
f 409/549/509 417/550/510 336/551/362
f 336/551/362 417/550/510 199/552/511
f 199/552/511 417/550/510 408/553/512
f 408/553/512 417/550/510 407/554/513
f 407/554/513 417/550/510 157/555/514
f 157/555/514 417/550/510 418/537/497
f 157/555/514 418/537/497 158/535/496
f 420/540/500 418/537/497 417/550/510
f 420/540/500 417/550/510 419/548/508
f 422/542/502 420/540/500 419/548/508
f 422/542/502 419/548/508 421/544/504
f 359/556/407 368/557/409 412/558/515
f 412/558/515 368/557/409 413/559/503
f 413/560/516 368/561/517 426/562/518
f 426/562/518 368/561/517 367/563/519
f 426/562/518 367/563/519 425/564/520
f 425/564/520 367/563/519 366/565/521
f 425/564/520 366/565/521 365/566/522
f 425/564/520 365/566/522 424/567/523
f 424/567/523 365/566/522 364/568/524
f 424/567/523 364/568/524 423/569/525
f 423/569/525 364/568/524 376/570/526
f 423/569/525 376/570/526 432/571/527
f 432/571/527 376/570/526 431/572/528
f 431/572/528 376/570/526 384/573/529
f 431/572/528 384/573/529 430/574/530
f 430/574/530 384/573/529 383/575/531
f 430/574/530 383/575/531 382/576/532
f 430/574/530 382/576/532 335/577/533
f 335/577/533 382/576/532 381/578/534
f 335/577/533 381/578/534 273/579/535
f 273/579/535 381/578/534 392/580/536
f 273/579/535 392/580/536 396/581/537
f 273/579/535 396/581/537 274/582/538
f 274/582/538 396/581/537 395/583/539
f 274/582/538 395/583/539 394/584/540
f 274/582/538 394/584/540 275/585/541
f 275/585/541 394/584/540 393/586/542
f 275/585/541 393/586/542 276/587/543
f 276/587/543 393/586/542 406/588/544
f 276/587/543 406/588/544 292/589/545
f 292/589/545 406/588/544 429/590/546
f 429/590/546 406/588/544 416/591/547
f 429/590/546 416/591/547 428/592/548
f 428/592/548 416/591/547 415/593/549
f 428/592/548 415/593/549 414/594/550
f 428/592/548 414/594/550 427/595/551
f 427/595/551 414/594/550 413/560/516
f 427/595/551 413/560/516 426/562/518
f 362/596/552 359/597/553 363/598/554
f 363/598/554 359/597/553 336/599/555
f 363/598/554 336/599/555 337/600/556
f 362/596/552 361/601/557 359/597/553
f 359/597/553 361/601/557 360/602/558
f 359/597/553 412/603/559 336/599/555
f 336/599/555 412/603/559 409/604/560
f 409/604/560 412/603/559 410/605/561
f 410/605/561 412/603/559 411/606/562
f 399/607/563 391/608/564 337/600/556
f 337/600/556 391/608/564 380/609/565
f 337/600/556 380/609/565 375/610/566
f 375/610/566 380/609/565 377/611/567
f 377/611/567 380/609/565 378/612/568
f 378/612/568 380/609/565 379/613/569
f 399/607/563 398/614/570 391/608/564
f 391/608/564 398/614/570 397/615/571
f 375/610/566 363/598/554 337/600/556
f 434/616/572 437/617/573 433/618/574
f 433/618/574 437/617/573 438/619/575
f 433/618/574 438/619/575 439/620/576
f 439/620/576 438/619/575 457/621/577
f 439/620/576 457/621/577 458/622/578
f 458/622/578 457/621/577 436/623/579
f 458/622/578 436/623/579 459/624/580
f 459/624/580 436/623/579 460/625/581
f 459/624/580 460/625/581 441/626/582
f 441/626/582 460/625/581 442/627/583
f 441/626/582 442/627/583 433/618/574
f 433/618/574 442/627/583 443/628/584
f 433/618/574 443/628/584 444/629/585
f 444/629/585 443/628/584 462/630/586
f 444/629/585 462/630/586 463/631/587
f 463/631/587 462/630/586 436/623/579
f 463/631/587 436/623/579 426/632/588
f 437/617/573 434/616/572 455/633/589
f 455/633/589 434/616/572 435/634/590
f 455/633/589 435/634/590 436/623/579
f 425/635/591 472/636/592 426/632/588
f 426/632/588 472/636/592 471/637/593
f 426/632/588 471/637/593 470/638/594
f 470/638/594 471/637/593 452/639/595
f 470/638/594 452/639/595 451/640/596
f 451/640/596 452/639/595 423/641/597
f 451/640/596 423/641/597 450/642/598
f 450/642/598 423/641/597 449/643/599
f 450/642/598 449/643/599 468/644/600
f 468/644/600 449/643/599 467/645/601
f 468/644/600 467/645/601 426/632/588
f 426/632/588 467/645/601 466/646/602
f 426/632/588 466/646/602 465/647/603
f 465/647/603 466/646/602 447/648/604
f 465/647/603 447/648/604 446/649/605
f 446/649/605 447/648/604 423/641/597
f 446/649/605 423/641/597 433/618/574
f 472/636/592 425/635/591 454/650/606
f 454/650/606 425/635/591 424/651/607
f 454/650/606 424/651/607 423/641/597
f 438/619/575 437/617/573 456/652/608
f 456/652/608 437/617/573 455/633/589
f 456/652/608 455/633/589 436/623/579
f 441/626/582 433/618/574 440/653/609
f 440/653/609 433/618/574 439/620/576
f 440/653/609 439/620/576 458/622/578
f 459/624/580 441/626/582 440/653/609
f 459/624/580 440/653/609 458/622/578
f 443/628/584 442/627/583 461/654/610
f 461/654/610 442/627/583 460/625/581
f 461/654/610 460/625/581 436/623/579
f 446/649/605 433/618/574 445/655/611
f 445/655/611 433/618/574 444/629/585
f 445/655/611 444/629/585 463/631/587
f 446/649/605 445/655/611 464/656/612
f 464/656/612 445/655/611 463/631/587
f 464/656/612 463/631/587 426/632/588
f 449/643/599 423/641/597 448/657/613
f 448/657/613 423/641/597 447/648/604
f 448/657/613 447/648/604 466/646/602
f 467/645/601 449/643/599 448/657/613
f 467/645/601 448/657/613 466/646/602
f 451/640/596 450/642/598 469/658/614
f 469/658/614 450/642/598 468/644/600
f 469/658/614 468/644/600 426/632/588
f 454/650/606 423/641/597 453/659/615
f 453/659/615 423/641/597 452/639/595
f 453/659/615 452/639/595 471/637/593
f 472/636/592 454/650/606 453/659/615
f 472/636/592 453/659/615 471/637/593
f 436/623/579 457/621/577 456/652/608
f 456/652/608 457/621/577 438/619/575
f 436/623/579 462/630/586 461/654/610
f 461/654/610 462/630/586 443/628/584
f 426/632/588 465/647/603 464/656/612
f 464/656/612 465/647/603 446/649/605
f 426/632/588 470/638/594 469/658/614
f 469/658/614 470/638/594 451/640/596
f 338/660/388 143/661/154 436/662/579
f 436/662/579 143/661/154 426/663/588
f 426/663/588 143/661/154 427/664/616
f 143/665/154 477/666/617 427/667/616
f 427/667/616 477/666/617 478/668/618
f 427/667/616 478/668/618 479/669/619
f 479/669/619 478/668/618 488/670/620
f 479/669/619 488/670/620 489/671/621
f 489/671/621 488/670/620 292/672/622
f 489/671/621 292/672/622 490/673/623
f 490/673/623 292/672/622 429/674/624
f 490/673/623 429/674/624 481/675/625
f 481/675/625 429/674/624 428/676/626
f 481/675/625 428/676/626 427/667/616
f 142/677/627 473/678/628 143/665/154
f 143/665/154 473/678/628 474/679/629
f 143/665/154 474/679/629 475/680/630
f 475/680/630 474/679/629 484/681/631
f 475/680/630 484/681/631 485/682/632
f 485/682/632 484/681/631 141/683/633
f 485/682/632 141/683/633 486/684/634
f 486/684/634 141/683/633 487/685/635
f 486/684/634 487/685/635 477/666/617
f 477/666/617 487/685/635 478/668/618
f 473/678/628 142/677/627 482/686/636
f 482/686/636 142/677/627 141/683/633
f 482/686/636 141/683/633 483/687/637
f 483/687/637 141/683/633 484/681/631
f 483/687/637 484/681/631 474/679/629
f 141/683/633 292/672/622 487/685/635
f 487/685/635 292/672/622 488/670/620
f 487/685/635 488/670/620 478/668/618
f 483/687/637 474/679/629 473/678/628
f 482/686/636 483/687/637 473/678/628
f 477/666/617 143/665/154 476/688/638
f 476/688/638 143/665/154 475/680/630
f 476/688/638 475/680/630 485/682/632
f 486/684/634 477/666/617 476/688/638
f 486/684/634 476/688/638 485/682/632
f 481/675/625 427/667/616 480/689/639
f 480/689/639 427/667/616 479/669/619
f 480/689/639 479/669/619 489/671/621
f 490/673/623 481/675/625 480/689/639
f 490/673/623 480/689/639 489/671/621
f 491/690/640 494/691/641 334/692/642
f 334/692/642 494/691/641 495/693/643
f 334/692/642 495/693/643 496/694/644
f 496/694/644 495/693/643 514/695/645
f 496/694/644 514/695/645 515/696/646
f 515/696/646 514/695/645 493/697/647
f 515/696/646 493/697/647 516/698/648
f 516/698/648 493/697/647 517/699/649
f 516/698/648 517/699/649 498/700/650
f 498/700/650 517/699/649 499/701/651
f 498/700/650 499/701/651 334/692/642
f 334/692/642 499/701/651 500/702/652
f 334/692/642 500/702/652 501/703/653
f 501/703/653 500/702/652 519/704/654
f 501/703/653 519/704/654 520/705/655
f 520/705/655 519/704/654 493/697/647
f 520/705/655 493/697/647 432/706/656
f 494/691/641 491/690/640 512/707/657
f 512/707/657 491/690/640 492/708/658
f 512/707/657 492/708/658 493/697/647
f 431/709/659 529/710/660 432/706/656
f 432/706/656 529/710/660 528/711/661
f 432/706/656 528/711/661 527/712/662
f 527/712/662 528/711/661 509/713/663
f 527/712/662 509/713/663 508/714/664
f 508/714/664 509/713/663 335/715/665
f 508/714/664 335/715/665 507/716/666
f 507/716/666 335/715/665 506/717/667
f 507/716/666 506/717/667 525/718/668
f 525/718/668 506/717/667 524/719/669
f 525/718/668 524/719/669 432/706/656
f 432/706/656 524/719/669 523/720/670
f 432/706/656 523/720/670 522/721/671
f 522/721/671 523/720/670 504/722/672
f 522/721/671 504/722/672 503/723/673
f 503/723/673 504/722/672 335/715/665
f 503/723/673 335/715/665 334/692/642
f 529/710/660 431/709/659 511/724/674
f 511/724/674 431/709/659 430/725/675
f 511/724/674 430/725/675 335/715/665
f 495/693/643 494/691/641 513/726/676
f 513/726/676 494/691/641 512/707/657
f 513/726/676 512/707/657 493/697/647
f 498/700/650 334/692/642 497/727/677
f 497/727/677 334/692/642 496/694/644
f 497/727/677 496/694/644 515/696/646
f 516/698/648 498/700/650 497/727/677
f 516/698/648 497/727/677 515/696/646
f 500/702/652 499/701/651 518/728/678
f 518/728/678 499/701/651 517/699/649
f 518/728/678 517/699/649 493/697/647
f 503/723/673 334/692/642 502/729/679
f 502/729/679 334/692/642 501/703/653
f 502/729/679 501/703/653 520/705/655
f 503/723/673 502/729/679 521/730/680
f 521/730/680 502/729/679 520/705/655
f 521/730/680 520/705/655 432/706/656
f 506/717/667 335/715/665 505/731/681
f 505/731/681 335/715/665 504/722/672
f 505/731/681 504/722/672 523/720/670
f 524/719/669 506/717/667 505/731/681
f 524/719/669 505/731/681 523/720/670
f 508/714/664 507/716/666 526/732/682
f 526/732/682 507/716/666 525/718/668
f 526/732/682 525/718/668 432/706/656
f 511/724/674 335/715/665 510/733/683
f 510/733/683 335/715/665 509/713/663
f 510/733/683 509/713/663 528/711/661
f 529/710/660 511/724/674 510/733/683
f 529/710/660 510/733/683 528/711/661
f 493/697/647 514/695/645 513/726/676
f 513/726/676 514/695/645 495/693/643
f 493/697/647 519/704/654 518/728/678
f 518/728/678 519/704/654 500/702/652
f 432/706/656 522/721/671 521/730/680
f 521/730/680 522/721/671 503/723/673
f 432/706/656 527/712/662 526/732/682
f 526/732/682 527/712/662 508/714/664
f 493/734/684 433/735/685 432/736/686
f 432/736/686 433/735/685 423/737/687
f 435/738/688 434/739/689 436/740/690
f 436/740/690 434/739/689 433/741/691
f 436/740/690 433/741/691 264/742/692
f 264/742/692 433/741/691 493/743/693
f 264/742/692 493/743/693 265/744/694
f 265/744/694 493/743/693 334/745/695
f 265/744/694 334/745/695 316/746/696
f 493/743/693 492/747/697 334/745/695
f 334/745/695 492/747/697 491/748/698
f 315/749/699 314/750/700 316/746/696
f 316/746/696 314/750/700 265/744/694
f 436/740/690 264/742/692 338/751/701
f 338/751/701 264/742/692 340/752/702
f 338/751/701 340/752/702 339/753/703
f 35/754/704 30/755/705 22/756/706
f 22/756/706 30/755/705 29/757/707
f 22/756/706 29/757/707 23/758/43
f 23/758/43 29/757/707 28/759/70
f 23/758/43 28/759/70 24/760/708
f 24/760/708 28/759/70 27/761/709
f 24/760/708 27/761/709 25/762/710
f 25/762/710 27/761/709 26/763/711
f 30/755/705 35/754/704 31/764/80
f 31/764/80 35/754/704 34/765/90
f 31/764/80 34/765/90 32/766/84
f 32/766/84 34/765/90 33/767/86
f 271/768/712 270/769/713 585/770/714
f 585/770/714 270/769/713 269/771/715
f 585/770/714 269/771/715 531/772/716
f 531/772/716 269/771/715 268/773/717
f 531/772/716 268/773/717 267/774/718
f 531/772/716 267/774/718 530/775/719
f 530/775/719 267/774/718 266/776/720
f 530/775/719 266/776/720 291/777/721
f 291/777/721 290/778/722 530/775/719
f 530/775/719 290/778/722 289/779/723
f 585/770/714 531/772/716 584/780/724
f 584/780/724 531/772/716 532/781/725
f 584/780/724 532/781/725 583/782/726
f 583/782/726 532/781/725 533/783/727
f 583/782/726 533/783/727 582/784/728
f 582/784/728 533/783/727 581/785/729
f 581/785/729 533/783/727 534/786/730
f 581/785/729 534/786/730 580/787/731
f 580/787/731 534/786/730 535/788/732
f 580/787/731 535/788/732 579/789/733
f 579/789/733 535/788/732 536/790/734
f 579/789/733 536/790/734 578/791/735
f 578/791/735 536/790/734 537/792/736
f 578/791/735 537/792/736 577/793/737
f 577/793/737 537/792/736 538/794/738
f 577/793/737 538/794/738 576/795/739
f 576/795/739 538/794/738 539/796/740
f 576/795/739 539/796/740 575/797/741
f 575/797/741 539/796/740 540/798/742
f 575/797/741 540/798/742 574/799/743
f 574/799/743 540/798/742 541/800/744
f 574/799/743 541/800/744 573/801/745
f 573/801/745 541/800/744 542/802/746
f 573/801/745 542/802/746 572/803/747
f 572/803/747 542/802/746 543/804/748
f 572/803/747 543/804/748 571/805/749
f 571/805/749 543/804/748 544/806/750
f 571/805/749 544/806/750 570/807/751
f 570/807/751 544/806/750 545/808/752
f 570/807/751 545/808/752 569/809/753
f 569/809/753 545/808/752 546/810/754
f 569/809/753 546/810/754 568/811/755
f 568/811/755 546/810/754 547/812/756
f 568/811/755 547/812/756 567/813/757
f 567/813/757 547/812/756 548/814/758
f 567/813/757 548/814/758 566/815/759
f 566/815/759 548/814/758 549/816/760
f 566/815/759 549/816/760 565/817/761
f 565/817/761 549/816/760 550/818/762
f 565/817/761 550/818/762 564/819/763
f 564/819/763 550/818/762 551/820/764
f 564/819/763 551/820/764 563/821/765
f 563/821/765 551/820/764 552/822/766
f 563/821/765 552/822/766 562/823/767
f 562/823/767 552/822/766 553/824/768
f 562/823/767 553/824/768 561/825/769
f 561/825/769 553/824/768 554/826/770
f 561/825/769 554/826/770 560/827/771
f 560/827/771 554/826/770 555/828/772
f 560/827/771 555/828/772 559/829/773
f 559/829/773 555/828/772 556/830/774
f 559/829/773 556/830/774 558/831/775
f 558/831/775 556/830/774 557/832/776
f 310/833/777 588/834/778 289/835/779
f 289/835/779 588/834/778 586/836/780
f 289/835/779 586/836/780 530/837/781
f 530/837/781 586/836/780 594/838/782
f 530/837/781 594/838/782 531/839/783
f 531/839/783 594/838/782 595/840/784
f 531/839/783 595/840/784 532/841/785
f 532/841/785 595/840/784 596/842/786
f 532/841/785 596/842/786 533/843/787
f 533/843/787 596/842/786 598/844/788
f 533/843/787 598/844/788 534/845/789
f 534/845/789 598/844/788 597/846/790
f 534/845/789 597/846/790 535/847/791
f 535/847/791 597/846/790 599/848/792
f 535/847/791 599/848/792 536/849/793
f 536/849/793 599/848/792 600/850/794
f 536/849/793 600/850/794 537/851/795
f 537/851/795 600/850/794 601/852/796
f 537/851/795 601/852/796 538/853/797
f 538/853/797 601/852/796 602/854/798
f 538/853/797 602/854/798 539/855/799
f 539/855/799 602/854/798 603/856/800
f 539/855/799 603/856/800 540/857/801
f 540/857/801 603/856/800 604/858/802
f 540/857/801 604/858/802 541/859/803
f 541/859/803 604/858/802 606/860/804
f 541/859/803 606/860/804 542/861/805
f 542/861/805 606/860/804 605/862/806
f 542/861/805 605/862/806 543/863/807
f 543/863/807 605/862/806 607/864/808
f 543/863/807 607/864/808 544/865/809
f 544/865/809 607/864/808 608/866/810
f 544/865/809 608/866/810 545/867/811
f 545/867/811 608/866/810 609/868/812
f 545/867/811 609/868/812 546/869/813
f 546/869/813 609/868/812 610/870/814
f 546/869/813 610/870/814 547/871/815
f 547/871/815 610/870/814 611/872/816
f 547/871/815 611/872/816 548/873/817
f 548/873/817 611/872/816 612/874/818
f 548/873/817 612/874/818 549/875/819
f 549/875/819 612/874/818 614/876/820
f 549/875/819 614/876/820 550/877/821
f 550/877/821 614/876/820 613/878/822
f 550/877/821 613/878/822 551/879/823
f 551/879/823 613/878/822 615/880/824
f 551/879/823 615/880/824 552/881/825
f 552/881/825 615/880/824 616/882/826
f 552/881/825 616/882/826 553/883/827
f 553/883/827 616/882/826 617/884/828
f 553/883/827 617/884/828 554/885/829
f 554/885/829 617/884/828 618/886/830
f 554/885/829 618/886/830 555/887/831
f 555/887/831 618/886/830 619/888/832
f 555/887/831 619/888/832 556/889/833
f 556/889/833 619/888/832 620/890/834
f 556/889/833 620/890/834 557/891/835
f 557/891/835 620/890/834 407/892/836
f 557/891/835 407/892/836 157/893/837
f 588/834/778 310/833/777 589/894/838
f 589/894/838 310/833/777 309/895/839
f 589/894/838 309/895/839 587/896/840
f 587/896/840 309/895/839 308/897/841
f 587/896/840 308/897/841 307/898/842
f 587/896/840 307/898/842 590/899/843
f 590/899/843 307/898/842 306/900/844
f 590/899/843 306/900/844 591/901/845
f 591/901/845 306/900/844 305/902/846
f 591/901/845 305/902/846 592/903/847
f 592/903/847 305/902/846 304/904/848
f 592/903/847 304/904/848 593/905/849
f 593/905/849 304/904/848 303/906/850
f 593/905/849 303/906/850 234/907/851
f 234/907/851 303/906/850 235/908/852
f 235/908/852 303/906/850 302/909/853
f 235/908/852 302/909/853 236/910/854
f 236/910/854 302/909/853 301/911/855
f 236/910/854 301/911/855 237/912/856
f 237/912/856 301/911/855 300/913/857
f 237/912/856 300/913/857 238/914/858
f 238/914/858 300/913/857 299/915/859
f 238/914/858 299/915/859 239/916/860
f 239/916/860 299/915/859 298/917/861
f 239/916/860 298/917/861 297/918/862
f 239/916/860 297/918/862 240/919/863
f 240/919/863 297/918/862 296/920/864
f 240/919/863 296/920/864 295/921/865
f 240/919/863 295/921/865 241/922/866
f 241/922/866 295/921/865 294/923/867
f 241/922/866 294/923/867 242/924/868
f 242/924/868 294/923/867 293/925/869
f 242/924/868 293/925/869 243/926/870
f 234/907/851 233/927/871 593/905/849
f 593/905/849 233/927/871 592/903/847
f 233/927/871 232/928/872 592/903/847
f 592/903/847 232/928/872 591/901/845
f 232/928/872 231/929/873 591/901/845
f 591/901/845 231/929/873 590/899/843
f 590/899/843 231/929/873 587/896/840
f 587/896/840 231/929/873 230/930/874
f 587/896/840 230/930/874 589/894/838
f 589/894/838 230/930/874 229/931/875
f 589/894/838 229/931/875 588/834/778
f 588/834/778 229/931/875 228/932/876
f 588/834/778 228/932/876 586/836/780
f 586/836/780 228/932/876 227/933/877
f 586/836/780 227/933/877 226/934/878
f 586/836/780 226/934/878 594/838/782
f 594/838/782 226/934/878 225/935/879
f 594/838/782 225/935/879 595/840/784
f 595/840/784 225/935/879 224/936/880
f 595/840/784 224/936/880 596/842/786
f 596/842/786 224/936/880 223/937/881
f 596/842/786 223/937/881 598/844/788
f 598/844/788 223/937/881 597/846/790
f 223/937/881 222/938/882 597/846/790
f 597/846/790 222/938/882 599/848/792
f 222/938/882 221/939/883 599/848/792
f 599/848/792 221/939/883 600/850/794
f 221/939/883 220/940/884 600/850/794
f 600/850/794 220/940/884 601/852/796
f 220/940/884 219/941/885 601/852/796
f 601/852/796 219/941/885 218/942/886
f 601/852/796 218/942/886 602/854/798
f 602/854/798 218/942/886 217/943/887
f 602/854/798 217/943/887 603/856/800
f 603/856/800 217/943/887 216/944/888
f 603/856/800 216/944/888 604/858/802
f 604/858/802 216/944/888 215/945/889
f 604/858/802 215/945/889 606/860/804
f 606/860/804 215/945/889 605/862/806
f 215/945/889 214/946/890 605/862/806
f 605/862/806 214/946/890 607/864/808
f 214/946/890 213/947/891 607/864/808
f 607/864/808 213/947/891 608/866/810
f 213/947/891 212/948/892 608/866/810
f 608/866/810 212/948/892 609/868/812
f 212/948/892 211/949/893 609/868/812
f 609/868/812 211/949/893 210/950/894
f 609/868/812 210/950/894 610/870/814
f 610/870/814 210/950/894 209/951/895
f 610/870/814 209/951/895 611/872/816
f 611/872/816 209/951/895 208/952/896
f 611/872/816 208/952/896 612/874/818
f 612/874/818 208/952/896 207/953/897
f 612/874/818 207/953/897 614/876/820
f 614/876/820 207/953/897 206/954/898
f 614/876/820 206/954/898 613/878/822
f 613/878/822 206/954/898 205/955/899
f 613/878/822 205/955/899 615/880/824
f 615/880/824 205/955/899 204/956/900
f 615/880/824 204/956/900 616/882/826
f 616/882/826 204/956/900 203/957/901
f 616/882/826 203/957/901 617/884/828
f 617/884/828 203/957/901 202/958/902
f 617/884/828 202/958/902 618/886/830
f 618/886/830 202/958/902 201/959/903
f 618/886/830 201/959/903 200/960/904
f 618/886/830 200/960/904 619/888/832
f 619/888/832 200/960/904 199/961/905
f 619/888/832 199/961/905 620/890/834
f 620/890/834 199/961/905 408/962/906
f 620/890/834 408/962/906 407/892/836
f 151/963/907 150/964/908 621/965/909
f 621/965/909 150/964/908 263/966/910
f 621/965/909 263/966/910 623/967/911
f 623/967/911 263/966/910 262/968/912
f 623/967/911 262/968/912 624/969/913
f 624/969/913 262/968/912 261/970/914
f 624/969/913 261/970/914 625/971/915
f 625/971/915 261/970/914 260/972/916
f 625/971/915 260/972/916 626/973/917
f 626/973/917 260/972/916 259/974/918
f 626/973/917 259/974/918 627/975/919
f 627/975/919 259/974/918 258/976/920
f 627/975/919 258/976/920 628/977/921
f 628/977/921 258/976/920 257/978/922
f 628/977/921 257/978/922 572/979/923
f 572/979/923 257/978/922 629/980/924
f 572/979/923 629/980/924 256/981/925
f 256/981/925 629/980/924 257/978/922
f 572/979/923 256/981/925 573/982/926
f 573/982/926 256/981/925 255/983/927
f 573/982/926 255/983/927 254/984/928
f 573/982/926 254/984/928 574/985/929
f 574/985/929 254/984/928 253/986/930
f 574/985/929 253/986/930 575/987/931
f 575/987/931 253/986/930 252/988/932
f 575/987/931 252/988/932 576/989/933
f 576/989/933 252/988/932 251/990/934
f 576/989/933 251/990/934 250/991/935
f 576/989/933 250/991/935 577/992/936
f 577/992/936 250/991/935 249/993/937
f 577/992/936 249/993/937 248/994/938
f 577/992/936 248/994/938 578/995/939
f 578/995/939 248/994/938 247/996/940
f 578/995/939 247/996/940 579/997/941
f 579/997/941 247/996/940 246/998/942
f 579/997/941 246/998/942 313/999/943
f 313/999/943 312/1000/944 579/997/941
f 579/997/941 312/1000/944 311/1001/945
f 579/997/941 311/1001/945 580/1002/946
f 580/1002/946 311/1001/945 630/1003/947
f 580/1002/946 630/1003/947 581/1004/948
f 581/1004/948 630/1003/947 631/1005/949
f 581/1004/948 631/1005/949 582/1006/950
f 582/1006/950 631/1005/949 632/1007/951
f 582/1006/950 632/1007/951 583/1008/952
f 583/1008/952 632/1007/951 622/1009/953
f 583/1008/952 622/1009/953 584/1010/954
f 584/1010/954 622/1009/953 633/1011/955
f 584/1010/954 633/1011/955 585/1012/956
f 585/1012/956 633/1011/955 272/1013/957
f 585/1012/956 272/1013/957 271/1014/958
f 311/1001/945 333/1015/959 630/1003/947
f 630/1003/947 333/1015/959 631/1005/949
f 333/1015/959 332/1016/960 631/1005/949
f 631/1005/949 332/1016/960 632/1007/951
f 632/1007/951 332/1016/960 622/1009/953
f 622/1009/953 332/1016/960 331/1017/961
f 622/1009/953 331/1017/961 633/1011/955
f 633/1011/955 331/1017/961 272/1013/957
f 572/979/923 571/1018/962 628/977/921
f 628/977/921 571/1018/962 627/975/919
f 571/1018/962 570/1019/963 627/975/919
f 627/975/919 570/1019/963 626/973/917
f 570/1019/963 569/1020/964 626/973/917
f 626/973/917 569/1020/964 625/971/915
f 569/1020/964 568/1021/965 625/971/915
f 625/971/915 568/1021/965 624/969/913
f 568/1021/965 567/1022/966 624/969/913
f 624/969/913 567/1022/966 566/1023/967
f 624/969/913 566/1023/967 623/967/911
f 623/967/911 566/1023/967 565/1024/968
f 623/967/911 565/1024/968 621/965/909
f 621/965/909 565/1024/968 634/1025/969
f 621/965/909 634/1025/969 151/963/907
f 151/963/907 634/1025/969 635/1026/970
f 151/963/907 635/1026/970 152/1027/971
f 152/1027/971 635/1026/970 636/1028/972
f 152/1027/971 636/1028/972 153/1029/973
f 153/1029/973 636/1028/972 637/1030/974
f 153/1029/973 637/1030/974 154/1031/975
f 154/1031/975 637/1030/974 638/1032/976
f 154/1031/975 638/1032/976 155/1033/977
f 155/1033/977 638/1032/976 639/1034/978
f 155/1033/977 639/1034/978 156/1035/979
f 156/1035/979 639/1034/978 558/1036/980
f 558/1036/980 639/1034/978 559/1037/981
f 559/1037/981 639/1034/978 560/1038/982
f 560/1038/982 639/1034/978 638/1032/976
f 560/1038/982 638/1032/976 561/1039/983
f 561/1039/983 638/1032/976 637/1030/974
f 561/1039/983 637/1030/974 562/1040/984
f 562/1040/984 637/1030/974 636/1028/972
f 562/1040/984 636/1028/972 563/1041/985
f 563/1041/985 636/1028/972 635/1026/970
f 563/1041/985 635/1026/970 564/1042/986
f 564/1042/986 635/1026/970 634/1025/969
f 564/1042/986 634/1025/969 565/1024/968
f 557/1043/987 157/1044/988 558/1045/989
f 558/1045/989 157/1044/988 156/1046/990
# 639 vertices
# 1046 texture params
# 990 normals
# 1278 facets

# 1 groups
